Date,Open,High,Low,Close,Volume
2018-01-01,429.8263419401327,431.674007412686,424.73095877558177,425.6490478515625,6580516
2018-01-02,426.5785209104042,430.3541501135948,426.5785209104042,429.7459106445313,4776316
2018-01-03,430.3542432454461,431.10019060040486,424.8916021773755,425.2244262695313,4531288
2018-01-04,425.3047490496545,428.17377730821937,425.3047490496545,426.8884582519531,2373776
2018-01-05,427.5999326405841,428.7590311584251,425.89000316164186,427.7376403808594,2870868
2018-01-08,428.05900631050906,429.3672719591156,426.3949699588998,427.0491027832031,4570308
2018-01-09,427.37041299681744,429.1721569861714,425.76375730885945,427.7605895996094,5305528
2018-01-10,428.1049189943324,428.72464592275054,426.2917155086635,427.8753967285156,4615888
2018-01-11,427.8753674321356,430.5837411904748,426.0506767509695,429.7919006347656,4059096
2018-01-12,429.8951787888621,431.0772239924127,426.911389507359,428.12786865234375,4336708
2018-01-15,429.19510662600845,437.1021646995084,426.87693757778874,435.5758361816406,12576444
2018-01-16,436.8841461693155,438.3875282193037,432.70685213373946,436.1267395019531,6445384
2018-01-17,435.40376003682064,436.67761988297434,433.1085372638274,433.911865234375,2905496
2018-01-18,441.6008143742443,448.4864819580424,440.2351681772657,443.96490478515625,16649540
2018-01-19,444.1599961142325,449.8406719094623,440.51058666645366,448.0733337402344,11455988
2018-01-22,449.8636438500119,456.2902673335836,448.2914219227806,450.6325378417969,8849768
2018-01-23,451.0112037497537,451.4013803524728,446.03058232515406,447.86676025390625,5047796
2018-01-24,448.1536609295431,451.92929057049014,447.7060757508218,449.32421875,4790568
2018-01-25,448.463556076134,454.45408154750754,447.6831747769765,453.29498291015625,8723668
2018-01-29,453.9950402392801,460.63969860490226,453.9950402392801,458.9642028808594,8235892
2018-01-30,458.539539553268,459.4805751281035,455.4065553923223,458.0116271972656,6397560
2018-01-31,456.6115871959247,462.14306802865417,456.0607281713115,460.352783203125,6943348
2018-02-01,460.42164451940994,462.487344818849,455.6705450378416,457.01324462890625,6521420
2018-02-02,455.83115889844953,456.7263012188898,445.61741943672695,447.10931396484375,7346124
2018-02-05,440.22370219805657,444.182961250672,437.4350010878608,439.2711791992187,7926784
2018-02-06,426.9114184521037,438.84657638732375,421.4717519080011,435.35784912109375,10749804
2018-02-07,437.6989232907257,437.6989232907257,427.46223671875,429.8492736816406,8364972
2018-02-08,432.4199026760264,435.7709217959539,428.40326345265566,431.7198486328125,5171444
2018-02-09,424.1341433188812,427.9901000530688,423.2619476194425,424.5013732910156,6408952
2018-02-12,426.9113593200567,432.8789374610897,425.7981820780881,430.73291015625,4381108
2018-02-14,433.7511515369508,435.61027612529034,430.273883907771,432.2248229980469,3577188
2018-02-15,433.72821462682526,434.88731327666255,430.354248525527,431.9379577636719,4915224
2018-02-16,432.39702126185387,434.91027897634115,430.50346248528353,431.1805419921875,3583520
2018-02-19,432.0986181871809,433.246229532636,426.6933855608005,431.0887145996094,3654552
2018-02-20,432.59205918330167,432.8445280538532,426.6359680236531,427.6458435058594,4084068
2018-02-21,428.7360791770057,428.8738149424112,425.12110371002296,426.3146362304687,2753072
2018-02-22,424.6161564726448,426.9113789400645,422.67670469481607,425.3506164550781,13253596
2018-02-23,426.1999356787149,432.6150723231528,424.7080408295101,431.6281433105469,4076748
2018-02-26,433.36094219634145,439.489202906347,432.316632799495,438.7432556152344,4788884
2018-02-27,439.4777421187319,441.0843979196622,436.0922888239147,436.6775817871094,4787328
2018-02-28,433.6937867871956,435.04794567318146,431.042793543088,432.4658203125,4066364
2018-03-01,431.3411996188144,434.5545112975051,428.74758684244375,430.2050476074219,3909840
2018-03-05,430.15910908981544,431.042764104884,426.5096998923859,429.1950988769531,3781464
2018-03-06,429.206616194408,431.4788921190079,422.2061874276008,423.7554626464844,4576828
2018-03-07,422.32093728366175,425.39654101745026,419.6814314256388,420.6224670410156,5628164
2018-03-08,422.2750456455495,426.56710050211,420.48476089312106,425.2702941894531,5518724
2018-03-09,425.7522309432789,428.1163210173147,423.2389738404656,424.8571166992187,4108108
2018-03-12,426.95729631499154,429.0803772173567,425.39656175964086,428.575439453125,6557116
2018-03-13,428.6213295683194,432.5920758395406,425.7637886628719,426.9687805175781,5124200
2018-03-14,425.99330521755167,428.7246256552219,424.1571271778208,427.9442443847656,3680392
2018-03-15,428.1049463674538,433.223304429579,428.1049463674538,431.6855163574219,5870924
2018-03-16,431.5018495661596,431.7543184490371,423.82434116266927,425.30474853515625,7896336
2018-03-19,425.3047689297699,426.91142482966654,423.0439801599151,423.9850158691406,7838740
2018-03-20,423.4915569687617,425.97040882182125,421.23076809434406,422.2062377929687,3657372
2018-03-21,424.1571373044414,427.6458644560809,423.07839388748624,426.658935546875,5921140
2018-03-22,426.6589495961888,431.501863847502,425.7867537706316,428.6902160644531,6673224
2018-03-23,423.847285212324,425.32769257582464,421.6897703740189,422.6767272949219,7190152
2018-03-26,422.29796824229794,436.0922490426559,420.82902032616295,434.5888671875,10501768
2018-03-27,434.66927287201287,435.8627774324587,430.5837653835137,434.3938293457031,6136836
2018-03-28,432.17891580217616,436.0234135463574,430.5952346681094,432.90191650390625,8837508
2018-04-02,433.9118424624804,444.29772496521895,433.9118424624804,443.2533874511719,4596368
2018-04-03,441.58933658289146,441.9910005339466,438.6170345522248,439.74169921875,4079884
2018-04-04,439.0645717542936,441.8188387218239,431.1460542226438,432.2477722167969,3714108
2018-04-05,436.3906463442953,439.30556758665864,433.8429270646995,438.135009765625,4858892
2018-04-06,438.8925292395156,442.16322200249266,437.4236089392023,441.4631958007813,3720008
2018-04-09,440.4073195424967,445.732224717146,439.85646052012,445.0551452636719,4003536
2018-04-10,445.96173105028134,445.96173105028134,439.19082468590494,440.8778076171875,6067236
2018-04-11,439.74168277913503,440.68271839714174,437.3316991629007,440.4187622070313,2870812
2018-04-12,439.7646490383672,443.6435808260447,437.4464798218506,442.7025451660156,4712516
2018-04-13,442.5189195667614,445.2731867009943,440.4761658386344,441.8303527832031,3297172
2018-04-16,440.68272133391974,447.5683888547622,440.6482873927449,445.7551574707031,2847744
2018-04-17,446.0765402394746,447.7979572972549,443.9190252568188,447.2241516113281,2667832
2018-04-18,447.79792215178264,448.3717277926742,442.9894420882527,443.57470703125,2712720
2018-04-19,445.273162385371,446.3748803860429,443.6665066448052,445.0436401367187,3169032
2018-04-20,445.5027503266765,450.09319597661647,443.4714837301494,448.9226379394531,9361380
2018-04-23,454.2245051667131,454.2245051667131,426.9802269532932,444.2976684570313,15304620
2018-04-24,444.1255798339844,447.1208565795414,442.0598794626635,444.1255798339844,5037416
2018-04-25,442.4959480772645,444.8141171813989,438.8465387259209,440.8548583984375,4020592
2018-04-26,439.9483064915128,445.0895830204512,438.6744466622773,443.0353698730469,7847480
2018-04-27,443.6666042691099,444.2404100170006,438.96139713640594,441.4631958007813,5777008
2018-04-30,442.9779523805876,448.670115514692,442.7025368815856,446.2601318359375,4609552
2018-05-02,447.568413762763,453.99503713986934,446.65032470889065,452.0440979003906,7100048
2018-05-03,451.7112833069138,453.2835051436437,446.65030639778325,451.6768493652344,4152772
2018-05-04,452.1588371109957,456.7492821578078,451.3096159844766,456.4049987792969,6881436
2018-05-07,454.83276936084945,456.12957566849417,453.3064408046961,453.8572998046875,5264128
2018-05-08,454.28194142198305,454.4311364972853,448.62421200583066,451.4817810058594,7100564
2018-05-09,448.97998264967543,454.56884417851904,448.97998264967543,454.08685302734375,4327332
2018-05-10,456.4279523916705,458.8149894561435,454.91311110659154,457.3689880371094,7171672
2018-05-11,457.3689536727133,462.9463552780976,455.83116588116104,461.7413635253906,6057068
2018-05-14,462.9923140706474,465.33345804665584,461.8906239800452,464.0366516113281,4742916
2018-05-15,465.2530947613868,473.963453067027,465.1727395584488,467.720458984375,9826684
2018-05-16,466.05641612267107,470.2910904296476,462.9808123679257,464.4038391113281,6841604
2018-05-17,464.51855399925046,469.24670627685646,461.9134823236288,465.4136962890625,6615476
2018-05-18,464.71367828224226,464.71367828224226,459.84781789498646,461.8331909179687,5217460
2018-05-21,462.7397811085677,463.86444568485234,455.8426546274281,457.4493103027344,4848108
2018-05-22,458.7461585983715,462.24637328268335,455.7164757836832,456.7263793945313,3960372
2018-05-23,456.2443964691144,457.667423388858,450.64404726941063,451.5850830078125,5726292
2018-05-24,451.49326119529536,456.8067074609547,449.0258967409779,455.8312377929687,4520744
2018-05-25,456.7492358071305,462.7168137623995,456.72628918779566,461.0412902832031,4759588
2018-05-28,460.83474336794006,470.9796146996522,460.4215921479055,468.7302856445313,5103940
2018-05-29,467.7663728475168,471.14033891263136,465.6547792312056,466.5269470214844,3351244
2018-05-30,463.56609097536256,471.20919333598096,462.78573771631744,470.1419372558594,4866996
2018-05-31,485.07532989995536,498.9346250399541,480.4555648532891,494.1878051757813,39639192
2018-06-01,488.7712094410908,493.85295169425905,485.306385177567,487.5238952636719,21151356
2018-06-04,496.624723265724,498.2416409693798,470.74247931633863,472.6481323242187,88796324
2018-06-05,473.5258957521,477.4411351724008,467.2892132226821,476.6673583984375,17105460
2018-06-06,475.88197651727234,476.9445450138804,472.37096643180786,475.22369384765625,9782000
2018-06-07,478.8848037233652,480.4093486515482,474.2650389635534,476.3439331054687,10563896
2018-06-08,475.60480751567343,476.1245310790101,470.06108950674866,473.3757934570313,6180888
2018-06-11,473.9647678178929,476.5171992601949,470.9388555777833,471.747314453125,7091188
2018-06-12,473.96475460547623,474.1495564791259,470.8464415128933,472.1053161621094,5234256
2018-06-13,473.98790888252705,474.6346872883808,467.54333079783265,469.2410888671875,7897960
2018-06-14,468.9061293747578,472.37095299082745,467.7511881694013,470.6154479980469,16927576
2018-06-15,467.98219915179897,470.9619532457797,467.12755389702687,468.8137512207031,10880816
2018-06-18,468.92924293222256,470.9388576349351,464.0784896589832,466.3999328613281,7487404
2018-06-19,467.7396763444926,471.377741521443,466.4346152035423,467.4047546386719,10981152
2018-06-20,467.9822289921978,475.3738535369907,467.75124072517303,474.9465026855469,9051712
2018-06-21,475.8358128864383,478.3304973589354,472.8445262152204,475.2814636230469,13510704
2018-06-22,475.1312166425984,482.4882141431832,473.49123408641543,481.2293395996094,7848980
2018-06-25,481.1600759134385,484.5671525334726,478.85019345917806,483.9088134765625,6992336
2018-06-26,481.8529883066532,485.7682273625944,480.4208726193036,483.6200256347656,9161932
2018-06-27,483.4583565087407,489.5795444912928,482.76539183147065,487.9857482910156,19126804
2018-06-28,488.5400776406909,494.31478305015537,487.6623111397308,492.2012634277344,37533540
2018-06-29,490.0877242238609,494.31482017982194,486.2533533801284,487.0271301269531,19458120
2018-07-02,487.00410301413217,487.01560731182394,476.5865103053368,478.8963928222656,9864876
2018-07-03,478.8963588925648,481.6104706576619,477.1293214497549,478.19183349609375,6863100
2018-07-04,479.5893344610424,486.93477178954765,477.91466971698816,485.8953247070313,6097992
2018-07-05,486.2302497562905,491.7739675682387,483.3544574200651,490.561279296875,9735968
2018-07-06,488.1474736456412,493.28696214119975,487.69705784273094,488.57476806640625,8121344
2018-07-09,490.1224423500431,492.0049740359738,486.86548545742903,491.0001525878906,6182296
2018-07-10,491.9818154889002,496.5323287992508,490.8499957033113,495.7931213378906,10950736
2018-07-11,495.48136888044365,497.9413712447741,493.1137392608928,496.2205200195313,5857920
2018-07-12,497.294612860939,503.5197917138277,497.0867459800122,500.30902099609375,8020668
2018-07-13,500.8749148485613,506.04908565111,499.65072219908905,503.76226806640625,7161188
2018-07-16,503.4157320597662,505.87579057551153,499.800788773511,500.9788513183594,9017336
2018-07-17,499.6853693283781,503.78541107370506,499.6853693283781,502.8037109375,6361924
2018-07-18,505.1712588690574,512.7938704569307,502.0875434419734,502.6765747070313,17460272
2018-07-19,504.24729285460137,506.6726692059405,501.4754341673567,504.96337890625,5304776
2018-07-20,504.9634323717418,508.8324855323426,501.49860864583064,505.6448364257813,10006964
2018-07-23,496.624700166504,503.09237068030035,493.8644020652311,498.1145629882813,16880132
2018-07-24,495.9317614518598,501.0135028360894,495.9317614518598,498.8768615722656,5208792
2018-07-25,500.0087915707299,502.8153331987695,498.9347185535168,501.3254699707031,7038616
2018-07-26,500.0894854240505,508.9709710111742,500.0894854240505,506.46478271484375,21281092
2018-07-27,508.6245594789073,510.93444195016065,504.6400122159953,508.6707458496094,10554596
2018-07-30,507.9431550555755,507.9431550555755,498.7959979186839,501.2213745117187,7169120
2018-07-31,498.9346328178768,504.9172060891258,496.6363109500549,503.43890380859375,8860944
2018-08-01,499.58138221312873,502.39942749321847,497.0173901636488,498.6343078613281,6071560
2018-08-02,497.4331848398548,497.4793712100606,490.00693533201087,492.0511474609375,8905704
2018-08-03,492.82502711682486,495.9433687136069,488.3091952294277,490.07623291015625,13604008
2018-08-06,489.92615026281806,493.7143355621861,486.4844473893785,488.3785400390625,5744632
2018-08-07,490.8500519324449,493.0444403999076,486.9232515169854,492.2128601074219,7428456
2018-08-08,493.3562771150482,497.0405284297627,492.7094987352827,493.4717712402344,9945380
2018-08-09,494.7767952546945,494.7767952546945,483.8394798609707,489.34857177734375,8944408
2018-08-10,490.5035101963021,490.5728179445599,484.6133102857743,488.4130554199219,5442940
2018-08-13,481.3794774679547,485.98768143658634,480.4555245361544,483.1465148925781,10054252
2018-08-14,484.61332893690906,486.2302466216366,482.1186446588925,482.55755615234375,4935964
2018-08-16,481.1485057104349,482.0031509228926,477.31407835472106,479.4622802734375,10625160
2018-08-17,481.12538444641154,483.46994892787666,478.52676673610694,479.8434448242187,6065328
2018-08-20,479.3005706359222,486.8308093874535,479.3005706359222,484.197509765625,7811136
2018-08-21,484.6133186130302,487.8471539135938,483.37750899429847,484.1629028320313,7776320
2018-08-23,486.2302616597432,486.69223815538186,479.7279650410744,480.4324340820313,12574552
2018-08-24,478.3766979322976,483.5970552909381,477.233317296601,478.111083984375,9714628
2018-08-27,479.7625806003223,482.41894539420946,478.20340996043194,480.5594787597656,12574788
2018-08-28,482.3034805872754,484.6711102213844,480.1783999017254,483.8857727050781,9973532
2018-08-29,483.2620675460361,483.70097907797305,478.7809178414527,480.1091003417969,9873692
2018-08-30,481.28716765195946,482.2803720685994,476.2631729284974,477.244873046875,21827460
2018-08-31,477.9608208272161,480.1667696405464,475.4315110584027,476.1129150390625,15771500
2018-09-03,478.0070468991811,480.21299589575005,476.64423882465894,479.3121643066406,7661608
2018-09-04,479.739482772227,479.9820317179522,473.2949330350529,473.9417114257813,7130536
2018-09-05,474.4036034371991,475.8819054438884,470.1880685472915,472.5672302246094,5641508
2018-09-06,473.294936993587,475.60481955578115,469.5067239522267,474.0340881347656,10402412
2018-09-07,473.7568569043568,475.8357509619576,471.38922756097816,475.1312255859375,5919300
2018-09-10,474.6808711938287,474.6808711938287,467.77431662566136,471.481689453125,8598592
2018-09-11,472.6712439658249,473.0639126927555,460.6252016824562,462.0688781738281,18186536
2018-09-12,462.41533201066864,466.9080416959918,459.5626330790292,464.7136535644531,12246008
2018-09-14,466.56161576081666,470.6154708673356,466.3537206943886,468.8137512207031,10334672
2018-09-17,466.8965856751338,467.27769375032574,459.2046652649598,460.1748046875,9338220
2018-09-18,460.79846145477984,464.25172448275913,457.5761584779329,459.4818115234375,9325736
2018-09-19,460.78693500602895,461.5145536804727,451.92854067860105,453.048828125,16712264
2018-09-21,455.94766588867,461.9417990871098,441.2336989437969,455.10455322265625,22610148
2018-09-24,454.41166052332073,455.5550411467906,442.3425237779434,444.8140869140625,13390792
2018-09-25,444.81407248805726,453.19895744426634,442.3425094320948,450.9814758300781,16682552
2018-09-26,453.418384657201,456.8947691796828,451.6513470608436,454.6310729980469,14726724
2018-09-27,454.9082366369243,458.7426357068956,451.61665428102134,456.4674072265625,18352208
2018-09-28,457.5069158271837,465.5452905858384,456.6984568941782,463.3740234375,14460716
2018-10-01,464.2401525287312,471.67796220147216,461.4682937890556,470.16497802734375,12449588
2018-10-03,469.0100747563108,474.0340691276384,463.5934116438784,469.1717834472656,15332148
2018-10-04,463.82435180991416,466.08804767416245,448.8101173140753,452.2171936035156,17970584
2018-10-05,451.3394730027914,459.66661056844526,448.1518521189439,453.9612121582031,15729180
2018-10-08,453.8918900281421,454.8158429849424,445.80730165613954,449.2721252441406,20128020
2018-10-09,449.13350382569894,453.8918555524348,445.80726779450345,448.2557373046875,12459364
2018-10-10,449.2721241617924,457.8764360512663,447.07773589467826,454.3885192871094,15939932
2018-10-11,444.6523558804239,450.0343930770757,442.9430372885873,447.55126953125,14359904
2018-10-12,449.2721162940171,461.306597677236,448.5791515902217,457.7840270996094,9600320
2018-10-15,459.6666188144326,464.4711857068946,455.1161615551435,463.8359680175781,12585968
2018-10-16,462.6694483261099,466.18045832275254,459.0891305782044,460.30181884765625,9406004
2018-10-17,463.385504590874,464.9793290929983,453.5454111644819,456.109375,7940796
2018-10-19,452.48288974846514,457.55307057051016,452.2749946835595,454.5271301269531,9867348
2018-10-22,465.2103289962515,466.5962584768759,459.3432218889135,461.722412109375,20331160
2018-10-23,455.7398151531274,461.7224164399629,455.7398151531274,458.4770202636719,19428564
2018-10-24,462.900452265223,464.0092071421862,455.6474155873744,460.1863403320313,18072336
2018-10-25,455.87837994235446,462.8080270681406,453.3028554545761,454.7696533203125,29847056
2018-10-26,454.7696322022164,456.7099107498909,450.1960540328579,453.01409912109375,15155712
2018-10-29,453.68403708809814,453.8803714702822,437.7689402904847,444.95269775390625,17044280
2018-10-30,444.6523905454812,446.269308329283,438.7160036751039,441.8227844238281,13828704
2018-10-31,439.3511613528292,443.0123190523262,435.41280086732337,441.59173583984375,23449404
2018-11-01,445.8073112535144,445.8073112535144,437.95371095163904,441.6957092285156,19629052
2018-11-02,444.88332514918386,452.73692486625146,441.6494899715678,450.2999877929687,30092868
2018-11-05,450.404026529986,452.6561621285723,447.655260519016,451.81304931640625,5705296
2018-11-06,451.5819661161844,456.43271869339145,448.7985468110178,449.630126953125,8485588
2018-11-07,452.96795316769334,453.8803454662332,450.4270824462019,452.263427734375,958760
2018-11-09,452.3211957741469,452.7138927310382,447.2625754787403,449.3645629882813,10101620
2018-11-12,450.7735401873466,453.1989166526129,442.8390999617653,443.7399597167969,7907764
2018-11-13,443.2664504745656,447.5859194584138,440.7717661030205,445.28759765625,13350420
2018-11-14,447.7822310003897,452.73691710529465,447.33178704743176,452.2171936035156,26110636
2018-11-15,453.17582555272696,456.7330500241723,446.08446979406,456.2364196777344,10392524
2018-11-16,457.58771961906126,464.979343560409,457.3567313708941,462.9697570800781,15813216
2018-11-19,464.51735380187586,466.8272362175988,462.4153664429294,465.1872253417969,12286428
2018-11-20,464.9793192128589,466.5038359315726,461.7570445983775,464.8522644042969,5705168
2018-11-21,464.92159614681094,467.50865324560334,462.900448976877,466.3075256347656,6545604
2018-11-22,465.03704595839224,470.0610398735022,462.0111058373882,463.2468872070313,12974552
2018-11-26,465.18722235203614,473.9878686600172,464.7598997472352,473.4797058105469,18184436
2018-11-27,471.4585360137514,477.6605361253745,471.38922826633893,476.75970458984375,12895440
2018-11-28,476.99069846713456,484.751925609807,475.85887868923334,482.5921630859375,13021108
2018-11-29,485.3062295296445,493.7141778217399,483.6893120585795,492.2474365234375,31908636
2018-11-30,492.00501575395,493.74898847349215,487.3852503478096,491.64697265625,13040924
2018-12-03,492.23597229726585,494.7768431068717,486.66913278422817,488.1474914550781,10799856
2018-12-04,486.3226933016416,487.6162502035432,480.1322526252294,481.7376098632813,8157420
2018-12-05,479.9935635123268,486.2995537534587,479.5200263408224,484.8905029296875,11798844
2018-12-06,482.6960434717964,485.45634125862006,481.6104101808053,484.3938293457031,11730252
2018-12-07,486.62294831517096,489.2331268903348,480.5248809057129,486.8308715820313,9903920
2018-12-10,477.1985807477893,486.1840570877442,477.1985807477893,482.4766845703125,10915056
2018-12-11,474.9118225084481,478.4459538671218,469.368104735976,475.7318420410156,18905780
2018-12-12,477.4412131184432,482.71931786340303,475.85897723976143,481.6798706054687,11370488
2018-12-13,483.920342703695,490.84998961591975,483.0656975299094,485.3755798339844,7064236
2018-12-14,486.2071117264259,489.2330801526144,482.3149938153921,484.08203125,6158284
2018-12-17,485.99926672999976,492.6055530842507,484.84432550678207,492.0511474609375,8437324
2018-12-18,490.61905075488727,494.0838745596534,485.6759246842009,493.2638549804687,7413968
2018-12-19,492.72101360433726,498.7959589092759,488.2051824508007,490.491943359375,9009896
2018-12-20,487.9742149740131,494.41876427668893,485.6873975745766,493.7257995605469,7980476
2018-12-21,492.9288910546335,496.41683594334575,487.1657458985793,487.6507873535156,10220308
2018-12-24,485.9991880166274,485.9991880166274,479.84337485133034,480.6055908203125,5601488
2018-12-26,479.7625757694625,491.311987800504,477.91466984449585,490.2379150390625,7601916
2018-12-27,492.69796244556983,493.8990901282699,484.7173067212322,486.2418518066406,11639868
2018-12-28,489.0830199753058,493.79515797106126,488.6556691323962,490.3649597167969,9415612
2018-12-31,493.62186939149416,493.62186939149416,488.93279683591265,490.0877380371094,5866528
2019-01-01,491.4621881932904,496.8557870537168,486.36894176726133,496.1859436035156,6373440
2019-01-02,494.9615902314031,496.04722363304194,489.62573956409926,491.658447265625,8134232
2019-01-03,490.6652572961889,491.6007710406543,485.7683173962157,487.801025390625,12771664
2019-01-04,488.5979162090724,491.6585106493372,487.4660962942707,489.1060791015625,7287120
2019-01-07,491.47369330172415,493.2407872685704,489.23311853240006,489.84521484375,5387012
2019-01-08,490.15705669147314,490.50353905953966,484.30148211370266,485.7682800292969,8343460
2019-01-09,489.2331683046702,490.0070015863024,485.6759714136336,488.95599365234375,8568628
2019-01-10,489.0021575790235,490.5728890615912,483.3775707622233,487.0387573242187,7691540
2019-01-11,488.262977676468,490.61904656486416,486.92323453801015,487.8240661621094,6408040
2019-01-14,487.3620739132169,487.3620739132169,484.71726979567023,485.4564208984375,4855160
2019-01-15,486.2417932263523,491.1964795665827,485.5372678339793,490.1339111328125,5087556
2019-01-16,489.7067073237545,490.8500880147585,486.98103437981865,489.7413330078125,5252452
2019-01-17,490.90771561442017,493.3677176052857,488.1589783479315,492.53619384765625,8240228
2019-01-18,493.15993838292894,494.0838914290797,488.43623971320727,492.062744140625,5207976
2019-01-21,494.30326491907425,500.4360138706636,491.1964844200167,496.1973571777344,17561512
2019-01-22,495.70077032001814,495.8855721934548,491.7855308732403,493.3562622070313,8796976
2019-01-23,492.928949178301,493.3563000187755,485.4102700009112,486.3226623535156,7624288
2019-01-24,487.3852518739223,490.0762426739769,484.5902712370074,485.5950927734375,10111572
2019-01-25,483.4584024443881,487.38520265535544,482.76543770127626,484.1513671875,11262236
2019-01-28,482.76536610611294,485.5487853568815,479.7047722779282,481.4140625,15360436
2019-01-29,480.05134860739827,481.1485428361413,474.21889507565913,475.2814636230469,14762788
2019-01-30,475.20055634024715,475.20055634024715,468.4441503259308,469.99176025390625,18514160
2019-01-31,469.13710686397934,482.7076657159039,467.05821274198235,480.4439697265625,16579404
2019-02-01,480.4440384605572,489.00216509918914,479.6702615961709,482.8694152832031,15654188
2019-02-04,483.9203921630032,488.0781807352867,481.067664668462,486.2071533203125,7938288
2019-02-05,486.9232190715277,489.46408975928233,484.38234838377304,488.3207092285156,8690288
2019-02-06,488.8288876878888,491.3120113938048,488.21679137829545,490.30718994140625,10875684
2019-02-07,490.8615338686915,492.004914292198,486.4265712721034,489.059814453125,7217308
2019-02-08,487.847187618108,495.4582392333321,486.6113779139963,490.30718994140625,12235644
2019-02-11,488.1475019639194,494.9847206353346,488.1475019639194,494.2340087890625,7036364
2019-02-12,493.8529133519144,496.1627960149262,490.8038795154628,491.9356994628906,9772388
2019-02-14,494.3148267014555,494.3148267014555,486.36885391379303,487.4313659667969,7441388
2019-02-15,486.7731303178803,486.9463715121861,480.0397887296908,485.2254638671875,8416524
2019-02-18,486.6460139737432,489.23307086959113,481.8414475136766,482.7422790527344,7138744
2019-02-19,482.6961438433212,486.9578658574158,480.0397789182585,481.3910827636719,5268636
2019-02-20,482.41891990025937,487.61615509190693,480.8943750199317,487.0040588378906,4892500
2019-02-21,485.4679641684072,489.6834994740693,483.59699329356835,488.74798583984375,5261544
2019-02-22,489.5564518064753,491.5660946032409,482.5575532706973,483.100341796875,8890708
2019-02-25,483.9550487179139,491.99345174920103,483.9550487179139,490.94244384765625,8140596
2019-02-26,487.67392434008633,490.8500126572805,485.3294162488394,487.5353088378906,9607428
2019-02-27,488.7942175926352,490.72293548301457,482.3380514290088,483.2851257324219,7030092
2019-02-28,483.4814654995402,486.42656530246967,478.8847660886068,479.88958740234375,11645376
2019-03-01,481.8991828925615,485.2831378207383,479.7625418180229,481.2293395996094,9352928
2019-03-05,482.5113312976141,487.6393155458219,478.1456759442649,486.7153625488281,11837276
2019-03-06,487.3852198246016,487.4545275800774,482.8925095272168,486.0570373535156,8458044
2019-03-07,487.2928239049321,492.0049615425417,483.9203729725938,491.1965026855469,10204852
2019-03-08,488.5517298240793,492.0049930269297,487.25817301266454,491.5892028808594,7053460
2019-03-11,492.4669922945641,495.16954377843206,490.2032959668311,491.64697265625,9224108
2019-03-12,495.931746164372,502.3994168176568,493.6218637881989,501.4754638671875,15097292
2019-03-13,502.3994295362836,516.0277359007162,501.72958618768087,514.306884765625,57166348
2019-03-14,518.533876527493,519.1459726920248,510.6225307812408,513.8909912109375,15379864
2019-03-15,515.3347626341961,522.0103002023125,514.6533586059842,520.41650390625,12763088
2019-03-18,522.4722805978627,529.3441807786268,519.0305783588917,522.3683471679688,14358720
2019-03-19,524.2278989216364,525.7062013490291,519.9546157623281,523.8236694335938,11957992
2019-03-20,524.1123446165452,531.2729804398651,522.2759992889655,531.0419921875,11711992
2019-03-22,531.2730086848702,532.8899265373893,524.5281626359426,525.763916015625,30403880
2019-03-25,522.0334303453317,528.4664754846877,520.4165126407222,526.9534912109375,9199260
2019-03-26,525.7061357756141,534.737798910776,524.9439196652776,533.8947143554688,11786848
2019-03-27,535.5577102303214,537.7520981624515,526.4336761967279,531.1458129882812,13885300
2019-03-28,530.9957248657704,537.0476048764089,528.4664151666869,531.919677734375,19554328
2019-04-01,537.1054379661791,538.6646086817029,532.3355530753938,533.9986572265625,9647076
2019-04-02,535.8927672844236,535.8927672844236,527.9121115618736,530.0834350585938,10910496
2019-04-03,529.4481468088637,534.9687429720723,528.558819562109,529.5982666015625,7659452
2019-04-04,529.5981981714385,534.2757092445916,526.6530986068607,527.5654907226562,9211552
2019-04-05,528.454865654182,534.4489987373114,527.1151226876476,532.5664672851562,8351180
2019-04-08,535.661675641453,536.5740678205942,526.6762565505768,528.8244018554688,6398132
2019-04-09,530.4876435790404,531.9659458385138,523.6503687433394,528.327880859375,10777600
2019-04-10,519.7236148415145,527.577216132453,515.3348376495196,516.8016357421875,108128700
2019-04-11,518.5454583428099,522.7263678904519,516.7091131810862,521.4559326171875,8793300
2019-04-12,520.2086210496088,524.8514506873962,520.2086210496088,523.24609375,9170444
2019-04-15,524.343322746582,529.6329310661829,523.0382617033592,528.6859130859375,10219780
2019-04-16,529.18255705004,533.5597734147959,526.7225545730256,532.4395141601562,8273776
2019-04-18,534.2758588802943,534.7493961039835,528.5011522343767,529.8062133789062,10614856
2019-04-22,537.0476794964162,537.0476794964162,522.2644315446869,524.0430297851562,20980420
2019-04-23,526.0873106657133,528.963103157431,517.7832941896289,518.637939453125,15282400
2019-04-24,519.7234983597948,527.5539765109722,519.0420943851115,526.5953979492188,12354128
2019-04-25,528.2469852326841,530.9957791338759,521.5598869414544,522.830322265625,18086636
2019-04-26,523.3963565708614,527.8082555753534,521.3174619099519,526.8727416992188,11707568
2019-04-30,527.8081534721656,535.8927422562031,526.2836084583007,535.3037109375,12536836
2019-05-02,536.7012381109954,545.0514414014978,535.3153085096759,544.1621704101562,17169300
2019-05-03,546.1024829106984,549.2901324686778,544.3238844249114,546.9686889648438,12351520
2019-05-06,542.3604362688052,543.2612679283291,535.2113608769498,537.8446044921875,13748092
2019-05-07,543.2612658749752,544.670316817744,535.4307864221928,536.4356079101562,9924204
2019-05-08,536.481824726664,536.7705600679095,528.5011686159119,532.9476928710938,12064208
2019-05-09,531.272913827915,531.272913827915,524.7128708407009,529.1708984375,9027724
2019-05-10,529.2749106955378,537.0245208044392,529.2749106955378,530.4644775390625,10594200
2019-05-13,530.3604913624519,534.3565986780401,526.6531193096431,528.3162231445312,11071632
2019-05-14,530.5107353483494,533.8138788066209,525.6253561157667,528.47802734375,10494744
2019-05-15,530.3490688928836,532.9361262429052,527.1614194823119,528.2008666992188,8956348
2019-05-16,526.7801985421384,535.6616843585377,526.6531437419,533.73291015625,8050136
2019-05-17,534.27582491642,547.2804747350457,533.9524639222525,545.6173706054688,14758780
2019-05-20,556.2196523785329,563.3109796911817,549.7519820020383,561.84423828125,17699632
2019-05-21,563.1493486146794,565.7825920843898,554.2447403757037,555.2264404296875,10325176
2019-05-22,557.1090631649621,560.3775245201114,553.0436471897266,555.7000122070312,11386660
2019-05-23,556.4506557438317,563.5881696174722,535.6848360632646,538.6876831054688,33081996
2019-05-24,545.0629191832495,551.1725466343315,540.5470879738024,548.2159423828125,13692800
2019-05-27,549.4978884885355,559.4303825719259,547.9618392865723,556.300537109375,12049024
2019-05-28,558.183016238656,558.9914749834668,551.3804246503265,558.1137084960938,7364840
2019-05-29,556.7279634712199,561.4863447872166,556.7279634712199,558.2755737304688,7475216
2019-05-30,558.067661242843,565.4361645105796,557.3862571239403,563.5074462890625,9359200
2019-05-31,567.4919248978302,569.3860172057554,544.3931006704162,560.2273559570312,19785080
2019-06-03,560.6085100755325,568.1849363235506,560.1349728612279,567.561279296875,8480860
2019-06-04,567.0762327667715,569.5593568002715,563.8539575090007,566.4525756835938,6442988
2019-06-06,566.6602842852101,570.5408976206226,557.455437647617,559.7653198242188,15634924
2019-06-07,560.2964945559432,566.9027795129236,556.4505636535125,565.3782348632812,7970932
2019-06-10,570.5294323631299,570.5294323631299,561.7865606984424,563.6575317382812,7077140
2019-06-11,566.26772190882,568.2080007440032,563.6922253558112,565.5516357421875,7103292
2019-06-12,564.7661610820106,565.5514984213698,559.8345403490673,560.6199340820312,7308620
2019-06-13,562.6757524559237,566.3831247264316,558.055987980178,564.6968994140625,11107948
2019-06-14,564.2927772878935,567.9885895710208,560.1465491614841,562.4795532226562,11956920
2019-06-17,562.456399553773,563.5882194430669,558.3679187289638,559.4535522460938,12810020
2019-06-18,558.5296254763128,561.7634611904024,555.2957897622234,558.3563842773438,12419652
2019-06-19,560.6084924207678,564.7431596096466,558.2293021260025,560.9203491210938,10744276
2019-06-20,564.4066813628883,566.4171256891249,561.2108522786759,563.9418334960938,11171492
2019-06-21,563.8604726996228,564.7204299200428,559.1306228711246,561.1178588867188,13250260
2019-06-24,560.5948973113595,564.9296377350446,560.1416819880365,561.9894409179688,6915000
2019-06-25,562.4310583816161,567.4630136671306,558.5146925423367,564.4879760742188,8899800
2019-06-26,563.5583564776941,574.0871730653297,562.9308231434123,573.5990600585938,10533636
2019-06-27,573.7964860427971,579.7814012896233,570.8679222923355,572.29736328125,19879236
2019-06-28,572.6925463554987,575.2492095088716,566.4287329785599,567.9859619140625,12756844
2019-07-01,570.8331556625193,578.5031451319261,569.4502446676173,577.7012939453125,8524160
2019-07-02,578.2706767049724,580.4787038065389,573.4362481232456,579.8976440429688,7246828
2019-07-03,580.8273610982814,581.8267952773264,577.1085784742027,578.6541748046875,7463256
2019-07-04,579.8512801418689,580.5717603383206,574.5520027482775,577.2946166992188,7993964
2019-07-05,577.596726744771,579.8860683913736,571.762863448521,574.6448974609375,7583060
2019-07-08,575.1446911445179,575.1563236907288,557.1318351973089,560.0487670898438,14607140
2019-07-09,558.7122910211014,560.3276259978992,551.5419900291412,552.9713745117188,16482688
2019-07-10,552.8783975278814,557.3525579703036,549.9730985392955,555.20263671875,11569148
2019-07-11,558.5147114218445,561.0713746867801,556.8063728153514,559.479248046875,9097596
2019-07-12,562.001097964859,562.001097964859,554.3427403401765,556.399658203125,8976272
2019-07-15,556.8877589282218,558.5147265043895,552.5530751550829,556.5972290039062,8233184
2019-07-16,562.0010674516086,562.0010674516086,553.6338059014606,555.7720947265625,12770568
2019-07-17,556.1788237756745,560.5135640529811,555.7953469944563,557.2247314453125,7759736
2019-07-18,558.5146408716465,564.557662370882,558.2589518798013,560.5831909179688,10802584
2019-07-19,561.303740434104,562.6285453670504,550.1473927981467,552.1578369140625,8939228
2019-07-22,545.0340942688354,546.161372982349,530.2170693180301,533.9358520507812,22171296
2019-07-23,533.2966325177192,533.2966325177192,521.1060104494343,526.0914916992188,27802864
2019-07-24,524.5227871216002,532.9481559188343,523.1863493123838,530.1358032226562,17363740
2019-07-25,531.088707184081,538.1660048653456,529.9846934601754,531.332763671875,19462008
2019-07-26,529.5081700635334,533.099108325288,528.2647361218771,529.2990112304688,12829828
2019-07-29,528.4273663232251,528.4273663232251,516.6899594369867,521.6289672851562,9976492
2019-07-30,524.115972460699,527.8812288519465,520.6063483510063,523.476806640625,10394136
2019-07-31,520.6296251078039,526.9050714818712,519.2931874540674,523.3373413085938,13891840
2019-08-01,519.2491879801987,521.7882240006119,511.77175362917154,517.5487060546875,18241676
2019-08-02,515.0329787459242,518.0612142609386,508.2776841355072,515.8133544921875,27825536
2019-08-05,511.7834802565292,512.4706454297278,503.7353503371757,507.6371154785156,19822440
2019-08-06,504.7835565647628,514.858262989048,504.7835565647628,509.93157958984375,24890940
2019-08-07,510.1412691388811,512.9365637642996,504.3177386692592,508.7436218261719,18750136
2019-08-08,512.0047663808674,522.4871205606395,508.5106483209434,520.192626953125,19711600
2019-08-09,523.4188960724813,533.2024268401913,521.7417307435278,531.5718383789062,30436112
2019-08-13,529.5452857712662,529.5452857712662,513.0763529233456,517.2110595703125,15440068
2019-08-14,520.716738284431,520.716738284431,513.1811245497369,519.3307495117188,14254052
2019-08-16,515.7318126628074,520.1576954273031,513.425717549471,518.923095703125,15247560
2019-08-19,521.4388500416737,522.254144200774,512.8666029376242,514.0662841796875,8498200
2019-08-20,514.6253208358501,518.9463912578008,514.0662847314585,517.2692260742188,10270592
2019-08-21,518.2707868568199,522.0677393053584,515.7783277096306,518.4921264648438,10472712
2019-08-22,517.3275014081796,517.3275014081796,504.7952531194435,506.4375,13992044
2019-08-23,503.3859022275871,507.1129611982679,498.40098360246407,503.7818908691406,20099616
2019-08-26,511.2825249702616,527.8795824785478,504.78348940991367,525.5501708984375,25280244
2019-08-27,525.5153184890386,529.452001805798,521.8115763595525,526.4354248046875,20660832
2019-08-28,524.1176923469654,525.8298328901292,518.608655795571,523.5353393554688,13662588
2019-08-29,523.1858929263077,524.9795286472989,517.1993159441082,518.7483520507812,14783716
2019-08-30,520.2741582465663,526.4470999047414,517.595334508113,518.9813232421875,19233320
2019-09-03,517.1294916514936,517.3624328639492,511.5738209862616,515.0213623046875,11428676
2019-09-04,514.1012132738207,529.7082732146208,512.2376837286505,523.5935668945312,15060704
2019-09-05,523.8847667177052,529.3355681319216,518.2941778332122,520.6585083007812,17296252
2019-09-06,518.9929125404954,525.6550525681254,517.4322181183362,523.1625366210938,12870004
2019-09-09,523.1859250808683,526.6567261455742,516.2210060837434,524.0245361328125,10643404
2019-09-11,529.7082860651805,529.7082860651805,522.0561449365234,524.4205322265625,15209116
2019-09-12,524.2807490236515,533.1558315181851,523.6867375878046,528.9745483398438,18132300
2019-09-13,524.3506290478089,528.1825003249205,521.3223935179903,525.8530883789062,15371340
2019-09-16,524.5602992990235,527.0644173602195,522.0212628037439,522.7550048828125,11030184
2019-09-17,523.6284565992211,523.7682440556035,512.0280313132598,515.114501953125,10656556
2019-09-18,516.500488657704,518.0961016149688,507.81177128863845,509.6170654296875,12959884
2019-09-19,512.4240627335244,515.7551332650024,505.01652120523266,512.9598388671875,10623310
2019-09-20,516.1976824753287,563.6711088712841,514.9863996486561,558.8724975585938,46150034
2019-09-23,586.8021429849681,597.5872740068311,572.5694142916398,585.7305908203125,41920410
2019-09-24,582.3530371049728,587.920309391531,571.8939993067331,584.1234130859375,23379048
2019-09-25,582.3064168753895,582.3064168753895,573.0819227063713,577.5543823242188,15608976
2019-09-26,577.6010269766603,594.0000648421781,575.9936985613115,578.85888671875,30671560
2019-09-27,581.5377254381316,583.9836081207274,576.5760663364977,579.65087890625,14873170
2019-09-30,572.4762767323917,577.6941365075229,566.7459008559691,571.8472900390625,18218458
2019-10-01,573.7341573013938,584.6823933522121,568.8889691218436,581.7939453125,18768352
2019-10-03,577.6708827186054,579.4645755281714,566.6760690037603,570.0304565429688,16298876
2019-10-04,576.1334026874799,577.5077328317094,552.2103560872403,554.2601928710938,18403632
2019-10-07,559.6178327164373,568.3065495553983,550.2769261110183,552.9557495117188,22513220
2019-10-09,557.7077316346946,572.9886949648351,554.3999784315781,572.1734008789062,17427270
2019-10-10,569.2150631562747,571.1484293621082,557.7543121483799,559.3150634765625,11556858
2019-10-11,565.3017500104348,570.24009237753,553.9108905134884,558.4998779296875,17186318
2019-10-14,563.2517510106223,568.3298799082893,557.8475272219873,561.1087036132812,12267802
2019-10-15,562.3200501715402,570.7059332726899,562.250156438282,569.7974853515625,8400374
2019-10-16,573.8040590306887,575.3647536685824,563.764270742802,568.8889770507812,10586816
2019-10-17,571.8706438658667,572.965456127699,565.1619259568206,568.3765258789062,12243614
2019-10-18,570.9155527731333,574.8289762279845,568.5395639553193,572.5694580078125,11233806
2019-10-22,585.6141371659319,585.6141371659319,574.2465960011994,577.3680419921875,20006228
2019-10-23,580.8853964967017,582.2364666852551,574.4329373258008,578.4395141601562,10190214
2019-10-24,581.4212089494004,584.2863969541219,571.3348440707078,575.877197265625,13107494
2019-10-25,577.6941643040582,580.8854473053657,568.3765164927024,572.5694580078125,12993542
2019-10-27,577.6708550214476,578.5793598172293,575.3647599060206,576.6226196289062,1750082
2019-10-29,576.76241590166,585.777229041065,576.6226284323564,578.85888671875,14232568
2019-10-30,580.9087218466843,588.269628959077,579.0917692817756,581.584228515625,12011366
2019-10-31,585.9402981330073,588.828803265403,571.684307424746,573.1984252929688,13217706
2019-11-01,577.2282690143909,579.4412103201362,571.9171985065208,577.7174682617188,11512260
2019-11-04,580.6990216026879,582.3529266625709,572.5927143598674,576.2265625,9935176
2019-11-05,578.1600051762933,579.9303808814818,572.5927337569641,577.461181640625,12367810
2019-11-06,578.8355468465815,586.5459230711768,572.1268859948343,585.4511108398438,12130336
2019-11-07,587.4776750033567,591.5308289185795,582.352968877237,588.7355346679688,16963034
2019-11-08,586.5459255532465,590.2729846512815,583.0284907813127,584.9619140625,13251496
2019-11-11,583.5409892410081,590.9717903446365,582.5859076278816,589.2247314453125,14286610
2019-11-13,587.9202593832011,591.6706353713167,584.030152800314,585.8704223632812,9293496
2019-11-14,588.7821483737378,594.9317727677324,585.7072793063352,593.487548828125,11055218
2019-11-15,598.1231741279873,598.6589503214244,592.1831728699343,595.3511962890625,9279012
2019-11-18,594.9318382344264,596.0732273920366,586.4061673737403,587.9669189453125,9130292
2019-11-19,589.4810346437574,594.0000712612668,587.5242944044147,592.5558471679688,10570578
2019-11-20,593.0682757816081,597.7037827616671,590.2729814731323,593.2313232421875,11054258
2019-11-21,591.7871493706533,599.5906799764068,590.9019613905449,597.8901977539062,12019526
2019-11-22,598.0299196719865,598.0299196719865,587.9435549191417,589.2247314453125,7688010
2019-11-25,588.9452455467404,596.0965289909554,588.9452455467404,592.18310546875,7893556
2019-11-26,595.6073311274401,596.213000995193,590.2496835310778,594.0233764648438,8716002
2019-11-27,594.4659772456894,599.0083309119475,592.229718846443,595.5841064453125,9580666
2019-11-28,596.422558512575,597.7503686992535,587.9435225363611,589.48095703125,12366040
2019-11-29,590.5990981914024,596.2828976173189,583.2847672291058,593.9767456054688,15567626
2019-12-02,593.510764067455,593.510764067455,586.3594817662578,589.6905517578125,8946204
2019-12-03,590.8320349922401,591.2047636591806,584.1233739505915,584.8687744140625,6991906
2019-12-04,583.5176927584945,585.5675866460592,574.9920222837997,583.1217041015625,11395614
2019-12-05,584.9619245419428,586.4294654621664,578.0435823413569,580.3031005859375,12772494
2019-12-06,581.8638309165694,587.011854451792,576.8555948567625,580.5128173828125,13774650
2019-12-09,582.1199724255337,582.2830198672588,576.5527013197647,579.0684204101562,8265350
2019-12-10,582.8188186407375,584.0534182397568,580.0701014073599,582.1199951171875,9788900
2019-12-11,582.3996208313647,584.2165737026088,578.858925698159,581.7706909179688,11054642
2019-12-12,583.7506229827026,591.4143653966029,583.7506229827026,588.68896484375,12913148
2019-12-13,589.3411960196104,592.765420053232,586.6623724013394,588.805419921875,11775186
2019-12-16,591.3212335892924,591.6706453877498,581.5143863644261,585.7772216796875,11327576
2019-12-17,587.0118222185259,593.9069044657647,584.8454576910184,592.18310546875,12427354
2019-12-18,597.7271406604992,605.1812593281282,593.371151438186,602.0831298828125,17447172
2019-12-19,607.9764705882353,608.2094117647059,599.1712827435662,600.42919921875,13018376
2019-12-20,600.4059378755567,605.460750498332,596.3527837783142,604.1096801757812,15026044
2019-12-23,605.1812472297753,607.5106592668415,600.4292694223249,606.7652587890625,10195782
2019-12-24,604.9947894429474,606.1594952815756,599.5672488608595,600.5922241210938,7179208
2019-12-26,600.848484870266,601.8501433649025,589.1781653320924,591.8802490234375,14949758
2019-12-27,592.6024747242647,595.8636518650429,591.6707098268995,594.0001220703125,7092992
2019-12-30,597.2612219903074,600.4059281123311,593.5574797503094,597.3311157226562,9334190
2019-12-31,597.2379170602602,597.2379170602602,591.0417152922982,592.6489868164062,8357056
2020-01-01,594.5125400530261,596.3294928506378,591.9501867634335,595.67724609375,3673698
2020-01-02,595.8635935052428,600.056535132723,595.8635935052428,599.4741821289062,6137166
2020-01-03,597.3544364608236,598.6589300292867,588.6890345286461,590.92529296875,10855550
2020-01-06,587.011862840554,587.8504739642061,575.8306845007339,578.1367797851562,10890186
2020-01-07,586.4993434976219,592.3461332836704,583.4012142757196,587.2913208007812,14724494
2020-01-08,580.9319783912775,588.0134242921156,577.717435646002,585.75390625,11332110
2020-01-09,589.3411566089877,594.372708599344,588.4559687941506,592.3228149414062,9546316
2020-01-10,598.2395269513544,599.5440203071881,594.0465857124096,597.5872802734375,9214580
2020-01-13,597.5873820967914,604.0165825068116,594.4659925018832,599.1248168945312,7451568
2020-01-14,600.5224298874322,602.1763352004535,595.1647821421215,600.75537109375,7886290
2020-01-15,599.3111067361606,600.0331903050004,593.5807306974551,598.3094482421875,11787448
2020-01-16,597.2845027735764,601.4541271501188,596.0265862785172,599.8934326171875,7150400
2020-01-17,597.1447555680879,598.612296476041,592.555825383874,595.4675903320312,16918814
2020-01-20,607.9065416196968,607.9065416196968,583.5176132311803,584.6357421875,22178450
2020-01-21,582.3530111446122,582.3530111446122,576.9487865752724,579.7207641601562,14984804
2020-01-22,581.4445362366947,584.6823960803707,575.0852302757627,578.0901489257812,18368310
2020-01-23,577.6940953308509,580.8853779511385,573.5011543163528,579.95361328125,11508920
2020-01-24,580.4894104706909,584.216469285912,577.2748108684818,579.8139038085938,11831756
2020-01-27,575.3646928712021,575.3646928712021,564.5329284102665,565.2084350585938,18888552
2020-01-28,567.817533391895,572.0104752985192,565.2318631346444,569.8673706054688,13412158
2020-01-29,570.8457170791959,578.6259302694377,569.4247530368923,575.7607421875,13788350
2020-01-30,577.2049050769791,577.2049050769791,567.0719641348936,571.195068359375,12111984
2020-01-31,573.7108332296785,576.6692318345022,568.492973329783,571.3115844726562,11178268
2020-02-03,557.6611508176194,558.1037162843933,548.6695990713132,555.7044677734375,13077010
2020-02-04,558.1271166016611,574.8988830437811,558.1271166016611,572.9421997070312,20897704
2020-02-05,575.3181207568854,581.4211681186657,571.7774262994742,579.8604736328125,18020682
2020-02-06,579.8605314139737,581.7473209820521,576.3896734663177,577.6010131835938,11827550
2020-02-07,580.4894921454207,580.9553745628729,573.7807739600269,578.7191162109375,6815448
2020-02-10,579.0684661177814,579.0684661177814,571.1950996008843,577.8339233398438,9219834
2020-02-11,579.2316104494273,584.6824117792048,576.7857278503509,577.9736938476562,11613520
2020-02-12,580.1167091920769,583.7040375931034,579.5809899584544,581.8870849609375,6297930
2020-02-13,586.9652601378181,586.9652601378181,574.7125299982047,578.346435546875,9112140
2020-02-14,579.1849528372734,581.6075753387364,566.0470924519831,568.0736694335938,14688858
2020-02-17,570.7058710789495,574.4329298288528,565.7907896043532,567.0487060546875,10152690
2020-02-18,566.9322936266028,567.6776940789686,560.6894582060227,565.2318115234375,10529116
2020-02-19,569.5411497179709,573.0352672009034,565.5345730449556,571.7307739257812,10012268
2020-02-20,573.0353459305833,573.0353459305833,565.6278044749597,567.0254516601562,11123414
2020-02-24,563.2284535798111,565.9305940025687,559.0588292266576,563.6943359375,16568084
2020-02-25,560.9223503481898,563.2517621021274,558.1270562434645,559.1986083984375,13886680
2020-02-26,557.8941784497473,561.2485090083372,552.3734833397964,558.70947265625,13814786
2020-02-27,556.7295192172844,560.2236375387319,550.2071650172493,558.8026733398438,20655098
2020-02-28,547.6447038754537,552.0705862121758,545.1289278047099,548.6463623046875,24313056
2020-03-02,559.1519746216763,559.5945969771311,543.2887147008902,549.5548095703125,14664898
2020-03-03,547.4117502845173,552.2336211363472,544.1505738998436,550.5797729492188,22369550
2020-03-04,548.9724726184347,549.7411898936383,527.8912956331067,535.2289428710938,34288870
2020-03-05,537.1624551957361,542.7530444952581,532.3871601690611,536.3937377929688,19549708
2020-03-06,524.1177330438811,531.525275044984,512.936554738945,528.72998046875,23053566
2020-03-09,517.1295028928447,521.0429267212518,496.16479331610776,515.8716430664062,34420590
2020-03-11,514.7999928761268,521.7882280735403,508.7435223717018,518.8997802734375,35538240
2020-03-12,500.82352117336666,503.1529328997544,467.4896450557983,475.8056335449219,59000770
2020-03-13,456.58802825644625,503.8284852954916,428.23909634655143,498.4010009765625,66342364
2020-03-16,482.18826927501834,483.1200340465643,463.55297384409977,465.6494445800781,31986322
2020-03-17,469.6094638733333,470.5412286826058,444.7779373932626,454.2819213867187,42676838
2020-03-18,458.8941636221013,462.621222819032,402.9882756681397,408.53228759765625,61181406
2020-03-19,394.60236407895457,428.588488372323,370.37648104223007,417.220947265625,67220048
2020-03-20,407.6470948343316,426.0960262664663,384.1433223651283,411.30426025390625,88637464
2020-03-23,370.1901524925193,390.75887231703,356.40004449779786,359.4515686035156,50276954
2020-03-24,370.4929830540586,377.3647485366708,344.1706271376118,357.6579284667969,61057272
2020-03-25,358.93907213019304,404.12966132480113,351.85765452812115,399.1447143554687,47228042
2020-03-26,405.36425602249614,436.8579226365537,391.8070898523411,419.8066101074219,57043156
2020-03-27,440.2355771858335,460.5946436427536,406.2960274682874,421.3673400878906,55235936
2020-03-30,409.9765135933028,413.2376904059768,385.7506286991531,387.45111083984375,39268444
2020-03-31,397.77037250572664,406.9948379925167,390.4094365490034,401.5440368652344,35211092
2020-04-01,402.4524718496196,402.4524718496196,382.02354140583975,386.5193176269531,29103504
2020-04-03,392.73886979251273,393.204752200333,377.3647503344428,379.1583862304687,34996280
2020-04-07,407.1812733292094,422.6951536854887,393.8337293683045,417.4772644042969,60412638
2020-04-08,409.9532107330256,440.2588542172346,403.5007226339045,414.1228637695313,56219352
2020-04-09,425.3506308285837,433.68993715538386,414.6353356379403,430.9645080566406,44457146
2020-04-13,435.13411060591784,441.0508220795697,412.8649401827196,417.1277465820313,34158056
2020-04-15,433.503560602156,433.503560602156,392.7388517868002,402.1962585449219,57978752
2020-04-16,402.9881908853612,414.96137172356146,398.91172074634744,409.8599548339844,53854396
2020-04-17,426.2823652112344,428.6117770429898,413.3541295449921,424.09271240234375,55883462
2020-04-20,443.0541529165032,447.68968838432136,435.6000346760573,440.18896484375,66232986
2020-04-21,430.9411877130502,435.134128998907,423.021187506432,429.3804931640625,33178006
2020-04-22,428.2157816238388,434.6682409215296,422.69505860889075,432.6183471679687,38289354
2020-04-23,435.59998973533067,446.5482247714593,425.1409254712228,444.8943481445313,40901222
2020-04-24,434.6682955721744,446.5017203519731,431.4071186493393,437.02099609375,33284568
2020-04-27,440.3287789408924,446.0358385639082,431.54687829659736,433.1308898925781,27421072
2020-04-28,439.69977589963486,439.69977589963486,429.54354590264336,433.9228515625,29441436
2020-04-29,435.600046312011,462.4814666217291,435.18074077570344,455.2136840820313,55877778
2020-04-30,466.5346418862624,474.73416066697814,462.2019128631203,466.7209777832031,43793134
2020-05-04,446.082371787157,447.2470777187162,427.4470768822105,430.0094299316406,26722324
2020-05-05,436.99771268001086,439.7930072174096,423.0445284271206,424.6285400390625,29672858
2020-05-06,428.1459135209764,442.58826751352296,421.926395030526,440.9111022949219,33785846
2020-05-07,438.1623693682697,439.4668343183701,429.2407106008844,430.9411926269531,21831730
2020-05-08,438.8611852074246,439.7696615007863,431.0343672092372,432.8280029296875,20807484
2020-05-11,436.5318339865055,444.4518352434645,425.8165381682668,426.6551208496094,28550784
2020-05-12,419.7600057409809,423.6734289332909,405.8301118234422,420.0162353515625,49568418
2020-05-13,443.0541229472311,447.2470641738611,429.5901114120828,432.17578125,44346966
2020-05-14,418.3623582803917,424.4188289459207,414.63529940929686,416.3590698242187,39554890
2020-05-15,414.8682802916548,415.7534682323334,407.6471030378416,413.7734680175781,24349628
2020-05-18,413.7035348229029,413.7035348229029,387.2879993785892,389.7804870605469,46649964
2020-05-19,401.0548553170285,404.0598025039332,384.8654418100109,386.9852294921875,47460692
2020-05-20,389.68731585210406,402.5223695171436,387.7073157705672,399.3077697753906,40014306
2020-05-21,401.3344067006984,411.84004933086425,397.07157128659645,400.44921875,48478908
2020-05-22,396.0000197908601,405.4574263411775,388.10330782681336,390.805419921875,42047432
2020-05-26,399.2612117010491,406.1329770132901,395.4176819501347,397.1181640625,38005152
2020-05-27,400.61224550659546,423.859757789831,399.3310690397221,420.9945983886719,56025754
2020-05-28,428.6117754686261,442.5882464078203,425.79319284959575,440.3753051757813,75488806
2020-05-29,439.79292237205703,444.9176280352907,430.21904611551065,443.35693359375,53025166
2020-06-01,454.2353300570312,463.5529778530729,450.08896541371087,460.1287536621094,39190230
2020-06-02,459.6861241126822,468.2117654989054,454.3284770447843,466.3482360839844,41623594
2020-06-03,475.2000555988628,487.4294687944218,473.080296332007,476.248291015625,50546088
2020-06-04,478.9504263177672,484.0284990052905,461.73603743466606,466.6744079589844,54275882
2020-06-05,467.3265541376977,485.6357524661723,467.18679512565154,481.41949462890625,35195984
2020-06-08,493.83531839274775,496.9334475661799,468.8640344216865,473.2899169921875,49812664
2020-06-09,475.20005875398886,478.34476502515497,456.35510956047824,459.9656982421875,61844146
2020-06-10,461.22351722750176,465.81244690866447,455.7261112950627,462.08538818359375,36497730
2020-06-11,458.8941445191046,460.47815598594246,449.57649691465576,451.253662109375,30897714
2020-06-12,432.3388560083312,459.66286943509465,432.3388560083312,457.8459167480469,42644876
2020-06-15,450.9741171348117,453.7694112492837,439.3270583245118,442.5183410644531,32009936
2020-06-16,454.2353422572186,463.0638194681307,443.5200470039714,461.4099426269531,45399970
2020-06-17,460.75768534991704,465.3699324014146,453.42003768130104,456.21533203125,36957838
2020-06-18,456.5647503141819,477.4828813710259,452.8376911279437,475.1767578125,40870126
2020-06-19,474.24492380359334,485.9152704902647,471.54281197496374,481.41949462890625,47877752
2020-06-22,484.2614078803022,487.28964329238073,476.97036583388126,479.2764892578125,29694474
2020-06-23,484.051768356397,486.847062495125,473.5927037669493,485.5892028808594,28830512
2020-06-24,488.47767768471925,492.6706191240731,479.88217048220713,481.0235595703125,39429246
2020-06-25,476.08520638993417,488.7106072723648,469.1435476866267,479.2764892578125,70646790
2020-06-26,484.98356684165975,495.23297939739126,478.9270957860002,492.1814270019531,39969138
2020-06-29,483.12004435733536,504.36427022789616,483.12004435733536,501.3127746582031,46005956
2020-06-30,500.3576520513276,502.4774395265227,492.11155707015206,496.5606994628906,35746130
2020-07-01,496.5607258390079,510.60709104052734,494.44099512162273,505.2960205078125,34846718
2020-07-02,507.9516847515708,517.7118998452552,505.5756386350231,507.5323791503906,36954496
2020-07-03,509.2094014604563,510.5138947704559,498.4941075596416,500.3343200683594,27597254
2020-07-06,516.1743812598592,521.7417100505432,512.4706389357151,513.8682861328125,35558216
2020-07-07,516.8499955070968,517.9214910076219,509.2328289105879,514.8699951171875,24349850
2020-07-08,515.7318467473623,524.0711535656887,514.8000818932569,517.2925415039062,30056350
2020-07-09,520.8565005604632,526.3073016553748,515.8482649781512,524.0943603515625,20114484
2020-07-10,520.8098742600985,521.7882157906254,512.2609447772521,514.8465576171875,17562978
2020-07-13,517.0828636027278,518.5270876029222,499.0998151551805,503.2694396972656,29922114
2020-07-14,495.0465888952955,497.9816705383355,489.1764824796212,493.2995300292969,26612674
2020-07-15,498.58727246401384,502.6870599270581,489.2230485234201,490.6440124511719,20974394
2020-07-16,490.8769511264592,496.3976456187151,481.7689284047209,495.0233154296875,23662456
2020-07-17,493.3927833918248,514.3341747326389,493.04337158833795,511.7485046386719,28405738
2020-07-20,528.7764898653795,537.1157956611263,523.7216775257698,527.8680419921875,65124096
2020-07-21,536.7197704521928,539.468430751152,528.3105714998238,530.4303588867188,47512422
2020-07-22,530.4070640493358,533.2023581945233,520.6468514072179,524.74658203125,24718012
2020-07-23,524.1177075165571,532.9228963769175,520.041236458095,526.6334838867188,20149122
2020-07-24,523.1392720605776,523.1392720605776,513.0529083898881,521.368896484375,19598440
2020-07-27,512.4006770962626,513.8682178322393,500.9865598370696,502.91998291015625,37970094
2020-07-28,502.68711736128176,509.86171780613665,493.6024104210176,506.2511291503906,35596450
2020-07-29,503.6188453301683,507.1129631284812,491.76216168272254,495.9783630371094,33592086
2020-07-30,500.3576819247292,504.85345831796695,487.63907005501545,489.4793395996094,26956266
2020-07-31,492.7637554885741,492.7637554885741,475.2233014798149,481.163330078125,37726696
2020-08-03,477.9720082782848,478.4378906614677,462.62120650057307,466.8141479492187,31783542
2020-08-04,469.6094535260348,494.3245372955837,467.28004155417955,485.2864074707031,60306168
2020-08-05,488.2213923119674,491.8786143035649,475.2000032075308,478.7174377441406,33221360
2020-08-06,483.1200384227675,491.505921442642,478.1118027303425,484.8437805175781,33646888
2020-08-07,482.1183684045793,487.8720044096025,475.4795445056124,486.3113098144531,24836784
2020-08-10,486.38121036258593,495.6988580706814,486.2880566336683,489.4793395996094,22172854
2020-08-11,488.47766477546287,498.96001809682474,488.47766477546287,496.9334411621094,20136148
2020-08-12,496.16475189440234,496.63063429054733,488.2447511599377,495.55908203125,20666432
2020-08-13,497.5390689492808,499.1230804280221,492.2047384038107,493.3927612304687,19892740
2020-08-14,496.5840418576167,496.5840418576167,478.6009933042525,481.9320068359375,20924512
2020-08-17,487.77883837997007,487.77883837997007,475.29319662805824,481.1400146484375,19561012
2020-08-18,478.92709438686853,494.604048101532,476.13180006165334,492.2047424316406,24040824
2020-08-19,496.1648167280051,498.4010752698756,492.0883452290661,496.91021728515625,17715624
2020-08-20,491.48259939303983,498.00495278417384,490.1082691052142,493.3694458007813,19216734
2020-08-21,496.3510990889611,507.2527581564237,495.9783704367508,505.78521728515625,28924302
2020-08-24,505.9483289792866,523.1626623598357,505.78528149964694,520.4140014648438,36779740
2020-08-25,521.3223426075668,525.0494013572187,515.3590258599623,521.6484375,27601738
2020-08-26,522.2541238364602,527.262359189932,516.8964767141415,521.0661010742188,25190062
2020-08-27,524.490410871614,526.40051727272,515.3823875124955,518.1077880859375,20645996
2020-08-28,518.0378683450753,524.117655901697,510.1411850776518,519.2258911132812,38696610
2020-08-31,526.2142262376404,535.2057802530813,512.7967889559246,519.8549194335938,38501166
2020-09-01,525.5153649623892,532.7831192739568,516.1977166474531,525.1892700195312,28877884
2020-09-02,523.6982921752747,530.6399499534871,522.1142809505875,528.3804321289062,19761682
2020-09-03,529.8247971548519,533.877951575512,525.515384647767,526.866455078125,19833362
2020-09-04,517.1295504807016,524.3041520146079,514.5206199784865,521.4622802734375,23661370
2020-09-07,520.0645061846334,521.5553070027138,512.0047185314716,517.3623657226562,17615466
2020-09-08,518.9930145207112,521.2292728790193,513.8683079141333,518.2708740234375,14624918
2020-09-09,512.9364669110968,517.129408057509,508.3941140024835,510.8399963378906,15728872
2020-09-10,513.8682671042266,514.7301381364395,505.0165018503913,508.0680541992187,15188088
2020-09-11,510.81675123480613,514.7301748953192,498.960066519916,502.5240783691406,20794730
2020-09-14,506.8799747447883,509.6752687231603,490.2712583158811,492.8801879882813,21650590
2020-09-15,497.562405810296,501.3593587642975,492.95015865201736,498.72711181640625,16505110
2020-09-16,498.5873818985303,510.6071720171744,497.7255107286066,509.5123596191406,18710112
2020-09-17,505.01653401639834,509.6753581309408,502.2212395476729,504.8301696777344,18318686
2020-09-18,508.7435806581891,508.83673438999904,487.8720263958429,492.5774841308594,23481778
2020-09-21,491.5059403264313,499.12310632138906,485.21652781988456,488.8504333496094,19842878
2020-09-22,491.06335166115406,492.97345806947664,479.6259163378624,482.3746337890625,18620678
2020-09-23,487.3129717293432,491.505913168697,481.8854306032091,487.8953247070313,16079828
2020-09-24,483.5859218482279,487.7788633671432,477.5294507653503,480.0452270507813,19809510
2020-09-25,489.1765199858567,490.08496791766635,477.83229492026675,486.3812255859375,20321544
2020-09-28,488.6873265991497,493.3694675235288,485.7523015661571,491.1332092285156,16152422
2020-09-29,492.9035279817931,498.4475393397902,489.6423515206659,495.0233154296875,12644446
2020-09-30,493.83539136007903,506.36764049603585,490.1083318026445,502.5007934570313,18813842
2020-10-01,507.8583890862554,517.1294601513388,507.8583890862554,515.70849609375,21203080
2020-10-05,518.0612545741451,527.3789030377089,517.5953721509669,519.1560668945312,16940126
2020-10-06,528.7997900186148,534.8329437703007,524.6766856787656,533.0159912109375,19371990
2020-10-07,533.3888138792839,542.6831457559576,529.9878493385703,541.4718627929688,21248778
2020-10-08,549.7412730177505,560.456569017249,541.9843191049002,555.2387084960938,35060674
2020-10-09,559.5247153902895,576.2964803811725,555.1687266903496,574.689208984375,44972388
2020-10-12,573.7575196193371,578.975379998091,561.6678366449868,565.418212890625,19220546
2020-10-13,565.3017686488506,569.5179706427515,556.7295203093352,558.3367919921875,18353952
2020-10-14,556.9857629179536,565.7210584958747,547.6447974317978,564.4165649414062,22582918
2020-10-15,565.6742979802713,566.978791242383,542.2870279425914,544.73291015625,28246896
2020-10-16,549.7411694058314,560.6894045592527,546.4799929771528,558.7559814453125,25822848
2020-10-19,575.3647468497838,575.3647468497838,555.6113223045031,560.7127685546875,42359556
2020-10-20,562.5529329589159,571.824003021098,561.8075325791795,570.2166748046875,27411978
2020-10-21,573.3148566671905,582.8188687791578,569.1684920300116,580.8155517578125,35640752
2020-10-22,577.670826193271,582.3529667944613,569.7741427117008,574.57275390625,21913060
2020-10-23,579.324698078978,581.6307929468126,573.5943224668267,575.7374267578125,15866230
2020-10-26,572.9421508966846,578.6258929585825,561.2018812651366,564.136962890625,19571976
2020-10-27,571.1717996882658,575.8306235030151,558.0571992756649,574.4795532226562,24317780
2020-10-28,572.1034342065121,573.966963308162,559.7575539080817,563.5311889648438,16571186
2020-10-29,559.3384167978385,561.1320527238242,549.0424267871138,553.0955810546875,23060024
2020-10-30,550.9293201814878,558.7328513066057,548.040814836806,551.3952026367188,11522716
2020-11-02,556.4265609121364,570.705865994571,548.5764548641692,566.1635131835938,21926080
2020-11-03,571.3814770866223,582.7024427562156,570.938911531275,581.39794921875,28164230
2020-11-04,583.2846392465076,589.2479554310528,573.0352286527191,585.8004150390625,23404822
2020-11-05,589.807172564071,594.4659969919073,583.4478658459915,591.2979736328125,21433928
2020-11-06,589.9235782237172,610.3059328513875,589.5741664300999,609.2111206054688,35705724
2020-11-09,612.7284117705964,627.054293280216,612.7284117705964,624.53857421875,26288440
2020-11-10,632.2023178424812,649.905846271379,629.6632819080761,649.2769165039062,41517356
2020-11-11,652.1887252116443,659.1303837292211,638.4917724940213,647.5531616210938,36116194
2020-11-12,641.7063447028456,646.9009441534586,633.5999806353424,639.05078125,27053948
2020-11-13,637.6998395348973,637.6998395348973,627.5435806631576,633.041015625,22472480
2020-11-14,637.2340095057151,640.5650233786753,636.0226696932782,638.119140625,1835066
2020-11-17,645.6198670074319,658.1054814824922,643.1972443513791,656.1720581054688,31059900
2020-11-18,653.6330062555946,661.0871246448245,651.7927935264175,656.2885131835938,18862776
2020-11-19,647.4366831341912,651.9790360753676,637.3270588235295,640.285400390625,20266882
2020-11-20,639.4934974317682,656.1487934843398,635.9528025121568,653.9358520507812,20405362
2020-11-23,659.223555202943,663.253449087629,640.7513078120443,649.7195434570312,25246636
2020-11-24,655.962417756164,673.2000665182222,653.1904402304294,670.0320434570312,40154400
2020-11-25,676.1351524430806,682.2382005322407,650.8377152785766,653.5398559570312,24152602
2020-11-26,659.2235818294623,667.1435824592155,646.1788749098687,664.651123046875,27943126
2020-11-27,667.0504002354771,673.6659071425177,659.4798117216003,671.2666015625,17994580
2020-12-01,671.266645580672,675.0635985199283,664.1153621050089,667.749267578125,17147574
2020-12-02,666.6776997890113,667.0504284490065,649.8127800267889,655.4732055664062,17892150
2020-12-03,665.7459513463101,667.1435985499762,640.1457361473225,641.6132202148438,37933222
2020-12-04,643.3835029317227,652.9107739090895,639.7962317098804,645.5265502929688,26912322
2020-12-07,640.5882443598133,642.8943392913466,632.7148211096007,639.3070678710938,24316318
2020-12-08,640.5883608360348,647.0175613147736,635.9994301343107,641.1940307617188,19457896
2020-12-09,641.5200355541075,656.9174709203267,640.6115876636862,655.5896606445312,22069074
2020-12-10,651.3035485347642,653.1670780012442,640.9376658774692,645.64306640625,19727966
2020-12-11,647.5996924618158,649.9057870224467,639.6563767611608,644.2220458984375,21356384
2020-12-14,644.3153718471693,646.644783892893,637.3271357099983,639.2605590820312,17222050
2020-12-15,643.2904248616038,649.8826151632962,636.3953427628618,648.1821899414062,21561436
2020-12-16,654.0988258162928,660.0621427029507,649.6729434478776,657.22021484375,16832092
2020-12-17,660.9007233337297,673.2000293618969,654.3317932448334,671.709228515625,21924478
2020-12-18,668.5412007096832,670.7308250997335,655.1703994436521,657.5230712890625,22995918
2020-12-21,660.388408958706,663.346751303767,636.7215564573797,639.4935913085938,23761824
2020-12-22,645.1540448676882,645.1540448676882,626.6119004554856,639.7031860351562,22851558
2020-12-23,637.0940998018958,643.3601945252781,634.0891814577556,640.8910522460938,15467394
2020-12-24,647.2970056798262,654.0988772169751,641.5200526551101,650.88427734375,14952188
2020-12-28,654.5647584379803,662.0188766835374,654.0988760476331,658.221923828125,11699194
2020-12-29,662.0421565534632,668.4247221963727,661.5529573227735,664.9072875976562,14495346
2020-12-30,670.8240055999206,670.8240055999206,658.2917590395942,667.37646484375,16216726
2020-12-31,668.5411807750526,672.7341219785199,663.9056740816035,669.1468505859375,22145750
2021-01-01,670.8706811112891,672.2683283636043,661.8325508389017,663.90576171875,8810938
2021-01-04,669.9388655323093,669.9388655323093,651.7694526284428,659.689453125,15740192
2021-01-05,661.1802595459679,666.5612238531063,656.4282819563354,664.6743774414062,14386824
2021-01-06,668.5411814030691,670.8705931849613,658.3383464243002,661.8092041015625,22134050
2021-01-07,667.3765584704946,667.4231353378412,658.0822270535729,659.8059692382812,19894842
2021-01-08,667.1435161962187,671.8023396333432,662.9971519630973,666.98046875,13768764
2021-01-11,675.5294493534971,682.4711081726593,669.1468835112166,676.2049560546875,17331392
2021-01-12,676.6708371189097,693.0931909419772,675.1101425268274,689.9718017578125,20388156
2021-01-13,695.5158467856361,697.379376386846,681.1666461081561,685.1499633789062,16934650
2021-01-14,685.3828384996627,693.2329448138298,678.3247094414894,684.2647094726562,12297166
2021-01-15,684.4278271278918,685.615850004148,673.2000725854961,683.2864379882812,14165236
2021-01-18,684.8005097174363,700.1513111208578,683.4494394650668,690.9501342773438,42825632
2021-01-19,695.0033996358874,704.2511540690322,683.4494931587943,700.6172485351562,17360254
2021-01-20,699.2894379153008,699.2894379153008,692.3012023598515,695.0964965820312,13346052
2021-01-21,695.0965284124685,696.1913406588754,683.9852447445681,687.0833740234375,26333054
2021-01-22,683.8686987100398,683.8686987100398,670.9404637665335,672.5244750976562,15392364
2021-01-25,682.5642265090312,689.9717673229738,677.9287198278455,681.5159912109375,20344718
2021-01-27,683.9153684499677,685.7323211979973,655.1005531628573,656.7078247070312,23556276
2021-01-28,647.5298896517861,652.8409598159711,625.2141137122674,638.934326171875,42704446
2021-01-29,648.2054979628697,656.3118634983516,635.6965662775516,647.8095092773438,28704502
2021-02-01,657.0105839837964,690.6705837659835,652.7011722469766,687.9917602539062,26370544
2021-02-02,699.2893985040394,735.3952801723026,697.6122334393361,727.03271484375,42420206
2021-02-03,735.6283142034556,736.886173943163,718.3906652955849,733.671630859375,20237254
2021-02-04,729.5717573000035,739.8211689606676,719.0660875996612,735.6748046875,24484684
2021-02-05,721.1858866666988,753.9141221565797,721.1858866666988,744.2936401367188,27054716
2021-02-08,754.7294308956938,760.1569718191174,743.4084666840961,747.857666015625,17447580
2021-02-09,750.07062409712,758.4565068510009,739.2155420064337,750.9324951171875,18421366
2021-02-10,749.3019453067199,752.3301809012268,730.0377194757463,736.9094848632812,19788006
2021-02-11,737.0260505434063,744.3870161478222,728.733320020478,732.5302734375,13648618
2021-02-12,733.2523053924318,741.9177064770458,732.8329998671228,737.0026245117188,9910106
2021-02-15,745.4584478925578,757.0589315094622,743.8744362925478,753.1455078125,10355244
2021-02-16,755.2884826208972,764.5129763820796,749.3484823473618,757.8275756835938,13897358
2021-02-17,754.7294347879077,755.5680457969456,737.4917872032456,739.1223754882812,12794426
2021-02-18,748.1837499704787,748.1837499704787,721.1858900765627,724.1209716796875,14720560
2021-02-19,719.7882681632038,728.7331869999819,714.1976796726159,717.03955078125,17139508
2021-02-22,719.8115828343564,733.2522779153973,717.2025960503815,721.1859130859375,29451838
2021-02-23,723.8646858909743,725.7048983861081,709.3757564887336,712.4039916992188,18239906
2021-02-24,711.1694734468092,751.9108659969904,706.3941789149849,748.416748046875,14314332
2021-02-25,749.9541271452258,762.3000096545275,746.3435388642035,748.3934326171875,20109570
2021-02-26,739.3786325217429,740.2405035257096,708.6070794654332,714.8499145507812,27912846
2021-03-01,728.640026799245,732.6233438115595,717.7849448283059,726.2640380859375,13536018
2021-03-02,734.090858645135,739.5882935913318,722.5835863686019,730.5967407226562,16110038
2021-03-03,737.9577079843609,743.5482966812122,729.1059425476798,739.2854614257812,11222410
2021-03-04,721.44210471644,731.9011402745581,717.0394825766341,723.0726928710938,16291438
2021-03-05,713.2659922880285,720.0678643152556,708.6537449089482,712.8001098632812,17445822
2021-03-08,718.3906794677011,724.4471508250812,704.6471483105694,707.9083251953125,15117050
2021-03-09,719.7882210937499,729.4319628612136,716.6435152734375,727.941162109375,15066696
2021-03-10,732.3671590960449,733.7648063462282,723.1194044980812,724.7965698242188,11055016
2021-03-12,745.4117937253521,745.4117937253521,715.1527564719762,723.026123046875,15631204
2021-03-15,721.372319983862,721.372319983862,705.9516239083291,712.171142578125,12230386
2021-03-16,713.2194264585876,717.6453095621886,703.4824722565825,704.484130859375,13722366
2021-03-17,710.1212391245092,716.9930044366868,694.2579208590815,696.6572265625,21064428
2021-03-18,704.2977363182185,709.096347909828,690.041745885562,694.6306762695312,18065540
2021-03-19,691.8353446743922,704.0414404652653,686.7339552850576,697.6588745117188,21235020
2021-03-22,696.4475821404212,696.4475821404212,680.3746400095504,684.4511108398438,14015632
2021-03-23,684.8470681114331,702.2943397175386,684.4277626140187,698.8934326171875,19761428
2021-03-24,694.5840649453481,701.8285019700834,685.3129940326869,688.9468994140625,16368900
2021-03-25,694.2579549579342,696.7504713848288,675.6459751498256,681.7490234375,23964356
2021-03-26,696.0283065108258,698.357718513874,686.7106584986326,694.7704467773438,12021258
2021-03-30,701.9216988192317,727.9645352211458,699.5457100566057,723.8414306640625,25607644
2021-03-31,721.1859305763878,721.1859305763878,693.2329875307913,695.865234375,30774506
2021-04-01,698.5441198547899,698.5441198547899,682.517753050711,692.6506958007812,35763762
2021-04-05,689.5059141703206,691.8353260425176,666.6776778227897,675.3430786132812,16006586
2021-04-06,680.1882370410952,681.4228366536412,667.4463660295091,670.987060546875,15075734
2021-04-07,670.544489480036,678.6507968782688,662.2750777628881,674.2249145507812,25088180
2021-04-08,676.9271596042018,680.607642114467,666.4448051024162,667.516357421875,17613592
2021-04-09,664.3482862847833,667.5163092761001,659.2701568738823,662.3682861328125,28157816
2021-04-12,648.9741463293542,651.7694405705431,630.3388513880949,636.884521484375,22549128
2021-04-13,637.3271525402541,655.2403088967475,634.0659755901213,652.3984375,18600682
2021-04-15,654.5647857401797,669.3332353820249,648.0424320032669,666.2584228515625,34444984
2021-04-16,668.5177880590513,673.1999279531825,663.1834584369242,665.582763671875,15606526
2021-04-19,647.5765517142435,660.4814717592332,639.3304557823059,658.0123291015625,24069242
2021-04-20,663.8823339678404,664.5345806173981,644.7578411780092,648.2286987304688,23186270
2021-04-22,642.9177104500769,664.7210294656783,638.748085728293,662.7177124023438,38485312
2021-04-23,656.4283308776554,668.3549094755161,652.3285428266348,658.82763671875,22713528
2021-04-26,658.2918315864222,665.7459499907978,653.5165369836191,654.4716186523438,30170952
2021-04-27,655.6129158913712,671.8023270316983,654.4715269188472,670.264892578125,20592906
2021-04-28,669.1235830445929,689.04005522921,666.6777004956049,688.01513671875,24103940
2021-04-29,692.3943454125842,700.5240267723495,680.6541326085659,686.0117797851562,24078552
2021-04-30,673.2000290935819,677.299816724806,655.729440103264,657.9656982421875,35232902
2021-05-03,648.9742514438809,662.438265593792,641.6599197428953,658.9674072265625,22473700
2021-05-04,656.8707864882977,662.9505738100507,644.4550675488944,646.8077392578125,21486328
2021-05-05,652.701254793366,656.7078321353601,643.7097015544721,653.4466552734375,14421612
2021-05-06,655.7761137331282,657.2669716692045,649.9060063402669,652.6547241210938,11477044
2021-05-07,658.2685056421251,663.8590943683245,657.010645926894,659.1071166992188,12048334
2021-05-10,664.814102347514,666.2117493741731,658.1985958361555,661.4830322265625,11060050
2021-05-11,650.3717865603421,663.5096466065934,649.9292210583383,653.8892211914062,14519034
2021-05-12,652.1188509642291,656.2418985871353,647.0407217294511,652.0023803710938,13774926
2021-05-14,649.6030041328152,651.7227914455083,644.012416270311,646.10888671875,10604142
2021-05-17,649.9757777493439,672.0818727050178,643.5233185186172,670.987060546875,15120692
2021-05-18,679.6990933972745,690.7871170805363,677.8588806961257,687.968505859375,22165280
2021-05-19,684.940259024818,688.9701530253018,676.7174804337463,679.3496704101562,10130916
2021-05-20,679.4196191894328,682.9370542259749,665.513040257813,667.516357421875,10684184
2021-05-21,672.2682391694295,699.7087212899272,672.2682391694295,697.565673828125,19341646
2021-05-24,700.3376563521917,708.3508101809515,698.1247151463558,703.4590454101562,22146102
2021-05-25,703.7153354802148,705.2294532162696,685.0800402672332,689.0167236328125,19236974
2021-05-26,689.5059220690523,692.767098727487,684.8470982712885,688.131591796875,12283990
2021-05-27,686.2913399610924,693.6988813645199,681.3296811145242,690.7405395507812,20439496
2021-05-28,694.5840573735902,704.8800466813714,688.9235750364031,700.4308471679688,17750020
2021-05-31,698.8235396437208,707.9082456590891,693.0000101466898,706.207763671875,15661054
2021-06-01,708.2809868888664,711.4023760066137,702.2011992377004,704.2743530273438,11030162
2021-06-02,703.4823669271267,703.5755206514051,695.5623667696689,700.6870727539062,10624016
2021-06-03,702.5506144418275,710.4472978705807,693.1164964428573,708.3974609375,10287260
2021-06-04,706.2777272726534,708.4440918339504,698.450880106164,699.2661743164062,9424476
2021-06-07,703.4824409928369,705.3459706378511,696.9600872352875,698.7537231445312,8091668
2021-06-08,697.2162919534222,699.4292332375256,690.2047394524685,690.9268798828125,9872540
2021-06-09,691.3228560658164,699.7553155380998,685.8021613885485,689.6456909179688,10223442
2021-06-10,690.484259561094,693.6988593363984,686.5475762237011,689.9951171875,11483540
2021-06-11,694.6306589694518,697.2163290397356,689.9951518338157,692.4642944335938,7205974
2021-06-14,688.690658691659,692.3012472963337,681.3763277503531,689.2496948242188,8881964
2021-06-15,692.3011889292118,696.9600125424635,687.083329230532,694.2811889648438,7569602
2021-06-16,693.2329371461217,696.0282312475173,688.620690504738,691.64892578125,7702098
2021-06-17,682.9836355338933,688.9236364568519,680.1883409819129,683.0302124023438,9283802
2021-06-18,684.6141694154071,694.1647583728865,677.8588747869461,689.4127807617188,11938060
2021-06-21,680.8171502942656,695.0033017551335,679.722338162738,693.5590209960938,7260472
2021-06-22,697.4259308909948,702.5506371300067,689.5059303397944,691.2763061523438,14366824
2021-06-23,694.1648915591604,697.7987976322688,688.8538199409326,692.0684204101562,7844868
2021-06-24,694.1647627074689,705.089682030104,693.2329979253112,701.7353515625,14785024
2021-06-25,703.9948688755924,709.0729983058726,702.0847624487187,705.8583984375,10383176
2021-06-28,708.1412867482551,709.5389340247319,701.153050365871,702.7137451171875,9356786
2021-06-29,705.1233878844295,705.6848435152247,698.1751031497531,702.8073120117188,10971692
2021-06-30,700.912318001838,706.0592041820919,699.0875014782571,700.8655395507812,9679022
2021-07-01,702.7839548006085,702.7839548006085,693.8938781420122,695.6484985351562,16911442
2021-07-02,694.8296299127342,696.8181995606326,691.0864399872784,692.6773071289062,14827036
2021-07-05,697.1457340681139,703.9536838673887,694.6191264593356,699.7191772460938,7373882
2021-07-06,700.4444079752712,720.5640536285356,699.9765092391489,718.0841674804688,17669032
2021-07-07,717.7566959868007,723.0673354757794,714.8089109597926,720.3301391601562,9629190
2021-07-08,713.5455269010719,719.4878176227463,708.1412739982538,711.4165649414062,8420922
2021-07-09,707.7202288337677,709.3344565644245,700.6783302804919,702.7838745117188,10695842
2021-07-12,702.7838615001891,702.7838615001891,694.3616847312122,695.765380859375,14458978
2021-07-13,700.0232664310304,704.7022536501623,694.408481768072,702.7136840820312,18178142
2021-07-14,700.6783341056623,705.2871250803108,697.683770870483,701.4503784179688,9788494
2021-07-15,704.187582188956,714.3643794730821,701.6843354297325,711.5335693359375,10438802
2021-07-16,714.9258856885684,715.8616832062033,710.6446577386265,712.3056640625,5170628
2021-07-19,695.7654943407838,696.6310956710246,685.9396198410147,688.2791137695312,25111600
2021-07-20,674.7099519255372,680.3247365462768,671.9727558462353,675.248046875,24174250
2021-07-22,681.3073719096726,687.109327947589,676.1137071053906,677.8449096679688,13207114
2021-07-23,679.1549042863835,681.938878463885,671.5749688488506,675.060791015625,13126684
2021-07-26,669.0952199460952,675.6458025189941,668.2062008878924,671.2241821289062,13167166
2021-07-27,671.9493238181005,678.4063488416765,671.9493238181005,673.6571655273438,22401430
2021-07-28,671.4580337267465,673.1658182413217,656.9297566466004,663.15283203125,20670342
2021-07-29,668.2763382138219,669.0717431809376,661.281275286732,663.5973510742188,13702230
2021-07-30,663.9483202569891,669.9140292656406,658.7780162695392,667.4341430664062,11655488
2021-08-02,671.4346657200673,671.4346657200673,662.6615646871396,665.6561279296875,13258786
2021-08-03,659.7372352838776,673.7274192851925,659.7372352838776,671.2943115234375,12033120
2021-08-04,674.2420380634766,689.9166447776518,673.7741393555907,685.6119995117188,22053948
2021-08-05,686.4541971765548,705.1467852148428,681.915602462393,694.7593994140625,18822408
2021-08-06,694.151190555678,701.848101893155,689.6827347936737,698.4090576171875,13339270
2021-08-09,698.1049062784269,705.2871403721247,690.6185265864331,703.6729125976562,10998048
2021-08-10,696.7012282897388,711.0891146362193,696.7012282897388,705.4275512695312,14838346
2021-08-11,708.8197821888172,710.6679592857763,697.660409142684,699.4851684570312,12585786
2021-08-12,700.4444079659049,705.4041231454273,696.8416105444284,702.503173828125,8597674
2021-08-13,702.4094667407759,716.3528700761359,702.315909852567,714.10693359375,16658428
2021-08-16,714.0835841632503,718.2244760710362,711.8844260903736,716.1657104492188,6252778
2021-08-17,709.8959273107525,713.0776615079304,704.3279781405072,708.7028198242188,8282666
2021-08-18,728.377938007942,732.4252734894459,705.7550455915143,707.9307861328125,22985932
2021-08-20,695.3209624684945,711.1125453306043,695.3209624684945,708.7496337890625,13150406
2021-08-23,715.8149280363475,717.3590168372876,705.8954968733947,713.3584594726562,10843054
2021-08-24,715.8850444307441,732.0275503345746,714.6918798434089,729.3839111328125,18381314
2021-08-25,726.2256192151633,732.1679674526881,724.3072458142872,728.7055053710938,7727974
2021-08-26,725.2430159343049,735.0688890534149,722.1782564719654,727.4889526367188,11119002
2021-08-27,726.1788857336068,729.2904239546797,723.0205690591855,724.517822265625,6382138
2021-08-30,727.8631747702501,734.6009271817212,725.9915800513157,733.7821044921875,9049166
2021-08-31,731.5596599538288,740.8474382651433,730.9513687618706,739.93505859375,12062576
2021-09-01,736.9404524370657,747.7021225361466,736.7065030870856,738.8588256835938,12422558
2021-09-02,736.5194467650346,744.8948462205987,735.1859466860024,743.4911499023438,9618524
2021-09-03,742.1342331690153,747.7022399965548,733.8056692712737,737.431884765625,10735334
2021-09-06,739.2566074828768,739.7245062330459,730.834429979835,732.5890502929688,7876896
2021-09-07,731.0918054706792,740.2158312029533,727.6761217089012,734.2501220703125,7245496
2021-09-08,735.5134582662054,739.5140156486024,732.5423124611898,737.5956420898438,6724080
2021-09-09,736.4725873700415,739.0226125546611,730.3899039927794,733.9459228515625,8250948
2021-09-13,730.8578287988149,741.1516010354179,726.950885759595,727.8399047851562,8959164
2021-09-14,729.9219926150045,732.0275368244709,723.6521384346185,724.5645751953125,9758506
2021-09-15,718.2245606360663,727.4889784667846,718.2245606360663,723.7457885742188,14822998
2021-09-16,719.5112913673174,731.9340258288291,718.8328610372279,729.8986206054688,10260550
2021-09-17,734.1330097670908,743.4909831229492,729.5475799761056,740.285888671875,20498102
2021-09-20,731.7935977510607,740.0753822447209,728.9862054323227,729.851806640625,8781610
2021-09-21,730.857800489461,733.9693384001288,715.3937249500291,726.1553955078125,14774996
2021-09-22,724.7750838701154,725.3131787966195,715.8850085999203,717.6162109375,10582202
2021-09-23,721.4997886706309,735.5367495397094,721.4997886706309,734.6009521484375,13664304
2021-09-24,738.812081199107,752.3577263390091,736.940486313232,749.3632202148438,20806702
2021-09-27,755.9839427357285,765.248360283423,752.3811454208159,760.3822021484375,16415462
2021-09-28,763.6107312729913,763.6107312729913,740.215794653108,755.6798706054688,12773790
2021-09-29,747.2342683926307,751.7260847567792,741.6896798907969,745.7603759765625,16263036
2021-09-30,742.0874145002653,751.6091426009663,740.7304967074409,746.2750854492188,15975348
2021-10-01,740.6836663870009,743.4910586790553,732.3784641896735,740.5432739257812,11128596
2021-10-04,743.4910687947713,749.2696065845623,740.9644042742369,741.9703979492188,7051028
2021-10-05,744.8948053722721,747.4682484812844,737.5254001055553,746.509033203125,10257178
2021-10-06,746.7663826422353,761.2010472242603,742.5552940183129,755.6096801757812,18600830
2021-10-07,761.0841230818784,761.5988003023383,751.9133186707471,753.5509643554688,11265724
2021-10-08,754.2527714983781,758.9317589146212,748.7081828334393,749.8779296875,7245562
2021-10-11,748.5912238329689,769.6934460990624,748.1701035333743,764.4530029296875,13080848
2021-10-12,760.3354092752614,768.079155828651,760.3354092752614,762.4877319335938,8176946
2021-10-13,765.9502127890877,771.0970987638464,762.6749217142412,767.0731811523438,6225644
2021-10-14,766.4180801076105,790.7488128094394,766.4180801076105,789.5322875976562,14757288
2021-10-18,797.7673126363635,807.125286978139,780.0105791694615,781.53125,28856456
2021-10-19,783.9409057808846,791.8951842055869,781.8587792751537,790.1405639648438,8987540
2021-10-20,790.327716219395,794.8429502889365,778.7940013526002,783.1922607421875,10908568
2021-10-21,782.2331397429754,786.9822662811649,777.109614248012,784.3386840820312,9738190
2021-10-22,786.1165697632731,799.1709545066842,781.7417284789476,786.4207153320312,12175554
2021-10-25,790.7488240142435,790.7488240142435,755.0949649733542,775.3081665039062,16426766
2021-10-26,772.0329195806469,783.1922930858217,770.3250777594776,773.3196411132812,12090656
2021-10-27,773.3195706484513,779.0747474620774,766.0905586340668,768.6640014648438,13249642
2021-10-28,772.0329334003637,772.0329334003637,742.6255085423319,745.6434326171875,17797750
2021-10-29,743.9588902564083,749.5736743338151,729.9219300628911,740.6134033203125,12406874
2021-11-01,741.6194314974399,753.7847975661676,740.9410012363768,751.1177978515625,8122320
2021-11-02,751.4454016168362,758.931781707664,748.6614268671785,751.7963256835938,13237722
2021-11-03,751.0242516160887,753.2701884011461,737.197878202498,739.9584350585938,10207338
2021-11-04,746.2985064756734,747.6320064902674,744.0057911766709,745.8071899414062,1096808
2021-11-08,744.9415577689133,750.8370703527786,734.8115388253409,748.7549438476562,18943580
2021-11-09,746.1113342173927,746.1113342173927,734.1565554425947,735.65380859375,12695476
2021-11-10,733.6651713952741,734.1330701015211,725.2429946828283,727.699462890625,13714126
2021-11-11,725.2663935153197,727.5356907580181,718.5052231167788,724.4475708007812,7999404
2021-11-12,725.2429104895263,729.4774161360951,722.926835009093,726.6466064453125,14914092
2021-11-15,730.9046736388112,735.466686748955,727.301875875369,728.6353759765625,9533594
2021-11-16,727.582542163149,728.6118965466009,721.3126876112315,724.3072509765625,8245406
2021-11-17,719.1135089681062,722.4355782478812,715.1831485439678,716.2593383789062,7598878
2021-11-18,714.0368884967193,722.2016985884679,713.6625466615229,720.2833251953125,9152874
2021-11-22,723.3713798098189,726.5062782081744,701.403559006971,709.0302734375,15261272
2021-11-23,702.7838511021728,714.8556604723817,700.1402120099383,709.1239013671875,11235214
2021-11-24,713.0776758128465,718.8562137965511,708.422106222235,710.293701171875,30802286
2021-11-25,708.7730260715878,717.4291526623336,705.1233930948175,713.9900512695312,10251652
2021-11-26,701.8481415514178,704.9830404037283,694.8296601359037,697.1223754882812,18624936
2021-11-29,699.4149985992442,705.4274854622762,684.0678984147324,702.4329223632812,12990996
2021-11-30,699.5086305355009,715.4171880192514,695.554908948658,698.8302001953125,25221542
2021-12-01,699.5086303908303,705.1468331680238,696.7480163459117,704.0238647460938,8677634
2021-12-02,703.9536364032033,715.3235983422754,701.8480921268228,713.896484375,11203110
2021-12-03,713.9199310376165,718.6690576265519,705.1468295311404,708.1881713867188,8124694
2021-12-06,707.9307438918171,710.6445792398034,700.6081177018816,703.6260986328125,7029532
2021-12-07,708.3752369718545,716.8208316271332,706.4802814453766,713.873046875,12427534
2021-12-08,718.6924370302457,727.6059305314374,717.7566395861959,727.0210571289062,15295534
2021-12-09,722.9970627041388,727.4421004421224,712.1418354958904,714.4111328125,11747744
2021-12-10,713.4987815442046,714.9492561772763,705.8018132009037,712.3992309570312,7779384
2021-12-13,714.0134087105283,719.4644399316592,705.216890396181,707.0651245117188,10322142
2021-12-14,703.0178025474343,709.3344350495244,700.4677774580217,702.994384765625,9191100
2021-12-15,703.2517185058593,712.7734452539385,699.8126746191084,701.8480224609375,10115148
2021-12-16,707.8371227013686,709.802274246207,699.0406049596792,701.894775390625,13210432
2021-12-17,700.4443715150442,704.6554599209462,686.7349164136573,689.2382202148438,14994768
2021-12-20,679.3889963331386,682.1963888799697,661.6556219890123,667.0598754882812,21156668
2021-12-21,673.5402041456153,678.8040647198691,669.0951663273568,674.6163940429688,9118750
2021-12-22,679.5293409953787,681.2605434308314,671.7621764690725,676.2072143554688,8577484
2021-12-23,679.9737894341596,682.1027513772324,672.3002392895576,675.6925048828125,9779166
2021-12-24,676.347641805039,679.3889836741034,668.1594136960191,673.259521484375,5561024
2021-12-27,668.580460708177,680.3247065996217,665.4221444980343,678.8274536132812,4705098
2021-12-28,683.4596341615539,686.3606404814903,680.0440077919508,683.5064697265625,5450678
2021-12-29,681.2839280160719,683.6000037447715,677.2365928197368,680.2545166015625,7668702
2021-12-30,682.4302882045415,686.3372311223421,676.1136554374787,683.833984375,7215918
2021-12-31,683.8340127004611,694.7360762558859,683.8340127004611,692.2094116210938,6325736
2022-01-03,694.8297146680293,712.6098689827667,692.7241700781261,711.0424194335938,9069184
2022-01-04,711.2060471421149,717.2419519918268,705.4977056629859,715.2066040039062,8857352
2022-01-05,719.0668195884875,735.5368326901471,714.9960662063432,732.1913452148438,14332638
2022-01-06,721.967753419475,727.4655635961949,715.9084876032401,720.4470825195312,9628930
2022-01-07,722.4357283744915,733.080425797108,718.6457596165626,725.50048828125,11179384
2022-01-10,728.986258037447,735.5368405872058,723.1375236180195,729.5243530273438,8856496
2022-01-11,730.6472691784858,733.992699333782,724.2136617774655,732.6826171875,8389198
2022-01-12,733.6651922663265,737.7125276138084,726.1788127534048,728.3545532226562,21085530
2022-01-13,727.5824837410013,727.5824837410013,711.393200027693,714.94921875,41963896
2022-01-14,715.885077496062,724.6347611521733,710.7381913179858,722.9737548828125,11208968
2022-01-17,715.8850370439071,728.0504036864833,710.8083473875251,711.9078979492188,22989372
2022-01-18,717.2886776701968,725.6640754798688,712.609690862172,715.5340576171875,12341152
2022-01-19,717.7565600585635,720.4469774121077,708.0944410960062,710.480712890625,14317626
2022-01-20,715.1598118180823,715.183229601881,701.8948938601593,706.0592041015625,15197846
2022-01-21,701.8480503767886,715.7914544908904,695.1102976698634,711.9546508789062,11537694
2022-01-24,706.5037531116415,711.7910322702779,686.6648901651062,695.6017456054688,11868508
2022-01-25,682.5004800615633,699.5085871279545,675.6457523831212,696.2567138671875,13594248
2022-01-27,678.4530869939807,694.8295408179733,671.4346067836982,690.1271362304688,28617838
2022-01-28,691.3203890833227,695.6250346492707,683.1321611246369,684.65283203125,24925208
2022-01-31,689.0978994263672,697.8944189691098,686.3139246484154,695.1571655273438,12842546
2022-02-01,705.8252323535418,709.8023715481092,689.4253590634428,700.4443969726562,14739484
2022-02-02,707.439482390718,718.2245712750496,704.4683367927917,716.446533203125,13969290
2022-02-03,715.3001273507508,720.5405698688631,706.0591281584843,709.0302734375,10564762
2022-02-04,715.1364636851665,717.218590284089,708.4454886877073,713.0776977539062,11579958
2022-02-07,707.5096208566665,710.7381333465257,683.1321097339879,686.9454956054688,12268042
2022-02-08,690.8056910143061,691.7648491334083,675.9031280031979,683.9977416992188,13981130
2022-02-09,689.6826995080589,701.7076735253208,686.4074085334615,700.72509765625,11308342
2022-02-10,708.398621088093,718.4584429859755,702.6200836537802,713.59228515625,14314530
2022-02-11,701.965063867404,713.5455573389709,701.614139822811,710.66796875,10711104
2022-02-14,697.1691307967247,701.5907510950923,687.4836496114692,689.5423583984375,14656620
2022-02-15,690.6185668794573,713.4988275713342,689.2382883898335,710.1767578125,13135066
2022-02-16,717.9203728269758,718.1075437339092,705.1233545574205,709.2174682617188,10032264
2022-02-17,707.9775856519622,712.1418959411561,702.7839209616402,704.8894653320312,7351208
2022-02-18,701.0526444546318,709.8023272905024,697.3795939695534,707.6265869140625,7796128
2022-02-21,703.7196436005554,716.2125160226459,699.7659224389105,712.1885986328125,7468066
2022-02-22,697.0755159478297,712.1886099012698,696.209857647376,706.8545532226562,9536196
2022-02-23,713.592352667638,713.873080486644,699.8127577039627,702.2692260742188,9029562
2022-02-24,678.4063475939694,690.1271759497945,658.4036778434378,664.1354370117188,23630766
2022-02-25,673.7507362909885,685.8927422957805,670.4286668157401,681.3073120117188,18318654
2022-02-28,667.2236014871822,673.0957535053741,661.6322344054892,667.340576171875,24880832
2022-03-02,648.7415860755369,654.3095923595013,633.7220483369093,643.0098266601562,38505560
2022-03-03,646.1681843541296,651.315070688594,637.6992282634567,641.4891967773438,17527922
2022-03-04,636.3422642528815,648.5076310694807,625.5338151583654,639.3836059570312,21219364
2022-03-07,616.9244686053191,623.4048545200336,606.8880638056838,619.8722534179688,27054458
2022-03-08,609.2976870802052,624.1768891432812,604.5251430083352,621.2759399414062,39212492
2022-03-09,622.3052236727108,643.2202711254723,617.0881421411699,641.5592651367188,23134694
2022-03-10,667.6914658500247,667.6914658500247,645.8172009386801,651.6425170898438,22273206
2022-03-11,649.4433817670237,659.2458364766177,642.2845089628895,653.5609130859375,15150780
2022-03-14,662.0766532654897,678.4531075865442,662.0766532654897,674.96728515625,25018126
2022-03-15,675.4118058493968,678.219198184067,660.5560214117672,666.2877807617188,18867928
2022-03-16,677.0494294773479,680.7926191358266,671.996100591785,677.5875244140625,13364108
2022-03-17,688.746881415176,697.0755010615136,688.0684511517023,692.5134887695312,14823954
2022-03-21,695.765443516387,698.8769816373319,689.1213040913631,695.531494140625,12257876
2022-03-22,693.0984136042903,700.912299571318,681.8220084853747,699.1109008789062,10461814
2022-03-23,705.1233492347262,710.6445768066046,689.4955210466934,692.13916015625,31188256
2022-03-24,685.9393987522116,687.6472401928752,671.2240095314596,675.0139770507812,20160044
2022-03-25,678.9209874344103,679.3888861163086,663.9482296136653,669.5162353515625,16366462
2022-03-28,669.5163154473864,672.8383850629837,655.8068595810566,670.4053344726562,15754886
2022-03-29,674.2420809430911,683.2491316427125,669.0951948290217,679.29541015625,12377448
2022-03-30,688.7469124751822,693.7768236906089,680.3481533388308,691.06298828125,20109742
2022-03-31,688.2790601611094,694.6892501793495,685.8927879631939,687.9749145507812,14295714
2022-04-01,690.8056661643701,706.5270513810643,687.9514954595828,704.6554565429688,14568556
2022-04-04,739.2800143171792,805.7684143080922,731.1152040942818,775.2146606445312,97450970
2022-04-05,779.8468281909389,779.8468281909389,749.5738017412657,752.4981689453125,30922582
2022-04-06,742.8827416727144,743.8653746340015,724.0030405883982,725.6406860351562,27027860
2022-04-07,721.1722998718208,721.1956605372436,708.2582498667109,709.6853637695312,40781732
2022-04-08,707.5096552211411,713.8964842819717,700.5847883163185,708.7028198242188,41256322
2022-04-11,704.6554829326345,706.5270778408221,698.6897741627865,700.0466918945312,20799066
2022-04-12,694.3617247002636,705.0531994018879,692.5603259887371,698.8067626953125,27435402
2022-04-13,697.1690664926792,702.9242433781278,684.3720484068768,685.4481811523438,28892520
2022-04-18,663.8781019646151,669.8672285581865,650.4026528038955,652.9292602539062,45620376
2022-04-19,646.1213875528598,650.1687231151512,620.901633806875,628.013671875,74096022
2022-04-20,633.7454320872375,636.2955145164841,624.8085774843098,633.67529296875,49325736
2022-04-21,638.6817380819679,645.6066618250044,633.2073460307391,643.0565795898438,52446270
2022-04-22,636.3422741404268,643.524508237747,631.2655843325418,634.2835083007812,20659148
2022-04-25,631.663309565486,641.3254301314081,618.6791193133066,639.03271484375,20935488
2022-04-26,641.956989934193,646.6125589606428,635.0087059489563,641.9804077148438,17016842
2022-04-27,636.3423251478798,645.2324017492105,634.5175085274548,642.2144775390625,18054334
2022-04-28,641.9570386552584,645.2323296688057,637.3248299413617,641.6528930664062,20773722
2022-04-29,645.8639695553754,657.2807094431166,641.7464951987836,647.8525390625,28401476
2022-05-02,637.3014921733744,658.0761502267766,637.3014921733744,656.7894287109375,19494316
2022-05-04,655.0581850485112,656.7426089581849,631.6632498682072,634.4706420898438,29055916
2022-05-05,643.360707162427,643.360707162427,630.0255943230603,633.0435180664062,17862912
2022-05-06,622.3052510154229,624.6447444402929,614.3509733708648,616.5032958984375,26731268
2022-05-09,608.2683736009221,620.6676904474025,606.162829230765,617.55615234375,32762434
2022-05-10,615.310279367215,633.0670142369999,615.310279367215,627.4756469726562,20113812
2022-05-11,633.0670056593522,634.0028031547836,621.6736825757839,631.0082397460938,17102924
2022-05-12,625.3280964613642,628.0261632360961,612.0272830721492,616.7843627929688,22382290
2022-05-13,620.0977504004504,623.8607721581939,609.1872638600877,611.2462768554688,16768238
2022-05-16,614.867343445593,621.0207502699137,608.382622442987,617.7546997070312,9804356
2022-05-17,621.3047820818717,623.3874853125446,614.4886886817793,621.9674682617188,16641444
2022-05-18,626.7245072423251,631.1028928608465,620.0740713797754,621.9201049804688,15732384
2022-05-19,608.8085531555822,613.636645262878,605.0692215597546,609.2109375,20537506
2022-05-20,616.7607290100877,626.7954928932373,611.7196570057959,625.2571411132812,13919350
2022-05-23,621.9674599302327,629.5171940370686,614.9146971161438,617.2340698242188,19486320
2022-05-24,615.3406742424088,627.1741487470705,613.8733349599582,624.3104248046875,12870796
2022-05-25,629.5408840910824,632.3572280918651,626.3221557067814,628.972900390625,12887112
2022-05-26,635.2919163568214,648.9477342187919,634.2742260052379,646.912353515625,26992428
2022-05-27,649.3265057177756,660.1659233011529,648.8294766230603,658.91162109375,24031718
2022-05-30,667.5262901343535,672.3780146327596,661.9408671117387,663.4082641601562,12624674
2022-05-31,660.7339547503448,664.9466836174759,653.2078527172565,657.4442138671875,13485388
2022-06-01,653.2078653942101,662.8876255046422,652.8055387723787,660.2369384765625,12091896
2022-06-02,656.6395776905593,656.9945819675592,652.5451834730333,655.6218872070312,11475020
2022-06-03,661.8699556291225,663.0296130823147,651.4564974904033,653.349853515625,6957244
2022-06-06,651.4564275288357,656.521131240136,644.0486613195667,652.4740600585938,6173266
2022-06-07,644.6876878569063,650.5097803969437,640.9482983756177,644.9716796875,10253966
2022-06-08,650.0364861317101,653.6811733997421,642.3210371494931,647.2437744140625,5986588
2022-06-09,644.806015573734,654.1781503456399,642.3919983690421,652.1190795898438,7311816
2022-06-10,643.7883099305161,647.5040092218784,635.9782170663667,639.5282592773438,9155430
2022-06-13,626.511501525943,629.5408827433928,619.2694493477306,627.9315185546875,10892572
2022-06-14,620.6658087125638,627.6475594683392,617.7074397482523,621.0208129882812,11870356
2022-06-15,616.1216730760376,622.8194309622124,614.5833214454613,618.8670043945312,11810470
2022-06-16,620.0740634178733,625.0678127660508,604.9272160672077,606.4892578125,12169192
2022-06-17,603.5072026453316,614.8673382245379,601.8978385488166,610.4889526367188,14723922
2022-06-20,617.5653345357969,627.174138793338,612.5716430424657,625.8251342773438,15936840
2022-06-21,632.8068924380476,640.9009774209887,626.7244981154012,632.6412353515625,13220684
2022-06-22,630.6058576498191,632.8305277490141,626.3221167580701,629.6591796875,8159698
2022-06-23,629.7775387566263,638.0609712468488,624.097470763331,631.9785766601562,15372244
2022-06-24,633.5879159905552,644.5220348931247,633.5879159905552,640.8063354492188,8013432
2022-06-27,648.474352858583,651.3143865207373,639.9542518721198,641.9659423828125,9804164
2022-06-28,636.1676608819845,639.4810341157448,633.5169738511049,637.0670166015625,9770574
2022-06-29,630.1325387583134,639.3626491851958,630.1325387583134,636.1439208984375,9994046
2022-06-30,632.3809061022116,640.9010081305348,632.3809061022116,638.0609741210938,12475822
2022-07-01,636.1439086225995,643.7410224780701,629.5645429261943,640.7826538085938,11472452
2022-07-04,640.7589611464242,643.8356645501927,635.3392528781949,641.6820068359375,8487480
2022-07-05,645.6342955312753,652.9000364945077,638.2028974999491,640.2382202148438,14325718
2022-07-06,638.0609093693026,650.0837303452961,637.6348927549916,649.0660400390625,15049078
2022-07-07,653.2078656726364,661.7279682683665,650.5808109266956,660.6866455078125,17743142
2022-07-08,667.4079643038475,667.4079643038475,660.1895448317669,661.3018798828125,12474030
2022-07-11,659.8345520397675,667.3606535366644,659.4795477972783,665.5856323242188,7462880
2022-07-12,665.1596606593656,665.1596606593656,657.6572487168633,658.7932739257812,9876974
2022-07-13,657.9412500032589,659.9292508118748,641.019379724398,642.723388671875,15945610
2022-07-14,644.6877388120965,649.7288108809627,638.6526663672696,639.5046997070312,10372410
2022-07-15,640.4276846012615,646.0604304121975,637.4930058328619,644.71142578125,13595646
2022-07-18,638.0609408531288,646.6283647787831,635.2445970528642,637.8479614257812,20332220
2022-07-19,632.8541762162614,643.0546537020829,632.8541762162614,638.0845947265625,15792538
2022-07-20,643.6937013470418,648.9950749004665,641.492663496681,646.1314086914062,20347862
2022-07-21,644.0013636183196,648.2377243196178,642.8416484646634,644.0960083007812,12640278
2022-07-22,646.5810889636165,661.2545983032007,644.877080080309,659.1245727539062,12729592
2022-07-25,660.3079157258574,664.8519586435416,654.7698724481547,661.0652465820312,10143126
2022-07-26,660.7811992012332,663.6212330086884,656.1898343247683,659.7161865234375,8527964
2022-07-27,657.4205694862873,665.5146550866178,655.2195315104202,664.75732421875,9212778
2022-07-28,669.7983540849104,674.0347148899765,667.8813080826944,670.6503295898438,17420406
2022-07-29,680.6615043400415,680.9454961932345,669.9167317996424,678.86279296875,20019736
2022-08-01,681.1347798374608,685.6078100048894,676.8984191557296,684.5191650390625,13193036
2022-08-02,682.5548362631915,683.7855061039321,673.5850853482716,676.9931030273438,15036510
2022-08-03,674.4843417078575,679.5964256924633,670.7213200112976,678.5787353515625,10975498
2022-08-04,681.6081431357295,684.7794912450086,668.8043003902649,677.7741088867188,12012206
2022-08-05,678.2947985756512,680.1644645453026,672.6857428860559,675.4784545898438,9268982
2022-08-08,675.9280724889151,693.2049454902074,675.5020558450844,692.0452880859375,15357736
2022-08-10,691.7138832613585,696.5182853005304,685.8918486744243,694.0569458007812,17353102
2022-08-11,703.6185014831334,705.7485272192075,697.962122918484,703.2398071289062,18301766
2022-08-12,702.9083577168467,704.9437383632303,698.624617003692,702.9793701171875,8850370
2022-08-16,707.5472147556159,714.0319364423374,704.3521762597685,711.0262451171875,12563756
2022-08-17,710.0085123405493,716.0435846954439,703.2634314733141,714.694580078125,12384350
2022-08-18,710.0084658675503,716.5878892073837,709.8428087816419,715.5465087890625,8342138
2022-08-19,714.7418839044774,715.6885618964038,705.2751039852128,706.7188110351562,8063702
2022-08-22,702.8138439940487,704.4941629518266,694.7197000209609,695.9740600585938,8234066
2022-08-23,687.903575143371,698.6246570090722,686.5308805205054,693.8203125,14966884
2022-08-24,691.9742490093071,698.4116474192263,690.6961991270781,697.1572875976562,13455520
2022-08-25,700.4943803550603,703.7604309305221,689.6549059666497,693.37060546875,11823040
2022-08-26,696.778632008081,701.3936868205767,691.6428581204374,693.4888916015625,7706176
2022-08-29,680.1881325761254,684.4481835108402,676.2120734809305,681.3241577148438,8653178
2022-08-30,684.6611742208433,705.251420744394,683.0755001251575,703.4290771484375,10135400
2022-09-01,693.3232687724303,705.014718429371,690.6015696459982,696.8259887695312,22403136
2022-09-02,696.8260769945268,705.5118367937589,693.5363360089872,703.1451416015625,12038086
2022-09-05,703.4290477623429,709.5351321703702,702.482369800808,707.6654663085938,12131932
2022-09-06,709.48787908154,713.1562565405578,703.594773527377,704.9674682617188,12238696
2022-09-07,696.4237030597683,705.2751193650466,696.4237030597683,701.6304321289062,9776206
2022-09-08,705.3224549448381,710.0085227511238,701.5594328865137,708.8724975585938,11164690
2022-09-09,708.2098000210051,714.2685624302175,707.1921673792319,709.3458251953125,15128888
2022-09-12,710.0085188900646,711.901874940438,705.2751287641307,706.9555053710938,11080492
2022-09-13,709.4878378356536,717.5346008263482,709.3221807419732,716.209228515625,13001966
2022-09-14,707.1921836653196,728.4214270878097,706.3874726655264,723.5697021484375,20219760
2022-09-15,724.2087167212493,729.3917559933695,715.6886141715876,719.806640625,13539372
2022-09-16,711.4758907092803,716.9666119495581,701.9617876785321,706.5768432617188,20560046
2022-09-19,704.8017372069685,716.6352116395905,700.5416864112245,711.2391357421875,12076038
2022-09-20,716.6352922326611,721.3686825380287,714.694613763589,719.806640625,10781668
2022-09-21,713.7951670816074,720.1852431794865,712.3751501709676,718.6942138671875,9072304
2022-09-22,710.955137435071,714.812861621089,701.8433622049612,703.3817138671875,12048144
2022-09-23,696.920622977358,698.1749828076821,680.1881018946707,684.5191650390625,15806252
2022-09-26,674.6736987181858,679.9277498021432,671.1946687964193,675.2890625,8923486
2022-09-27,678.0108084136324,681.6081733278456,665.9879860224158,669.2303466796875,12639700
2022-09-28,665.5146136488581,667.6919614261478,656.0005115959231,657.7282104492188,11816132
2022-09-29,660.923181202472,663.7158347077755,652.6397498004962,654.320068359375,14410388
2022-09-30,652.6398551450152,677.5611079896381,646.1077536442672,672.7803955078125,15781756
2022-10-03,667.3842557736752,671.1236451823496,663.1952174570123,668.922607421875,11541112
2022-10-04,676.638129699665,690.1282917818199,675.0524555373647,687.7615966796875,11538526
2022-10-06,691.051216767887,692.3055766138067,678.8627381029233,680.1881103515625,12549198
2022-10-07,676.9931194360024,679.2177896720063,672.3070516782196,677.2534790039062,13297994
2022-10-10,666.4613460689046,674.9814485044445,661.8226005195202,669.7747192382812,13109302
2022-10-11,663.1952792481815,670.7213811074919,662.4142583209682,662.9822998046875,14521620
2022-10-12,664.1892100752841,669.7036205529012,661.3965564168059,667.3132934570312,9225050
2022-10-13,663.6450131620727,665.6330139849169,655.1012205192,659.645263671875,14714234
2022-10-14,670.7213084715949,684.9214773171474,669.8929652889377,681.134765625,12849920
2022-10-17,679.2414685381723,689.9389184377674,675.4547565184473,684.7085571289062,18410500
2022-10-18,690.1519292027847,692.4476117206183,681.6081374235195,683.4304809570312,10561108
2022-10-19,692.968326325787,699.3110807594875,687.9509442623435,690.4359741210938,12967040
2022-10-20,683.5015092803935,687.7142378951055,682.7915007873737,685.7735595703125,7898078
2022-10-21,687.2881883606218,689.9625651125049,678.768086852019,680.9454345703125,10492606
2022-10-24,688.3769222390107,692.4949483754677,688.3769222390107,691.5719604492188,2167794
2022-10-25,691.5956128933714,694.7670189147169,683.9748664222344,686.767578125,13773394
2022-10-27,693.204906271337,694.5539107499477,686.9331650572058,688.4241943359375,15937276
2022-10-28,686.3415077571179,694.3882702618566,685.1108379889911,690.4595336914062,10474278
2022-10-31,696.7550217495098,709.061835992368,694.5066614551414,708.4464721679688,12830528
2022-11-01,711.6652179833346,723.7353630173054,709.487870043139,716.2802734375,19073756
2022-11-02,718.0552306509842,723.3802941610854,715.4991886100082,716.7298583984375,12720406
2022-11-03,708.9197790999174,719.5935963898347,708.5884649206265,713.5822143554688,10332352
2022-11-04,711.5231511022943,717.6292356675809,705.0857523541924,708.6594848632812,10818060
2022-11-07,714.7418728342593,715.6885508115232,706.2690933816195,714.1738891601562,9835834
2022-11-09,717.1322824659693,718.5049193556288,711.9018633497144,713.9608764648438,9269790
2022-11-10,708.6357980412447,722.7886455515248,707.6654877696277,721.7236328125,12774182
2022-11-11,731.3087317757319,774.8559183927981,727.9953588809551,762.6201171875,56722338
2022-11-14,763.0224185196467,770.5958420285266,756.3956729493768,764.4661254882812,19195390
2022-11-15,768.3001837702703,768.3001837702703,759.8274043968535,766.3358154296875,11030202
2022-11-16,766.170202291269,777.2226566503574,763.022486309608,772.915283203125,13578150
2022-11-17,765.90990368529,772.2763485631806,763.9219027916068,765.93359375,12100930
2022-11-18,767.2826318734135,768.2293100126775,759.8275415267101,763.9219360351562,10459232
2022-11-21,760.9634887596205,763.0225019450933,752.7036881737774,756.0880737304688,8344816
2022-11-22,757.3424030172414,759.4014161193165,753.0823520002695,754.9757080078125,8546314
2022-11-23,759.7090850341104,759.7090850341104,754.5023561024125,756.9400634765625,10185738
2022-11-24,760.1587437409996,772.4892478000642,756.9400732102165,769.2468872070312,17197960
2022-11-25,771.40060010171,772.3472781691015,764.0165227321851,765.6968994140625,8410496
2022-11-28,758.7150531969597,760.8687108608916,754.5260148319932,757.460693359375,16105980
2022-11-29,756.0407151883402,763.188122507995,753.958012039269,756.32470703125,12638236
2022-11-30,755.9697158820187,763.448495298528,755.9697158820187,761.3421020507812,15184806
2022-12-01,767.7558572644913,774.8559422576894,764.4424842676656,766.572509765625,20446366
2022-12-02,762.0758197096427,766.1465237122118,759.7801370262731,760.703125,7811078
2022-12-05,762.052089952201,764.2531278294877,755.5436787874839,763.4721069335938,11592622
2022-12-06,757.8157149339461,763.827096930786,757.342375948978,762.6201171875,12353092
2022-12-07,764.0401462647712,766.1464816690436,759.4487233693498,762.2887573242188,11674720
2022-12-08,762.0757892699328,769.6492132626774,759.7090942722001,766.572509765625,14803634
2022-12-09,769.649226714661,773.8382653777363,766.8091926677436,772.0396118164062,11963384
2022-12-12,769.175858298182,782.7133418481023,767.4718494913106,778.0509643554688,14434808
2022-12-13,781.0093651173817,784.322738181516,778.6426700715715,780.2047119140625,17031702
2022-12-14,782.4293535828931,788.3460909814328,781.0093366072435,786.8077392578125,14227640
2022-12-15,784.3463398849295,790.1920644334118,770.1461712097657,772.39453125,18182648
2022-12-16,766.8328578314446,778.6899649239426,761.6024388526127,776.1102905273438,14647958
2022-12-19,778.1693487623974,779.4237087213362,769.7438910954138,778.5243530273438,9604542
2022-12-20,766.903867720086,774.5719946187421,766.903867720086,773.1519775390625,7174698
2022-12-21,776.7493009218134,778.5480122385196,760.4427954437242,765.6731567382812,9269198
2022-12-22,767.850487106121,770.3592068674686,761.6024355451656,763.046142578125,9747096
2022-12-23,751.1889697537788,759.3067449086949,750.455271214228,756.2300415039062,10693152
2022-12-26,757.1058062416816,775.8026986121389,752.6090852918247,771.2822875976562,9907322
2022-12-27,772.9625269730042,774.3588538023118,763.7324171897993,772.0631713867188,7926772
2022-12-28,768.2765309952387,772.9625987224337,768.2765309952387,771.4479370117188,8691870
2022-12-29,766.856535519368,777.9326801546684,762.5491619891518,776.891357421875,11012896
2022-12-30,778.6426203561981,778.6426203561981,766.8091458826996,770.6668701171875,7122640
2023-01-02,770.1225318929031,776.1576039774972,766.1228405647803,770.9271850585938,4381378
2023-01-03,767.8504260872918,777.6958994173672,767.8504260872918,775.9682006835938,8378030
2023-01-04,773.9092723546631,778.9976666530196,760.6557802287117,762.0994873046875,10351600
2023-01-05,764.4424882611195,765.8861953295342,752.3250213655542,757.2003784179688,10941436
2023-01-06,758.2890762614053,761.649771597572,747.0235849749788,754.6917114257812,9092462
2023-01-09,755.4489881345364,762.8094321524873,752.6089543445569,756.1589965820312,10729340
2023-01-10,757.3424088115413,757.3424088115413,740.7755436187888,742.3375854492188,16371766
2023-01-11,742.17186935277,756.3957295571362,738.4088473774297,753.0350341796875,15195798
2023-01-12,751.5676897826115,759.1884361515325,749.8399908708047,757.0584106445312,9250070
2023-01-13,756.750729788885,762.0284712196939,750.7156575106625,757.6500854492188,9244546
2023-01-16,764.4424835397972,767.4245423463568,748.017643383427,750.3843383789062,14748094
2023-01-17,752.5142912567735,762.5490539569893,746.692199017474,761.5550537109375,10786354
2023-01-18,759.7091126719464,777.0333089188046,757.200392801334,774.9979858398438,19090642
2023-01-19,774.855979303361,781.0093865916589,772.9626232146538,778.2166748046875,11172162
2023-01-20,778.2165718647993,790.0027235140965,777.8852577053577,786.1923217773438,18843404
2023-01-23,788.7010600166277,796.4401406323066,786.4053775646045,791.9434204101562,15444400
2023-01-24,792.866505329516,805.8123152644733,792.842815267551,802.5462646484375,24983940
2023-01-25,800.6056037705797,801.3392445591735,778.7846872191718,780.370361328125,14704142
2023-01-27,772.4892355564111,774.8559305182873,752.5853078147762,764.8211669921875,35179948
2023-01-30,754.9757076943356,769.3179025577755,748.8223006723755,764.0401611328125,18512822
2023-01-31,766.6671531399184,768.0871701361255,754.975702983403,758.9990844726562,18596244
2023-02-01,768.7024970580272,788.1093950748863,760.18239548965,770.3828735351562,17302790
2023-02-02,761.1764609144216,768.9392323415261,752.0173625008308,758.9281005859375,17497106
2023-02-03,762.5491167048964,785.9793968271139,760.6557607354243,785.1747436523438,14411100
2023-02-06,785.7427543408033,790.1921525781385,779.2106529093284,781.8377075195312,11167672
2023-02-07,785.4587118076032,788.0620761871278,772.7732040823922,782.997314453125,10264588
2023-02-08,783.0209836671545,789.6240391235308,781.0092930638084,782.9026489257812,8444826
2023-02-09,785.7426834360527,786.5237042859567,774.1695688314326,781.2696533203125,11777336
2023-02-10,780.441316337142,785.0326812308807,777.3172329126792,784.3699951171875,8172116
2023-02-13,783.3759959273335,786.5710339771882,778.4296267994425,784.961669921875,5736944
2023-02-14,788.1093910341734,794.0261282040997,784.7723281580804,792.2274169921875,10908592
2023-02-15,794.2627899763636,794.2627899763636,784.204336885185,790.6181030273438,11438712
2023-02-16,791.9908166376073,796.1089007357218,786.216103767944,787.7544555664062,8062500
2023-02-17,786.2160803362563,789.6004657481362,777.6722882594793,783.8020629882812,8956270
2023-02-20,785.7427736956203,790.2158043251848,773.8146534963532,776.441650390625,8086706
2023-02-21,776.275896847954,786.8550110811879,773.4358630789981,779.3526000976562,12389296
2023-02-22,775.8026119130404,777.1989388344294,761.6261321413451,764.0637817382812,10359102
2023-02-23,763.4957924668398,766.2648140080034,753.6029959990215,758.8807373046875,27882010
2023-02-24,765.8151364213195,765.8151364213195,750.336917326773,752.1119384765625,17061740
2023-02-27,750.6683165199346,756.8690457387776,746.5976127581428,753.981689453125,14312972
2023-02-28,753.5557112171675,759.8511432233867,751.993669356785,757.153076171875,18993992
2023-03-01,763.0224897194503,763.4958287329239,755.3307307505042,756.41943359375,14137256
2023-03-02,754.5024054273814,760.1587836607059,748.8223371305629,749.9819946289062,17391814
2023-03-03,755.4490722648835,766.8092086899194,751.662360123205,764.8685302734375,14986234
2023-03-06,766.8091895470669,776.0156100994345,765.8862015978312,770.2645874023438,27004710
2023-03-08,766.8091679963849,776.039278351897,766.8091679963849,771.8029174804688,20099774
2023-03-09,771.5188971092862,779.0923212778464,770.1225701404643,771.8739013671875,20700166
2023-03-10,762.2887875145955,763.8508293638935,750.2423327911828,751.9700317382812,27387000
2023-03-13,751.6150309707979,759.1411328403547,740.751865944351,742.4559326171875,26443550
2023-03-14,743.2605460585534,749.5796099935142,738.0775072511518,740.4678344726562,33185612
2023-03-15,746.9288948951588,749.2482674050162,727.3326499748621,729.8413696289062,37264754
2023-03-16,728.4686837227395,737.982785579755,725.1790009533352,734.5747680664062,21753342
2023-03-17,737.2255693270333,747.4970035851742,728.9421359638083,744.3966674804688,22950876
2023-03-20,742.1719225798777,742.2429349918079,731.498161926119,739.2372436523438,26503114
2023-03-21,744.0651312534271,749.0588802339063,736.6100428719521,747.6151733398438,33050494
2023-03-22,749.7688683374347,750.7392362603512,740.9174534207036,745.8875122070312,14177324
2023-03-23,742.0771890697815,752.7746385074203,737.722493547406,739.8998413085938,28364178
2023-03-24,738.4088098056723,744.9882331927605,736.0184248411618,738.7164916992188,31477748
2023-03-27,739.4500901227714,747.6151870715003,737.8881062444385,741.9351196289062,31872006
2023-03-28,741.1069207513099,749.2483870058587,740.3495898343076,747.9703369140625,39276302
2023-03-29,749.7689157853254,758.2890171010677,748.7749155212824,751.567626953125,39763612
2023-03-31,755.2597399090109,763.4721604711577,753.7450781349003,761.8628540039062,34711228
2023-04-03,760.916103659407,764.7737701383646,758.6440534334533,762.3361206054688,40025398
2023-04-05,766.1465453044627,783.8494366496599,764.915875377929,782.784423828125,43365392
2023-04-06,780.3230137466818,790.0974176490104,779.6366375439686,788.7484130859375,44637344
2023-04-10,787.2810834915474,790.9494607030667,782.902697787476,785.009033203125,31813286
2023-04-11,785.2694286862951,790.1921660159843,781.5300388983272,787.3048095703125,42361542
2023-04-12,789.5294292037479,799.0908536154229,789.4347845187364,797.5288696289062,26955504
2023-04-13,799.138228506588,803.2799446098875,794.3338262706332,801.1025390625,35330086
2023-04-17,814.1430655398879,814.1430655398879,782.571377912893,788.8904418945312,32405148
2023-04-18,790.4761429987975,793.9078508052294,784.0387440490672,785.5534057617188,29637226
2023-04-19,788.1093596720481,790.618079244519,784.3936604333247,788.440673828125,24741168
2023-04-20,791.280785812552,794.0024850715804,788.7721237726142,791.37548828125,32922716
2023-04-21,790.0028164885751,793.7658385477291,787.2811171507625,792.6535034179688,20128618
2023-04-24,798.5228483313539,800.6291836512714,792.4167640167948,799.0671997070312,35675852
2023-04-25,798.8541289397548,798.8541289397548,786.6420186043182,787.70703125,50353068
2023-04-26,785.7427625625156,792.8428477663938,783.3760674945562,791.3281860351562,27392750
2023-04-27,790.7128018135829,797.6945520840111,788.5117639010149,795.682861328125,47790392
2023-04-28,797.4341901096315,800.4162489215953,790.4761299225689,798.806884765625,27916272
2023-05-02,799.3275537958391,804.2029686544997,796.1562055779098,798.6412353515625,32221184
2023-05-03,797.552545393005,802.7829645894082,795.0438832970477,801.4339599609375,29407270
2023-05-04,798.5702121515963,820.9828021558743,798.5702121515963,817.8351440429688,56854638
2023-05-05,775.8026458391606,786.1924141095578,767.8032049269116,769.4835815429688,62770416
2023-05-08,773.9092936156137,781.1750359781396,771.5425985281042,778.38232421875,37244524
2023-05-09,780.9620480823568,783.8494045017483,776.2522902407883,778.406005859375,43688938
2023-05-10,778.4059920594077,783.210394506021,773.0099158578086,782.0033569335938,46340550
2023-05-11,788.1804838313546,798.9962689250709,780.6543818274131,782.5240478515625,35734618
2023-05-12,779.5892797778581,791.8014482563958,778.2875976167232,789.4347534179688,22478760
2023-05-15,791.4227853213184,795.5645014526352,788.1567347587811,793.2214965820312,18512260
2023-05-16,800.4030139627808,800.4030139627808,787.0932626645074,788.6732177734375,32722086
2023-05-17,789.9658192684319,789.9658192684319,778.1641970070733,784.43603515625,30466868
2023-05-18,789.0083230433131,791.8569644245696,785.1781855528116,787.572021484375,49646942
2023-05-19,789.0083216684993,789.9658560394562,781.1326248446826,788.481689453125,30460332
2023-05-22,787.5720763787239,791.3543491028732,781.6832161993159,785.6809692382812,28334032
2023-05-23,789.4871228939105,789.7743715289307,782.0422694614203,783.837646484375,22470074
2023-05-24,779.2176169192138,782.6647175463944,772.5387790945629,773.5921020507812,33588112
2023-05-25,773.5441253964981,775.6268094273125,764.7587591498904,770.6236572265625,29776930
2023-05-26,775.1241337865805,775.1241337865805,767.1047828039214,773.5921020507812,26635066
2023-05-29,779.6723723310973,785.6569622323185,777.9248603912886,783.0237426757812,21816292
2023-05-30,782.1141249746089,786.446991726549,779.6963855607993,783.6222534179688,37125928
2023-05-31,780.3427069263231,782.7604463317739,768.2538345692759,771.22216796875,43334270
2023-06-01,775.5549758597977,775.5549758597977,766.0274971750312,767.9425659179688,50366938
2023-06-02,771.9881679023533,773.1133176055869,766.5063067001975,769.1395263671875,17859710
2023-06-05,772.9696311869709,773.9271655706029,767.2004631482836,768.1340942382812,18697242
2023-06-06,769.6901249341668,770.7433894299307,762.3170981340278,765.7402954101562,32182852
2023-06-07,767.6792895707576,772.0361181070452,764.112497093835,769.7140502929688,24949026
2023-06-08,767.5834304077028,778.4753830300483,767.5834304077028,770.1926879882812,37395522
2023-06-09,773.6399676877086,774.8847507794242,769.3789277124094,771.1024780273438,18212578
2023-06-12,772.0360368064102,773.592030136009,765.7641400155738,766.4105224609375,13408292
2023-06-13,761.2876940266594,770.3364055694209,761.2876940266594,767.7031860351562,27926108
2023-06-14,771.030546307908,771.7726587801916,766.1231829378727,766.8652954101562,20113968
2023-06-15,767.9425712071014,768.8761438484094,755.9733914813049,757.4336547851562,35377476
2023-06-16,759.8754201529412,770.4322024997265,758.3672916910389,767.3441772460938,15779272
2023-06-19,771.2940091758765,772.8500026766968,765.2375920147995,768.0144653320312,24829146
2023-06-20,768.0144276761805,771.2939713592292,761.5510703742875,769.6182861328125,20005626
2023-06-21,773.6877691232111,783.8615717803077,771.2939332038942,783.0715942382812,24308946
2023-06-22,785.1781832214814,793.580570693625,784.7233777731387,786.9017333984375,56596140
2023-06-23,784.0051796001923,794.7056138469821,782.3294945543738,786.8538208007812,21339218
2023-06-26,787.571994837304,790.3249060654587,779.7680665871447,783.0476684570312,16130314
2023-06-27,786.5905337191974,800.9296461673263,784.4840048316838,794.083251953125,33831864
2023-06-28,799.5412267594668,804.2810337444777,794.9929383437692,802.4856567382812,59562950
2023-06-30,815.8193069543128,818.1174128864183,805.8848875767882,814.5745239257812,40699016
2023-07-03,819.8888869527296,841.4334124492976,818.691968869587,823.3839111328125,44104116
2023-07-04,825.1313123295552,836.406303333363,820.5112555769142,827.4054565429688,38795188
2023-07-05,821.6841820227852,823.4795589682101,798.8470106542848,801.1211547851562,37165754
2023-07-06,800.977524195429,808.0872054143094,794.9450691746598,801.93505859375,52156544
2023-07-07,797.1473857846021,801.9350577712964,792.9821345334826,794.945068359375,19926336
2023-07-10,795.2323693528155,802.7729532283765,789.8222762743131,793.053955078125,38398442
2023-07-11,796.1898182223189,802.4137915457645,787.8113925946035,789.1998291015625,50670426
2023-07-12,792.5273150200137,797.7698512050471,779.0261026386073,781.8029174804688,70958358
2023-07-13,793.1735905563402,793.5326659534852,784.2446291019418,785.704833984375,41913546
2023-07-14,791.6894727017868,791.6894727017868,782.7844139927244,787.3327026367188,24727214
2023-07-17,789.9658626293475,805.2864126924621,781.8268204083179,803.80224609375,49252928
2023-07-18,812.9466853634967,815.8192884919896,799.5412040971963,803.1319580078125,81076818
2023-07-19,804.8554392242829,808.5180195878992,801.934971315903,806.7705078125,32935134
2023-07-20,804.879386806113,810.0739985716599,804.3287929080311,808.5180053710938,56210948
2023-07-21,804.3288890002611,809.0208308967337,801.0972104283851,802.2941284179688,42154248
2023-07-24,803.6107312414538,806.555161158962,799.5890751426567,803.5628662109375,32179444
2023-07-25,806.5551228956,813.4254200816819,803.5628280895314,812.2763671875,55992596
2023-07-26,813.7126998116902,813.7126998116902,808.1590121278992,809.45166015625,24794358
2023-07-27,813.8564004422645,815.3405671200665,798.3203692500316,801.0493774414062,59741302
2023-07-28,795.471629607848,799.0145182505155,785.7047679378544,786.8538208007812,41015684
2023-07-31,789.989808735889,793.2214872008873,784.5557544882844,790.5403442382812,34565006
2023-08-01,792.0963421090329,798.3203154846697,789.9658515231379,795.8307495117188,35394188
2023-08-02,786.1357533490648,790.6840418124119,781.8986752587043,785.4176025390625,28116322
2023-08-03,785.1781976196645,790.6121935791729,777.0391553272656,779.7442016601562,57673946
2023-08-04,782.856158727379,793.0778262359121,780.0314207032054,791.0191040039062,37388304
2023-08-07,796.2376491558498,796.2376491558498,788.7928549114002,790.5642700195312,28300918
2023-08-08,790.779775695363,792.6469794990385,786.1597188833139,789.9180297851562,43773828
2023-08-09,791.4021180992739,792.1202688416507,780.9171055719207,790.2052001953125,33361236
2023-08-10,788.5534502391737,792.0005503088863,780.8692141779015,783.1912231445312,50781118
2023-08-11,784.4122069559019,784.4122069559019,773.7835398495799,775.0283813476562,28225822
2023-08-14,771.2939587813216,773.2090275802822,766.1472113841155,771.24609375,31304410
2023-08-16,757.936278873205,770.6475703412267,757.0745330516527,768.9957885742188,34137542
2023-08-17,764.8784583736676,770.7673182443161,763.1549081618289,764.73486328125,52884040
2023-08-18,760.0668453838622,764.2560581283789,759.085349306415,761.598876953125,25633366
2023-08-21,766.2668661889733,766.2668661889733,759.8035093045302,761.0004272460938,21837270
2023-08-22,764.2799958764373,765.069973432526,756.4521639695814,757.7448120117188,32273570
2023-08-23,756.4520870169149,761.5031037600577,753.2204087970642,759.6119384765625,36498588
2023-08-24,762.8197446808867,764.2081226998831,754.6088761414499,756.1170043945312,43145792
2023-08-25,753.8429059393314,755.2552457791736,746.1108040957927,747.594970703125,30069756
2023-08-28,747.5949720764402,757.7209098998453,747.5949720764402,755.3749389648438,28867238
2023-08-29,761.0961768187698,762.5085750919843,757.1463475103358,761.3834838867188,35538932
2023-08-30,767.918583020737,767.918583020737,753.4358760513546,755.8297119140625,28084204
2023-08-31,755.973358072876,757.9602535082042,748.3609484150296,752.358642578125,100075772
2023-09-01,752.1432576208482,755.9733951516992,746.5656081528945,753.9146728515625,43226776
2023-09-04,761.2398731833899,761.9340622690505,754.0104999128797,758.630615234375,25073638
2023-09-05,760.4738554447009,760.4738554447009,751.9517756465584,754.010498046875,38712082
2023-09-06,754.9201238552107,766.0274992165465,754.010454511239,763.873046875,56320910
2023-09-07,763.8731027987624,772.730296406896,759.8754081832036,771.22216796875,34208342
2023-09-08,770.0012791246807,781.7789400663747,769.6661070326583,777.2306518554688,34502210
2023-09-11,779.8638828046087,783.5025017381441,777.51791189902,781.2523193359375,31573022
2023-09-12,785.178197372979,786.5666339228394,778.0206512071577,783.6940307617188,39033340
2023-09-13,781.0129551372609,790.7318942113928,779.7202486339522,787.04541015625,46420094
2023-09-14,787.2129133414476,789.9658245482066,782.8321820803015,786.5665893554688,23538848
2023-09-15,789.9658552054733,799.5411989049336,789.9658552054733,795.5913696289062,173411202
2023-09-18,791.7612564347212,792.3597154342939,778.5233316755201,779.9357299804688,37056288
2023-09-20,765.5486976798287,765.5486976798287,747.0682967790859,748.648193359375,115474648
2023-09-21,743.5254363384076,751.161749541656,735.8891231351594,743.6929931640625,72841442
2023-09-22,746.3980579436757,748.9834124885792,729.5215142987016,732.3462524414062,61704250
2023-09-25,730.1199506265053,737.636571986799,730.1199506265053,732.9925537109375,40208754
2023-09-26,730.1199143423902,737.3014216965777,730.1199143423902,736.1763305664062,27575308
2023-09-27,729.1623733855774,733.7106613351264,725.3322361649047,731.005615234375,39338538
2023-09-28,734.4288841265327,736.1524343562999,726.9361657647512,729.49755859375,55354188
2023-09-29,729.4975291821899,735.1230435502242,728.8273018844358,730.7423706054688,32053782
2023-10-03,731.0774976675469,731.0774976675469,721.0233866976592,722.0048828125,38971694
2023-10-04,715.7569109328484,734.9075975129915,713.0039997369529,732.29833984375,54649430
2023-10-05,734.9316099718342,742.8312687313597,733.7585952718871,735.2667236328125,48512674
2023-10-06,739.2165299136511,739.6952970962377,732.4419625913994,734.4528198242188,17759356
2023-10-09,731.55630088108,732.513835306317,723.8960254791839,725.9307861328125,16454972
2023-10-10,727.989492834349,732.035052316478,725.4280415474352,730.0481567382812,33266292
2023-10-11,732.561636194785,738.3308039789869,731.7956204103215,737.1099243164062,31333360
2023-10-12,735.4343454713572,743.0467562738991,733.2798928919548,742.0173950195312,22025336
2023-10-13,737.3014842223872,741.5146589381054,732.4898505097352,735.2667236328125,39745300
2023-10-16,733.2319349541434,734.6442747554978,727.9654959828763,732.322265625,17856084
2023-10-17,744.8420626176685,744.8420626176685,734.9076433348039,737.8759765625,32902558
2023-10-18,737.8759782779842,737.8759782779842,726.8164677513256,727.6064453125,31216200
2023-10-19,720.7361578942352,730.7184423716426,719.682834983418,725.308349609375,30252364
2023-10-20,720.5445716148215,731.0774490736428,720.5445716148215,729.066650390625,21094010
2023-10-23,729.4018275247573,731.9153553189844,718.1986633818357,721.04736328125,22376136
2023-10-25,728.2048937755804,729.066698092264,714.0572999767982,716.47509765625,28311996
2023-10-26,713.9616466683456,714.3207220983548,699.1198622279642,700.6279907226562,55561798
2023-10-27,703.548416210113,707.6179375015631,702.3036331507926,703.380859375,31940532
2023-10-30,700.5560993380782,713.3391600901615,699.9097753123232,711.0171508789062,23310982
2023-10-31,720.0658162779376,720.0658162779376,705.7028013255851,706.8997192382812,32634824
2023-11-01,700.077362339955,707.3546006535829,700.077362339955,705.9422607421875,33877466
2023-11-02,710.9692996573848,713.6025192857455,702.4233167339939,707.0194702148438,45225154
2023-11-03,712.4056102569502,714.0334304636632,709.3654501545199,710.370849609375,18095340
2023-11-06,717.193263319672,717.193263319672,710.0117553425058,715.517578125,25593730
2023-11-07,715.2781873463503,715.2781873463503,707.234875115352,712.0465087890625,41952848
2023-11-08,710.466607940081,715.0148966273784,709.0542679881736,714.1052856445312,31399546
2023-11-09,711.4480744130556,714.607926311971,710.2511563874616,711.280517578125,22116740
2023-11-10,708.6232803377466,716.2356900692465,708.5993770450763,714.0812377929688,14015186
2023-11-13,714.3684707875195,716.2117126727126,711.4001377601898,712.78857421875,20605914
2023-11-15,720.1137927400063,723.3933366396359,718.4142041069291,720.2574462890625,41245460
2023-11-16,722.7948225701767,727.2473809327844,719.9461810912933,722.1484985351562,29713838
2023-11-17,713.3631559819523,721.7415823105994,712.8843887631724,720.592529296875,23701874
2023-11-20,724.3748498248017,724.3748498248017,718.8929881852589,720.6404418945312,19331452
2023-11-21,727.2472967530639,728.6835981949724,723.9437917480229,726.7445678710938,24959972
2023-11-22,727.7260937743376,727.7260937743376,719.8503972552013,724.1593017578125,29123650
2023-11-23,722.220328180805,729.5693930831869,722.220328180805,728.3485717773438,13046220
2023-11-24,728.3006518298484,734.0219550188177,727.654327789123,733.5192260742188,16469192
2023-11-28,735.0033827728541,735.9848789111071,730.5030178431152,731.8674926757812,28489338
2023-11-29,734.3810375748553,748.3131517440087,733.9501353957551,746.4699096679688,34042488
2023-11-30,751.2575357769422,752.8374324125391,738.3308218551477,746.3023071289062,69491440
2023-12-01,745.871478620776,749.6297896841719,743.0946053120196,744.674560546875,22153536
2023-12-04,760.2822639666176,771.7726760164909,753.4119667837824,770.5278930664062,50662456
2023-12-05,783.5025110233172,784.6994290053266,773.9271671672425,777.374267578125,52230820
2023-12-06,784.4361042559843,784.4361042559843,773.9990142449448,779.3372802734375,38613060
2023-12-07,777.9966383401941,782.3055427986936,773.7834639368028,780.6058959960938,20450386
2023-12-08,780.605970823838,792.3597291563016,780.605970823838,791.4979248046875,33728038
2023-12-11,789.9897746540502,796.5248996245001,788.5295114407461,790.444580078125,23187620
2023-12-12,791.9766596766761,792.9581557902037,781.2762247045517,782.5928344726562,36581476
2023-12-13,781.563465201162,783.2631120796166,773.2568662574292,780.8214111328125,29346914
2023-12-14,788.0507632436652,794.2507747290626,787.5719960728002,790.0376586914062,35172366
2023-12-15,789.9658581899005,798.5836675519721,788.3380380661904,793.101806640625,138837130
2023-12-18,795.0886602023099,797.0037289891579,790.4206800343679,792.69482421875,18014754
2023-12-19,789.9658725265142,794.1072204559873,787.1172310907685,791.3543090820312,24008446
2023-12-20,793.795966876438,799.038444004139,787.308648353673,793.3171997070312,34232520
2023-12-21,793.31719852569,808.9968233004131,790.0855201370065,807.5365600585938,36589240
2023-12-22,806.0524630799391,807.1536510402615,798.1528041148157,799.9481811523438,48578850
2023-12-26,801.0972570093661,807.1775773726962,798.847074435413,805.5018920898438,18045856
2023-12-27,805.0470435987298,817.0162235511344,803.6586070355986,815.4841918945312,27009078
2023-12-28,818.3568162242175,824.149887782185,814.8617922105217,816.4177856445312,44076470
2023-12-29,812.4679265922668,821.0378710363707,811.9891593992248,818.3328247070312,25011426
2024-01-01,816.7768404269046,818.2849687904367,810.0740996496615,812.9945678710938,14239686
2024-01-02,813.3297325444754,815.2448013204753,808.4941371304667,813.4733276367188,29242092
2024-01-03,814.8617397029581,816.1543877106121,799.038461039413,800.9296264648438,28389762
2024-01-04,803.3713517790169,811.4864323425077,799.8763278844378,809.5234985351562,26734056
2024-01-05,807.7521349770598,816.2502532169135,798.6315959676855,805.3822021484375,31889470
2024-01-08,803.6107431564817,805.4539851831421,794.7535499790049,796.4052734375,17998470
2024-01-09,798.1766851243468,803.2755670838737,788.4098233393704,790.2052001953125,25326888
2024-01-10,786.6145023545687,794.7295829425168,785.8484865302768,792.8145141601562,16115824
2024-01-11,794.7535608406137,796.1419974247106,786.6145183500772,789.4871215820312,18314010
2024-01-12,790.9234559912412,792.8385248919463,782.1141273593444,785.7527465820312,19773552
2024-01-15,788.8646717373587,804.7597774337735,786.9017379565865,800.8817749023438,28320356
2024-01-16,800.977566949657,806.076449581534,793.8439236127375,803.9219970703125,25322500
2024-01-17,751.6644868680132,764.4954709128732,731.7477834906084,736.1045532226562,170145236
2024-01-18,715.2782697105378,725.3323819353847,708.5994899670536,711.5199584960938,161070930
2024-01-19,720.999446229209,723.0581685801238,703.0217728163159,704.0989990234375,109600538
2024-01-23,701.3939438294391,706.0379622645205,682.243255943311,683.3683471679688,115469402
2024-01-24,660.8184204446432,698.2579916906107,660.8184204446432,697.0371704101562,86004404
2024-01-25,695.409322831776,697.731331945695,679.5621410018516,686.9830322265625,98941852
2024-01-29,693.2788688648152,700.3406850803747,692.2016426624417,696.438720703125,65645498
2024-01-30,696.3908230536141,700.5321123941566,689.8556393766623,691.4834594726562,41728768
2024-01-31,689.1853406292018,706.1576134139724,687.8926926486038,700.220947265625,65761040
2024-02-01,701.4178599181299,705.5112841214318,697.1089554241759,702.0402221679688,32690740
2024-02-02,706.1815615123702,708.982337711751,690.4062069562272,692.369140625,44867754
2024-02-05,692.2973590957444,695.1220972150085,686.5761145330804,691.7467651367188,38605046
2024-02-06,692.0819428119112,694.0687799185687,685.8818725644124,691.3876953125,41075740
2024-02-07,695.6487048996299,696.0317420167268,683.0332015338389,684.6130981445312,54837086
2024-02-08,684.5653014988382,688.9220715355453,670.5134952051483,671.734375,69106124
2024-02-09,666.515758652701,677.0725401801844,664.0500959229506,671.9976196289062,56642124
2024-02-12,670.1065041980137,676.8092448082598,662.3025756816373,665.4863891601562,34447812
2024-02-13,666.4199643535106,672.3566891768745,662.7813454112104,667.6168823242188,57580994
2024-02-14,658.7836570696176,666.2045485555035,652.8230288985812,662.6377563476562,91320810
2024-02-15,663.0925826953933,677.6949825309235,662.7813723217212,677.0007934570312,41584944
2024-02-16,681.7166435513678,683.5359238875297,674.31965507416,679.8015747070312,32175742
2024-02-19,684.1582784493564,684.1582784493564,677.5512681982948,678.4609375,34451756
2024-02-20,677.4556044062488,697.6835190961174,675.9235727064516,696.2711791992188,56133508
2024-02-21,700.9151754054046,700.9151754054046,687.0309267122648,689.017822265625,45893136
2024-02-22,678.7722288264276,684.0626300055545,676.1150473676641,679.634033203125,50560882
2024-02-23,681.0702888003248,686.5042847124961,678.8918747107963,680.1366577148438,29833452
2024-02-26,676.761348833584,686.9590543726445,676.761348833584,680.9505615234375,23506870
2024-02-27,676.7614127525852,683.0571548064959,676.5220291476985,679.9212646484375,32087150
2024-02-28,679.9212837827165,681.8602559709077,672.1891814386264,674.7745361328125,25321986
2024-02-29,671.2794347728534,675.253225645792,668.9813874316935,671.90185546875,53295700
2024-03-01,670.2740637422462,685.9536891619308,670.2740637422462,684.9961547851562,34738898
2024-03-04,685.0919668902969,687.9885321042292,681.9082114608515,685.9298095703125,35616474
2024-03-05,680.8069758120575,690.8610872691976,680.6394189764245,689.8317260742188,37991672
2024-03-06,686.3367475409569,695.576919496979,686.3367475409569,690.6695556640625,42409530
2024-03-07,692.0580272311091,694.7152087205789,690.0950932873528,692.3452758789062,49348046
2024-03-11,684.6370656855901,692.2733788101641,681.2856954339823,683.5838012695312,50531094
2024-03-12,686.5521430195154,700.9151585638567,684.2779988916614,698.78466796875,65418454
2024-03-13,701.6333514911945,704.553819805337,694.260324713518,699.191650390625,63067454
2024-03-14,700.0055299615263,701.8727337796063,691.4835086418929,696.8217163085938,52432158
2024-03-15,694.2124563732988,698.665014815619,690.5020104857863,695.481201171875,143613804
2024-03-18,692.7760944963727,697.0849990233024,687.4139255734966,692.3212890625,21437856
2024-03-19,687.2702704859524,695.3614473234808,687.2702704859524,693.9011840820312,36183594
2024-03-20,693.757641226056,695.002424269405,682.0757097447741,685.1398315429688,43606094
2024-03-21,690.6695449843953,694.8108929167894,688.6108811083764,692.1776733398438,28922860
2024-03-22,689.9034770136652,694.5714568199686,688.3474837448974,690.7891845703125,45980326
2024-03-26,683.2965603924812,688.4433080631126,680.8788209713061,682.434814453125,56844290
2024-03-27,681.5491372067122,693.2310112679723,680.4479491623351,689.7599487304688,62168668
2024-03-28,689.7598723903825,699.2394862002545,689.7598723903825,693.20703125,55592142
2024-04-01,698.0425707036562,705.6071157662267,696.8935177463561,704.0271606445312,25199570
2024-04-02,701.4657698820595,715.685132245699,700.5561005197442,708.6472778320312,41225446
2024-04-03,704.7932359077813,716.0682276845824,704.4581222201347,709.6766967773438,45584386
2024-04-04,720.065912216293,732.5138601668406,720.065912216293,731.3648071289062,88935066
2024-04-05,736.8227010597361,744.2435924609226,732.5856231419043,741.8737182617188,59055902
2024-04-08,744.4590593119542,745.5602472863112,738.0436253706997,740.4613647460938,20482940
2024-04-09,744.4111567395224,744.4111567395224,737.4451291623751,741.3949584960938,21884494
2024-04-10,742.041335404094,742.041335404094,733.9261958559255,735.5540161132812,27807400
2024-04-12,728.2048847735614,732.4419626511461,724.5901691674342,727.223388671875,41084208
2024-04-15,716.9778144689066,722.9384424882777,714.3445949763995,715.61328125,23415248
2024-04-16,711.9268363888184,724.3269187314523,709.6526921569106,722.5794067382812,20744886
2024-04-18,722.8427124294902,727.1755203466597,713.8658277959437,715.61328125,34234884
2024-04-19,711.7113984519393,734.8836839791993,708.6951417404246,733.13623046875,34576434
2024-04-22,745.6320734709891,745.6320734709891,722.124614867159,723.9917602539062,42298438
2024-04-23,730.7424105369589,730.838140600938,719.7068030516607,721.7894287109375,26827060
2024-04-24,725.332274400053,728.5639528503503,722.4836330693169,723.7523193359375,22441580
2024-04-25,721.1430939897369,727.5824894434112,721.1430939897369,723.2975463867188,35445204
2024-04-26,727.6304456461381,731.5563134799157,720.8080127488288,722.8427734375,24854694
2024-04-29,725.3322898363435,734.6442882658492,721.2867304749565,732.2744140625,36093350
2024-04-30,732.1307565147657,737.0620819015442,725.2844208297038,727.7739868164062,52307382
2024-05-02,728.6836398774014,735.8651474977438,727.893662350512,733.5910034179688,33475006
2024-05-03,734.0697907360874,737.5887178779653,721.5978821158841,727.5346069335938,31865242
2024-05-06,728.6836626849343,734.6682525558684,726.361653503664,728.994873046875,28793396
2024-05-07,728.6597630545604,729.6652209931847,720.1377414179425,721.0952758789062,28480602
2024-05-08,716.211807311795,716.6905745370962,708.7430502857517,709.84423828125,41687862
2024-05-09,706.1576388307392,711.8071150125822,691.9622384959757,693.0155029296875,46281278
2024-05-10,698.3538309269745,704.6385064038308,692.4331341667237,697.8200073242188,27276608
2024-05-13,694.956710818051,708.4482125597933,694.1317160729689,706.2400512695312,27047202
2024-05-14,704.7841569928967,711.2144479759614,703.8378359787137,709.0062866210938,25665142
2024-05-15,708.3995858863757,708.3995858863757,696.8008453990276,698.1111450195312,38931996
2024-05-16,701.7752582341244,709.782790041372,696.655267230535,708.6665649414062,34945236
2024-05-17,701.848002597153,712.4276743183018,701.848002597153,710.5349731445312,20920190
2024-05-21,703.7407019802051,713.2526672307866,703.7407019802051,707.962890625,43769978
2024-05-22,707.5018325662894,711.2629460513618,702.7943980944078,708.156982421875,39996278
2024-05-23,707.8900706969359,725.8463536828482,707.1135946322969,724.3661499023438,40861920
2024-05-24,721.8911533778286,737.6150464828621,721.1631959122375,736.3046875,31060206
2024-05-27,739.2893258205864,749.7961904344879,737.2025499615863,741.400390625,29385440
2024-05-28,742.5651435020584,745.4527436990592,739.9930626339711,742.75927734375,27908904
2024-05-29,736.6929693394153,739.5319916615282,728.5641108173895,731.9855346679688,35147706
2024-05-30,727.569210732381,739.4106642295702,726.8170235494816,735.1642456054688,33755350
2024-05-31,737.1782587165238,745.4284433104547,734.751733835956,743.2688598632812,74079588
2024-06-03,776.0026570209221,776.0026570209221,752.2227131847588,762.9964599609375,72637256
2024-06-04,755.6198511271432,756.5904610836327,705.6334383679294,719.7800903320312,89531240
2024-06-05,725.0699500696824,756.8816568854197,719.3918460943981,753.0963134765625,81631650
2024-06-06,759.4537972959696,759.7206794979887,750.5726922052945,756.93017578125,46422870
2024-06-07,757.585349822155,768.8929201187634,753.2176050765474,763.5545654296875,36712216
2024-06-10,763.8700759254958,767.0973660487972,755.9110620154896,757.7067260742188,22454058
2024-06-11,755.1345658211561,762.4141406844706,753.2903831592504,759.4052734375,29545326
2024-06-12,764.3553684919713,770.8099486335476,760.1817573757736,763.94287109375,39280436
2024-06-13,767.6311179466796,769.5480488358222,763.8700045190919,767.1458129882812,24120192
2024-06-14,768.7231350719568,776.0027102146836,765.6656898154778,774.9835815429688,25540554
2024-06-18,774.983540294414,781.5836762242601,771.3679826211641,780.2733764648438,32415714
2024-06-19,782.9910236928816,810.4107535609992,778.4291452824868,804.5628051757812,90131196
2024-06-20,810.3622215983705,816.0159768197282,801.7237698729426,810.143798828125,41408742
2024-06-21,811.8423818466847,811.8423818466847,797.4288483846301,808.396728515625,51630776
2024-06-24,799.2972656586157,812.9343231272944,798.6906344612428,811.6240234375,28544994
2024-06-25,810.9931467609703,833.2443684249017,810.9931467609703,830.5266723632812,74521548
2024-06-26,828.8765922572081,830.3082774504516,820.699215435536,825.7463989257812,47596666
2024-06-27,823.1257354693937,831.3274011881083,818.5153383232833,823.1500244140625,55074650
2024-06-28,823.8536668700472,828.2214113967111,814.8270066965403,817.156494140625,26476046
2024-07-01,815.3123910533884,828.5612411045389,815.3123910533884,827.5420532226562,21187024
2024-07-02,832.2980286836319,841.9556094944659,826.353042764463,839.8687744140625,45921690
2024-07-03,869.1812101031826,870.6371250279785,856.3934358619908,858.3346557617188,123217802
2024-07-04,854.0154497500956,854.0154497500956,837.0782938778042,838.1945190429688,45848658
2024-07-05,817.7388187080663,817.7388187080663,796.9677437114144,799.8310546875,82242548
2024-07-08,798.4723137874327,803.1554594894733,789.6640164804963,793.6434936523438,39087800
2024-07-09,788.6205312494033,799.1516248009418,786.363851419409,794.2015380859375,48550878
2024-07-10,791.0228924563764,795.9002315965357,786.5581099756618,789.1544799804688,45507182
2024-07-11,788.1109895551602,789.0330808548738,776.973264088155,787.1161499023438,44177074
2024-07-12,787.1647047300575,795.1237185250396,781.899157363576,787.50439453125,56049960
2024-07-15,787.8926346206944,790.9500796896383,783.8645795922547,787.2131958007812,33375694
2024-07-16,786.5580588939988,789.5912150674294,784.6411278889234,786.07275390625,28950324
2024-07-18,780.3704345530638,788.1110255525017,776.0754971813087,783.6705322265625,33717064
2024-07-19,784.2528302190582,787.649965003423,778.1865181041212,780.0307006835938,26002152
2024-07-22,784.7381297391379,801.2384985771903,782.6270649860646,797.1376953125,53744822
2024-07-23,799.5642547535156,799.6855810002239,778.9145038672318,785.4176025390625,52002152
2024-07-24,780.4432298173384,786.6793870769927,770.6886113878456,778.4534912109375,61728206
2024-07-25,773.0908809941293,788.6206413154175,773.0908809941293,784.5440673828125,25535732
2024-07-26,778.9144923179402,787.0433507268658,774.7651110455088,785.2962646484375,43810540
2024-07-29,783.7675425920842,791.9449196556922,775.6629731237323,778.9387817382812,51001148
2024-07-30,777.4585786816452,793.3523167913979,776.0026637402938,784.0344848632812,54595834
2024-07-31,783.2822470366172,790.0279981871195,780.9527594083772,784.1315307617188,37820484
2024-08-01,787.6014491725216,800.7774909815698,785.1991540216145,795.3178100585938,26215174
2024-08-02,791.5323792943032,810.7019249608421,791.5323792943032,805.1937255859375,44119238
2024-08-05,795.9486953170099,798.8120065813332,776.9732822215763,784.1315307617188,41333634
2024-08-06,791.0471196604719,792.4787456590307,773.2364505401089,777.0703125,45116050
2024-08-07,784.7381567736204,791.0471215466921,777.5556193354371,787.8926391601562,42346264
2024-08-08,788.1352699911228,802.3547292854007,785.8300713873926,797.21044921875,33976950
2024-08-09,801.7237923493824,806.8437833638833,798.7149252998082,800.8502197265625,26644618
2024-08-12,801.7238266679481,813.3468572381819,799.4671466635041,805.65478515625,39316196
2024-08-13,790.0765423217451,792.2118961762867,777.0461148817201,778.0409545898438,54055042
2024-08-14,779.6424562895212,783.1366284755188,778.0409261468292,780.2733764648438,32334428
2024-08-16,790.319198015761,793.0611831331643,781.8263604564881,792.0662841796875,27849246
2024-08-19,794.759726022084,794.759726022084,787.9896858897818,791.7993774414062,19502164
2024-08-20,789.8095595425733,798.8119905444514,789.8095595425733,794.783935546875,31134494
2024-08-21,790.1250771140934,793.255329982036,785.126471042094,789.0089111328125,47630904
2024-08-22,792.0177904024437,795.0752357163401,790.0765703279278,791.6781005859375,21300638
2024-08-23,792.9883534236101,792.9883534236101,787.6499985352013,788.6448974609375,20333422
2024-08-26,792.1147410094821,799.7582942162704,792.1147410094821,795.8758544921875,22364266
2024-08-27,797.550212512406,799.4914324239653,792.1147612152419,794.8082275390625,35773244
2024-08-28,794.8081358287445,795.7787456725287,791.14405997193,794.49267578125,26921188
2024-08-29,796.8707505966252,798.035494358065,791.6052035874162,795.1964721679688,49052604
2024-08-30,803.6650036895526,806.5768334130655,786.7521378937474,794.3956909179688,445342100
2024-09-02,799.200245545704,799.200245545704,787.747000900005,789.56689453125,34049680
2024-09-03,792.9883149182248,795.8758557711201,788.4264363868309,794.6140747070312,37282860
2024-09-04,795.4148040993854,798.2295964742419,792.0176694876126,796.773681640625,24682744
2024-09-05,798.8119853769339,800.7046866194709,796.8707654853739,798.5450439453125,22876318
2024-09-06,795.0751309568867,799.6612390821284,793.0368146024134,794.419921875,26029602
2024-09-09,794.9295342541234,800.0252363967779,791.0956131747174,799.0546264648438,23792914
2024-09-10,802.6943484628727,802.6943484628727,794.9294696385643,800.9229736328125,26606646
2024-09-11,800.9473289635273,801.9664575454252,795.5118777911906,797.7928466796875,22226684
2024-09-12,802.6944342572692,810.4593139115112,799.32158835399,808.8092651367188,32424046
2024-09-13,812.400503038587,812.400503038587,804.1746076631325,808.4937744140625,23860532
2024-09-16,809.0033572167779,814.2446744093743,807.5717313009576,810.9202880859375,15172820
2024-09-17,814.3417351276187,814.3417351276187,807.6202731787942,809.876953125,20127122
2024-09-18,811.3570886275262,824.4846115422112,810.9931099061356,822.494873046875,40917342
2024-09-19,824.6301946967953,834.2392569551141,824.6059649927001,829.1435546875,30651776
2024-09-20,833.0259912779876,846.8328941482245,828.6825354394553,845.0130004882812,60623386
2024-09-23,848.7984163669939,857.2184459846895,844.5519977602407,854.0397338867188,26965350
2024-09-24,856.5633141386422,864.6436541344489,851.3462854547951,858.0435180664062,33039036
2024-09-25,854.2095613390953,867.7252930088929,854.2095613390953,863.4060668945312,31965312
2024-09-26,860.4700264333525,867.7253122548344,858.0435015109396,865.5171508789062,31899644
2024-09-27,862.3869272945984,862.9692695590985,849.2836931713828,850.5697631835938,35613502
2024-09-30,848.7013681367213,849.987378933711,836.8599148404105,840.572509765625,26383534
2024-10-01,836.6658121791694,845.4013020975134,834.773110848595,837.7334594726562,24572284
2024-10-03,832.613483062025,837.7091852435565,812.0850591484665,816.282958984375,48473398
2024-10-04,812.6431358067093,820.4808225688465,802.2090794198211,804.4657592773438,48683232
2024-10-07,801.8209097089745,805.1210074565657,782.7969771111757,785.12646484375,94458296
2024-10-08,791.0470635179641,804.0532597925816,787.1646239424159,801.2627563476562,29734406
2024-10-09,800.510591541895,804.0290527657074,790.4162239204929,792.5758666992188,41125642
2024-10-10,795.4147877416559,808.2510795642027,792.2603056670246,806.7709350585938,21754766
2024-10-11,807.7658537028776,807.7658537028776,797.4774117796152,801.238525390625,23672594
2024-10-14,803.689297804442,821.1602762579215,802.6943989459767,819.2432861328125,18527508
2024-10-15,822.1065938917583,824.0478137120458,813.1284522229286,817.3020629882812,19651130
2024-10-16,815.3608435545054,828.8765747113987,815.3608435545054,824.92138671875,20470682
2024-10-17,822.5675882717809,823.8779471608134,808.1297662380588,811.9879760742188,14695732
2024-10-18,807.1106759435778,820.6506963237373,802.7429312558701,816.2101440429688,24809724
2024-10-21,832.2980010606213,848.3858722296796,830.3810701774502,838.9466552734375,46548354
2024-10-22,839.6018778313584,844.4306385333365,830.2111793718472,832.0796508789062,38875280
2024-10-23,827.4692671141377,847.5851345291038,827.4692671141377,842.3923950195312,38036090
2024-10-24,843.5085346118838,858.3346247570413,843.5085346118838,849.1138305664062,30832258
2024-10-25,851.7102142266036,853.0933215296461,838.9466699408074,846.0806884765625,26130478
2024-10-28,845.4012471416386,849.7689918168825,839.043763962605,841.6158447265625,22012142
2024-10-29,837.7092042477628,856.0779859182065,837.1996103215174,850.1815185546875,35794926
2024-10-30,845.4012662208864,851.5889046504595,836.7628139716957,841.8099975585938,32715724
2024-10-31,838.6069864702176,843.8968224808245,834.4333755848933,842.3438110351562,22895912
2024-11-01,841.0335262277963,846.4203996311912,837.6849100339031,843.120361328125,1759692
2024-11-04,846.8571409139798,846.8571409139798,830.3082539054162,831.8612060546875,28089248
2024-11-05,826.4743572133567,855.447039991069,823.999313734677,853.0933227539062,44232406
2024-11-06,859.7178102794018,859.7178102794018,847.0270726401069,851.8316040039062,27787910
2024-11-07,846.5174998307751,854.5977803501312,843.4600547619757,847.6094360351562,18895456
2024-11-08,850.2543248355499,855.0103373353861,847.2696873607207,851.4432983398438,19902986
2024-11-11,851.4918803256005,865.2017460745226,849.8660612419557,857.1942138671875,24565362
2024-11-12,859.9603824917264,861.4162973605047,829.2163253609564,833.8509521484375,31395406
2024-11-13,833.1473377113161,839.2864576545572,811.9152444974701,815.967529296875,35728500
2024-11-14,811.9637453515568,827.3721783747438,811.4784403744485,821.5,27146470
2024-11-18,825.0184258091194,834.190701332557,822.5919010273279,827.4934692382812,27081968
2024-11-19,831.8127176211167,851.1035901563789,826.3287477699067,845.5225830078125,50981272
2024-11-21,848.9925368361551,853.6514527573436,841.6158656563873,845.0130004882812,35716512
2024-11-22,846.1535367827626,851.370565411524,839.3592669406547,847.1483764648438,24773612
2024-11-25,866.293664684976,875.2718066744363,856.5147576427843,866.560546875,427737274
2024-11-26,878.4019987795361,878.4019987795361,858.8927626136716,866.5363159179688,30935566
2024-11-27,868.6474059809165,881.9690041453489,866.3422072982357,879.5182495117188,32714976
2024-11-28,882.7697308653094,891.0684339141281,867.725276958314,870.224609375,35722392
2024-11-29,874.1799313606635,875.7814023363161,865.2503073983569,871.632080078125,27669536
2024-12-02,875.2475527258944,877.5042327860683,861.4163604593637,875.8298950195312,15110876
2024-12-03,884.565415610868,891.6994347831544,881.3624144018961,886.3125610351562,43410242
2024-12-04,891.9905313310416,905.0937654692016,888.6662041479593,902.7157592773438,44669084
2024-12-05,902.6671991983368,912.3490091706273,890.6316128458285,905.4577026367188,39682714
2024-12-06,901.2113107944992,904.7054828102569,894.9023463139778,900.6531982421875,17783156
2024-12-09,899.5855395249345,912.3733132102273,897.3288596413352,907.520263671875,26947912
2024-12-10,911.2570600965298,911.2570600965298,901.963517909446,906.59814453125,13325480
2024-12-11,903.492253077643,908.4423993938312,901.0900171351184,904.1716918945312,14045426
2024-12-12,898.2994568437374,906.8651010060448,897.183231769173,902.30322265625,17293790
2024-12-13,903.8804969466609,909.9468090067054,887.7441068669418,908.3695678710938,19009002
2024-12-16,905.1422772502634,907.4959944793276,900.3620351992098,905.1907958984376,13107082
2024-12-17,900.8958970749952,903.8077269850552,886.4095551207139,889.6853637695312,21079532
2024-12-18,888.0353013877913,891.0199388482123,877.0189020931173,878.74169921875,23422312
2024-12-19,873.3548187057529,874.0827761662058,863.3575480971324,870.3944702148438,25380770
2024-12-20,864.9105130352275,872.3599918831414,857.5581899695972,859.7177734375,25692348
2024-12-23,864.8135067920166,876.4608267488114,864.4738169898098,874.0343017578125,11044592
2024-12-24,874.5438211790217,877.7710517489787,868.4775092184595,872.6268310546875,14485834
2024-12-26,872.8452779528201,879.3726061062491,864.2068257857081,869.0598754882812,10481678
2024-12-27,871.0253675774094,876.4364704987394,868.2590937552997,872.6996459960938,7259330
2024-12-30,869.7635560951499,880.8285332674382,859.4751142791366,862.82373046875,22222218
2024-12-31,859.1354326463724,864.7164399349241,856.8544636879918,860.3729248046875,14117236
2025-01-01,860.6640693133434,870.637110073425,854.6705648241472,865.1774291992188,7313806
2025-01-02,862.4354683380634,875.2232427161829,860.4457297678027,870.5158081054688,18558576
2025-01-03,869.181218624921,871.2437647886038,847.4881097293069,848.8954467773438,24426194
2025-01-06,844.4791507386858,852.7778537230372,827.8332261221516,830.1141357421875,18816348
2025-01-07,832.2980215119891,835.209851324859,825.0184469798143,831.5215454101562,13527906
2025-01-08,829.0221775951162,830.6722262669281,816.9380725391129,822.252197265625,19738190
2025-01-09,817.3263871062876,819.6801043914131,804.6841687860751,809.3916625976562,40420222
2025-01-10,810.9445873725031,812.8372885629307,802.6944030605147,804.0289916992188,17453280
2025-01-13,795.9002084068898,799.1760171914914,788.2809435229427,791.4596557617188,21669066
2025-01-14,795.8515690343077,803.7620038731537,794.4441728846588,799.1030883789062,26661432
2025-01-15,803.9076378434971,806.9165047926833,794.1045016943054,797.3803100585938,14022892
2025-01-16,802.1363163454865,805.873200199019,797.2832665938832,801.7481079101562,21212454
2025-01-17,797.5986843852027,800.9958190311999,790.3191101437801,794.3228759765625,23112076
2025-01-20,789.1058522041777,806.0672365854673,789.1058522041777,801.3598022460938,17557618
2025-01-21,804.756952160241,806.115829748555,792.5272908307279,797.0648803710938,31158144
2025-01-22,797.0648841596673,811.3813805875693,788.8389294808721,808.5423583984375,30619306
2025-01-23,818.7094808723397,818.7094808723397,801.359828269384,807.9842529296875,34909158
2025-01-24,805.6062147090801,810.604879376396,798.0839880054712,800.6561279296875,24236200
2025-01-27,796.433983923838,797.6472463633178,789.1058906376462,790.9500732421875,22804166
2025-01-28,799.2972941154203,817.3991933860295,799.2972941154203,810.6534423828125,30179312
2025-01-29,812.8857890816031,815.8704263644069,809.9011517987993,814.0020141601562,12619890
2025-01-30,815.7976693049923,823.9993352943973,811.696865930955,820.8933715820312,25744846
2025-01-31,818.830797136207,827.2993450265934,817.2292670650723,824.4118041992188,15821686
2025-02-01,823.8051750140157,831.3274019434516,813.3954072501344,820.6264038085938,5587528
2025-02-03,810.4592960980566,818.6124432523412,807.2805248629369,814.3417358398438,20276540
2025-02-04,819.534460691003,837.5393220656948,815.3366201880791,835.1613159179688,28616502
2025-02-05,841.0335494558958,846.4689416589049,834.1907609306318,843.363037109375,23675506
2025-02-06,842.2467875560731,848.7984047453597,836.6657803207547,846.299072265625,26760716
2025-02-07,849.2837426225924,857.5339275509261,837.1511177279839,840.9122314453125,23509600
2025-02-10,833.4142336911924,836.3988118099606,829.1435263354559,832.6619873046875,17195950
2025-02-11,826.4743520691721,830.3567917735487,819.5344674010676,825.6978759765625,22724704
2025-02-12,821.6213102303759,830.8421046157138,815.8946879155817,828.3185424804688,22809570
2025-02-13,824.5331418355402,831.9340426083429,821.8882534526111,823.9022216796875,12602434
2025-02-14,825.9405276867242,825.9405276867242,815.3123371576534,822.5191040039062,19959892
2025-02-17,817.8359099627821,834.7245465784594,815.918979031997,833.4384765625,12938946
2025-02-18,831.3516624481879,840.329803960056,828.003046468469,836.2047119140625,16350910
2025-02-19,833.2686021535318,843.4114874933574,831.0604409265417,838.2186889648438,11884112
2025-02-20,830.3567961314325,832.152400807599,817.8844822121968,818.7579956054688,26390510
2025-02-21,815.74907568617,822.567574466393,813.977700828203,821.3786010742188,15680940
2025-02-24,815.8461881773111,817.3506217636291,806.1400885993494,813.9049682617188,20693646
2025-02-25,810.9930781817751,819.1947435645432,810.9930781817751,816.4527587890625,24138708
2025-02-27,816.5498559350805,830.235431637752,816.5498559350805,825.3580932617188,35786800
2025-02-28,817.7388430279666,843.0960267361039,817.7388430279666,840.7423095703125,54516728
2025-03-03,844.3336059197142,845.9108470636534,822.1551333662954,825.7706909179688,21205364
2025-03-04,824.04786119963,831.9583561196923,821.7426625301964,829.8715209960938,19920958
2025-03-05,825.9647760106438,830.2597724194886,819.316121569752,820.1654052734375,21583872
2025-03-06,818.7094845214233,824.9699304836942,811.5512362127743,820.7477416992188,32966088
2025-03-07,816.2829914666041,825.576593853863,814.1476376668198,819.8014526367188,13372914
2025-03-10,819.6801059027778,824.969941998729,816.7925649870414,818.9521484375,15604050
2025-03-11,816.4770728267864,822.1065984888339,810.4835684463997,817.9815063476562,19898430
2025-03-12,820.9176607269924,833.9966062113717,820.9176607269924,830.4296264648438,18784106
2025-03-13,832.8076029783965,835.1128015457978,825.0427235934661,828.221435546875,15736264
2025-03-17,827.4450150114936,836.6658099001849,827.4450150114936,830.065673828125,18950652
2025-03-18,830.065673828125,830.065673828125,830.065673828125,830.065673828125,0
2025-03-19,842.004146653194,849.7690263917825,840.6452690024086,846.42041015625,15221406
2025-03-20,851.2249302948321,860.9310298420936,848.9440205977578,858.3831787109375,17833978
2025-03-21,851.9771897387066,860.9795616616999,851.9771897387066,859.15966796875,33508264
2025-03-24,863.3575457763671,875.6843039218336,860.7611760226637,873.5489501953125,17393736
2025-03-25,875.9269782864857,894.7567761384419,874.2769294910811,883.958740234375,39101416
2025-03-26,885.681575218163,886.8948376499686,874.5195608455505,876.7277221679688,24478442
2025-03-27,873.548970937254,893.4464752752693,872.6268796196651,885.8514404296875,41658100
2025-03-28,887.6227647317345,891.0198994245295,876.3879431494396,887.2344970703125,28773648
2025-04-01,874.5195261060333,878.3534470865061,856.7330877140463,857.9463500976562,28511006
2025-04-02,859.3294691298255,873.16066049231,859.3294691298255,872.0444946289062,11573564
2025-04-03,864.3767387506249,875.4902352930214,862.3870000641348,871.0496826171875,11250038
2025-04-04,879.8579280746396,893.9074835384829,878.9358367650708,881.9447631835938,33540454
2025-04-07,855.4956105111871,863.7700245665659,843.5570610557007,853.0205078125,37995450
2025-04-08,856.5633039940931,864.8134887917699,849.4293443655757,858.5773315429688,35563872
2025-04-09,856.5632934570312,861.4163432783175,850.982286162552,856.5632934570312,22454608
2025-04-11,861.2950087869681,882.9638878798253,861.2950087869681,876.8247680664062,32775766
2025-04-15,905.0937456982635,910.8203678930464,900.240696123474,905.0452270507812,49298344
2025-04-16,914.2175024102768,914.2175024102768,902.9098732067754,911.4027099609376,19136820
2025-04-17,913.3439239431574,931.639897022746,910.7717839889756,925.3309326171876,35703084
2025-04-21,933.726706667588,946.6843248983056,926.9324374922522,935.2311401367188,34247298
2025-04-22,939.0651467003056,956.3419923313836,939.0651467003056,952.0227661132812,45961750
2025-04-23,960.3699954066212,960.3699954066212,932.0281739470524,933.67822265625,30570642
2025-04-24,926.9324466168476,933.6781972127432,924.554440533806,930.2325439453124,25931754
2025-04-25,934.1150265036636,938.094503546439,918.099962552793,927.5148315429688,18500878
2025-04-28,927.5148236825167,936.4929655182808,926.156005327847,931.882568359375,13920492
2025-04-29,931.2031470797608,936.0561965032714,922.17642775897,926.35009765625,18918308
2025-04-30,928.3883766867898,939.9871769317172,927.0780770079656,934.2120361328124,31936870
2025-05-02,936.5415014593008,942.4136794135692,931.7854893276606,932.7075805664062,17840404
2025-05-05,941.0063068714468,947.31527128059,937.754787372496,939.9386596679688,15068024
2025-05-06,936.638567281111,941.5401354999644,933.8723527219416,937.4635620117188,17490156
2025-05-07,938.5798247058746,945.7137841650696,932.9502988258116,944.2093505859376,21420778
2025-05-08,948.6741890736062,948.6741890736062,931.348765916796,935.91064453125,34803430
2025-05-09,926.9809824392288,931.300208385792,915.6734125356724,917.0807495117188,17188796
2025-05-12,930.6208021509264,951.149226156264,928.0487213449755,949.8388671875,18618972
2025-05-13,946.3446699698328,952.0227142931208,931.7855212010662,933.0473022460938,24242102
2025-05-14,932.8047011833116,936.7356597192896,923.5353878045328,927.2236938476562,15445308
2025-05-15,928.6310129632632,943.8210814498384,920.6234813646776,938.4827270507812,32241458
2025-05-16,938.4827675522878,943.335817215416,935.8621088859328,938.9194946289062,15868010
2025-05-19,940.0357230243618,943.9181627683964,937.123893216336,940.8607177734376,10202964
2025-05-20,935.7164876572758,938.8709699179398,928.3883945615378,929.3104858398438,23879090
2025-05-21,935.1826696209016,944.840250294002,932.3193584728106,935.0856323242188,15132040
2025-05-22,929.4560306672616,933.8237752836328,924.6029810935156,931.7369995117188,21306670
2025-05-23,931.8340640363384,940.0357299039,929.1163680438908,938.3856811523438,9566072
2025-05-26,939.0651219212036,946.2961778607493,935.13416349166,941.5886840820312,10802860
2025-05-27,937.415037254252,945.3740503477449,929.989907003196,934.8429565429688,26162148
2025-05-28,931.8825397952628,938.8224242656362,930.6692774222134,933.4840698242188,18157594
2025-05-29,935.6679454442282,941.8798725130029,925.6221566559584,935.42529296875,28917794
2025-05-30,937.560664423884,945.7623300992254,934.406182182701,943.86962890625,28748078
2025-06-02,936.6871049098004,939.5504160632177,925.9618769879232,937.65771484375,14668822
2025-06-03,940.5210428582492,947.3153125177,931.7855532960984,934.0179443359376,24377584
2025-06-04,932.2708380103268,943.0931624292062,932.2223193620798,942.073974609375,12961542
2025-06-05,945.3740366284826,950.6638723983344,941.5886343458624,946.1505126953124,22255418
2025-06-06,943.4328899516396,968.8143643397722,942.8019697752012,960.27294921875,30127008
2025-06-09,968.1833931080394,968.1833931080394,958.9140802403332,960.3699951171876,13202588
2025-06-10,962.2627345803988,962.2627345803988,951.7315810074684,953.7698974609376,15533126
2025-06-11,954.8860400853164,954.8860400853164,944.8887696252716,946.538818359375,11096394
2025-06-12,946.3447246989118,951.6830795561876,939.2107650861756,943.1417236328124,16349130
2025-06-13,931.7855323379068,938.094496879778,928.3883975845916,930.6207885742188,12117762
2025-06-16,933.7267280054108,940.957783641244,931.8340268436208,939.2592163085938,16513746
2025-06-17,940.0357266330968,942.268117646221,931.3487558242052,936.4444580078124,16978736
2025-06-18,930.329645039179,939.6960548333932,930.329645039179,938.5313110351562,18433816
2025-06-19,938.531254581162,944.7917002839464,934.5031997999406,939.210693359375,16876220
2025-06-20,937.415115265286,956.0023202459612,937.415115265286,953.4786987304688,32900408
2025-06-23,945.5681762695312,950.1785732937572,942.3651754483344,945.5681762695312,11739518
2025-06-24,953.6242600004869,960.418529537386,949.06238146316,951.634521484375,22625322
2025-06-25,954.1096083800328,961.874488204082,953.0904797513926,961.0009155273438,18405932
2025-06-26,961.5833031108746,983.7617170900772,960.9038642878594,981.1896362304688,50084830
2025-06-27,987.666092322087,991.0024945345428,978.04948462384,988.5983276367188,28213384
2025-06-30,986.9301202198938,988.0586250503452,979.0798184930638,982.023681640625,13649020
2025-07-01,983.740927917604,989.138010315157,983.250284063281,987.2244873046876,14389386
2025-07-02,991.051539922754,991.051539922754,970.4444979040134,974.418701171875,18878250
2025-07-03,978.7854199779472,985.2128423794024,973.584607191008,974.9583740234376,16860506
2025-07-04,974.9583893832662,983.0049605598704,971.4748300017684,976.037841796875,7863944
2025-07-07,975.8906089947404,980.5026731224452,973.3392849545876,975.1055908203124,11349426
2025-07-08,970.0028875050784,983.740915249207,970.0028875050784,981.974609375,15224316
2025-07-09,984.7222177139128,988.058619887602,980.3554754225707,986.7828979492188,13861428
2025-07-10,989.1379844829172,989.6286283244264,981.2876830187668,984.3296508789062,17030310
2025-07-11,980.3063919997392,983.6427940678678,971.9163943170896,973.2901611328124,12516922
2025-07-14,972.94677734375,975.7434233970494,966.8627814826074,972.94677734375,13088850
2025-07-15,968.0403470063502,983.0540373178538,968.0403470063502,979.079833984375,14498168
2025-07-16,990.1192987637652,992.4253009235872,977.6569328760376,979.4723510742188,17994612
2025-07-17,983.2502884954768,983.6428275379242,972.7995503940688,974.8602905273438,22529158
2025-07-18,974.8602851924708,979.8157761377424,958.227446568358,960.3862915039062,16129446
2025-07-21,970.5916382285528,982.2689857931024,969.7575676423912,981.5330200195312,22309078
2025-07-22,987.715103277212,990.119270074138,982.759612467046,984.771240234375,14836814
2025-07-23,986.6848008987,995.9089294093236,982.7596500249108,993.2103881835938,13634916
2025-07-24,999.7849522880986,999.7849522880986,985.4091233743482,988.2548217773438,19107176
2025-07-25,991.1076548914018,991.1076548914018,983.237817433207,985.9922485351562,9306598
2025-07-28,985.205265864704,994.2555908496132,983.9756037755068,987.9105224609376,12059580
2025-07-29,983.6804999207344,996.7640925817828,981.9097985152404,994.3539428710938,19895696
2025-07-30,997.5018784172968,999.764444634085,992.091365270063,996.4197998046876,15154036
2025-07-31,990.9108782036614,999.1742313953042,987.664582321978,992.6815795898438,22183032
2025-08-01,990.6157884442932,997.6494796779898,988.3040477115344,989.7304077148438,11317258
2025-08-04,988.6974801605749,992.8291567300696,977.8764539291844,979.7947387695312,13933946
2025-08-05,977.089461920278,980.975205994727,966.7603007320948,972.7118530273438,23978058
2025-08-06,969.5147509914576,977.8272785976123,968.9737116887808,976.499267578125,14080204
2025-08-07,973.9415460716062,984.5166400056098,972.3184281442016,981.4671020507812,13081186
2025-08-08,977.3846207407717,980.1882863803764,968.9737439061472,970.8920288085938,13895264
2025-08-11,971.8757166821836,982.5491593344192,970.4984711596596,981.5654296875,9105854
2025-08-12,979.7455870293594,981.7622208654036,967.7440729221852,968.924560546875,12937802
2025-08-13,980.7784409396806,980.7784409396806,968.5309950398891,974.0399169921876,13577396
2025-08-14,972.908633518138,981.7622004561192,969.5639286580632,979.35205078125,17511716
2025-08-18,988.6483131467888,996.8132573563984,981.5654475516468,985.5003662109376,19284796
2025-08-19,982.8935135816984,986.7300232295676,977.1878335213248,979.35205078125,12352438
2025-08-20,977.3354453835108,979.7947696044056,973.4005266300796,977.9256591796876,9950228
2025-08-21,982.5000176251586,982.5000176251586,975.4663263982884,979.4012451171876,12439850
2025-08-22,978.7618310909676,981.762194526744,962.628640751246,966.317626953125,19833502
2025-08-25,964.1534314319724,972.6135426708398,962.5794879672084,966.0717163085938,17518044
2025-08-26,963.563227065448,969.6623631247152,952.2503356808104,957.5625,16917731
2025-08-28,951.266572354668,956.3819785474136,939.4618165446824,942.2162475585938,25438255
2025-08-29,938.4781016808784,947.6267755693488,934.6415319653456,936.1171264648438,14823813
2025-09-01,934.149632186874,941.8719458039564,930.9525108908948,935.1333618164062,20178344
2025-09-02,935.5269334024698,939.2650942089082,928.6408255856272,929.1326904296876,14196320
2025-09-03,929.624519167098,940.740652202688,924.7058709175366,938.9207763671876,16083481
2025-09-04,944.5772033181552,949.9877162864988,940.6914592688354,945.610107421875,17597657
2025-09-05,951.7584261964354,951.7584261964354,938.5272505370174,947.7251586914062,11602111
2025-09-08,953.2340258485784,957.3165278914954,944.823149393627,950.2828369140624,11711307
2025-09-09,958.1526998830964,958.5462157684692,947.0365666053972,949.4467163085938,13985539
2025-09-10,958.0543466125588,958.0543466125588,946.0528326679372,950.1845092773438,18091100
2025-09-11,944.6755555766032,953.4799478098324,944.2820997482356,952.0535278320312,15113633
2025-09-12,954.1194397337724,954.9555859441328,946.5938836721522,951.5617065429688,14363519
2025-09-15,953.824233432933,956.5294899386952,949.2991011128588,951.3157348632812,14486377
2025-09-16,945.560981879392,953.5783427584718,945.560981879392,951.1190185546876,18661794
2025-09-17,949.4467082101404,958.5462075924,948.6596764461076,950.7747192382812,17361476
2025-09-18,957.4640913046234,963.7108108355188,953.4799980850368,961.0055541992188,17791598
2025-09-19,959.0380500102756,960.8087513537788,946.4462625851606,951.168212890625,31243267
2025-09-22,948.315388056543,955.398253585716,946.298754270858,948.5121459960938,10854415
2025-09-23,951.266576206428,952.447063800625,939.9536851760516,941.6260375976562,21022298
2025-09-24,936.7074240016012,940.8882751893464,927.6570988338276,935.5761108398438,15117220
2025-09-25,937.0024763946196,942.4129893816752,931.9854792780052,934.3955688476562,31413279
2025-09-26,929.7228805294212,935.9695999150294,925.9847198182592,929.6737060546876,14874656
2025-09-29,930.6574059019288,941.232499440892,923.8204729543668,934.8382568359376,32398179
2025-09-30,942.4621986714628,944.3804835370664,930.9033750448372,935.5269165039062,28296687
2025-10-01,937.1992488555558,953.8242439027432,930.6082481971154,949.5450439453124,25350832
2025-10-03,936.5106471136628,951.0206597658968,936.5106471136628,949.4467163085938,26658296
2025-10-06,956.0868643620496,961.497377400324,946.3479168763192,957.6116333007812,18542683
2025-10-07,958.152702071406,973.7447933808842,955.201513050652,966.514404296875,25535736
2025-10-08,960.1201629857547,969.8591107869768,958.69374294831,962.7762451171876,15939710
2025-10-09,958.644536419518,963.0713198098596,954.3653364923584,961.2022094726562,15370950
2025-10-10,963.0713193511868,970.1541847807785,962.1859386567032,964.9404296875,13757080
2025-10-13,958.4477997344204,965.0388004923792,956.1852335153852,961.1038818359376,18634254
2025-10-14,954.2177737318784,964.4977607253468,951.2665847409552,961.25146484375,22934382
2025-10-15,959.1364356766506,968.8753835018975,957.5132576917448,962.3335571289062,23310447
2025-10-16,966.6619807603524,980.384961573746,965.5306676270898,978.1715698242188,22936566
2025-10-17,977.7781081157632,992.5832274986776,969.9574453059424,986.2381591796876,25210511
2025-10-20,980.77844947519,1003.4042311581684,980.77844947519,986.6316528320312,22195202
2025-10-21,989.632029907408,993.5669485153896,987.664570603417,991.3043823242188,3471600
2025-10-23,999.469340209832,1003.8961237048558,989.6320435542232,992.386474609375,43526526
2025-10-24,994.5506701933195,995.4852253636408,975.1711841959708,978.5650634765624,17707768
2025-10-27,980.286584655995,992.6323796093756,979.9914777728962,986.6316528320312,15700796
2025-10-28,981.4178939740924,991.5994716753509,978.8109864255694,987.2218627929688,33904289
2025-10-29,988.5499498614066,996.0262711888014,983.729650556841,991.451904296875,17769445
2025-10-30,983.7296659041476,993.0750977302372,980.876825856188,981.9097900390624,19962917
2025-10-31,977.8272677237644,988.1072545286754,965.1863657946756,971.2362670898438,23221330
2025-11-03,968.9737116887808,978.3683179002892,967.3013592642496,976.499267578125,16607180
2025-11-04,970.9411924643372,980.7784892471572,967.6948965344257,969.2196655273438,20024544
2025-11-06,965.0388182096444,974.9252895070432,958.1527104344484,968.6294555664062,22279516
2025-11-07,964.0550607577244,968.8753600783504,958.8904800750938,966.317626953125,15004568
2025-11-10,966.3176552483678,974.8269410200376,964.2518469316628,968.4818725585938,15988262
2025-11-11,967.498102198712,977.3353986115102,962.0875891716728,975.564697265625,10200530
2025-11-12,982.549186657653,982.7459446009268,971.629811290036,973.4005126953124,13137263
2025-11-13,967.990016129637,973.9907432290496,966.6127705451346,970.596923828125,14124839
2025-11-14,960.169315545859,975.5155341538172,960.169315545859,973.4988403320312,21386965
2025-11-17,975.121999344663,981.7129998984626,969.5639028977658,980.3357543945312,18396408
2025-11-18,981.4178963551165,982.7459073482096,973.8923406153428,976.302490234375,20002640
2025-11-19,973.8923481205824,980.3357652840727,967.9899702531848,978.41748046875,19813847
2025-11-20,979.106143718625,995.1409255797436,976.3025381325072,992.4356689453124,19850865
2025-11-21,986.7792242744008,991.8946306513916,980.3358068377918,981.8114013671876,17499897
2025-11-24,983.7296398293618,994.9933562138264,977.4337461176168,982.8934936523438,32204053
2025-11-25,987.6645910314578,989.7303993265384,972.3184321597588,973.6956176757812,24989383
2025-11-26,965.3338969506472,990.566586579224,965.3338969506472,987.5662231445312,19494356
2025-11-27,985.795449877166,1000.2562876177888,984.713371288192,993.0750732421876,25536848
2025-11-28,990.615779865885,995.583602701878,987.8613487922536,991.2059936523438,15988807
2025-12-01,1000.944932017152,1000.944932017152,983.04104014366,985.7954711914062,16746566
2025-12-02,971.9249162739844,978.2208101938114,968.973727256958,973.6956176757812,27316662
2025-12-03,969.957416921422,985.992197910792,969.957416921422,984.2214965820312,15448777
2025-12-04,983.7296507402166,988.3531921071142,976.8435431850352,980.9752197265624,14528169
2025-12-05,975.8598190407668,991.5994935414244,974.0891176678616,986.9759521484376,12843366
2025-12-08,983.7296369469886,990.123879587144,981.2703128546212,986.7791748046876,12901022
2025-12-09,978.7126738119038,986.4841021884776,977.82729309106,980.8768310546876,15294322
2025-12-10,981.2703481612342,982.2540778335764,969.268834150242,973.6956176757812,15322830
2025-12-11,973.892376646044,986.3857555063868,972.4167821359742,984.0247802734376,11844809
2025-12-12,986.6808557305644,988.3532081724248,981.9589653386772,985.2052612304688,11988618
2025-12-15,975.8597989154724,985.5003373398883,975.8597989154724,979.89306640625,9790060
2025-12-16,973.9906989646398,982.4508099496376,973.9906989646398,978.1223754882812,20049088
2025-12-17,979.7947462128428,979.7947462128428,964.8420432983648,967.989990234375,19080922
2025-12-18,957.464054962666,971.334679033018,957.464054962666,963.7599487304688,14912404
2025-12-19,970.9411706561548,971.9249003123414,962.7762265182248,969.465576171875,25952384
2025-12-22,971.9249286743926,976.745228147207,967.8916609831688,971.6298217773438,13540411
2025-12-23,974.3842218605324,982.647574967353,971.6297908389564,980.3849487304688,17927849
2025-12-24,976.8435431850352,983.1394369666097,976.8435431850352,980.9752197265624,13699996
2025-12-26,979.7947606844748,980.9752483081762,971.6298163538564,975.9581909179688,9360853
2025-12-29,976.9418827381612,981.1719682293384,971.1379138798658,975.564697265625,13545749
2025-12-30,974.0891482066822,978.8110386964976,966.219310709625,974.7777709960938,33155849
