Date,Open,High,Low,Close,Volume
2018-01-01,299.0875546695437,299.0875546695437,294.42027061732966,295.5632629394531,7739502
2018-01-02,296.18242597952514,296.89680710434965,292.8962611780356,294.9917907714844,7046560
2018-01-03,297.6588294619606,301.3259920545809,297.6588294619606,300.04010009765625,8898342
2018-01-04,299.9924605392053,300.659198818972,296.7062957169691,299.75433349609375,6385367
2018-01-05,299.51619999829495,300.18293826369325,296.8015459516768,298.039794921875,6366054
2018-01-08,298.61128327608515,303.08808288232075,297.7540318171702,299.23040771484375,7329648
2018-01-09,299.84955936448625,300.80206753155034,295.99191291517354,297.7540588378906,9190909
2018-01-10,297.70639345971034,298.08741995229576,295.8013772697439,297.1825256347656,6736971
2018-01-11,297.6588247665874,297.6588247665874,293.89640559423987,294.8013000488281,8366713
2018-01-12,294.89652519610394,303.6595826205292,294.89652519610394,302.6118469238281,11699345
2018-01-15,305.5645999913287,314.99445384138454,305.0407321410997,313.6609191894531,30242005
2018-01-16,314.08958514363036,324.56717555024125,311.0415472162278,318.2330017089844,26707100
2018-01-17,318.18533861047797,327.8533196705302,318.18533861047797,326.94842529296875,43305353
2018-01-18,333.37785558445245,336.42589331995,326.7102984727634,329.710693359375,31504669
2018-01-19,330.9489655070034,338.1403903505422,324.6147631092239,336.806884765625,18812611
2018-01-22,335.6638616169505,336.14011568538206,328.4247939631417,334.8066101074219,15269782
2018-01-23,333.80652023177254,347.1416354278423,333.80652023177254,345.0937194824219,22485663
2018-01-24,340.7598251678013,342.14097375245296,335.09238947412064,335.9972839355469,12815095
2018-01-25,335.7591112482485,347.47494946025273,334.0446082649155,343.6649169921875,30183655
2018-01-29,342.90295085744026,348.33225920664705,338.7119206050536,340.66455078125,17855095
2018-01-30,339.854903115272,339.854903115272,333.85411327710324,336.4735107421875,13358981
2018-01-31,332.2824852961009,337.1402828407528,327.28181733771515,336.1877746582031,22638319
2018-02-01,331.04422467606634,338.99767423344446,327.4723188031341,329.75836181640625,29472295
2018-02-02,326.2816852893522,327.37709301761345,317.85201063791266,319.1855163574219,16957983
2018-02-05,312.04168865854956,318.3758623043594,311.51779171343793,314.0419616699219,17339547
2018-02-06,300.278212863191,321.9001608330561,298.1350693931127,314.9944763183594,18491736
2018-02-07,319.42360143603884,320.4237233271666,314.2324205940652,316.7565612792969,11819190
2018-02-08,316.75659492777027,322.328773793132,313.8514565024653,317.994873046875,10294899
2018-02-09,309.5651359528919,313.0417847430224,307.3267360792767,311.2320251464844,9493398
2018-02-12,313.23232545826966,313.5657091398691,307.8982737574084,310.75579833984375,8356351
2018-02-14,311.47020060750026,311.47020060750026,301.5164776763845,303.8025207519531,15189066
2018-02-15,306.85053579560457,316.04223486020874,306.85053579560457,313.0418395996094,23779772
2018-02-16,314.6610777396998,318.137726724084,303.65959100634973,305.802734375,17585994
2018-02-19,313.8514696349382,313.9467262739696,300.23061323255604,304.56451416015625,19044107
2018-02-20,305.2788792002192,308.80317118021804,301.27833311850395,302.1832275390625,16030558
2018-02-21,303.8501056355601,305.4693811486892,300.70684030800646,304.0406188964844,9974873
2018-02-22,301.94509568101745,304.1358528867371,299.0399573340967,303.2309875488281,25530698
2018-02-23,303.89770538365076,308.66024600441466,303.2309671376884,307.4219970703125,7949765
2018-02-26,309.56516158687305,312.23217289017043,307.803015622653,311.5177917480469,7133735
2018-02-27,311.47016472103485,311.5177785011878,304.4692240122807,306.8504943847656,9623651
2018-02-28,300.1829592644996,301.94510528247827,296.32531260664246,298.3731994628906,17481687
2018-03-01,297.80170343085,299.0875954030792,289.8006398133339,290.4674072265625,18986889
2018-03-05,289.9911241763442,291.9437542988437,285.0856838429931,288.943359375,14456193
2018-03-06,292.8010188654073,293.0867887702563,280.2279278946309,281.03753662109375,18951451
2018-03-07,279.3706371697867,279.84689125911,271.7982145904909,273.0841064453125,31472773
2018-03-08,276.4654741842573,283.8474119101074,275.5129660905992,282.8472900390625,21413552
2018-03-09,284.79995389520843,285.27620799871215,276.8941474043446,278.7991638183594,12489587
2018-03-12,281.5614272902894,287.5622172709178,279.7992813219324,286.37158203125,12163952
2018-03-13,285.84768411636736,292.4199841350711,285.37143007054476,289.8958435058594,15966647
2018-03-14,288.752868622242,292.8486715161802,283.65694369847586,291.51513671875,12964285
2018-03-15,291.22941050610484,291.22941050610484,286.1334853262817,287.1336364746094,13282019
2018-03-16,286.94311371529136,287.5146244857178,283.27595109565436,283.9427185058594,28835112
2018-03-19,283.9427008552233,285.7524606255363,277.4180138572915,280.561279296875,13601784
2018-03-20,279.0849240446744,283.0854704193707,276.46552629340187,278.1324157714844,10880002
2018-03-21,280.9899603292606,281.0375741189665,273.70327734115136,275.4654235839844,13618228
2018-03-22,275.7511192651733,275.8939896791233,267.5595430692087,269.7979431152344,24593489
2018-03-23,263.93999750949956,264.6543785768828,260.5585763496083,262.4635925292969,31922568
2018-03-26,262.9875169563843,269.70268806561836,262.8446465415961,268.27392578125,24618534
2018-03-27,270.9885944983438,273.65560594519485,268.0358131383157,270.4170837402344,22377328
2018-03-28,269.5597717480361,269.8455125289543,263.9399802001522,265.130615234375,27172599
2018-04-02,260.0347525687036,260.84439039584487,246.5091237748283,249.4142913818359,73359584
2018-04-03,248.98563303495328,258.6059714896534,248.98563303495328,257.2248229980469,40773239
2018-04-04,254.5577908544502,260.3204532577225,252.89090167205433,255.89129638671875,33486876
2018-04-05,255.08166291983815,266.70227361164183,254.9864353624268,265.4163818359375,26759108
2018-04-06,265.1782677580413,269.51219735685737,263.8447621384988,267.3214111328125,31577015
2018-04-09,264.5591813356952,269.98849029373537,261.3206589169724,267.511962890625,31712527
2018-04-10,266.17845189262385,280.4660761688088,265.7974253239954,275.0843811035156,44741783
2018-04-11,274.0842625438459,274.2271329747894,268.9407235521545,271.0362243652344,16811454
2018-04-12,271.7505654130121,276.13210874641317,270.0836761391932,273.1317138671875,22954325
2018-04-13,274.32235879228097,277.27513999570766,272.2268291464316,274.56048583984375,17497198
2018-04-16,271.4648484939162,275.2272676705157,270.60759689126854,273.9413757324219,16874313
2018-04-17,273.9413535284755,279.3230188364848,273.17932955702986,277.8942565917969,15406113
2018-04-18,279.7516721076792,280.8946645154782,275.2748719061298,276.2749938964844,20755245
2018-04-19,277.17988014895866,277.17988014895866,273.65558825859915,275.84637451171875,17282341
2018-04-20,275.51299714639276,276.37024871366634,266.4165554539043,268.75018310546875,19745690
2018-04-23,266.7023091015675,269.36932056528525,262.17789492930876,266.13079833984375,11620499
2018-04-24,266.0831606963158,272.98884486635103,266.0831606963158,270.6075744628906,15412234
2018-04-25,270.55992153275014,272.08394034782793,263.7018804672617,265.6545104980469,7961352
2018-04-26,266.51179899802827,267.0833097665565,262.2731546902881,265.60693359375,14112673
2018-04-27,264.22580487114953,277.84669142814926,262.8922990230877,274.2271423339844,16488361
2018-04-30,275.2272334024573,277.1798634247164,268.89303113833057,270.70281982421875,9737559
2018-05-02,270.1789419944585,270.2741986270065,262.4636198499597,263.74951171875,14211445
2018-05-03,264.13054095089547,270.17897449217384,264.13054095089547,268.5120849609375,14724116
2018-05-04,267.13094770610905,272.03635933159677,265.1306745871811,269.4169616699219,11861951
2018-05-07,270.5123591984386,279.0849339617694,269.4169804589957,276.0368957519531,19673100
2018-05-08,287.65751027464637,299.5638641767427,285.75249365031095,294.6108093261719,87176185
2018-05-09,290.51498912487955,295.0870166706955,289.8006080040807,292.2294921875,20140490
2018-05-10,293.8011489727061,298.03979277730184,291.1817515737763,292.2771301269531,16239386
2018-05-11,293.32490950456156,297.0396856416235,292.94388297297104,296.18243408203125,16671145
2018-05-14,295.2775460994038,296.2300543126277,290.65787545161925,295.372802734375,10425585
2018-05-15,295.94437500834465,302.4214205776688,290.56267923007914,293.6107177734375,16400700
2018-05-16,289.46719902670173,290.41970710449164,281.27562374406074,283.1330261230469,25515791
2018-05-17,284.7999686163825,285.70486308711054,280.0850411206861,281.94244384765625,10668400
2018-05-18,280.180251820413,281.27563032183946,271.0838110920903,272.5125732421875,17469524
2018-05-21,275.7510906368944,279.08486893474975,274.0842014879667,275.5605773925781,23155638
2018-05-22,275.75115804910354,279.8945750458742,273.22701682016185,276.5131530761719,11284988
2018-05-23,275.13201422983417,284.2284564033829,275.08437137631734,278.1800231933594,15887229
2018-05-24,279.75167369223755,284.7999555921589,277.3704031605305,283.56170654296875,11489424
2018-05-25,284.22843681748384,286.6573501321206,280.6089173388886,281.6090393066406,13541580
2018-05-28,279.7992907072368,287.94322439243916,279.41829323141195,285.0380859375,19063427
2018-05-29,284.5618765489724,284.5618765489724,274.60815241979253,276.1321716308594,12969969
2018-05-30,272.3220454025404,274.46518851284617,269.3216508617601,271.3695373535156,25142319
2018-05-31,271.46481177871783,275.227230446456,266.0355039158472,272.226806640625,23698686
2018-06-01,280.98988510495286,285.7048117535014,273.2269500250233,275.5605773925781,29675949
2018-06-04,279.3706306647558,279.3706306647558,271.98869245212916,273.1317138671875,17188567
2018-06-05,274.32235047864043,274.32235047864043,269.65506630150645,270.6075744628906,12376050
2018-06-06,272.1316160145626,273.2746084625368,267.7500722933833,270.4170837402344,16873633
2018-06-07,273.8461032283066,279.1325120285472,273.5127195498584,277.0846252441406,20297969
2018-06-08,276.32263180545664,277.0846267303602,271.9410883166536,274.56048583984375,11340014
2018-06-11,271.8458620646278,276.560789760593,269.75036125283486,272.7983703613281,16876061
2018-06-12,274.8462331230471,275.41774386426545,271.7029676487119,273.7508544921875,14257648
2018-06-13,275.2749133647155,278.9896901189634,272.79838583913414,276.9418029785156,10927770
2018-06-14,277.0369898602694,277.0369898602694,270.60756011189494,271.2266845703125,11400592
2018-06-15,273.5603261149892,274.79857496413507,266.7022564643252,269.0835266113281,47186222
2018-06-18,270.5122966050288,280.22789071602654,269.9407859393984,279.0848693847656,27792317
2018-06-19,281.46616233100946,281.46616233100946,274.65573477522736,278.8943786621094,27176748
2018-06-20,278.7039103981341,280.6089268341183,277.1798914356979,279.2754211425781,20364143
2018-06-21,280.79941106352203,286.08584911482814,280.5612840090013,283.7998352050781,30192796
2018-06-22,284.03795440244704,288.3242412652511,281.6090410725788,286.37158203125,17490606
2018-06-25,285.5619288355129,286.22869616102156,275.084339292181,275.9416198730469,15461874
2018-06-26,273.89373607739566,275.3701413080915,271.1791108153567,274.4176330566406,11614686
2018-06-27,274.22706545017695,274.22706545017695,260.98720919169153,265.79736328125,25318055
2018-06-28,264.7973026688264,265.17830016836973,256.9867231210806,258.5107421875,34197884
2018-06-29,259.08224797760096,262.8922810360951,256.7962339561535,262.3207702636719,20930477
2018-07-02,260.9873072615226,266.6071011297812,258.1297819995351,264.225830078125,69733139
2018-07-03,262.7969774079459,263.6542288791817,259.2727148999234,259.939453125,14020388
2018-07-04,261.177782679234,261.79690724918714,258.12974454804726,260.27288818359375,8233522
2018-07-05,260.03480487517066,262.41607598208617,257.89166087894677,258.6536560058594,7505990
2018-07-06,258.22497403038903,259.0346117989776,254.3672984511999,257.2248229980469,26025797
2018-07-09,260.8919755017627,261.6539994598758,257.1771995442168,258.3202209472656,18374471
2018-07-10,259.0822656366593,262.8446851656671,258.9870089900552,260.415771484375,14450561
2018-07-11,261.51112364648037,261.84450734155644,254.79595223360283,255.9865875244141,12717543
2018-07-12,257.5582211228277,260.70151574162344,256.27232919096787,259.36798095703125,15837704
2018-07-13,260.034740971584,260.32048180689264,253.414797293911,255.03407287597656,19159840
2018-07-16,252.70042258163008,253.9387007254475,244.31836175872596,246.9377593994141,29794402
2018-07-17,247.89025966168495,254.7959441287252,247.6521326110974,253.7958221435547,15128995
2018-07-18,253.3671727991855,254.6530646401983,248.60463195709556,250.22390747070312,22908592
2018-07-19,251.41453285886067,251.79553029769443,247.08060342093304,248.79513549804688,15145144
2018-07-20,249.36663348494153,254.98645508240168,249.36663348494153,253.1766662597656,13794388
2018-07-23,252.7480274538292,263.1779735966801,252.7480274538292,262.4635925292969,16917863
2018-07-24,260.65388078087517,264.7020409052191,260.36813992880786,261.3206481933594,12012225
2018-07-25,260.03469081464766,263.4637255181588,259.3203097959261,261.6063232421875,17947377
2018-07-26,261.9397476266212,272.89359161827997,260.2728583235428,272.0839538574219,36630780
2018-07-27,271.3695854922974,281.1327947267163,268.79783074466513,279.2754211425781,30926969
2018-07-30,285.7525062690859,293.8012134896311,280.27558323226174,292.7534484863281,56119080
2018-07-31,289.8482424462598,293.84878863520373,287.8479984200321,289.8006286621094,20824059
2018-08-01,288.22901872239163,291.1341574234858,282.7044531159754,285.0857238769531,15581508
2018-08-02,280.9899149392112,286.4668370100602,280.13266338524863,284.3713073730469,14089168
2018-08-03,285.75244340740267,292.18187338406926,283.4187868256122,290.5149841308594,14478297
2018-08-06,292.372409291962,302.89761347894864,292.22950980459376,300.1353454589844,25849864
2018-08-07,299.03994755061416,303.0404643695126,295.6585261519438,298.2779235839844,20751115
2018-08-08,298.13508341630626,304.80264119238984,293.61066921110677,303.56439208984375,17916047
2018-08-09,305.04070302602406,329.42491492075294,305.04070302602406,317.1851806640625,76423347
2018-08-10,318.1852918837587,324.1384669980951,309.89848956554505,312.994140625,36321097
2018-08-13,308.6126580980119,311.8988230291307,306.70764168999943,309.46990966796875,15332907
2018-08-14,309.2794380712626,317.66149898078913,309.2794380712626,316.661376953125,15314006
2018-08-16,313.89904821582303,323.09077508894507,313.1370533255215,318.4234619140625,37463597
2018-08-17,320.80474538097485,325.94831283938356,319.8998800453237,323.852783203125,24090696
2018-08-20,323.85277985416127,326.18643651276034,320.70951450052087,322.37640380859375,13032778
2018-08-21,322.23351881016964,325.6149404280389,318.1853588800507,322.7574157714844,16009673
2018-08-23,320.56663740337086,322.6145533794521,318.85213419407626,321.185791015625,18867868
2018-08-24,319.94198075630294,320.9944273413102,313.1489482873974,315.875732421875,17805968
2018-08-27,316.68896661588786,327.5003909570583,316.6411400826592,325.20416259765625,28083933
2018-08-28,327.21341188600707,328.64855842936674,321.75984334198785,324.2474365234375,16427306
2018-08-29,321.80767811926347,327.8352815295367,321.28144023542734,325.9217529296875,18868248
2018-08-30,324.53446169507544,330.5142385600486,323.0993152474819,329.4617919921875,22349447
2018-08-31,328.1701449371152,331.80583748748785,323.8647057178236,327.7874450683594,19809916
2018-09-03,328.74425512317345,329.1269550452275,318.17199093787025,319.70281982421875,12859450
2018-09-04,320.32466123919914,321.9033456201491,313.1011027854327,314.29705810546875,15470215
2018-09-05,312.8619193663823,317.0238498214324,310.5656909354291,315.3973388671875,14548867
2018-09-06,315.73221992379564,316.92817530229485,311.4267805611984,314.4405822753906,11322771
2018-09-07,313.2924539296757,321.85547613638005,308.5086328539324,320.6116943359375,16435004
2018-09-10,317.45438934703344,321.23362008612213,316.11492514013497,318.5068359375,16673909
2018-09-11,319.27231634291564,322.14260976212745,311.0441360348815,312.4314270019531,13005562
2018-09-12,312.86191783276615,312.90974436725065,304.7294214976636,308.9391784667969,15263406
2018-09-14,313.0532913452695,317.645748316375,310.1351427048107,314.153564453125,10736693
2018-09-17,313.14890234663574,313.3402668606099,307.4561730324709,311.61810302734375,7227361
2018-09-18,310.2307908431379,313.8664831120877,303.96399703272743,305.06427001953125,14825218
2018-09-19,306.1645790723303,310.66138300670696,303.2942861435272,307.0735168457031,15942065
2018-09-21,309.4654125224834,319.2722462174691,295.0182663126837,303.38995361328125,34169460
2018-09-24,303.1029425211522,303.1029425211522,292.3393432952856,295.4010009765625,24382310
2018-09-25,293.72664402290536,299.9456120559636,287.07712036984503,297.6493835449219,30472132
2018-09-26,301.38074298946134,301.6677605892477,291.90878262084675,299.5628967285156,23224979
2018-09-27,302.00263248044166,302.33750581068034,292.1001165612574,293.3917541503906,24888615
2018-09-28,295.7358249182711,298.12773545756784,288.75142862464867,292.33929443359375,26289107
2018-10-01,293.0569139255009,301.42860213654103,287.5555188153888,300.42401123046875,21104376
2018-10-03,297.6493860725564,300.9023789240007,289.37338053637126,290.5693359375,19105555
2018-10-04,286.0725129475526,307.3605176735828,282.0540913874328,302.8158874511719,56268976
2018-10-05,301.0458644109086,307.9345786670033,286.40738311436695,294.0136413574219,36131946
2018-10-08,294.01365600342405,300.4718149909218,285.6898241606377,297.4101867675781,20488368
2018-10-09,297.9843117779067,298.4148382790751,289.8996401666135,293.0091247558594,14852835
2018-10-10,293.8222834040772,308.98700138761814,291.33469071434604,306.0210266113281,23972064
2018-10-11,296.5969386865948,301.8113159008207,290.85635277653165,298.22344970703125,21691068
2018-10-12,300.2804848891744,310.23082788534674,300.04129381139074,305.59051513671875,25930022
2018-10-15,303.1985641632761,304.15532834757056,296.166341569087,299.80206298828125,23756416
2018-10-16,300.18480064212065,308.98704392585853,300.18480064212065,306.7864685058594,18042549
2018-10-17,311.04405045229345,313.9621696129956,298.17556015095613,301.1893615722656,20203287
2018-10-19,299.3237167972983,307.5997221444516,296.7882972444427,301.8113098144531,18322589
2018-10-22,306.35594319635237,315.5887129318046,302.4332036927036,312.9576110839844,33593953
2018-10-23,309.03489675776376,314.3927831603731,304.58594820134186,308.8913879394531,21509920
2018-10-24,314.5362532953298,315.7322086310535,302.57669993809293,308.0780944824219,33104174
2018-10-25,304.7293795322107,308.1258805604628,298.3190480951405,306.11669921875,26920180
2018-10-26,305.97322116054374,309.4175785893607,299.4672353935462,302.0026550292969,22952163
2018-10-29,314.7754414545932,337.6899571546271,314.1056947935237,334.2934265136719,80069836
2018-10-30,332.4277554318875,338.5510408860217,328.0744605088531,330.75341796875,34460428
2018-10-31,330.56207554776904,341.1343097000737,327.50041801684443,339.6513366699219,31233009
2018-11-01,341.5649037337397,342.9522238455251,335.9199993996155,338.4075927734375,22157128
2018-11-02,338.6945359718245,342.33022835102827,336.49398993148435,339.1250915527344,26714413
2018-11-05,335.82429153875364,336.63754708723445,332.9539984486788,334.53265380859375,22873951
2018-11-06,333.62370867764736,342.80862220238157,332.6190886871666,337.8334655761719,21349153
2018-11-07,341.3256455874145,341.564836649494,339.220752561864,340.51239013671875,2074764
2018-11-09,341.4691522164548,342.61728098639594,337.16371312636693,341.42132568359375,15130936
2018-11-12,340.60808960483917,342.712982736705,336.3026502699465,337.11590576171875,10642857
2018-11-13,332.7626452222396,346.30088478303435,332.7626452222396,345.2962646484375,17684864
2018-11-14,349.218957709014,353.90709678109835,345.6789182392877,350.7497863769531,31774158
2018-11-15,350.27140231575265,358.6909161458975,346.44434526602714,354.0027770996094,21967798
2018-11-16,354.0984577834264,359.07361440696457,349.7451628899366,351.65869140625,29972926
2018-11-19,352.3762569202406,354.67251444827485,345.1526986078376,346.7313537597656,16002154
2018-11-20,346.348704136978,349.64955291366863,339.26865359369367,342.42596435546875,19591217
2018-11-21,340.94295320807373,344.72215455296936,337.7856136004753,341.3256530761719,29323882
2018-11-22,342.18680530436495,343.0000609398045,335.82432744733995,336.82891845703125,12547369
2018-11-26,339.41213393358515,342.37810909017816,335.53725021486355,340.9429626464844,20673027
2018-11-27,340.36894451084146,340.70381789953007,336.39837798301903,339.3164978027344,17933339
2018-11-28,341.5170080193518,345.9181001760885,337.97696864306096,343.4783630371094,18163000
2018-11-29,347.3054694036434,350.5584624509933,344.6265408230332,346.5400695800781,38692771
2018-11-30,349.21899574266246,349.21899574266246,338.50322309815556,339.79486083984375,21893877
2018-12-03,343.38269240187503,343.38269240187503,336.87670701218747,340.12969970703125,23427270
2018-12-04,338.0248081438481,343.57405848178547,338.0248081438481,342.4737854003906,18651442
2018-12-05,339.9383451566989,340.94296519366753,335.2980616459247,336.20697021484375,12068267
2018-12-06,333.14531743659643,334.81965484347563,328.5050050693342,332.61907958984375,17784829
2018-12-07,334.4847886943274,337.73778131495925,330.37068488747815,336.9723815917969,14979672
2018-12-10,331.5188139742398,334.34128020247795,329.3660944029785,331.37530517578125,14107881
2018-12-11,322.8122989408972,330.08371413539015,321.4728346362061,327.97882080078125,36885929
2018-12-12,327.9788135610292,336.4940397918753,324.72582055054767,334.8197021484375,24740214
2018-12-13,337.64211694065784,338.8859280543623,332.5712778102312,334.43695068359375,19129928
2018-12-14,334.10211758296833,338.74240125090455,334.0542618473227,336.68536376953125,12104234
2018-12-17,337.06805508396087,344.91353411336416,337.06805508396087,342.9521789550781,18378122
2018-12-18,341.32565657231953,347.20975104921735,339.2686192118598,346.5878601074219,15405953
2018-12-19,347.30543874035425,353.28521557817027,345.39191015225316,350.65411376953125,19442031
2018-12-20,347.3532695355796,349.69735376400183,345.53542319421615,346.4921875,12109613
2018-12-21,345.3919108259511,347.783821565743,336.78103216270017,338.88592529296875,13555416
2018-12-24,338.1205177009977,341.6605574988135,336.3026712635238,337.4986267089844,9025217
2018-12-26,335.4893832410933,341.4691598894735,333.0974725817413,340.4645690917969,8695108
2018-12-27,343.9567723410943,345.15272773866417,339.55565063841124,340.2732238769531,10122458
2018-12-28,342.8086561335048,347.1140957236734,342.8086561335048,345.1527404785156,13004606
2018-12-31,347.11406325849975,347.78380992247105,343.956752866928,344.5786437988281,7314108
2019-01-01,345.8702906028512,349.02760107848036,340.9907868875005,348.02301025390625,7759872
2019-01-02,345.8703585095536,351.99364532403774,344.72222945765395,348.8363342285156,18243156
2019-01-03,349.21898481522607,351.41953112248075,346.39651832719323,347.5446472167969,12884409
2019-01-04,346.20520329971504,352.8546983477767,342.56948106797586,349.4103698730469,22896026
2019-01-07,351.6108510528108,354.9595258247423,350.70191336403576,351.8022155761719,12719847
2019-01-08,351.89794280407733,365.2926447148077,350.7498430163231,363.7139892578125,21501136
2019-01-09,365.1490496563012,366.96689578953664,359.3606379482849,365.7231140136719,21730142
2019-01-10,364.4793915226614,365.62749122602224,359.7912228400126,363.0920715332031,14497154
2019-01-11,364.1445204388071,364.7185848931457,359.0258252846628,362.1831359863281,12537973
2019-01-14,362.32664147197625,362.32664147197625,356.5860558401929,357.20794677734375,14844029
2019-01-15,357.39928034977834,359.1693000838056,354.57684328028523,356.6338806152344,12960779
2019-01-16,355.9641851180682,363.3312827141049,355.9641851180682,359.07366943359375,15106484
2019-01-17,359.74333364861104,361.6090354890709,356.6816765766066,358.40386962890625,13171721
2019-01-18,358.4039138287997,360.12607789535815,354.3376655400811,355.91632080078125,12212121
2019-01-21,356.8730848927238,359.8868866064815,354.57685640596213,355.6293029785156,8908581
2019-01-22,354.5289879552489,356.39468995776906,350.2714044799995,353.0938415527344,14756076
2019-01-23,352.85469256728413,357.542861399781,350.6063196270386,351.5152282714844,9726450
2019-01-24,350.74981173343394,352.5676581338467,346.10949886002453,349.0276184082031,17521254
2019-01-25,346.683555977049,348.88410222608763,339.2207767883163,341.7562255859375,22978238
2019-01-28,337.9291485722907,339.5556302966703,322.09468253818227,328.69635009765625,34362360
2019-01-29,328.12235402585156,334.9632134662316,326.59152518650353,331.8537292480469,20738442
2019-01-30,335.824294811653,352.6633536104961,335.824294811653,350.080078125,39400056
2019-01-31,356.5860542315306,360.36525556986186,338.7902330136587,348.6927490234375,85917249
2019-02-01,348.7406332373906,349.1233331681205,333.67159352960215,339.3164978027344,25605469
2019-02-04,335.824262641749,341.4691660602039,331.0404412365959,339.22076416015625,17039321
2019-02-05,339.26862564286466,340.7037720887329,333.76723093370333,337.4029235839844,12197271
2019-02-06,338.3118722261391,346.2530044694211,337.92917233455864,343.7654113769531,15396216
2019-02-07,343.5740186897678,346.15726442540495,341.0864260124642,343.1434631347656,10247434
2019-02-08,341.46917334066563,342.9043197928103,335.58507872649835,339.74700927734375,9308651
2019-02-11,339.2686085730173,339.36429083755354,333.95854947159603,334.9153137207031,9419635
2019-02-12,333.91074436834106,336.78103729987413,328.4093495829028,329.4139404296875,14924394
2019-02-14,325.15636198680386,331.8537122678992,321.61632230183005,329.0791015625,15172596
2019-02-15,329.1747494269303,332.71478905587804,325.8739300737943,327.3569030761719,20316848
2019-02-18,327.40476092610965,328.1701607003863,322.95578349397084,324.1039123535156,10601490
2019-02-19,324.4387664356488,335.2501908953981,324.4387664356488,328.4093322753906,14384763
2019-02-20,330.0836598884995,332.5712527301832,327.5482405144886,330.2750244140625,9474758
2019-02-21,331.80585812040215,339.6035107720643,331.27964941790736,336.1112976074219,18631331
2019-02-22,336.20702739397785,338.7903031305188,336.1113451077848,336.82891845703125,10997730
2019-02-25,337.78557566525814,341.9953613359402,337.78557566525814,340.225341796875,10344411
2019-02-26,334.8675193592045,337.45079475922773,331.6145264393412,333.1453552246094,18096382
2019-02-27,335.8243019374225,339.36434187071654,328.457204432192,330.60992431640625,17325417
2019-02-28,333.3845046704049,336.5418149221939,330.0836564268853,335.010986328125,18347113
2019-03-01,336.8288532417207,339.65131954820373,335.489389088762,338.9337463378906,14190221
2019-03-05,339.6513413956308,348.40572928493435,337.54644816406767,347.5446472167969,17638277
2019-03-06,349.45813717821164,356.72955121100455,349.45813717821164,355.86846923828125,31436190
2019-03-07,355.4379045863115,357.8298151151561,352.567611951698,354.7681579589844,15355303
2019-03-08,353.8114143290866,357.2557715306106,351.75437699424515,354.57684326171875,16143455
2019-03-11,355.7249407377677,362.0395907031392,354.00277674636095,359.599853515625,11449587
2019-03-12,361.6568865247681,372.1812932754888,361.03499560185105,371.4158935546875,37108265
2019-03-13,371.1288451163051,376.2475396711001,367.6844879917058,374.9559020996094,19574619
2019-03-14,375.05158446339766,376.0083487094778,370.07639870453016,371.12884521484375,13182462
2019-03-15,372.0378110057665,381.03138975804416,371.3202377670508,378.20892333984375,31466545
2019-03-18,379.1178627543853,382.61004669155056,376.48676086776186,380.8400268554687,21220626
2019-03-19,381.17486572265625,383.61463204294785,376.8694266613353,381.17486572265625,11670392
2019-03-20,380.4094931171199,380.93570180507805,375.2429717150495,375.9126892089844,14181408
2019-03-22,377.3957088914348,379.1656995774037,373.1380958619627,374.8602600097656,17409249
2019-03-25,371.1767414569602,371.1767414569602,365.9623640674656,366.9191284179687,12345034
2019-03-26,368.3064339102657,378.400285731565,366.8234317064728,377.0608215332031,14063632
2019-03-27,378.3046015073489,381.2227501653471,373.2815888908298,376.1997375488281,17950017
2019-03-28,375.7691537141239,384.5235406344837,375.7691537141239,383.2319030761719,23117485
2019-04-01,384.0930601887531,391.84282806932424,378.6394917116327,381.0314025878906,16106604
2019-04-02,382.70569627912994,382.70569627912994,376.4389021818102,379.9789123535156,13010810
2019-04-03,381.7489454857685,385.3846380492387,373.7599579548992,375.1472778320313,12317200
2019-04-04,377.3478513750041,378.59166254088814,370.5548186940396,371.942138671875,14521564
2019-04-05,372.4204942441291,375.52997813955216,368.9283104781258,373.6642761230469,10853927
2019-04-08,374.5253640169436,374.5253640169436,368.35422314474846,370.3634338378906,6305407
2019-04-09,370.65046100671185,381.127041121604,370.4112699465374,379.9789123535156,13206348
2019-04-10,378.4481331934617,381.5576173821517,375.721378109577,377.1565246582031,14000018
2019-04-11,377.4434951433978,377.4434951433978,370.7939719527485,373.1858825683594,8704774
2019-04-12,373.71209730450215,378.4480625115641,371.46369562529054,377.5391540527344,7035256
2019-04-15,377.1564849024173,379.7875866308894,374.8602273081572,375.7691650390625,9770752
2019-04-16,380.3137853748968,390.74250975058294,380.3137853748968,389.4030456542969,24487788
2019-04-18,393.23011635241886,393.23011635241886,385.1933022957907,386.91546630859375,18660434
2019-04-22,386.7719950512788,387.106868419088,376.6781426667318,377.4435424804687,10493872
2019-04-23,378.9743252860883,382.6578734884224,376.5824146609528,379.3570251464844,10203957
2019-04-24,379.9310609633788,385.24109047258696,376.4388775529367,383.7581176757813,11397163
2019-04-25,383.5667995634212,385.00194600419087,377.2521493844087,378.3045959472656,16524091
2019-04-26,382.70567700382145,390.3597905438979,377.2042828968914,389.5943908691406,14286163
2019-04-30,390.1206302759838,392.08198534612734,385.8630176041435,389.8814392089844,19375553
2019-05-02,386.24574164076296,387.4895234937139,377.3478165453639,378.4480895996094,16572948
2019-05-03,379.9789387739303,387.6809089659519,377.63488374011195,384.4278869628906,24431248
2019-05-06,379.35709685426343,387.3939122342479,377.5870768174605,383.9495544433594,20751521
2019-05-07,380.7921875315835,389.7379394853307,367.68450507549096,369.7893981933594,41519416
2019-05-08,369.59800287368927,373.13804213214223,363.6660822868747,365.67529296875,22509400
2019-05-09,364.4793551952459,369.0239854136498,361.22633336462286,364.9098815917969,19739885
2019-05-10,366.91909200578147,372.37265994170264,365.72313668633626,368.4499206542969,18361701
2019-05-13,368.3542566224282,369.07182984961474,359.0258046690031,360.0303955078125,13828080
2019-05-14,361.75257884294456,370.028583996386,360.2217501606706,363.953125,21481226
2019-05-15,365.81879251150855,367.87582967265377,359.55196957168147,360.7479248046875,16183425
2019-05-16,362.613696528416,368.3542827531403,361.2263765115218,365.9623718261719,13430281
2019-05-17,364.7185773452942,375.0516205170211,364.2880217139179,372.85107421875,19096980
2019-05-20,387.7287610724462,396.10044931275195,384.6192768689041,390.0728454589844,33350816
2019-05-21,390.93391348152824,393.0387775015933,380.4095057868123,382.8492431640625,18286421
2019-05-22,385.5759999861472,390.74252119348233,384.18868011836014,387.8244018554687,15370847
2019-05-23,396.1004105184289,409.44728385645345,389.7857604531471,393.0866088867187,43279956
2019-05-24,397.53558713629127,414.80517196199696,394.8088029011454,413.0830078125,37708344
2019-05-27,413.5613232512972,419.82811704872927,411.0737305048973,416.6708068847656,23397222
2019-05-28,416.24030884105474,420.2109041571712,409.59081428634096,415.5227355957031,23389724
2019-05-29,410.0691899049654,411.8392097215416,403.8502218778429,404.9983215332031,22132254
2019-05-30,402.65422432900954,409.49508260296176,401.45826906439805,407.7729187011719,18281037
2019-05-31,408.5383529670043,411.6000103827768,396.38743477093544,405.3810424804687,24644955
2019-06-03,407.5816371205174,407.9643370434454,401.4583507592723,404.61566162109375,17125380
2019-06-04,399.640485684007,404.4721340328225,399.4491211323558,400.9799499511719,14514451
2019-06-06,399.353424816767,399.7839804437799,392.6082479810992,393.75634765625,17762399
2019-06-07,395.6220678200788,400.8364453267061,390.26418149727846,398.5880432128906,14107696
2019-06-10,400.7885474211015,404.4720957053532,395.1436440598719,398.109619140625,13074522
2019-06-11,400.3580188622352,405.3810312596798,395.1914684663611,403.1326293945313,10939138
2019-06-12,403.754547557192,403.754547557192,396.8658326968693,399.927490234375,11136959
2019-06-13,398.68370231043554,404.04155912360113,397.3442089090144,401.4583129882813,12164077
2019-06-14,402.1280307863142,403.75454180458934,398.1096381734876,399.6882934570313,8601256
2019-06-17,400.8364089186412,401.5539821324604,395.287158546229,396.2917785644531,9539802
2019-06-18,397.48773752216465,407.6294156775256,397.15286417972254,403.8980407714844,17761348
2019-06-19,405.42885822018394,407.58157782135305,399.30557274981743,401.6496276855469,17010384
2019-06-20,401.601794889904,415.8575764090862,400.88422170070226,414.66162109375,24315929
2019-06-21,415.4270944296372,416.38385878419814,410.3083992931096,412.174072265625,13909654
2019-06-24,412.79597491688793,415.044347696079,409.6864908966716,410.8824462890625,8545999
2019-06-25,409.3994233447784,416.00109093673115,406.24211294805747,414.90081787109375,12964387
2019-06-26,413.8005972442832,420.9763301444731,413.8005972442832,419.6846923828125,12261068
2019-06-27,419.0627873804852,424.70769123388385,418.6800874782114,421.88525390625,18787957
2019-06-28,420.4978885201474,421.4546527716153,414.8529852761123,418.20166015625,13459208
2019-07-01,420.49788285170706,422.8897934481331,418.77571890153126,420.0195007324219,6871979
2019-07-02,420.0195103575997,420.9762746180953,414.8529891905486,417.8667907714844,7787303
2019-07-03,418.9670827856026,420.9762936631663,415.4270723804945,417.1014099121094,10415896
2019-07-04,419.0627094935132,422.31570185543586,415.3313350431275,417.3405456542969,11810688
2019-07-05,417.5798131342068,420.8806326299224,414.470328990024,417.484130859375,12154330
2019-07-08,415.2357284819722,416.52736619590866,403.7545562658808,407.4859313964844,12184946
2019-07-09,407.5815696048625,411.2172620676267,406.2899320305737,409.9734802246094,11679067
2019-07-10,411.4086628137604,413.9919381897501,408.7297343630625,412.2697448730469,16494282
2019-07-11,413.9440559782362,414.18324704596864,406.43345061181,408.1077880859375,16535185
2019-07-12,408.8253727150425,414.2789408910118,405.6680622119839,408.586181640625,8824728
2019-07-15,409.87786415331897,409.87786415331897,403.371877896176,404.0415954589844,7825336
2019-07-16,403.3239475408993,411.93482556955865,403.3239475408993,406.2420959472656,12149205
2019-07-17,406.2421473155789,408.5862024453489,404.2329363485399,406.33782958984375,10961022
2019-07-18,406.62480574338423,407.10318786778817,399.4490738773245,400.5493469238281,10651654
2019-07-19,401.7453064951142,402.17586209089467,390.8381997826654,392.5603637695313,12260757
2019-07-22,392.99198192350775,396.0611195425941,387.7169217634607,394.67041015625,17937246
2019-07-23,395.9172640041328,398.98640188022944,392.9920148327501,395.10205078125,14207080
2019-07-24,395.0060569816309,395.0060569816309,385.2711801866304,391.7930603027344,16505930
2019-07-25,392.46447611458984,396.9242937198651,388.72395560423183,392.2726440429687,16852479
2019-07-26,393.4715521302627,402.2473286090736,391.8410672021921,398.7466125488281,17493739
2019-07-29,415.29112134310606,417.5450166546353,407.9060250294488,411.7904052734375,46754670
2019-07-30,415.29110282210286,420.75799509821707,405.4603088176535,407.9539794921875,23617273
2019-07-31,406.56326665822894,412.6056258496001,403.9737092357546,407.2346496582031,22329888
2019-08-01,405.9398203110605,408.9130416238173,393.85513226952617,399.9933776855469,18269866
2019-08-02,396.9722755788213,400.76073983954194,388.91582537078006,393.8072509765625,30939803
2019-08-05,387.1414443506881,390.0187498148619,379.5645458155901,386.1823425292969,25033370
2019-08-06,384.59986497133985,394.67043500176146,384.5039489266805,393.4715576171875,30665326
2019-08-07,392.5603598489642,398.0272518838291,389.6830544136594,391.6971740722656,20977349
2019-08-08,394.19087220992265,399.56184858541104,387.621018485864,397.4518127441406,19046657
2019-08-09,399.46589806772846,405.12459281071347,397.5476944755665,402.9666137695313,17664017
2019-08-13,399.9454954938871,404.4532861676723,392.4165396648689,393.4715576171875,18389104
2019-08-14,395.0540106266239,404.932776354724,394.4306003340918,400.233154296875,13307755
2019-08-16,400.7127138778978,402.8227495116969,395.2458512676315,401.8157043457031,15154141
2019-08-19,402.9187156594711,410.39969880168064,402.9187156594711,406.083740234375,12304262
2019-08-20,403.59003963480075,405.8919074496651,395.6295061283675,399.84954833984375,16181488
2019-08-21,398.98633970801774,401.57592621679265,393.7592233093461,395.1978759765625,12868183
2019-08-22,394.1908636290959,395.6295164160634,381.7225394753775,382.7775573730469,18182520
2019-08-23,373.0906355876181,386.9976130066939,370.021497828725,379.2288818359375,26883695
2019-08-26,390.3544221057433,397.0681345252524,376.78313785448546,394.8142395019531,26701988
2019-08-27,395.9172331950456,403.3023291706414,394.4306370307403,401.48004150390625,28793372
2019-08-28,400.90461030838605,401.14438579302026,392.94407592631785,396.0611572265625,12154347
2019-08-29,393.13583893629817,393.9990247396658,383.0173262173058,387.86077880859375,30331105
2019-08-30,389.8748922311922,395.96519467959456,386.1823443475573,392.89605712890625,18314194
2019-09-03,388.4841939413938,389.778987297142,375.0567679962302,376.1117858886719,20194305
2019-09-04,375.0087889857262,383.30501337410095,373.9537711935106,381.2429504394531,18614965
2019-09-05,373.618131541568,377.8861466827,372.1315353118975,373.0906372070313,25022673
2019-09-06,375.0088214397699,378.3656778976707,373.2824498263501,375.3445129394531,17564286
2019-09-09,376.9270137935282,384.0243613800223,373.1865225639739,379.2768249511719,18651819
2019-09-11,378.7493277438329,382.68165131803687,377.2627315329655,378.4616088867187,17463978
2019-09-12,383.30503803776423,390.5462743693218,383.30503803776423,386.2303161621094,19577114
2019-09-13,390.1626281173878,397.9313591005434,384.2641574842485,396.4927062988281,17775449
2019-09-16,391.79310732924654,398.6506797309326,390.114679084874,395.2938232421875,17629622
2019-09-17,389.25150161132905,395.0540562441424,382.0102648973303,384.26416015625,20793363
2019-09-18,388.86783020572454,388.86783020572454,380.283857527273,383.0173034667969,18477377
2019-09-19,379.5165894543142,379.5165894543142,368.63077829988293,370.7887573242187,22647508
2019-09-20,373.0906442973428,406.65921126497005,370.8367489470515,400.425048828125,75217723
2019-09-23,417.9765502992441,431.5958074877543,410.92717552584855,428.047119140625,57490445
2019-09-24,423.4434478952664,430.30101996312027,415.6267740201754,422.8679809570313,26639931
2019-09-25,421.14167132923626,422.91601578738727,412.0302028208879,416.4420776367187,19987241
2019-09-26,421.0457438867948,439.89209080596623,420.6141363139757,433.4661254882813,40909369
2019-09-27,431.1162710863075,433.3701662328653,425.1698280531932,430.82855224609375,19432963
2019-09-30,425.1698796518892,426.9442241004488,413.3729374600059,415.9625244140625,27524660
2019-10-01,419.0795633099842,425.0739498473769,399.6577509288319,407.2346496582031,30623906
2019-10-03,406.65919427592206,416.8256799867134,405.0287093835387,409.82421875,23275379
2019-10-04,410.9751211320776,411.7423908639784,395.1978848207384,396.97222900390625,17952697
2019-10-07,398.1231735652543,406.1796230444749,394.67040114002697,399.082275390625,21933703
2019-10-09,403.06251646600447,420.4702076349744,400.0413517622102,418.8397521972656,34533981
2019-10-10,412.4138207963496,413.85247365959265,403.3023526624767,406.3714904785156,19074005
2019-10-11,410.4476640902372,415.5308923815789,404.83691219957007,411.0231018066406,18004922
2019-10-14,412.41378277277227,418.5520285694508,408.577375491165,411.3108215332031,17211042
2019-10-15,412.4137965880663,417.6409133921432,410.6874249612979,414.1881408691406,14971985
2019-10-16,416.72973953144685,421.52524861696406,413.51674259025737,417.49700927734375,17833051
2019-10-17,418.1684172715637,425.217821902856,415.9624946680553,422.5802917480469,12452421
2019-10-18,419.7988886218441,425.5534996830376,417.449077397404,419.894775390625,15988455
2019-10-22,422.4843925060489,439.9400590233935,419.6550301560534,432.6988220214844,34966169
2019-10-23,433.51402215974457,440.227734892307,429.869446955568,436.48724365234375,25196183
2019-10-24,438.69316424836967,440.22773300598715,432.55491848736426,436.1515502929687,23542540
2019-10-25,438.9809476547675,451.40129959388133,435.8158938496418,449.9147033691406,34397573
2019-10-27,451.73693119048,454.1346856023191,445.98232060206624,450.3462219238281,8206762
2019-10-29,450.96969792072537,462.2870879511627,447.75670089538744,457.8752136230469,33686172
2019-10-30,459.4098152279316,459.4098152279316,450.7778980315822,451.880859375,22396012
2019-10-31,455.5734009559736,457.2518292752851,442.43369326271977,444.1121215820313,21198377
2019-11-01,447.5648910947317,447.8526392233991,441.66642032538704,443.3448486328125,13522994
2019-11-04,444.0641820017767,452.9838180102242,444.0641820017767,451.2574462890625,16254715
2019-11-05,452.7920056026372,454.61429332960097,447.80466409461025,449.19537353515625,14952189
2019-11-06,448.0444055726956,464.1093609219311,445.74256707804136,461.0402526855469,24922680
2019-11-07,463.2461948842194,463.2461948842194,456.19679041252294,458.9781799316406,18312032
2019-11-08,461.0882658652433,475.7145707106826,460.65665827677066,469.4324645996094,52207121
2019-11-11,468.0416665694052,478.59178610273193,464.78072638572417,476.4817504882813,24766065
2019-11-13,476.4817606501178,477.1531436152515,463.5338864012617,465.8836975097656,24272664
2019-11-14,469.72007343374565,479.40700678468926,463.9654630394578,478.2560729980469,35396276
2019-11-15,477.4888702410064,488.8542332164971,475.71452593353047,479.4070739746094,42074833
2019-11-18,478.3520797360283,483.8189723550842,476.3379598621936,477.9684448242187,22910109
2019-11-19,477.5847566939981,481.4691073061123,469.81602620030543,473.3167419433594,27939336
2019-11-20,474.9472336834014,477.6327070756392,472.3576470577355,474.7554016113281,22606112
2019-11-21,477.72860762635617,483.1954702696629,471.1587545085779,477.8724670410156,25745594
2019-11-22,480.6059056857143,481.2293159860636,472.021933084904,476.4817504882813,18462401
2019-11-25,471.87810844959296,479.5509232211311,471.4465009109078,477.4408874511719,25692878
2019-11-26,481.27732412384063,496.3831791245344,480.5100543077828,489.8133544921875,286857658
2019-11-27,492.8824367601384,494.75263843263855,483.6750243880798,484.8259582519531,29866539
2019-11-28,488.7103421273939,498.73296829416887,487.2237459489188,497.9177551269531,35706498
2019-11-29,494.8965593363909,495.3761102659804,489.42966703128394,491.6355895996094,13324549
2019-12-02,492.4508542205352,492.9783485277105,486.50441107136413,490.005126953125,10130049
2019-12-03,488.9021590489756,490.34081179752576,484.0107338500119,488.5185241699219,12795657
2019-12-04,489.14187568733024,509.6186739304365,488.4704927776218,507.6045837402344,30992538
2019-12-05,510.769662757882,515.5172284767561,504.5355009251398,506.5016479492187,32354118
2019-12-06,508.3719549419888,511.6808682344219,500.3155340331676,503.336669921875,24868376
2019-12-09,502.6172909127497,507.6525754061336,500.8429759830336,504.9671020507813,12980877
2019-12-10,504.5355355410078,508.5637751709406,503.2407714101771,507.0771789550781,12021443
2019-12-11,508.899397714204,513.3113011700094,505.63848667879535,511.728759765625,13768156
2019-12-12,512.9755882471313,515.1335673557433,508.1321357333661,513.4551391601562,12385216
2019-12-13,515.9009651447004,520.6005296020642,513.7909291353623,515.085693359375,17884861
2019-12-16,517.4354541762648,519.2577711283249,514.7499806723857,517.1956787109375,13070575
2019-12-17,518.8261122748601,520.7922591883198,516.7160766808606,519.0179443359375,11516163
2019-12-18,519.881132527729,520.6964042023279,514.0306348108654,519.2577514648438,12906168
2019-12-19,515.2294453858349,519.0658521890966,511.872589432981,518.1067504882812,12082790
2019-12-20,518.8261634683953,527.0264726729912,517.1956785967435,523.7655029296875,27691592
2019-12-23,524.6287579666779,526.4030731292356,515.6131763703231,519.161865234375,11521942
2019-12-24,519.8332468922378,521.7035073665191,517.2436599693046,518.9700317382812,6715007
2019-12-26,518.9699914367874,520.2168706821041,515.6611368610936,516.7161254882812,7831074
2019-12-27,518.8741237167231,527.9855916932645,516.3324802866407,526.9306030273438,11247684
2019-12-30,527.1223818329446,529.6160819010763,520.4086685200996,521.7034912109375,13180302
2019-12-31,521.5594874755067,521.5594874755067,515.9967093795707,516.8599243164062,12491978
2020-01-01,517.8191068090974,520.3127481774169,513.7908673734861,514.7979125976562,7642793
2020-01-02,514.0785120337263,519.7372354884724,513.9346233629241,518.4903564453125,10264223
2020-01-03,515.9967985566774,518.6822720458403,514.3183703085841,516.81201171875,9594690
2020-01-06,515.2774432086867,515.2774432086867,502.3775122618934,504.1998291015625,12534334
2020-01-07,509.5708250912865,513.6949515318829,500.315526928159,501.514404296875,16101835
2020-01-08,494.8965909321686,505.7823743132612,493.93748901175735,504.4396667480469,16094310
2020-01-09,508.9953707677981,525.012383599199,508.6117066067494,523.9573364257812,18934019
2020-01-10,522.6146938268618,524.1492335837178,516.4764177215591,518.1548461914062,12335407
2020-01-13,517.3395328587959,523.7175246872326,515.9967669270576,516.5722045898438,7901800
2020-01-14,514.2704516400397,516.9079818709492,512.3043044484212,515.6131591796875,13939440
2020-01-15,513.2154563246484,514.9898301464231,508.9474992596243,513.6950073242188,12353176
2020-01-16,512.064437926926,517.914935074232,511.3930550070079,515.1815185546875,11249232
2020-01-17,512.6399725275828,515.9968292232733,508.89945165109657,510.2901611328125,18312609
2020-01-20,511.20127098286866,521.7513910219147,509.2830673394057,512.9755859375,19159996
2020-01-21,511.1533410948958,518.1547728705993,508.5158110154989,509.3310241699219,13477994
2020-01-22,509.7625618493893,513.0714744760458,499.45221840652766,501.46630859375,17527408
2020-01-23,500.07565192903735,508.5636785946809,495.90352439288455,506.1179809570313,17061293
2020-01-24,507.60463456763415,515.4213377597315,505.4466554882253,512.0164794921875,17851868
2020-01-27,516.476343125618,522.7105051132068,509.7626302159071,515.2774658203125,38149166
2020-01-28,516.0926992399667,518.4904539447406,503.000993675261,506.5976257324219,24009224
2020-01-29,509.8105847393553,512.9276658012558,503.8161980818544,505.0630187988281,16400827
2020-01-30,506.0701192460413,512.1124492491086,502.7132627400115,510.43402099609375,14319317
2020-01-31,508.3240477227206,510.96157815901773,501.03489611434776,504.1519775390625,16292578
2020-02-03,483.38735074030063,497.9177677346747,481.4691469675216,494.4649658203125,22531888
2020-02-04,498.7329294449446,512.7837940458395,495.5199618727453,509.0912170410156,17781475
2020-02-05,507.4128563118049,518.2986981680313,504.1998883128328,517.0518188476562,18782476
2020-02-06,518.2505857527321,524.6286355418911,514.318292156013,519.449462890625,15296851
2020-02-07,518.8262126906532,519.5934825445373,513.263433076321,514.51025390625,8297149
2020-02-10,516.6202170042914,520.0729601289951,508.8035137822626,512.1124267578125,12536053
2020-02-11,515.7090848169913,522.5186846468627,515.5172527360938,517.6752319335938,11243552
2020-02-12,523.477738504971,528.1773606307698,520.5045464099893,526.8345947265625,14026335
2020-02-13,526.5468990304774,526.5468990304774,515.9967790134733,518.8740844726562,9227235
2020-02-14,519.1138209238763,526.21119727217,514.6060310020641,523.4777221679688,14458649
2020-02-17,520.792228700634,523.0460943043034,515.7569447214843,519.449462890625,7793293
2020-02-18,518.8740858964921,522.1350555080863,514.0785767846946,519.06591796875,15918303
2020-02-19,521.2718560592015,524.1491616124262,518.3945505059768,522.5186767578125,8704234
2020-02-20,523.1900703388333,526.8825891245517,519.641381710325,524.6287231445312,13588526
2020-02-24,517.4354403585644,519.6893062568803,505.9741617141984,508.1800842285156,16940750
2020-02-25,510.673790711555,516.7640640312139,503.8161890822969,509.2351379394531,14942960
2020-02-26,505.30272100738256,507.70047532276146,500.842933104132,502.2815856933594,15743918
2020-02-27,501.41845306520895,501.89800400703473,491.6836040695064,494.2731323242187,26315054
2020-02-28,481.08548998143834,486.12077465382595,472.06993851715174,476.9133911132813,32737933
2020-03-02,487.4635218918848,499.2604630995341,478.0643353418444,485.4014587402344,28642076
2020-03-03,488.99809951164394,498.2534268023957,487.7033061193806,493.69769287109375,19661945
2020-03-04,496.3351935538423,496.3351935538423,476.7215495597258,487.5594177246094,21883404
2020-03-05,488.9021361911498,490.2448728397928,479.5508937627757,483.8668518066406,16671516
2020-03-06,465.1643741932545,476.48176375450055,457.7792786065244,466.4591674804687,31024353
2020-03-09,455.5733764581769,455.5733764581769,424.8341740281009,439.02886962890625,42027175
2020-03-11,431.5958652072669,452.45633202561817,431.2122302920873,446.6058044433594,31018779
2020-03-12,420.0866129961652,427.7114844603888,398.9863721607414,408.24169921875,50757033
2020-03-13,384.5998515748421,445.7425960583737,379.0370724119701,428.9103698730469,67104335
2020-03-16,406.85103768999426,406.85103768999426,381.19506186485506,386.4221496582031,34833637
2020-03-17,390.3544631033547,391.74517252981417,349.1130824806416,352.23016357421875,47232699
2020-03-18,354.0045445884849,360.1427913704658,328.30059411407757,340.5291442871094,61202289
2020-03-19,322.3541364945522,354.4840483554927,309.7898964502615,324.70391845703125,57985870
2020-03-20,314.5854088728553,345.0848361960348,309.7898995912569,331.5615234375,88640642
2020-03-23,298.42456033443506,300.87028782309727,268.5485410018706,272.38494873046875,56867949
2020-03-24,283.2227842540529,292.52608455252687,257.32703250678003,284.37371826171875,67895418
2020-03-25,272.3849174787915,320.4838680036359,270.0830789596243,303.9393615722656,66544138
2020-03-26,308.8308173850303,349.49673282655687,301.397777525608,316.743408203125,76173940
2020-03-27,341.2484643035646,344.84509663926605,312.6672377169781,325.9508056640625,72889985
2020-03-30,316.5995324321823,320.24410782223737,298.3765969429745,300.58251953125,36559880
2020-03-31,311.42040535862265,321.15528399981986,303.0762069407577,310.5092468261719,46279768
2020-04-01,305.95351657350216,310.50925075445554,295.4993113595238,298.424560546875,33141186
2020-04-03,296.84202769375787,296.84202769375787,269.9871754306715,274.9265441894531,57326314
2020-04-07,295.6910918802516,316.11997907029706,284.7093931393589,312.76312255859375,57661076
2020-04-08,309.6460703638127,338.3232128105124,302.2130302524549,305.90557861328125,73931321
2020-04-09,318.80543783356364,330.8901265709161,309.4541951261247,328.6842041015625,52431174
2020-04-13,327.1016358584371,331.65736911144853,315.78424706400403,317.1269836425781,30994190
2020-04-15,328.6842252963358,337.5079450122009,311.70811034805513,313.9620056152344,49132329
2020-04-16,311.9958055279713,333.5755961452616,306.2891673486331,328.0128173828125,56494027
2020-04-17,347.19485598189243,369.7337485663523,334.7744758073511,360.190673828125,69006835
2020-04-20,360.6223079195863,363.40369752571104,342.399372147054,346.52349853515625,55810736
2020-04-21,327.05369879753295,332.0410396365414,314.5853759694745,318.2779235839844,50118175
2020-04-22,312.667161742704,324.17638242034957,309.83779995166475,322.2102355957031,49115085
2020-04-23,326.3343798468648,340.289299003949,324.1764008471427,338.5149841308594,45953398
2020-04-24,324.08052249163654,329.21172345251,317.9422762549368,321.1552734375,38513206
2020-04-27,325.42325725734463,338.46704872257243,324.176436516989,333.6715393066406,38980019
2020-04-28,339.2822852606927,348.01011809938393,335.9254287280781,345.1328125,32933194
2020-04-29,338.56294718815684,361.1018402729208,337.2681538591816,355.2992858886719,39341745
2020-04-30,366.37691389129833,376.8790910627228,358.8479583671258,364.6025695800781,45734705
2020-05-04,344.317560485833,344.317560485833,322.25821817058466,324.224365234375,38837299
2020-05-05,333.76740615718074,333.76740615718074,316.0719673126142,317.3188171386719,45069968
2020-05-06,317.94227511498843,331.41764490151724,311.9478883292609,327.4373779296875,49952812
2020-05-07,323.21731451837417,328.8760094231115,320.0522902086211,322.9775390625,27656346
2020-05-08,329.9310322640464,338.08339788684987,320.05229504067063,323.8887023925781,42968091
2020-05-11,327.0537048378679,329.4994026530637,305.1861961048808,307.0564270019531,83665601
2020-05-12,305.28208846967624,311.1326152506269,295.40335172685593,308.0635070800781,69072308
2020-05-13,329.45148196903517,334.1510751301298,318.7095296555629,324.224365234375,72816461
2020-05-14,316.5036194649953,320.8195779122453,312.3315204454271,314.00994873046875,33999095
2020-05-15,315.83221529797174,317.0310925641643,305.7616462619546,309.5021667480469,31828868
2020-05-18,306.9126230108878,307.39217398434226,281.2566459310714,286.29193115234375,74034133
2020-05-19,294.49221765575476,298.76023268765056,284.9491716051003,288.0182800292969,61827491
2020-05-20,286.7714536381916,295.64314576579454,285.3328008607425,293.14947509765625,42238419
2020-05-21,293.48516082733914,300.0070415823829,289.6487534962628,291.9505920410156,43075357
2020-05-22,288.6896508444997,295.11564481360847,273.87151586246944,279.1465759277344,80358245
2020-05-26,283.94203205652747,285.7163759646804,278.1394787760523,280.72906494140625,46681705
2020-05-27,283.990064215829,308.78285294258956,282.7911869008935,305.80963134765625,80541990
2020-05-28,309.070577932052,316.26384196460555,307.6319251255413,313.4824523925781,66136408
2020-05-29,309.6939518589228,320.6277060481585,306.91256261412485,318.37384033203125,60487477
2020-06-01,325.1355297113923,333.7674464293939,322.4500562180226,325.37530517578125,44024770
2020-06-02,323.21733684022706,335.68566140676404,318.90137833642586,334.1510925292969,47558213
2020-06-03,343.26256898301466,357.7450137305581,339.3302452838255,342.2555236816406,69689299
2020-06-04,342.3993725758002,348.15398387959516,331.3697009101932,333.62359619140625,57061575
2020-06-05,335.68564161667973,345.2766599485849,332.8083361171082,342.5911865234375,37251097
2020-06-08,351.5588075375581,358.46435327499086,338.7068472807231,345.0848693847656,46827341
2020-06-09,345.3245926143546,354.244256947859,331.12989763149267,334.294921875,47621969
2020-06-10,334.29494276396383,342.25550579147483,331.177861708066,338.5629577636719,36292403
2020-06-11,338.03547087996213,339.7138991777386,326.19055675318936,327.29351806640625,36999490
2020-06-12,310.9407982987766,331.9930640982103,310.8448822701182,330.1228332519531,47509067
2020-06-15,327.24559012925147,328.2526354476733,312.1876781248142,317.55865478515625,43500660
2020-06-16,328.25259773143927,333.6715171578462,312.71513654739533,328.9239807128906,57511237
2020-06-17,324.75184714499954,336.644702578791,322.35409285312784,327.96484375,37107002
2020-06-18,326.0946291143244,340.1934380220535,323.40915564116915,337.6038513183594,39285919
2020-06-19,336.6447424116672,350.5037755663153,334.91837082503446,348.9212341308594,51367236
2020-06-22,351.9903889760424,359.9029794639235,350.21604464910916,352.51788330078125,40133602
2020-06-23,353.9086015760749,362.82823755028664,349.30492415766895,360.76617431640625,32493320
2020-06-24,364.45868383763315,364.45868383763315,330.890120852588,333.86334228515625,57955780
2020-06-25,331.7533497233633,341.0566500957917,324.6560013382523,336.644775390625,69902888
2020-06-26,341.05661051419185,343.8379999176524,331.9451432918273,334.82244873046875,34596104
2020-06-29,331.1299036370353,331.46559512821415,324.65596634652115,329.0678405761719,27384244
2020-06-30,332.80834006436436,339.9536605141665,332.13695706538203,337.07635498046875,47526095
2020-07-01,339.7618541786995,350.7915262268436,337.2202399519337,349.1610412597656,36922617
2020-07-02,351.031296980648,355.7308904579162,346.5714789794594,348.0101318359375,50964311
2020-07-03,349.7364948180006,352.1342495188912,345.08484484437963,346.23577880859375,28779044
2020-07-06,352.80563674124096,352.80563674124096,345.756231982843,347.051025390625,33334074
2020-07-07,348.15398948874105,362.5405179800114,347.2908036331583,360.6702575683594,46030825
2020-07-08,362.4445699000885,363.49958775008986,352.5178602646298,353.8606262207031,46315597
2020-07-09,358.17659067209024,360.6222886345652,350.35988732999766,355.203369140625,35144463
2020-07-10,349.97626753617647,353.14132127814463,344.3175723404632,345.61236572265625,27864858
2020-07-13,349.2089973886314,351.99038696305655,338.0834098214644,339.138427734375,32379935
2020-07-14,337.1243318235426,338.0354903740963,326.67012653411734,331.41766357421875,34031256
2020-07-15,335.2060673942524,342.2074985819694,329.6912322368362,331.6573791503906,30442553
2020-07-16,333.71949699360255,334.3429073358175,327.05372749666157,330.554443359375,35535437
2020-07-17,331.8492478167165,341.440266539743,331.3217534947366,339.3302307128906,27511781
2020-07-20,343.3584821716813,351.3669889365623,340.7209519315357,348.15399169921875,36312529
2020-07-21,355.82678703869755,364.3627876663257,354.91562857164774,363.3077697753906,45559912
2020-07-22,371.07654309734977,373.57021405145866,359.95095448865,365.5137634277344,45500191
2020-07-23,366.9044029351117,379.468643089938,363.35574363316886,376.2077026367187,37838027
2020-07-24,372.41922034587145,372.80288448465046,356.9297320002625,366.18505859375,52980980
2020-07-27,369.2542116811585,370.02148145219024,342.0157250370129,343.8380126953125,73275058
2020-07-28,346.33168473755825,347.914196940043,329.1637674343824,337.69976806640625,125939354
2020-07-29,338.75481105676863,343.0227970542696,333.9593014397106,336.6927185058594,50194622
2020-07-30,338.9465866434276,340.0975205668244,326.4782626409795,330.8421936035156,40820253
2020-07-31,332.2808538750555,338.5629594026439,328.0607822402995,332.61651611328125,37345191
2020-08-03,332.6165310333592,335.06225846813635,326.57420070173094,329.21173095703125,32119883
2020-08-04,332.8083676938657,338.75481133162975,330.1228940139214,336.644775390625,30811518
2020-08-05,338.946620099564,345.27669876413347,336.40500580977726,337.79571533203125,37057881
2020-08-06,338.99456120028003,348.87329856526975,334.3429113655166,344.0777893066406,48021824
2020-08-07,344.74916912170306,344.94097192859465,338.70680995004284,343.3105163574219,28510964
2020-08-10,344.7971068277281,350.02422349298587,342.73504375344413,348.68145751953125,22856010
2020-08-11,354.86772517980535,358.99185189978306,349.1610568103425,352.32611083984375,45446107
2020-08-12,350.79153961407843,353.66884547557464,348.8733357064143,351.8465576171875,25706005
2020-08-13,353.86062104197754,357.12156131015075,351.27103447255126,352.9974060058594,26257336
2020-08-14,356.594037634596,356.594037634596,339.7138693653208,346.619384765625,28893259
2020-08-17,351.0312850068889,351.36697651584336,339.85775405660115,345.468505859375,24232497
2020-08-18,347.0989426088485,354.8676732003712,346.81122377079623,354.4360656738281,26517363
2020-08-19,358.7041041149381,360.4784484517529,355.2513314834678,359.1357116699219,35790233
2020-08-20,351.99039038600444,354.53200451718715,347.7703479627903,352.709716796875,68444775
2020-08-21,354.8676808276509,357.74498634787506,352.0383186916443,355.97064208984375,34109928
2020-08-24,359.5193427771774,365.6096455217279,358.560240904633,364.7944030761719,32907235
2020-08-25,366.8564631979815,373.8578951015552,365.80144529306136,370.5490112304687,53072303
2020-08-26,372.32333880801406,375.63222253045626,368.48693152207665,373.4263000488281,37163882
2020-08-27,374.0017803461126,381.1950442640186,371.7478851312755,376.1597595214844,36910405
2020-08-28,377.7901749722496,395.0540065408471,376.83107321843863,392.9440002441406,83472297
2020-08-31,397.8834220175214,404.74099462709665,371.651979663507,378.4616088867187,72744175
2020-09-01,378.5575083687674,383.3050449202675,369.5419276473598,374.96087646484375,34872793
2020-09-02,371.4121937947124,377.88613132373575,365.5137232332731,376.3515625,31295799
2020-09-03,376.35154864097353,376.49540806020553,365.4657371206261,367.0962219238281,26135555
2020-09-04,359.66319626649306,364.4107621649971,353.28517477326045,357.3133850097656,33118984
2020-09-07,358.79998403227114,361.43751394403415,353.9085590692907,358.12860107421875,22323904
2020-09-08,357.16951065248537,365.7055109664409,354.0524297484958,360.3345642089844,32052920
2020-09-09,355.634934604606,357.16950333363314,347.0989344655638,352.5658264160156,25285238
2020-09-10,356.4981643365045,359.6631886891832,350.50377785835144,355.5390625,24852274
2020-09-11,357.7450143090787,358.36842469995975,350.16811503417404,355.3472595214844,22678353
2020-09-14,358.22456548323584,358.56025700759557,344.65327923113796,348.82537841796875,27140598
2020-09-15,349.1609848301883,357.0256309882176,348.8253226289799,356.354248046875,24967618
2020-09-16,356.16246086551104,361.29366137219006,350.07215855457287,359.3754577636719,22068622
2020-09-17,354.8677017501376,356.5461300692261,352.37403096502703,353.9085998535156,24084936
2020-09-18,354.8676732003712,359.3274908069694,349.6405565765258,354.4360656738281,78166508
2020-09-21,351.65468184869815,352.37400822474325,334.2469894022993,336.3570251464844,28932482
2020-09-22,339.52209626832183,341.5841596431763,335.20613741745336,339.9057312011719,28593292
2020-09-23,342.0157561678079,342.49530713571863,328.4444696298287,337.46002197265625,22740143
2020-09-24,330.8421812493349,332.7603848703904,320.10022926363825,321.9704895019531,25840472
2020-09-25,325.1834851139297,336.16521349656875,322.8337030377594,334.390869140625,23231600
2020-09-28,337.1243197858826,349.0651502172378,334.8224810665581,348.15399169921875,18495592
2020-09-29,348.87332119126,348.87332119126,339.7618530089453,342.44732666015625,17080848
2020-09-30,342.3514298998591,342.87892422934834,335.06224971269853,340.24139404296875,19565058
2020-10-01,343.5982262195582,356.01860646759053,343.5982262195582,354.10040283203125,23237122
2020-10-05,355.5870166274584,367.0003229728012,355.5870166274584,357.8409118652344,26530105
2020-10-06,361.6773231230817,366.1850843764779,359.7591193719855,365.0341796875,18093629
2020-10-07,363.7873384787361,368.63082062897934,358.80002616704456,367.0003356933594,21845743
2020-10-08,369.2542228452621,373.76201337739343,367.0003275791965,371.6519775390625,21085500
2020-10-09,374.721088393785,386.9975798382409,371.07648395878465,385.0793762207031,41641237
2020-10-12,386.9496782349764,393.2317840529128,384.312147976085,387.5251159667969,25742564
2020-10-13,384.59983156607353,384.59983156607353,377.4065678834163,380.0440979003906,19922778
2020-10-14,378.22182747954395,392.5124394580894,373.090626632124,390.1626281738281,23368177
2020-10-15,390.25856474645514,393.1358705016802,373.2345056947073,375.00885009765625,34234586
2020-10-16,377.8861487102066,384.88758087446166,374.52929205922766,379.9002685546875,25339096
2020-10-19,385.60691105215807,401.6239246504838,384.7437251873998,400.0414123535156,41072871
2020-10-20,396.5886283158515,399.8495688616532,394.19087361019336,397.6436462402344,26158669
2020-10-21,398.98634761286894,410.975120077198,393.5194556613493,403.1104736328125,43124966
2020-10-22,399.37000959410653,402.4870906464744,390.97786829926986,396.0131530761719,33088074
2020-10-23,399.94546535663955,403.30232178049624,394.9101807208545,399.89752197265625,22151463
2020-10-26,400.9525456455644,402.0075636106616,385.03147720115624,387.9087829589844,21712057
2020-10-27,389.7310954263144,395.5336506975179,377.1668536344391,393.1838684082031,33571163
2020-10-28,393.1358304757187,393.1358304757187,378.6533871283466,379.8522644042969,28145103
2020-10-29,376.2076769681873,386.42210517346905,373.71400646135055,383.5447998046875,32615425
2020-10-30,383.06527693468274,386.2303306335739,372.1794649725013,376.54339599609375,27225165
2020-11-02,399.94543717443713,405.5082157199174,390.35441949639306,400.3770446777344,72698777
2020-11-03,407.6183108766545,428.622636806758,406.8510410580854,425.6973876953125,61813071
2020-11-04,419.4152210155495,423.9230113508216,407.9059989879254,419.1754455566406,43426662
2020-11-05,426.80032414748433,427.99920146250537,417.78477259241936,420.566162109375,30129938
2020-11-06,421.8609442728922,426.7043967893098,418.3602284597865,424.6902770996094,27831424
2020-11-09,431.5957936001336,445.5986852019416,430.6366918365777,443.7763977050781,40995422
2020-11-10,465.93169355466455,467.13057093543455,453.6552008833667,464.06146240234375,57535138
2020-11-11,464.9245989216767,470.48737767030303,452.7919669697744,466.6509704589844,45609279
2020-11-12,461.9034505694483,463.7736815899854,452.07265673985023,457.203857421875,31071572
2020-11-13,453.3674293857444,467.17848935491617,448.4280317348412,465.6918640136719,34815091
2020-11-14,469.8160872608035,469.8160872608035,464.8287455064389,466.9867248535156,3636073
2020-11-17,470.439495387071,472.8372502055576,458.5945807298536,466.5071716308594,36127378
2020-11-18,468.0417006321521,478.5918209332866,466.3632724024261,477.2970275878906,29156543
2020-11-19,469.9599405393277,473.1729378234391,456.3406815750948,459.1700439453125,31896908
2020-11-20,459.8893164901558,463.6777803358688,448.95556174344847,460.5606994628906,30089190
2020-11-23,462.0952441953859,463.58186957493496,447.4209980880648,449.0994262695313,29513544
2020-11-24,454.61424735626014,460.36885808228874,451.9287740585656,458.6424865722656,23135994
2020-11-25,465.164403360381,469.9119692880311,451.832893324152,453.3674621582031,34168305
2020-11-26,455.6693116865199,457.6834315001028,446.74964658907174,455.8611145019531,28707911
2020-11-27,456.91615494908064,459.93732018361976,452.0247292377245,453.9909057617187,48390771
2020-12-01,460.08114060903887,468.521224657624,454.9019675247858,465.2602844238281,20120049
2020-12-02,466.45917089627955,467.082581218551,452.8878861459784,460.8004760742187,21244707
2020-12-03,462.383024983161,465.1644145979979,459.26594385441155,462.1432495117187,22701738
2020-12-04,463.9175642605703,483.38731959190267,463.2461812755734,481.5170593261719,39547014
2020-12-07,484.3464306122539,494.51288673032496,483.5311881919838,489.5735473632813,37778332
2020-12-08,490.5806130479696,491.06016398936544,484.7300857090467,487.6073913574219,19339943
2020-12-09,489.1419745750091,493.93748412966613,485.3535103190431,490.58062744140625,21272782
2020-12-10,487.3196360334683,493.3619950045769,478.35202824653265,486.2166748046875,20419020
2020-12-11,488.4226060294136,495.75975843099445,485.4014411243618,494.3690490722656,25335765
2020-12-14,496.91067989679624,506.2139802016302,496.91067989679624,504.2957763671875,26369591
2020-12-15,502.569338260131,502.8091137077742,492.1151053273168,496.8626708984375,26969145
2020-12-16,498.78088000993023,500.3634213974932,490.1969364508058,491.4917297363281,24263586
2020-12-17,492.97834621152424,495.3761008137204,488.2787530451129,489.5255737304687,23883288
2020-12-18,492.978348010961,497.054530849573,488.3266982118283,495.9995422363281,21735833
2020-12-21,493.553803248039,493.6497485592464,468.2335487796395,474.27587890625,29157759
2020-12-22,476.96131762160223,481.2772757595114,469.09670035420186,479.838623046875,32328041
2020-12-23,478.5918485465216,484.826010902338,476.24203718154234,483.0037231445313,19205951
2020-12-24,486.0248719307564,494.8486208299843,484.442359701402,492.5467529296875,17576807
2020-12-28,494.8006461420089,499.88387401640983,492.5946651525585,498.8288269042969,14470472
2020-12-29,501.1787085599363,509.09129958894545,496.670917720471,507.173095703125,19092649
2020-12-30,509.9065409544512,511.2013050845893,503.09688244253465,507.1251220703125,21365141
2020-12-31,508.4199141655532,516.476393864247,504.96717060264814,513.16748046875,27817770
2021-01-01,513.6469354322984,515.0376446909249,504.583412100064,505.9261779785156,13592625
2021-01-04,510.52993602261097,513.11952289266,502.8571207270198,509.9544982910156,16549750
2021-01-05,505.1110096868941,517.8670525075586,501.6102645398296,515.2774658203125,23311516
2021-01-06,516.716131852681,528.0814655831948,513.9347130173905,524.3410034179688,28178838
2021-01-07,529.5681549128975,531.7261342588523,517.6752675462828,518.9700317382812,21138034
2021-01-08,524.6286689921694,524.7245557537454,514.4142117104807,519.881103515625,21937965
2021-01-11,522.8544591541405,523.6696724080649,513.1195508027741,522.4228515625,19394393
2021-01-12,518.8741164381487,528.129472984273,515.1335956952024,525.5878295898438,16388310
2021-01-13,528.9446641454157,538.056131614829,525.8275831690374,533.7401733398438,21920297
2021-01-14,531.3904079842088,535.6104798550574,528.0814946467178,530.6710815429688,13330898
2021-01-15,527.5060102206348,528.4651120573996,519.3536446081341,520.7922973632812,15708956
2021-01-18,522.2309359448572,525.9714564222927,507.26897111297274,511.34515380859375,21580313
2021-01-19,516.9558760898676,525.3480169354823,512.0644802697094,524.1011962890625,20575358
2021-01-20,524.1012469718398,531.917892363443,523.6696394073984,528.4651489257812,16097138
2021-01-21,532.3015035055736,538.0561143542824,527.2182756303331,530.0955810546875,18189277
2021-01-22,530.4792212920739,530.8628854559439,508.8994292003689,511.9685668945313,24515997
2021-01-25,514.6060859942947,520.1209216327012,509.47491451152393,516.0447387695312,23415249
2021-01-27,515.8049513556309,517.1477173303118,497.8697354654614,500.98681640625,28049286
2021-01-28,493.5537452930192,508.1800472222963,491.06010411736867,506.6455078125,29836591
2021-01-29,511.5369743798864,522.6625915308599,507.7965120974116,515.0377197265625,33172808
2021-02-01,529.4241906043663,584.5246004103781,528.4650888097932,579.1056518554688,69354326
2021-02-02,587.9294318485382,598.479552159034,574.21428715268,592.1015014648438,42362384
2021-02-03,597.9040152238039,601.8363087258064,588.8884359484384,596.8969116210938,27155908
2021-02-04,593.4921707697523,605.8166637871558,584.0929850174863,602.6036376953125,29982222
2021-02-05,602.6037278196378,609.317441295194,586.0112762235503,589.032470703125,32015570
2021-02-08,596.8970362185685,608.0226532359691,596.8970362185685,603.8505249023438,18230551
2021-02-09,605.528939822248,616.8943320603111,602.8914096901439,607.4471435546875,27155615
2021-02-10,607.4470788991019,612.0987575785106,600.7813684695071,606.2962036132812,23967387
2021-02-11,601.1170843507472,607.68690860618,598.5754410332529,604.8576049804688,16072702
2021-02-12,604.1382039985855,623.3202386257649,603.658653132906,621.1142578125,19049709
2021-02-15,628.2117265563467,649.1201356713515,625.3344209385314,646.38671875,27155194
2021-02-16,645.8592123613623,651.6138234894805,622.9845980037339,631.4246826171875,24966739
2021-02-17,628.019878168019,637.754785337775,622.7927613902524,630.465576171875,21684753
2021-02-18,623.416144146164,625.718011786274,611.5232589038053,618.2849731445312,27845347
2021-02-19,609.5092552791426,609.5092552791426,593.6840739855063,598.5275268554688,24055811
2021-02-22,596.5613132872595,603.5627446453855,582.4625052686657,584.908203125,27092321
2021-02-23,589.6079470835188,597.5684818755977,584.1410540444969,591.0945434570312,23534585
2021-02-24,589.9434807051355,618.6206473058942,589.9434807051355,614.880126953125,17762047
2021-02-25,616.4147258455491,621.8816177005032,600.6854332346161,602.31591796875,38571809
2021-02-26,589.8476066254312,589.8476066254312,566.7332766756808,573.3031005859375,57349273
2021-03-01,582.7023346970133,586.826461067641,575.652959304134,583.4696044921875,21527318
2021-03-02,585.0521263228783,591.2862883246794,574.5020060121378,585.5316772460938,24051433
2021-03-03,592.7249775644374,607.8308325751816,588.7446812412707,606.248291015625,21036174
2021-03-04,593.4442232080492,605.0973331884325,590.6148612643628,595.3624267578125,25057198
2021-03-05,588.1212902883781,589.5599431224794,576.8997864746017,584.524658203125,26645968
2021-03-08,586.5866847221433,590.8067563977,576.5641169358287,583.181884765625,19632433
2021-03-09,589.7037518887294,602.6516269259059,587.2580538672711,599.5345458984375,23056249
2021-03-10,603.0352933902318,604.7137216422126,596.3695237674361,600.0140991210938,15838994
2021-03-12,605.6249141869787,611.9070200043144,583.4696248910477,587.7855834960938,21757862
2021-03-15,586.874472491116,587.7855724594814,566.4455553130019,578.8179931640625,24347946
2021-03-16,582.0309530412403,582.1748417389566,569.3708550437967,570.61767578125,17925629
2021-03-17,573.1112606003312,578.9618166191433,562.9927484643368,565.3905029296875,20214082
2021-03-18,570.4258595556312,576.8039106568629,551.9631478339903,554.9363403320312,22776537
2021-03-19,551.6753769771448,564.8150835809497,546.688035819775,562.6571044921875,29162618
2021-03-22,562.8488149953349,562.8488149953349,546.2084237454372,549.9968872070312,21755401
2021-03-23,552.4426755629775,565.1507753046606,550.8121906807863,562.4173583984375,29486417
2021-03-24,556.2790559609031,556.8065502544595,541.8925286515694,544.290283203125,24434219
2021-03-25,544.8657086672648,555.3199416932971,534.3155888768913,548.1746215820312,27170186
2021-03-26,560.5949727834152,560.5949727834152,550.8121232272284,554.8883056640625,20724410
2021-03-30,558.197278995104,568.8432861583041,558.197278995104,567.2608032226562,28011943
2021-03-31,562.0336724082287,565.5344175034764,555.3199595978914,558.2931518554688,20119972
2021-04-01,563.5202662927583,571.7205751992258,556.4708912855509,570.0901489257812,15631940
2021-04-05,567.7883274070022,567.7883274070022,540.4539231314961,547.886962890625,23260127
2021-04-06,551.1958215188389,554.840396686435,541.3170845907209,542.7557373046875,23284697
2021-04-07,543.3791418524974,556.2790734532954,536.5215987427681,554.0252075195312,23984399
2021-04-08,558.1972414480667,561.8897599218,549.8530441722431,553.114013671875,19262565
2021-04-09,550.4764960656139,555.3199485028008,541.8925231504014,543.04345703125,23239564
2021-04-12,528.8487859448932,529.37628025704,509.42697339280977,516.5242919921875,26601702
2021-04-13,518.8741120995725,540.7416230458899,515.8529177909982,537.6724853515625,25445897
2021-04-15,542.803722617619,553.1620112505448,531.486332101294,551.6754150390625,37614884
2021-04-16,551.0999115714098,554.1211058801416,541.0293419275475,543.7628173828125,24045008
2021-04-19,527.5059961111964,539.3029366800793,512.5440312734322,536.8572387695312,28526176
2021-04-20,542.0842587417762,549.2295776689571,529.9995429520623,536.2337036132812,24425842
2021-04-22,529.4242570271306,556.8545483778173,524.5328606766932,555.5118408203125,34942633
2021-04-23,546.5921323019875,556.7585878374535,543.858657083305,546.6400756835938,33749097
2021-04-26,577.3792818316784,580.7361381213975,563.9518566728023,566.925048828125,62584522
2021-04-27,568.9872075664226,577.3314058832747,566.9251150463095,574.2622680664062,24239685
2021-04-28,573.5428631152361,597.3285754965107,573.5428631152361,595.9378662109375,33292864
2021-04-29,597.0888631632214,602.7475876658382,584.0930444083912,596.0338745117188,34537860
2021-04-30,585.1480283788301,591.1424150756256,573.6388059209825,575.940673828125,23653258
2021-05-03,568.3157549080961,574.3580844874256,563.4723025682734,572.343994140625,18010557
2021-05-04,572.2481440269456,583.133926643283,564.9109914356804,567.356689453125,15115127
2021-05-05,570.953282008722,580.064748983872,560.7868264835993,578.1465454101562,17253943
2021-05-06,578.1466318253314,585.8673906557684,574.7418316808582,583.3258056640625,16949763
2021-05-07,586.9703747745741,589.6558484415726,579.0098405499609,582.270751953125,10941083
2021-05-10,586.0112711754421,591.7658826763466,586.0112711754421,588.1692504882812,12060808
2021-05-11,581.5993487811564,587.8335104151873,578.5781547275551,584.908203125,13818480
2021-05-12,578.5302648669397,581.8391780558255,568.9392460811447,570.4258422851562,14785569
2021-05-14,567.7882929192984,577.3313679962519,566.9250778421932,572.8715209960938,12675754
2021-05-17,578.5782461729214,598.9591624284947,576.6120989007593,598.095947265625,20453101
2021-05-18,602.3160030571557,609.5092674248765,600.3977992257635,607.3033447265625,19242627
2021-05-19,601.4527221222361,608.070548032164,597.856090331825,599.8702392578125,13911576
2021-05-20,602.3640017169868,607.0156815583039,591.4302739981532,593.3004760742188,13900762
2021-05-21,596.8490623334765,617.6136405505807,596.8490623334765,616.1749877929688,23975898
2021-05-24,616.9422178499294,626.725067679859,611.9069335223552,620.87451171875,20323003
2021-05-25,623.512086380134,625.334403302262,616.2229357694837,623.7039184570312,14884778
2021-05-26,622.7927705634143,629.7942609859152,616.9902160071322,625.81396484375,14487031
2021-05-27,624.4711672139949,629.6503404213031,621.5938617741413,625.5741577148438,23349546
2021-05-28,631.1369548633991,633.0072151614349,613.1058519574958,616.7504272460938,14191446
2021-05-31,617.4218395438927,637.8027546356328,617.4218395438927,635.644775390625,21786138
2021-06-01,637.3711183054573,637.7068390739963,621.8336567350354,623.5120849609375,14123196
2021-06-02,621.9775068472156,622.7927199479441,614.8801302309209,621.8336181640625,16025108
2021-06-03,626.7251436244474,626.9169757108145,618.3809454484152,623.656005859375,11805702
2021-06-04,626.2934706439138,628.1157874656463,613.2497096785397,616.4147338867188,15111572
2021-06-07,618.8125138393555,623.4161909261006,617.9013553909851,621.6898193359375,7556341
2021-06-08,621.4979607759825,621.4979607759825,611.3315052035515,616.1270141601562,11912935
2021-06-09,618.0452478485959,619.1961232230994,603.0832240518123,610.0846557617188,15823094
2021-06-10,609.4612963300348,616.1270660488759,605.1932812914291,614.2088623046875,10712418
2021-06-11,617.6615833481272,618.1890776509646,605.6728103794136,609.7010498046875,9015059
2021-06-14,609.7010783118758,610.0846839414522,597.8561349416061,609.173583984375,10170497
2021-06-15,610.3244133239423,619.7716012749639,609.9887511060434,618.9083862304688,11039987
2021-06-16,618.5247558420505,622.6488817516226,611.5232660791162,613.9210205078125,8601339
2021-06-17,607.1593325384032,611.4752902812479,601.0690600279584,607.1113891601562,9720060
2021-06-18,606.7278362275837,610.5642438130606,595.3145587841507,604.6178588867188,13820690
2021-06-21,597.3766256794127,607.2074206593013,591.0465762298886,605.43310546875,13407446
2021-06-22,609.0296120898087,617.7574146112736,603.8024958373157,605.04931640625,15270093
2021-06-23,607.8308000128968,609.0296773304765,597.9520626238266,599.1509399414062,10950633
2021-06-24,601.3568737831835,610.2765094855781,598.9111757172107,608.1185302734375,12815724
2021-06-25,610.0846551708498,623.4161941222675,610.0846551708498,622.4570922851562,14785922
2021-06-28,624.3753014567064,626.2935051478177,619.7236809213341,623.7039184570312,12093491
2021-06-29,619.8674631987644,622.217274246672,610.4203341652718,613.9210205078125,12225470
2021-06-30,612.1946692947736,614.5924238028518,604.0423039673072,605.0973510742188,14276494
2021-07-01,608.022566958705,611.3314797085528,604.282046712977,605.04931640625,10517081
2021-07-02,606.3921871043797,615.1199911346732,606.3921871043797,614.0650024414062,10999396
2021-07-05,616.4627298322067,621.9775656105579,614.9761336345248,621.3541259765625,7358568
2021-07-06,618.8125224602701,628.2117088389289,618.8125224602701,623.7039184570312,9209891
2021-07-07,624.2793106313351,627.9718287056739,619.4838022028839,627.2525024414062,7741559
2021-07-08,623.895774748999,627.2526313387323,612.0028879869421,615.6475219726562,10782941
2021-07-09,613.3456066682451,614.9281480681834,607.8787146508283,612.4344482421875,7069698
2021-07-12,619.5798046119439,623.6559875370225,616.1270613145091,619.819580078125,6992783
2021-07-13,628.3555747049742,639.09746815383,626.2934823963672,637.7547607421875,19825411
2021-07-14,634.9253944294336,640.680005255078,631.2808192809779,637.1792602539062,11648541
2021-07-15,637.8986632563945,642.2146218942291,634.0622555783191,640.152587890625,8244429
2021-07-16,640.1525850195336,640.4403038863118,630.8013413461656,633.2949829101562,9212875
2021-07-19,619.2441568289842,630.0340530589863,619.1482115169129,629.074951171875,9121737
2021-07-20,622.1214596814276,624.6151011610847,612.9619898697231,615.6475219726562,13169127
2021-07-22,625.8139507131468,633.2949333587133,621.7857112766325,629.1228637695312,13123569
2021-07-23,629.1228974956928,650.127193798135,624.1355559516423,648.976318359375,19298083
2021-07-26,652.189224406631,659.6222633612654,636.4599314612526,649.0721435546875,31054759
2021-07-27,652.3331781362008,657.5602366395053,645.7632950236668,649.7435913085938,12598869
2021-07-28,650.1751716956785,658.9029751710174,642.646187001588,657.03271484375,18367497
2021-07-29,666.122783203125,666.122783203125,657.0808042502404,661.313232421875,11043138
2021-07-30,660.8322576837224,661.4575227508178,652.1750665350274,656.503662109375,14536250
2021-08-02,657.9945218719664,661.8421618609381,651.8864168736045,655.4454956054688,9348206
2021-08-03,656.9846850739874,665.5457095788537,650.8765786163672,664.1028442382812,10162609
2021-08-04,667.565669350625,690.0743911961503,666.7961529435853,687.4291381835938,28730606
2021-08-05,688.2467021509624,689.208612286743,672.4232686753058,675.6937866210938,17774554
2021-08-06,678.1947602577525,679.1085866702688,669.200923564314,671.07666015625,14701949
2021-08-09,670.8361281271473,679.3970928024713,667.9022553499315,676.0784912109375,8602980
2021-08-10,677.2808852090524,681.3209194145638,670.7399082007802,674.2028198242188,10843554
2021-08-11,679.3490838742131,680.214826544879,663.7180430063108,667.1328125,9748084
2021-08-12,667.0847097246713,676.1747726663036,666.8923159466341,674.6356811523438,8840339
2021-08-13,680.1185213478998,682.8600003465434,674.2989770116207,677.9542236328125,12787590
2021-08-16,675.6457529169871,680.4553039522438,672.0385896405447,675.88623046875,7920846
2021-08-17,673.1447572918347,676.1267141870945,665.1609142425605,674.491455078125,8669653
2021-08-18,674.1546625137918,674.1546625137918,657.5617134755323,662.0827026367188,11069373
2021-08-20,657.8021983856047,658.331295908859,649.6259625357944,654.772216796875,13121808
2021-08-23,663.6699549141991,663.6699549141991,648.1831654520779,656.6961059570312,10917371
2021-08-24,657.2251294157104,670.6918719138004,654.4837088913059,667.99853515625,9821388
2021-08-25,673.2890515483309,673.7700066449852,660.9766128160503,664.72802734375,9535359
2021-08-26,665.6899067880511,674.8280532023797,663.7180027249211,672.1828002929688,10756731
2021-08-27,669.5856231666646,673.7699674905975,662.8041684399942,673.0966186523438,9135827
2021-08-30,677.6657224812404,687.7657793812447,674.2028693139456,686.4672241210938,10797869
2021-08-31,686.803864385746,692.4791578977184,682.3309585915356,691.6614990234375,19760246
2021-09-01,699.8858486962628,706.8116139838213,689.8820176900919,692.4791870117188,13729351
2021-09-02,694.7876348319437,700.3186177584294,690.1704782179872,697.5291137695312,8627956
2021-09-03,697.1443581116297,703.9258127023493,693.633362696337,696.7114868164062,8993813
2021-09-06,697.7696366355998,700.2705795068472,692.5752984133653,693.6815185546875,5329995
2021-09-07,693.4410856184164,694.9320346841002,684.5434162818343,689.5934448242188,6242711
2021-09-08,689.2085631658193,695.2205010859677,687.7656980649837,693.4890747070312,7118011
2021-09-09,693.3448958285451,696.3268528270436,690.2667712892708,692.8158569335938,6243422
2021-09-13,690.555379711491,690.555379711491,678.3391080110895,680.455322265625,6967906
2021-09-14,686.0824241400186,686.8038567626685,679.5895305361698,680.5033569335938,5241865
2021-09-15,680.1666542329699,688.7276781861788,679.3971378429858,687.1405029296875,5936741
2021-09-16,692.5752731243462,701.6172515631584,685.6975924140474,699.5010375976562,13557169
2021-09-17,704.983958665419,706.4268238622698,686.8038337009652,692.7196044921875,17075003
2021-09-20,682.9561767578125,692.9600653662858,679.589491379429,682.9561767578125,7943459
2021-09-21,684.0624276357428,687.2848031587205,667.9504326001814,684.7357177734375,10009615
2021-09-22,687.7657864853312,687.7657864853312,675.5014315515018,676.5595092773438,9740470
2021-09-23,683.918114315017,692.5753056354603,680.2147837342951,689.6895751953125,10412491
2021-09-24,695.0763210896441,697.0001415838975,689.2567758365958,695.4130249023438,11780868
2021-09-27,696.9038912420403,703.8777397051249,694.7876772077269,702.1943969726562,7712240
2021-09-28,706.1381917820847,707.3887218995771,679.6856636254017,689.8338623046875,13491800
2021-09-29,680.407150366184,684.8319724725902,674.5876054505937,682.4752807617188,11453404
2021-09-30,682.5713763733572,686.7076367285839,672.1827591435228,674.1546630859375,18487517
2021-10-01,666.6037196580726,668.3832299132855,661.6980014823853,665.9784545898438,10935810
2021-10-04,670.4993788477985,676.5594003324971,667.6136487398155,673.5294189453125,8976533
2021-10-05,666.6036775543489,672.3751379660749,665.4974574913023,670.5474853515625,7497208
2021-10-06,670.0665992525628,678.1466681443754,662.1308403700223,663.237060546875,13200810
2021-10-07,670.9804024964559,678.0985609750206,667.0365944296218,675.4533081054688,10041549
2021-10-08,679.1085478197504,682.9561883173127,671.7018281198759,676.6076049804688,9383924
2021-10-11,675.2609202917469,691.998180261745,673.625661306808,686.1304931640625,9337637
2021-10-12,679.5894484199508,685.8418637274239,677.5694608047454,681.6094360351562,7376091
2021-10-13,686.6594951845259,688.6314578399403,680.9842608721038,682.9080810546875,6357766
2021-10-14,683.196732558845,702.0020655848522,682.042428554798,699.5972900390625,8950350
2021-10-18,710.8515762086283,720.3745098476543,704.1662891558037,717.055908203125,15345601
2021-10-19,726.2422076981952,726.2422076981952,710.6111668040288,718.9797973632812,11349799
2021-10-20,718.3064775704693,728.5989289643677,713.6412363526085,717.4407348632812,12762996
2021-10-21,720.3745002944903,730.9073689639233,709.3125340996456,726.7230834960938,12166996
2021-10-22,729.6087795934703,736.6787950414567,724.654919306561,730.3782958984375,13248928
2021-10-25,769.5281062285807,833.9760851252244,767.9890735002576,809.6397705078125,96124084
2021-10-26,797.1348787547508,809.6397095393108,791.0267146453249,797.8082275390625,16925115
2021-10-27,797.183008068336,816.6616879034899,792.8063287857138,803.1949462890625,22898400
2021-10-28,798.4815289897856,800.2610978529883,765.9208964671213,768.277587890625,18750423
2021-10-29,767.6042757560868,777.9448095460341,754.0413665482897,771.5,15701200
2021-11-01,776.9347875975039,778.8586077680014,762.7946976022804,773.279541015625,11406421
2021-11-02,778.1852589755284,779.1471690607887,767.6042480376659,770.44189453125,9452457
2021-11-03,775.2995927236186,775.2995927236186,750.7227997583802,756.0133056640625,11839149
2021-11-04,758.4661852269164,758.9471403221777,749.3280384169536,752.3099365234375,3149310
2021-11-08,762.7947256676549,762.7947256676549,743.7008332570813,750.4342041015625,13967995
2021-11-09,754.1375948400054,758.5623582643697,749.5204376340731,756.5904541015625,10084357
2021-11-10,752.7427561275397,754.4260988452852,743.6526937096465,751.1556396484375,9507347
2021-11-11,747.115579737698,747.4041410230534,736.9192975425867,742.0655517578125,9221059
2021-11-12,743.267994769798,750.1937596861887,741.8251295251473,747.0194091796875,15380106
2021-11-15,747.4041720012247,754.6665817502892,742.161750043705,743.8450927734375,10934583
2021-11-16,743.8450559693728,746.2017474164606,732.9754837658305,734.9473876953125,12785837
2021-11-17,731.9174562250028,742.5465516347117,727.4926343111837,732.3021850585938,11657214
2021-11-18,735.7651289767874,738.2660719906005,727.5888923488785,733.84130859375,20644385
2021-11-22,739.0355692866476,741.1036996290563,712.0540008544922,723.3564453125,20403786
2021-11-23,712.7273121306753,729.0797841012621,703.3486885004858,723.2120971679688,24913042
2021-11-24,721.6730622241446,742.8350847085579,718.2582930653174,731.2440795898438,23186419
2021-11-25,726.1460163621073,726.1941001289069,716.9116434333895,722.442626953125,17749726
2021-11-26,710.8515447886228,713.7853587726801,691.2285557920573,694.6914672851562,18987552
2021-11-29,699.068180914518,700.0300910361755,683.4371414375852,691.0362548828125,15878074
2021-11-30,689.4491108099772,704.4068021346626,684.0142948932279,687.1405029296875,23965914
2021-12-01,689.1124822799538,704.8396903721886,687.7657845323982,699.9820556640625,15214913
2021-12-02,697.0000052591671,699.4047804066391,687.9580859308707,694.8838500976562,21924640
2021-12-03,693.056208369579,701.7133990362358,687.8618704854523,689.0161743164062,20130259
2021-12-06,691.6134396741168,699.1163275557735,680.5514722801636,682.5233764648438,20129080
2021-12-07,689.6895601597341,712.7273194134128,684.8800095310052,706.6672973632812,30513303
2021-12-08,719.4126798046935,729.8974660170423,715.757373986283,724.7031860351562,33432411
2021-12-09,730.1379119955152,733.9374689569537,719.8936037821486,726.2421875,16007459
2021-12-10,727.6850643912846,730.8593563008907,722.4426420729676,729.1279296875,7627774
2021-12-13,733.9373415028701,740.3821503459438,723.8372863445737,725.2801513671875,16855546
2021-12-14,722.4425608874742,735.2359533341739,717.8734879629149,729.7531127929688,17488089
2021-12-15,728.7430582731992,730.5707109222462,722.2983076599259,723.5968627929688,7358740
2021-12-16,729.0317339540828,729.0317339540828,710.803524674866,712.9197387695312,14123215
2021-12-17,713.7373237235854,713.7373237235854,698.3948452518806,700.5591430664062,13227787
2021-12-20,690.7476130725161,692.7676594904285,671.6056374820087,682.9080810546875,16900016
2021-12-21,692.5752812141857,701.18438846579,688.8719507640491,692.9119262695312,14563335
2021-12-22,698.5871960267178,706.9558254698961,692.6233417850086,704.8876953125,9843359
2021-12-23,710.8996889619862,711.3325602742,700.2225097158387,703.4448852539062,9994049
2021-12-24,705.945882176033,705.945882176033,692.1905200704235,699.4048461914062,8800690
2021-12-27,696.4229593691618,710.6111343010613,688.8238455825182,707.9658813476562,7955163
2021-12-28,712.1982591715838,714.1701631280035,704.599145922552,707.7734375,17833655
2021-12-29,709.8897499516539,716.5750377942154,704.0221210310409,707.6773681640625,7143073
2021-12-30,705.3687601272377,712.2945255273709,701.2325578790727,707.6773681640625,14326182
2021-12-31,708.4949129228311,717.8254531683938,708.4949129228311,711.9578247070312,6973055
2022-01-03,714.747314938884,736.8231643060474,714.6992311741425,735.5726928710938,9653095
2022-01-04,738.6989676132184,748.3661536138485,734.5146229162939,743.4122924804688,12114437
2022-01-05,743.5565284847644,765.5361514118554,741.8251019975007,758.0332641601562,19741360
2022-01-06,745.5284811066613,762.313825666238,744.5184871491082,755.1475830078125,13018067
2022-01-07,762.0251624275373,771.740430564111,756.3017858198077,763.03515625,12250210
2022-01-10,769.7685355469653,781.8404952152263,768.5661479562953,779.8685913085938,10905080
2022-01-11,778.9067793142289,783.6682465149016,771.3558077781524,779.7725219726562,9982061
2022-01-12,787.419613439116,794.008733093517,781.1191137936345,792.3734741210938,13034848
2022-01-13,789.7282740343039,796.4616454328911,786.2654207991662,793.287353515625,9372244
2022-01-14,789.7282065042635,790.6901166218083,780.6862279152089,788.7662963867188,7552844
2022-01-17,788.76630537499,797.3273290028282,783.5238834325648,788.0929565429688,6722700
2022-01-18,789.7282421266426,804.1568945406494,787.0349054180954,791.7482299804688,10835146
2022-01-19,784.9186342315298,789.7281846863799,772.6542805716622,777.8004760742188,16416144
2022-01-20,772.4138467583308,781.9848644471543,765.1033531374051,779.3876953125,13567654
2022-01-21,772.413824277016,780.4457502732224,765.1994983964711,773.856689453125,12078277
2022-01-24,782.032951339666,785.5920306339557,753.4642081648951,768.0371704101562,29612316
2022-01-25,758.9471085257047,773.6643220820446,756.1094618404804,771.1152954101562,19513184
2022-01-27,756.9270331356204,770.9708962201908,751.2998241815523,764.3818359375,23984679
2022-01-28,773.1353263214464,775.1553142653355,748.8470936749562,751.3961791992188,14072314
2022-01-31,758.8990707576022,768.2776952907177,754.1376034833371,758.7547607421875,14824509
2022-02-01,771.5000926082402,781.8887114091347,759.2357371061313,779.4358520507812,20031583
2022-02-02,783.956782234063,787.5158615764568,778.0410112520883,782.75439453125,11214375
2022-02-03,783.0429251825383,787.227269450717,775.2995604216349,778.13720703125,9755335
2022-02-04,778.9548767225414,781.071090927714,765.4881337755118,774.3858032226562,10314067
2022-02-07,767.6523850364191,774.3376723346677,751.684699997876,756.4461669921875,14659368
2022-02-08,759.9090672441837,765.3919671929502,744.8070651784021,762.3138427734375,14642455
2022-02-09,766.88290671573,773.616278113673,763.9490923486941,772.2214965820312,8855292
2022-02-10,775.2515358819836,777.9929564623666,765.9690789864078,774.8186645507812,13159771
2022-02-11,766.4980724435595,767.0271699894278,757.8890236490712,760.6785278320312,13138408
2022-02-14,742.5946434018828,744.4703799556518,722.5388400532075,724.99169921875,16170656
2022-02-15,724.2702555751805,748.3660929705321,714.8916316594186,746.4903564453125,18880659
2022-02-16,746.153663654343,747.9331738250221,731.4364511160719,734.9473876953125,10549784
2022-02-17,737.3040978029945,738.0255303840152,717.8735018787745,721.7692260742188,16683808
2022-02-18,718.4026098742941,727.973628112869,717.1521383555117,720.3745727539062,8945567
2022-02-21,717.8254596809992,733.8412873911825,711.8135211577078,725.713134765625,10967164
2022-02-22,710.2744993905211,730.8112582203097,709.6492342902711,722.68310546875,13156371
2022-02-23,725.857382844603,727.588868099901,714.4106871732275,716.23828125,11624282
2022-02-24,685.7458285467928,699.4049068862624,675.5495448514281,680.455322265625,28023104
2022-02-25,697.336774399035,711.1401615558102,692.8157849557639,702.2424926757812,16935750
2022-02-28,695.412979427951,716.382609702001,688.1505692791155,714.4107055664062,20547432
2022-03-02,689.6895903058222,697.3367878818245,680.7919212537596,687.6214599609375,25252492
2022-03-03,690.2667600609668,694.4511048028088,667.0366631486345,671.701904296875,23190595
2022-03-04,664.6799319188103,679.637623420357,658.908470860181,661.84228515625,18697223
2022-03-07,638.2273787606059,641.5940642551984,617.690620727726,628.8487548828125,27799873
2022-03-08,618.7967657944257,643.950738808451,618.5082045017328,639.6702270507812,26716975
2022-03-09,639.3816636938155,648.8083710567993,632.9368541962549,642.0269165039062,33728639
2022-03-10,667.5175450881378,674.2989997486787,647.9907812312059,650.828369140625,35959638
2022-03-11,648.9527104489741,658.6198957779757,645.0569273475875,652.0789184570312,20546724
2022-03-14,652.271263506728,671.8461707138538,651.4536633454682,669.6337890625,24648981
2022-03-15,674.779975540424,681.1285590962989,661.7941884131315,670.7880249023438,27714580
2022-03-16,679.9742710103129,684.3028664465384,674.5394554784743,681.0323486328125,14621688
2022-03-17,690.4590053994817,697.3847693335497,688.9199728409461,692.67138671875,18329844
2022-03-21,693.5372528709495,695.3649057315828,678.6276447995212,683.6776733398438,12866839
2022-03-22,681.6577022284608,693.5372699847004,672.8562002140055,690.8439331054688,11761758
2022-03-23,697.384873358634,699.1162999228361,687.0443390295231,690.9400634765625,7140403
2022-03-24,675.6938543592543,685.5534342394253,671.4133420838435,677.377197265625,17727969
2022-03-25,678.1466448950605,679.2047225589896,670.1147187552602,672.6156616210938,15263007
2022-03-28,675.2609204687872,686.226719584466,669.1528145441226,683.2928466796875,13806166
2022-03-29,687.0923501854091,689.6414353510589,678.9641983645424,688.0542602539062,11489374
2022-03-30,693.5852698630619,703.8777197344883,691.7095334151772,703.0601196289062,20154520
2022-03-31,711.7174057001984,711.7174057001984,700.078256641294,702.4830322265625,16046383
2022-04-01,697.3848704935536,710.1782639619197,695.5572176936425,708.2063598632812,12658848
2022-04-04,713.7373460775223,721.240233660798,697.3848731889537,718.162109375,17192197
2022-04-05,718.3544725194936,726.6750186186015,709.8896751272518,713.544921875,12290391
2022-04-06,704.4067864684241,716.526889504884,704.2143926976227,713.3525390625,13518142
2022-04-07,709.0238384696808,728.9353872385321,709.0238384696808,720.0377197265625,15087175
2022-04-08,721.2882748754262,727.2040455555474,715.2763366681216,725.5687866210938,15480705
2022-04-11,723.6449383056867,736.2940792869986,723.0197319825954,730.6668701171875,13216391
2022-04-12,728.1660046833707,739.6127592847214,721.6731109824291,734.7550659179688,14020000
2022-04-13,740.2860194551491,743.1236661071316,731.7250544446566,733.2160034179688,16119956
2022-04-18,722.3944482008603,733.8412012903055,720.6630218513664,728.9354248046875,17651530
2022-04-19,732.7830989067962,748.2698866683684,728.165942191112,737.1116943359375,31088359
2022-04-20,737.5926680458729,740.670792170988,725.0878364897393,726.7711791992188,15984202
2022-04-21,730.1379030043821,735.0917638654281,722.5869316518666,733.3121948242188,8953098
2022-04-22,728.16595520894,729.9454654330449,717.4887764436427,719.172119140625,14411607
2022-04-25,719.1721486751737,733.1679296456452,715.6611531360037,723.548828125,35417460
2022-04-26,738.7470149253732,739.2760537799318,723.0198070370735,725.039794921875,18727514
2022-04-27,720.4706422725989,721.4325523423887,704.6472098824895,708.63916015625,21441480
2022-04-28,710.947738756268,723.2602351314856,706.6672857353999,718.691162109375,18649559
2022-04-29,721.5287701571733,731.0036202312174,711.909668788805,714.98779296875,19560317
2022-05-02,704.1182599395875,715.4687884533765,703.2525172833952,712.7754516601562,10903446
2022-05-04,717.7773924713242,718.546908877988,693.6815540562385,696.6634521484375,12212165
2022-05-05,702.9639815852682,714.6992980873166,698.8277793545566,701.0401611328125,9121547
2022-05-06,688.968151359041,695.4610449320581,683.2447741711288,691.8538818359375,12455025
2022-05-09,678.4352121990091,692.5753030449099,677.6176120614932,683.2928466796875,13055889
2022-05-10,678.1467034450756,692.5753567098644,678.1467034450756,684.2067260742188,12797419
2022-05-11,690.6514625149543,692.3828889797495,680.2147612521699,686.9962158203125,13516852
2022-05-12,680.5995021565014,683.6295425564442,666.8922827754618,669.2970581054688,16685166
2022-05-13,675.6457004720367,675.6457004720367,649.289339360527,651.5498046875,15717043
2022-05-16,650.9245970604578,664.6318164202733,650.0107706944032,656.984619140625,9025623
2022-05-17,659.9665016898597,684.8799969740317,659.0527340554225,682.9561767578125,12765052
2022-05-18,685.2165936580715,689.6894988291708,679.2046559067712,680.4070434570312,11835013
2022-05-19,666.6999898670267,672.0867226473617,659.4856627856045,664.0066528320312,16661023
2022-05-20,668.3352008943386,684.7839006802468,667.2771231494877,682.5233764648438,11695528
2022-05-23,682.5233822341426,698.2987332656113,680.5033942640471,683.9662475585938,17438451
2022-05-24,683.9661397033761,690.0261613683929,679.1565893802945,681.1766357421875,13779981
2022-05-25,684.9281174017736,693.3929150641945,684.4952460878859,686.1785888671875,10457589
2022-05-26,695.4609596184368,705.0800600280971,688.1985505512092,700.75146484375,14028733
2022-05-27,705.6092160303642,712.9678525503654,703.3968343106686,711.6211547851562,8110620
2022-05-30,720.2302236308554,723.3083478478726,715.949711728311,719.98974609375,7628515
2022-05-31,712.7753997788676,727.8774004231318,712.2944447182881,724.1740112304688,20272212
2022-06-01,719.5088444816322,726.8193386686997,715.8535973880984,723.9817504882812,10102092
2022-06-02,722.4426101312393,723.11595898177,714.8916388990363,721.192138671875,10949759
2022-06-03,727.3483774414684,728.1659775781285,712.9678090748398,715.94970703125,8563791
2022-06-06,712.0059573141566,722.3464921897306,711.428775955362,718.3064575195312,9107831
2022-06-07,712.7754292259489,714.6511657817688,704.4548828500401,707.2444458007812,9938912
2022-06-08,708.5431016396892,712.7755304327396,698.7797473464735,701.7135620117188,9369224
2022-06-09,697.3849173903425,706.1382770072433,694.6434967164618,704.8397216796875,7444368
2022-06-10,697.144390657213,700.559159993908,690.6514970567491,692.5753173828125,7990818
2022-06-13,675.501409220141,675.5494929860281,656.118896030366,661.794189453125,16622521
2022-06-14,656.4075063319644,668.1909056064163,654.7241635784713,659.389404296875,13348598
2022-06-15,661.3132314449573,669.8261128310595,659.966533744062,661.07275390625,9199591
2022-06-16,673.3370731047347,673.3851568678898,650.5397918875506,652.656005859375,13237239
2022-06-17,645.6821532032684,666.2670527820757,644.4316818180885,660.6879272460938,16335613
2022-06-20,659.8703493894483,661.6017758819308,651.7902808107496,659.822265625,10981042
2022-06-21,664.2469821821254,681.0323245215084,662.3712458174364,669.5855712890625,13319648
2022-06-22,667.8060844523557,672.2789898849275,659.0045835858111,660.4474487304688,6838249
2022-06-23,663.910423327564,679.1085925519565,660.8322989846943,672.51953125,14960412
2022-06-24,683.8219820500384,688.006267919907,679.6376374698306,686.2748413085938,10856736
2022-06-27,701.0882122028712,701.0882122028712,688.8238573904828,690.0262451171875,8285225
2022-06-28,683.9662446708984,689.9781834973959,680.0705200533961,683.2448120117188,8339931
2022-06-29,678.0986361473067,679.7819790690872,674.250995183237,675.982421875,9570557
2022-06-30,675.9823664543122,684.7838679221638,674.4914174450397,680.2628784179688,11970404
2022-07-01,676.6556907124173,679.8299823900704,667.6617957970091,677.0885620117188,9884899
2022-07-04,678.0022588120788,693.6332967454169,678.0022588120788,692.67138671875,8303732
2022-07-05,695.5091176817302,704.2625352158726,690.7476507282008,692.0462646484375,11460367
2022-07-06,695.461059285108,704.0220833607196,694.4991491062905,698.2987060546875,12163533
2022-07-07,707.9178207765542,715.6611861154397,705.0801739551308,713.7373657226562,10374018
2022-07-08,722.6830384310603,728.6468927274638,716.1901453275482,726.9154663085938,9797700
2022-07-11,726.2421828202414,742.1617844896639,726.2421828202414,740.1898803710938,12440573
2022-07-12,736.1978684255724,738.2179148531969,728.8392914180108,730.9555053710938,10219829
2022-07-13,735.6207927617427,735.6207927617427,721.3364504106216,724.5107421875,8674121
2022-07-14,721.4325422829062,730.5706878184897,720.2782384731875,723.7411499023438,7044542
2022-07-15,724.5588181214936,730.0898014659325,715.8535430344874,722.5869140625,6358018
2022-07-18,730.3303706510079,743.7009468543406,728.9836727922753,742.5947265625,8045363
2022-07-19,738.5546408544184,752.2137774556554,737.9294344497446,750.9152221679688,12825591
2022-07-20,759.4280377870839,759.4761215508933,750.5784529637742,753.2717895507812,8152179
2022-07-21,755.0032627037406,758.8989868755986,750.3860472448966,756.0613403320312,8312338
2022-07-22,759.0432444269062,773.2795610252372,759.0432444269062,769.576171875,12267898
2022-07-25,772.4137864917292,786.6500437908554,766.7384935925267,770.393798828125,21034148
2022-07-26,771.0671058836498,772.2214097355484,761.4961474412256,765.968994140625,7374145
2022-07-27,764.7186488974177,773.1834473569809,764.3820037939897,770.0091552734375,9536564
2022-07-28,776.2134437176873,784.4377641441448,774.6262684115555,783.572021484375,11124518
2022-07-29,789.391518265425,792.0367709439709,777.2233324599823,787.4195556640625,11095993
2022-08-01,789.4397568428373,793.5759591910981,786.1692384965793,792.0369262695312,7974903
2022-08-02,788.7662874861472,790.6901076995281,781.2634003960286,786.6019897460938,11106772
2022-08-03,786.6020290378756,796.4616081239511,780.638174336426,793.3834838867188,11073975
2022-08-04,792.6139378476455,798.3373147962578,777.560021005119,789.0067749023438,11113742
2022-08-05,791.7482532411908,808.8703015771094,791.7482532411908,806.2731323242188,16056522
2022-08-08,809.5631921761261,815.0789944859878,804.2893695647675,809.9019165039062,12142951
2022-08-10,814.9338754953446,825.4332074397091,814.9338754953446,821.320556640625,23658553
2022-08-11,832.2553522738498,838.496916436078,830.368359518387,831.9166870117188,22787391
2022-08-12,836.0293679314382,848.8995342963262,830.7554861138741,846.1416625976562,10792853
2022-08-16,852.9638133694502,855.9152333962162,848.0770282021615,850.8348999023438,13804836
2022-08-17,853.3024149715411,856.8828520268717,850.0123299157488,854.70556640625,9058040
2022-08-18,852.0928448500796,858.9634262899489,846.7705909046541,856.4957885742188,13137856
2022-08-19,856.3990769975585,858.2376975110907,836.3680359264401,842.2709350585938,10787199
2022-08-22,837.577562692972,839.3678107269875,822.1430152518094,824.7073974609375,13848023
2022-08-23,818.0303989411165,839.9484317589669,815.5628203147241,835.98095703125,13254855
2022-08-24,829.3523071984492,847.0608858274338,829.3523071984492,845.0771484375,10494109
2022-08-25,845.0771471360761,852.9637834319626,838.6904660215745,844.1578369140625,9827829
2022-08-26,845.8996983939115,849.1414112105084,839.2710376950179,842.706298828125,5976725
2022-08-29,822.578553999964,833.1746899177208,819.6271339840993,828.1911010742188,7755134
2022-08-30,832.6908149001724,861.9632113565701,831.3360357366329,858.6246948242188,12544701
2022-09-01,835.1100275385942,857.076432891248,835.1100275385942,846.0932006835938,15877583
2022-09-02,845.8513119492113,852.8186382751104,838.9807893180364,844.206298828125,8401284
2022-09-05,843.3836943531853,857.2699740492576,843.3836943531853,853.9314575195312,8744999
2022-09-06,853.9798538402657,861.1891006795504,849.7220269779261,855.0927124023438,9879326
2022-09-07,850.1575143125283,854.1250483069637,844.303046547282,847.8834838867188,8814960
2022-09-08,856.8828858383836,871.6884168302877,856.8828858383836,869.7530517578125,12163106
2022-09-09,880.7362997186498,882.4781165024692,868.688640114694,872.1239013671875,9936230
2022-09-12,875.8009898684261,879.526602739828,873.6237043551592,877.8815307617188,6016978
2022-09-13,884.4134833949648,884.4134833949648,876.0430056649864,880.5911254882812,10400475
2022-09-14,869.2208463883155,892.445227477455,869.0272980667082,888.4293212890625,14712947
2022-09-15,890.2678961854223,906.3798333664477,886.155245578044,887.9454345703125,16253099
2022-09-16,885.3327596651574,887.9454552145844,875.9462274246139,879.7201538085938,11966860
2022-09-19,875.7043112274364,883.0103024654416,866.4145235666459,870.14013671875,11235656
2022-09-20,879.8169943329414,892.6871605533197,878.0267461614467,887.1229858398438,12090663
2022-09-21,882.5264186697624,887.3648310528203,876.3816585683393,885.67138671875,8917640
2022-09-22,876.7203576495209,882.2361597916347,866.3661429375974,874.2044067382812,11125669
2022-09-23,872.559352125053,875.6559480442714,850.351026172373,853.7379150390625,15927517
2022-09-26,841.8837928319115,849.528508368895,831.4328334230806,833.2230224609375,14208640
2022-09-27,836.9969669560746,846.5769880025827,821.1753230826242,824.9976806640625,12493809
2022-09-28,816.7240110221086,835.3518987142597,816.7240110221086,822.0462646484375,11411458
2022-09-29,830.2716195282985,833.7552530481105,813.9177609731337,816.6273193359375,13803629
2022-09-30,816.6273637143701,839.0291803007915,810.4341714951942,834.1423950195312,13175031
2022-10-03,831.9167041134606,833.1263073068725,818.3691483472479,820.9334716796875,8232026
2022-10-04,837.0454198204252,844.4482150774257,832.3037516206572,839.6098022460938,8975095
2022-10-06,844.8352463345713,862.8825496852432,844.8352463345713,856.8345336914062,12116698
2022-10-07,848.851059707787,855.9151298031861,844.5932332889068,854.0281372070312,9705750
2022-10-10,843.8191241228382,861.0438604862098,842.5611487090385,853.2540283203125,7357588
2022-10-11,854.7056245622693,854.7056245622693,837.4808867374292,842.4644165039062,11130051
2022-10-12,839.9000717968735,843.5288813192437,833.6585076058656,840.287109375,14557532
2022-10-13,834.4810161849339,837.480867501707,823.0140016911945,826.0137939453125,11563124
2022-10-14,855.2378190572801,855.2378190572801,840.4806602874627,842.125732421875,8199540
2022-10-17,843.819169079309,858.8182483462003,840.480652526728,856.5925903320312,8936947
2022-10-18,867.0919241532964,871.5916715685945,862.3503151667695,867.9144897460938,8097552
2022-10-19,870.9626804865298,871.5433254629044,856.9312832993331,863.2695922851562,5529462
2022-10-20,860.9472072449468,864.4308409240948,851.6574189961223,859.93115234375,8107159
2022-10-21,859.3021074302151,880.591123605288,857.0764493698978,877.833251953125,17022807
2022-10-24,895.1062824173084,903.3315833908728,887.9454085329098,896.3642578125,4390050
2022-10-25,911.6053273434834,912.7665582070068,893.1226144069194,895.1547241210938,15838120
2022-10-27,896.1224587213674,903.52525422655,890.5099114613905,894.5258178710938,16080842
2022-10-28,888.3324986449704,897.5254820187473,871.8818968182117,878.510498046875,9854094
2022-10-31,883.1070563253497,887.4132554113622,875.3655960584165,879.3331298828125,9000840
2022-11-01,891.2356151901904,891.2356151901904,870.4788129913081,879.236328125,9823761
2022-11-02,890.8485192322834,890.9936952377803,873.1883129460064,875.46240234375,7690974
2022-11-03,871.9303065516453,884.316630763821,868.0595765439247,879.2847290039062,9022366
2022-11-04,877.0106512647051,883.8812325567034,871.1078115500653,876.04296875,7099336
2022-11-07,880.8330562747467,890.3647059309873,874.2528266341956,887.8487548828125,11100219
2022-11-09,890.2679352862438,892.1065557341796,876.4784591146905,881.074951171875,11590409
2022-11-10,878.2202700516638,883.4457793492138,874.7366365617335,881.2684936523438,10009741
2022-11-11,895.9773177319772,898.0094275096842,874.3012044773703,877.2526245117188,17921457
2022-11-14,875.7527248604484,877.2526210297223,862.4470895379831,866.0275268554688,12641308
2022-11-15,871.446461544456,884.1231377026921,869.7530171733775,882.2361450195312,15176911
2022-11-16,883.0587131853342,888.4293396104207,878.7525139570553,884.0747680664062,13008311
2022-11-17,883.4941722971123,892.4936082418244,880.9297899025129,890.0744018554688,12584194
2022-11-18,890.0743538190685,892.2032671366974,881.1232906726319,890.6065673828125,10874061
2022-11-21,884.5102393874712,894.9128269925257,884.5102393874712,891.6227416992188,9245704
2022-11-22,893.8967609871374,896.5578880157866,890.6550480500273,893.848388671875,11256509
2022-11-23,897.0417649067566,901.7350018639994,893.8484241581316,897.4772338867188,10959704
2022-11-24,897.5739271502308,910.2506038474994,897.5739271502308,908.5087280273438,10844395
2022-11-25,909.911871692526,912.4278817096288,897.5255471136236,900.2350463867188,9815055
2022-11-28,894.1387421392984,913.2988462297512,894.0903698207622,907.105712890625,9381474
2022-11-29,903.3800210752162,919.201666001015,903.3800210752162,916.1534423828124,13096845
2022-11-30,917.411440468021,927.233442090708,910.5892902230892,922.104736328125,20858573
2022-12-01,925.1044345786164,926.0721170415646,905.9927059353864,909.8150634765624,15920653
2022-12-02,898.251360173674,904.2993763342832,896.1708189893614,900.525390625,14228874
2022-12-05,906.7186113167916,906.7186113167916,898.3965644431103,903.428466796875,10984608
2022-12-06,895.1063056230931,899.7027974627792,890.4614414713092,892.832275390625,18220912
2022-12-07,892.20333473078,903.0413913903666,890.8969868787426,892.3485107421875,15675663
2022-12-08,895.1062924696674,903.379965846992,893.9450616831225,901.7833251953124,10136870
2022-12-09,901.8801321809184,904.5896314951108,895.1547266788406,899.8480224609375,9575331
2022-12-12,895.1547131011699,903.718738934402,895.1547131011699,900.2350463867188,8493863
2022-12-13,899.4609218974406,905.654113785164,897.8158497651402,902.7994384765624,10415140
2022-12-14,905.7507787072824,905.7991510175464,890.2678594131407,891.9613037109375,12319827
2022-12-15,886.3971351085869,890.1711203350919,875.7526280275886,879.4298095703125,8929748
2022-12-16,876.2365593751624,884.1715681914225,870.5756400158575,872.8496704101562,9157260
2022-12-19,878.6557188314514,881.1716697316784,872.0271172648877,877.1558227539062,7015083
2022-12-20,876.720404977683,882.9619693422077,866.7532863583488,880.3008422851562,6384331
2022-12-21,880.8330193559941,886.2520178769291,858.3344006248467,863.4147338867188,11341147
2022-12-22,871.3981042199335,874.6398170181222,857.7053730160692,861.866455078125,9788367
2022-12-23,854.5121242838487,860.8988650022736,847.012583991966,850.4962768554688,11059215
2022-12-26,852.6250513893447,868.0112272022727,846.9641322283046,864.3340454101562,6943159
2022-12-27,868.6885987163848,873.5753835662855,859.4956148959698,871.5432739257812,4994381
2022-12-28,867.0435790127059,874.7366672238433,866.8500306870021,869.8982543945312,8980300
2022-12-29,868.8822197628393,893.5096943878732,860.6084863817653,878.7041625976562,11994220
2022-12-30,879.139556373027,879.139556373027,859.8342785729984,862.0599365234375,9688527
2023-01-02,865.1081661717191,877.6880388341714,865.1081661717191,873.2850952148438,4315403
2023-01-03,869.4627704497066,876.6720172537239,867.7693259886192,872.2206420898438,5846855
2023-01-04,869.9466513618287,878.5590500671148,865.8823726575065,870.0433959960938,12454582
2023-01-05,871.7851926344346,873.8173022704675,843.8191446066974,850.7380981445312,16547196
2023-01-06,850.5445554510902,850.5445554510902,832.6908012981177,841.9805297851562,14804613
2023-01-09,845.9964261568585,850.3509974095962,834.4326084620582,845.12548828125,16811853
2023-01-10,847.1093541990182,850.0124019391619,828.9168744439911,833.5133666992188,13470142
2023-01-11,835.0132596375089,842.7062883246897,827.2233681992996,838.3033447265625,15558460
2023-01-12,837.5292352113945,841.2547893512822,827.3201962654273,832.8359985351562,16659001
2023-01-13,836.7551286017936,846.6255026107519,830.561936539757,845.2223510742188,11223103
2023-01-16,848.8995444918602,849.0930928206624,833.2230748614112,837.287353515625,8319812
2023-01-17,838.9324296350084,839.9001122208812,830.3684033124389,837.1906127929688,12624859
2023-01-18,836.5131177136856,843.8191085034503,830.900571235711,841.39990234375,11313898
2023-01-19,839.9484532522791,842.416031941814,834.1423579533002,838.1582641601562,6694679
2023-01-20,845.2706967636465,848.1737443770304,837.5776087756478,842.2224731445312,8127162
2023-01-23,853.4959878330195,854.7539633041429,836.6582882575105,843.5288696289062,16882379
2023-01-24,850.5929389316187,853.2056935599804,839.9484311634187,842.6095581054688,11504090
2023-01-25,845.077098119616,848.4639868002098,820.5947431838545,827.6588134765625,14918485
2023-01-27,812.030804097546,815.7563581461058,786.8226273934423,790.7901611328125,39718683
2023-01-30,774.1460562765634,799.5477237481382,770.2753259951805,796.8865966796875,36301441
2023-01-31,799.3057860504701,811.2082695992232,787.7903400840028,805.01513671875,27291226
2023-02-01,816.191876185139,846.915797809219,796.5479318096759,820.5464477539062,39237711
2023-02-02,801.6282311010465,832.7875613023073,799.402514032967,830.1748657226562,16798190
2023-02-03,836.7067208592392,844.4481810776783,824.5622578914393,835.8841552734375,14914366
2023-02-06,833.6585076979579,839.7548958836825,822.1914932310632,826.110595703125,8463833
2023-02-07,827.3686310861231,828.3363136955805,819.8207185448867,825.1913452148438,9337066
2023-02-08,824.9493177646199,832.8843259474374,824.3687318991716,831.3359985351562,8082983
2023-02-09,830.7554820497575,836.9486740907996,824.0784487262168,832.9811401367188,6299265
2023-02-10,827.9007483266255,834.0455676189112,824.465487275508,826.2556762695312,8656405
2023-02-13,825.8203066835285,831.5295982555967,821.9011451301623,823.1591796875,9394365
2023-02-14,826.3041477973615,839.2710584470253,824.562271968352,837.335693359375,13402934
2023-02-15,838.4001911703535,845.0287930620101,832.7875850885544,842.657958984375,12070288
2023-02-16,847.6415602493975,849.4317493814649,836.9002482690221,841.3516235351562,10715685
2023-02-17,839.5129712878102,839.5129712878102,827.5137432933884,834.7713623046875,9990618
2023-02-20,834.7713537474057,838.5452801570017,822.7720668133345,824.562255859375,9013430
2023-02-21,826.7880307529291,831.6748160330891,819.4819799285804,826.594482421875,11704445
2023-02-22,823.7397538390513,826.4976254250806,807.7729920906293,812.1275634765625,13880984
2023-02-23,809.5147933103377,817.1595087774535,806.6117457753803,812.6113891601562,11743574
2023-02-24,816.6757001552671,818.2723409257021,808.5471431075151,812.5630493164062,8246139
2023-02-27,806.6116873736729,830.5618278029915,806.6116873736729,828.7232666015625,14422574
2023-02-28,827.2718200485879,830.2716122720615,822.5301520177766,827.223388671875,19600146
2023-03-01,836.0777546418046,836.0777546418046,824.3203875920912,828.6265869140625,11015843
2023-03-02,825.4331963782566,833.9971631259353,823.5945759500078,826.40087890625,12327141
2023-03-03,829.0620097836149,844.7868509379583,822.3849766837857,840.4806518554688,12823098
2023-03-06,843.5772118992917,848.5123689804957,837.3840203291142,839.7064819335938,13904231
2023-03-08,838.6421317777392,845.4159098393197,833.6585428645134,843.9159545898438,16144568
2023-03-09,839.1742698444524,841.6902207014982,826.546025121793,828.287841796875,10624440
2023-03-10,817.4015232085375,818.0304814756973,809.2245932341773,815.4177856445312,17273189
2023-03-13,814.2565421172523,827.6589226097481,797.3220964813469,801.6282958984375,16413159
2023-03-14,800.2734847719724,807.4827317254363,791.8062622910114,803.5151977539062,15456802
2023-03-15,809.4180845479008,816.6757037068646,795.6286081458696,799.2090454101562,12914488
2023-03-16,802.886228653789,804.4344971185735,784.1131634393323,797.273681640625,14987868
2023-03-17,804.91834909519,811.3050894882914,792.1933587502203,809.2245483398438,11104490
2023-03-20,809.9503044168963,810.7244386539869,798.3381136725679,809.4180908203125,14838651
2023-03-21,815.7563608240233,826.8847097557864,811.9340030740609,824.8526000976562,18755854
2023-03-22,829.9329340902065,834.6745429845437,823.4978217289552,832.4005126953125,17431520
2023-03-23,829.3039121932823,839.4162062490099,825.2396338332466,827.8040161132812,17920621
2023-03-24,824.9493447241754,832.2069635927165,821.7076319212885,824.8526000976562,17295696
2023-03-27,827.3201099477393,828.723261291582,816.7723477769475,821.2720947265625,17047675
2023-03-28,827.9007821657716,831.1425541001529,820.7883391486262,827.1266479492188,24469018
2023-03-29,829.352331482036,834.2391166284191,820.5948160711663,823.4978637695312,34881515
2023-03-31,834.0938846551309,852.5282231850242,830.7553684498789,848.8994140625,25739021
2023-04-03,851.7541595478591,858.4311334483423,840.7709275903899,855.23779296875,26416933
2023-04-05,857.9473279969231,859.0601865581069,845.7545514523069,856.011962890625,21068934
2023-04-06,853.4960068359375,861.3342118450829,844.4965709573414,846.7222290039062,26042745
2023-04-10,851.6090049377871,854.2701319147354,836.4648086702014,840.3839111328125,30906205
2023-04-11,845.4642830137524,856.9796702925302,837.0454327447134,853.3992919921875,39504022
2023-04-12,854.8991446182802,863.1728184534817,851.8509210177381,861.3826293945312,22686032
2023-04-13,862.3018786282557,872.51097656716,857.8505626165031,869.9465942382812,34439635
2023-04-17,887.6551614909503,887.6551614909503,864.2856641308982,872.1722412109375,29957514
2023-04-18,878.6074008266793,878.6074008266793,865.2049618009515,867.8660888671875,26699379
2023-04-19,866.9467798245536,867.9144623295201,858.5763025315322,863.0760498046875,24377956
2023-04-20,863.4147591759163,870.236909372004,860.4633391974846,865.4953002929688,16999919
2023-04-21,865.6404154507798,871.5916867731976,853.8831078765245,857.028076171875,29578071
2023-04-24,875.7527238646078,877.204247716317,866.0758981865458,875.5108032226562,30881665
2023-04-25,877.0106121332027,886.3971439195534,873.9140164117832,883.9295654296875,41383839
2023-04-26,881.9942148102741,887.3164684901113,876.478412820458,885.381103515625,30371555
2023-04-27,880.1072975279017,890.1712198822554,879.1879872737524,888.6712646484375,25835108
2023-04-28,885.5261979194149,890.7033345320275,880.8329616007633,887.9938354492188,20381002
2023-05-02,894.1386692839658,895.880486047962,889.0099636211668,892.300048828125,17515017
2023-05-03,889.8324772678072,893.9935004213415,882.091016865825,893.0258178710938,18715142
2023-05-04,890.2679527423538,894.0419383409981,882.3329439597278,891.9130249023438,20485002
2023-05-05,895.1062934853671,911.992364564189,893.6063974547598,896.9932861328125,19002035
2023-05-08,897.0417142320913,911.2666593771052,897.0417142320913,907.5894775390624,18623913
2023-05-09,910.5893181947338,914.4600485590048,901.686626544379,904.20263671875,21507610
2023-05-10,904.3960428952724,910.5892345341686,898.2512826316067,905.7991943359376,25910923
2023-05-11,909.6699796963557,916.3953853081388,903.670336005355,908.8474731445312,20027372
2023-05-12,909.379662700427,917.3630436179886,904.8799152854668,913.3955688476562,13873480
2023-05-15,913.2504258746984,918.3307593696306,907.8797994211589,915.185791015625,10453762
2023-05-16,919.2984223538758,921.4273357760684,912.5246445049526,915.766357421875,19612293
2023-05-17,916.6856415758676,917.7501277880056,905.5572925692524,908.9925537109376,19273344
2023-05-18,917.3145893518762,921.4756120700908,911.653611587576,915.9114379882812,21550141
2023-05-19,920.7016009331666,925.1045448518862,911.1698920993472,923.45947265625,15427412
2023-05-22,920.3144134762877,923.4110092338516,915.572804748046,919.6370239257812,15509525
2023-05-23,921.2337828236806,927.8623846317512,914.4600050088006,922.5885620117188,16579935
2023-05-24,916.1050779412484,923.0239727062752,908.1700692529852,910.2506103515624,18049620
2023-05-25,906.7185687283088,911.1698849283796,902.7994661295812,909.4764404296876,19328582
2023-05-26,909.4280664519104,921.6692745737228,905.3154155340302,919.975830078125,10957182
2023-05-29,923.0240444711528,926.6528543001206,916.2018938052256,917.50830078125,12108079
2023-05-30,914.7986858150222,921.5240914294347,914.121355272152,919.2500610351562,18483624
2023-05-31,918.8145563715582,921.23376268112,910.1054136571358,918.4758911132812,27254425
2023-06-01,923.4110568080118,923.4110568080118,902.6542546695372,905.8475952148438,21650700
2023-06-02,912.5245963573434,914.121296105405,904.831508679446,907.8313598632812,12494376
2023-06-05,912.524632867169,921.0402273846815,912.524632867169,916.1534423828124,10751684
2023-06-06,915.9115132741264,917.1694887487128,907.782956409231,911.6536865234376,11894330
2023-06-07,913.830910260208,915.2824339546304,903.6218720886328,909.8150634765624,16486469
2023-06-08,906.3314429874264,919.7822539132716,904.9767228695448,907.5894775390624,17608140
2023-06-09,910.976391174022,913.4923422203289,905.9444300187516,907.734619140625,12253128
2023-06-12,907.6862521075698,913.0085062510576,903.1381322087852,905.7025146484376,10520125
2023-06-13,905.654148480658,915.6696395390604,903.9122725899292,913.056884765625,13528776
2023-06-14,915.4761168686472,916.3470548384208,905.9928391498904,909.4281005859376,13489262
2023-06-15,910.2989610606048,912.4762467370248,894.4773163743614,896.6546020507812,19366819
2023-06-16,899.2673651712831,907.4442943791796,897.0417071602234,904.009033203125,11249387
2023-06-19,903.3316527921857,903.7671217485372,889.0099629857297,893.316162109375,19351375
2023-06-20,891.187294543562,898.541658614634,885.2360229801786,895.6386108398438,15212286
2023-06-21,898.0093805496068,898.396477183526,890.267920372455,894.8160400390625,9210553
2023-06-22,894.5257445090998,905.3153691622226,890.9453073749864,895.8320922851562,27291569
2023-06-23,896.122486116172,901.7834649292696,889.3003353992539,893.6549072265625,8767733
2023-06-26,897.1385095411223,901.6866295468166,893.3645828609866,897.4772338867188,11749040
2023-06-27,899.9447553905696,909.5732084032468,892.3968434482118,905.8475952148438,13422726
2023-06-28,913.4923618648676,913.4923618648676,904.10582896114,907.154052734375,25708001
2023-06-30,910.1054076065768,911.7504796986728,900.5737584353333,904.3960571289062,13843218
2023-07-03,906.718485367136,915.1857070821438,906.2346441262785,912.089111328125,12350359
2023-07-04,916.6372563189024,920.5563586664052,911.5569231484887,914.169677734375,14041699
2023-07-05,911.6052479016164,933.5716515144874,910.5891931330736,927.039794921875,13817767
2023-07-06,923.846533565768,932.7492247541552,923.1691439746392,928.3946533203124,16334427
2023-07-07,922.201500752814,924.1852382336124,913.2988091848516,915.8148193359376,8593807
2023-07-10,915.4276604061656,922.1046933935976,910.9279130803762,917.7501220703124,12069184
2023-07-11,917.750137644119,921.9111607222272,911.4602011815252,914.41162109375,16977595
2023-07-12,917.7501246070916,920.4112515342324,910.8311709714632,913.87939453125,21511161
2023-07-13,917.0727487171628,928.2494701654196,911.7504947834544,924.814208984375,23222286
2023-07-14,928.7333276529092,933.8136610419978,920.6047706053052,929.0236206054688,12871569
2023-07-17,931.78149632076,942.3292000589744,922.056240014047,937.39404296875,16290763
2023-07-18,946.3935430693452,956.0219963476638,939.7649411626847,943.9259643554688,29709508
2023-07-19,948.3288481005554,948.3288481005554,936.2811891871556,941.9905395507812,15994261
2023-07-20,944.5065612098798,965.8923814574688,940.684203243526,963.4247436523438,26487838
2023-07-21,963.1344078710804,969.0856790406556,956.84447144192,964.7794799804688,16903003
2023-07-24,972.4726020590396,976.1014116649148,958.1024805821794,959.9411010742188,21687719
2023-07-25,966.714856111477,966.714856111477,956.3122688209884,962.5538330078124,29325327
2023-07-26,961.0054815566943,965.5052288743298,958.0056893867064,964.2472534179688,12780537
2023-07-27,970.1501028645304,973.9724606478104,955.2961997425044,958.2476196289062,25932395
2023-07-28,956.070362346762,966.4245774762064,945.4742265790718,964.00537109375,12584130
2023-07-31,963.8118784332275,967.1020229284449,956.6510035025354,966.0375366210938,14303116
2023-08-01,969.2792116429864,971.262948979796,958.4411556974744,962.4086303710938,15508569
2023-08-02,953.4092491126728,961.9732162053438,945.909709218612,955.0543212890624,15787996
2023-08-03,944.9903812949868,951.2319455477858,929.023619238488,933.8136596679688,30994707
2023-08-04,937.3456752616712,944.4581179965224,930.1848011518003,939.1358642578124,20582882
2023-08-07,939.5713262813622,949.7803647470604,936.910199431587,944.1194458007812,16686062
2023-08-08,944.2162714278614,954.7156037290011,940.8777547355696,948.232177734375,23784778
2023-08-09,951.2078418442472,951.54929475735,940.1342034996886,949.0126342773438,19317331
2023-08-10,947.8906587198094,949.9395549383418,936.0853435299008,940.6220703125,24858441
2023-08-11,939.9391281743052,940.0366691362146,926.8654236423496,929.64599609375,17162177
2023-08-14,925.8897886538024,939.4513172807984,922.962845170176,936.182861328125,19026691
2023-08-16,931.2070262658186,936.42671801736,923.5481555397308,933.2070922851562,17930805
2023-08-17,933.6462023482968,934.4754791838436,923.4019001385632,928.4752807617188,27077611
2023-08-18,924.8166022554632,931.7436780317744,922.9628475581766,927.4996337890624,13257508
2023-08-21,927.548427427032,935.9389751584126,925.3044492708552,931.9388427734376,13358017
2023-08-22,933.1096469094869,933.6462413283504,926.1825113015468,928.8167724609376,16872719
2023-08-23,930.7680634965124,944.475904094218,926.7191010359882,943.3051147460938,14707331
2023-08-24,948.81754189234,958.4764795059388,943.2075667089148,945.35400390625,28389740
2023-08-25,939.5000885244812,948.9150543418252,936.8170569956474,946.7686767578124,10275758
2023-08-28,946.3296741533863,951.2566840430246,941.5489757166164,946.9150390625,10481574
2023-08-29,949.5979999303318,953.451820682968,942.134329925956,944.1831665039062,13209913
2023-08-30,946.8174880873404,952.134780892738,932.133999542189,935.5487670898438,13936165
2023-08-31,936.6219035202088,942.6709318902068,930.8167871042524,935.40234375,36675400
2023-09-01,933.597414127154,949.354090544868,929.597222372928,945.1100463867188,16268147
2023-09-04,945.110068019078,945.4515209412026,937.1585143582264,943.7929077148438,9512956
2023-09-05,940.6220495025764,946.3783955216684,938.8171248357994,944.8173828125,16623486
2023-09-06,939.1098712979502,945.8906360915064,927.6460085088062,934.182861328125,30802100
2023-09-07,934.0852438880298,945.8905586551218,931.4509828721614,942.1343383789062,13462347
2023-09-08,943.9393249350012,951.2566840430246,937.8415256783152,946.9150390625,13086915
2023-09-11,951.2078643033276,958.086169598933,945.7442007229636,954.427490234375,7894110
2023-09-12,965.9888674492852,970.9159365012332,958.720338944562,966.379150390625,20959591
2023-09-13,965.6962280273438,970.6232377499122,956.671485433468,965.6962280273438,21997553
2023-09-14,968.13535622331,968.720780666579,958.3301071739512,963.6473999023438,11464188
2023-09-15,966.2328420296344,973.2087481037404,964.5254582610312,968.28173828125,13307980
2023-09-18,965.988947333748,971.9892056473608,963.257145164905,966.0865478515624,16713222
2023-09-20,957.6471152335464,971.7452382810216,956.7690679161976,963.1107788085938,25741856
2023-09-21,956.0861166419704,958.574006734418,934.1340401518692,935.93896484375,19742813
2023-09-22,933.2071092502335,937.4999833370896,924.328738198691,927.1580810546876,12701888
2023-09-25,927.1581334740866,937.7927187843896,918.5724443637748,933.060791015625,8997098
2023-09-26,935.5974971770788,935.5974971770788,924.0360346784908,925.5971069335938,10521409
2023-09-27,923.2555077433504,923.4506492144905,911.645334570736,920.1334228515624,15152973
2023-09-28,922.4750324374734,924.1824161569504,911.9868181606856,919.6456298828124,25991282
2023-09-29,923.6457967074638,932.7193094608656,920.718853267733,928.7191772460938,10447334
2023-10-03,928.4264195210824,928.4264195210824,916.133281102177,917.401611328125,11131636
2023-10-04,912.2307137467868,912.7185376578814,902.474235524896,907.4012451171876,17334739
2023-10-05,912.425857939374,920.9627764089626,911.7916630335347,917.938232421875,10478856
2023-10-06,922.9628794283824,923.4994738438676,915.1576965156688,922.182373046875,6355755
2023-10-09,917.3529458957726,919.1091002211714,913.4991247477328,915.7431030273438,6725306
2023-10-10,917.4992699211416,934.1828244813858,917.4504398891626,928.0362548828124,11452715
2023-10-11,931.6461674042404,938.6220138894536,927.5972049567132,929.8899536132812,12233117
2023-10-12,929.6460320781218,936.7194790060308,925.3044467752192,931.011962890625,7836818
2023-10-13,926.8166882827292,934.0852766849174,921.548166066008,928.1337890625,6650442
2023-10-16,925.402042554218,931.597382962648,923.1092937854472,928.2314453125,5763024
2023-10-17,932.1340040397616,937.5488378388338,928.3289535059158,930.6705322265624,7747527
2023-10-18,926.0849317410964,927.4996330037416,916.2308529331116,920.7676391601562,12000153
2023-10-19,913.2063753381312,921.9872058702284,911.2550796643318,912.9624633789062,8612676
2023-10-20,909.303786581178,917.108969298613,907.3524909018192,910.0355224609376,6586576
2023-10-23,919.060255373007,921.7920573857958,902.8645252231158,907.3037109375,11856890
2023-10-25,903.4986624227306,911.0599331166206,889.2054574209906,893.7909545898438,12593434
2023-10-26,892.034835673972,894.2788138653154,877.1074351720209,886.5224609375,21693345
2023-10-27,893.6934385485141,895.7911052641983,889.1078817029663,890.5225830078125,8645505
2023-10-30,886.9614255083601,903.7425802279794,886.083378183647,902.376708984375,7687791
2023-10-31,906.6695650029365,908.3281783124116,891.8397052839899,893.0592651367188,17211107
2023-11-01,891.5469815954225,895.2544314664859,887.1565663286538,891.7908935546875,12927203
2023-11-02,897.6447821752898,902.279109409575,890.5713353440126,897.5472412109375,9747311
2023-11-03,905.937785389068,911.7429019177836,904.2304016776112,911.0599365234376,7146961
2023-11-06,918.0846246991576,924.6702476712292,914.5723162669136,922.42626953125,10338367
2023-11-07,920.6212426036692,927.3044657799692,907.791509730304,925.0116577148438,15704942
2023-11-08,925.3532028172964,925.3532028172964,911.3526206284944,912.9624633789062,17606074
2023-11-09,911.2550412038592,919.4016764786072,910.2793934081378,914.5234375,9406117
2023-11-10,912.1332534052324,918.523735295646,909.6941336341724,915.7431030273438,9560455
2023-11-13,917.987093425993,917.987093425993,909.3038036701304,911.6941528320312,11470096
2023-11-15,921.401875563048,921.401875563048,915.8894412581842,918.1821899414062,19492138
2023-11-16,916.1333033243816,923.1579795407856,911.2550642225476,913.2063598632812,19706373
2023-11-17,903.9864967116964,915.5479593765704,897.7423862479302,899.4009399414062,10956653
2023-11-20,899.5473366065142,904.1816639914176,895.1569211892373,899.0107421875,10562301
2023-11-21,901.8888706577264,905.4499494794524,899.5472920649286,903.5474243164062,8989572
2023-11-22,900.7668766589128,902.6694018743736,892.4738699417713,900.279052734375,12197979
2023-11-23,900.52294921875,902.8156978051428,896.1325339733714,900.52294921875,5534614
2023-11-24,899.0594483982376,907.7427376445077,897.7911181670157,906.76708984375,7452002
2023-11-28,906.2793237215552,908.3769308976238,899.2546471984909,902.9620971679688,14231987
2023-11-29,908.2306003744136,918.182160728548,903.4499021267856,916.7186889648438,11680078
2023-11-30,916.0845371003844,917.9382322384056,905.5963229827008,912.1819458007812,23950292
2023-12-01,913.1575988110404,928.8167345798552,910.2794258014756,923.6458129882812,16986046
2023-12-04,940.2318186642837,970.6232126126972,937.987840581793,967.0621337890624,33131257
2023-12-05,978.0869688482516,991.0143028504854,970.8183804617602,988.7703247070312,31378461
2023-12-06,989.3068784993692,991.502086070004,975.8917211232684,978.8186645507812,18786590
2023-12-07,972.0866896120442,977.7942651351568,964.0864250614673,974.6721801757812,11841945
2023-12-08,970.2817634001108,988.18487719586,969.062203617054,986.2335815429688,16116363
2023-12-11,982.574942236379,995.1608235299624,980.1846526032308,992.3314208984376,11714606
2023-12-12,992.3313863725926,996.1364367379356,984.0383797983786,990.9655151367188,12380856
2023-12-13,990.0873978964833,995.8437438660465,984.6237939125858,989.2093505859376,15887040
2023-12-14,997.3559845806298,1014.6737333957984,996.3803367600568,1008.4783935546876,16317672
2023-12-15,1018.234945315164,1018.2836562511308,1000.7219942122084,1012.1371459960938,14306067
2023-12-18,1004.8685091425788,1004.8685091425788,993.209564351382,996.5755615234376,8592711
2023-12-19,1000.5268676099422,1000.5268676099422,987.9409865576812,990.7216186523438,10094256
2023-12-20,997.1120339024774,997.1120339024774,977.5990782488084,982.1358642578124,16490281
2023-12-21,972.2818028712692,986.2823845261098,965.1108153630744,979.940673828125,18064916
2023-12-22,978.5259862915714,984.965238040039,967.4523478809576,970.0866088867188,20881976
2023-12-26,970.6720445389728,973.2087050634708,965.7938054158476,970.8671264648438,14339699
2023-12-27,973.6478046781592,980.4285692907044,967.8426879365178,977.8430786132812,12996468
2023-12-28,983.4530114256304,987.0629203019364,974.7697219298256,981.4041748046876,24915990
2023-12-29,979.5992158632048,983.9896312060448,969.501284394201,972.3306274414062,12280140
2024-01-01,967.4035679755071,980.3796718566512,966.8669735931652,975.0624389648438,7683792
2024-01-02,972.7208216223712,973.3550164890928,956.3787215600096,958.3300170898438,16263825
2024-01-03,960.720498665219,963.9401248241994,951.3542430995774,960.0863037109376,16826752
2024-01-04,962.3790429363942,965.0620744677926,957.9886277031968,963.1107788085938,22789140
2024-01-05,963.9400163911056,973.9891767169988,959.8422837638904,969.501220703125,14875499
2024-01-08,969.7938939733564,973.89162656188,956.4275074685884,958.0861206054688,8393164
2024-01-09,962.2326408633472,970.7695590966088,951.6468860736288,955.8909301757812,14660414
2024-01-10,950.5736686217576,970.7208201257516,950.5736686217576,968.8670654296876,9409181
2024-01-11,971.0622694484136,974.1843544018284,962.8180334077584,967.0133666992188,6451345
2024-01-12,970.5744738257088,984.1360028238888,967.598759779006,979.0626220703124,12255743
2024-01-15,979.0625946865416,987.0141482984905,974.9160914205548,985.2579345703124,12388044
2024-01-16,981.5993048814522,991.0631011947544,980.135833066472,984.4774780273438,11505126
2024-01-17,963.8425433060156,983.2578999623712,952.9640458633736,957.84228515625,41914771
2024-01-18,950.2322029973618,970.086612247944,946.524753203616,962.3302001953124,17902484
2024-01-19,967.1596680050708,986.2824009262612,963.500988695396,974.8673095703124,23271148
2024-01-23,1033.3085624484331,1033.601304427851,996.331546511633,1003.9904174804688,50797448
2024-01-24,1004.3805964528724,1010.7223072563088,972.379419549497,974.8673095703124,34578943
2024-01-25,974.086809350288,990.380080339403,964.086419174316,985.3555297851562,28315035
2024-01-29,995.1608069755424,1006.8685811752548,985.404328475782,991.6484985351562,14078922
2024-01-30,990.233827264166,998.9170576629136,983.4530625914942,992.1363525390624,16085742
2024-01-31,992.0387268414896,1013.6981211276084,978.8187103188384,1003.1123657226562,25627447
2024-02-01,1008.7709929318956,1008.7709929318956,992.624093336314,1000.1853637695312,13058880
2024-02-02,1011.8443169459496,1024.4301974773407,996.770605964979,999.0633544921876,14774650
2024-02-05,997.5999136860916,1001.4536750045532,987.453152358168,998.5755615234376,12948430
2024-02-06,998.6243361843564,1009.6979749138608,991.9411722900988,1001.4049682617188,12886927
2024-02-07,1002.9660000480088,1006.429597589954,988.3312821484756,997.2584838867188,16410895
2024-02-08,999.160969347656,1003.2099318661822,961.2570730572876,965.2084350585938,20565502
2024-02-09,964.769339316338,989.0629942650384,961.5009428835466,986.0872802734376,12799837
2024-02-12,985.7946468678402,987.5508011511548,961.2570787394588,971.8428344726562,8050066
2024-02-13,981.5017091699308,1002.0391434670632,975.9405046734194,994.9656372070312,18706292
2024-02-14,984.9652512089306,1010.4784061393932,983.013955556177,997.7950439453124,17878720
2024-02-15,997.9413639559356,1001.6488733670452,982.0870866412254,991.8923950195312,10069878
2024-02-16,998.2828945562028,1001.2097785647912,992.136324995411,998.3316650390624,7159395
2024-02-19,998.4291584000188,1020.5276050243264,998.4291584000188,1018.3323974609376,9388255
2024-02-20,1015.6983130621117,1027.0158050957184,1008.0882116597372,1023.2107543945312,11293528
2024-02-21,1031.0647512783885,1038.08936853922,1022.4790020950212,1026.332763671875,15946325
2024-02-22,1030.284129893754,1040.0406083965356,1014.9665062834416,1036.8209228515625,13432573
2024-02-23,1043.9431665127322,1043.9431665127322,1031.8939397655,1035.455078125,13142759
2024-02-26,1027.4547652461576,1036.4307972587308,1024.9181045612984,1028.5279541015625,7875941
2024-02-27,1025.1618901176007,1040.235600463148,1021.0153871121286,1034.3817138671875,10580973
2024-02-28,1037.1135865360943,1038.9185111032964,1016.771354213308,1020.72265625,7730332
2024-02-29,1017.6495772588014,1034.869667204587,1013.210331729164,1026.57666015625,20944844
2024-03-01,1029.3084513108604,1063.40729502092,1028.332803489713,1060.431640625,14909562
2024-03-04,1054.6752013263406,1068.3342696136383,1053.7970945454897,1065.748779296875,11424581
2024-03-05,1059.748545239955,1072.7247080376237,1050.2848096430214,1061.5535888671875,9222544
2024-03-06,1053.9923671118995,1086.4326564967669,1053.9923671118995,1070.3831787109375,21796484
2024-03-07,1068.285589791398,1068.3344198240536,1056.3339033595764,1061.4560546875,9963926
2024-03-11,1061.456016908724,1061.456016908724,1050.528808770459,1052.4312744140625,13310362
2024-03-12,1050.821543798178,1068.1392927948118,1029.9426563996108,1050.6263427734375,21785435
2024-03-13,1050.919011398861,1063.1146084324605,1047.016420348109,1057.5533447265625,24855870
2024-03-14,1053.6996058624843,1070.383159135781,1048.8701969746664,1057.2119140625,14231421
2024-03-15,1045.894380788199,1059.797361129833,1043.9430853016538,1054.041015625,66192734
2024-03-18,1048.8702225929603,1058.38278871156,1034.2355054874226,1054.870361328125,8769440
2024-03-19,1052.1872820317788,1062.2365016265155,1049.0652568302282,1057.5533447265625,16708715
2024-03-20,1053.6995510243776,1063.4560283486774,1041.503954369003,1058.0899658203125,18725251
2024-03-21,1065.4073702120015,1073.212552411357,1052.870320123813,1055.455810546875,19992607
2024-03-22,1054.821699696048,1067.0660087880365,1052.431290998509,1063.7489013671875,17214415
2024-03-26,1054.675246883473,1062.626800085145,1050.7238257477718,1057.3094482421875,13367635
2024-03-27,1057.3095684040516,1065.8953174560263,1053.2607249476644,1057.3583984375,26907245
2024-03-28,1058.5778569174774,1078.1396428341293,1058.5778569174774,1066.67578125,22070566
2024-04-01,1069.358907269357,1076.0907823680045,1067.7977753821392,1072.8712158203125,10848191
2024-04-02,1067.7976947713505,1067.7976947713505,1052.967895743458,1054.870361328125,14380396
2024-04-03,1048.821395894258,1057.2607732714453,1046.1383644163889,1050.9677734375,15477184
2024-04-04,1058.3339827305892,1059.358460590309,1037.5526363294591,1052.57763671875,21419689
2024-04-05,1043.9432619814309,1059.5536285157325,1041.4553121759684,1057.0169677734375,15340637
2024-04-08,1052.089788769452,1065.1634932016668,1050.0897822238517,1060.675537109375,8023461
2024-04-09,1065.3586857606265,1088.0913296616127,1061.7976661736764,1080.091064453125,12298463
2024-04-10,1083.8959718279336,1089.3596952702449,1078.2372855450287,1082.3837890625,10598000
2024-04-12,1076.6275082635652,1084.7741447920198,1069.115066719454,1077.505615234375,12216657
2024-04-15,1073.4077256256494,1079.2129018387543,1050.38245999867,1052.08984375,10526597
2024-04-16,1044.4797084070326,1048.4310101922226,1036.8207785700372,1041.06494140625,11278092
2024-04-18,1047.8457510924395,1051.7971723738806,1024.8691974587614,1029.7474365234375,16564216
2024-04-19,1027.308320425271,1045.8944589628718,1022.5764523362436,1041.2601318359375,11284433
2024-04-22,1052.52893245238,1062.187750744583,1044.284636784795,1060.187744140625,10346714
2024-04-23,1073.2126398224318,1073.2126398224318,1056.3338843025326,1063.7000732421875,9848215
2024-04-24,1065.6513328508768,1071.6515907716011,1062.4804774315448,1070.041748046875,5461309
2024-04-25,1063.4561708666529,1098.2380410085625,1063.407340834438,1086.6278076171875,19905338
2024-04-26,1085.066791491599,1092.7256033742926,1075.8956777866083,1080.9202880859375,14190059
2024-04-29,1081.017770192159,1135.1173934530657,1080.9202292309824,1131.8978271484375,28578063
2024-04-30,1131.702618945696,1141.0689331118688,1118.8241156136564,1122.38525390625,29568491
2024-05-02,1115.16550183226,1127.361100058772,1105.6529352155806,1111.701904296875,25118334
2024-05-03,1113.5069115913466,1129.2148177723732,1107.7992765304286,1114.2386474609375,19933604
2024-05-06,1113.7508047401204,1130.2391574450266,1110.3847483382629,1118.3851318359375,14970524
2024-05-07,1119.9948918245757,1124.6780491020515,1098.8722113377237,1104.3358154296875,15097728
2024-05-08,1099.1160631064367,1104.4332959114815,1088.8717613334063,1095.6524658203125,19913090
2024-05-09,1093.262260852585,1101.3600666593377,1082.9691282557828,1088.5302734375,12229853
2024-05-10,1090.7742298713763,1101.408814608253,1084.969173156462,1089.847412109375,8573656
2024-05-13,1085.3106792591882,1103.1162523100456,1079.7494151217084,1100.53076171875,9707983
2024-05-14,1098.4818990233766,1100.4331946539014,1091.3109114007254,1093.26220703125,8944262
2024-05-15,1094.7743968933958,1100.335660935582,1086.3838494464303,1096.9696044921875,10743423
2024-05-16,1105.4089352594046,1108.8725325190835,1085.700897733196,1103.5064697265625,14265565
2024-05-17,1103.5065025670874,1116.1410940609796,1093.3109114992967,1102.9698486328125,8641784
2024-05-21,1094.8719034888254,1106.1895131432295,1089.0668467710689,1093.65234375,10452900
2024-05-22,1097.603764437141,1098.481871268217,1071.3588150501846,1084.042236328125,17527411
2024-05-23,1088.383958228494,1109.311556039796,1084.3349960118126,1106.8724365234375,13787687
2024-05-24,1102.4819339811972,1107.3601726271318,1096.7744185849783,1104.3843994140625,6312670
2024-05-27,1104.3358239678098,1119.8486485845435,1094.23789255142,1102.2869873046875,11599857
2024-05-28,1104.9211184411913,1107.5553198262376,1097.6037600409186,1099.5062255859375,9311718
2024-05-29,1087.896192626463,1096.1891994265106,1071.7491729237856,1075.1639404296875,19268547
2024-05-30,1070.2857077875317,1093.7012565449618,1070.1881668205704,1086.5789794921875,15255387
2024-05-31,1090.774348346767,1103.0674880238118,1084.188725045031,1093.7501220703125,26197718
2024-06-03,1141.5079429889547,1144.434886432516,1108.6286592786682,1131.75146484375,25699977
2024-06-04,1129.702743807571,1131.1662156790471,1027.8939077680864,1045.35791015625,43476837
2024-06-05,1058.5778828175676,1095.8964118662052,1025.454687026523,1081.6519775390625,42172104
2024-06-06,1090.7741517877903,1090.7741517877903,1069.8952667444207,1083.3592529296875,18574162
2024-06-07,1083.359405930638,1100.8235264178431,1076.724952853582,1094.3841552734375,17197635
2024-06-10,1088.8228833488845,1105.6039769227384,1087.9447765589168,1096.4329833984375,10851455
2024-06-11,1092.4816621333332,1101.555234628686,1083.9447435857408,1090.9693603515625,12250002
2024-06-12,1093.701262866966,1105.7993202810974,1084.9204320321733,1092.28662109375,16096514
2024-06-13,1094.872014336748,1095.8476622265855,1078.0909182705975,1080.3836669921875,12494254
2024-06-14,1086.8716106071388,1086.8716106071388,1072.6758879821507,1078.7249755859375,11377979
2024-06-18,1086.8228143148967,1107.4090780810202,1074.3833049204777,1095.506103515625,18306176
2024-06-19,1100.4818894098034,1137.166342002539,1098.7257948267247,1116.580078125,34309514
2024-06-20,1125.9464849282854,1131.751542182319,1107.8481690931235,1128.6295166015625,15475933
2024-06-21,1135.2151467086508,1141.410486972395,1122.629265145151,1130.4344482421875,69259425
2024-06-24,1126.531878313925,1147.0204843368606,1124.580582502217,1141.6055908203125,12210295
2024-06-25,1141.7519447999034,1176.631356914064,1139.2152841020384,1168.77734375,27309845
2024-06-26,1172.728745333667,1193.0709797006668,1164.7771913357117,1188.339111328125,25403461
2024-06-27,1198.4370480300415,1204.9251302431871,1179.6558263643078,1190.19287109375,20516632
2024-06-28,1197.119858680918,1197.119858680918,1167.2162295895332,1170.3870849609375,12507092
2024-07-01,1170.3870597440186,1185.7535123666644,1163.0209904215824,1182.3387451171875,8636894
2024-07-02,1187.36345067538,1187.36345067538,1156.679372986794,1161.6063232421875,16153925
2024-07-03,1167.70405183156,1186.24136013032,1150.7277562015904,1172.33837890625,22330897
2024-07-04,1199.0711636260962,1204.8762204814082,1184.729188396717,1202.9737548828125,15275791
2024-07-05,1195.1685483777585,1212.339925743088,1191.1195862106667,1203.364013671875,9535575
2024-07-08,1198.9736190942626,1209.3154620742414,1187.2658453589734,1204.973876953125,6617190
2024-07-09,1204.8762530735444,1219.754882642245,1199.3639380524305,1217.8524169921875,13366874
2024-07-10,1222.2429000724055,1222.2429000724055,1206.2422507799674,1212.9254150390625,18226503
2024-07-11,1215.998657353838,1227.1698965417374,1195.2174298923792,1208.291015625,11307116
2024-07-12,1205.803164162165,1222.389177096727,1200.144359168967,1202.876220703125,12208290
2024-07-15,1203.071361476852,1208.2910537479374,1194.241819735426,1199.998046875,15612671
2024-07-16,1200.0467517768816,1214.6814682619654,1199.0711040112092,1209.7056884765625,12320605
2024-07-18,1204.8275385430438,1225.8526779859858,1201.7053940039573,1219.8525390625,10999632
2024-07-19,1213.706011208785,1220.0477226821429,1210.0473315126171,1218.2427978515625,7958817
2024-07-22,1209.8032741772045,1214.974255165563,1202.8761986042646,1210.92529296875,9958965
2024-07-23,1210.9253291470568,1218.2426878788428,1182.972994972106,1196.8759765625,19369832
2024-07-24,1195.1685807983697,1203.6079582700647,1172.777510944099,1193.21728515625,20122521
2024-07-25,1176.143415035895,1188.5829244027202,1161.6062390935692,1168.728515625,14154461
2024-07-26,1161.020907069825,1190.2903417018374,1157.0694857554497,1177.802001953125,19309265
2024-07-29,1185.5583771757993,1212.486231027865,1174.826252016832,1183.16796875,28458261
2024-07-30,1183.4607897362628,1200.876079269409,1175.0702424166864,1179.9971923828125,23972277
2024-07-31,1189.3148299701952,1194.827264609521,1181.509646508537,1185.314697265625,22297629
2024-08-01,1182.97292613369,1192.875774860644,1177.5093224180823,1180.63134765625,8725046
2024-08-02,1167.8504929230744,1172.3872793090957,1161.118498843589,1167.4114990234375,10735395
2024-08-05,1153.215668556713,1159.9476620150213,1138.5809519506631,1144.0445556640625,14306771
2024-08-06,1146.3862463365044,1158.776926636575,1133.215000102,1138.4346923828125,13575619
2024-08-07,1150.240026683853,1151.069422664435,1133.312559694185,1143.8983154296875,15753644
2024-08-08,1138.5322506611303,1145.8008988559393,1130.6783566530576,1136.239501953125,10806438
2024-08-09,1147.8984979263976,1152.1912530849595,1140.5323091971482,1143.0689697265625,8687307
2024-08-12,1152.3189994398172,1159.4533399572713,1137.5582949209468,1154.09033203125,10860455
2024-08-13,1164.3243778306348,1170.2779103089574,1145.0370803987933,1149.7113037109375,13117927
2024-08-14,1148.3827912230431,1151.3841824712083,1134.6061339161688,1143.1181640625,13431801
2024-08-16,1151.33488320732,1173.9679621079767,1147.0543031789523,1168.3096923828125,10961370
2024-08-19,1171.9999545311712,1176.67417769156,1154.58237101426,1157.140869140625,6686394
2024-08-20,1155.4679086606573,1170.8191375512558,1151.3349594196018,1160.6341552734375,10427061
2024-08-21,1158.223268928432,1159.846970432822,1146.513086110094,1156.1075439453125,17234142
2024-08-22,1163.143584759648,1173.5744592109102,1157.829706794536,1172.098388671875,8564142
2024-08-23,1173.968043848346,1185.7766075752363,1169.589082848793,1184.300537109375,7518309
2024-08-26,1186.3178499958535,1195.5677952382332,1181.889638715724,1193.9442138671875,10920226
2024-08-27,1193.9442695051366,1212.8379237983015,1189.6144386937667,1206.7860107421875,16295325
2024-08-28,1203.1451193533376,1206.8352956977394,1197.8804917932434,1204.325927734375,12291305
2024-08-29,1199.504093644897,1215.2980967161698,1197.5852499624118,1202.4071044921875,10806748
2024-08-30,1210.3777397050092,1215.8392482869915,1199.4548426639624,1209.5904541015625,21211148
2024-09-02,1219.2341641068904,1219.4309254466025,1202.997389524353,1210.3284912109375,12516759
2024-09-03,1207.6224463883482,1230.9935629487222,1200.930998773239,1227.79541015625,19114907
2024-09-04,1220.070629288316,1223.859186152754,1213.1331701237295,1216.62646484375,13505843
2024-09-05,1218.2502546691317,1224.9909529744998,1211.65718744667,1216.23291015625,9142811
2024-09-06,1206.3923063523205,1214.21555165295,1185.7765708665058,1188.8763427734375,10170479
2024-09-09,1183.710090812365,1218.545376591282,1181.299103730193,1215.2979736328125,13863250
2024-09-10,1217.216888818786,1221.5467196441462,1207.4256692162026,1217.5614013671875,15545130
2024-09-11,1211.8538609951502,1219.5294755207808,1206.83524540051,1216.62646484375,11993242
2024-09-12,1218.2502705064037,1236.9471648033514,1206.7860981365827,1232.174560546875,15376442
2024-09-13,1232.0267776590283,1235.9137150505585,1222.2355585854264,1230.403076171875,9877288
2024-09-16,1231.042802375231,1245.4098646133789,1224.8432581989914,1242.7037353515625,8973335
2024-09-17,1239.849987924078,1251.9538142521255,1238.3247871252927,1247.8699951171875,11513121
2024-09-18,1241.8672616672682,1274.6852037097235,1241.8672616672682,1267.796875,12466597
2024-09-19,1267.7968764476732,1279.2610475522447,1264.8447355687065,1271.388671875,13172268
2024-09-20,1274.340862241716,1340.616403523679,1270.9459481482345,1317.09765625,73257767
2024-09-23,1309.7664484410157,1310.553734024932,1287.62539277616,1300.8116455078125,11380409
2024-09-24,1299.9260678444705,1310.1601805182468,1294.4645590257803,1297.5643310546875,13886037
2024-09-25,1289.8395992053097,1306.568398126912,1289.1999446337225,1302.7305908203125,8728019
2024-09-26,1298.9419832399822,1312.0789860913485,1295.891461697866,1307.84765625,11100869
2024-09-27,1311.7346011418329,1311.7346011418329,1283.0496081575457,1285.7557373046875,17117379
2024-09-30,1271.487169159882,1276.1122623682022,1250.625419751032,1252.69189453125,12622212
2024-10-01,1249.542987688833,1259.8262312755362,1247.3780121127852,1254.069580078125,10972413
2024-10-03,1233.6012439093363,1245.5574384870451,1228.2382360313827,1236.307373046875,17648551
2024-10-04,1227.2048887996382,1244.2289485494368,1216.4787533567371,1219.97216796875,13488887
2024-10-07,1221.7435594913184,1242.8020684792546,1205.4575341441214,1214.215576171875,20667247
2024-10-08,1221.202267135771,1227.8938344569156,1210.1317389284563,1216.8724365234375,12219259
2024-10-09,1223.2195743635768,1244.9177369185495,1212.9854623508438,1224.302001953125,14765997
2024-10-10,1226.8606284171833,1234.6837542167525,1218.2502169484444,1223.6624755859375,9118195
2024-10-11,1217.2661601929808,1221.0055869072553,1202.5054549359925,1203.489501953125,8472512
2024-10-14,1201.5213486036762,1218.1517663968125,1197.9788035414683,1212.099853515625,11833929
2024-10-15,1219.1849221736488,1238.2263267782284,1215.691627570544,1235.470947265625,11657338
2024-10-16,1228.5826203359522,1234.9296751311315,1221.7926723383464,1223.3179931640625,7869727
2024-10-17,1229.517518119134,1236.897870871355,1204.867212000474,1211.60791015625,8459497
2024-10-18,1208.3604278039818,1248.6572232672752,1205.7035490362575,1244.327392578125,11018126
2024-10-21,1244.3274858742436,1252.0522311372122,1230.6000776735575,1238.9644775390625,7742775
2024-10-22,1246.3938747133964,1264.4019824079978,1239.653176958133,1247.279541015625,20090801
2024-10-23,1240.8832443668052,1247.7223228428932,1223.2196490881518,1231.6331787109375,14055447
2024-10-24,1230.3047750515273,1240.3420065108755,1221.251590602818,1232.764892578125,12223031
2024-10-25,1227.3526156126327,1248.657257098042,1214.5107542672154,1235.4217529296875,13546055
2024-10-28,1264.9924978474703,1286.9367953731105,1260.1706432204314,1272.2252197265625,24096412
2024-10-29,1280.5894733227,1314.0470695956533,1278.5229987539544,1310.6029052734375,20656117
2024-10-30,1302.878217992093,1309.6681662645217,1284.771729306591,1291.21728515625,15055031
2024-10-31,1286.3953474845157,1297.908648500615,1267.9937179678298,1271.6346435546875,23497314
2024-11-01,1269.3713115804678,1275.521605000899,1265.7303859247395,1271.19189453125,1007022
2024-11-04,1269.5189366152897,1271.1918884914494,1249.7888674900407,1256.82470703125,14309121
2024-11-05,1252.6918064806564,1280.540384084737,1242.9497173467564,1276.013671875,16431920
2024-11-06,1279.507133687592,1294.0218271864514,1272.077530661039,1281.5736083984375,12037405
2024-11-07,1276.4565194695,1282.016408736549,1254.905867336954,1258.30078125,9909035
2024-11-08,1249.739603368689,1254.6598380276207,1232.715543399618,1238.7674560546875,11195808
2024-11-11,1241.8673121816607,1255.545589486218,1226.7622147783625,1249.0509033203125,8387780
2024-11-12,1255.791586954061,1274.34084864136,1244.3274155266408,1250.330078125,13486168
2024-11-13,1250.330002060316,1255.8898912252891,1230.058659378344,1233.6995849609375,12260404
2024-11-14,1233.74880304176,1247.4762092717035,1223.219549242433,1236.897705078125,9506892
2024-11-18,1239.8991689148563,1242.4576669848584,1229.468295169204,1233.45361328125,6195554
2024-11-19,1236.996341503432,1240.8832791422965,1221.054707873685,1229.173095703125,11537317
2024-11-21,1228.6318816632047,1236.84864976603,1212.887130281342,1230.5999755859375,9593870
2024-11-22,1237.931065448711,1260.9577881469831,1235.962971544977,1257.6612548828125,11604338
2024-11-25,1275.3249381508515,1290.2824048083885,1269.420656029783,1280.1959228515625,22717581
2024-11-26,1289.691969633128,1293.2837651950626,1281.6719625867895,1284.132080078125,7646955
2024-11-27,1277.7849738450243,1289.9379297411074,1277.1453192983,1279.9498291015625,21938082
2024-11-28,1280.294297193127,1289.593492566128,1261.8434173872402,1265.8287353515625,22803745
2024-11-29,1262.6306978559342,1282.4592691846208,1262.6306978559342,1279.3594970703125,11397228
2024-12-02,1279.1626909163074,1289.6428152581443,1268.58418590124,1283.8369140625,9626400
2024-12-03,1283.1480184509742,1291.8569303693412,1275.4232736408442,1287.527099609375,11509276
2024-12-04,1281.819549984778,1298.9419911656362,1280.93388369349,1295.0550537109375,11570281
2024-12-05,1295.2518809925427,1321.4767579162362,1287.7238973177443,1315.1788330078125,19210697
2024-12-06,1321.0831368877882,1325.6097291981623,1305.5351457750585,1307.552490234375,8942672
2024-12-09,1301.008440803049,1307.8476391384686,1299.1879779810015,1301.205322265625,8000764
2024-12-10,1297.957930171136,1310.750540551898,1294.2677540997624,1309.2252197265625,8218214
2024-12-11,1303.567008056277,1310.01256393174,1295.005847236935,1306.3223876953125,8138066
2024-12-12,1300.467319981326,1317.392879799611,1300.467319981326,1308.04443359375,9076896
2024-12-13,1304.206657466483,1325.658929951843,1292.5457246301107,1323.44482421875,13536684
2024-12-16,1323.4448020295467,1328.9061906725217,1318.672198220594,1324.6256103515625,9071006
2024-12-17,1320.591043814433,1326.5937063526414,1304.8955425723648,1312.47265625,9879257
2024-12-18,1304.108322781897,1313.6535308964567,1286.5922376487658,1293.1854248046875,8510595
2024-12-19,1265.4844508567164,1282.213249973796,1263.9591299468714,1266.3701171875,11517304
2024-12-20,1263.4671101390386,1277.0470069229707,1252.1014392500044,1267.84619140625,58491181
2024-12-23,1273.9964575675249,1286.149413849784,1266.5177244802055,1276.1121826171875,6827512
2024-12-24,1276.1122805813325,1283.689394924585,1269.6667242632775,1276.5550537109375,7138516
2024-12-26,1286.149397655659,1291.8076677677632,1268.633313433368,1276.6533203125,7338444
2024-12-27,1277.834372258314,1294.9566951975391,1277.834372258314,1286.6907958984375,4756066
2024-12-30,1284.1320718868317,1305.3383325760412,1268.8793435378464,1273.9964599609375,14207425
2024-12-31,1266.3701041548643,1269.3713754212274,1259.6785365277274,1261.203857421875,8449607
2025-01-01,1261.20390300566,1272.3728127979782,1246.8859706361395,1263.1719970703125,4705399
2025-01-02,1264.5988495821298,1272.7664882086394,1258.0057823459824,1270.0111083984375,7433222
2025-01-03,1265.6811494083963,1267.452481982073,1242.1132728120124,1244.86865234375,11194997
2025-01-06,1247.8208957681682,1257.3661039966464,1236.9471279387867,1243.933837890625,7504047
2025-01-07,1246.2955634538516,1268.387371227451,1246.2955634538516,1258.8421630859375,7539758
2025-01-08,1260.1213925757818,1264.500353533012,1232.3711960120445,1243.58935546875,7566309
2025-01-09,1237.9311554007072,1244.5734728084612,1228.1890658447487,1242.260986328125,8684920
2025-01-10,1238.9151869887507,1244.7702186556908,1223.268815487501,1229.9111328125,7854524
2025-01-13,1215.1997021699149,1224.1052557235084,1205.3592318634503,1210.1318359375,9669336
2025-01-14,1213.6743510380347,1224.9908916090162,1207.868449677033,1220.5135498046875,10342698
2025-01-15,1214.3138943569554,1224.5480063080474,1210.3777066929133,1218.49609375,5355382
2025-01-16,1225.2369076646085,1235.4710205893364,1219.8738995113004,1229.173095703125,11895924
2025-01-17,1223.51473271735,1229.0746219251816,1198.569166937447,1205.9002685546875,9790533
2025-01-20,1204.3752079938956,1221.9404238041425,1195.8631769905248,1213.28076171875,7676418
2025-01-21,1217.216791341657,1219.1848851844006,1173.6727150709555,1177.0677490234375,20520898
2025-01-22,1181.840346118592,1188.236651072606,1172.787162540538,1181.299072265625,10377123
2025-01-23,1178.150279677383,1188.6304043313803,1167.0797508434964,1182.5784912109375,8770650
2025-01-24,1183.9070048715128,1198.569330226456,1182.824577120033,1189.90966796875,9216792
2025-01-27,1175.936172816458,1214.9536606503923,1174.0664594794448,1208.3604736328125,16164687
2025-01-28,1227.4509517938643,1243.8353577059515,1216.28204282006,1227.0081787109375,18066499
2025-01-29,1232.0268875547777,1235.7663143361442,1223.2197146425951,1231.6824951171875,7666777
2025-01-30,1230.058696999526,1239.7515355072985,1219.72620394473,1235.5693359375,11921041
2025-01-31,1234.4870409428568,1235.963111537846,1219.332692143045,1232.814208984375,10195417
2025-02-01,1231.1904328305643,1241.2276642201673,1214.117241339197,1235.520263671875,3011914
2025-02-03,1226.9589513144845,1239.8991931084147,1218.0533982313875,1233.0108642578125,6176831
2025-02-04,1242.6546259748302,1260.072210194652,1239.8992462672877,1247.9683837890625,14839077
2025-02-05,1249.9364358288246,1257.366038635732,1244.9670706142904,1247.476318359375,6840709
2025-02-06,1254.6598163131562,1258.596003972178,1243.0480146698765,1252.101318359375,8396554
2025-02-07,1251.707841237699,1254.6599823726938,1229.616033126662,1236.8487548828125,7382039
2025-02-10,1237.143764104477,1244.8193782805915,1229.4190196551451,1242.4576416015625,5740361
2025-02-11,1235.815414286521,1241.7196963503554,1228.48431210643,1232.764892578125,6586627
2025-02-12,1237.1437132102558,1249.49354984024,1224.793996703184,1231.8299560546875,8809352
2025-02-13,1232.5681139223714,1245.8034979804984,1226.0241773689,1228.976318359375,7263785
2025-02-14,1232.125182860914,1243.3433423047895,1224.5971995418054,1239.99755859375,10368438
2025-02-17,1231.1904296875,1238.078758696524,1213.5759643398394,1231.1904296875,8386151
2025-02-18,1232.912442887429,1237.537415485285,1217.3153228151366,1223.2196044921875,8135042
2025-02-19,1215.150440982361,1244.2782088063443,1210.6238487061553,1241.52294921875,10683412
2025-02-20,1235.323399403501,1243.835430129527,1226.8606190775215,1230.009521484375,8398849
2025-02-21,1221.3007691973355,1224.843314551203,1205.0148626007026,1213.28076171875,7786428
2025-02-24,1207.1304651110468,1212.2475818317712,1190.9429392289517,1198.9136962890625,11522480
2025-02-25,1207.0320830347105,1212.0015686679765,1201.5214435997077,1204.6212158203125,11059417
2025-02-27,1205.605241238752,1215.1504493679895,1199.0120540726923,1202.9482421875,12008162
2025-02-28,1196.6011747582393,1205.45759792668,1180.9548031360748,1184.8909912109375,20215075
2025-03-03,1191.188847446512,1197.5851526992194,1184.9401732626818,1186.9573974609375,8158881
2025-03-04,1187.8923015092375,1197.2407475483417,1187.0066352283177,1191.0904541015625,9574490
2025-03-05,1197.5852173719204,1206.3923901078597,1191.9761974350436,1196.305908203125,9052846
2025-03-06,1208.3604997504162,1208.3604997504162,1189.7128566225836,1198.6185302734375,11949475
2025-03-07,1191.7792822265046,1198.4215993904008,1187.0559287614878,1195.17431640625,6620284
2025-03-10,1188.7287844485525,1206.2448692222129,1188.7287844485525,1195.469482421875,7363437
2025-03-11,1197.7819082260587,1228.0906025562624,1197.7819082260587,1225.5321044921875,10927950
2025-03-12,1227.0573656262773,1231.9776006544478,1215.5933141089804,1224.105224609375,11548372
2025-03-13,1231.0919570840583,1235.5692985318378,1225.4336872491594,1230.10791015625,8132940
2025-03-17,1236.996422815807,1253.626722273369,1234.7330664957103,1248.7557373046875,11164812
2025-03-18,1248.7557373046875,1248.7557373046875,1248.7557373046875,1248.7557373046875,0
2025-03-19,1284.771625690972,1297.2690935608202,1281.3767118900164,1292.1519775390625,11278014
2025-03-20,1298.9420363179745,1303.1242360561191,1290.1348637421092,1300.6148681640625,10886735
2025-03-21,1295.005932648197,1327.47948567053,1290.676101553966,1321.673583984375,60494318
2025-03-24,1334.318544931302,1351.0965951268047,1323.592528220555,1336.4835205078125,9352280
2025-03-25,1337.3198832805365,1342.0433569660177,1308.8317704607064,1322.263916015625,16419207
2025-03-26,1322.608385783058,1336.3357930453642,1310.2585481884407,1314.58837890625,10859639
2025-03-27,1311.8822515956433,1329.939489601535,1311.8822515956433,1315.326416015625,15109614
2025-03-28,1314.6867654992452,1336.2865486646783,1306.027104024632,1326.8397216796875,8266544
2025-04-01,1318.6230094191676,1330.7759661157215,1294.4154767036698,1297.416748046875,14288024
2025-04-02,1301.0577695360655,1316.605640115626,1301.0577695360655,1310.0125732421875,8042214
2025-04-03,1300.8608684683468,1311.7346357410256,1300.172083625529,1308.3397216796875,4591008
2025-04-04,1308.3397764539347,1317.196199721689,1301.0085540085363,1313.998046875,8648542
2025-04-07,1274.5868794921314,1303.8622778051142,1244.8194576780902,1267.009765625,19185012
2025-04-08,1279.113469327377,1289.1508208042862,1266.8128818235116,1279.1627197265625,13085762
2025-04-09,1284.1320386492785,1284.2796697185806,1264.008326268558,1280.04833984375,13005622
2025-04-11,1284.2796640863085,1303.8622226242685,1284.2796640863085,1290.7252197265625,13064247
2025-04-15,1329.4474418665204,1332.6948448810174,1314.8834988213314,1328.66015625,15202603
2025-04-16,1335.35175670462,1338.0086355110902,1321.4767182608662,1334.7613525390625,14039073
2025-04-17,1340.271938683508,1386.4237644145942,1338.4022254639915,1384.2587890625,17490424
2025-04-21,1413.0915548092914,1413.0915548092914,1382.2908342910866,1387.3095703125,16882426
2025-04-22,1390.2616620074302,1396.1659440599142,1376.5833845612567,1393.902587890625,16135274
2025-04-23,1406.2031056627204,1407.0887719511927,1388.7855225220842,1401.676513671875,13990764
2025-04-24,1393.7057666784372,1398.5275007158652,1376.4849447649922,1380.3226318359375,15678099
2025-04-25,1387.5061560869792,1392.2296293483562,1366.2507666566128,1382.38916015625,11705093
2025-04-28,1383.1763860592027,1412.1073907727905,1381.4051736009749,1406.00634765625,10948561
2025-04-29,1406.0063095097996,1415.354755397171,1399.9051464358704,1406.9903564453125,10786910
2025-04-30,1410.1393895834246,1410.828174453101,1377.665837694902,1404.235107421875,14192027
2025-05-02,1404.136620262742,1423.5222971739024,1401.8732642232824,1407.2855224609375,8842434
2025-05-05,1417.0276759030696,1423.719243532893,1403.251017942901,1406.5968017578125,4565705
2025-05-06,1406.2030986214052,1410.8280712604956,1397.740318833432,1408.7615966796875,6301690
2025-05-07,1402.2669857299177,1418.9957848579238,1398.3307976997987,1412.5010986328125,10480453
2025-05-08,1415.6500090207114,1425.7857413048096,1403.3494213569647,1412.5994873046875,15306490
2025-05-09,1392.6232842813388,1397.2483773146432,1364.8732065732167,1366.742919921875,13491197
2025-05-12,1386.9158758891217,1429.8203013758846,1381.601998025975,1425.39208984375,9925445
2025-05-13,1417.126034216079,1424.8016487219363,1404.6286855985884,1407.777587890625,12475424
2025-05-14,1407.088799803615,1417.716435106891,1394.6898318883327,1403.44775390625,8026837
2025-05-15,1403.152601872172,1433.264415200934,1392.9184893353397,1427.6553955078125,18209264
2025-05-16,1430.115536446277,1435.4292940858757,1423.915992369514,1430.8043212890625,6439208
2025-05-19,1423.4240376832488,1436.413410510274,1420.7671587350164,1425.8841552734375,6005334
2025-05-20,1427.0649116587983,1435.724573309837,1412.5994688048463,1415.25634765625,11352383
2025-05-21,1419.88149736354,1428.1475165201844,1415.5516663650185,1421.6527099609375,5510460
2025-05-22,1418.11006923761,1422.2431385993382,1405.0223165661075,1419.0941162109375,7245933
2025-05-23,1419.1925334305297,1428.639480716087,1411.5170389146704,1426.67138671875,5203706
2025-05-26,1434.7404521515875,1448.1234666381572,1431.7883113035389,1437.2989501953125,5608725
2025-05-27,1429.3282240162364,1439.660717201896,1412.796186870013,1423.3255615234375,14842959
2025-05-28,1424.5063806110309,1434.7404932016627,1419.487765050342,1430.6075439453125,8618343
2025-05-29,1433.3627849687757,1439.5623288964678,1421.9478642011566,1433.264404296875,15545514
2025-05-30,1436.6102684488903,1437.5943154688398,1421.2591589622632,1422.7352294921875,11803975
2025-06-02,1418.9958296640707,1436.7086763589064,1409.9426449581042,1427.3602294921875,9458990
2025-06-03,1431.6899803606143,1431.788361034383,1409.155280413221,1414.961181640625,11167345
2025-06-04,1414.4691895072294,1417.1260683724902,1403.6446724484365,1408.1712646484375,8025388
2025-06-05,1408.072806574806,1435.724501880477,1404.5302615748733,1431.591552734375,11385668
2025-06-06,1425.4904326139017,1438.086282019534,1419.0941272375726,1436.413330078125,11580994
2025-06-09,1441.6289396983907,1443.40027245163,1410.5330766960358,1411.9107666015625,11022031
2025-06-10,1416.0435714397854,1418.700450175112,1393.902514902332,1400.200439453125,12905272
2025-06-11,1399.1180802484353,1411.6154291671444,1395.9690577575766,1408.1712646484375,7136877
2025-06-12,1407.679242298958,1413.5835243358638,1397.3467487343728,1402.4637451171875,7953247
2025-06-13,1381.2083238229704,1398.822788875249,1381.2083238229704,1393.5089111328125,7573103
2025-06-16,1394.000986381205,1406.2031934701922,1391.639249505445,1404.13671875,5451137
2025-06-17,1404.1366513466178,1406.990411596049,1395.1818479070278,1400.49560546875,6970098
2025-06-18,1394.3945278693373,1409.1552321163665,1387.7029605615166,1390.064697265625,6751745
2025-06-19,1385.538241229197,1392.1313083904192,1382.2908379271437,1388.78564453125,8849883
2025-06-20,1388.7856250535913,1410.4346597691706,1387.7030772194692,1404.33349609375,12408178
2025-06-23,1394.394668602004,1400.4957122573712,1389.3760526760818,1397.4451904296875,5514384
2025-06-24,1404.9238929302046,1412.993150628414,1393.9026142728064,1401.38134765625,11188438
2025-06-25,1399.3147727333048,1406.104720760603,1392.7217061711412,1403.05419921875,7527388
2025-06-26,1402.0701682033073,1424.4079863300926,1399.0195265038492,1416.1419677734375,13617435
2025-06-27,1415.9451910518735,1442.61283957329,1414.1738584793554,1438.8734130859375,22532899
2025-06-30,1438.4799818113795,1438.5783624887893,1419.291064922364,1422.7352294921875,6325073
2025-07-01,1422.6366689959384,1424.506382279972,1406.7935366641375,1409.1552734375,7761449
2025-07-02,1409.352049520214,1427.8521809615802,1399.905222450911,1405.0223388671875,13372280
2025-07-03,1409.253631009119,1423.030288484485,1400.9876124993152,1403.152587890625,10177738
2025-07-04,1404.2350901711063,1421.35753225384,1398.4291887589882,1419.7830810546875,5066503
2025-07-07,1414.0754516482682,1417.91325873578,1406.7934802735126,1412.796142578125,5177477
2025-07-08,1409.1552578612602,1421.947868442403,1407.1871639257,1418.9957275390625,5315847
2025-07-09,1413.2883371129633,1415.7484547587685,1403.8415093776578,1409.0570068359375,8827347
2025-07-10,1413.8788169776346,1416.0436723886824,1399.4132536015054,1401.38134765625,7795964
2025-07-11,1399.3148113378843,1405.2190932422636,1392.032839631232,1399.2164306640625,7158015
2025-07-14,1402.1686636122888,1402.1686636122888,1393.5090015352046,1400.2989501953125,5846154
2025-07-15,1398.429159387504,1410.9266282871913,1396.3626847243358,1407.9744873046875,6041457
2025-07-16,1403.2510104989535,1406.3999128239757,1396.4610622300193,1403.6446533203125,5649093
2025-07-17,1398.3308611520058,1400.495716617636,1387.0143200519017,1396.0675048828125,12927394
2025-07-18,1393.213729649599,1406.2031014317106,1386.0301388149503,1403.05419921875,11297246
2025-07-21,1424.9000530820128,1444.285730893144,1414.07553610418,1442.4161376953125,13867136
2025-07-22,1450.583698318134,1458.3576938551728,1446.25386737522,1450.0916748046875,8930165
2025-07-23,1459.243275244324,1466.2299847038992,1449.107543408276,1464.852294921875,11974174
2025-07-24,1463.9666816111749,1464.9507286163912,1454.5198543856832,1459.7353515625,6700578
2025-07-25,1476.0704664133914,1476.0704664133914,1450.0916021799312,1453.5357666015625,8696077
2025-07-28,1453.5358600374882,1469.969517693696,1453.5358600374882,1464.6556396484375,7507479
2025-07-29,1456.2911765714125,1466.0332658775797,1451.8629650797843,1462.4906005859375,9776027
2025-07-30,1463.9667199639605,1464.754005637929,1453.7327269399425,1458.7513427734375,7238625
2025-07-31,1446.4507928310486,1470.6583264040123,1440.6448911712775,1457.767333984375,12406146
2025-08-01,1456.7831967694258,1461.408169601032,1446.3523226373668,1448.12353515625,4416771
2025-08-04,1453.240679444368,1455.2087734738848,1437.987950715613,1439.8575439453125,6140054
2025-08-05,1429.820201520808,1438.184600497358,1418.0116382597969,1421.357421875,14799343
2025-08-06,1419.291123395121,1430.8044259536912,1418.6022183790185,1420.5703125,7805252
2025-08-07,1418.110163604165,1424.8017315172433,1406.301599138448,1417.322998046875,7432535
2025-08-08,1422.8336344297811,1424.5064663430474,1409.1553565946745,1412.9931640625,5415511
2025-08-11,1405.1207239838918,1415.4532174004985,1397.7403715434584,1413.681884765625,8492484
2025-08-12,1419.036820423754,1421.8134608053708,1408.2279203629066,1410.112060546875,5913947
2025-08-13,1412.6902784003407,1415.7643381003145,1403.368838463484,1408.922119140625,9009465
2025-08-14,1400.1956576735638,1419.1359571615956,1400.1956576735638,1415.3677978515625,7577793
2025-08-18,1437.877969337428,1440.2579294966365,1419.0368097392131,1422.606689453125,6908844
2025-08-19,1419.135880200737,1426.474039895735,1414.3760811646432,1424.29248046875,6709554
2025-08-20,1420.6234166864958,1423.895877053198,1411.1036970512755,1418.64013671875,5817858
2025-08-21,1428.0606770004104,1435.6963772945633,1424.3916575816534,1433.911376953125,6238645
2025-08-22,1432.2257038615987,1433.911443445728,1417.450243616132,1424.3917236328125,6657207
2025-08-25,1423.8958843891958,1423.8958843891958,1412.0953443103494,1421.2183837890625,6738427
2025-08-26,1415.962782587172,1415.962782587172,1401.2864621426106,1404.7572021484375,8720155
2025-08-28,1396.2290622275916,1399.9973424915918,1384.6269231275803,1387.4034423828125,12990789
2025-08-29,1380.4619594997932,1393.254139151069,1380.4619594997932,1386.1143798828125,8519507
2025-09-01,1386.4117998354177,1400.5922996421114,1386.4117998354177,1399.2039794921875,4927348
2025-09-02,1402.0798141390458,1402.0798141390458,1378.3795940317052,1382.54443359375,7163073
2025-09-03,1377.387925122752,1388.2959648465462,1372.6280048233573,1385.321044921875,9813382
2025-09-04,1398.1132401473494,1403.2697196534332,1390.180120261188,1393.75,10564859
2025-09-05,1399.2040313658383,1399.699851362779,1376.098771088494,1391.0726318359375,6621077
2025-09-08,1390.477568668634,1398.807368933041,1385.9160488487796,1390.973388671875,5880943
2025-09-09,1387.304306420236,1395.7332460946975,1383.5360261458509,1391.9649658203125,6470679
2025-09-10,1398.2123094765393,1401.8813288190768,1390.3783297737682,1392.163330078125,7452347
2025-09-11,1386.3126886500647,1396.2290884258164,1384.3294086949145,1389.882568359375,10192026
2025-09-12,1393.3532613043917,1407.8311802789096,1388.39506158368,1405.847900390625,7770038
2025-09-15,1410.1120532176328,1414.8719735471493,1404.4597537449094,1407.5338134765625,5845637
2025-09-16,1402.1788926034542,1412.987792293879,1401.8813521978338,1409.71533203125,8213151
2025-09-17,1408.2279494348236,1414.1777894755733,1404.5589298296168,1407.33544921875,7484283
2025-09-18,1419.1358927633355,1420.821753289835,1403.4680543540285,1409.814453125,8130537
2025-09-19,1404.26135906907,1406.145499251229,1388.494259091765,1390.4775390625,13457344
2025-09-22,1392.1634074537787,1398.1132473992611,1385.5193468847744,1389.783447265625,8847948
2025-09-23,1379.3712163938944,1391.568436605077,1379.3712163938944,1382.6436767578125,12827524
2025-09-24,1374.8096433544556,1379.2720231049968,1364.9923836933056,1371.1405029296875,9735678
2025-09-25,1365.488259405882,1379.867039189023,1360.331779903573,1364.29833984375,21613389
2025-09-26,1356.563442311047,1361.2241016242142,1345.655402935739,1348.233642578125,18342280
2025-09-29,1348.233693764239,1355.076033842118,1334.9456938107846,1336.829833984375,20563163
2025-09-30,1342.3830124406416,1345.2587926353076,1331.375832709144,1336.730712890625,20166871
2025-10-01,1336.7306701838102,1367.8681892333634,1335.8381700071102,1360.530029296875,20952632
2025-10-03,1360.4309257938526,1360.4309257938526,1349.9195661151996,1353.786865234375,12163695
2025-10-06,1359.5383926525742,1361.124992387358,1347.73785285358,1352.001953125,14314283
2025-10-07,1352.20024086866,1371.5372203120692,1352.20024086866,1364.3974609375,16126464
2025-10-08,1360.8276403806535,1370.0498198860423,1352.8945202642897,1358.8443603515625,8100832
2025-10-09,1358.3484255020635,1367.173924045517,1353.687645197864,1364.69482421875,7909575
2025-10-10,1358.8443421746942,1373.4214017735967,1358.8443421746942,1368.7607421875,7673816
2025-10-13,1361.6207839903618,1374.8096436760768,1361.6207839903618,1367.8681640625,8923018
2025-10-14,1377.3878684808556,1377.3878684808556,1363.6040491867466,1372.52880859375,10610855
2025-10-15,1374.9088107982643,1388.692630514965,1373.9171708337506,1386.7093505859375,8988550
2025-10-16,1389.287635646356,1407.0380158006922,1387.7010358612888,1405.451416015625,12185032
2025-10-17,1400.1956466119625,1427.5648857493748,1399.1048668479334,1424.5899658203125,17037215
2025-10-20,1429.944862993793,1432.9197829584125,1377.5862231965675,1378.6771240234375,23330227
2025-10-21,1372.9255110082336,1375.999570643796,1364.3974316467445,1370.4464111328125,3415560
2025-10-23,1373.4214191916344,1378.1813396780694,1348.7295586366392,1352.2994384765625,21124942
2025-10-24,1356.66265330236,1370.0497932383416,1356.66265330236,1366.182373046875,10570263
2025-10-27,1370.5456319928564,1375.206412664237,1362.5133721313011,1366.083251953125,11499836
2025-10-28,1361.521728041381,1364.298368477702,1344.8621275230646,1351.7044677734375,26477914
2025-10-29,1353.191921020162,1360.2325408166014,1347.043801434495,1358.9434814453125,16129382
2025-10-30,1351.0103759765625,1358.7450954369456,1349.9195961737937,1351.0103759765625,9324401
2025-10-31,1345.6554843440952,1350.6136843601014,1332.07006472016,1334.0533447265625,15926798
2025-11-03,1329.2933430972655,1340.3005222505135,1326.715103456384,1335.14404296875,11071450
2025-11-04,1331.375810196628,1338.5156906678078,1322.0543701938611,1325.7235107421875,15211183
2025-11-06,1318.88116976713,1330.979129069885,1306.386530263507,1309.3614501953125,24221853
2025-11-07,1309.3614221413634,1333.0616413002483,1307.576421800604,1331.7724609375,7719245
2025-11-10,1331.6733731274833,1338.317312672226,1329.7892329275433,1336.730712890625,8542340
2025-11-11,1337.7222802082897,1349.0269997439532,1334.9456399539874,1346.944580078125,8305184
2025-11-12,1358.5467300041707,1358.5467300041707,1344.0688109600717,1347.53955078125,9736761
2025-11-13,1347.5395638924117,1378.7762225869417,1347.142883699029,1374.3138427734375,18296626
2025-11-14,1362.513368521827,1369.653128146561,1351.8036080349211,1361.521728515625,9694498
2025-11-17,1363.6041374139656,1370.9422976111398,1362.1166774165574,1367.4715576171875,7660717
2025-11-18,1368.6614140079962,1371.2397747243117,1357.6542347453071,1361.9183349609375,9529560
2025-11-19,1362.0175118520117,1372.4297316368286,1360.133371680989,1371.5372314453125,10393918
2025-11-20,1368.5623301618334,1376.6938507345087,1363.9016706145442,1371.4381103515625,10131863
2025-11-21,1361.521643124344,1364.4965629563708,1353.1918433847088,1358.0509033203125,11483595
2025-11-24,1361.8192653055182,1365.488284898759,1350.1178648436169,1356.960205078125,15896003
2025-11-25,1353.5886121834044,1365.3891524995795,1342.978112507823,1346.4488525390625,12235000
2025-11-26,1348.6304048295451,1365.488284889915,1348.531265039151,1363.5050048828125,9659004
2025-11-27,1367.471557668799,1382.3461576434415,1364.199097254456,1380.5611572265625,15158741
2025-11-28,1380.3628968845176,1386.8085569633604,1374.0163765969262,1377.189697265625,7683986
2025-12-01,1382.3461800316288,1388.2960201178482,1373.8181001180092,1378.478759765625,8867593
2025-12-02,1370.2482089901266,1370.2482089901266,1359.1417682907786,1361.521728515625,12126396
2025-12-03,1355.5718853340877,1382.544445020301,1355.5718853340877,1379.8670654296875,7955933
2025-12-04,1375.4045960658268,1379.9661155774988,1368.3639767054422,1375.1070556640625,7373909
2025-12-05,1369.4547830523452,1383.6352828825825,1369.4547830523452,1380.858642578125,4942638
2025-12-08,1375.404670384236,1383.2386505394277,1371.7356508298087,1377.98291015625,7826227
2025-12-09,1368.3640275890857,1372.7272676950297,1361.9183677427457,1363.7032470703125,10492030
2025-12-10,1366.3806948465074,1367.8681547535796,1346.5478960855444,1352.2001953125,8725381
2025-12-11,1352.299390595187,1355.1751707435094,1341.490611666704,1348.63037109375,6734750
2025-12-12,1356.5634801370334,1359.240859638436,1351.90282069391,1354.5802001953125,3890885
2025-12-15,1344.76296553996,1358.5467856038574,1344.76296553996,1353.786865234375,5342530
2025-12-16,1352.5969202535916,1357.257579696715,1344.1679805012782,1354.5802001953125,12359741
2025-12-17,1353.5885110391764,1353.5885110391764,1331.8715722565005,1341.0938720703125,9440391
2025-12-18,1335.044933684807,1358.0509324595278,1334.2515732926577,1345.4571533203125,7314573
2025-12-19,1342.6805232986085,1349.0270433350909,1339.5073238052678,1342.7796630859375,14318512
2025-12-22,1346.647106277973,1359.8359665635037,1343.4739067302291,1357.059326171875,9375294
2025-12-23,1349.7210845323889,1353.5885044694037,1345.6553850292898,1351.605224609375,9105467
2025-12-24,1352.3986889312134,1356.7618081188289,1346.2504482626368,1348.43212890625,8955140
2025-12-26,1345.159575111433,1350.6135947672478,1337.2264556120658,1339.110595703125,2812144
2025-12-29,1340.796427781503,1344.3663075928198,1330.2850679288142,1332.070068359375,6057201
2025-12-30,1332.0699716952038,1335.8381308143366,1326.9133714087848,1331.276611328125,18621277
