Date,Open,High,Low,Close,Volume
2018-01-01,1107.8944774873364,1119.3160700387523,1103.4137203208174,1107.630859375,2048058
2018-01-02,1113.16582652468,1115.7137413422188,1091.9480034090752,1098.01025390625,1512324
2018-01-03,1103.4137003883363,1128.0579179835224,1099.5479092217306,1120.458251953125,2720736
2018-01-04,1128.93630469472,1159.7307123425087,1124.675194360536,1155.9527587890625,4546456
2018-01-05,1164.123799012984,1167.5941629104325,1149.1878710256476,1155.2501220703125,2418902
2018-01-08,1156.6558130279604,1182.530068414469,1156.6558130279604,1175.7650146484375,3513256
2018-01-09,1177.3024727859454,1179.93822459069,1165.353752720906,1170.9327392578125,1703294
2018-01-10,1170.4496270794368,1174.2275813894298,1157.6662935169832,1163.025634765625,1098019
2018-01-11,1159.906754946862,1165.7054961511758,1153.624964057259,1162.85009765625,1232290
2018-01-12,1164.5631662769092,1170.5375807575722,1150.725467394328,1167.77001953125,1825056
2018-01-15,1172.777915708676,1187.14274369704,1162.8938449943391,1164.95849609375,2386631
2018-01-16,1169.4393189412633,1176.9951201682604,1162.674157544012,1165.1781005859375,3139385
2018-01-17,1162.3666136809852,1192.238469210202,1159.9505077190634,1189.0316162109375,2724814
2018-01-18,1194.8741163403236,1216.8387140671678,1186.483597109064,1195.5770263671875,4966982
2018-01-19,1196.6315054546906,1211.2599516958485,1189.163540846493,1204.93408203125,2127776
2018-01-22,1132.6706704784808,1233.2246932099454,1132.6706704784808,1229.0074462890625,3067658
2018-01-23,1235.289033296892,1243.1962888443118,1223.955278895787,1239.4183349609375,4804202
2018-01-24,1236.2556892229818,1238.6279306876177,1221.0562483527049,1231.072021484375,2147973
2018-01-25,1222.9889734270207,1253.783386670466,1222.9889734270207,1244.5142822265625,6113475
2018-01-29,1245.832174392061,1266.6107084824678,1245.832174392061,1258.08837890625,2945415
2018-01-30,1256.3312183686712,1262.2616607013128,1235.9481113249817,1256.287353515625,1988140
2018-01-31,1258.044497778937,1264.8973888840685,1240.560654079708,1244.5142822265625,2614515
2018-02-01,1281.7661913259603,1291.51845206522,1234.5861671970222,1278.8668212890625,8187730
2018-02-02,1272.18987654206,1272.18987654206,1238.8476502325816,1243.5919189453125,3621563
2018-02-05,1212.4461282455738,1230.0178112636256,1190.569361438291,1198.081298828125,3060688
2018-02-06,1159.6869707024698,1205.7247962454223,1137.1074035792976,1188.7681884765625,4230633
2018-02-07,1203.6603219086808,1203.6603219086808,1168.5169548456536,1171.8116455078125,2927403
2018-02-08,1181.6955759976463,1194.4350450325655,1171.152567141162,1183.80419921875,1932082
2018-02-09,1163.9481321651729,1179.9383181488915,1158.0615549850827,1167.8577880859375,2029257
2018-02-12,1172.514337848421,1190.4813380207852,1172.514337848421,1186.5277099609375,1543603
2018-02-14,1190.2179139202055,1205.8567548056444,1182.2228195458017,1195.9287109375,2310144
2018-02-15,1198.7401453705893,1203.6601947899971,1182.9256318623995,1186.39599609375,1861841
2018-02-16,1193.1171506488593,1198.3886549963506,1160.1262763745308,1167.111083984375,1424576
2018-02-19,1166.7596713985913,1169.3514515642078,1130.7377237123396,1138.2056884765625,4275673
2018-02-20,1142.1591009586575,1150.5934851774728,1130.9571559300248,1133.900390625,2063972
2018-02-21,1141.2806254399927,1141.807754394548,1123.7089452946502,1127.047607421875,1584305
2018-02-22,1122.8303175415415,1140.4019970022855,1121.0731495954672,1135.1304931640625,3028574
2018-02-23,1135.657738506891,1146.552202339076,1124.9390558367436,1143.65283203125,2176017
2018-02-26,1147.4307808431747,1184.067693197131,1147.4307808431747,1181.03662109375,2239306
2018-02-27,1183.8920123356609,1191.1843028808285,1169.6589935656343,1175.63330078125,2243499
2018-02-28,1166.759499309381,1169.9223801167414,1151.4721169499514,1158.10546875,2439968
2018-03-01,1158.8523340843306,1171.0646735354796,1153.6686668641707,1155.513671875,1927606
2018-03-05,1153.3174243519943,1153.3174243519943,1140.3583075378242,1142.7744140625,1302005
2018-03-06,1149.8029419639156,1158.764563924406,1120.1947013838155,1127.5748291015625,2381856
2018-03-07,1128.1020543718716,1136.800058951183,1107.0160346639864,1109.9154052734375,2156582
2018-03-08,1117.4709767322115,1133.1976512990493,1106.3568680237215,1127.9261474609375,3588828
2018-03-09,1129.1562056625964,1138.688928636503,1124.5876113909335,1133.812744140625,2508919
2018-03-12,1142.159201560204,1152.7022095746058,1139.5234495566035,1150.989013671875,2267260
2018-03-13,1152.1753362698717,1162.3229193858783,1136.9319219166248,1144.5755615234375,1915199
2018-03-14,1144.7950024278248,1153.580842814838,1135.13057800211,1145.0146484375,1714051
2018-03-15,1146.4644151384955,1150.5937175146396,1135.2184957431996,1137.854248046875,1178352
2018-03-16,1142.0715428307212,1145.5858793839357,1107.367469367727,1115.1868896484375,5152611
2018-03-19,1124.587458550665,1135.1304659745772,1112.1554741801644,1124.192138671875,4452882
2018-03-20,1120.194681150645,1142.1592827418342,1120.194681150645,1136.448486328125,2831066
2018-03-21,1137.7664842938243,1154.108128178275,1137.7664842938243,1150.3741455078125,2835466
2018-03-22,1155.1621541203735,1160.9607864080651,1132.4946466105653,1138.8643798828125,1834024
2018-03-23,1123.357593955449,1127.487003520265,1108.3338274939233,1113.956787109375,2280525
2018-03-26,1114.0443681450122,1142.2468894534554,1114.0443681450122,1139.874755859375,1697069
2018-03-27,1148.3092163992735,1154.4593040157963,1143.0377127279687,1148.79248046875,2003736
2018-03-28,1143.1255521917255,1164.1237299784998,1135.4819147510962,1151.7357177734375,3989865
2018-04-02,1153.5806826361816,1176.8631564289149,1152.7460708149154,1173.744140625,1302024
2018-04-03,1170.9328149932876,1176.423964941671,1158.0176732142988,1168.8681640625,1123582
2018-04-04,1169.395240618791,1170.8887904382314,1133.548972462049,1138.776611328125,1285513
2018-04-05,1154.4593169096956,1172.9535520626887,1151.823565044605,1167.46240234375,1758313
2018-04-06,1146.7276937033507,1162.3665304364936,1146.7276937033507,1156.69970703125,1492796
2018-04-09,1157.9737495974732,1171.1525100253657,1157.841940543389,1166.6717529296875,1118116
2018-04-10,1166.7597186242724,1190.876809968811,1166.7597186242724,1186.000732421875,2177789
2018-04-11,1193.4686602758095,1194.3472443738854,1177.30269142141,1188.504638671875,1536552
2018-04-12,1191.6236252445826,1196.1043825826248,1182.178846427058,1192.6339111328125,1695410
2018-04-13,1196.6312615151855,1198.695912212638,1177.8295447669805,1190.349365234375,1320241
2018-04-16,1184.2436096799854,1205.4174664676923,1182.7060874013275,1201.990966796875,1304778
2018-04-17,1204.0994564816276,1210.6009999875914,1190.6570774388786,1194.47900390625,1058589
2018-04-18,1197.5976657032154,1204.9338196534045,1186.966822202132,1194.9619140625,1459202
2018-04-19,1199.3551440634344,1219.562578542084,1196.455880857224,1216.8389892578125,2229317
2018-04-20,1216.8391132028732,1216.8391132028732,1193.9959240741553,1199.3114013671875,1091415
2018-04-23,1203.660353716682,1210.6890273150275,1190.9208828196806,1194.87451171875,1364935
2018-04-24,1191.0961350151304,1214.3786080657617,1187.8454175265329,1210.6885986328125,1002866
2018-04-25,1208.843834032784,1209.590609036714,1192.194601685366,1197.4222412109375,1536003
2018-04-26,1199.7065493733294,1200.3654874268118,1168.6046517991615,1183.62841796875,4513014
2018-04-27,1189.1634540312132,1215.0816822498468,1189.1634540312132,1210.4691162109375,1746280
2018-04-30,1213.588244985797,1234.4106449946337,1213.588244985797,1230.8084716796875,1309980
2018-05-02,1247.589275142556,1250.8839651297285,1221.3195921950314,1232.78515625,3975516
2018-05-03,1235.025496318474,1235.772378523993,1207.701555137787,1210.4691162109375,1278892
2018-05-04,1212.4459869840418,1218.376429311681,1196.631474110337,1202.5179443359375,1274703
2018-05-07,1207.1745370374845,1224.658381840309,1200.409482458795,1220.485107421875,1250082
2018-05-08,1222.373960304811,1223.8675102030084,1191.49171130035,1199.1793212890625,1604486
2018-05-09,1196.8073676773226,1214.7305070068635,1195.972755577641,1208.6243896484375,1270004
2018-05-10,1212.5338045737365,1217.0145616999182,1190.61317581239,1196.80712890625,1262157
2018-05-11,1201.4635457263469,1220.7923925314508,1198.652119999757,1218.9473876953125,1033691
2018-05-14,1213.8078465960612,1229.1390954879173,1209.8102462379286,1213.9835205078125,1265158
2018-05-15,1213.3246344685997,1232.6534845470278,1202.6937883752712,1207.3502197265625,1824434
2018-05-16,1199.1795193804774,1207.218585746445,1193.732233339229,1196.9390869140625,1491335
2018-05-17,1201.9028979445518,1208.0529858726306,1186.088386129492,1191.31591796875,1833028
2018-05-18,1186.0883413971214,1195.4013098871767,1152.702151046684,1155.8211669921875,2070654
2018-05-21,1151.8237229395702,1174.5350998406316,1151.8237229395702,1153.800537109375,2047129
2018-05-22,1157.885856929374,1178.093288613136,1156.304362854514,1159.8626708984375,1375132
2018-05-23,1157.0950880706607,1186.0883590701535,1155.3379201312976,1165.7930908203125,1851368
2018-05-24,1173.788215382364,1183.8919313081851,1165.353830494092,1175.58935546875,1482329
2018-05-25,1178.1372582858703,1183.979863764077,1170.0543277928086,1179.059814453125,1696915
2018-05-28,1182.5739450178514,1216.7947454751893,1180.904614136003,1209.3267822265625,2127978
2018-05-29,1224.4824511597867,1251.9382005602,1208.4044286603173,1212.9730224609375,6814062
2018-05-30,1212.446039094857,1212.446039094857,1192.3704141726948,1199.83837890625,2286366
2018-05-31,1204.4947535550048,1210.2055498473242,1191.3599649822822,1204.0115966796875,2930988
2018-06-01,1208.7560061152135,1226.503361425337,1197.1586320445806,1205.768798828125,2234018
2018-06-04,1208.8875779963917,1216.8388058730038,1189.6027026368572,1192.9852294921875,1346919
2018-06-05,1196.4559745603783,1196.4559745603783,1165.5297471954873,1171.8116455078125,1905926
2018-06-06,1169.3952953015926,1190.4813111447468,1169.3952953015926,1186.5716552734375,1581905
2018-06-07,1195.225725296414,1200.145774371117,1185.1658738924234,1190.6131591796875,2272271
2018-06-08,1185.2538135140485,1190.481345526529,1169.483166026477,1180.77294921875,2483519
2018-06-11,1179.938435031785,1190.481444131101,1174.666930482127,1180.1580810546875,1417401
2018-06-12,1184.3313458492923,1202.2983474768437,1181.3441385123283,1200.497314453125,1853562
2018-06-13,1200.8486450227117,1202.122548913473,1188.724143014748,1193.7760009765625,1253808
2018-06-14,1189.602655770081,1194.3908953475402,1177.302480599637,1179.938232421875,1325652
2018-06-15,1178.1810935403337,1179.9382614650767,1162.5862282082371,1168.4288330078125,2660969
2018-06-18,1169.6152484433544,1175.018562871889,1160.65373225631,1162.5426025390625,951701
2018-06-19,1158.720500778049,1166.3202739185474,1148.3532738037434,1151.2965087890625,1607343
2018-06-20,1151.867553569492,1159.0279271058926,1142.1591578283433,1148.089599609375,2207289
2018-06-21,1150.9453568327667,1156.2168622839092,1129.859335028197,1133.197998046875,2161971
2018-06-22,1132.231232128277,1146.5521951667538,1127.6626379283744,1142.0274658203125,3364048
2018-06-25,1143.037731146916,1145.4538370351977,1110.7497706398835,1114.17626953125,1622133
2018-06-26,1114.7475950249493,1127.662738928803,1107.9824328260888,1115.8458251953125,2003243
2018-06-27,1118.4373440391464,1120.194511900952,1079.7796510794274,1083.0743408203125,2332129
2018-06-28,1078.9010866180804,1089.444093979169,1059.5722397894178,1085.0072021484375,4677061
2018-06-29,1085.886002939315,1122.7865360719134,1083.3381947841517,1120.2825927734375,2324572
2018-07-02,1122.7426266682096,1122.7864915231564,1091.9921836111284,1103.4576416015625,3832519
2018-07-03,1106.3570002374104,1110.5302746079703,1094.7597333072567,1099.5479736328125,2096700
2018-07-04,1099.8993211955649,1108.2458691207862,1092.2555761146327,1106.5765380859375,1842579
2018-07-05,1111.4087524743456,1111.4087524743456,1094.3642015399544,1102.1396484375,2006459
2018-07-06,1099.108646526303,1123.0500618882868,1093.7493052712246,1112.551025390625,2064484
2018-07-09,1117.3830722639602,1134.6471604913334,1109.827164753369,1131.6160888671875,2021357
2018-07-10,1137.2830596030583,1140.402075822523,1118.2178289700432,1128.6290283203125,1923397
2018-07-11,1127.7066807475692,1129.8151968188042,1117.2075362514574,1119.97509765625,1326221
2018-07-12,1124.675498049886,1146.1129717891963,1120.194740537543,1141.939697265625,2777124
2018-07-13,1148.3094642190804,1158.8524738370063,1130.9574275562445,1140.753662109375,2360493
2018-07-16,1142.1591252340966,1143.1695182177607,1122.7424415549203,1127.31103515625,1593400
2018-07-17,1129.0244480599831,1134.251980126875,1114.7474576052489,1130.6058349609375,1598278
2018-07-18,1137.766272034227,1149.1878639542615,1127.2232641080411,1135.2623291015625,1855985
2018-07-19,1137.151489749642,1139.2161410187534,1100.8659220451848,1105.3466796875,1468552
2018-07-20,1104.819348233788,1132.494743438054,1103.106152382656,1116.109130859375,1937969
2018-07-23,1116.2410467537447,1127.2233474892205,1108.9487561657766,1123.8408203125,1229445
2018-07-24,1128.980462572726,1166.7595753280775,1125.4661265024606,1163.2452392578125,4071039
2018-07-25,1169.7908491546186,1173.744477915927,1154.1521152926475,1160.3460693359375,2254936
2018-07-26,1170.097951715751,1183.3645456910328,1136.2285032110583,1147.386474609375,7489743
2018-07-27,1154.1958082268202,1159.291638548623,1142.5985418207536,1152.218994140625,1785314
2018-07-30,1153.1414670885106,1156.655802988209,1134.427585523009,1138.07373046875,3090391
2018-07-31,1142.1151735396816,1151.340305100597,1128.9803862644612,1144.179931640625,2304148
2018-08-01,1147.4310176714175,1149.934961306112,1135.9654504374842,1140.40234375,1924210
2018-08-02,1137.2392984288072,1139.479623569725,1124.587665739431,1126.6962890625,1415162
2018-08-03,1129.15628840489,1140.1385901021404,1127.2674183121949,1133.37353515625,1279748
2018-08-06,1136.8879376610364,1141.9837688438342,1129.6835902292637,1133.7689208984375,842106
2018-08-07,1139.2598390372077,1149.1878812164396,1135.4380200563617,1138.0299072265625,1458197
2018-08-08,1140.0945751393044,1149.890808413283,1133.5051949885155,1140.6217041015625,1308818
2018-08-09,1142.115326097282,1145.5857975450806,1127.0037228976246,1128.7169189453125,1035908
2018-08-10,1126.6523366167314,1138.117902402274,1108.7731710375267,1111.1014404296875,1784956
2018-08-13,1110.9696842784062,1123.533480823877,1099.9873821404228,1114.96728515625,1627092
2018-08-14,1124.8440119535917,1127.1129434799543,1112.3422416045405,1115.1451416015625,2146242
2018-08-16,1110.384831247334,1123.50942131102,1090.898130039247,1095.925537109375,2292161
2018-08-17,1102.4652308537914,1110.2955358278216,1095.7471789375231,1103.488525390625,1750983
2018-08-20,1156.7432668587896,1185.1279887461726,1140.72682162536,1177.83154296875,11227838
2018-08-21,1187.886347379118,1187.886347379118,1170.0902972311162,1176.808349609375,3057182
2018-08-23,1182.725661423878,1213.6018791371275,1173.3827334212085,1203.0577392578125,8248115
2018-08-24,1204.5259422483125,1212.8011512914647,1193.2254907423728,1194.9161376953125,3506532
2018-08-27,1205.6823717989398,1215.4701991714774,1197.1402896338734,1206.6611328125,2595682
2018-08-28,1212.2224757740707,1215.470276787865,1203.0130411546072,1206.21630859375,1889337
2018-08-29,1207.284011706486,1207.284011706486,1196.5173151301594,1202.612548828125,1435495
2018-08-30,1202.2567663949103,1212.7119466116787,1195.8946562839897,1198.1636962890625,2288925
2018-08-31,1200.299130595963,1222.5887283706352,1200.299130595963,1218.629150390625,3549583
2018-09-03,1223.478534163925,1236.8255727184403,1210.2204541427438,1212.8009033203125,2347852
2018-09-04,1214.580743316846,1220.4534196927002,1204.8818717014583,1209.5089111328125,1517216
2018-09-05,1208.2629245376154,1213.6017399267334,1193.5811822175406,1199.453857421875,2413590
2018-09-06,1201.055486078917,1206.2162755287131,1191.2676583496632,1198.6529541015625,1586350
2018-09-07,1200.343492723794,1207.4619122506958,1193.2250731968925,1199.0087890625,1307928
2018-09-10,1199.2313311325129,1203.0129917945887,1187.886349146284,1189.488037109375,1228247
2018-09-11,1193.7146485795668,1199.231380915278,1180.5900610310596,1183.1259765625,1617176
2018-09-12,1187.8863799591827,1206.5276995531003,1174.9842432480154,1203.2354736328125,1319469
2018-09-14,1206.572116978729,1216.5378609282184,1201.722737094599,1209.1080322265625,1462192
2018-09-17,1202.6127126710214,1204.614768463077,1191.979506737682,1196.56201171875,912431
2018-09-18,1195.7167301618774,1201.366954725306,1179.210849135566,1181.56884765625,1501479
2018-09-19,1186.0621251464677,1195.004683162567,1179.8780416035472,1186.0177001953125,867001
2018-09-21,1194.2930652760658,1203.4135423766584,1165.2410958455528,1183.1705322265625,2309530
2018-09-24,1186.3739037054722,1191.2678182269,1158.7900218574257,1173.0712890625,2425415
2018-09-25,1170.9801505840735,1185.8398096554938,1163.861730215781,1173.694091796875,2684511
2018-09-26,1182.5474873338255,1189.487990074819,1164.751437863038,1185.7952880859375,2846089
2018-09-27,1189.5325031551552,1189.6659952597693,1153.628992411586,1165.5523681640625,3847372
2018-09-28,1169.6454980082128,1171.603020247864,1112.3867233859,1131.9178466796875,4301355
2018-10-01,1133.6084069193066,1133.6084069193066,1083.3790982704668,1110.5625,4955435
2018-10-03,1109.6726636056978,1122.9307424309934,1091.476246131759,1108.2044677734375,4302314
2018-10-04,1119.3715513002444,1150.4256804487225,1113.3653843914394,1119.2825927734375,7398229
2018-10-05,1119.3716131928627,1128.0026545212836,1081.866413809327,1092.1436767578125,4206887
2018-10-08,1094.4571378867747,1106.9143736025592,1070.5214275377512,1081.4215087890625,3957900
2018-10-09,1088.0506848551054,1099.8405695448764,1081.5105487173132,1086.4935302734375,2559815
2018-10-10,1091.7878114164266,1126.401154952755,1088.8514193319718,1112.8316650390625,4134413
2018-10-11,1094.4572289854289,1100.6858473617683,1085.648161272337,1090.7645263671875,3942878
2018-10-12,1089.8301473452575,1107.8041144291706,1084.4467987634953,1099.1285400390625,2773440
2018-10-15,1094.457127821283,1100.5078285606928,1075.2374146173845,1082.3558349609375,2945137
2018-10-16,1085.5590519174352,1093.522740859114,1081.5994742328292,1089.6966552734375,2336499
2018-10-17,1100.3745458393591,1101.5757577772104,1075.50449486061,1078.3519287109375,1746801
2018-10-19,1067.76313512137,1078.35180793502,1055.3058985449538,1073.146484375,2006965
2018-10-22,1080.2203028246238,1084.3579064331084,1067.852025574353,1073.6357421875,1452784
2018-10-23,1064.1148772451832,1075.8158023471767,1052.191501508621,1068.3858642578125,2109820
2018-10-24,1077.7287776342307,1087.605672582184,1071.411201414002,1084.580322265625,1484693
2018-10-25,1074.8812717296933,1078.4850148049766,1063.4473329055972,1069.14208984375,3063065
2018-10-26,1068.296795915517,1079.3303679796445,1060.0216983312682,1065.493896484375,1101325
2018-10-29,1068.6528469683728,1125.1553080695317,1066.205889991551,1122.3079833984375,2140956
2018-10-30,1119.7277995782968,1137.746305221618,1110.6962799642406,1131.1617431640625,1957735
2018-10-31,1126.4898996342124,1160.3023926722062,1111.5411750542405,1154.5186767578125,3117499
2018-11-01,1190.066253001438,1231.4866008338042,1175.9629057777204,1180.54541015625,8903105
2018-11-02,1192.335542558609,1218.8961297493702,1192.335542558609,1208.5299072265625,2665756
2018-11-05,1208.6188559184077,1214.580489599454,1195.4942682102817,1201.366943359375,1457946
2018-11-06,1201.3669988372014,1218.851641603212,1201.2780403011404,1213.5572509765625,1616734
2018-11-07,1219.0295251183616,1219.0295251183616,1213.379300503005,1215.42578125,255086
2018-11-09,1215.4255712010895,1227.0375362203922,1210.1312902536138,1217.7835693359375,1247358
2018-11-12,1221.6100259897291,1231.931714550457,1211.9111558091167,1216.5380859375,2174698
2018-11-13,1213.6906936017551,1241.274573001795,1208.5297952988733,1237.8043212890625,2068670
2018-11-14,1240.3847038937497,1243.943913947964,1227.0376661904452,1232.1094970703125,1364551
2018-11-15,1235.0458677126162,1252.8419176796567,1233.3552212420536,1244.3887939453125,2890196
2018-11-16,1248.1706442656316,1258.180923893497,1238.160364637766,1244.87841796875,1732865
2018-11-19,1245.723637006359,1263.3861968502172,1241.3191575943365,1261.0281982421875,1932311
2018-11-20,1254.8440892518777,1266.278030688534,1252.575049224027,1257.3800048828125,1889461
2018-11-21,1254.6217478787007,1257.9585078464631,1239.7175533560282,1247.59228515625,1320423
2018-11-22,1250.1726219532306,1263.0747593328192,1242.342315820296,1254.755126953125,1723570
2018-11-26,1254.79960211948,1272.417737314302,1254.79960211948,1265.29931640625,2630117
2018-11-27,1263.030306924082,1275.9769787119635,1259.3821378439304,1273.8414306640625,1956946
2018-11-28,1273.8412894474784,1275.9768372586352,1244.8337484831454,1248.7489013671875,1390580
2018-11-29,1257.8693877467058,1277.311551604734,1252.3970803787274,1265.6995849609375,2816724
2018-11-30,1268.1020631483505,1279.669495726339,1254.6215334587696,1274.64208984375,2018571
2018-12-03,1276.9112905185611,1281.2712364523506,1256.4012967244964,1270.1932373046875,1115862
2018-12-04,1266.233563822231,1272.1951974673614,1259.0706098383048,1263.4306640625,1061729
2018-12-05,1256.4011170115843,1262.6297344471943,1236.069151820466,1241.0965576171875,1582751
2018-12-06,1234.8680709185658,1243.0987448298702,1220.8536802047229,1227.482666015625,1574405
2018-12-07,1234.156047694882,1249.2826899521372,1220.8979689339471,1245.634521484375,1185686
2018-12-10,1223.2115502379925,1233.6223054840912,1208.529807824514,1217.0274658203125,1657418
2018-12-11,1208.3518469119592,1218.8959852662515,1195.5832022120996,1211.377197265625,2302505
2018-12-12,1217.7839128369228,1252.5307505591927,1215.025546282718,1245.99072265625,1751549
2018-12-13,1257.9138066835164,1271.5278289856865,1251.0623705765397,1269.2587890625,1863210
2018-12-14,1266.5893648601557,1271.12744464711,1250.2170852419836,1255.8673095703125,2189734
2018-12-17,1241.6306711342927,1267.4349486410342,1241.3192619225645,1252.8421630859375,1610515
2018-12-18,1250.1726468159345,1272.4177117058978,1250.1726468159345,1271.0830078125,1568498
2018-12-19,1273.307649092966,1279.536267921513,1269.2145784436193,1276.6444091796875,2073536
2018-12-20,1272.9514610670678,1292.8830592024167,1266.411434280688,1290.925537109375,2782410
2018-12-21,1290.925616008736,1298.8447720115244,1259.2485575236694,1263.5196533203125,1975704
2018-12-24,1270.2819372266908,1271.2606981836132,1245.7234116913255,1249.9945068359375,1390194
2018-12-26,1244.6557953216457,1274.1971952272925,1231.7536589174586,1265.8775634765625,1712084
2018-12-27,1271.7057773288466,1276.288282243836,1253.286907754919,1268.01318359375,1872745
2018-12-28,1269.3477978972846,1288.4340180459506,1269.125347272622,1280.78173828125,1918767
2018-12-31,1285.7646052574596,1290.213617732399,1273.4852873792397,1279.1356201171875,1487860
2019-01-01,1285.764469234582,1285.764469234582,1268.1463382502825,1283.006103515625,786846
2019-01-02,1282.2055141699184,1285.6757659458438,1260.9392108440984,1268.41357421875,2058504
2019-01-03,1268.8585394965278,1271.5279473636313,1237.7154477136537,1241.274658203125,2290756
2019-01-04,1247.4139509303868,1252.4857809379444,1222.1880757334625,1235.0902099609375,2711485
2019-01-07,1243.0543115836235,1253.3760006790883,1227.0823973410218,1231.3089599609375,1851513
2019-01-08,1234.6010066076233,1240.2512309321871,1223.4784750165636,1229.885009765625,1437271
2019-01-09,1236.38068854858,1239.9844324555772,1220.809143352754,1233.3109130859375,1413005
2019-01-10,1235.045967984899,1244.7448377280728,1230.8194057745764,1239.1390380859375,1063647
2019-01-11,1239.4949859457815,1240.2958299863124,1211.0658371455293,1218.673583984375,2489197
2019-01-14,1216.538076376985,1216.538076376985,1184.3272655692267,1186.90771484375,3080984
2019-01-15,1192.3352644821823,1199.4536839716284,1183.4372401203752,1193.1361083984375,3079248
2019-01-16,1194.915887080457,1211.4661930770949,1188.7762276540573,1194.24853515625,2454470
2019-01-17,1196.8736163859246,1202.835359778221,1189.621702497633,1197.718994140625,1610419
2019-01-18,1201.9897262922111,1203.013020925717,1168.3107222451674,1172.6707763671875,2135781
2019-01-21,1138.0575372692615,1189.888539259828,1133.119089340364,1169.6900634765625,8813681
2019-01-22,1171.7809916270285,1175.8740616047196,1155.0526603565825,1157.7666015625,2544978
2019-01-23,1157.6330795786475,1162.882936175143,1151.004094245974,1158.033447265625,1821323
2019-01-24,1161.1922062530798,1161.6816410517597,1145.1757620288993,1152.6055908203125,1654706
2019-01-25,1156.7435481594916,1169.289744919676,1140.2821976664527,1143.796875,3136788
2019-01-28,1152.6947856316333,1190.4669728409394,1149.3136007733915,1157.143798828125,8004136
2019-01-29,1160.302365683501,1164.573460783708,1128.4473953254808,1137.2120361328125,3685535
2019-01-30,1142.7734010360416,1164.7514794701765,1139.8370093210815,1151.8048095703125,2385425
2019-01-31,1160.302640742152,1176.0521039980829,1153.673654531932,1169.4676513671875,5852257
2019-02-01,1170.535264737115,1187.4860469098892,1168.310758342708,1178.6324462890625,2515736
2019-02-04,1180.6344970878215,1180.6344970878215,1159.0567851526523,1163.327880859375,2308931
2019-02-05,1166.264077162126,1177.208691208046,1156.7432339912773,1160.8363037109375,1447400
2019-02-06,1163.8618818646555,1176.31911913232,1150.5593755155096,1169.556640625,2034886
2019-02-07,1169.2005500110104,1175.2956757512236,1147.133403336624,1153.2286376953125,1556295
2019-02-08,1152.2941836966886,1155.7644350083483,1117.191520158102,1122.708251953125,2993525
2019-02-11,1120.2614482660829,1120.2614482660829,1086.4489502246918,1109.138916015625,2981408
2019-02-12,1107.359303058146,1125.5112972867723,1104.7344289129126,1109.4503173828125,1571390
2019-02-14,1084.6694958155915,1096.014480287822,1068.742005695585,1092.32177734375,6974738
2019-02-15,1106.9142472486062,1115.7233132229107,1095.2578568831052,1106.1134033203125,3620228
2019-02-18,1107.8042763157894,1120.7509480526571,1103.3552631578948,1107.359375,2186849
2019-02-19,1107.8041328894835,1130.0491957989111,1107.8041328894835,1119.6385498046875,2389086
2019-02-20,1125.6001789338138,1141.305215011802,1124.888293476033,1135.87744140625,2433082
2019-02-21,1140.726773439454,1149.179896955581,1125.6890898818085,1142.5953369140625,2392129
2019-02-22,1140.7271073706786,1141.9728529245804,1126.0453622290124,1139.2589111328125,2390188
2019-02-25,1139.258627917519,1144.6864015332335,1124.71037852657,1135.2545166015625,5873730
2019-02-26,1124.53253727589,1134.4982826644532,1114.9226260223998,1126.3565673828125,2417931
2019-02-27,1130.5387742201551,1152.2944050613717,1128.269734067814,1143.12939453125,3555914
2019-02-28,1150.5148704956623,1159.3683637547094,1132.9858010669843,1150.4703369140625,9321535
2019-03-01,1157.0104463880907,1167.3765605194158,1154.296504817978,1164.351318359375,2831577
2019-03-05,1158.5228817791417,1165.9972446756046,1136.3223523383665,1161.9041748046875,3948051
2019-03-06,1166.0862783607245,1181.2574557616074,1166.0862783607245,1171.8699951171875,2776738
2019-03-07,1177.9649922159165,1207.7289503629984,1165.641249583328,1203.368896484375,6207580
2019-03-08,1201.233275597376,1212.8007071401653,1189.6658440545864,1191.8013916015625,4868283
2019-03-11,1195.4942885741427,1202.1232742854686,1192.33544599743,1198.1636962890625,2661353
2019-03-12,1205.6825922323417,1248.3931194848526,1205.6825922323417,1235.846923828125,6631152
2019-03-13,1241.8976116089525,1243.5438335340953,1221.5656412010776,1226.6820068359375,2241672
2019-03-14,1232.109679843382,1242.1644931854728,1225.2582429200545,1227.7052001953125,1838850
2019-03-15,1233.2663262159303,1255.3334727586705,1226.6817656653973,1242.6092529296875,5723980
2019-03-18,1243.054258212391,1256.1343132587142,1219.3409967024666,1226.9488525390625,2450686
2019-03-19,1219.919340191936,1223.434016944222,1198.1191769281122,1208.307373046875,4053209
2019-03-20,1211.9110579459543,1229.707108723428,1211.0212554070808,1219.830322265625,3871744
2019-03-22,1227.0375911282442,1259.07047965661,1224.5461007953188,1241.0074462890625,3788604
2019-03-25,1234.1558745900104,1235.9354793118416,1219.1181929668455,1225.035400390625,1666203
2019-03-26,1227.7496140049711,1235.7578370336842,1217.0274497246926,1221.52099609375,2021089
2019-03-27,1227.0377936919183,1237.8043835009792,1212.934444110309,1215.8707275390625,2558997
2019-03-28,1219.9194241717712,1239.0501810059748,1213.690805667612,1233.8892822265625,3184285
2019-04-01,1236.9146073431457,1267.0789380556675,1236.9146073431457,1256.5792236328125,3842703
2019-04-02,1259.15959193578,1269.7037306402271,1248.837903873277,1254.399169921875,2737093
2019-04-03,1254.0879192549737,1259.0707925406232,1223.4786853309945,1226.192626953125,2366304
2019-04-04,1232.2875468365385,1240.2957696150895,1215.2032730712122,1217.8726806640625,1980318
2019-04-05,1222.3662330274024,1239.272481200302,1219.2964577276073,1222.4107666015625,2037782
2019-04-08,1227.660461615245,1233.9781462384713,1214.9807760334932,1222.2772216796875,1013017
2019-04-09,1224.2792990003118,1234.1560851680129,1215.4702324005086,1223.6563720703125,2209945
2019-04-10,1219.0295759833489,1229.7072073058307,1214.5805629323147,1220.4088134765625,2014958
2019-04-11,1220.4974815715943,1235.0011954954211,1220.4974815715943,1226.147705078125,3110225
2019-04-12,1227.927580884699,1229.5736939614642,1208.6189080239767,1210.932373046875,2751659
2019-04-15,1214.5805482773278,1217.2499560757394,1204.7927196831515,1207.3731689453125,1933204
2019-04-16,1210.1315423796675,1237.626464588314,1210.1315423796675,1229.17333984375,3217456
2019-04-18,1234.1561227051147,1234.689982505301,1207.817989250676,1210.7542724609375,2594906
2019-04-22,1211.911005480083,1219.830269456914,1203.4578817267345,1210.264892578125,3101477
2019-04-23,1211.6439245930458,1214.5803160572718,1189.3099053401536,1199.631591796875,2016454
2019-04-24,1203.9029491465665,1213.2013431112805,1201.233541277062,1210.7099609375,1753395
2019-04-25,1216.2265641026377,1228.4169239116266,1203.1465103838073,1205.81591796875,2886022
2019-04-26,1208.5299072265625,1216.3602139385212,1202.123371639314,1208.5299072265625,1767153
2019-04-30,1214.580445378527,1215.9151491646574,1192.3353822763563,1199.9432373046875,1905624
2019-05-02,1200.7439582173497,1224.8131596513483,1194.114972940145,1209.0191650390625,1985540
2019-05-03,1211.911054462464,1221.8767994218144,1210.131449389832,1213.334716796875,1239667
2019-05-06,1204.169954806314,1214.447110115674,1201.1446041100162,1203.635986328125,1515052
2019-05-07,1207.8180103289772,1222.9001201944343,1201.233449695838,1216.004150390625,2596385
2019-05-08,1213.6017135777863,1219.9192899273842,1205.682449198837,1210.44287109375,1601700
2019-05-09,1207.4619689925466,1217.9616817355209,1190.1997791049214,1206.9725341796875,2464425
2019-05-10,1209.820143972319,1212.356059694589,1196.8734725113063,1206.12744140625,1466154
2019-05-13,1196.7843179325469,1205.6823426011902,1167.420836526023,1172.4482421875,3422913
2019-05-14,1164.7515659988433,1199.1424571082189,1143.6632885033982,1193.9371337890625,3132767
2019-05-15,1199.008742003695,1205.6822600482426,1174.9840770433243,1179.7000732421875,2054728
2019-05-16,1179.8782398979436,1199.4538969701568,1164.128777428146,1189.799560546875,2058450
2019-05-17,1187.886432663466,1220.3642265153137,1185.7064598112124,1211.8221435546875,2776586
2019-05-20,1245.7236071351738,1294.6627488440556,1245.7236071351738,1291.50390625,6210427
2019-05-21,1294.662575950674,1300.9357267248308,1279.4024420774597,1289.4127197265625,2961180
2019-05-22,1290.302626277267,1311.0350686615727,1282.7393047766757,1300.0904541015625,3304912
2019-05-23,1313.5265806083726,1390.2276314139344,1304.4506373565596,1313.4376220703125,10485813
2019-05-24,1328.475224703366,1378.4820852267248,1326.1172261910142,1373.9886474609375,5626500
2019-05-27,1373.588160850892,1423.6840881500625,1363.2664729354992,1420.1248779296875,6730594
2019-05-28,1420.1250195374523,1429.9128486194777,1391.028516531918,1400.9942626953125,4987068
2019-05-29,1397.168019822058,1420.9702397255464,1375.8127571049092,1381.3740234375,3070738
2019-05-30,1379.1940328245869,1396.4116914461524,1370.296006806364,1386.8463134765625,2675199
2019-05-31,1396.945574929574,1407.2228386019774,1365.66909984089,1385.912109375,3945900
2019-06-03,1391.384436041401,1396.9902364887212,1375.990914530169,1387.558349609375,2617068
2019-06-04,1388.9818276362264,1410.337089560166,1386.312419895734,1396.8121337890625,3854101
2019-06-06,1396.6786972266036,1398.5917945737394,1345.0256119463534,1348.851806640625,3268594
2019-06-07,1351.2099700052331,1364.6903943793118,1330.6999737692154,1347.02783203125,2572146
2019-06-10,1356.9489030443322,1372.0755465536788,1353.656677022041,1363.2664794921875,1608705
2019-06-11,1370.4736998963272,1370.4736998963272,1354.2793386372748,1356.325927734375,1745105
2019-06-12,1356.1478706192297,1357.7495584509834,1337.9958792060183,1342.934326171875,1495586
2019-06-13,1342.7120907964031,1360.5081423642812,1338.796937727774,1350.3199462890625,1828211
2019-06-14,1353.389594152014,1370.2068830219755,1346.315707768035,1358.1055908203125,1854211
2019-06-17,1361.3980066396475,1367.626624970679,1330.477365639172,1333.5916748046875,2048759
2019-06-18,1334.703924560825,1352.455443310091,1332.7464022521958,1339.419921875,2098714
2019-06-19,1347.116451713392,1361.3978252888096,1332.0343427825803,1339.2862548828125,2140698
2019-06-20,1342.934445983357,1390.7613311724276,1340.976923897425,1385.511474609375,3483179
2019-06-21,1388.0918644209694,1396.9453556216524,1361.3977901051817,1370.0733642578125,3028524
2019-06-24,1375.1896578165558,1391.1615680138218,1367.7598292375833,1371.185546875,1941777
2019-06-25,1375.4565890245408,1380.9733204397394,1353.47840464286,1365.8466796875,2384122
2019-06-26,1364.0674758782852,1391.4289076351397,1360.5082652432477,1380.2618408203125,2789166
2019-06-27,1388.0920549772125,1396.055744793952,1370.8743964035953,1379.994873046875,3763146
2019-06-28,1384.7106673819262,1400.4602374891876,1377.102920846552,1382.041259765625,3002811
2019-07-01,1391.1617984196237,1396.100246179505,1381.196052984153,1385.1112060546875,1537022
2019-07-02,1388.0918603216176,1393.3861415978936,1381.8632429996617,1391.517578125,1294135
2019-07-03,1392.540987404569,1409.3582772828622,1388.2698917274397,1404.1529541015625,2800104
2019-07-04,1408.5130876162182,1415.320099739257,1395.4330318648806,1398.5028076171875,1981745
2019-07-05,1406.777828737781,1416.2542476000324,1375.2343718507282,1386.623779296875,3693134
2019-07-08,1379.1048450061592,1380.306056595217,1300.4908199287645,1326.1170654296875,4697122
2019-07-09,1322.7805752693878,1368.872395202886,1321.6683219758042,1358.3726806640625,4329323
2019-07-10,1355.8811787879556,1361.0419684436026,1319.3102068278793,1334.303466796875,2823544
2019-07-11,1345.3813422150536,1346.2266111189267,1325.8946462886424,1330.4326171875,2156264
2019-07-12,1333.8140842105,1333.8140842105,1300.891388336058,1305.2069091796875,3495971
2019-07-15,1308.899630255576,1311.5245044895248,1274.1083701689438,1281.849609375,3950399
2019-07-16,1283.095157370626,1302.6708116439645,1269.6591618430734,1300.1793212890625,3654380
2019-07-17,1300.0015580750087,1308.4992160875036,1291.9933349246494,1295.0631103515625,2225647
2019-07-18,1285.586746900724,1294.6181557424147,1274.197230997491,1277.0445556640625,2342881
2019-07-19,1287.010452169088,1287.3663949189022,1247.5921550790458,1256.0008544921875,3199700
2019-07-22,1254.2656036333988,1262.629768999514,1240.3847061207346,1249.0157470703125,2646126
2019-07-23,1258.8926324846686,1258.8926324846686,1233.4441938465604,1254.1766357421875,4013444
2019-07-24,1271.0762401419213,1280.044257532556,1240.3414989565254,1250.4361572265625,5434450
2019-07-25,1257.4213017412533,1264.4515846763434,1233.8970627254073,1236.9615478515625,4181824
2019-07-26,1235.6095570011305,1259.35912376815,1228.5792741902258,1254.762451171875,3019850
2019-07-29,1255.9341607418887,1260.035177611192,1226.2359507439392,1236.150390625,1987927
2019-07-30,1240.2065351498384,1255.6640731994746,1236.8717214702638,1240.52197265625,2714475
2019-07-31,1236.285668659691,1259.9901282220874,1232.184651594266,1250.3912353515625,2693653
2019-08-01,1243.8116030117717,1249.2194795466055,1206.8577800237408,1224.02783203125,2774996
2019-08-02,1219.1154910674431,1241.0174328793446,1207.7589734708538,1235.023681640625,2776965
2019-08-05,1221.2786043893427,1224.7036363667771,1194.2392256943758,1212.986572265625,2287548
2019-08-06,1210.1925019918249,1261.2969974080902,1207.8041113877905,1241.5582275390625,4152548
2019-08-07,1243.8115896111217,1252.734607802168,1219.3409265499365,1225.8304443359375,2247223
2019-08-08,1234.7985909408785,1236.6012166210842,1207.8493150170957,1226.371337890625,2788577
2019-08-09,1236.6011330551223,1255.0780450286136,1226.7768017571937,1229.931396484375,2419380
2019-08-13,1234.7984224788215,1234.7984224788215,1178.0157212991387,1183.64892578125,3135817
2019-08-14,1189.732627838842,1208.6150827333952,1186.1273774514516,1202.08056640625,2798429
2019-08-16,1203.252455028026,1207.6689092646686,1190.183420872291,1203.477783203125,2654524
2019-08-19,1206.8577210964988,1226.6414911110382,1206.8577210964988,1218.7550048828125,2509331
2019-08-20,1219.4311260561258,1221.7746273882117,1202.3512922631517,1210.012451171875,2145169
2019-08-21,1208.8405796561078,1209.471564576103,1174.0049309431415,1181.3055419921875,2361165
2019-08-22,1173.5092217907934,1196.447587685049,1156.5194981497573,1166.5240478515625,3780476
2019-08-23,1162.6932904880612,1169.408025559381,1148.272288435496,1159.5386962890625,5252370
2019-08-26,1180.7195782325016,1210.64311437372,1150.570713927499,1202.03564453125,3759248
2019-08-27,1212.130392944413,1243.7664475019371,1211.0488616867383,1223.0362548828125,5431422
2019-08-28,1227.6780585832146,1234.7984512190374,1204.2439273921964,1211.9501953125,2272465
2019-08-29,1207.6690036048192,1221.2788044392514,1200.7739389034632,1209.96728515625,2421312
2019-08-30,1212.2207042078458,1222.9914590514427,1174.3205639224548,1197.1688232421875,3715119
2019-09-03,1196.041951672643,1196.041951672643,1162.693381806865,1166.6591796875,3617815
2019-09-04,1168.1014167640174,1184.595485408295,1164.8567126110472,1178.9622802734375,2786181
2019-09-05,1183.2885711199676,1205.9566116470403,1179.5031011017934,1190.00341796875,2758679
2019-09-06,1197.3488462454625,1202.351175881667,1190.0482351732248,1197.5291748046875,1694661
2019-09-09,1198.7458566259445,1227.4076436734763,1192.481777549976,1223.081298828125,3508361
2019-09-11,1229.3906327810143,1247.236669846926,1222.1801305359645,1229.0751953125,2545642
2019-09-12,1234.8886731054286,1243.5863638261517,1221.5943090058197,1227.9486083984375,2249695
2019-09-13,1227.5880379057678,1232.0494922720022,1211.4545167244723,1228.8948974609375,1771658
2019-09-16,1220.37758176308,1223.0364106238276,1206.4973420632823,1211.00390625,1835805
2019-09-17,1211.3643869118914,1212.2656996997723,1180.8999706721045,1184.0545654296875,2210178
2019-09-18,1189.8230327705942,1197.3039731928832,1183.694171603085,1187.9302978515625,2081625
2019-09-19,1189.732781722281,1189.9130002555564,1169.9039020269097,1172.33740234375,1808736
2019-09-20,1176.2133036663124,1276.664579728627,1161.8824069272785,1272.203125,9975807
2019-09-23,1308.7060709795142,1397.936030364481,1307.8047582584538,1377.656494140625,12082820
2019-09-24,1373.6007601272702,1373.6007601272702,1329.9321972940572,1335.11474609375,3831602
2019-09-25,1334.754130233539,1335.475114450078,1303.884167233446,1306.99365234375,2746428
2019-09-26,1312.5818235329805,1347.4625835251902,1312.5818235329805,1342.82080078125,3560962
2019-09-27,1337.5934706436003,1344.4884263993995,1317.7194769308128,1327.3184814453125,2167976
2019-09-30,1327.6334910594103,1337.547929892848,1305.2808940437096,1328.7601318359375,2961398
2019-10-01,1333.9429114008274,1348.769462589079,1297.1243064253151,1319.5670166015625,2578275
2019-10-03,1302.8024293072535,1329.8869205982478,1281.8920181774706,1314.1590576171875,1966976
2019-10-04,1319.3416044139103,1328.534950154552,1279.954172509867,1284.280517578125,3266487
2019-10-07,1279.8641241296646,1287.975939000909,1244.7580360018585,1259.9000244140625,2192329
2019-10-09,1262.7391674312555,1291.9417226442215,1261.0266511952009,1285.497314453125,1818865
2019-10-10,1282.5682024947023,1290.6800182518718,1268.192306356691,1284.4609375,1626821
2019-10-11,1289.7785753726278,1306.9035180225787,1280.0443534358749,1286.80419921875,2024214
2019-10-14,1293.3836208115938,1297.8000746922387,1278.3767435549655,1283.424072265625,2220364
2019-10-15,1288.0661160784005,1302.2167932239372,1280.4500668355568,1290.9052734375,1797471
2019-10-16,1297.8905680152457,1299.5129752346834,1276.4843867719387,1283.6497802734375,2446615
2019-10-17,1287.0746035725076,1296.6284966923597,1280.0443201318176,1283.7847900390625,2304434
2019-10-18,1287.074738090135,1313.2128105023298,1284.7313467061638,1304.9207763671875,3516394
2019-10-22,1305.551487429098,1322.9468671011814,1297.1242354210576,1300.188720703125,2858390
2019-10-23,1302.3969180273752,1305.912059741636,1278.6022395272212,1290.4996337890625,2410781
2019-10-24,1315.916703940478,1322.225893616905,1285.5875058483757,1290.9052734375,3646005
2019-10-25,1297.8451864079425,1299.4224836427288,1279.954151206644,1284.37060546875,2013793
2019-10-27,1294.915970868121,1296.9439245351873,1287.8406878566166,1292.843017578125,398258
2019-10-29,1293.8344958878654,1320.2430043553172,1289.7785883772451,1316.9080810546875,3351491
2019-10-30,1324.8844435552794,1344.7133212221545,1320.4229900896378,1328.7601318359375,3722066
2019-10-31,1334.8441028617513,1339.8013226900698,1322.451053290955,1327.6787109375,2210277
2019-11-01,1330.968566369089,1334.8893650638474,1302.3969946481593,1306.36279296875,2287220
2019-11-04,1313.9339145799124,1323.1272616253862,1306.9036303520504,1308.886474609375,1459894
2019-11-05,1311.409992181328,1315.5560086398768,1290.6797998650595,1297.7100830078125,2401916
2019-11-06,1297.8902910482782,1322.1806243609185,1295.8623374685153,1309.6524658203125,2434431
2019-11-07,1315.8714311992728,1315.8714311992728,1289.778472566611,1293.4288330078125,1999085
2019-11-08,1288.831949856025,1305.1006868192198,1279.8639332066934,1282.56787109375,2217408
2019-11-11,1279.1430002742868,1289.5532064606125,1269.093451213231,1277.16015625,2097492
2019-11-13,1278.4670524724036,1279.728912353013,1251.9685450972663,1255.5286865234375,2929404
2019-11-14,1259.133933363906,1267.2006386054647,1241.0625684067868,1244.2171630859375,3000518
2019-11-15,1247.0564932749244,1255.258418573659,1231.3736269757185,1241.6937255859375,3409434
2019-11-18,1251.022035100426,1256.2496928011772,1226.9119202308752,1229.8411865234375,2733161
2019-11-19,1229.8411326051391,1242.1890721184068,1227.137194607473,1230.9677734375,2396206
2019-11-20,1236.6011184709669,1255.84412407512,1230.6073665553045,1244.53271484375,3914075
2019-11-21,1266.3443691549423,1277.971325225198,1248.3181147897474,1255.2581787109375,5719318
2019-11-22,1256.204649195172,1260.891431500246,1235.6997840692954,1242.5948486328125,2363205
2019-11-25,1242.4595738496453,1251.923357328369,1235.7898377742204,1244.57763671875,2956576
2019-11-26,1243.2256990251346,1243.8115743075934,1225.3797728861418,1228.4892578125,4853977
2019-11-27,1230.292099496034,1234.7986639630524,1184.4603608711657,1203.703369140625,7904745
2019-11-28,1211.3644831010977,1220.3776116956,1196.2223830529172,1216.6822509765625,4503913
2019-11-29,1216.7721878415753,1216.9524063785116,1196.9433077434162,1199.24169921875,2515083
2019-12-02,1199.2416492594532,1210.372839027954,1190.048193764636,1201.7652587890625,3044008
2019-12-03,1201.8554653710946,1201.8554653710946,1180.7197249904116,1183.6038818359375,3068849
2019-12-04,1180.719686718805,1182.5223121947115,1155.6181489715111,1158.2769775390625,10230371
2019-12-05,1166.298732369782,1183.4236751170974,1158.3221363053444,1173.689453125,6644324
2019-12-06,1179.6831800314887,1179.818398949749,1156.474376538016,1163.41455078125,3302384
2019-12-09,1166.2985790097227,1170.7150330369516,1146.2894820191177,1150.074951171875,3038475
2019-12-10,1150.976183404393,1157.2853715671422,1142.098276351512,1152.77880859375,2759100
2019-12-11,1156.3390565159682,1161.566714059066,1131.1474111690611,1139.5296630859375,3949135
2019-12-12,1144.6672222168168,1156.2490693502884,1143.0448152152858,1153.409912109375,3264836
2019-12-13,1160.8458979173602,1178.9172654530273,1158.4575067668927,1176.4837646484375,3655956
2019-12-16,1184.7306326629562,1187.930337292546,1171.7067059789908,1174.41064453125,3969819
2019-12-17,1179.9985237680291,1194.2393082073822,1175.1315232854724,1187.885009765625,3719446
2019-12-18,1194.014083584418,1195.0956148913303,1184.865737029131,1189.14697265625,2961222
2019-12-19,1186.80356080986,1190.6341399884757,1178.1058707878276,1182.2969970703125,1936623
2019-12-20,1183.4236808113908,1196.8532632457163,1178.2862419718892,1182.1168212890625,3297390
2019-12-23,1178.8268160868645,1191.5353022223546,1176.2129874433986,1181.84619140625,3394916
2019-12-24,1184.910728082473,1188.8314162070342,1169.9038500657548,1172.6077880859375,1803814
2019-12-26,1171.391130829245,1177.7453196662132,1150.976375154031,1153.0494384765625,3723801
2019-12-27,1155.077680386789,1173.3742676584898,1153.8158202244344,1171.3463134765625,2459664
2019-12-30,1173.4189939408125,1178.19588510564,1168.5518834896418,1173.779541015625,2072838
2019-12-31,1171.7065133193178,1180.719640344851,1163.7299179064255,1170.0841064453125,3043254
2020-01-01,1179.277591836717,1188.741375452764,1174.4104811151874,1180.674560546875,3123998
2020-01-02,1182.5222540350894,1214.9695110055643,1181.620941341465,1212.5360107421875,4335359
2020-01-03,1212.2205154539754,1212.2205154539754,1198.8811530283294,1203.297607421875,2059871
2020-01-06,1199.6472958285374,1200.5486085977548,1184.4150880240547,1186.8035888671875,2646905
2020-01-07,1196.9431944575915,1207.3082898915245,1184.0994892459798,1190.183349609375,2077893
2020-01-08,1173.5092508037048,1179.5480024781505,1156.6997452909418,1164.090576171875,4147568
2020-01-09,1181.620913046781,1189.6426178326567,1176.3031462770305,1186.2626953125,2067779
2020-01-10,1188.8314550484774,1204.1086613522386,1188.8314550484774,1193.8787841796875,2360798
2020-01-13,1197.8446171169894,1207.2182915054543,1197.5741792888164,1202.9820556640625,1825244
2020-01-14,1198.5656357926885,1199.6471669901837,1185.316273494012,1195.230712890625,2046500
2020-01-15,1194.7800423155434,1204.2889349056527,1189.7327134148509,1192.9774169921875,2127677
2020-01-16,1196.6729904717226,1201.359883163033,1187.3895344137238,1189.10205078125,1773135
2020-01-17,1190.2734931917496,1195.095493984487,1173.509099489461,1175.491943359375,2941837
2020-01-20,1184.2799417114525,1189.6428190312104,1177.565205178518,1180.3592529296875,2542477
2020-01-21,1175.9877574679786,1184.23479076284,1172.1120688085498,1173.8245849609375,1361576
2020-01-22,1181.6211032432673,1182.5224160603866,1164.496159718003,1166.47900390625,2449753
2020-01-23,1178.0159536171311,1207.6240602094554,1177.1146407222443,1200.8192138671875,10056067
2020-01-24,1200.5486665578164,1232.8607088895187,1200.5486665578164,1225.0643310546875,5837319
2020-01-27,1207.7591081824855,1230.2018180929708,1207.7591081824855,1215.5103759765625,2510013
2020-01-28,1217.5833867126116,1221.2787468940803,1205.9564305123831,1213.7528076171875,2352852
2020-01-29,1219.5663322446574,1239.2599949937369,1218.6650194412805,1230.9228515625,3678474
2020-01-30,1231.1479369660842,1240.9272669729503,1219.4759824736177,1234.978515625,2743506
2020-01-31,1240.1611216929457,1241.107544003881,1226.1907753370558,1234.16748046875,3939306
2020-02-03,1162.6935703627917,1175.2218409163702,1146.469939148427,1159.6741943359375,5767353
2020-02-04,1168.101208692181,1178.286085771204,1160.4851607159026,1164.2706298828125,3604309
2020-02-05,1169.8137989767874,1194.2393516357265,1167.199970089257,1180.7647705078125,4220104
2020-02-06,1192.3467039128689,1194.23943875449,1179.8635438596511,1187.5697021484375,2354458
2020-02-07,1183.4689097741734,1184.685660145827,1168.1014813077368,1170.805419921875,3053804
2020-02-10,1171.706528277896,1173.9147004179329,1147.4611942649792,1158.457275390625,3039992
2020-02-11,1164.4960871386045,1170.7601668177472,1157.285585051059,1159.8994140625,2200796
2020-02-12,1161.8823620444955,1171.5714750912173,1153.680437191049,1169.273193359375,2568696
2020-02-13,1170.80541949679,1171.5715134324755,1158.1870393020592,1164.7215576171875,1545536
2020-02-14,1167.2002302761705,1176.1682498121156,1163.2344314272789,1167.33544921875,1780119
2020-02-17,1169.00269466268,1169.7687885334267,1150.9764387696548,1153.860595703125,2155085
2020-02-18,1155.032219882387,1162.5131592683265,1141.4674197986667,1159.403564453125,2347917
2020-02-19,1169.9039077836635,1170.805220501525,1150.615793616732,1154.942138671875,1820353
2020-02-20,1153.5901944292634,1161.7020090646422,1149.4441778425532,1154.2210693359375,3034681
2020-02-24,1146.3797489420217,1146.3797489420217,1129.0294778959149,1135.3836669921875,3414064
2020-02-25,1137.6369504929264,1140.746545607849,1117.7630696453948,1119.4755859375,3133077
2020-02-26,1113.121163412752,1115.8251014615278,1086.983095607918,1091.6248779296875,5721483
2020-02-27,1092.7065562726366,1096.8525731676496,1081.5753651443993,1090.9039306640625,4003149
2020-02-28,1072.2466163967983,1078.375476404515,1047.3252996121669,1070.3538818359375,6286647
2020-03-02,1086.081854299427,1092.7064809495769,1037.0054194983786,1046.333984375,3177486
2020-03-03,1050.930575238111,1069.6779228195194,1047.370434194182,1064.720703125,3134527
2020-03-04,1068.0554795631176,1070.6241985852118,1043.720038256616,1060.529541015625,3135151
2020-03-05,1063.6393828760374,1070.0837924283264,1051.1111109536569,1065.7574462890625,2625152
2020-03-06,1034.7071619743135,1049.128167716116,1019.249624440111,1044.531494140625,3956575
2020-03-09,1023.711188427371,1023.711188427371,961.9712576361842,993.20166015625,8038295
2020-03-11,982.4308577851016,1010.3264422605072,978.6453883975412,1006.72119140625,5628125
2020-03-12,964.4046711063332,964.4497807545828,905.0081371147974,916.2294921875,9200130
2020-03-13,856.2472731688639,955.7972410768136,802.1684980213568,947.6854248046876,8117911
2020-03-16,914.156469924954,939.1678990996322,866.9727687839155,873.1016845703125,6671806
2020-03-17,876.0760134100633,905.8193348529976,847.3692236584831,862.3309936523438,4720207
2020-03-18,872.4707127398939,878.5545735983591,811.1814477953559,815.2824096679688,5586097
2020-03-19,787.6572041654408,796.7604405882715,755.0296728584555,759.896728515625,7251950
2020-03-20,765.2144917378079,791.1722868156072,749.2612457486955,779.3651123046875,6130185
2020-03-23,729.1619849723949,730.0182430522798,636.3267755136103,652.595458984375,7308612
2020-03-24,690.0210557917696,690.7065071716952,614.1644364133367,646.9747314453125,7110384
2020-03-25,637.1956943867256,708.2998486854187,604.1112257820153,699.845947265625,16122446
2020-03-26,719.9525572200948,769.8077183852777,689.2443524017788,765.8778076171875,9028497
2020-03-27,793.204458581866,813.4024061290513,742.1154536817861,765.009521484375,6573448
2020-03-30,732.062154291429,744.857248124238,722.9228015537083,729.9144287109375,4474168
2020-03-31,749.4269429185026,752.1687488072289,723.1056175431676,738.9166870117188,8045468
2020-04-01,737.4087091946982,742.4810949741525,700.5771260278348,707.705810546875,4104403
2020-04-03,723.0141710610566,723.0141710610566,697.1498140308134,707.97998046875,4268480
2020-04-07,735.7179109189009,743.0293932634365,722.9228168159635,732.65625,5768998
2020-04-08,734.8040297270184,760.394219817014,729.0462481132068,737.63720703125,6151091
2020-04-09,762.5419763407161,762.5419763407161,735.1696558203362,742.8466796875,6410296
2020-04-13,742.846615231047,797.317193647078,738.4140512521158,790.96533203125,9462711
2020-04-15,814.2706361983041,846.8523949538592,794.2097459581157,804.400146484375,10435477
2020-04-16,800.5617048600521,840.6377488396631,795.2608908284301,833.189208984375,6980512
2020-04-17,849.9598557610212,859.0992090487741,837.1647611581672,852.6102905273438,5827648
2020-04-20,859.830376592801,861.8410455437203,832.5951139876237,836.7991943359375,4958362
2020-04-21,819.7999398168868,828.5736961241278,788.726140537317,795.4435424804688,5122305
2020-04-22,797.8655557828844,809.2897475896267,776.8450428584785,779.2212524414062,6090168
2020-04-23,785.9844587613334,794.6668452243946,763.1360733322248,768.2540893554688,6321888
2020-04-24,765.8778148181053,794.2098103543359,762.3591860724479,777.9417724609375,7960368
2020-04-27,787.7665048110637,799.6019775288752,778.9013216742923,781.6431274414062,4224177
2020-04-28,789.4573362542523,793.0217063963717,778.7642816100805,783.3796997070312,3772704
2020-04-29,787.8123508635706,807.0506807578029,780.5008673288739,800.0133666992188,4837925
2020-04-30,813.5852102039469,837.8958667212956,808.0101714389842,820.3026123046875,6332497
2020-05-04,804.2630657133325,804.2630657133325,772.2753301451886,777.4390869140625,4678576
2020-05-05,786.8983166287067,794.9409363507046,763.1359981242392,764.8724975585938,4296433
2020-05-06,765.8778029938499,775.017156251533,747.2335000353021,765.238037109375,5081524
2020-05-07,761.3080815340998,764.0955729571099,749.5182942130758,752.0316162109375,3529134
2020-05-08,761.3081107302414,762.998868735316,740.2875986692624,745.7255249023438,4394509
2020-05-11,750.5236805402179,756.2814617816354,746.0910608598612,750.8892211914062,2882920
2020-05-12,746.6851684043734,748.741522907323,734.8040090539978,744.6744995117188,3024381
2020-05-13,789.3660248669611,796.9059920003543,777.3020662970936,788.6348876953125,8625444
2020-05-14,784.9790389778196,803.8974547606941,769.0765426982797,796.6317138671875,6778584
2020-05-15,806.0452292349589,808.8327206751997,780.5007270696277,790.0056762695312,5653901
2020-05-18,795.0324588129745,795.1238300437808,740.287703833865,743.349365234375,6211249
2020-05-19,755.9159527267448,762.0393311093532,723.5626727921143,727.8124389648438,5533176
2020-05-20,731.1482503742515,768.6195982059319,731.1482503742515,763.135986328125,5949898
2020-05-21,764.0042848112987,772.275388765306,747.6905049639257,749.8839721679688,4701930
2020-05-22,744.8572434332959,755.3674990154836,740.3789383071432,745.4970092773438,4607479
2020-05-26,751.1634980039076,770.1733424191618,750.3409338634112,754.4993286132812,4335209
2020-05-27,760.3484825049547,783.4253487848395,755.8244916223624,777.621826171875,5159287
2020-05-28,781.4146874110255,833.5089999050939,781.4146874110255,827.5684204101562,11481079
2020-05-29,816.327070867905,856.8143959689888,814.316401928927,852.0162353515625,10166556
2020-06-01,863.3490370404866,890.310129439221,844.476250048498,848.2691040039062,7617144
2020-06-02,854.5295041339867,870.9803395076891,834.4686131746184,864.0801391601562,7325471
2020-06-03,873.6764475381901,889.1219203975081,872.8081978603219,878.5659790039062,4651554
2020-06-04,878.3375238902483,884.6893854900279,848.6803117429525,850.599609375,5355931
2020-06-05,859.0992891361063,877.2866261870769,855.9918864157164,873.0368041992188,6071040
2020-06-08,895.1997048332531,909.3657032252034,867.3246757394152,878.6117553710938,9858804
2020-06-09,881.490726696117,886.7458554452126,867.9644934201007,871.254638671875,5117749
2020-06-10,874.6360225750446,876.9208606695457,855.1692131663307,865.0853881835938,5175923
2020-06-11,862.7549056567509,870.0663879080794,848.3147393668139,850.37109375,3602957
2020-06-12,813.4024693938084,849.8685125255744,813.4024693938084,846.6697387695312,5411314
2020-06-15,842.4656525640733,849.4572807865416,817.149630467021,822.4505004882812,4982324
2020-06-16,840.8204576235438,845.1159645961006,814.4534471076786,818.0177612304688,4661460
2020-06-17,815.8701363302463,822.3133696932163,805.2684523041765,808.6500244140625,4681085
2020-06-18,800.6073164313184,822.541763456834,798.7794458458588,819.4801025390625,5869802
2020-06-19,824.3695490431608,837.0732706151227,818.0633738606691,820.8966064453125,5409996
2020-06-22,827.1114942020806,837.1647830818849,818.8860760276953,829.3506469726562,6839642
2020-06-23,831.6811394928379,886.5172585802778,830.7672041747139,884.3237915039062,14580218
2020-06-24,894.7427082133693,904.7046258475164,870.066453747832,873.3109130859375,11985132
2020-06-25,868.1472392882989,881.7648429733533,855.6719990454155,861.9324340820312,7508087
2020-06-26,872.8083256975956,892.0923407378283,859.5562621137054,879.388671875,6554103
2020-06-29,868.238577217425,873.8135605056307,849.9598703286371,855.9918212890625,4575801
2020-06-30,867.0504820129191,870.2035701425355,851.2394115357346,862.4351196289062,3656480
2020-07-01,860.01303437046,860.01303437046,838.0785892855598,844.7503051757812,6426017
2020-07-02,855.4433858230497,868.8782450260657,846.3040334104103,860.2872314453125,6542705
2020-07-03,866.4105945008439,873.1737374880893,860.5613867398652,862.9833374023438,3928063
2020-07-06,871.071770866241,876.9209794936123,865.1769324094129,869.3353271484375,3900219
2020-07-07,872.8082281938704,879.1144041973597,859.0991984316629,862.3893432617188,4051767
2020-07-08,863.6232100957062,881.3992636029226,857.2713483306358,860.2416381835938,5227021
2020-07-09,863.6689155920519,870.066463114956,859.0992387899776,863.6232299804688,3777760
2020-07-10,859.0992359654501,870.0664602543708,850.4625356814877,851.9248657226562,4537688
2020-07-13,859.0992154173031,863.4860938715075,845.3901853840483,848.2691040039062,3821300
2020-07-14,848.1319434424951,854.4838048219115,827.8882545916356,834.33154296875,3646237
2020-07-15,839.0382715289363,845.3901328729044,831.041337839598,833.6917724609375,3229770
2020-07-16,834.4229865091204,844.4762755032062,821.1252381324717,841.87158203125,3134451
2020-07-17,842.7397342626577,849.9141599769724,838.9926217724087,845.892822265625,2040517
2020-07-20,849.0459093103572,851.696344041961,836.2508148751095,840.4548950195312,3035845
2020-07-21,847.217982146021,861.2011804036453,841.3687741958945,857.3169555664062,4756570
2020-07-22,858.3680717629074,860.0131441979222,831.6811490118058,841.64306640625,4977432
2020-07-23,833.5090248192769,857.2256578990257,832.9149445391519,837.6674194335938,9075059
2020-07-24,835.7024633816231,835.7938345990501,820.7595877081635,826.5631103515625,6059379
2020-07-27,829.8533101915679,836.2508577370976,819.1602552804592,826.0147705078125,3615970
2020-07-28,830.5844365378703,838.0787175788734,821.6278812468998,834.8799438476562,3793721
2020-07-29,840.4548797081418,859.8760048364004,838.307154065655,842.6026611328125,7245021
2020-07-30,849.0458833173126,852.4274550423974,826.380299310919,830.0817260742188,3364408
2020-07-31,835.2454495004944,843.4708667722841,828.9849595521015,834.8341674804688,2943858
2020-08-03,834.4229295728019,840.591992852776,825.7862298244013,837.0733642578125,3583167
2020-08-04,838.99267683785,849.959901371678,837.713144996028,844.7047729492188,3860346
2020-08-05,851.803454724512,861.5296476252363,848.8993996967343,853.462890625,3007723
2020-08-06,853.7394781437152,860.7921512576298,848.3923817484005,850.14404296875,2188023
2020-08-07,850.5128534589476,854.477077550897,842.7226587930105,844.1516723632812,2461109
2020-08-10,852.7714812060606,894.2576613728419,852.7714812060606,885.0845947265625,11861641
2020-08-11,893.8889239426661,903.2003008963992,882.36498434837,886.7902221679688,5427516
2020-08-12,877.6632373445315,881.350898005643,871.2098311875864,875.5889282226562,3672458
2020-08-13,882.2726992466376,916.060908198832,877.2482509908125,913.3412475585938,8816193
2020-08-14,921.8690332815888,937.587674785953,897.39219815828,906.0581665039062,13443785
2020-08-17,923.75889722498,928.368472560434,910.5755230194276,922.652587890625,4735094
2020-08-18,927.4005670137208,929.2904818390105,917.6743733237172,926.10986328125,4362050
2020-08-19,937.818134963123,944.9168362138628,926.8934635417788,930.3045043945312,4914223
2020-08-20,909.0082761403936,926.5246628002996,904.398700703576,917.9969482421876,4791040
2020-08-21,931.1343053362584,931.1343053362584,914.5398325678896,916.52197265625,2806380
2020-08-24,918.2274183461212,923.2057822785816,912.6959278741564,913.9404907226562,2026255
2020-08-25,915.461626916827,921.8228631462968,901.4485071744256,903.8455200195312,2914757
2020-08-26,909.9302296268594,910.8521447531276,889.6480968489558,893.2896728515625,4482066
2020-08-27,899.0977623570232,903.476859379526,889.9246952349858,899.42041015625,4466609
2020-08-28,910.8521737616892,926.2481681145446,901.8174164903696,905.182373046875,7821191
2020-08-31,910.9442996080768,917.6743249406832,866.9689937835459,871.1636962890625,8489726
2020-09-01,889.6019531328126,890.5699526971156,869.6424694699523,880.61328125,5099949
2020-09-02,881.7657202296842,884.8541133475534,873.9755262785238,880.9359741210938,2107714
2020-09-03,885.0385299694262,895.1795964586591,878.861687308501,886.0987548828125,3278899
2020-09-04,873.9755012330073,881.4891316890638,866.6001805474967,868.9049682617188,3130721
2020-09-07,873.1920093314618,876.5108815633172,844.7048069759551,859.36328125,3470806
2020-09-08,862.9125800399795,862.9125800399795,841.6624470951924,845.11962890625,3738931
2020-09-09,836.6840048601064,855.537179167812,830.6454724463348,838.4817504882812,5656245
2020-09-10,846.0415564814641,850.9276955923399,840.7866287976317,849.0377807617188,2948599
2020-09-11,848.1619104176377,849.5908675998207,840.7865894574843,845.7649536132812,2632298
2020-09-14,850.3745288779885,851.2503032262746,830.645522809666,831.6596069335938,5006356
2020-09-15,838.9427519822256,843.7367218188277,829.7236008615417,838.8966674804688,4488829
2020-09-16,843.5523385079466,851.8495746244183,840.187325797462,849.8213500976562,3596197
2020-09-17,843.5522885692121,846.2719492780082,834.3792223740943,835.5316162109375,4512652
2020-09-18,840.0490045058256,842.7225243883079,826.9577995467799,830.368896484375,7496145
2020-09-21,830.6454798269407,833.2268307745546,806.0303361520299,812.9907836914062,4597697
2020-09-22,818.6146053476112,818.6146053476112,785.4717429673818,789.620361328125,5089087
2020-09-23,798.5629050267147,805.4772685724275,787.8225711446802,793.400146484375,3709291
2020-09-24,789.1592707608315,792.7547619086714,777.1743752936693,784.2731323242188,11609426
2020-09-25,792.9391410803909,825.4827885543962,785.4716514091931,819.81298828125,4961967
2020-09-28,827.8798082298797,845.8571537315307,823.2702324602255,832.35107421875,3853608
2020-09-29,838.8967003122261,841.5702204803179,822.7171007160545,825.5289306640625,3362381
2020-09-30,827.6954031482028,833.8722458528114,815.0651544502613,831.1986694335938,3582787
2020-10-01,838.8967085575305,842.2616651198074,830.3689933533335,832.3049926757812,2506154
2020-10-05,837.0528090551517,837.6059355960641,825.1600820024547,826.9117431640625,2788003
2020-10-06,830.6915607659308,833.9182635039245,818.8910591494,822.9013671875,3497325
2020-10-07,825.1139949574335,825.1139949574335,807.6436929723657,818.5684204101562,5073845
2020-10-08,820.7809489845949,824.1920458869662,810.4094047829973,812.2532348632812,3918217
2020-10-09,818.1074921102105,843.5062421675532,816.4479998948191,837.5137939453125,9668150
2020-10-12,845.3500574842288,853.4628990651361,831.6135000631464,835.0245971679688,6188905
2020-10-13,837.0528293527428,844.1976714038101,819.4442171169604,826.4508056640625,4548652
2020-10-14,826.9578285889814,845.3961302297614,817.9230720388455,843.7366943359375,5286914
2020-10-15,841.7084890715274,847.2399796897412,816.2636547354371,819.3981323242188,4927777
2020-10-16,824.1920717234442,832.9502648793422,820.0434539127557,824.2842407226562,2373435
2020-10-19,828.8016644095354,835.2550700278521,814.972938084571,832.3971557617188,5800391
2020-10-20,847.2399964522026,862.4515959532487,841.7085057245495,845.6727294921875,13188572
2020-10-21,852.7253618354347,858.3029367981609,837.6981573322346,852.264404296875,6390783
2020-10-22,850.0058325960072,865.6783913315085,848.3003119471925,863.189208984375,6151367
2020-10-23,866.6002305880644,874.4365092689139,855.5372489209827,867.7526245117188,5102184
2020-10-26,875.6810779746104,884.3471028453445,869.3659817390251,877.4327392578125,6975809
2020-10-27,885.0384886030934,909.0082810027604,880.5672229131558,905.2745361328124,9638520
2020-10-28,912.6498176472328,916.9828296486406,898.1296555676371,906.1041870117188,7369181
2020-10-29,876.8334312761864,883.9321888176323,853.6933847165095,861.5296630859375,11852038
2020-10-30,867.5220670818064,872.8691631489748,852.0339054058177,856.9200439453125,4797473
2020-11-02,857.381191779583,864.7104293502568,848.761306606485,856.73583984375,3682174
2020-11-03,871.1175597128941,878.4928801675895,859.6857905004246,873.7449951171875,4049112
2020-11-04,877.9739810567288,893.3861241921229,873.9799864947902,883.2366333007812,3369408
2020-11-05,894.6547950598534,901.9849384216052,887.4186050986771,900.3873291015625,2889134
2020-11-06,901.2331605226832,909.221149953802,892.8692427631269,902.8777465820312,3419233
2020-11-09,912.510275720804,915.8934010704558,904.4283332974094,907.6704711914062,3040456
2020-11-10,916.2693432505872,974.4407224475804,913.0741246486292,971.4334106445312,12149416
2020-11-11,977.3540312298148,998.7806847244346,959.7334657629312,995.6323852539062,10254627
2020-11-12,991.3565350343436,1011.0445343918416,989.0540456384368,1008.5541381835938,6743163
2020-11-13,1000.8950335306748,1003.8082770645774,975.5683416150478,988.1611938476562,5025096
2020-11-14,996.1962906082564,1003.479457342458,990.510675851444,995.3973999023438,911852
2020-11-17,998.9687354773996,1030.77971130715,997.1362422916886,1015.79052734375,7611327
2020-11-18,1015.7902906922252,1084.7219137284046,1014.145704728158,1078.9893798828125,13436421
2020-11-19,1057.2808583548133,1106.10152106551,1040.975871601871,1065.9266357421875,10841151
2020-11-20,1071.330494117921,1091.065529535883,1051.1255769042937,1064.0943603515625,7009257
2020-11-23,1070.202721014178,1078.7075118693913,1055.2134243402534,1058.03271484375,4998877
2020-11-24,1066.6314366692125,1075.0893070921402,1060.3350679079167,1067.101318359375,4623887
2020-11-25,1072.7398438812584,1078.6603987619656,1045.4396731895145,1048.77587890625,4651911
2020-11-26,1061.93260815227,1066.5843909471157,1035.1963861613372,1051.4542236328125,7360928
2020-11-27,1060.992820429941,1071.1423104803691,1026.2215765363114,1054.7904052734375,18995549
2020-12-01,1071.3303613640198,1071.3303613640198,1044.2651274005666,1048.72900390625,3551604
2020-12-02,1052.5819316389318,1063.8590912559353,1037.5926381510114,1046.661376953125,4434968
2020-12-03,1066.6314019104873,1068.933776230372,1052.816926556767,1057.374755859375,4087608
2020-12-04,1061.9327898593815,1092.0052228465502,1060.7580854458206,1080.2581787109375,6542918
2020-12-07,1085.2389484666992,1101.3088815624944,1075.089456660289,1099.2413330078125,5484461
2020-12-08,1104.175080859795,1111.2703411872458,1078.8955344281308,1100.8389892578125,4982626
2020-12-09,1107.0414272117775,1113.6197718556507,1096.0931592538864,1109.8607177734375,4304573
2020-12-10,1110.800337430306,1121.84255736669,1099.570210701038,1118.6473388671875,4921373
2020-12-11,1116.4389416444037,1143.5041739953958,1110.8003611310478,1122.3594970703125,6689415
2020-12-14,1125.9305166226643,1187.7669947801862,1125.9305166226643,1174.3753662109375,9723233
2020-12-15,1174.7042886471916,1176.583815509027,1142.8462853956366,1171.18017578125,6953407
2020-12-16,1180.5778192106188,1201.0176739909818,1171.9320414662714,1191.85498046875,5729223
2020-12-17,1193.4996883331598,1206.6563778108482,1178.5105058508277,1201.7696533203125,5345257
2020-12-18,1206.6093446159805,1222.6323587711645,1193.499689192451,1204.35400390625,10315248
2020-12-21,1199.37327641233,1257.8735596300908,1084.4871780449196,1160.467041015625,21153346
2020-12-22,1160.8428209805495,1191.6200744815517,1140.4499996621932,1186.6392822265625,7998730
2020-12-23,1191.6198675795818,1194.7211323647366,1173.1534957418685,1188.6126708984375,4057070
2020-12-24,1198.1985754852396,1203.837157016935,1177.9936583299984,1186.1695556640625,3277840
2020-12-28,1198.1983410593723,1213.2345555354111,1190.2103521189763,1211.73095703125,3405825
2020-12-29,1216.946666280743,1217.040734402037,1191.33811158244,1207.455078125,3778319
2020-12-30,1210.6033761253868,1218.262472108268,1194.4394887266008,1214.2215576171875,2866392
2020-12-31,1215.1141744246006,1225.4515726602312,1204.7767761889695,1210.0394287109375,3889877
2021-01-01,1205.7164809227725,1221.6454251774614,1205.7164809227725,1218.8731689453125,2058419
2021-01-04,1226.3912580160295,1242.8841518555444,1223.5719677677168,1235.4129638671875,4014636
2021-01-05,1228.2708256356057,1233.9094063194725,1217.0406983271253,1227.613037109375,2833637
2021-01-06,1229.210662145049,1249.8854592147666,1221.6925541196963,1234.8492431640625,4615963
2021-01-07,1249.885548650439,1265.673622520285,1245.1867307983698,1258.29638671875,4270598
2021-01-08,1268.4927481461657,1299.6458146772477,1265.8613646045696,1290.671142578125,4984995
2021-01-11,1298.7530946180557,1301.5253509230083,1263.9818467881944,1268.6806640625,3252470
2021-01-12,1272.4397586013988,1284.5156964393634,1263.0891578131886,1268.4927978515625,2836161
2021-01-13,1272.439552225335,1290.2950555431205,1263.323893786821,1271.0299072265625,4389762
2021-01-14,1276.1988878885338,1305.9893462329137,1274.5543016928011,1293.678466796875,5168591
2021-01-15,1293.7722852724714,1301.1024860101195,1264.0288640941178,1272.5806884765625,2587576
2021-01-18,1264.169789000925,1272.298766056605,1246.2673635147155,1255.571044921875,3185998
2021-01-19,1259.3299590666725,1298.7529868396464,1256.4636348803238,1287.3348388671875,3885798
2021-01-20,1286.5360982121044,1309.1374539324454,1280.4746701519712,1299.3638916015625,3957992
2021-01-21,1310.969979143095,1311.9097425690045,1279.06505672037,1288.6976318359375,2985423
2021-01-22,1279.9578044120071,1292.1747291237225,1267.2709979806104,1280.0517578125,3282665
2021-01-25,1287.4758222237367,1312.285598237767,1261.1624477549303,1279.2999267578125,4847989
2021-01-27,1286.3480843730747,1308.8083360533014,1249.9791748871307,1277.9371337890625,8896211
2021-01-28,1263.6997997910494,1282.8709961202503,1259.2829576919996,1264.3106689453125,2962948
2021-01-29,1279.9575853435867,1286.5359282932234,1245.280297422777,1254.302001953125,5130876
2021-02-01,1264.6865887958854,1373.9340834624445,1256.651565881912,1361.576171875,11317043
2021-02-02,1385.2112720639166,1497.0431183160238,1385.2112720639166,1428.6282958984375,14349665
2021-02-03,1437.838074979464,1464.1514515150357,1414.343988786989,1436.4754638671875,6197782
2021-02-04,1433.139236116597,1456.633321954574,1419.042784613811,1437.650146484375,3957579
2021-02-05,1441.9730334992048,1453.814029803026,1420.0764996392024,1425.1512451171875,3270494
2021-02-08,1429.521298469615,1475.4287233843384,1428.4405474803789,1458.3250732421875,5223019
2021-02-09,1463.21156719599,1479.6574261721812,1451.934406755173,1472.09228515625,3825206
2021-02-10,1466.03109972866,1469.7901538305284,1436.6164554946497,1459.311767578125,2578777
2021-02-11,1456.0694122552989,1465.9369278018164,1434.5958418427476,1438.307861328125,2720190
2021-02-12,1442.5369005237064,1450.9947716016957,1424.7753483164856,1429.7091064453125,1867284
2021-02-15,1435.018718479658,1450.9946963540224,1429.7090323015004,1445.0272216796875,1917477
2021-02-16,1447.2356148942094,1479.1875700282374,1446.2958515079144,1456.1163330078125,3838556
2021-02-17,1450.9948154706967,1472.6093755457134,1440.6574171739494,1455.082763671875,2340184
2021-02-18,1449.3031191259008,1457.7609900149653,1423.8825871174313,1432.7633056640625,2446843
2021-02-19,1432.058655731224,1453.8142047509364,1408.564567095947,1417.915283203125,3044240
2021-02-22,1419.8885457110443,1420.8752284519037,1359.9315948320534,1364.724365234375,6168108
2021-02-23,1373.934209335426,1407.765694654219,1372.054682373271,1396.7705078125,3733776
2021-02-24,1397.1462386488938,1439.7175677062048,1397.1462386488938,1434.642822265625,2380414
2021-02-25,1441.5970707985955,1447.7994863605447,1411.5246416815455,1415.70654296875,3168105
2021-02-26,1392.7294205954831,1403.5367001750028,1348.7015262954053,1355.6087646484375,5579058
2021-03-01,1368.2956235780323,1396.4885279099972,1351.5677877875112,1384.130615234375,2494481
2021-03-02,1390.1919495847333,1399.9184771741611,1370.3159320741258,1396.159423828125,2089473
2021-03-03,1403.536836708024,1419.04293500443,1392.118686837225,1406.7320556640625,2184001
2021-03-04,1384.2716100386767,1404.33553745119,1370.1751577979571,1374.498046875,3530366
2021-03-05,1366.039911325175,1388.2183022842798,1352.4133434613232,1375.390625,3306902
2021-03-08,1388.970410193967,1433.1392933327468,1381.452302425664,1423.9295654296875,4150049
2021-03-09,1433.139193414953,1439.9995121621196,1401.9390942386406,1417.4451904296875,3779948
2021-03-10,1431.2597808821004,1442.302001778597,1416.69344693353,1432.387451171875,2210547
2021-03-12,1434.361016339422,1470.7298163914145,1412.6054692749165,1422.8018798828125,4885349
2021-03-15,1428.4403235572872,1436.0523839170128,1375.1557863220007,1394.3739013671875,3181450
2021-03-16,1398.649946497037,1406.825842379491,1369.2353055089634,1373.7462158203125,3233903
2021-03-17,1387.0909328501637,1403.019878366939,1345.506397769798,1351.051025390625,5178384
2021-03-18,1367.872747636055,1381.170308797425,1334.4641108060991,1342.076171875,3381940
2021-03-19,1329.7652015922554,1336.2025578932703,1295.5577911308217,1326.2410888671875,9920812
2021-03-22,1324.1266570234568,1332.0206926844276,1308.3856197593382,1315.7158203125,2964175
2021-03-23,1317.454339413569,1331.1748621727186,1313.8831925903928,1319.7567138671875,2564844
2021-03-24,1315.668927736498,1322.2472723751807,1278.125421006908,1286.67724609375,4237815
2021-03-25,1279.0180556516348,1305.331432255783,1279.0180556516348,1288.5096435546875,3894604
2021-03-26,1302.7940065450275,1323.1868258000918,1298.7529781645787,1314.0711669921875,3093766
2021-03-30,1323.1870463041394,1342.1702236667822,1311.4870362773324,1337.8004150390625,2801282
2021-03-31,1337.847139900451,1345.365247025171,1325.4423090315477,1333.4302978515625,2400871
2021-04-01,1345.7412787030228,1360.636506644665,1334.9339988810364,1357.582275390625,1380763
2021-04-05,1352.3196181194146,1352.3196181194146,1298.1892657997046,1319.239990234375,2548649
2021-04-06,1321.2133841011394,1330.9869463831124,1309.3723882305928,1316.6085205078125,1824079
2021-04-07,1317.5483333314496,1331.8326916290412,1305.5663495582855,1319.56884765625,1841308
2021-04-08,1325.0665462321033,1348.3727271165508,1325.0665462321033,1333.6654052734375,1644834
2021-04-09,1328.8252859167403,1331.644575773707,1312.9432634457248,1319.5216064453125,2015002
2021-04-12,1309.983062859102,1309.983062859102,1251.7647697906316,1264.1226806640625,3755497
2021-04-13,1266.096305611218,1298.753085436781,1266.096305611218,1290.9530029296875,2063654
2021-04-15,1295.886739124,1307.304887770248,1276.2926945033714,1291.8458251953125,2625838
2021-04-16,1278.548320946076,1309.3726115422896,1273.661596330271,1277.2796630859375,3752588
2021-04-19,1259.2829946626082,1265.1094820346088,1227.3310380816167,1231.512939453125,4157065
2021-04-20,1240.4877641816092,1258.766117547246,1238.326262341981,1251.2950439453125,2989204
2021-04-22,1231.089932249518,1258.8129498078088,1228.505583155101,1256.275634765625,2398100
2021-04-23,1249.8854325523473,1263.65299052353,1235.2720645029103,1243.213134765625,2062964
2021-04-26,1249.9323387701002,1260.4106087614143,1243.3069610048456,1255.429931640625,1431562
2021-04-27,1258.343206028849,1304.8144607678985,1255.4299624012017,1297.484375,4303909
2021-04-28,1301.4314673683389,1315.621873354892,1289.8254110213547,1293.0206298828125,3220346
2021-04-29,1300.585639919325,1305.8484072525637,1271.96988745165,1276.8096923828125,2221346
2021-04-30,1268.6807198929494,1282.7771723362043,1255.6179843520883,1259.7059326171875,1968093
2021-05-03,1245.6563469288292,1269.9022877615923,1239.6888724728003,1261.63232421875,1653245
2021-05-04,1268.680677800533,1269.5264878625107,1250.825171964822,1257.027587890625,2029558
2021-05-05,1261.350495817496,1265.6264655344808,1244.2468463840005,1258.014404296875,1813150
2021-05-06,1263.04221661244,1274.8362951023726,1255.2891672917162,1259.189208984375,2333882
2021-05-07,1265.861463600099,1277.984435972231,1258.3433554272697,1261.8204345703125,2362325
2021-05-10,1265.8612086798555,1314.587914518932,1265.8612086798555,1310.9698486328125,3929224
2021-05-11,1296.8735883193638,1315.574904311761,1293.2084878437126,1300.2567138671875,1975828
2021-05-12,1296.873577880469,1339.162933680919,1294.0542874937723,1301.8543701171875,4283174
2021-05-14,1310.0301940982647,1338.1291430126817,1291.2819599476604,1330.235107421875,4558155
2021-05-17,1346.6811031371124,1354.199211179748,1285.7843821048737,1303.217041015625,9620003
2021-05-18,1320.3676217141658,1336.3436000551912,1312.8495142595657,1331.9267578125,3312380
2021-05-19,1328.8256843357024,1348.5607192515793,1315.6689943917845,1318.9111328125,3215258
2021-05-20,1325.818340492536,1340.995428657718,1317.2194818561225,1324.83154296875,1996254
2021-05-21,1329.7651456106253,1338.8808042554906,1322.3409921722557,1332.6314697265625,2185322
2021-05-24,1334.4640984296511,1370.1751095143882,1325.0664639336676,1356.3135986328125,5035538
2021-05-25,1372.0547102509452,1373.887203189391,1355.2329206544237,1363.5498046875,2892219
2021-05-26,1371.0209239680337,1387.6546911924872,1365.2883898505067,1384.1776123046875,3230579
2021-05-27,1387.0436860409934,1395.5485903403885,1373.6990922087964,1393.528076171875,3747221
2021-05-28,1397.5222020958777,1409.31627926798,1385.117370455686,1389.0643310546875,2315923
2021-05-31,1383.6136526809028,1387.0907312558395,1369.752143002025,1379.2906494140625,2405318
2021-06-01,1377.6462543599662,1402.5970211251629,1374.8739979270438,1385.822265625,2077742
2021-06-02,1379.8547373930912,1385.775178374439,1367.4028715193208,1382.4390869140625,2469417
2021-06-03,1390.943946899366,1423.7417163109646,1384.4595557430196,1419.8416748046875,3025466
2021-06-04,1427.453657530414,1454.049009257987,1425.527211273346,1444.933349609375,5677538
2021-06-07,1452.3573309704393,1474.9586870992732,1447.940488785094,1463.9635009765625,3131245
2021-06-08,1466.970645839133,1487.6454403352643,1452.92122910251,1455.83447265625,3945382
2021-06-09,1456.6331589976817,1461.3319756396097,1422.143890732811,1427.782470703125,3025732
2021-06-10,1433.1392393614396,1441.5971102822614,1423.7416050049712,1428.158447265625,1584311
2021-06-11,1429.380223723724,1435.159791950469,1408.3765333205372,1412.8873291015625,1909384
2021-06-14,1412.8872751209497,1427.9705239757932,1388.9703418468064,1424.4464111328125,2005404
2021-06-15,1428.440332844395,1431.917411451935,1415.142658118224,1419.7945556640625,1831871
2021-06-16,1415.1428018129943,1424.6814240002398,1398.368046775961,1401.0933837890625,1504791
2021-06-17,1391.7896938374415,1409.504212236898,1391.0848712375912,1397.9451904296875,1675778
2021-06-18,1397.94513379736,1401.140237680134,1372.1485588575604,1387.0908203125,4649835
2021-06-21,1372.0546753165274,1380.888474936667,1360.072690994414,1378.6800537109375,1970012
2021-06-22,1381.5462172468403,1414.15607761149,1381.0294161825343,1408.893310546875,3862264
2021-06-23,1414.3440514519868,1416.2235784306606,1387.1848636667069,1390.1451416015625,1818874
2021-06-24,1400.247571295537,1422.0500379281498,1392.7294635301917,1413.4512939453125,2762042
2021-06-25,1419.5126529043137,1437.1802511742524,1416.6933626304224,1432.0584716796875,2099002
2021-06-28,1434.0790453358895,1435.9115382028713,1419.3717241883128,1423.2247314453125,1173658
2021-06-29,1421.8620300093082,1437.6501010806985,1413.3102059778105,1419.8885498046875,2174022
2021-06-30,1424.6814089820252,1431.6356815471493,1405.4162580030468,1410.162109375,2139362
2021-07-01,1406.9198533960534,1412.4644807549691,1390.9909086317125,1402.4090576171875,2060651
2021-07-02,1409.6450047635892,1410.255873875761,1386.6208030191171,1396.159423828125,1814564
2021-07-05,1400.2475033444975,1422.8018255460197,1398.3679764943706,1417.1162109375,1605396
2021-07-06,1415.283724488075,1427.5006490686492,1409.6451439124253,1414.8138427734375,1072506
2021-07-07,1404.946247443603,1428.158356949266,1404.946247443603,1425.1041259765625,1096808
2021-07-08,1412.4644803604829,1432.19951302021,1406.825899600561,1410.302978515625,1456033
2021-07-09,1407.6716131534945,1412.323396074634,1396.018524105102,1409.2691650390625,1248405
2021-07-12,1413.7801350683703,1424.6813679748666,1401.7511172091367,1410.3499755859375,865284
2021-07-13,1423.7417172476985,1423.7417172476985,1410.913922396378,1422.426025390625,995833
2021-07-14,1422.3791671489382,1456.5395492518237,1417.163433558961,1451.6527099609375,4010254
2021-07-15,1456.6335034790818,1527.1157697764563,1456.586469414658,1512.408447265625,9066480
2021-07-16,1512.4082661680734,1525.0481532408926,1499.0166371751016,1521.2420654296875,4157388
2021-07-19,1503.6216038671173,1540.6483088057898,1501.3661485178716,1512.643310546875,3027093
2021-07-20,1512.878244660536,1524.907263324598,1486.705854178649,1494.5528564453125,1847026
2021-07-22,1513.0191266406905,1547.931361108793,1495.680537194334,1543.2325439453125,3231269
2021-07-23,1544.9708176404722,1546.803310132182,1510.0585891767512,1514.6634521484375,2259058
2021-07-26,1514.663764841503,1529.2771326103734,1496.855293065139,1501.3660888671875,2219416
2021-07-27,1513.1600851501553,1521.4769684269586,1488.82018976554,1511.37451171875,3984778
2021-07-28,1513.465339044031,1521.8764768886033,1475.972083019454,1515.1285400390625,4119892
2021-07-29,1514.9385542714208,1527.626379060454,1507.3353494821038,1516.83935546875,1672177
2021-07-30,1518.740085393196,1544.305883500638,1506.3848781903728,1522.0189208984375,2536568
2021-08-02,1526.6283328731872,1537.7479720497208,1522.5891308452444,1533.8988037109375,1083353
2021-08-03,1544.4008874717624,1557.4213285475553,1530.430045849833,1553.287109375,1777140
2021-08-04,1558.6569618057983,1562.7437307338848,1533.5663631199316,1542.690185546875,2067087
2021-08-05,1539.6488974629642,1551.8615213785906,1529.0044576645591,1546.681884765625,1831728
2021-08-06,1546.301731801282,1557.7065386738177,1528.5292874978588,1530.4775390625,1192143
2021-08-09,1539.6489873768846,1543.4505898148525,1511.1369690921274,1518.2174072265625,1223794
2021-08-10,1526.3433956458448,1530.049981266805,1494.0297745674147,1509.663818359375,1429931
2021-08-11,1511.32695830923,1518.6451123962663,1485.238508753088,1504.769287109375,1370930
2021-08-12,1511.1368822213376,1546.3017027510166,1503.5336777824882,1542.927734375,1645811
2021-08-13,1545.3513085353443,1593.6317033263667,1544.4009079765897,1585.6483154296875,5439442
2021-08-16,1590.9706909624997,1593.8694593564967,1571.3448943015476,1573.95849609375,1794407
2021-08-17,1575.7640823143115,1582.4168860394022,1544.448431186054,1557.4688720703125,1838525
2021-08-18,1565.309763748694,1578.7103887962264,1546.3967689009894,1551.861572265625,1570228
2021-08-20,1538.6035308249889,1542.500150021781,1511.136930705257,1514.558349609375,2416059
2021-08-23,1520.7358074124602,1538.6983999541603,1490.1329579085898,1502.3455810546875,1973841
2021-08-24,1511.136944520421,1533.3287751880684,1504.294106649626,1526.1533203125,1580003
2021-08-25,1534.8494151991692,1545.3513883219048,1511.136966440239,1514.74853515625,1795313
2021-08-26,1514.748571816795,1523.4446447762916,1506.3849998592452,1516.601806640625,2051262
2021-08-27,1524.442439573108,1584.0325059855568,1518.7876028650069,1556.85107421875,4903187
2021-08-30,1565.024497462454,1601.3773175286342,1563.503879826222,1577.7598876953125,3345934
2021-08-31,1577.7124916655296,1592.871334149277,1563.4089168708592,1589.259765625,3264644
2021-09-01,1589.3073023257566,1632.7881270119,1589.2597358925009,1602.7554931640625,3530101
2021-09-02,1604.1811803011642,1625.1850101532214,1598.573793612701,1602.5654296875,2400278
2021-09-03,1612.8297421159104,1619.767712574896,1589.16474508915,1607.6025390625,2336258
2021-09-06,1615.6809487447335,1630.8873576740957,1606.3669768692218,1610.1685791015625,1850835
2021-09-07,1610.1685812103733,1620.432953657413,1596.1501729602578,1598.28857421875,1734879
2021-09-08,1598.5737793078977,1610.643820295918,1575.76416533442,1583.89013671875,1644392
2021-09-09,1573.1030111514378,1597.2432093557652,1573.1030111514378,1587.216552734375,1225239
2021-09-13,1579.6132734446508,1592.5386976635043,1578.1401061924853,1588.7845458984375,1578773
2021-09-14,1592.871361510185,1614.5405409966731,1592.301144369108,1612.3070068359375,1407269
2021-09-15,1615.681079826733,1639.0609122493202,1612.829877921156,1631.837890625,2757989
2021-09-16,1624.8047634707902,1642.7673571396151,1624.4721464801198,1635.876953125,2128381
2021-09-17,1638.4905633429144,1655.3126068271065,1621.4783701375493,1631.077392578125,3473932
2021-09-20,1615.8709999848822,1648.9449861714284,1615.6333998427826,1619.815185546875,1820374
2021-09-21,1614.350453576156,1644.9058564027823,1608.4580161981244,1635.54443359375,2029747
2021-09-22,1635.5444112473126,1644.1930334803994,1621.3834191430992,1626.0404052734375,1487933
2021-09-23,1633.0734505767716,1686.9611199456565,1629.984648526167,1681.9239501953125,3702946
2021-09-24,1691.7128795825972,1720.224894407023,1663.2008647581713,1681.0208740234375,3612494
2021-09-27,1684.1097734632915,1694.326579368896,1650.8457542357437,1653.3167724609375,1650711
2021-09-28,1658.7340686664077,1671.8020757746851,1633.738488663936,1650.98828125,1442615
2021-09-29,1646.0936878654306,1655.5976929916746,1631.4574967678775,1635.6392822265625,1698747
2021-09-30,1634.6414289790216,1648.2322036611274,1612.8297821034646,1618.484619140625,1792078
2021-10-01,1613.3048362330635,1627.5608436224577,1603.8008313068012,1612.734619140625,1563937
2021-10-04,1612.3546707827188,1638.4431217021,1600.5222293309123,1630.1746826171875,1588493
2021-10-05,1629.46165554284,1653.6968682674492,1621.3832513013035,1631.552490234375,1705242
2021-10-06,1631.5525187805877,1649.8002782901506,1606.1768714194666,1610.9764404296875,1845661
2021-10-07,1625.1851146140075,1643.527893600436,1615.681108095797,1627.5135498046875,1378863
2021-10-08,1653.6970508805368,1654.6474514844913,1634.6890388014504,1641.246826171875,1755402
2021-10-11,1647.7569013380526,1660.2071249453134,1629.9368915903449,1631.74267578125,1528151
2021-10-12,1625.66011171615,1639.9636861442489,1615.6809061195293,1632.9781494140625,1671988
2021-10-13,1641.3417123523127,1676.411515049255,1638.5380772001406,1665.1492919921875,2105025
2021-10-14,1686.961104577681,1727.7333144773747,1679.785533473056,1700.5518798828125,4440909
2021-10-18,1717.5164572073584,1720.7002759951515,1693.6138590573655,1699.743896484375,1918546
2021-10-19,1720.03503906176,1791.5051172259816,1712.6694344683906,1754.487060546875,6639827
2021-10-20,1762.9930159050182,1775.966006583684,1707.2045501637886,1717.088623046875,3295376
2021-10-21,1724.9769960921276,1735.906602403455,1702.2149493543789,1716.185791015625,2774633
2021-10-22,1725.9274829125402,1740.658692155461,1692.996079047,1703.35546875,1520637
2021-10-25,1703.3554480961882,1722.8862265199737,1673.0376462381355,1695.6572265625,2488386
2021-10-26,1696.4649762689196,1722.030774184458,1693.18614078829,1707.156982421875,1930107
2021-10-27,1711.671642599641,1724.0268515689888,1687.0562415267989,1696.03759765625,1408879
2021-10-28,1710.2934398640773,1769.6459107101332,1702.1674683575986,1724.2642822265625,6379424
2021-10-29,1731.629919356137,1734.3861043409086,1649.7054328049533,1679.0252685546875,3984689
2021-11-01,1687.911407963294,1715.473024422154,1664.341427481853,1706.3016357421875,2316925
2021-11-02,1710.7211772643248,1733.9584268492165,1706.3493574589013,1725.594970703125,1687119
2021-11-03,1727.828220227119,1820.0170746616789,1727.828220227119,1795.7818603515625,11580233
2021-11-04,1805.7610512978608,1825.576879631333,1805.7610512978608,1814.26708984375,764191
2021-11-08,1848.1015177006168,1856.9877400332575,1817.3559657348503,1829.093505859375,3674523
2021-11-09,1837.5995854093692,1866.681820966781,1834.5583498537617,1847.1986083984375,3550645
2021-11-10,1836.8391463979613,1857.0827250682896,1836.1739124011956,1853.4237060546875,3208195
2021-11-11,1851.2376637587008,1883.4562651829576,1830.1388182325627,1835.888671875,7061537
2021-11-12,1843.7772247104024,1867.5372404927532,1832.4674339948633,1862.7376708984375,2026320
2021-11-15,1863.9730582479228,1876.5658653973353,1846.6282484006192,1850.4774169921875,1127678
2021-11-16,1853.2810679956533,1881.7455179926944,1847.5786647095129,1858.3182373046875,2279531
2021-11-17,1852.330767975336,1880.74776909662,1847.1511311155991,1856.037353515625,2166686
2021-11-18,1856.0373280836868,1857.0827455254184,1799.1083097643896,1802.909912109375,1883794
2021-11-22,1804.097993882932,1805.7611949835748,1746.6937726918927,1772.02197265625,2407464
2021-11-23,1758.2410485382786,1801.5792911801911,1753.0138454210023,1792.7880859375,2028470
2021-11-24,1800.0585881134648,1808.0419756989431,1754.3917966391575,1770.1209716796875,1361828
2021-11-25,1762.9930156830555,1774.255238968243,1747.0262400781398,1758.14599609375,1930012
2021-11-26,1729.7290755121046,1750.4002883650653,1680.8784619346125,1689.954833984375,2796595
2021-11-29,1689.8121426132143,1701.2645154078418,1649.087503099268,1679.5953369140625,2111420
2021-11-30,1679.595606198509,1709.6758110036778,1664.4367617184623,1677.2196044921875,3385628
2021-12-01,1676.50659289045,1705.018609776342,1674.6533581991446,1697.4154052734375,1359786
2021-12-02,1697.367863165489,1705.0186342124643,1675.5562163414577,1700.4566650390625,2813690
2021-12-03,1710.6733684653957,1753.298924572479,1707.4420995120288,1711.908935546875,3612772
2021-12-06,1709.7705932063127,1730.6794053522488,1689.8121816124649,1694.2315673828125,1566109
2021-12-07,1701.407095314701,1720.2250734638444,1684.2048677832024,1708.915283203125,2097201
2021-12-08,1712.621905970312,1749.6875299064063,1712.621905970312,1734.5286865234375,3433206
2021-12-09,1743.98511668241,1790.697329795599,1737.284745985879,1786.5631103515625,3791595
2021-12-10,1786.563055661637,1797.064912455173,1768.7430447968973,1780.48046875,1771926
2021-12-13,1799.7735061276962,1802.197073978216,1763.0406170500692,1769.170654296875,1857829
2021-12-14,1758.241231540766,1781.050847517511,1754.6296626048322,1773.1624755859375,1685243
2021-12-15,1773.4474529765153,1804.5730714572128,1771.2140348535584,1787.513427734375,2176709
2021-12-16,1798.157915949259,1813.364325386462,1773.7326671970304,1780.9556884765625,2469902
2021-12-17,1773.9227808279752,1781.7160196093662,1740.8487924057215,1755.4849853515625,2352938
2021-12-20,1730.679590916723,1738.900579776882,1683.634758544193,1710.1033935546875,2488158
2021-12-21,1727.7331526662638,1760.3318213486068,1722.600966583374,1736.904541015625,2077840
2021-12-22,1736.904604613526,1786.325434154046,1736.904604613526,1778.199462890625,1692505
2021-12-23,1789.6041538674087,1794.2135731211258,1769.7407600770016,1785.27978515625,1677127
2021-12-24,1795.0690376081466,1795.0690376081466,1758.2410163203554,1767.1748046875,1203991
2021-12-27,1767.1749186989923,1782.61892862252,1754.249493596903,1773.6375732421875,1139744
2021-12-28,1779.244889764809,1814.3146941166672,1779.244889764809,1805.285888671875,1916098
2021-12-29,1801.009160443433,1814.2672025797317,1796.3047238184754,1800.8665771484375,1287946
2021-12-30,1798.443024589243,1807.376697033212,1787.6084350111712,1792.1702880859375,1805349
2021-12-31,1793.738652021389,1812.5090649472825,1793.6912015980884,1801.8646240234375,1145546
2022-01-03,1801.0090292100926,1841.3534858592084,1799.7260116800203,1827.4776611328125,1906676
2022-01-04,1827.477650883532,1846.6282449231087,1819.5893960293015,1841.4486083984375,1643920
2022-01-05,1844.4424952547704,1854.2316683571455,1832.0398363803072,1851.95068359375,1711667
2022-01-06,1848.0539098528027,1856.1323147043065,1824.388912437612,1829.0458984375,1372015
2022-01-07,1833.370288065635,1838.9775586836736,1803.0524863140215,1810.4180908203125,1447123
2022-01-10,1815.2651737100384,1862.7376379984264,1812.6515720201417,1856.2274169921875,2397846
2022-01-11,1852.33066193461,1872.2890733766965,1841.5436389535728,1863.8780517578125,2232435
2022-01-12,1880.367530582194,1885.5947337250811,1863.070286588373,1876.28076171875,1585970
2022-01-13,1877.5638126582016,1928.362674559063,1877.5638126582016,1918.2884521484375,2373324
2022-01-14,1914.106846014756,1948.2737018499008,1907.454041684019,1943.3316650390625,3124945
2022-01-17,1943.3316291279104,1969.182479071933,1940.7180274748468,1966.7589111328125,1858651
2022-01-18,1972.6987641862572,1975.4550649377595,1910.8278289991767,1921.89990234375,1460676
2022-01-19,1919.7141502034983,1926.4619711023952,1888.4459479923332,1920.66455078125,2336679
2022-01-20,1919.8090499828425,1934.0650577797448,1885.6896481191184,1904.12744140625,2031107
2022-01-21,1883.8365602250071,1895.859150939852,1846.675920210149,1859.0311279296875,2209132
2022-01-24,1858.0330623636712,1861.8346645373056,1788.2261888565918,1805.666015625,2307120
2022-01-25,1801.0090905701716,1835.5086778670552,1758.3360815271378,1829.8062744140625,2998042
2022-01-27,1819.5894276368797,1826.66986536012,1774.3978348737485,1816.0728759765625,2932713
2022-01-28,1821.0626011139116,1851.380404034036,1797.492735394767,1803.4327392578125,2233620
2022-01-31,1796.447028669526,1828.5706128694544,1758.6686077435588,1814.504638671875,3161064
2022-02-01,1832.9900866827677,1900.7061274485488,1821.917896814066,1891.7723388671875,5392787
2022-02-02,1896.1439980911664,1908.4041876391968,1872.859186040788,1884.3590087890625,3579380
2022-02-03,1883.218583916213,1886.5449856541425,1834.272958343826,1837.741943359375,2262217
2022-02-04,1851.380452180609,1860.6944248863615,1827.9056027096517,1851.3328857421875,1440816
2022-02-07,1836.649135428672,1850.9051442418308,1781.5734677867788,1791.0299072265625,2641464
2022-02-08,1796.2570804980046,1802.8623180649863,1756.3402564869375,1782.5712890625,2040523
2022-02-09,1791.0300520259418,1805.66624546055,1782.57146290981,1795.1168212890625,1390810
2022-02-10,1798.157942417231,1816.2155538897084,1787.7035357752704,1806.7115478515625,1288856
2022-02-11,1795.306744543775,1795.306744543775,1758.2411209137024,1778.4371337890625,1744894
2022-02-14,1751.8258552148384,1755.3422909267183,1705.969027592912,1709.7706298828125,2290199
2022-02-15,1720.2250198163763,1788.6538603836575,1716.5660008502923,1782.9990234375,2602134
2022-02-16,1782.9990197514269,1793.6910260679604,1750.7804175144663,1768.4102783203125,1898439
2022-02-17,1776.2985943002498,1791.409985962122,1762.1376031703735,1776.013427734375,1459905
2022-02-18,1777.248994982937,1801.959408816924,1772.639575605504,1789.69921875,1912482
2022-02-21,1781.9535520697134,1790.459707018133,1757.148119703252,1771.4991455078125,1262585
2022-02-22,1723.076256670038,1762.9930811488805,1711.196249384668,1752.96630859375,2288298
2022-02-23,1757.2907334130102,1760.1419352519713,1726.0700964795262,1730.0142822265625,1583872
2022-02-24,1694.8017990810222,1710.7210084653525,1664.1513810126846,1670.1864013671875,3616355
2022-02-25,1693.6138603673107,1709.4855038982562,1677.4570502515733,1688.909423828125,2476882
2022-02-28,1677.3618931879575,1731.8673395545572,1665.862070152319,1726.64013671875,2553662
2022-03-02,1710.7210774420355,1736.334327167458,1680.7834585868,1695.9898681640625,3152628
2022-03-03,1720.2250292967349,1723.5989977217992,1658.9717590520877,1665.386962890625,2259979
2022-03-04,1653.6969601193953,1667.0501342783605,1618.5321397030634,1626.84814453125,3906819
2022-03-07,1576.0016588104604,1584.127629644795,1525.9155979233171,1553.382080078125,6318251
2022-03-08,1547.1570251886478,1583.3672616916642,1515.88882496891,1576.2392578125,4421730
2022-03-09,1593.3464708146582,1615.4908493235173,1568.2084234821637,1607.0797119140625,3306502
2022-03-10,1653.6969505871623,1670.8041604208229,1622.3337325587852,1642.482177734375,2776325
2022-03-11,1634.6890457175612,1649.3726887045002,1621.1934034905912,1642.9100341796875,1577597
2022-03-14,1648.944854758167,1667.002464118631,1630.412045151375,1660.112060546875,1558334
2022-03-15,1661.300199084996,1677.4570088014978,1640.961603650496,1656.975830078125,2062332
2022-03-16,1673.655352792388,1682.826741216677,1659.5893783785436,1669.0933837890625,2101909
2022-03-17,1692.805987599901,1715.0928344171612,1680.73583082891,1699.22119140625,3383036
2022-03-21,1715.4730608488833,1715.4730608488833,1658.4490255852083,1669.1885986328125,2301462
2022-03-22,1669.1886169220525,1688.8618628973006,1635.782012694242,1686.0582275390625,3986030
2022-03-23,1691.7129436735215,1702.6901162030724,1671.8971158229558,1679.5953369140625,1574226
2022-03-24,1667.953074438117,1691.4279231535586,1664.1514719892552,1683.6822509765625,1580887
2022-03-25,1687.5313983342835,1689.7173662710552,1652.7467571826887,1664.24658203125,1483897
2022-03-28,1665.1017179490252,1667.952919520856,1639.5359206518071,1655.217529296875,1799629
2022-03-29,1661.9654635120169,1667.0976498955524,1647.0442206715884,1660.0172119140625,2071779
2022-03-30,1679.262855504228,1688.9094448672274,1667.0976813298494,1685.6304931640625,1712835
2022-03-31,1691.6655662252217,1692.9961503192212,1670.8043186641096,1679.9757080078125,1401916
2022-04-01,1671.754577636781,1705.0185970894745,1671.754577636781,1701.31201171875,2050573
2022-04-04,1695.5145976070917,1739.090440043126,1688.4816102658967,1735.7640380859375,1955281
2022-04-05,1748.7370681132445,1753.4890710157265,1736.3818605667925,1744.9830322265625,1718581
2022-04-06,1742.0843647620018,1765.8443806480084,1737.0471949878877,1760.90234375,2245496
2022-04-07,1758.1459822768663,1763.8008190840008,1720.3675608091216,1735.716552734375,2003954
2022-04-08,1744.365308906681,1747.6917110533316,1727.8758814685675,1739.9459228515625,1903321
2022-04-11,1729.9666951897102,1738.9955009055748,1690.7626703708252,1693.138671875,2262446
2022-04-12,1691.7129991860118,1693.1386000280224,1647.614389936676,1661.0150146484375,4215141
2022-04-13,1667.192595599248,1684.9175890300703,1660.4447749087371,1673.46533203125,1673417
2022-04-18,1659.6845382132374,1663.1534074318893,1629.9369543886714,1652.1287841796875,1808707
2022-04-19,1661.5853421059098,1673.4177826477885,1603.3257414890352,1621.145751953125,2737766
2022-04-20,1625.1375830381508,1627.466134294488,1588.45214029401,1607.69775390625,3832617
2022-04-21,1618.484618903197,1640.2013649365304,1615.6809836026357,1629.4617919921875,1797489
2022-04-22,1616.6313441207078,1631.2675358714414,1606.557121440437,1610.3111572265625,1474689
2022-04-25,1591.9209555770412,1591.9209555770412,1570.061742455685,1575.1463623046875,1964344
2022-04-26,1596.672857010525,1618.627085591282,1581.46644884852,1615.63330078125,2440990
2022-04-27,1591.9208951934263,1607.6975208620563,1584.0325243512666,1593.8692626953125,1346726
2022-04-28,1606.1769793389649,1645.143403098076,1596.67297354406,1633.9761962890625,3117433
2022-04-29,1645.1433607718668,1652.7465652121757,1603.468319636561,1610.3111572265625,2404830
2022-05-02,1585.8383237898304,1602.327750017549,1572.9604660339362,1596.150146484375,1399802
2022-05-04,1596.197775278854,1598.4787598756634,1544.4485100662378,1552.906982421875,1777673
2022-05-05,1568.8261193068631,1588.3093303065116,1552.0040762158822,1556.4234619140625,1707752
2022-05-06,1535.8472579039674,1552.0040669289472,1532.1406726303928,1541.977294921875,1439520
2022-05-09,1527.8165680788118,1549.010432364634,1512.324991515919,1535.989990234375,1400010
2022-05-10,1531.095301315804,1548.7727285189185,1521.5912957210442,1528.196533203125,1176030
2022-05-11,1521.116133136214,1529.1945380919512,1480.1063247754191,1492.8892822265625,2988788
2022-05-12,1473.1208878806417,1477.8253243098532,1438.051083540215,1450.453857421875,3407191
2022-05-13,1454.1128459494134,1496.7858539781264,1427.5016304679864,1458.3896484375,4328846
2022-05-16,1473.1208676462409,1489.7528774422467,1463.094095334371,1466.373046875,1775914
2022-05-17,1468.3688271486328,1528.1490440266246,1468.3688271486328,1524.5374755859375,1608711
2022-05-18,1542.5002371540888,1542.5002371540888,1487.3770000900488,1494.5050048828125,2984009
2022-05-19,1473.1208528858497,1485.2384599015236,1463.9494643728092,1471.1724853515625,1798843
2022-05-20,1491.558613049535,1533.423686732293,1483.6227918374716,1530.2398681640625,2175224
2022-05-23,1548.2024828053593,1577.664899605216,1525.9630869210391,1562.60107421875,4177811
2022-05-24,1563.218884940653,1571.677357098281,1530.2399159531103,1545.636474609375,1970395
2022-05-25,1552.0042708136957,1558.3719088008318,1493.1744470206172,1496.6434326171875,1417130
2022-05-26,1496.8809809223742,1510.0915727825436,1460.4331402408332,1486.9493408203125,3578710
2022-05-27,1497.070999260968,1526.3433845490097,1495.9305649315947,1520.9261474609375,1279218
2022-05-30,1539.6490569418677,1581.1815190469188,1533.5664695631538,1578.472900390625,2119326
2022-05-31,1578.1401475645257,1591.3507386997012,1563.4089387194488,1572.437744140625,3534742
2022-06-01,1571.534901380376,1578.615339186585,1557.183760029761,1566.2601318359375,1425466
2022-06-02,1551.053656282246,1567.6380990316843,1543.1652855211037,1555.9482421875,1852251
2022-06-03,1575.7166457894518,1590.6854554049908,1563.3614378528164,1570.109375,2928263
2022-06-06,1570.2044028832029,1579.8509923507577,1553.049625336757,1558.8470458984375,1538005
2022-06-07,1549.1529251640493,1557.1363131349046,1507.4303170439157,1510.6141357421875,2157491
2022-06-08,1515.8889149790373,1528.0540887280936,1492.223917491899,1505.957275390625,2122442
2022-06-09,1479.0134013940242,1520.6409950395114,1479.0134013940242,1515.9840087890625,1361104
2022-06-10,1492.1289544917463,1515.4137693866812,1491.226120320467,1506.47998046875,1337799
2022-06-13,1482.767637146717,1488.279891455424,1442.9933920785138,1456.0614013671875,2460367
2022-06-14,1456.0612309754963,1477.207643531657,1449.550894297337,1468.0362548828125,1983405
2022-06-15,1471.1725291541395,1489.2777065817206,1462.7140568176358,1482.95751953125,1461683
2022-06-16,1490.608268855213,1496.8808893789958,1441.5200564860902,1451.641845703125,2329325
2022-06-17,1446.5095771063775,1454.0652147592325,1407.9233395798706,1416.0491943359375,4548572
2022-06-20,1416.0970511204043,1423.557673455044,1384.1160441788718,1398.7998046875,1837431
2022-06-21,1406.5929292464125,1440.0469849411272,1403.646710503158,1425.8861083984375,1458922
2022-06-22,1416.0969141285398,1416.9997483050934,1395.18810063134,1405.4049072265625,1906619
2022-06-23,1408.0185412814612,1436.7681605010118,1408.0185412814612,1420.1837158203125,1828491
2022-06-24,1427.2640861025866,1437.0056921505648,1415.1464785794917,1420.706298828125,1731440
2022-06-27,1448.4104709904575,1468.083716414562,1434.8672628463542,1459.625244140625,2389778
2022-06-28,1454.112896195466,1480.2489123035543,1448.5055095364096,1474.5465087890625,2072405
2022-06-29,1455.3009287682398,1476.9225425670822,1449.7411084231055,1471.1251220703125,1480197
2022-06-30,1472.218152541688,1489.1827807019747,1465.6127985078508,1480.9617919921875,3308971
2022-07-01,1483.5278066897508,1497.8313824781992,1458.4847734663044,1494.17236328125,1294305
2022-07-04,1494.124712887428,1508.7133384337264,1473.3109172013787,1503.24853515625,1269969
2022-07-05,1505.434487854242,1518.027295281053,1484.145492095589,1487.2818603515625,1445200
2022-07-06,1487.899608572238,1511.612055587469,1474.8316011756158,1478.9658203125,2422594
2022-07-07,1488.2322490311744,1534.0890757098912,1487.994648892943,1531.1903076171875,1697912
2022-07-08,1540.5993456113788,1617.5817928627805,1537.748143861327,1603.75341796875,6516138
2022-07-11,1601.3773589294071,1605.0839442743354,1571.3922912122898,1580.51611328125,1316037
2022-07-12,1572.9129763233418,1589.9251700861114,1567.2581392195762,1571.7249755859375,781516
2022-07-13,1581.4665730763393,1599.7617843333824,1562.838744817762,1565.54736328125,1914814
2022-07-14,1569.9191900771968,1584.6503992098935,1553.524779913389,1564.501953125,1170472
2022-07-15,1571.867497921647,1604.1335502920151,1567.400545712814,1601.2823486328125,1345141
2022-07-18,1611.9268395906304,1648.5647098280715,1606.176870069609,1641.95947265625,3200640
2022-07-19,1634.641512764934,1648.8975221765843,1628.9866754379268,1644.0030517578125,1351783
2022-07-20,1654.0297195894177,1660.2073237082166,1642.244728528876,1653.6495361328125,1509911
2022-07-21,1662.2645306557908,1702.740586465624,1650.9061414325038,1699.0828857421875,2827327
2022-07-22,1699.419663750928,1712.94383778388,1686.954412170017,1701.58544921875,1495629
2022-07-25,1698.9385275681198,1718.6712413444068,1694.173846120256,1715.7353515625,1916615
2022-07-26,1714.0991047654295,1714.0991047654295,1676.7032275384106,1685.7032470703125,1585897
2022-07-27,1688.3503560941767,1751.398787293817,1684.5000702193895,1729.404052734375,5369460
2022-07-28,1737.4413076449732,1748.029592622311,1720.0668475679686,1733.8316650390625,1831059
2022-07-29,1747.0189681954248,1763.9121437762135,1726.8531437569045,1740.3773193359375,1747781
2022-08-01,1740.3290171372007,1749.8103215234285,1723.291551082817,1746.7781982421875,1341943
2022-08-02,1741.2916877543544,1743.8425255014815,1709.2380126707567,1725.938720703125,1749346
2022-08-03,1725.9385374270562,1736.478646289514,1706.638935627111,1722.8101806640625,1264299
2022-08-04,1726.6605648280258,1746.8745635315472,1708.5641761309848,1713.4732666015625,1856927
2022-08-05,1716.2166464335494,1739.366535817286,1708.8530691568535,1720.5482177734375,1430542
2022-08-08,1729.163203654546,1763.4788959215232,1723.2433663277554,1761.168701171875,2625195
2022-08-10,1761.5056612685244,1797.120803053735,1754.0457329216222,1785.71435546875,3422074
2022-08-11,1800.0566171605335,1808.4791165530096,1785.7623384761937,1797.26513671875,1918049
2022-08-12,1795.195589509483,1799.045874956152,1769.2061627444664,1777.33984375,1041383
2022-08-16,1790.3828837736014,1794.2331695451574,1773.0565978015986,1779.6983642578125,1426893
2022-08-17,1791.7785601947028,1797.4577551916389,1780.805339778551,1786.2437744140625,1748371
2022-08-18,1787.4951658984826,1827.4900562717296,1780.7571658116278,1823.6397705078125,2519639
2022-08-19,1823.2064846211597,1869.3136786715768,1821.9070367176244,1863.58642578125,4134598
2022-08-22,1864.596995047672,1871.2387610640724,1804.8213359028475,1810.2598876953125,3175874
2022-08-23,1800.0085024225466,1840.388325302539,1795.86939843781,1806.794677734375,1811509
2022-08-24,1805.7839071436488,1826.9604774832865,1782.2971419939547,1822.4844970703125,1534933
2022-08-25,1828.8855966718663,1846.2118812719157,1802.8961697717923,1807.61279296875,1121363
2022-08-26,1819.452340894996,1840.4364435807283,1816.5646268098792,1834.08349609375,1119310
2022-08-29,1800.0084323563729,1819.2598594403985,1791.3452901685614,1811.0780029296875,1183546
2022-08-30,1823.013939376212,1855.8375995611184,1818.441725373144,1850.54345703125,1394462
2022-09-01,1833.6984347917537,1858.244004391328,1821.2812407881615,1841.350830078125,2014905
2022-09-02,1829.366896022137,1885.4848541187675,1829.126253178672,1867.8697509765625,3201140
2022-09-05,1875.0408883476048,1898.912705771752,1869.4098692278017,1894.6773681640625,2474746
2022-09-06,1899.9234527988929,1910.800438983397,1878.2655965670235,1888.8538818359375,1172733
2022-09-07,1868.4472003429896,1887.939269933854,1861.6129673447415,1884.8109130859375,1238549
2022-09-08,1894.2443841938125,1903.0037609081328,1874.6560786427617,1900.5010986328125,1632797
2022-09-09,1903.3405063196255,1913.014395748022,1871.2387741016476,1876.7735595703125,980869
2022-09-12,1876.773484628592,1893.3778403715555,1874.9927511361457,1888.46875,791708
2022-09-13,1895.206847453657,1920.3299374203823,1889.623886349322,1916.8165283203125,1761021
2022-09-14,1891.115830512232,1899.10510223429,1876.4366173918636,1880.7681884765625,2322752
2022-09-15,1885.77348908154,1910.4152918903303,1881.6345028195192,1884.2333984375,1566565
2022-09-16,1874.1265127182007,1883.6559930628089,1843.324227968852,1848.1370849609375,3881617
2022-09-19,1849.1959470165489,1859.6398235111203,1833.6985705244688,1839.1851806640625,1755456
2022-09-20,1858.7253699595228,1882.597187635893,1852.949941570213,1860.3616943359375,1666658
2022-09-21,1849.1957575929116,1873.4526255970195,1820.799903372804,1824.6983642578125,1618385
2022-09-22,1811.5593261604797,1834.2759870902696,1802.8961837930808,1817.5272216796875,1875115
2022-09-23,1819.2597254083555,1824.505691901707,1783.211477849889,1787.3504638671875,1948766
2022-09-26,1779.7944571129651,1806.5539881090533,1749.9547447438458,1782.1527099609375,1529101
2022-09-27,1786.5324803704275,1794.233051406507,1763.9120529519444,1772.286376953125,1443698
2022-09-28,1761.2168014963124,1786.5324757119677,1757.2702823508905,1766.7515869140625,1853503
2022-09-29,1775.6071950319597,1787.879979265841,1730.1257005181646,1747.5482177734375,2377718
2022-09-30,1755.682020558232,1812.4737319461367,1748.077800661641,1778.5430908203125,2339518
2022-10-03,1782.6822142090027,1782.6822142090027,1746.1045013904595,1751.2061767578125,1850414
2022-10-04,1766.6071565337306,1810.5484424433716,1766.6071565337306,1801.5003662109375,1637532
2022-10-06,1811.559293584294,1847.1744337875984,1807.805241792317,1841.350830078125,2771898
2022-10-07,1833.6985277225283,1856.752065886777,1831.8215604821096,1852.516845703125,1469264
2022-10-10,1833.698458110032,1845.2493145390715,1813.0031736746696,1838.1744384765625,1656954
2022-10-11,1851.7949576438784,1851.7949576438784,1801.2117821713866,1808.62353515625,1047963
2022-10-12,1809.634363248038,1844.2869361612984,1788.5059664862074,1839.7147216796875,1907748
2022-10-13,1829.8482203721271,1840.4365057083153,1798.324007212113,1805.9283447265625,1303645
2022-10-14,1828.885587305658,1864.2600848495963,1827.3935546944065,1840.0513916015625,1819114
2022-10-17,1831.6770819427377,1842.361600640532,1808.0940833974437,1812.71435546875,2588147
2022-10-18,1822.2438214250476,1858.9177668073728,1822.2438214250476,1846.30810546875,1401849
2022-10-19,1848.1369766152911,1874.126402848944,1830.4738159901044,1833.6021728515625,1636141
2022-10-20,1827.5862283467163,1846.0194943207575,1815.698494951383,1832.88037109375,1374019
2022-10-21,1842.0728252977983,1852.949929024577,1797.2170219448064,1806.505859375,2225676
2022-10-24,1834.6609873316615,1848.0407525548717,1828.88555924982,1838.2706298828125,269400
2022-10-25,1843.3241670475036,1881.4901452336471,1820.7519155011848,1876.1478271484375,2136147
2022-10-27,1879.0355318041827,1898.046316199072,1876.9179218088511,1890.538330078125,2245395
2022-10-28,1898.1906973035816,1911.6666961688195,1890.297659254496,1901.1265869140625,2013794
2022-10-31,1911.6666785935276,1958.4957977199751,1904.158575151368,1947.3780517578125,3176507
2022-11-01,1955.945073332636,1979.046786797195,1915.5652503399328,1948.6776123046875,4464211
2022-11-02,1960.2766780893223,1965.5708208487092,1925.14282159521,1937.945068359375,1889651
2022-11-03,1930.9181941104584,1946.8006219284157,1918.4047661326736,1933.51708984375,1052241
2022-11-04,1934.7683998841997,1953.3941318753452,1929.7149003322631,1939.677490234375,2312753
2022-11-07,1945.7418448862416,1955.94507819149,1918.4047937183263,1942.1322021484375,1395070
2022-11-09,1949.255178547691,1960.7096837245824,1921.533076393655,1928.51171875,1301233
2022-11-10,1920.329985187868,1926.9235759224448,1896.45816694287,1903.62939453125,1261210
2022-11-11,1928.6079851888023,1943.2391406028291,1917.394005159663,1935.8272705078125,1203125
2022-11-14,1937.70438833119,1946.2231216530352,1920.570570547153,1924.9503173828125,1175155
2022-11-15,1928.030315232489,1941.5063134418024,1904.0622663456488,1921.82177734375,1450841
2022-11-16,1911.666799098376,1934.6241034724665,1910.752403269555,1928.6080322265625,1195832
2022-11-17,1927.068023876232,1981.934595984596,1926.2016860795047,1953.5869140625,3786182
2022-11-18,1962.6830730931324,1974.1857542551377,1931.736379264289,1948.6776123046875,1248459
2022-11-21,1943.4316455997337,1956.9076451234564,1931.880788865114,1936.1641845703125,714687
2022-11-22,1945.886178861988,1957.051983132279,1944.009094210069,1953.827392578125,1337869
2022-11-23,1962.6349778204053,1967.4960105613425,1942.4691532841432,1949.2071533203125,1046988
2022-11-24,1954.501164313592,1982.8970196926864,1952.4797879394257,1975.388916015625,1611889
2022-11-25,1983.8596894741925,2017.357221770093,1981.4050853614765,1985.544189453125,2652761
2022-11-28,1987.0843037864377,1994.447880773705,1975.1964533531093,1987.180419921875,1105372
2022-11-29,1992.5227475049865,1994.4478902561991,1962.297982810672,1973.80078125,1413764
2022-11-30,1976.1591267064896,2007.9239835897408,1968.458555340853,1997.19140625,2104550
2022-12-01,2007.2018673726725,2031.0255078078592,2001.618906653974,2025.49072265625,2614357
2022-12-02,2017.6458549624408,2020.340866679083,1991.70436966625,2007.4425048828125,1957264
2022-12-05,2017.5015357695015,2018.3198154837091,1991.4159910949577,2007.5390625,1767537
2022-12-06,2003.1110462000129,2021.3999024603684,1989.635046850277,2015.1431884765625,1530731
2022-12-07,2017.838647960985,2063.7532607256353,2017.838647960985,2044.5018310546875,3438327
2022-12-08,2040.651310483428,2093.592735991253,2040.651310483428,2086.56591796875,3743754
2022-12-09,2086.854826181921,2112.2186769495916,2057.496398046059,2073.427001953125,2573609
2022-12-12,2068.469715708653,2087.817496049372,2054.6569562639006,2082.7158203125,1536090
2022-12-13,2088.7796822048226,2094.2662915123674,2071.934684767687,2091.571044921875,1233124
2022-12-14,2095.4697727605057,2127.282804690943,2093.6409810924283,2113.27734375,1516631
2022-12-15,2114.480511275397,2126.320186293795,2092.2452533167266,2096.04736328125,1323412
2022-12-16,2080.1165314071477,2128.822732066834,2080.1165314071477,2093.592529296875,2822390
2022-12-19,2089.742431640625,2105.5766835808754,2074.389465382466,2102.255859375,1592779
2022-12-20,2098.309435682408,2098.309435682408,2057.9777854320755,2082.28271484375,1747181
2022-12-21,2072.5123286163357,2093.5443702008806,2062.645972940888,2065.966796875,1979681
2022-12-22,2063.7528951310146,2067.9401743437893,2018.4156922863135,2030.977294921875,1993744
2022-12-23,2016.1058319280428,2025.39455209647,1973.3677550350992,1985.544189453125,2026125
2022-12-26,1975.9183816035627,2029.1004498454804,1974.2338817044977,2012.784912109375,1154610
2022-12-27,2022.891990202262,2048.3519569523583,2006.9613863936404,2044.5980224609375,1059351
2022-12-28,2049.31442481871,2056.0524243366676,2034.5388604460804,2041.710205078125,1153883
2022-12-29,2030.6887534680616,2041.1809232126168,2015.7688960813991,2031.8919677734375,1517150
2022-12-30,2035.8384828026471,2053.1647677626697,2003.207406795717,2007.7314453125,1189427
2023-01-02,2014.565453011432,2019.0897262881256,1997.3836956834184,2011.24462890625,807344
2023-01-03,2009.849031928258,2018.3197070327255,1990.549428850039,2010.763427734375,1260225
2023-01-04,2012.6886085228136,2022.7956081559923,1980.971928103061,1993.05224609375,1015547
2023-01-05,2002.148395293169,2020.629718095321,1991.0788248384229,2009.223388671875,1881403
2023-01-06,2011.9667829764528,2042.287783428216,1994.303738000673,2008.4534912109375,1877917
2023-01-09,2029.1004170884405,2047.678091247347,2022.1217747621165,2042.28759765625,1844365
2023-01-10,2052.10595419448,2052.10595419448,2018.704772304196,2027.801025390625,1425414
2023-01-11,2027.2715276941287,2059.902601065036,2018.6083859139487,2045.801025390625,1455621
2023-01-12,2038.8223301110577,2083.629835367396,2038.8223301110577,2078.913330078125,2726901
2023-01-13,2080.9831268684957,2083.8229006524825,2037.9562299896563,2072.80126953125,2180210
2023-01-16,2066.641011376437,2080.117012382152,2052.4912573209976,2057.207763671875,1009649
2023-01-17,2059.8064316719865,2134.7908842536053,2056.437431793555,2130.266845703125,4645453
2023-01-18,2137.8709722452018,2189.657357970111,2117.656973858372,2181.66796875,4090049
2023-01-19,2175.2669259020613,2198.32046238007,2157.122362232024,2188.02099609375,2176835
2023-01-20,2197.0211204027964,2211.6521591848536,2154.667977347857,2165.737548828125,1962410
2023-01-23,2170.5986063598334,2188.213710786727,2143.646605926097,2149.9033203125,1466706
2023-01-24,2160.684075597296,2167.9997125804357,2117.6571790062285,2124.87646484375,1036962
2023-01-25,2118.6196296386524,2122.4699151991044,2074.3413456934554,2093.303955078125,2134447
2023-01-27,2093.303808767432,2112.844053621524,2047.4855548021733,2079.009765625,1647900
2023-01-30,2049.6991986508297,2091.908043465676,2005.8060890913257,2033.8167724609375,3441304
2023-01-31,2040.603322747009,2052.9242844544106,1995.073645618824,2044.88671875,4516463
2023-02-01,2053.1645563873176,2133.0097976907177,2002.4370965329172,2065.244873046875,6868872
2023-02-02,2055.6676583883864,2085.8441319884814,2028.9563009657668,2064.619384765625,3488506
2023-02-03,2095.469877625793,2100.186618747211,2051.2879419338315,2085.459228515625,2045634
2023-02-06,2083.2452539159767,2099.94596252051,2062.116857657459,2075.400390625,1332484
2023-02-07,2081.3199696608517,2090.705040630533,2069.576645807037,2084.255859375,1089248
2023-02-08,2079.6835363764235,2093.833287942821,2045.9935397884456,2051.09521484375,1452145
2023-02-09,2069.5284142909927,2071.405381433633,2055.7635969070147,2067.025634765625,1563181
2023-02-10,2060.0951540175965,2088.7316516487945,2057.5444339439928,2082.860107421875,1454665
2023-02-13,2091.667537275684,2127.6676116565873,2079.3465770320886,2120.83349609375,2978938
2023-02-14,2132.0955195712418,2133.058090911906,2100.4749570293147,2109.619384765625,1874906
2023-02-15,2104.181223829148,2105.962075041651,2076.507294192786,2093.64111328125,1946344
2023-02-16,2104.9511438512955,2119.8710002630323,2090.4162219910077,2096.769287109375,2464602
2023-02-17,2088.587296814954,2164.8228983466624,2079.154050879854,2143.020751953125,3753179
2023-02-20,2150.095675146679,2167.7107786522693,2132.095637084714,2142.20263671875,1779752
2023-02-21,2155.1974872060105,2177.336630665474,2139.507525492875,2146.0048828125,1882604
2023-02-22,2145.5715850680604,2157.1224415152637,2100.3789062189317,2112.603515625,2103097
2023-02-23,2121.507607861619,2125.5503612027173,2072.8977466107062,2078.336181640625,2000556
2023-02-24,2079.153970755751,2090.9936445342164,2039.4479053420123,2054.17529296875,1479060
2023-02-27,2054.175580550692,2059.806482341488,2004.17004241129,2034.587158203125,1398112
2023-02-28,2035.8384118073711,2058.266371335165,2006.9612712143587,2030.207275390625,2108587
2023-03-01,2021.3998088009505,2050.276948926678,2021.3998088009505,2036.127197265625,1389077
2023-03-02,2050.2288583200434,2068.565890060315,2028.6673534671056,2042.1915283203125,1727640
2023-03-03,2059.902434508702,2079.0575080060735,2052.4425074678406,2071.50146484375,1821066
2023-03-06,2077.4698314167945,2103.074325981187,2059.7104351695184,2061.009765625,1821012
2023-03-08,2071.4534174232144,2107.6461919517856,2060.4801987112014,2089.5498046875,2965342
2023-03-09,2093.544644009375,2116.6945334517304,2090.2238196409426,2111.111572265625,1873933
2023-03-10,2090.223476260936,2100.330474419232,2053.1644830138507,2077.08447265625,1900535
2023-03-13,2083.052764685979,2097.394985092345,2028.138017219187,2053.983154296875,2334468
2023-03-14,2064.0900833528385,2089.7425172581875,2054.512309884596,2063.945556640625,2871343
2023-03-15,2083.1969414773384,2129.6410107380625,2079.154188666598,2095.180908203125,3044201
2023-03-16,2103.122230521694,2105.1437245326497,2052.202295703525,2092.245361328125,2946792
2023-03-17,2104.8546007609266,2145.47506235119,2104.8546007609266,2113.56591796875,3286473
2023-03-20,2109.0902525291035,2122.4699007595373,2071.4536174306236,2096.04736328125,1996773
2023-03-21,2101.004557815971,2143.646518040229,2100.330804833309,2125.790771484375,3178680
2023-03-22,2136.4272793507166,2162.176064988307,2125.261356811431,2131.0849609375,1956033
2023-03-23,2131.133099325348,2158.0850987748104,2118.186560876074,2124.05810546875,2455799
2023-03-24,2123.432539461598,2136.282961840687,2072.4644300865925,2085.073974609375,1449544
2023-03-27,2093.6408357753894,2108.031230278334,2069.5283767572687,2073.378662109375,1540581
2023-03-28,2086.614150927096,2088.587469296307,2043.0096195362744,2053.742431640625,1627243
2023-03-29,2057.6404845489214,2078.4802945916326,2041.6137661004404,2067.07373046875,2372385
2023-03-31,2075.7850252742296,2095.469561518221,2070.057772993362,2083.19677734375,1489542
2023-04-03,2098.405493842118,2101.7744934881957,2074.341210655856,2088.924072265625,1231654
2023-04-05,2088.779964064749,2177.817819675804,2083.967107004692,2173.24560546875,2763363
2023-04-06,2173.2455021444225,2205.8765774590897,2170.0689696352524,2189.1279296875,2389899
2023-04-10,2199.379160334616,2233.0691572280252,2192.785687658567,2223.2509765625,1955914
2023-04-11,2233.165725817402,2242.7914401528215,2201.689686941137,2215.358154296875,1342440
2023-04-12,2217.7643379943192,2226.13866154088,2196.539593227805,2202.844482421875,1165839
2023-04-13,2208.9089995548616,2209.101466843352,2158.5182903950295,2174.208251953125,1956668
2023-04-17,2174.2078772512987,2188.694622006197,2118.7636775591404,2131.1328125,4125850
2023-04-18,2136.9083907668455,2146.534104238768,2106.106107656693,2133.6357421875,2848601
2023-04-19,2125.4538671043265,2151.346942115708,2125.4538671043265,2136.5234375,1970015
2023-04-20,2141.7212244831903,2167.1811893422237,2139.074153306863,2149.18115234375,1898996
2023-04-21,2156.3044418930717,2159.047864656687,2119.582433336614,2132.288330078125,1009316
2023-04-24,2136.9083070031525,2149.1329156327533,2104.7103437022383,2145.47509765625,1239073
2023-04-25,2147.5448937701212,2169.635859626007,2135.079641577173,2163.812255859375,1350118
2023-04-26,2163.7162046283606,2201.6895991671618,2160.0583863261677,2190.956787109375,1894812
2023-04-27,2190.5718375499196,2223.5399076086187,2182.245689039856,2219.3046875,1252989
2023-04-28,2225.7537390339317,2280.33148658352,2225.7537390339317,2275.903564453125,2884961
2023-05-02,2284.374440695244,2325.9095383563103,2284.374440695244,2295.203369140625,1840153
2023-05-03,2294.866464296418,2300.545541296837,2260.5988300149047,2268.10693359375,998235
2023-05-04,2273.401311447886,2292.5082138450057,2255.160629359921,2268.6845703125,1230912
2023-05-05,2268.7807146876644,2316.861107525314,2268.7807146876644,2288.513427734375,2425866
2023-05-08,2288.46524287697,2295.7327036774263,2265.941166955207,2276.8662109375,1583576
2023-05-09,2279.0320290777986,2312.00009877368,2279.0320290777986,2285.4814453125,1417301
2023-05-10,2297.6579364109916,2299.5349036442017,2262.0427945395186,2275.951904296875,1675409
2023-05-11,2213.9143448180644,2227.438520751099,2153.6093372092473,2158.2294921875,9470848
2023-05-12,2139.459082722579,2151.3469327053012,2115.1062159608355,2137.96728515625,5367292
2023-05-15,2137.774746069045,2175.411382123715,2132.095668762845,2162.753662109375,2662740
2023-05-16,2170.2134632218285,2170.5983977613428,2139.8924656477784,2143.8388671875,2528855
2023-05-17,2141.0956513590827,2160.010084164496,2127.4751259140494,2136.5234375,1961004
2023-05-18,2146.5343622749283,2149.951537968796,2099.368360592654,2106.298828125,2290757
2023-05-19,2109.956312758174,2116.7424874982084,2087.3358869599,2108.079345703125,1729803
2023-05-22,2108.0312503510772,2138.83353346123,2096.865328722539,2133.6357421875,1112099
2023-05-23,2142.2990791341613,2145.186793438349,2111.8817277956055,2115.39501953125,2265389
2023-05-24,2117.657072207262,2125.838929077154,2094.555358692274,2103.36279296875,2648479
2023-05-25,2108.0313995391816,2124.683932024683,2096.480542555405,2122.18115234375,1689521
2023-05-26,2126.3202510550777,2137.630465156434,2118.619679752026,2135.41650390625,1249128
2023-05-29,2141.7214402227805,2157.892687311313,2137.101050339944,2141.288330078125,1369656
2023-05-30,2146.5343030932686,2153.2723031478213,2124.587627343595,2128.052978515625,1716729
2023-05-31,2118.715947230931,2140.758737714379,2117.657024717462,2123.095458984375,2809284
2023-06-01,2134.0206483383167,2138.833505010257,2119.726370021547,2125.1650390625,1049488
2023-06-02,2137.870929801501,2153.5608895241453,2129.352079506498,2150.913818359375,1399950
2023-06-05,2160.972916998755,2187.7324504547996,2156.1600597225884,2183.40087890625,2344944
2023-06-06,2184.0744861761177,2195.3365244502465,2178.972810803268,2192.689453125,1677680
2023-06-07,2192.7375583702224,2231.2404127753184,2192.7375583702224,2228.833984375,2128603
2023-06-08,2230.229433487865,2257.2777798904945,2226.186681197083,2252.70556640625,2556995
2023-06-09,2257.2298676454056,2280.1872888718226,2250.732510883526,2274.55615234375,2501720
2023-06-12,2276.481357012698,2281.2942140042683,2245.7754234075933,2252.368896484375,1172382
2023-06-13,2258.048035210332,2269.646831666449,2239.9998228789073,2266.27783203125,1688768
2023-06-14,2264.834139094841,2271.6684899938164,2252.4170621125127,2266.90380859375,1013564
2023-06-15,2266.855188001098,2280.8124704749903,2261.079760770522,2272.91943359375,2561534
2023-06-16,2275.2782214611652,2290.92000722478,2264.2086499976845,2278.214111328125,1794542
2023-06-19,2289.957440493079,2329.326518125492,2272.6311546885913,2277.781005859375,3111256
2023-06-20,2276.4330820776804,2300.2085475777,2266.326082836546,2292.844970703125,1771306
2023-06-21,2292.8448914507394,2321.722031141555,2292.8448914507394,2304.828857421875,1607299
2023-06-22,2304.973412878823,2333.2729161277807,2290.919777386187,2325.81298828125,1741775
2023-06-23,2328.4120541464354,2336.1608009606443,2294.0483019734056,2300.112548828125,1212955
2023-06-26,2308.3424113628625,2313.877196536471,2279.320744624804,2288.5615234375,793572
2023-06-27,2298.0910643251323,2307.235492714248,2282.786272917095,2298.668701171875,1012317
2023-06-28,2310.1714927992907,2341.839999678629,2300.5939538192865,2330.818603515625,1734938
2023-06-30,2329.4229078074404,2390.5461948511484,2324.658226132939,2382.893798828125,2690699
2023-07-03,2385.444246030269,2399.1127120476467,2356.374638584236,2362.1982421875,1078456
2023-07-04,2366.192772507451,2391.412094098189,2366.192772507451,2369.706298828125,1441581
2023-07-05,2368.8880430283516,2391.941579380309,2362.4870376852327,2378.3212890625,1191896
2023-07-06,2375.7226082177976,2406.38036684653,2375.1931469379083,2395.455322265625,1796824
2023-07-07,2389.824106671711,2410.27874860778,2353.102102326423,2357.67431640625,1837661
2023-07-10,2358.2998752642875,2371.150297157145,2329.4227339345207,2347.470947265625,1178479
2023-07-11,2355.604730027937,2386.214548158564,2355.604730027937,2381.93115234375,1219658
2023-07-12,2387.4659771430925,2392.9044117495255,2356.1824055067455,2363.064697265625,1822435
2023-07-13,2373.701187367562,2391.8936937075823,2354.6904012967957,2358.4443359375,1141663
2023-07-14,2358.5404711289452,2384.33743053691,2357.0002629542596,2379.717041015625,845623
2023-07-17,2382.3641357152073,2400.6529917065563,2372.7384220355502,2376.396240234375,878697
2023-07-18,2376.5888293749313,2396.754653567328,2375.722609100454,2382.075439453125,720865
2023-07-19,2381.9792804136932,2409.268038601709,2374.0860069315577,2400.79736328125,1431080
2023-07-20,2400.653264509413,2402.2895890203463,2376.637153150106,2396.51416015625,1045704
2023-07-21,2427.604985047124,2497.872694764983,2426.738764818836,2489.4501953125,4610417
2023-07-24,2538.9262314615617,2539.263225435719,2487.188021314795,2507.739013671875,2155297
2023-07-25,2518.086602476432,2519.77110230607,2457.4446086094536,2465.048828125,2068876
2023-07-26,2494.022280478714,2573.7714080335286,2488.2468525810405,2547.204345703125,5820099
2023-07-27,2569.055068691831,2576.178238546102,2547.397210694087,2560.632568359375,2117794
2023-07-28,2560.5842193685376,2568.2847905795434,2526.749928611294,2550.381103515625,1325724
2023-07-31,2555.627115920243,2589.3171155651426,2532.6217530209833,2580.990966796875,1284981
2023-08-01,2580.9908072911157,2588.354384185887,2555.963951958712,2566.8408203125,1298745
2023-08-02,2568.1552978931927,2574.921239486123,2533.789866727978,2552.724853515625,1479486
2023-08-03,2545.764221395254,2572.7795013737314,2517.824141529422,2529.311767578125,1612618
2023-08-04,2536.0288066245207,2565.2345126509067,2529.700903652137,2557.348876953125,1101278
2023-08-07,2558.4198548326954,2583.7314667907053,2553.649684572805,2566.110595703125,1163125
2023-08-08,2569.177276060585,2579.3505492422155,2558.711898289551,2562.508544921875,767310
2023-08-09,2565.2346768985485,2584.7051488294674,2546.0075858667665,2581.395263671875,906865
2023-08-10,2570.1996364630936,2591.13039292684,2552.23793670521,2573.509521484375,1040041
2023-08-11,2572.098146254939,2586.554829509913,2561.584043547988,2568.64208984375,1320121
2023-08-14,2567.181746313659,2593.028845561023,2546.737750609227,2589.475341796875,1364413
2023-08-16,2598.3342957853365,2623.645907508985,2581.8331195239016,2619.800537109375,1703875
2023-08-17,2619.8008686578014,2619.8008686578014,2572.049486039114,2582.271484375,1629067
2023-08-18,2579.837645256952,2603.883631622692,2563.0443624717886,2572.000732421875,1898966
2023-08-21,2571.9033973815463,2595.998106290907,2553.9904206772794,2591.76318359375,1376318
2023-08-22,2597.3606546993287,2614.5432491172232,2591.519513796706,2607.874755859375,1497180
2023-08-23,2618.3403218566345,2653.8252078600053,2611.4282095534713,2645.647705078125,1990672
2023-08-24,2674.756013988986,2693.5450664633477,2609.6273820948204,2616.977294921875,2619182
2023-08-25,2606.5608234269394,2611.6718225389873,2561.340697866157,2568.544677734375,1408427
2023-08-28,2583.293724512123,2628.513850440854,2579.886391743033,2623.987060546875,1551734
2023-08-29,2638.2491688156197,2650.0289003965013,2624.911941955098,2646.962158203125,1101830
2023-08-30,2650.8559970945485,2665.166746252531,2635.3283434558416,2637.275390625,1920079
2023-08-31,2647.9843407457765,2652.4626446280013,2607.4371755987763,2631.142333984375,2439625
2023-09-01,2638.2488465189385,2644.0412641632347,2617.123432810925,2630.55810546875,1263430
2023-09-04,2660.639895157585,2669.4016072162817,2633.3812354194174,2639.31982421875,1548282
2023-09-05,2648.470744127989,2666.4809293021726,2647.9839823665243,2660.591064453125,1066447
2023-09-06,2667.4546686346107,2670.1805822546785,2640.1960077872495,2658.157470703125,1747425
2023-09-07,2660.640111798295,2780.3347959664375,2657.7195408742573,2771.03759765625,4100519
2023-09-08,2811.5363502458654,2851.1587159567234,2796.39800968895,2824.7763671875,3638510
2023-09-11,2828.0861241456196,2848.5301202237806,2813.5319935205475,2817.572021484375,1545803
2023-09-12,2873.452550549277,2929.332713963656,2854.8094297204716,2866.151123046875,7788759
2023-09-13,2865.5665408874547,2865.7611980601864,2811.974022458341,2829.78955078125,2458417
2023-09-14,2847.458935957266,2854.030219918919,2829.059435935297,2841.325927734375,1910041
2023-09-15,2855.344595645533,2857.242919048324,2823.2183182311783,2831.5419921875,1655275
2023-09-18,2832.953422935313,2852.4238931960367,2830.0328523962044,2842.542724609375,736631
2023-09-20,2849.454803146066,2866.9782276364963,2809.6377836801394,2813.483154296875,1399240
2023-09-21,2808.664258597414,2828.183453957495,2770.6968388884243,2822.585693359375,2444711
2023-09-22,2831.6881805031353,2858.7034616693154,2825.4090005241683,2841.228759765625,1965569
2023-09-25,2840.6932363390206,2846.3884446606567,2794.9863493217053,2825.65234375,1049532
2023-09-26,2837.821364640914,2866.053549743688,2832.9537465197463,2835.436279296875,953456
2023-09-27,2844.635904863339,2915.6056788770497,2834.5598407251423,2886.546142578125,2903693
2023-09-28,2909.861913494731,2969.733612283599,2899.3965352511486,2930.305908203125,4081102
2023-09-29,2959.511730062374,2977.375983108908,2925.6817851216942,2943.497314453125,2698016
2023-10-03,2959.9984503534783,2995.9700991643276,2915.8005748120545,2991.88134765625,3254492
2023-10-04,2982.973860792751,2982.973860792751,2910.884388189136,2947.586181640625,3100946
2023-10-05,2952.258891248506,3032.428413043692,2952.258891248506,3014.07763671875,3413447
2023-10-06,3032.477416423008,3032.477416423008,2991.784080715004,3011.7900390625,1898118
2023-10-09,2993.5848292012106,3003.320064418125,2974.64984423964,2993.292724609375,1181760
2023-10-10,2992.4656130805593,3016.9496365511213,2990.810432819148,2994.55859375,1551789
2023-10-11,3008.1879915249915,3027.6584639620464,3002.73616417195,3006.92236328125,2066921
2023-10-12,3012.081913685406,3022.839396626756,2985.845501112843,3000.15625,1870280
2023-10-13,2986.5269984350853,3016.9496106756837,2982.3895231703636,3007.798583984375,1437808
2023-10-16,3016.901101953913,3030.822537842625,2993.2931531728373,3019.77294921875,818794
2023-10-17,3027.5609651014033,3031.747164139594,2981.90280308275,2985.115478515625,1847182
2023-10-18,2987.402906289366,2997.624903426309,2956.736914878537,2964.96337890625,1350839
2023-10-19,2945.4932268249204,2988.620134031784,2927.531525485519,2973.530517578125,1599104
2023-10-20,2959.4628572740226,2975.3313386153,2898.47170216415,2932.59375,1667471
2023-10-23,2923.491557824801,2927.28820503702,2870.9212800617174,2879.97509765625,1614030
2023-10-25,2880.656154635842,2886.98405764535,2833.2456057768604,2838.89208984375,2108353
2023-10-26,2829.0596422077756,2838.940811888798,2781.4057085022037,2788.755859375,3286109
2023-10-27,2788.804360165674,2833.4892372053214,2781.9896947836364,2825.068115234375,2399538
2023-10-30,2822.43954156325,2854.371162816308,2780.5293035234017,2848.870849609375,1693052
2023-10-31,2852.3755879383502,2873.4037939754976,2830.9580675095303,2851.49951171875,1556467
2023-11-01,2869.4119810554225,2904.166724753426,2795.034875839621,2818.642822265625,3875595
2023-11-02,2857.291563933953,2860.066201068396,2826.33346810796,2840.839111328125,1451606
2023-11-03,2856.3180707250967,2869.996124018329,2828.0858880219516,2834.17041015625,1136175
2023-11-06,2855.3448670077883,2900.12695493222,2849.7471060172343,2896.6708984375,1235499
2023-11-07,2891.3651156664937,2904.60513180553,2877.833232586396,2882.8955078125,1112206
2023-11-08,2895.9406077762633,2923.2479923141473,2882.603381980581,2917.11474609375,1013438
2023-11-09,2923.491353845821,2948.5108626853935,2917.6502122796956,2944.762939453125,1719911
2023-11-10,2941.0634894235445,2963.405808281134,2925.681769164546,2952.9404296875,947753
2023-11-13,2969.2469064575816,2973.481829083355,2951.38265376938,2967.78662109375,531769
2023-11-15,2981.2702506421647,2989.7398588788587,2974.1147567296093,2983.80126953125,1160184
2023-11-16,2976.9864631335927,3000.4972008221303,2964.3793799724904,2970.366455078125,1597607
2023-11-17,2969.246923152792,3032.963994017576,2964.5252387125265,3026.684814453125,1325050
2023-11-20,3013.1530216715832,3029.556751901108,2994.753282828709,3007.019775390625,1231164
2023-11-21,3006.727711375348,3016.949709422763,2981.36737344619,2993.439208984375,1884782
2023-11-22,2993.4391911143334,3006.873626897974,2981.4160793644346,3000.69189453125,1104208
2023-11-23,2998.4525925568473,3006.240781108943,2950.798661389042,2965.011962890625,1514688
2023-11-24,2969.247046092279,2985.796947660662,2959.1224954975814,2973.384521484375,915121
2023-11-28,2973.1411648309427,2978.1547164527706,2954.6442158683403,2969.2470703125,1210508
2023-11-29,2969.247092875963,3008.090590921935,2968.273569238954,3002.103515625,1801107
2023-11-30,2994.8505645909777,3041.8230761951563,2977.716454924804,3026.87939453125,3131624
2023-12-01,3047.0800190073683,3113.2796210856454,3038.415754394254,3106.1728515625,2112908
2023-12-04,3198.024946175302,3258.9188933706832,3163.9516210257934,3225.819091796875,3095974
2023-12-05,3231.1734811255383,3236.965898882945,3192.232537981082,3227.668701171875,1659309
2023-12-06,3241.8335635023623,3310.9537385800404,3233.0718511685723,3302.484130859375,2057233
2023-12-07,3302.4843744657855,3319.6182483541866,3248.697192004651,3266.756103515625,2128823
2023-12-08,3287.5894147844097,3339.1861689992675,3276.880654475666,3289.0009765625,2428891
2023-12-11,3288.513994674936,3314.847855570971,3271.039293603073,3296.15625,1534238
2023-12-12,3285.6422387251864,3285.6422387251864,3243.7807227947615,3253.9052734375,1888423
2023-12-13,3264.175967950125,3319.7155379010755,3257.604683527594,3309.78564453125,1509107
2023-12-14,3335.2432649346474,3348.921319603828,3310.07782146165,3342.2041015625,2425646
2023-12-15,3344.199572175741,3406.261703025037,3341.960657988393,3395.650390625,2632935
2023-12-18,3403.438682429385,3413.17391893519,3374.2329729119706,3399.1552734375,1767429
2023-12-19,3396.575066877133,3431.6706396778222,3384.0167076919533,3406.310302734375,1311700
2023-12-20,3412.2002712292715,3421.546193005729,3322.198060540597,3327.990478515625,1876048
2023-12-21,3300.293952382983,3348.8726882593187,3244.754379686792,3333.490966796875,2292802
2023-12-22,3333.3446625198667,3403.4383586943495,3318.3524947976507,3385.8662109375,1681707
2023-12-26,3385.8662657807404,3415.461525028665,3385.8662657807404,3397.64599609375,1072263
2023-12-27,3417.0679213823096,3455.035342731002,3411.3727131093397,3450.167724609375,1389266
2023-12-28,3451.141198921605,3465.6953293619786,3407.819398258132,3424.90478515625,3371121
2023-12-29,3437.5119052136138,3446.273617801244,3402.4650548630925,3432.644287109375,968577
2024-01-01,3444.3264109890674,3444.3264109890674,3403.487144521857,3432.108642578125,777080
2024-01-02,3431.719361397301,3432.1086757607013,3341.132944262997,3347.071533203125,1511464
2024-01-03,3342.1064694655865,3374.0868143241737,3321.273159803781,3349.261962890625,1283859
2024-01-04,3349.943380354553,3387.959523891567,3332.371232106536,3367.1259765625,1651616
2024-01-05,3373.2107079551092,3460.876559768114,3368.3918134451965,3428.65283203125,2069018
2024-01-08,3446.2735373493792,3465.6952855965674,3397.597357443314,3408.403564453125,1993855
2024-01-09,3434.0556041731193,3498.600263172331,3426.9003486756465,3461.801025390625,1807271
2024-01-10,3455.9600621795576,3464.721774594502,3426.8030778451557,3451.6279296875,1534821
2024-01-11,3451.6278374986227,3465.3058912719607,3407.868000308086,3412.05419921875,1105348
2024-01-12,3412.2489063003786,3483.900099910731,3401.5401468115224,3474.31103515625,1782631
2024-01-15,3481.417923196578,3510.23407983068,3444.375301806993,3449.242919921875,1783518
2024-01-16,3454.061623594253,3493.9760899322923,3444.326387902048,3478.886474609375,1791818
2024-01-17,3460.876398845912,3518.7523293447257,3453.7696290288427,3476.404052734375,2699076
2024-01-18,3476.258267388991,3521.1862883836993,3431.6708370628826,3500.791015625,2148898
2024-01-19,3507.6055262696923,3559.056343533904,3507.6055262696923,3549.467041015625,1913923
2024-01-23,3541.289413495488,3564.4105981536663,3442.5739814436324,3456.982177734375,1742142
2024-01-24,3475.4792926342952,3522.159702264737,3428.458054669205,3494.1708984375,3711521
2024-01-25,3504.587529324063,3522.451782540132,3470.4169934066963,3498.308349609375,2206540
2024-01-29,3508.5787497050296,3634.990873257705,3504.7821030654054,3609.8251953125,2072982
2024-01-30,3617.5651500117424,3638.9339465367857,3528.9257743808575,3537.103515625,1454989
2024-01-31,3426.802976147712,3444.326400457558,3297.3730646833724,3387.61865234375,9637606
2024-02-01,3387.8621385741612,3401.2480881159413,3281.748065842959,3308.033203125,6149780
2024-02-02,3312.608614794192,3345.3678256364046,3272.0127293295104,3286.664306640625,7579802
2024-02-05,3286.1288821409535,3317.719675140498,3230.5893137268954,3253.2724609375,2954238
2024-02-06,3257.4099142661257,3336.9954673119287,3249.1836875110957,3333.588134765625,2545192
2024-02-07,3353.788841837622,3355.7358890607493,3299.2715195900437,3304.820556640625,2099940
2024-02-08,3322.6360677571297,3327.309028601936,3206.640825156168,3247.18798828125,3471727
2024-02-09,3247.918255264219,3300.2451510965016,3221.3410122643027,3236.528076171875,3121873
2024-02-12,3241.833688409072,3250.741334554303,3199.972172312498,3212.18994140625,1922273
2024-02-13,3224.310363117191,3250.157463835123,3197.149148063776,3233.558837890625,2151493
2024-02-14,3202.941423431917,3229.1291136567993,3176.6562857746753,3221.3896484375,2502138
2024-02-15,3221.3895294942777,3233.9966123327604,3203.0872386363435,3212.919921875,1999189
2024-02-16,3217.4465383705974,3308.0329502438267,3216.570462265498,3297.080810546875,2768329
2024-02-19,3310.515685838943,3317.7683890366875,3247.1879288825917,3251.4228515625,1216447
2024-02-20,3251.423033787026,3278.5842483530732,3240.324721652042,3267.87548828125,1578162
2024-02-21,3268.0212237005408,3268.0212237005408,3202.9413147232717,3209.123046875,2430672
2024-02-22,3222.363048994333,3279.800940199972,3190.1880471480467,3274.68994140625,2521388
2024-02-23,3274.690043747072,3309.882827184458,3252.299000712904,3298.249267578125,2107176
2024-02-26,3309.980122042526,3399.2034617322174,3303.16545708538,3378.272705078125,4122419
2024-02-27,3382.994304441334,3419.014675452652,3360.505815577123,3413.611572265625,2122286
2024-02-28,3412.199955269261,3419.98814346959,3354.908000749932,3378.3212890625,1666903
2024-02-29,3392.7297540831973,3403.438513708711,3345.465135655257,3385.47705078125,2119512
2024-03-01,3408.9386752400123,3561.4900070738727,3407.3324564383515,3537.2978515625,4407803
2024-03-04,3572.831583126821,3582.3721618650525,3526.1511744193917,3547.9580078125,1307501
2024-03-05,3535.058812182142,3547.957999748582,3495.2417924250776,3516.951416015625,1981370
2024-03-06,3522.208354741387,3555.7461949398426,3491.104323522162,3545.767578125,1500196
2024-03-07,3563.82637794758,3607.050729009781,3546.7897156204385,3579.597412109375,2344401
2024-03-11,3602.037413346041,3602.037413346041,3535.302321301283,3544.210205078125,1748541
2024-03-12,3542.7009270085337,3574.7784804895796,3517.4865244230564,3525.761474609375,1470377
2024-03-13,3538.660918931016,3540.5107564190216,3418.9175134116877,3444.862060546875,2503293
2024-03-14,3433.666381370203,3539.731727597736,3428.750039768764,3512.667724609375,4528490
2024-03-15,3502.7380315769433,3507.605649742003,3430.746006451044,3443.4990234375,4054210
2024-03-18,3443.498819849977,3477.6208687050053,3433.325546021803,3466.912109375,1354787
2024-03-19,3447.2470739135283,3455.5220245286837,3388.8356578065495,3408.987548828125,1447405
2024-03-20,3410.0099371294577,3431.622114447246,3395.40708249897,3416.77587890625,1442811
2024-03-21,3431.8167468743377,3500.790991485253,3431.8167468743377,3465.744140625,2504962
2024-03-22,3452.3092881474963,3550.732617620486,3452.3092881474963,3522.013671875,3020545
2024-03-26,3509.552475498462,3579.5487252234566,3504.684857640628,3572.928955078125,2320963
2024-03-27,3585.487707403276,3628.517406451493,3572.929347023092,3608.26806640625,2387693
2024-03-28,3608.413925803865,3712.38629320513,3599.652213455611,3664.245361328125,4278668
2024-04-01,3680.7467667272217,3749.8669417375017,3680.7467667272217,3736.383544921875,1905190
2024-04-02,3747.871294253054,3757.8011876799847,3671.400966072057,3706.59375,3608162
2024-04-03,3699.097726143796,3699.097726143796,3670.330055056019,3682.304443359375,1684618
2024-04-04,3704.1597819709464,3718.616702233878,3632.2652080483786,3697.296630859375,2339529
2024-04-05,3670.2812295904378,3689.65425315773,3617.85689137135,3643.99609375,1645597
2024-04-08,3645.8459283139514,3718.6655420543266,3643.99632852112,3707.031982421875,1083395
2024-04-09,3718.8604655302656,3726.5999312674335,3675.051899836846,3685.030517578125,1997057
2024-04-10,3699.389563866302,3699.389563866302,3650.8108328219823,3653.82861328125,1951581
2024-04-12,3650.6647402267217,3701.434138071264,3566.5036733733205,3581.836669921875,3437544
2024-04-15,3530.045338373408,3582.420956197923,3491.2503273915177,3505.4638671875,1719910
2024-04-16,3485.2631381567744,3502.883772338884,3436.0027499657804,3449.632080078125,2291042
2024-04-18,3467.6423533929515,3521.8675705951105,3445.9814532060723,3456.93359375,3273257
2024-04-19,3431.670614069844,3449.0965910536074,3380.4631787722105,3425.19677734375,2759031
2024-04-22,3474.2622702510453,3524.155353641691,3447.1982672374716,3517.048583984375,2605754
2024-04-23,3536.5676450753876,3536.5676450753876,3493.002466597066,3514.56591796875,1434580
2024-04-24,3520.7965326015674,3558.1797406862784,3505.755641757978,3538.612060546875,1501234
2024-04-25,3520.3588345168127,3568.9375677690264,3515.9779782552305,3555.600341796875,2420380
2024-04-26,3555.3082674974617,3563.972532662482,3490.0821848243154,3509.747314453125,1973113
2024-04-29,3510.623586022925,3553.263730010906,3509.747272167695,3538.076904296875,1396979
2024-04-30,3542.652444500173,3552.3389569601068,3489.1573692475736,3499.135986328125,1571996
2024-05-02,3494.9984915873492,3537.9307402802733,3481.369161016263,3504.1982421875,3748847
2024-05-03,3514.4201925319253,3526.1024757203973,3396.088351533365,3407.137939453125,4079696
2024-05-06,3429.5291491495896,3433.6179009292264,3349.9923147722734,3371.6044921875,2614667
2024-05-07,3387.27800562745,3403.438592872511,3334.3184155001004,3336.99560546875,3376013
2024-05-08,3338.2125681042994,3404.8014901401734,3278.6329687548323,3394.531005859375,4116670
2024-05-09,3225.0402605073564,3287.589150926977,3180.1607281083748,3188.727783203125,12120574
2024-05-10,3194.7151474006923,3218.614961688515,3148.9595381065947,3184.833740234375,4132191
2024-05-13,3180.5503886028555,3227.230798622255,3139.8083300563703,3206.640869140625,3557067
2024-05-14,3212.6279608042837,3295.2800214524914,3206.2026098120086,3289.974365234375,2870328
2024-05-15,3300.2448577349305,3326.919308122069,3264.3704195942023,3320.98095703125,2718682
2024-05-16,3338.163665853629,3376.6665713672146,3289.244105464065,3368.975830078125,3398714
2024-05-17,3383.9194670742613,3383.9194670742613,3321.80861097376,3359.38671875,2676919
2024-05-21,3366.4445719995083,3378.4189596839415,3343.0800058549194,3349.845947265625,2100848
2024-05-22,3358.7051358904127,3380.7553503083777,3344.102281924434,3369.21923828125,1409992
2024-05-23,3369.2675111568005,3506.2909488685273,3363.5238173642315,3490.47119140625,4525637
2024-05-24,3491.05567287108,3562.1228965519467,3487.453683041766,3529.899169921875,2740360
2024-05-27,3548.39574933101,3597.1693722911887,3504.6846387681408,3555.307861328125,2570708
2024-05-28,3555.3081953421342,3587.677855116265,3549.515777444201,3561.343994140625,1440187
2024-05-29,3515.3935683440936,3564.897336344772,3514.7608731019805,3538.5634765625,1506146
2024-05-30,3530.0451806620645,3547.4711574555445,3512.229651835461,3538.466064453125,2701849
2024-05-31,3540.121319807171,3645.6514264910425,3540.121319807171,3572.150390625,6432341
2024-06-03,3753.3226761151623,3816.114946370256,3700.460536413825,3793.96728515625,5767666
2024-06-04,3750.0128970127857,3794.794982491131,3232.098343219742,3313.095458984375,9920882
2024-06-05,3350.3817067413465,3350.3817067413465,3090.986372681089,3318.7421875,10372458
2024-06-06,3346.974201804827,3444.52122088405,3295.6695546237215,3390.3447265625,8374602
2024-06-07,3373.308047710879,3454.061783992392,3354.762375320683,3438.97216796875,5879660
2024-06-10,3427.8253778442504,3490.0821655919312,3427.8253778442504,3449.92431640625,3151257
2024-06-11,3475.479110803564,3542.652236474557,3457.1768203317893,3503.419189453125,2548176
2024-06-12,3519.2879023389096,3552.3389818532046,3483.267528234749,3534.182861328125,2242274
2024-06-13,3568.450746004489,3617.5162402391384,3538.7582762859956,3605.590576171875,2965500
2024-06-14,3619.560765745425,3621.507812956692,3577.6992507031837,3590.160400390625,1746508
2024-06-18,3609.8254844512553,3611.7725316381225,3577.6992058679516,3591.523193359375,1936792
2024-06-19,3592.3022101835263,3601.063922891291,3480.346992250977,3494.901123046875,2936151
2024-06-20,3517.4678877586944,3545.284331357324,3497.501094013525,3526.7890625,2618715
2024-06-21,3536.2087729009913,3542.046724440859,3449.8161449124823,3468.45849609375,4508508
2024-06-24,3454.084081085913,3499.85585963062,3439.022929073542,3465.122314453125,2330559
2024-06-25,3489.5535379601647,3524.3361901553935,3461.5900131937187,3520.264404296875,2158039
2024-06-26,3533.2161484970234,3556.6661681883425,3524.6308551620195,3535.12939453125,2480187
2024-06-27,3529.7328583391873,3533.5104831538574,3483.1760878347363,3497.304931640625,5519875
2024-06-28,3473.364137386407,3508.6373778217694,3471.499998215413,3481.655029296875,3141514
2024-07-01,3468.654560018073,3474.737805435941,3447.8536694545537,3460.16748046875,2961120
2024-07-02,3468.507315423034,3565.594662068713,3468.507315423034,3558.23583984375,5087748
2024-07-03,3581.637044479402,3581.784125108127,3537.1406029351588,3546.314697265625,1923801
2024-07-04,3548.03199452257,3575.4067196370215,3498.6787748249444,3506.03759765625,1851947
2024-07-05,3506.037575430059,3569.5196387433475,3500.8372927532337,3558.873779296875,1635209
2024-07-08,3571.579948072588,3577.0743916296287,3526.3476247913513,3563.63232421875,1706210
2024-07-09,3581.2937847862586,3615.6349580650312,3577.46729272463,3597.0908203125,2425176
2024-07-10,3615.683945584045,3624.465425981089,3533.216025705983,3581.3427734375,2231438
2024-07-11,3591.1054079867445,3615.242441792854,3535.1783565508854,3552.937744140625,2942924
2024-07-12,3561.670147683883,3598.660448140635,3544.6957489333035,3580.656005859375,2001185
2024-07-15,3600.91707375713,3604.841779014631,3568.538255382747,3582.863525390625,943302
2024-07-16,3577.467205933007,3582.863675888749,3552.8395835897063,3568.096923828125,2220953
2024-07-18,3571.4817009714675,3609.992870411888,3530.909965500951,3587.376708984375,3240772
2024-07-19,3582.2747046563018,3590.0750084049355,3542.0464759817173,3550.386474609375,2432533
2024-07-22,3549.7977943876153,3592.920686284693,3500.4448159864874,3582.71630859375,3639057
2024-07-23,3600.524720570956,3644.088853371615,3394.870068030638,3471.450927734375,6957691
2024-07-24,3482.194735699708,3490.9762157942337,3435.0982726640395,3453.200927734375,3184060
2024-07-25,3472.3832227089542,3562.553236573613,3465.5640947496818,3551.0244140625,4691483
2024-07-26,3560.6888367643323,3631.3335312385766,3528.4082319128506,3610.630615234375,2617659
2024-07-29,3631.3336586429023,3718.658353487328,3617.2048150703463,3703.8916015625,4159919
2024-07-30,3703.79359906076,3723.5642064734407,3668.225956772312,3713.408935546875,1979989
2024-07-31,3705.952149876589,3750.055978533544,3692.264787816845,3743.187744140625,2703636
2024-08-01,3738.281732709139,3766.6867389108825,3694.9628945378704,3708.15966796875,1998663
2024-08-02,3660.1314394799247,3678.332069864614,3588.260268966907,3596.6982421875,2512525
2024-08-05,3529.2912545755607,3539.985980741122,3445.4006784659664,3461.590087890625,2900685
2024-08-06,3481.2136873584077,3566.4778162956036,3479.251334659784,3508.8828125,2125532
2024-08-07,3561.6701876062925,3586.9354788820124,3542.390167945932,3569.764892578125,1613097
2024-08-08,3552.8394749391305,3560.4435914624055,3480.673908283438,3486.6591796875,2038088
2024-08-09,3532.234874417838,3537.680451091567,3508.392241106516,3524.4345703125,848232
2024-08-12,3511.63023194983,3543.0278758230893,3495.9314100132005,3504.712890625,1965035
2024-08-13,3512.6115093627222,3539.1032721428323,3478.4665227593546,3484.9423828125,1316218
2024-08-14,3491.957483252983,3511.335715945336,3469.930122354727,3478.46630859375,1584372
2024-08-16,3510.648919858987,3513.494235406998,3466.495984869145,3501.1806640625,2808865
2024-08-19,3532.08785281875,3532.1367200012605,3480.232585824866,3488.131103515625,1898535
2024-08-20,3494.9501913347194,3512.611365799634,3481.213722306453,3505.44873046875,1285569
2024-08-21,3522.4232099822525,3547.2470203460052,3514.4755854732,3528.359375,1714248
2024-08-22,3539.151999558256,3544.1558549311926,3516.4867313464474,3538.6123046875,1734927
2024-08-23,3538.612315371432,3553.8205479759677,3519.5284843024815,3530.81201171875,1825180
2024-08-26,3543.0279368370334,3579.3314631906665,3527.0347138046727,3573.34619140625,1606911
2024-08-27,3574.081779686039,3666.655860090481,3567.5570530610084,3633.00146484375,3315435
2024-08-28,3635.258357368185,3654.293082638696,3615.6348304728103,3619.608642578125,1278175
2024-08-29,3621.031354915697,3640.164293926904,3582.814583620265,3614.114013671875,2165489
2024-08-30,3648.3573473216406,3674.5056024529986,3597.3850419212913,3634.9150390625,2592912
2024-09-02,3636.2395948078406,3651.8893098608423,3597.336047902118,3613.770751953125,1277813
2024-09-03,3624.416262109607,3644.039788741092,3597.875394431524,3620.687744140625,1211993
2024-09-04,3581.2936243039085,3611.710090702106,3562.749487382364,3582.07861328125,1930121
2024-09-05,3598.954854579987,3598.954854579987,3540.476648256813,3555.93017578125,2958770
2024-09-06,3547.050767159477,3555.586953612089,3469.635808359902,3507.460205078125,3096557
2024-09-09,3516.53601662637,3526.347780065618,3486.9536456750407,3510.943359375,1454589
2024-09-10,3517.5172547816233,3556.76430922828,3503.7807857252933,3528.457275390625,1203483
2024-09-11,3527.328916053436,3536.110396322093,3450.208360485282,3470.37158203125,1865165
2024-09-12,3491.025513301957,3569.568729378419,3467.4772804972217,3553.82080078125,3751523
2024-09-13,3553.8205769800456,3566.3305748697467,3532.2838049926586,3544.989990234375,1752455
2024-09-16,3551.024192949311,3600.917104783176,3544.9900543819117,3593.31298828125,1045964
2024-09-17,3598.954873295229,3635.258398462057,3590.8110616325876,3625.642822265625,1289060
2024-09-18,3619.559536458398,3687.211597532537,3614.8498420937167,3660.229248046875,2249929
2024-09-19,3679.411416757271,3679.803791490386,3604.842012044324,3614.359375,1711564
2024-09-20,3630.352499714604,3738.1836849016377,3610.9742667769383,3722.48486328125,5401701
2024-09-23,3728.4701283367426,3766.5398186087614,3678.4301345090657,3716.401611328125,1937874
2024-09-24,3716.401540067454,3759.671512071468,3703.9406485759473,3720.228271484375,2676546
2024-09-25,3716.254576169363,3741.4216540256025,3706.8842940073782,3722.43603515625,2113862
2024-09-26,3729.4510699902903,3731.364315842534,3666.066985979352,3691.332275390625,2750597
2024-09-27,3667.63714640242,3667.63714640242,3582.27480511376,3635.89599609375,4095425
2024-09-30,3629.371330542642,3645.70782100567,3596.0113345333293,3606.36279296875,1837697
2024-10-01,3597.97366388555,3653.900715655792,3570.8442337132515,3584.727783203125,1674100
2024-10-03,3515.0641863391256,3548.914769571142,3419.7918693086954,3431.811279296875,5315877
2024-10-04,3448.8347173640486,3486.6591118888045,3403.2100191115796,3428.180908203125,3445879
2024-10-07,3439.0230046228585,3446.823308464715,3364.453604237313,3403.06298828125,2304227
2024-10-08,3427.199867646705,3471.892498087252,3403.700742084125,3465.9072265625,2249452
2024-10-09,3475.3755505463,3490.730863775683,3415.4746897080636,3421.4599609375,1645791
2024-10-10,3448.8348138799515,3487.9836537870738,3390.454822009153,3395.213623046875,2686116
2024-10-11,3404.0932364871355,3431.2720138454197,3382.1149813961556,3416.995849609375,1280465
2024-10-14,3443.929060119898,3506.5772671882323,3435.3928736063813,3488.131103515625,1974378
2024-10-15,3502.7996714731376,3502.7996714731376,3453.887933183721,3485.040283203125,1231552
2024-10-16,3483.1758875374667,3514.4753158919875,3447.41205908006,3466.103515625,1961835
2024-10-17,3483.077852737479,3515.5548859613777,3455.506940841957,3503.093994140625,2968537
2024-10-18,3502.750550500965,3524.827018928877,3473.609660085124,3510.452880859375,2102609
2024-10-21,3512.6112737459366,3553.7715730251043,3504.0750875539347,3518.10595703125,1750549
2024-10-22,3517.51730166589,3524.0420287366096,3434.117309855123,3445.793212890625,1363574
2024-10-23,3435.147533894267,3447.8046130863913,3378.1901984396873,3390.356689453125,2125268
2024-10-24,3379.171363583563,3409.195455837588,3352.434307933838,3377.8466796875,1924421
2024-10-25,3360.5289959569714,3370.340759448816,3252.648704273135,3263.784912109375,3236774
2024-10-28,3253.5808406321084,3309.5078936827813,3201.137011601489,3277.9140625,2991674
2024-10-29,3253.580783765879,3320.6931504356885,3253.580783765879,3317.259033203125,2253467
2024-10-30,3316.3270738977785,3373.6767856803704,3289.8844182364055,3344.192626953125,1785128
2024-10-31,3463.552369049658,3586.150300889314,3442.3099977883576,3554.114990234375,7637083
2024-11-01,3556.7150766034893,3573.3459674275714,3551.858301696634,3558.0888671875,212796
2024-11-04,3556.71492978336,3556.71492978336,3464.4352521823753,3507.16552734375,1724189
2024-11-05,3489.0631139839893,3517.517228243139,3475.228431577917,3507.50927734375,1251506
2024-11-06,3526.347628742835,3591.007051214807,3490.436480278207,3576.8291015625,1819732
2024-11-07,3578.693680400606,3594.0489945648405,3551.8584112270605,3577.90869140625,1581009
2024-11-08,3571.8743489226604,3597.973736090544,3552.496115683558,3591.39990234375,1622142
2024-11-11,3577.36907123832,3592.0867168961845,3538.1220161506803,3560.5419921875,926127
2024-11-12,3581.2937002087674,3582.274876564989,3512.611355273257,3523.747802734375,1116206
2024-11-13,3517.5171821205345,3536.9936283053685,3469.0960338791992,3481.16455078125,1568694
2024-11-14,3491.0256418103063,3498.6297589334176,3434.264491079784,3459.873291015625,1291765
2024-11-18,3454.8200627535784,3501.1315375049285,3444.763005396193,3475.4736328125,1233217
2024-11-19,3492.8895277768793,3539.103028822926,3429.211279660695,3439.906005859375,1826460
2024-11-21,3463.5526809703333,3464.0923758976187,3387.462403483639,3417.927978515625,1510581
2024-11-22,3434.117194004093,3545.48070872394,3407.723646245321,3535.6689453125,2534018
2024-11-25,3591.1055764763187,3690.204391564873,3585.218518154227,3682.35498046875,4753829
2024-11-26,3684.218894723248,3684.218894723248,3620.540646913955,3632.903564453125,1141534
2024-11-27,3634.277186841476,3649.9760083829074,3615.634836261025,3629.076904296875,971816
2024-11-28,3630.352638537424,3650.466754507699,3579.3314663201418,3597.041748046875,2124283
2024-11-29,3566.6743185324817,3679.411387631506,3566.6743185324817,3654.685791015625,2094305
2024-12-02,3637.073513461759,3647.8664529101,3603.7623859829273,3634.326171875,1158369
2024-12-03,3650.9571706802785,3727.341844766881,3631.8242320002823,3715.763916015625,3252670
2024-12-04,3703.9406271680937,3762.811206672752,3687.309736367028,3718.56005859375,2510166
2024-12-05,3738.281871404723,3810.888920875576,3689.2230541946874,3759.42626953125,2765170
2024-12-06,3759.867537340408,3810.839597616387,3728.469896110008,3793.914306640625,1856562
2024-12-09,3794.699635845581,3884.4772742889863,3794.699635845581,3872.99755859375,3332753
2024-12-10,3880.5525653326586,3888.8925645249033,3827.8634418741863,3849.302001953125,2349493
2024-12-11,3849.301893746547,3873.3407142719752,3828.550109804845,3843.0224609375,1237958
2024-12-12,3856.0229883966945,3884.47710205153,3774.536246038242,3787.242431640625,1899867
2024-12-13,3786.3595813921,3824.6254595144874,3722.7793052182087,3813.83251953125,2300361
2024-12-16,3808.9265222894905,3840.71653964052,3784.642408063147,3804.854736328125,918660
2024-12-17,3790.3332169161704,3802.4506006965134,3725.526473310008,3735.534423828125,1690180
2024-12-18,3735.534708884533,3747.112638210369,3674.505585257353,3687.407958984375,1318341
2024-12-19,3632.4618797708927,3691.381566709678,3630.3524464645975,3646.394775390625,1856838
2024-12-20,3646.3949505772566,3654.882030481039,3539.20143062288,3561.523193359375,2796593
2024-12-23,3600.9173598235134,3630.352651593188,3548.9641177590415,3571.97265625,1217612
2024-12-24,3579.2821703192803,3609.747743489315,3564.0248303713397,3571.236572265625,627922
2024-12-26,3589.1432144579144,3596.1585297889987,3542.3902555550567,3561.1796875,1124705
2024-12-27,3564.0250117517803,3575.063246103768,3535.669109990014,3540.1826171875,1309122
2024-12-30,3539.9860621495345,3554.8019208726373,3498.8748688467635,3511.5810546875,1591690
2024-12-31,3495.489813505843,3552.4471478790047,3483.176002545589,3539.74072265625,1267628
2025-01-01,3532.234950153374,3619.559647532166,3532.185843425619,3598.46435546875,1202029
2025-01-02,3607.393077046229,3653.9989538368345,3581.342796952162,3643.598388671875,1882900
2025-01-03,3638.201756393023,3649.877658660536,3582.7161881701013,3591.007080078125,1290107
2025-01-06,3615.389489506093,3622.748311996437,3518.0077385505383,3535.37451171875,1212012
2025-01-07,3539.2014334818487,3581.146723932662,3528.0158789679554,3574.719970703125,1453540
2025-01-08,3593.0679428266913,3594.8832149675354,3522.4232426946537,3528.65380859375,1813201
2025-01-09,3532.136640437175,3538.4163127933175,3420.3807501834913,3461.491943359375,2921681
2025-01-10,3434.0681338002832,3485.334598319579,3426.5622305068487,3469.586669921875,1794238
2025-01-13,3439.562633790394,3467.967639827642,3383.684691293909,3399.089111328125,2137212
2025-01-14,3400.6102099138716,3426.2187693846085,3383.6849175705347,3397.42138671875,2924491
2025-01-15,3405.957458707444,3459.774836941175,3405.957458707444,3435.49072265625,1155446
2025-01-16,3468.45838299686,3476.7492752112885,3418.1730952660005,3441.868408203125,2305460
2025-01-17,3457.665425707677,3512.4642201709044,3445.842202889545,3501.474853515625,1600246
2025-01-20,3507.607068183891,3549.0617669668163,3489.5535200348877,3525.366455078125,1593334
2025-01-21,3544.7450409346275,3574.720027879145,3461.688554449648,3474.44384765625,2576596
2025-01-22,3495.931358053237,3514.917216368667,3424.4036974855876,3451.974609375,1626055
2025-01-23,3426.267674714997,3461.393834523996,3395.4588343972428,3437.305908203125,1993204
2025-01-24,3448.344280291684,3454.820140016338,3381.182807077918,3393.10400390625,1206454
2025-01-27,3382.310964343468,3428.1318506048647,3337.1277468724393,3392.564208984375,1552938
2025-01-28,3399.727041435355,3416.603227219977,3339.9734958614013,3349.637939453125,1657689
2025-01-29,3366.4159666711275,3389.964198440322,3347.773616520515,3384.763916015625,1238704
2025-01-30,3389.9642782998344,3451.5822007897996,3331.0936974899964,3356.55517578125,2717740
2025-01-31,3435.147386229306,3522.422971557076,3415.523859925367,3500.248291015625,3995513
2025-02-01,3510.6489825054387,3560.885163747996,3337.961944796954,3382.60546875,4752505
2025-02-03,3355.6230688993624,3355.6230688993624,3208.446618509039,3227.28515625,6077580
2025-02-04,3253.5808242038374,3384.077280663159,3244.995531015724,3374.41259765625,4742516
2025-02-05,3379.8091095689065,3385.9905686499983,3315.836457728667,3319.515869140625,2670316
2025-02-06,3339.9242025552717,3339.9242025552717,3279.7780460632407,3289.638916015625,2874856
2025-02-07,3303.6206611792763,3306.515083407039,3248.773000846423,3274.087158203125,1722789
2025-02-10,3284.782101722402,3285.959465386548,3232.0438750085987,3265.992431640625,1236663
2025-02-11,3297.684711743997,3297.7338184720784,3170.1808888673863,3178.66796875,2593537
2025-02-12,3197.6536043221495,3237.88183315836,3161.5953748165225,3227.7265625,1632415
2025-02-13,3227.726895364606,3252.501599824765,3191.7177688701327,3202.21630859375,2127644
2025-02-14,3213.4017062314106,3223.949352168714,3160.908770636458,3176.70556640625,1378340
2025-02-17,3153.0593133707102,3178.42257833882,3134.416962685713,3161.203125,1966689
2025-02-18,3166.256065891852,3179.9925347243548,3123.0843067039864,3159.534912109375,2428215
2025-02-19,3159.5350127175934,3240.6784906837115,3151.146146335195,3214.235595703125,1677978
2025-02-20,3198.684167030369,3223.605951743544,3186.6156494153197,3214.1376953125,1236693
2025-02-21,3214.1374761511306,3262.3130903234783,3209.3295683975134,3252.69775390625,1706850
2025-02-24,3227.7758172868807,3262.901978815365,3188.8231637798635,3196.378173828125,1512844
2025-02-25,3172.142961183161,3187.7926751766895,3146.043575922703,3165.176513671875,2529084
2025-02-27,3177.0489747843317,3197.1630896648376,3124.0654526600715,3149.08544921875,2572065
2025-02-28,3139.568164101987,3139.568164101987,3081.8749462348164,3104.294921875,2494680
2025-03-03,3106.3552595666883,3166.256124456815,3100.5173081138937,3137.115234375,1352460
2025-03-04,3111.35923233798,3160.3689418475724,3108.1704092827163,3152.51953125,1442098
2025-03-05,3152.519713999044,3183.91735820943,3127.84322382045,3178.66796875,1945855
2025-03-06,3188.9212846995256,3204.9633739617284,3154.48189971204,3198.53662109375,1854837
2025-03-07,3198.5366351008324,3227.088962235665,3179.1095353253827,3183.622802734375,930240
2025-03-10,3184.898425682085,3185.192826495493,3109.39695361073,3117.884033203125,1777752
2025-03-11,3110.6235584273086,3144.0815296132955,3101.596783544536,3135.300048828125,1274649
2025-03-12,3144.67013857302,3161.3010294624005,3093.698076123559,3133.53369140625,1360149
2025-03-13,3141.9720055011107,3172.2902592716723,3118.227585447547,3127.303466796875,1414376
2025-03-17,3129.952382787764,3179.0603042887783,3099.535917625877,3113.7138671875,2805790
2025-03-18,3113.7138671875,3113.7138671875,3113.7138671875,3113.7138671875,0
2025-03-19,3213.352511021465,3263.9813059444155,3206.974864816384,3257.06396484375,1616312
2025-03-20,3272.4685565268173,3295.673282344927,3215.2168183211816,3287.97119140625,2434722
2025-03-21,3293.8088743272724,3389.964152755653,3270.0153487978005,3351.649169921875,3042073
2025-03-24,3384.077100222148,3450.797089440793,3381.1335712860314,3416.308837890625,1955564
2025-03-25,3439.0230976614544,3458.646624609594,3370.6842608825614,3404.28955078125,4235900
2025-03-26,3407.625423665269,3430.977468430945,3354.1513132161595,3379.956298828125,2315715
2025-03-27,3394.870223253125,3461.5902160800647,3386.0396359672063,3435.687255859375,3467864
2025-03-28,3443.8308160982156,3447.853734999173,3407.1840227158823,3426.562255859375,1348143
2025-04-01,3414.4937040802274,3435.6872090959696,3365.434886492868,3372.10693359375,1935147
2025-04-02,3368.378408342144,3392.662522995936,3343.84899960094,3355.52490234375,1338839
2025-04-03,3335.999412946053,3397.8135197153474,3329.131178860576,3355.77001953125,1200631
2025-04-04,3335.999590821154,3339.728108861073,3176.3622465458607,3198.781982421875,2366979
2025-04-07,2991.655670666104,3032.4235941840825,2909.482154847765,3010.739501953125,4953864
2025-04-08,3066.127010634854,3133.779072579321,3034.4840731036807,3101.5966796875,2877816
2025-04-09,3099.339917217843,3099.339917217843,2990.625529205188,2996.65966796875,4451381
2025-04-11,3055.3831407534835,3097.5737236219484,3041.793752546452,3057.29638671875,3979116
2025-04-15,3120.140652155829,3210.4088722810916,3116.3141603815607,3196.280029296875,2161492
2025-04-16,3208.446678792638,3215.1187259113617,3163.4107799450203,3166.94287109375,1578260
2025-04-17,3153.598823065942,3188.7247427629723,3102.8718170188463,3186.173828125,3209331
2025-04-21,3188.332556518871,3228.0701987835314,3164.3919493428566,3218.7490234375,1643003
2025-04-22,3218.258385130219,3223.1642668148684,3186.8607423484605,3196.476318359375,2060322
2025-04-23,3213.744827462232,3252.599505609687,3205.2086413746097,3238.863037109375,2381699
2025-04-24,3244.750135843254,3244.750135843254,3218.258374830926,3238.470703125,1993448
2025-04-25,3247.6938131494953,3272.9099981703844,3169.2979163177597,3210.50732421875,2004819
2025-04-28,3198.6347554899353,3287.725611926078,3193.5326866110368,3264.66796875,1689485
2025-04-29,3272.2230986583695,3312.8437033754367,3252.5995718298336,3259.76220703125,1843861
2025-04-30,3261.4301098683964,3291.846575995328,3241.1198078152197,3278.110107421875,1930714
2025-05-02,3262.411449697103,3311.37205503395,3262.411449697103,3272.125,1411889
2025-05-05,3286.940767342896,3286.940767342896,3238.5687254547884,3267.513427734375,1947332
2025-05-06,3283.0160595322345,3289.8842939664023,3240.629289218942,3271.241943359375,1695516
2025-05-07,3269.279715893045,3276.93293960756,3222.2814628541255,3258.879150390625,2422707
2025-05-08,3247.7919890181015,3302.6396521287957,3237.6858245265303,3261.33203125,3204333
2025-05-09,3268.298288470599,3411.5500297244885,3268.298288470599,3379.072998046875,5637694
2025-05-12,3446.87254344212,3534.982228242982,3424.305487222601,3519.67578125,3147384
2025-05-13,3519.6756709198476,3538.1218337691867,3478.270077845747,3499.85595703125,2374439
2025-05-14,3519.479564027484,3548.91485449886,3499.8560370465675,3505.84130859375,2440116
2025-05-15,3526.34786497057,3580.0181643664896,3476.3078702255784,3550.09228515625,3720879
2025-05-16,3573.4443622898734,3573.4443622898734,3532.234954487519,3536.846435546875,1278520
2025-05-19,3536.8464460499713,3551.760279104204,3519.4796720478375,3532.43115234375,1519244
2025-05-20,3561.6702358039292,3565.594941297928,3489.063184164951,3500.64111328125,1532347
2025-05-21,3498.580437833567,3542.53718590278,3488.0818988739466,3521.44189453125,1563885
2025-05-22,3517.517181412424,3524.38541579733,3470.322503606713,3484.549560546875,1597159
2025-05-23,3502.7993989904503,3563.239955026323,3484.353236599373,3532.136474609375,1119217
2025-05-26,3547.7374606151934,3603.370111223932,3540.476611967004,3580.01806640625,1678934
2025-05-27,3580.01811997658,3596.0113424783226,3535.178408444583,3571.48193359375,2013954
2025-05-28,3591.1053980031797,3594.0489270179364,3551.8583444730903,3577.663330078125,1293244
2025-05-29,3594.9318692177867,3599.8377508808176,3549.895971369164,3586.493896484375,1972248
2025-05-30,3586.4940466109406,3625.741101558025,3585.7090576029964,3605.92138671875,2571304
2025-06-02,3605.9213762531426,3627.703443776553,3537.729618480499,3610.336669921875,1954517
2025-06-03,3619.6457221369183,3633.7083192679256,3580.329782758445,3609.54443359375,2472483
2025-06-04,3609.7424388776626,3626.280853822053,3580.329771064847,3591.42138671875,1086783
2025-06-05,3594.7883746045572,3641.828913569135,3577.0616155800667,3607.36572265625,1466416
2025-06-06,3609.742360631415,3631.529557321097,3587.9551639417327,3620.93310546875,1172711
2025-06-09,3628.5586753109446,3673.024267606258,3626.776038086251,3643.314453125,898170
2025-06-10,3668.171678666145,3668.171678666145,3631.727592034163,3644.205810546875,1454535
2025-06-11,3654.207994017668,3656.2877777101226,3620.7351303210544,3649.157470703125,1265737
2025-06-12,3649.157403635138,3672.132944359456,3550.3227091501217,3569.039794921875,2335718
2025-06-13,3467.333312317492,3561.216372952479,3452.1812588153534,3552.699462890625,1981445
2025-06-16,3540.9145008243536,3618.358030699406,3527.3470680834566,3593.599853515625,1322630
2025-06-17,3586.9648163998227,3592.51074496453,3567.1582740674103,3587.261962890625,930603
2025-06-18,3586.964791688359,3603.8994819775367,3552.5013599115728,3566.6630859375,743311
2025-06-19,3572.110020977579,3607.761798287031,3556.3639160442067,3586.07373046875,1580819
2025-06-20,3579.0421795264283,3634.401368325457,3579.0421795264283,3626.577880859375,2575277
2025-06-23,3609.7422554310338,3624.597161831985,3540.023324767535,3549.03515625,1867977
2025-06-24,3601.918765795773,3648.365009734674,3562.206552664393,3569.93115234375,2751637
2025-06-25,3604.790692143856,3606.771346370309,3573.9914222108846,3584.7861328125,1405262
2025-06-26,3585.0832512090933,3633.510149954749,3585.0832512090933,3624.201171875,2578926
2025-06-27,3629.54897520591,3695.306600719016,3629.54897520591,3643.611572265625,2720600
2025-06-30,3646.3844326657727,3681.5410452023384,3617.3677998783687,3634.302490234375,1508882
2025-07-01,3634.302532674973,3643.314364447488,3609.742371612438,3631.232421875,1054380
2025-07-02,3631.133424533338,3638.659765390575,3549.233180324374,3562.008544921875,1330176
2025-07-03,3570.129245852185,3589.9357881315314,3541.4097595471326,3548.242919921875,1229034
2025-07-04,3555.2744765130965,3565.177748035417,3535.567062895315,3559.830078125,696402
2025-07-07,3565.078620686346,3574.8830045666114,3540.518700719949,3546.757568359375,719539
2025-07-08,3545.3710857718625,3579.0422078155057,3525.5645433932486,3571.515625,1513912
2025-07-09,3570.1292993238308,3570.2284287483444,3533.6852126281756,3545.073974609375,1008876
2025-07-10,3540.4194609455244,3555.175238350839,3534.4774982138674,3540.122314453125,1063910
2025-07-11,3540.419451110438,3551.907342404694,3501.301529902365,3506.352294921875,1439747
2025-07-14,3506.35228822281,3514.373792805488,3454.260985141215,3462.08447265625,1358844
2025-07-15,3484.961058312576,3486.941712508832,3448.0218091965844,3460.202880859375,1585193
2025-07-16,3470.1062201927107,3481.9901456043294,3443.367388016568,3469.908203125,1266964
2025-07-17,3480.9998971151767,3480.9998971151767,3433.959357964972,3440.396484375,2217275
2025-07-18,3455.2512679662464,3465.1545390122947,3416.628510886658,3431.285400390625,1818696
2025-07-21,3434.0585016330883,3474.166750969609,3411.5778820384844,3468.91796875,1521623
2025-07-22,3468.1255395496387,3473.6714680777977,3420.6889676877618,3431.08740234375,2586522
2025-07-23,3442.575120295206,3456.2416830424227,3425.1455078779727,3451.19091796875,1192261
2025-07-24,3451.1908727811447,3459.608653274326,3427.522151400184,3443.862548828125,1083671
2025-07-25,3436.435129815252,3443.3674197024875,3404.1503687716367,3409.59716796875,1338744
2025-07-28,3396.9211414026654,3412.7663752777876,3372.162963472787,3389.097412109375,2256080
2025-07-29,3384.938115982578,3470.4033952948885,3373.549354035884,3461.78759765625,1241060
2025-07-30,3586.964754517144,3649.6525082735498,3555.274287332012,3629.64794921875,8760659
2025-07-31,3589.935701355291,3627.4690013557615,3585.974392995174,3601.324462890625,1927627
2025-08-01,3600.8294691403003,3600.8294691403003,3543.4896246354265,3552.6005859375,1205945
2025-08-04,3560.4239189093996,3601.621622718892,3542.4000141599004,3595.976806640625,1033049
2025-08-05,3594.887552678455,3622.3195663637375,3573.397501890162,3617.26904296875,1158433
2025-08-06,3614.6938963361818,3635.490765328801,3587.1627547425182,3593.302734375,931383
2025-08-07,3575.3779577261193,3613.703567928493,3564.385230265241,3606.375244140625,1211790
2025-08-08,3606.375222575065,3626.8749449533702,3565.1775189774735,3572.7041015625,1337067
2025-08-11,3575.0810068518304,3641.3337963890554,3565.177735364706,3632.916015625,1822410
2025-08-12,3644.4037321901737,3691.840303623083,3637.570571903948,3650.44482421875,2280103
2025-08-13,3660.2489921110528,3680.055534276156,3645.6912319755174,3657.97119140625,1227196
2025-08-14,3664.2103853451354,3672.6281659601177,3606.474265241853,3641.432861328125,1769702
2025-08-18,3663.220039061424,3665.695856876416,3586.6677038660705,3599.938232421875,1950151
2025-08-19,3613.6046500159473,3618.655415205292,3573.2983832653463,3578.052001953125,1352944
2025-08-20,3578.547133180976,3584.8851301879954,3545.3711738723932,3557.55224609375,1325096
2025-08-21,3564.187216509058,3612.713244185897,3553.2936184591554,3577.65576171875,1624009
2025-08-22,3575.08090731123,3599.343921779132,3547.3517479193424,3561.018310546875,1060447
2025-08-25,3581.0229260853794,3582.9044509333585,3549.629604209751,3568.247802734375,980393
2025-08-26,3564.1872355123155,3565.1775626130416,3496.8449926629582,3507.04541015625,1787363
2025-08-28,3505.7579029732888,3542.3008759282447,3502.9849387620147,3525.66357421875,1695226
2025-08-29,3541.013756545707,3580.0325484674395,3505.9560313355887,3566.16796875,1678055
2025-09-01,3566.167964805863,3593.501090073076,3547.252620072072,3563.593017578125,1094155
2025-09-02,3563.5929997406147,3584.885032747986,3525.5645351739663,3540.3203125,1230950
2025-09-03,3559.2356978772013,3571.4167699068885,3525.5645755266655,3565.969970703125,1314831
2025-09-04,3587.856084029622,3589.836738301471,3537.943693090656,3557.849365234375,1434998
2025-09-05,3558.047337382281,3574.1897178498575,3514.770090444606,3519.2265625,830812
2025-09-08,3535.467859637405,3545.272001528127,3490.903138717606,3495.458740234375,1039999
2025-09-09,3512.888289742588,3515.6612540170654,3482.386166281497,3490.903076171875,1522116
2025-09-10,3524.5743212890625,3542.796244108677,3506.847562043667,3515.661376953125,1136732
2025-09-11,3513.680701137509,3530.2191160593115,3498.825794001922,3505.4609375,1177793
2025-09-12,3521.9992958762114,3560.6220538086504,3513.7797741497543,3545.173095703125,1146873
2025-09-15,3546.3613337803777,3572.109838298191,3540.914534747763,3551.510986328125,1177076
2025-09-16,3569.0397307325097,3638.461756993749,3558.344391500482,3632.32177734375,2928060
2025-09-17,3636.4811698717945,3668.171637583096,3627.2710793373817,3649.8505859375,1610471
2025-09-18,3655.2973386419903,3664.210282572572,3636.976287229127,3650.345703125,1270148
2025-09-19,3643.413418820417,3669.161923547063,3635.490801981449,3639.84814453125,2227521
2025-09-22,3657.872227019285,3657.872227019285,3598.7495064736067,3609.2470703125,839430
2025-09-23,3611.623765704291,3637.966562994567,3578.249791146559,3622.220458984375,1262120
2025-09-24,3622.220664612041,3673.3214002597183,3601.918958126379,3638.263916015625,1745130
2025-09-25,3648.364998684974,3668.171540480224,3600.5321518936316,3609.14794921875,1999071
2025-09-26,3628.558621505899,3758.192346725248,3625.587640101828,3693.425048828125,5870301
2025-09-29,3701.8427334272105,3703.8233876452023,3644.0077269734734,3652.722412109375,2599630
2025-09-30,3659.2587099286434,3660.8433300329384,3612.713335269199,3623.60693359375,1676302
2025-10-01,3623.507733402203,3652.3263487550407,3580.032470376755,3634.797607421875,2005028
2025-10-03,3654.30703918401,3709.7653573938487,3630.836335011734,3696.990234375,1959124
2025-10-06,3684.016977605699,3730.5623533980297,3667.181416148899,3700.8525390625,1581506
2025-10-07,3711.746081702309,3729.571970034924,3688.968557721745,3693.623046875,1673945
2025-10-08,3693.920185038404,3723.6299988590886,3679.0652781280623,3693.72216796875,1424633
2025-10-09,3699.36699090069,3759.6778163536537,3694.0193211149704,3732.740966796875,1827249
2025-10-10,3728.581490385608,3762.252611414323,3723.629854940209,3747.397705078125,1129678
2025-10-13,3743.4365207172705,3747.397829204802,3708.7750714513695,3733.0380859375,1191248
2025-10-14,3738.484780545012,3750.1706886122,3694.1180783697487,3708.081787109375,1364583
2025-10-15,3710.755608261642,3806.7182066235514,3708.0817734729926,3791.665283203125,2575918
2025-10-16,3793.250008284209,3848.3120509754262,3792.952861793004,3824.4453125,2330283
2025-10-17,3822.6627988916825,3832.070906816416,3793.0521138191575,3802.261962890625,1337364
2025-10-20,3824.643294384854,3849.9957650830866,3808.203767666286,3835.23974609375,1223232
2025-10-21,3854.3531351462984,3857.3241164940473,3839.696245474921,3850.58984375,260327
2025-10-23,3852.3725812636535,3927.835461106368,3852.3725812636535,3880.794921875,2815778
2025-10-24,3891.2922999965385,3901.7896221286937,3859.7998500419208,3867.128173828125,1146636
2025-10-27,3874.159794448504,3909.81157169803,3869.2081587194034,3885.845703125,1057688
2025-10-28,3884.162046024061,3947.4438514977546,3879.4084275510377,3934.37158203125,3391806
2025-10-29,3949.424649733679,3977.846990406787,3882.082403950858,3919.81396484375,2563641
2025-10-30,3941.5019898608934,4023.303107769138,3937.144647186752,3948.929443359375,4959400
2025-10-31,3962.397869574173,4006.7643303770583,3941.6998880485457,3991.909423828125,2328183
2025-11-03,3991.018262368892,4001.911860603646,3936.451141772266,3941.9970703125,1154072
2025-11-04,3946.4536181325498,3951.4052537889265,3878.913356135383,3886.439697265625,2042881
2025-11-06,3906.8405995609546,3939.521395450818,3834.6458471704377,3844.053955078125,1749063
2025-11-07,3839.597398588294,3855.2443737626,3794.0423507725736,3844.945068359375,1577294
2025-11-10,3857.324235883768,3905.652248992122,3856.3339087372,3880.596923828125,1397176
2025-11-11,3890.995147928848,3928.4295603955593,3859.3046809566617,3916.74365234375,1775462
2025-11-12,3931.598596916838,3935.361888262145,3898.818673112524,3916.34765625,981350
2025-11-13,3916.347608764643,3983.986755621872,3887.628123140424,3963.7841796875,1834962
2025-11-14,3963.289083138652,3972.6971906573463,3933.183235790459,3965.665771484375,1916910
2025-11-17,3965.665808346838,3991.018279239245,3961.407595169426,3988.740478515625,1206133
2025-11-18,3981.114929580972,3987.849202195781,3940.412389186312,3960.912353515625,1748928
2025-11-19,3968.24077569857,3987.55215456708,3941.799089911349,3980.718994140625,923032
2025-11-20,3995.9699912742126,4008.844244034204,3968.934012122414,3998.3466796875,1463574
2025-11-21,3987.056985840705,4017.757126566254,3976.361404586955,3985.967529296875,1241149
2025-11-24,3986.0667597125935,3998.941012601106,3964.9727431625206,3974.47998046875,1584741
2025-11-25,3974.182663333758,4016.2715652006113,3943.086489019054,3958.040283203125,1749083
2025-11-26,3960.318132003266,4035.186958592229,3959.3278048884863,4022.708740234375,2058237
2025-11-27,4031.6216040492895,4099.954173609447,4020.331971877068,4041.822021484375,2225064
2025-11-28,4045.486292526487,4064.500766688189,4015.4793323803274,4030.2353515625,1318133
2025-12-01,4047.46685529645,4063.7081230151744,4010.8247526182095,4033.80029296875,1251770
2025-12-02,4027.165203791548,4049.0515296938343,3984.878284435106,3991.513427734375,1490917
2025-12-03,3992.998953892929,4007.754731291664,3931.697801783636,3949.424560546875,1123990
2025-12-04,3951.405135410527,3970.419367405558,3923.378830079243,3945.067138671875,1026968
2025-12-05,3960.318141380168,4008.84417011926,3936.649419992529,3999.138916015625,1073758
2025-12-08,4007.853784827241,4008.744982508085,3938.4317582128697,3958.040283203125,1127841
2025-12-09,3951.405310081496,3981.015995016837,3910.901026546933,3958.832763671875,1788464
2025-12-10,3961.3084244204233,3991.018237603577,3931.5986112372702,3952.692626953125,957277
2025-12-11,3954.5742024814103,3976.1633820273128,3946.0575343270825,3965.170654296875,841371
2025-12-12,4021.71851229608,4074.205850673743,4009.4385524816194,4034.69189453125,2207898
2025-12-15,4033.4044410018055,4056.3799823899935,4024.4914967045615,4052.7158203125,1064975
2025-12-16,4044.198868331001,4064.1042986548377,4012.0132364794144,4024.491455078125,2199214
2025-12-17,4039.544262989653,4039.544262989653,4000.9215058784503,4023.104736328125,1087334
2025-12-18,4027.6603121627704,4032.413930594411,3984.48195392906,3992.107666015625,1004303
2025-12-19,4001.020583924859,4051.9232997779577,4001.020583924859,4034.097412109375,1327935
2025-12-22,4041.524966562853,4058.8556911192977,4029.145877593964,4033.008056640625,764774
2025-12-23,4049.447625827489,4055.389588594661,4014.0929957186345,4019.539794921875,1867147
2025-12-24,4025.679769249292,4041.227856779629,4008.943337522964,4014.39013671875,1021436
2025-12-26,4012.805367872498,4022.213475225605,3991.216188959028,4008.15087890625,594330
2025-12-29,4013.7957591696304,4021.817505436967,3994.3852511874034,3999.634033203125,952143
2025-12-30,3999.931167587476,4024.590215731732,3967.4483902648694,4012.805419921875,1362208
