Date,Open,High,Low,Close,Volume
2018-01-01,281.52132555297084,283.4700348890143,277.6238792203917,278.3489990234375,12182400
2018-01-02,280.0711775588675,280.0711775588675,273.13738209315056,274.8594970703125,14797364
2018-01-03,276.71749917307244,277.75985715725665,273.86241083930975,274.49688720703125,13857373
2018-01-04,275.9924340642252,281.1588059631229,274.76881675548685,279.6179504394531,24517099
2018-01-05,282.2464540055379,282.2464540055379,276.9894661445008,277.66925048828125,14580575
2018-01-08,278.4396681895138,280.5243290373869,276.4456231224653,277.17071533203125,13557197
2018-01-09,278.7115814965789,280.5243397502152,274.90477809974436,275.8111572265625,15574755
2018-01-10,276.12840150812644,277.2160675483574,271.9137440081002,272.9107666015625,13064599
2018-01-11,272.72946644919057,274.63286809681205,271.9137307889228,273.90777587890625,12298455
2018-01-12,276.128368121796,276.128368121796,272.4122085375688,273.95306396484375,17594228
2018-01-15,275.4939113860837,276.67219303588075,273.31857963185496,274.2702941894531,18189668
2018-01-16,274.08903316983793,274.95010437546057,267.65373605445933,268.4241638183594,18040940
2018-01-17,268.2881864976762,279.52728067021013,265.2065034010851,278.3489990234375,26277307
2018-01-18,285.50945285127267,288.04730359019567,272.36695422796015,274.8594970703125,40000111
2018-01-19,275.4939014549241,280.97748320817755,274.17964087249584,280.2976989746094,18461642
2018-01-22,279.48195183569743,279.8444978798,275.5845057952475,277.8051452636719,12622645
2018-01-23,277.7144785361632,290.5397339360692,277.6691706571357,288.3191223144531,35252217
2018-01-24,287.956656694796,300.555320895984,286.597088018542,299.01446533203125,38070520
2018-01-25,301.59764706690646,301.59764706690646,282.65432931215844,283.8326110839844,42466150
2018-01-29,283.8326073934494,287.23152899163176,281.8838978759238,282.88092041015625,23600898
2018-01-30,282.83556087056985,288.9989547754903,281.8838739679939,284.19512939453125,25810404
2018-01-31,283.69665351983366,286.959623756953,279.02880676558385,283.9232482910156,16409938
2018-02-01,287.23152696989587,287.6847165131303,276.4456213730149,277.3973083496094,19515991
2018-02-02,274.5422028587727,277.12538862828956,267.8350035638906,269.5118103027344,23274673
2018-02-05,265.2517993413355,272.2762363403757,262.84990060924576,270.146240234375,18940578
2018-02-06,258.3180075991123,269.4664579155091,256.41460622154693,264.4360656738281,30577218
2018-02-07,268.8320440084296,270.0103257629074,262.84993647382294,265.3877868652344,21463818
2018-02-08,265.47845522360046,274.90479312563986,265.16121697977513,273.18267822265625,18932796
2018-02-09,269.1945898222228,272.45756007943953,267.3818316416017,268.6507568359375,15750824
2018-02-12,261.263790404745,265.02525835115284,258.4540095031584,261.71697998046875,50839665
2018-02-14,261.6716577161812,261.6716577161812,249.25425295911108,250.3419189453125,45641149
2018-02-15,249.0729186516457,255.8707606198728,248.57442130483827,252.6078186035156,26058237
2018-02-16,254.2393409225285,254.87381736514297,244.7676681376871,246.21788024902344,30338112
2018-02-19,246.08189946179948,246.53508896357076,232.62216572709437,243.36276245117188,43847791
2018-02-20,243.81596473971896,248.5291468695169,240.00916166099805,244.4051055908203,33458021
2018-02-21,246.7163688999563,248.4384834262267,242.3657332088355,247.71336364746097,23714454
2018-02-22,245.0849190197395,247.985343392244,244.22387541513427,247.07896423339844,25584062
2018-02-23,247.8493540352484,251.2482753595908,246.98828290221795,250.20591735839844,15482147
2018-02-26,253.78612988645395,253.78612988645395,248.21190435140363,248.7557373046875,15306032
2018-02-27,247.441499822608,250.069993739174,241.05153808918948,242.54705810546875,20824909
2018-02-28,239.51067014950425,244.45044716380525,236.38365128203017,242.9095916748047,26810799
2018-03-01,241.3687214207907,244.72233485147083,236.79151844424723,237.6072540283203,22859175
2018-03-05,236.06645680174404,240.19047080226372,234.5256012078707,238.83090209960935,18484565
2018-03-06,240.9608818850488,241.09683321378483,231.1266634192298,232.5315399169922,20778164
2018-03-07,231.17198798435624,231.44390447542233,223.01457623385727,223.5583953857422,31262500
2018-03-08,223.87562915769345,233.8004909881936,221.42840844712023,232.7581329345703,33133336
2018-03-09,232.93941829941232,233.3019643911259,228.09028479882383,229.54049682617188,21536191
2018-03-12,230.31092180893253,231.35325218284865,224.1022197931805,229.17794799804688,25332474
2018-03-13,227.77306821127812,237.8338678177936,226.23222652346016,230.8547515869141,37647221
2018-03-14,228.860712299659,233.70984579533467,226.59476465312773,232.98472595214844,25471485
2018-03-15,232.93941791538236,234.57088915565055,228.9060338731693,229.9483642578125,18339890
2018-03-16,227.1839095876675,231.76112668188296,226.6854121606788,228.679443359375,25728297
2018-03-19,229.2232525366439,229.85772892566564,223.05988615968872,224.73667907714844,18167594
2018-03-20,223.73968451744528,228.63412608488397,222.3801158786848,225.7790374755859,20556571
2018-03-21,228.1809190165612,230.4921882910205,223.96626209214728,224.7819976806641,19533972
2018-03-22,223.87563047919545,224.19286868606235,218.1201178477327,218.9358673095703,26828240
2018-03-23,215.53694728975913,217.21374028416284,210.59718408585812,212.81781005859375,27150262
2018-03-26,212.77248555893348,224.6460568453327,212.31929602632655,223.4224395751953,30373940
2018-03-27,226.59478188420937,231.57986708566193,224.7820236291357,230.53753662109375,31205051
2018-03-28,228.40752141695353,232.21432450476684,225.41646777520597,226.50411987304688,36673566
2018-04-02,228.22624394133624,228.40751698241587,221.97222029724125,223.10519409179688,14993188
2018-04-03,226.18691621941633,229.1326484122572,225.00862057623036,227.0479736328125,19883309
2018-04-04,228.13558390723443,229.3138793338925,222.51603706114864,224.14752197265625,18824449
2018-04-05,228.95135528474512,237.38066944897048,226.5947642049153,235.02407836914065,22880821
2018-04-06,235.34132216462905,236.97282110197747,230.99071365268853,235.38665771484375,24868860
2018-04-09,236.24771118164065,238.15111285837372,233.48326594053705,236.24771118164065,20208874
2018-04-10,236.65557981777533,240.19045264536305,234.29898871255224,238.64959716796875,21201141
2018-04-11,238.37769241509037,238.37769241509037,232.30494165818905,232.98472595214844,14885838
2018-04-12,233.39260112269335,233.39260112269335,228.63411119689087,230.03900146484375,18660913
2018-04-13,230.22030019106472,231.98773673750557,226.32286714619,227.45584106445312,25654020
2018-04-16,226.00560793131928,227.7730442054886,223.96625519260564,225.68836975097656,16408377
2018-04-17,227.86368537444991,228.8607078516449,223.51307704186348,224.91795349121097,15922452
2018-04-18,226.14157992519137,226.5041260242351,222.3347905642436,223.3771209716797,16142387
2018-04-19,223.96626523985637,225.18986863982855,222.2441367739839,223.10519409179688,13166927
2018-04-20,222.8332926631002,222.8332926631002,217.0777802232047,218.61862182617188,15546939
2018-04-23,219.2530909196238,221.92692023323264,216.8965136420197,219.75160217285156,12111837
2018-04-24,219.34373903234928,220.6126642219251,217.1684347558629,218.07481384277344,9486349
2018-04-25,217.25906602066257,218.21076683521457,214.58525045996697,214.9931182861328,13124853
2018-04-26,216.080767955035,216.44332788655103,210.7331368949607,211.3675994873047,24495144
2018-04-27,211.4129232002397,222.78798357041785,211.4129232002397,219.8875732421875,31401889
2018-04-30,221.881588961799,226.32284066972971,221.60967248717648,223.331787109375,17263193
2018-05-02,222.87859915104536,223.2411590631553,217.3043736184781,218.43734741210935,12887066
2018-05-03,218.39204016003504,220.61266617659152,216.39800891721384,219.2530975341797,12939642
2018-05-04,220.70329112439208,221.0658371998901,217.84820274666785,219.29840087890625,12777310
2018-05-07,219.75160159503017,224.96328122000935,219.3890555010434,223.4224395751953,15122614
2018-05-08,224.78201106870895,228.95136035450165,221.700327739382,226.6400909423828,23293920
2018-05-09,226.4134826879439,226.4134826879439,223.2411561077733,224.7819976806641,11429823
2018-05-10,225.0085955538368,226.7760319069415,223.2411592007321,224.73667907714844,13160967
2018-05-11,224.4194752466796,228.04499172025925,223.01458484711793,226.9120178222656,11958589
2018-05-14,226.5494503393487,231.8517735376472,224.9179652144686,229.8577423095703,18673849
2018-05-15,229.31389279519357,233.3472905113219,222.8785962004631,224.7819976806641,18026861
2018-05-16,222.51604812186343,225.4164582030238,218.07479648167217,220.3407440185547,17222004
2018-05-17,221.3377637810136,222.96924885576368,218.5733048807769,219.9781951904297,11721064
2018-05-18,220.25011508774455,221.15649416217977,215.5822683865023,216.4886474609375,11873041
2018-05-21,220.748610736262,222.74264179297796,217.80287895263152,221.56434631347656,18780730
2018-05-22,220.8392386289657,235.38663822868824,218.43733980224272,230.1296234130859,68713602
2018-05-23,230.80943256765775,244.495762526642,230.4922081804149,238.5589904785156,71202072
2018-05-24,239.1481056167975,244.45042831961973,236.24768174126453,243.36276245117188,34679642
2018-05-25,242.7282857657935,243.27211869930335,237.96979600344304,241.9578857421875,22317308
2018-05-28,242.36571170000883,248.52910480033475,241.14209465608104,246.5803680419922,18959368
2018-05-29,245.1755459679269,245.58342762615652,238.19641585029808,239.5559844970703,16107543
2018-05-30,236.1117598230563,242.90960319608095,235.6132623732327,242.13917541503903,19320209
2018-05-31,241.86726147977183,249.07295852328795,238.51364784107017,244.31446838378903,31935892
2018-06-01,244.0425635376634,244.5410609598009,239.82790641256577,241.73130798339844,16574717
2018-06-04,242.9095807093631,243.22681890283587,236.83683012743185,238.377685546875,12933824
2018-06-05,236.47427610341688,240.417030294444,236.47427610341688,238.8761749267578,14102731
2018-06-06,238.3776721803152,245.99125009428025,237.6525800591724,244.8582763671875,18315171
2018-06-07,245.67403073022945,247.35083750682065,243.272131776974,244.4051055908203,18773700
2018-06-08,243.77065842754575,248.25721816309036,242.00320820232017,247.4414825439453,14096549
2018-06-11,247.71340866766556,252.3359478281311,247.5774573283423,248.3478851318359,18219428
2018-06-12,248.3478339209374,257.7741695303639,248.3478339209374,256.3692932128906,31358021
2018-06-13,257.41164530365575,262.5326813066475,257.09440711009137,260.7652587890625,26748300
2018-06-14,259.72288049894615,259.72288049894615,254.96439094840875,256.1427001953125,18513730
2018-06-15,256.2786664896878,256.9131428643809,250.70444107957027,251.4748687744141,16949917
2018-06-18,251.9734065520032,253.5595700824564,249.66215075754144,250.9310760498047,13542420
2018-06-19,250.16064784137396,250.79512431676457,244.49577809858923,247.07896423339844,20726975
2018-06-20,247.62274787804503,249.02762422988613,245.71934649196044,247.71336364746097,14002946
2018-06-21,249.0276514226826,249.0276514226826,243.0002360923216,243.4987335205078,12954943
2018-06-22,243.8159468072051,248.0759390981447,240.87021510786155,247.4867706298828,20784133
2018-06-25,246.39915769595365,247.5774394322452,242.1845005186101,243.3174743652344,10934401
2018-06-26,242.2298170982439,245.810025646214,240.5530102129858,242.3657684326172,16867009
2018-06-27,242.32045340173417,242.32045340173417,236.56494069188255,237.1994171142578,16277655
2018-06-28,236.0210904740649,237.4713024332366,231.7611118605866,232.9394073486328,21349738
2018-06-29,234.072374549929,238.78555636982608,234.02706666455165,235.06939697265625,16244724
2018-07-02,234.70685437008345,237.24470451946635,230.22026723187943,234.6162109375,21896701
2018-07-03,235.2960102063251,236.4742919236241,232.39558614152077,233.39260864257812,16099030
2018-07-04,231.806449797075,234.1630409380591,230.6734759466494,233.34730529785156,14206935
2018-07-05,233.75515099230813,234.4802708271444,231.2626086098261,232.44091796875,11215032
2018-07-06,232.12368975230484,236.3836548656331,231.62517848832053,233.12071228027344,16174019
2018-07-09,234.0270680167326,237.83384320665223,233.80047326755312,237.06341552734375,13220744
2018-07-10,239.1481232975526,240.8702379995048,237.83386258105284,239.05747985839844,11487165
2018-07-11,238.06045380219877,238.06045380219877,233.7551532812092,234.8428192138672,12857179
2018-07-12,236.927460113994,239.7372404873428,236.70086536873183,238.1510772705078,10642215
2018-07-13,237.5619716017618,237.83387427209587,232.75814569539503,233.6192169189453,11976239
2018-07-16,232.9394244283018,233.39261396999112,227.50114992803017,228.04498291015625,8965623
2018-07-17,227.2292284689672,235.5226051987085,227.00263370307667,234.7974853515625,16067598
2018-07-18,235.74921175168876,237.9245160809008,232.16900320741615,235.2506866455078,17641125
2018-07-19,235.11472390178727,238.8308835999575,232.2143274904181,235.83984375,9958284
2018-07-20,235.56791539341353,238.37769605005676,234.34429811352925,237.01812744140625,6120163
2018-07-23,237.47133816855808,242.45642351179117,236.20241288601628,241.41409301757812,17013119
2018-07-24,242.18448672624325,243.99724477760583,240.6889392054749,241.86724853515625,9320281
2018-07-25,242.9095897263364,247.30553372922896,240.77959338880143,246.3991546630859,13099277
2018-07-26,249.3448774441961,262.30608654845764,248.52914184681129,260.7652587890625,53496546
2018-07-27,262.396747831895,269.1945910399752,258.40868534858697,259.9042053222656,32175436
2018-07-30,262.1248371555576,271.50583836756897,262.1248371555576,269.55712890625,40949610
2018-07-31,269.19457394341595,274.08901521028855,264.48139188761684,266.0222473144531,36510328
2018-08-01,266.9286401621868,270.1009669552858,261.3544143292689,267.47247314453125,33885474
2018-08-02,265.56903010898174,268.65071298087867,263.34839063602453,266.384765625,15665209
2018-08-03,267.01932048207226,271.86845478193277,266.92867702907984,271.2339782714844,18254462
2018-08-06,272.45756113047696,282.201136388902,272.45756113047696,279.6179504394531,31576923
2018-08-07,280.8415797744793,282.518386701926,274.6781850763641,275.5845642089844,23928622
2018-08-08,275.5845401267394,281.7932421747332,274.678161073324,279.7992248535156,20498279
2018-08-09,283.65132238263226,289.9053320225971,281.1134445570938,287.6846923828125,46464355
2018-08-10,287.91129990950253,295.8421166027624,272.3669047228118,275.9471130371094,111510771
2018-08-13,268.2881959167345,274.4515623263,263.84694415156287,266.61138916015625,58127432
2018-08-14,268.92269775359773,270.9620507871372,265.8863221493399,267.29119873046875,25294933
2018-08-16,266.02227240946223,270.46352457687374,263.0765402618277,265.29718017578125,31083900
2018-08-17,267.381841364561,274.36097167793594,266.5207701332565,273.817138671875,21931134
2018-08-20,275.62989932814776,279.7992488637386,275.17670976255084,278.8475341796875,20240462
2018-08-21,279.436612842738,279.9351378501535,274.95005373893673,278.2583312988281,14139592
2018-08-23,278.21307483216066,278.21307483216066,270.3728735162981,274.1343688964844,22721004
2018-08-24,272.45754556248517,277.0800842088718,271.0073335631589,272.32159423828125,18869585
2018-08-27,275.53924798346185,281.2947608336365,274.9047715456177,279.1647644042969,28111768
2018-08-28,279.2100855216606,281.20413071177666,274.9954280148887,276.76287841796875,16890236
2018-08-29,278.0771058377306,282.790288374843,277.12541881605205,280.70562744140625,24320824
2018-08-30,280.3430058149115,281.43067164876504,277.35196626255106,279.70855712890625,19935935
2018-08-31,279.07407391592017,281.5666160350564,276.0376988932379,280.61492919921875,18100140
2018-09-03,283.24347657518166,283.24347657518166,276.2643462481709,277.66925048828125,14708076
2018-09-04,278.0770938430679,278.6662623801655,267.78971329643934,268.6507568359375,42859084
2018-09-05,268.74137424297777,270.8713704309649,263.2124567955938,268.78668212890625,22922686
2018-09-06,270.1009211994885,271.77772775245575,266.9285949437898,268.696044921875,18001336
2018-09-07,268.1975391971082,268.1975391971082,262.35141127328376,264.3454284667969,23716678
2018-09-10,263.43908623115476,265.79567748004195,257.2303837144408,258.1820983886719,23354395
2018-09-11,260.44800026484637,264.1641595411737,255.2816291172094,256.1427001953125,28361400
2018-09-12,257.41165358643065,259.85888811782314,253.78613733873445,258.5899353027344,22717796
2018-09-14,262.940559000125,264.4813867364584,261.6716339053526,263.4390563964844,15149585
2018-09-17,261.49035936508886,261.49035936508886,257.5022970247218,258.5899353027344,16089996
2018-09-18,258.318021043086,260.0401356512747,246.89763984381943,248.16656494140625,33901000
2018-09-19,249.61678190099877,256.36931680824824,245.17553014035164,246.0819091796875,40759431
2018-09-21,248.52917532353672,253.28766588648904,229.67647230639903,245.2662048339844,39308482
2018-09-24,247.1696050459269,247.44150772648263,238.01517010709688,239.6013336181641,24633374
2018-09-25,239.28409072090992,247.39619501219977,236.383666435852,245.53810119628903,28948831
2018-09-26,248.34787470547963,248.34787470547963,238.1511097768787,239.14813232421875,23951904
2018-09-27,239.7372626923392,243.45342239093551,239.0574783935897,240.5076904296875,24829383
2018-09-28,241.4593818818312,247.89467889530735,237.92450899458203,240.6436462402344,33803139
2018-10-01,240.64364328947056,249.43553134013848,239.37471812249117,248.2119140625,17711738
2018-10-03,247.75870340089995,252.6078365481367,245.26616116881945,246.26318359375,19714943
2018-10-04,242.8642852913135,247.16958591672423,240.8249323634874,245.9459686279297,17754204
2018-10-05,245.6287139513701,245.6287139513701,232.033028677309,234.16302490234375,36628643
2018-10-08,235.4319648060839,243.3627817148548,234.1630396327794,240.8702392578125,21100804
2018-10-09,242.90961644297943,243.04556778575483,235.65858311632337,238.33241271972656,16010883
2018-10-10,237.10877793689187,254.1940294928072,236.74623182922815,252.56253051757812,31772330
2018-10-11,242.909576815534,246.08190337842345,236.20237761466623,237.6072540283203,46291120
2018-10-12,241.09683276714307,242.8189474690953,237.0181269496538,239.05747985839844,42967696
2018-10-15,239.6466288035605,240.8249382313112,236.6555888340683,238.5589904785156,21965859
2018-10-16,239.82791835772431,245.49278780277407,238.6949444687144,244.9942626953125,33597068
2018-10-17,248.1212634517199,249.2542372574355,235.65855158884813,236.7008819580078,21631573
2018-10-19,235.38665345861764,239.4653592374967,233.93644142736187,236.65557861328125,28474307
2018-10-22,241.0968514323217,241.0968514323217,235.1600791247845,235.9758148193359,19933462
2018-10-23,233.8458014126303,234.752180487873,231.126664186902,231.71580505371097,20206307
2018-10-24,235.8851511601782,237.2900276437166,229.13262990646456,231.76112365722656,25636533
2018-10-25,230.6734630798149,231.12665259470648,225.144545466039,226.1868896484375,33066232
2018-10-26,228.40753844433667,228.8607280047421,224.2381889565076,224.87266540527344,20543437
2018-10-29,226.59474569083017,244.04254110902409,225.14453378631055,242.8189239501953,37768359
2018-10-30,242.4564170653094,252.97042049631548,241.0968483714853,247.57745361328125,33401683
2018-10-31,249.25423344646384,256.27867093450055,243.45341318199016,255.0550537109375,28137370
2018-11-01,256.5052951041328,261.9435699119943,252.7438272274612,259.1337890625,29144808
2018-11-02,260.9465092985245,265.3877608788612,256.6865445828922,258.63525390625,27760214
2018-11-05,259.63229525128156,271.9137205659808,256.9584659348518,267.3365173339844,44619891
2018-11-06,268.37887767405294,270.37289525104853,257.32104073977024,259.63232421875,40688243
2018-11-07,261.8528966465722,261.8528966465722,259.1790951001644,259.722900390625,3312160
2018-11-09,260.13076316247657,260.583952645338,256.0067499326337,256.7318420410156,19201007
2018-11-12,257.1397496484059,257.1397496484059,250.9310475731213,251.92807006835935,24044907
2018-11-13,250.43252862731404,253.51423962632532,247.7587269388117,252.01869201660156,25633628
2018-11-14,254.1486787740004,260.76526240109,251.973374597345,257.0491027832031,52674807
2018-11-15,257.27569606182243,260.17609239381653,254.82846158938048,258.6805725097656,18445463
2018-11-16,259.13375434795455,264.48138499386346,256.1427146685202,263.6656494140625,24805910
2018-11-19,266.02229091222193,266.02229091222193,259.2697549168609,261.17315673828125,13799970
2018-11-20,259.1337589986069,261.53565789465233,256.05207583044523,256.91314697265625,12900924
2018-11-21,256.9131440846964,262.4420339740305,256.5505703485825,260.17608642578125,16167419
2018-11-22,259.17909982576236,260.1760946501136,255.23634543507717,256.2333679199219,12066797
2018-11-26,257.5023141805401,260.3574028837194,253.42360813014244,259.58697509765625,16846820
2018-11-27,257.9554829365944,263.30311379482083,257.45695786323415,262.30609130859375,21242956
2018-11-28,262.3061003218067,265.0705731131773,256.505279739652,257.91015625,19837609
2018-11-29,262.21546902025784,262.5327072451657,257.6382655167876,259.58697509765625,27919104
2018-11-30,261.7622610175195,263.6656625723731,256.68656041856815,258.00079345703125,17583510
2018-12-03,259.8588471271216,260.9464852335678,256.7318287925488,259.949462890625,15772176
2018-12-04,260.9918504387978,260.9918504387978,255.50824075961864,256.0973815917969,11897307
2018-12-05,256.0067924454795,256.6865767826576,251.1123230894006,253.9221038818359,14893748
2018-12-06,251.97339551324612,253.10636941393517,249.34490159574665,249.84339904785156,11083451
2018-12-07,251.0670181654946,251.38425639202669,246.62576597553263,249.61680603027344,10165275
2018-12-10,245.62873537031663,250.52317696367788,244.85830760550635,248.52915954589844,11947887
2018-12-11,243.22682870104413,256.73187129720054,243.22682870104413,254.9191131591797,30927239
2018-12-12,257.185078519776,259.0884802277044,255.78020193038623,258.5446472167969,21765939
2018-12-13,262.84995214336885,266.4754687246567,258.9978407757505,261.9435729980469,24097152
2018-12-14,261.49034053268156,263.57500116077307,260.17607992334655,262.12481689453125,12156361
2018-12-17,262.2154721423842,264.1642094069516,260.402713876179,262.3967590332031,12728014
2018-12-18,260.901216425816,266.47544208008645,260.1307886972273,265.34246826171875,13606582
2018-12-19,267.10991303853325,273.72646893874946,267.10991303853325,272.5481872558594,26124125
2018-12-20,270.4181675497766,273.40920704585636,265.7049859057516,266.5207214355469,19222232
2018-12-21,266.1582461169631,268.74143236488027,263.57505986904596,264.57208251953125,15777301
2018-12-24,266.0222615353951,267.3818301633443,262.98588606754294,265.6143798828125,12048877
2018-12-26,265.4331074720165,267.3818168764752,260.2667358783416,266.61138916015625,12684324
2018-12-27,268.9226864661101,269.7384221131879,264.209504144447,264.79864501953125,15304564
2018-12-28,266.11289274976707,269.2852194025662,266.06755720128825,267.2005310058594,12876558
2018-12-31,269.3758495782475,270.3275364630405,267.8349942156864,268.1975402832031,9526067
2019-01-01,269.6477763778671,272.5482004989024,266.33949826701064,271.5511779785156,11837127
2019-01-02,271.09794718942373,274.1796300613207,265.6596735353149,266.384765625,25559853
2019-01-03,267.3818272071909,267.8803246343964,262.9405752704245,263.8469543457031,17548347
2019-01-04,264.7532992518747,271.00730853205476,264.2094663447958,269.78369140625,19514041
2019-01-07,272.8653894010134,273.2732710189699,267.5630943305316,268.5600891113281,14579399
2019-01-08,268.10689824371485,277.35197514611554,267.1552113539789,276.7174987792969,22949961
2019-01-09,277.35197514611554,278.348997582334,272.5934853764518,276.7174987792969,21109911
2019-01-10,276.53626831667253,278.7115726196538,275.0860562278534,276.9441223144531,16295468
2019-01-11,276.808148885738,277.53326870251254,272.77477881811944,274.40625,12702551
2019-01-14,272.8201086259196,275.17669981392356,271.50584786900544,272.2762756347656,10372933
2019-01-15,273.72650948199833,275.1767216868501,272.9107737606746,273.4092712402344,9444374
2019-01-16,274.6328475050231,277.9411254494702,273.81711190591864,274.768798828125,12111480
2019-01-17,275.4485928398386,275.85647448405393,267.9256576503769,269.55712890625,15974634
2019-01-18,270.7807467302892,271.7777692377966,266.7020409217995,267.3365173339844,9082501
2019-01-21,268.19754767721935,268.9679753797401,264.1641776165989,265.070556640625,10188647
2019-01-22,265.5690498450622,265.5690498450622,261.21844166265055,263.0765075683594,11297989
2019-01-23,263.2578253529406,265.5237731433412,258.7712376637492,259.8135681152344,10304608
2019-01-24,259.81356380420164,262.7592958828445,258.77123337001166,261.0824890136719,11532528
2019-01-25,262.48737554234356,263.75630066637177,256.6865552178622,258.6805725097656,11121223
2019-01-28,258.9071983907749,259.76826964656016,251.33892696420335,255.2363739013672,18905470
2019-01-29,254.69248684649995,259.2243816302455,250.65908942477017,254.32994079589844,17435611
2019-01-30,254.87379677889243,262.30608830087715,254.01272562782125,260.5386657714844,18908654
2019-01-31,262.8499251168351,267.20053350284735,261.03716701258105,266.158203125,25546487
2019-02-01,269.1039387469229,274.3609539178852,255.59889621651772,257.7742004394531,60015958
2019-02-04,255.96145928579384,258.4993374312772,251.83744533256504,257.3663635253906,20642919
2019-02-05,257.59293947702287,260.13078977649855,256.50527354267973,258.00079345703125,13291133
2019-02-06,259.088494814258,262.62336809342463,256.9584982035751,261.9888916015625,12149759
2019-02-07,262.3060746335673,266.475423526972,259.7682245213166,260.4933166503906,19733315
2019-02-08,258.86184968160126,261.03715376420456,255.78016659287223,259.2243957519531,19781908
2019-02-11,259.17914230925976,259.17914230925976,253.78617502576313,254.23936462402344,15420017
2019-02-12,254.37529644676744,255.78020068983935,248.93702168506,249.61680603027344,15326106
2019-02-14,242.90959244809355,243.226830656897,238.96683793409463,242.09385681152344,26372671
2019-02-15,243.68004426603605,243.68004426603605,236.83686496770616,238.33241271972656,23366091
2019-02-18,239.64662100484475,240.64364351572817,234.57089267166089,235.61325073242188,14781744
2019-02-19,236.4743053701754,242.4564130561841,235.93047236953905,238.2870635986328,19064306
2019-02-20,239.73725606173463,243.18148534927496,239.5559691895512,242.63768005371097,15514595
2019-02-21,244.99425247945797,245.62872889504504,242.2751152592176,242.9095916748047,13760702
2019-02-22,242.8189319561456,246.44444800673529,242.5470293165483,245.5834045410156,12536918
2019-02-25,245.90060666401456,245.99125009428025,242.81892365842057,244.8582763671875,20793897
2019-02-26,241.82194704027197,243.0908999833104,238.60431211020196,241.41409301757812,15274303
2019-02-27,242.90958438968548,247.16957697116464,241.5953237084544,242.59234619140625,20571652
2019-02-28,242.6376623448459,245.447415035168,242.59232679986224,243.8612518310547,31636468
2019-03-01,245.22084729421945,248.89169913853513,244.8129933074027,247.39617919921875,20024726
2019-03-05,246.2631962635534,251.8374218281645,245.81000674349568,250.56849670410156,21533972
2019-03-06,251.3388908088975,256.09738065683746,250.56849077143457,252.0640106201172,22161376
2019-03-07,253.28765356260377,256.0520987861857,251.65615456696096,255.372314453125,14899105
2019-03-08,255.462935393656,257.6382395357378,253.4235825741119,254.8737945556641,19943319
2019-03-11,258.5899348941484,261.9435484821661,256.9584636494605,260.4480285644531,22931245
2019-03-12,262.1248496821571,262.7592984628743,258.99783068838786,260.0401611328125,20828136
2019-03-13,261.12781388066315,266.83799091988783,258.046130595042,265.70501708984375,23725641
2019-03-14,266.9286739678153,267.109960871721,263.5297519733185,264.57208251953125,16164017
2019-03-15,265.2064836654449,273.0919638557541,265.115840239248,270.4634704589844,37928480
2019-03-18,270.916700582666,272.7294587366624,267.0645895054236,270.9620361328125,23782967
2019-03-19,272.04966789304615,277.89582386343113,271.14328883782326,274.67816162109375,27218691
2019-03-20,274.4516224700996,276.12842959413626,271.9590795631666,275.3580017089844,18820555
2019-03-22,275.8111087819881,277.71451014608425,269.14924549838787,270.146240234375,17865957
2019-03-25,266.4754333496094,267.7896940000545,264.84396216880884,266.4754333496094,16895511
2019-03-26,267.15527200463185,276.4456589021636,267.15527200463185,275.0860900878906,18303791
2019-03-27,276.6721970720122,281.74792513843755,275.8564614825225,279.88983154296875,35956450
2019-03-28,281.0681501647551,307.8516401450433,280.1164355618021,289.1349182128906,63244736
2019-04-01,291.6727728159401,296.975095892162,290.9929885154115,292.5338439941406,22372357
2019-04-02,293.34956662351476,300.0114580055863,291.94469019554066,298.1986999511719,27897583
2019-04-03,300.01145604173774,301.3257166867823,289.58809729708526,290.4944763183594,30552104
2019-04-04,291.40085736568994,295.252968232888,288.50043341324954,291.6727600097656,27832294
2019-04-05,293.39490487303175,293.39490487303175,285.50939619951464,287.3674621582031,23117232
2019-04-08,288.4551271338159,289.36150616644375,281.9745225826253,283.5153503417969,17394139
2019-04-09,284.55771421964226,286.1438775594162,279.2553912374421,285.2828063964844,25556039
2019-04-10,285.3734517490625,287.3674690790084,280.97750778865736,281.7932434082031,19237974
2019-04-11,281.88385924389473,285.87192117376804,279.7991986802424,285.4187316894531,14897935
2019-04-12,285.14682113293566,286.77829216690077,282.0651382573959,285.7359619140625,14751964
2019-04-15,285.96257922265465,288.86300313475175,284.37641594645925,286.05322265625,13864791
2019-04-16,286.9596061737071,289.49745639124245,285.2374915503443,286.1891784667969,14940726
2019-04-18,286.2345325968541,286.2345325968541,279.21009398579275,281.70263671875,15691168
2019-04-22,279.88985328046203,283.06218011079335,277.669241095527,281.0228271484375,15665440
2019-04-23,281.02278816103205,284.3764014091773,276.0830393782668,276.67218017578125,17324274
2019-04-24,277.216035819285,282.7449535133972,275.1766829726407,281.65728759765625,15228591
2019-04-25,281.8838723476269,282.79025135839095,276.8081443552496,277.53326416015625,30842477
2019-04-26,278.1677107667297,284.14981772460936,277.8958081297547,283.2434387207031,14987906
2019-04-30,282.79028659839736,282.79028659839736,276.44563273240766,280.9322204589844,18178758
2019-05-02,279.2100462630969,282.2464215145476,277.0347421455103,279.3006896972656,16640100
2019-05-03,280.07115990423387,282.6090104831803,279.8898730083819,280.9775390625,12452689
2019-05-06,278.0770931709995,281.2494199794193,277.2613575237905,279.84454345703125,10639216
2019-05-07,281.61197500340137,284.0591817821808,275.3126296959552,276.8534851074219,15219845
2019-05-08,275.4939166910553,276.7175062507553,268.9679766236886,270.3275451660156,22103678
2019-05-09,269.7384080668217,272.820091273359,268.3788395056588,271.27923583984375,12654440
2019-05-10,273.5452133829137,281.65731774996726,265.0705905524621,279.2100830078125,60739833
2019-05-13,280.9775360192449,284.78433950693,276.7175429573351,278.1677551269531,40101505
2019-05-14,279.02880257017216,287.0955707708615,276.5362601246477,285.1921691894531,30521436
2019-05-15,286.5970802229346,288.1379080844804,281.8838978759238,282.88092041015625,27932459
2019-05-16,283.2434466219288,287.4127956883022,280.56961742162065,286.1891784667969,18147559
2019-05-17,286.09854112380566,291.8087457255894,284.10452381342344,289.36151123046875,25838962
2019-05-20,300.9178387499745,313.42585833261364,300.01145971759513,312.4288635253906,53207071
2019-05-21,313.516512908909,315.01203283338054,304.7699604677331,305.9482421875,33457162
2019-05-22,307.17184861875273,310.5254621035995,302.3227152622013,309.1658935546875,32002499
2019-05-23,319.9518163844251,329.9219863000871,307.44379609988334,310.1629333496094,74413322
2019-05-24,312.6554805509573,323.57733760479226,311.34121979620767,322.0818176269531,35703403
2019-05-27,321.80989798549086,328.5624335460142,320.8582109663146,327.83734130859375,31374994
2019-05-28,327.15752963198935,327.8373139204665,323.26008311509065,326.3417663574219,23501608
2019-05-29,324.4837450675356,325.3901242437019,314.6495254740318,316.00909423828125,28370210
2019-05-30,317.0060878923544,321.7645781323397,314.9667349323607,320.4503173828125,25712604
2019-05-31,321.1754335443786,324.39306822434224,312.3835453764159,319.4986267089844,32588069
2019-06-03,319.3626741557712,323.0788339133761,316.9154395772158,322.1724548339844,18380919
2019-06-04,320.8581709387957,323.75859484763714,318.5015799704236,319.407958984375,18130636
2019-06-06,316.3262925200047,316.8701254891006,304.45272128013494,305.3591003417969,41941144
2019-06-07,305.44977389065633,310.6614540089687,304.54339473964546,310.0269775390625,29739710
2019-06-10,313.6071702395191,314.78545201148114,308.30484694469993,312.0663146972656,20500542
2019-06-11,312.7460932848163,315.69182532114235,310.7520758872924,314.60418701171875,16281297
2019-06-12,314.46820164327835,314.46820164327835,310.253517211404,311.79437255859375,11564970
2019-06-13,310.88800665344854,314.9214043928872,307.9875826991901,314.0603332519531,15509948
2019-06-14,313.1539842217547,313.9244120015773,310.4801547683982,311.6131286621094,10347594
2019-06-17,311.5678465321292,311.5678465321292,305.40447910492907,306.22021484375,13779496
2019-06-18,304.09018902681004,311.79441140155785,302.54933348766247,308.2142028808594,21957480
2019-06-19,310.978636581205,312.8820379897333,304.09015073440776,307.12652587890625,16416903
2019-06-20,309.07526334287513,313.83375346765547,304.1808218894856,312.83673095703125,20626861
2019-06-21,312.51952361871497,317.8671827965011,311.0240035353074,316.6888732910156,24749090
2019-06-24,317.232693414649,321.53799425384784,316.91545518913523,320.13311767578125,17919504
2019-06-25,319.6798964403239,323.5773152233548,318.36563577648,323.16943359375,15922634
2019-06-26,322.44435518098845,325.3900871678843,321.13009446109874,324.6196594238281,15835579
2019-06-27,324.574354013606,329.0156059725973,323.803926263665,328.24517822265625,29658120
2019-06-28,328.29048395360525,330.82833408236917,325.11815746240444,327.4294128417969,22708464
2019-07-01,328.8343288639035,329.0156157494512,324.93690976908607,327.70135498046875,12348793
2019-07-02,328.2451866809202,330.82837265705376,326.6137153594122,330.37518310546875,14482172
2019-07-03,331.0549613756556,332.3692221154036,329.0156084308364,331.8706970214844,12626285
2019-07-04,332.8676802769474,336.1759580205765,331.9159934125101,333.0036315917969,19252646
2019-07-05,334.8617635512796,338.62323121669425,331.73474464818497,335.94940185546875,30019347
2019-07-08,333.54749361604536,333.95537525667555,320.4049972643262,322.0364685058594,27247892
2019-07-09,320.4050175397552,326.29648179437584,319.4986384236597,325.8432922363281,16579914
2019-07-10,326.79494386421936,327.6560149954861,318.410937948014,321.0394592285156,18681819
2019-07-11,324.936876467167,329.92196104337177,323.5773079463839,329.1968688964844,20048321
2019-07-12,329.0156152468705,332.23325000671207,327.6560465888256,329.5594482421875,14661748
2019-07-15,330.0126181114949,330.8283537255688,324.1211542780258,326.3417663574219,15665939
2019-07-16,324.9368740535761,331.7347166069982,324.16644636542316,330.23919677734375,16251836
2019-07-17,329.96728237240075,338.5778833548144,329.06090332162034,337.5355529785156,17545177
2019-07-18,337.12773026101837,338.80450953204115,328.60774426530037,329.6047668457031,21691056
2019-07-19,330.9189835138373,331.7800269807647,321.9005012611487,322.6709289550781,22213173
2019-07-22,322.67095962624944,325.8885943673132,316.0544032599092,318.00311279296875,19682038
2019-07-23,318.32034509878736,319.9518163844251,309.07526738552116,310.1629333496094,27956145
2019-07-24,309.8456576220086,312.428843228573,304.76992983832787,307.8063049316406,20823143
2019-07-25,309.7097417280074,311.06931034373963,305.812295099945,309.34716796875,19857643
2019-07-26,308.89398321727487,313.7431168873018,308.6220805541123,310.5254821777344,16139052
2019-07-29,311.7491076577511,314.1056712282738,305.2684748573271,311.6131286621094,17060483
2019-07-30,312.1569536778558,314.24164218525283,295.343632589485,296.88446044921875,24437235
2019-07-31,294.6638543938449,302.0055307219456,293.57618839690576,301.0991516113281,22741445
2019-08-01,299.83019923141194,300.46467567410747,282.2011420966039,287.4581298828125,40853304
2019-08-02,286.0079010269763,292.0806517869775,278.30367902483727,279.5726318359375,64472348
2019-08-05,270.5088485380965,274.49691097344663,264.39078972439637,272.14031982421875,48815899
2019-08-06,270.8260868320221,275.7658644073803,269.42121017286377,273.18267822265625,30442970
2019-08-07,274.0890153083865,274.13435085654083,261.7622548707634,262.75927734375,30820114
2019-08-08,262.84990940110384,267.8349938897455,258.8618473422889,266.79266357421875,32929233
2019-08-09,268.5601071598606,270.1009626418135,262.89523797693664,264.07354736328125,23377581
2019-08-13,263.6656605400128,264.25480139136846,256.05208203977827,256.822509765625,24231272
2019-08-14,258.36335908964185,263.9829207412944,257.8648616339854,262.62335205078125,18523649
2019-08-16,260.99184792135424,265.3877640070851,257.68354239470153,263.6656494140625,20047399
2019-08-19,264.662689221481,265.0252353184527,259.22441478542316,259.9948425292969,19831459
2019-08-20,260.402651441094,260.49329486477046,254.37523718321563,257.13970947265625,23204417
2019-08-21,258.771257627882,258.8619010785902,250.43255805168116,251.42958068847656,28226325
2019-08-22,252.24527672833904,252.24527672833904,242.2751072503732,243.4080810546875,27728925
2019-08-23,242.09385926836333,249.48084328306544,238.10579682427516,245.71937561035156,35212444
2019-08-26,261.0371994231067,261.0371994231067,244.72237445916252,253.9674530029297,64066440
2019-08-27,257.4116288097034,261.03714470843164,256.14270377724677,258.9524841308594,45164811
2019-08-28,259.81358052120646,259.81358052120646,255.7802098579992,258.2274169921875,18979998
2019-08-29,256.68656491921814,257.6835597726043,247.71338995478925,248.80105590820312,27083514
2019-08-30,250.1153156432161,251.92807378475635,241.86726056710904,248.2119140625,45702652
2019-09-03,246.53511073594552,246.53511073594552,241.95790742802373,243.2721405029297,21241863
2019-09-04,244.45045283136864,250.02467873000052,242.2298129858227,249.3448944091797,27309675
2019-09-05,249.25421897440833,250.4778361269264,245.67401094676123,247.71336364746097,25085139
2019-09-06,249.29956141401635,251.06701173046855,246.6257596543391,248.3025665283203,16675146
2019-09-09,248.30253432451903,252.60783450881007,245.62870525113112,251.97335815429688,18616889
2019-09-11,252.4265880802031,259.0884802277044,252.4265880802031,258.5446472167969,20999669
2019-09-12,259.9041837841884,261.76224970955576,257.54759280191064,260.17608642578125,21964832
2019-09-13,258.3179971263051,265.11583915594474,255.59886031444927,264.3907470703125,27303181
2019-09-16,261.2184385568139,263.2577913044141,257.2303488331132,258.0461120605469,18267680
2019-09-17,258.3180445602294,259.63230532482163,247.44149531558816,248.3025665283203,21533362
2019-09-18,251.24828525920108,256.4599648285419,248.71040730739983,254.148681640625,25478758
2019-09-19,253.74081627506948,253.74081627506948,247.48677894412145,248.3931579589844,23387797
2019-09-20,248.8010668710208,278.8475289774439,243.27214874178793,273.45458984375,84481749
2019-09-23,278.75684309144657,286.41575650522907,272.27623894312586,284.37640380859375,54178171
2019-09-24,283.8325816888223,285.6453397103514,272.63879537378153,274.2702941894531,40096711
2019-09-25,269.19462325464497,269.64781285608376,252.6078949061843,254.0127716064453,73063465
2019-09-26,255.1457134470397,262.759292259364,251.06700754824155,255.46295166015625,79005946
2019-09-27,256.2333631020268,259.2697107271759,253.7861286543767,254.8737945556641,37851718
2019-09-30,255.0550727035702,255.4629543619617,244.85830784873264,245.44744873046875,41094131
2019-10-01,247.21488758543833,249.7074299900578,222.56138002216076,231.9877166748047,79350077
2019-10-03,230.22026511328608,236.2930154540931,226.68539255899935,230.3562164306641,56207921
2019-10-04,234.29899782201312,236.11175602566504,225.2805285248942,226.54945373535156,60029186
2019-10-07,227.95434176550373,229.676456509168,223.73968451744528,225.7790374755859,39160623
2019-10-09,226.68541925898572,237.47132505575496,221.4737394152048,236.51963806152344,60328507
2019-10-10,233.8457810993221,233.8457810993221,228.95134005027185,230.3562164306641,37577511
2019-10-11,232.21431418712643,236.92746845827537,227.95432176197025,230.71878051757812,43272106
2019-10-14,232.89411307474396,235.11472519970005,230.2202837543443,231.53453063964844,28265136
2019-10-15,232.44091926172985,235.56791039903277,230.94538552577347,234.2536773681641,23444973
2019-10-16,235.02408591102792,237.42601261707244,231.12666690583328,232.0783538818359,30892295
2019-10-17,232.39559545320083,241.0968403357635,231.67050323819353,240.5983428955078,37061013
2019-10-18,239.64661557266595,245.94596104184865,238.5589773076696,244.4051055908203,33203721
2019-10-22,245.08490892391404,249.25425841495425,243.3627941251462,245.1755523681641,27574295
2019-10-23,245.4021019652677,251.792062531192,243.4987006284528,249.66209411621097,31789622
2019-10-24,250.1606166294643,251.65613652286785,225.37114419585893,237.92449951171875,63943183
2019-10-25,240.9155539418773,257.54761597458383,238.87620096496357,255.19102478027344,105518180
2019-10-27,258.2727495036348,258.2727495036348,254.01275644025975,255.41763305664065,12183625
2019-10-29,256.6412068867783,258.3180135595262,252.47185797792972,254.3752593994141,51033578
2019-10-30,256.5052675193693,263.75629981673666,253.10634612997836,262.75927734375,51469048
2019-10-31,265.8862921738295,288.04724271027743,265.3424592274305,283.1528015136719,128449327
2019-11-01,283.15279905825935,285.5093900318909,279.70856986175414,284.19512939453125,44894016
2019-11-04,286.4157944930868,289.1349317825781,283.1075163229713,284.87493896484375,31535656
2019-11-05,284.51239726243904,291.85407358980973,283.5153747087599,289.31622314453125,50080853
2019-11-06,289.0896316083001,289.0896316083001,284.60304389668596,287.8206787109375,32157080
2019-11-07,288.4551453942245,293.032348734554,287.14088464951874,288.364501953125,33926772
2019-11-08,286.597058353309,290.9476666027987,285.0562029488479,286.415771484375,25423362
2019-11-11,285.2375045243741,289.724064326641,283.78729247960837,288.45513916015625,20491942
2019-11-13,286.4610937935286,288.7723770165841,277.0347570047277,278.07708740234375,32675829
2019-11-14,278.21309152149956,280.5243472928315,271.64184267538315,277.3520202636719,43617772
2019-11-15,282.7902505674288,293.3948960279043,281.02280043718554,291.7633972167969,95199897
2019-11-18,293.6667959275227,298.96911860831244,293.4402011775786,294.663818359375,39009263
2019-11-19,295.29827185093745,300.73654593777235,291.9446860936847,299.4676208496094,41372145
2019-11-20,300.91781879500485,301.37100828114194,294.6638094184117,298.01739501953125,29972583
2019-11-21,298.4253336141792,301.6883040696225,295.97809885747256,300.3287353515625,34116162
2019-11-22,300.4193486677677,302.5493173173737,297.51892462927117,298.4706115722656,28974967
2019-11-25,298.1987358041282,305.90295846168164,297.60959489770863,304.634033203125,27561300
2019-11-26,306.3560963842446,308.1688543510153,301.46165540606205,304.09014892578125,36464072
2019-11-27,304.49804661773214,313.1992631894835,302.77590432993395,311.3865051269531,33971305
2019-11-28,314.3775630852124,318.139030419902,312.2475668936075,316.5981750488281,42538227
2019-11-29,316.1903568712346,316.1903568712346,308.71272924174383,309.845703125,23081823
2019-12-02,311.70376779288716,312.11164945317773,304.72466530048865,306.809326171875,20648850
2019-12-03,309.0752590250348,310.842709253745,302.1414647578916,304.76995849609375,26482178
2019-12-04,302.82126504881165,310.8427256743645,300.7819120589505,309.845703125,26789483
2019-12-05,310.88800621098954,312.3382181860548,303.7729253180855,304.7246398925781,30429507
2019-12-06,305.177831184055,306.03887466828746,288.22853221893314,290.0412902832031,47027528
2019-12-09,289.08961535808913,296.9750966685394,285.2828122009793,287.0502624511719,52435239
2019-12-10,287.5034612741451,292.4432107675209,283.0168736697856,284.0592041015625,52155809
2019-12-11,282.06516601798666,286.18917955224623,279.1647420493803,283.5153503417969,52557951
2019-12-12,284.6030279012298,292.7151316396822,284.19514625564506,291.7181091308594,37804216
2019-12-13,294.75448722359505,302.2321146169377,294.57320034380115,301.4163513183594,40955226
2019-12-16,304.4980504765199,305.6763321678994,299.83017627795573,300.7818908691406,35027613
2019-12-17,302.05081974396586,304.31676737895435,299.6942286714791,301.73358154296875,26734601
2019-12-18,303.6370086595433,304.1355061170248,295.2983095963366,296.3406677246094,26449075
2019-12-19,296.703191505935,298.74254439562844,294.1200056468913,297.42828369140625,27516289
2019-12-20,299.42237091941263,307.7157349750047,299.42237091941263,306.22021484375,51839714
2019-12-23,304.27146301695996,307.12655153803723,299.4223294897844,301.2803955078125,30150335
2019-12-24,302.00550535134727,302.91188438582253,298.3799892134463,300.4193420410156,21747782
2019-12-26,301.8242353142542,302.23211696671456,297.382983329717,298.9691467285156,24616942
2019-12-27,302.1867657379973,306.6733530403078,301.8242196548948,305.67633056640625,33477173
2019-12-30,306.12957655308145,306.2202200057001,301.3710857258315,303.09320068359375,22775554
2019-12-31,303.0931692104103,304.860619541199,301.41636232282787,302.5040283203125,23801635
2020-01-01,303.3650835353448,304.49805736441243,301.0538003277505,303.13848876953125,17379320
2020-01-02,303.18381512373156,308.0329489395735,302.1414846696056,307.534423828125,20324236
2020-01-03,306.3107898961737,306.3107898961737,300.9178238562402,302.45867919921875,21853208
2020-01-06,300.6459432623662,300.6459432623662,287.9566365069415,289.1349182128906,35645325
2020-01-07,294.0747050281869,296.38596062944805,285.87195771722196,288.5910949707031,50966826
2020-01-08,282.88088383528265,291.4008406743793,281.8838614299595,289.8599853515625,44527485
2020-01-09,296.29533966864665,300.37404585831734,294.5732248095517,299.2864074707031,40348407
2020-01-10,300.01146588350616,306.31081135220614,297.3829721676829,301.1444396972656,42377838
2020-01-13,302.73061361046155,304.0448743445251,298.2440260870668,299.7848815917969,23615129
2020-01-14,298.92379910381305,300.64594142420054,295.93275930823347,297.2923278808594,26296117
2020-01-15,298.1987334805079,298.38002037053025,292.1713178039585,293.8934326171875,32625740
2020-01-16,293.6668250597939,296.29531888779803,292.17130509390313,293.0323486328125,26653623
2020-01-17,283.69662072523585,293.21360001474056,281.0681272154709,288.228515625,58396326
2020-01-20,290.9477120174724,291.35559370599475,284.05922483013063,284.6030578613281,30682902
2020-01-21,284.4217314982013,287.2768476006926,282.79026029148616,284.33111572265625,30591772
2020-01-22,287.3221550092219,287.3221550092219,284.331115248402,286.5517272949219,24994911
2020-01-23,286.415801230863,294.39192640347363,284.73899433079845,292.9417419433594,33293610
2020-01-24,293.21359979356725,296.6578288505935,291.0836036601865,293.71209716796875,22706879
2020-01-27,290.8570724707114,291.8540950978657,286.2345331342668,286.59710693359375,23309355
2020-01-28,288.1832531708622,290.04131930848393,281.9292150948765,285.6000671386719,26488426
2020-01-29,288.09262525946355,289.76943225922264,286.007936568237,286.8236999511719,23914114
2020-01-30,287.09555093115443,287.09555093115443,277.03473840509923,281.6119689941406,35802330
2020-01-31,284.33111317565505,291.58214542586757,279.708574584046,288.63641357421875,92656638
2020-02-03,274.63287200706867,278.1224371339771,267.69907730532594,270.1916198730469,56060158
2020-02-04,274.5422376120334,278.756895106082,269.2852496328646,277.57861328125,51141567
2020-02-05,278.16772103000886,284.285779532108,276.0830603083057,281.8838806152344,35014841
2020-02-06,282.065171546177,293.2136228018008,281.0681490586471,291.8087463378906,57757656
2020-02-07,291.40089669606624,294.57322372075123,288.5911157992459,290.5398254394531,37126803
2020-02-10,289.8600445400742,292.57918202229064,286.86900437383485,288.6817626953125,24816396
2020-02-11,290.9929719582071,295.29827228325433,290.9929719582071,293.9840393066406,30188757
2020-02-12,299.0144243353265,299.0144243353265,289.361493589498,290.2225646972656,38930849
2020-02-13,291.85404648438816,299.96614983440907,291.85404648438816,296.7938232421875,62516057
2020-02-14,297.3829759492523,300.82720532268104,288.7270393057636,289.4974670410156,48205947
2020-02-17,290.9023601988752,291.0836194082406,282.47301863933757,284.7843017578125,36950692
2020-02-18,285.87196913355297,289.3162263884726,280.43369440941245,287.8206787109375,38588583
2020-02-19,292.12594297567404,293.66679835221277,287.54874005320835,290.3585205078125,39846727
2020-02-20,289.45222190559826,298.3800631392137,288.90838881807605,296.97515869140625,40150409
2020-02-24,295.2529994067523,300.2833924767289,291.71812635807987,292.71514892578125,45273936
2020-02-25,295.38891529794233,297.42826808059834,292.03532954053674,296.20465087890625,39050709
2020-02-26,294.43722707780535,299.8301655937063,293.8480862531093,297.4736022949219,43915281
2020-02-27,297.2923285285646,299.10508662934853,288.228538024645,291.8087463378906,47010040
2020-02-28,282.7902541963181,285.19215306684856,272.91072841194267,274.6328430175781,59705346
2020-03-02,281.8838663839738,282.7902453755621,257.45694149647136,260.4933166503906,66711413
2020-03-03,265.56904705876775,266.8379721269502,258.58991769302656,262.7139587402344,61949382
2020-03-04,264.48139920524073,265.56906514374714,249.34488546740536,258.5899353027344,73675736
2020-03-05,263.6656606375422,270.46350352606856,244.7223439869476,261.4903564453125,149245973
2020-03-06,242.90960456439177,248.71042540994972,230.1749751411418,245.1755523681641,106043172
2020-03-09,235.70386477061837,238.15109931012452,227.63709662484803,229.7217712402344,101286241
2020-03-11,229.31389214657352,234.29897675845555,220.3407453772844,222.15350341796875,90845604
2020-03-12,210.1893026505019,210.1893026505019,189.0706811978622,192.6961975097656,99767083
2020-03-13,181.27580122514203,225.5070994901259,167.36287794901398,219.34371948242188,155701316
2020-03-16,206.5637873197513,209.73611410773495,199.94723108329745,202.4397735595703,75583409
2020-03-17,205.929316563571,208.3765372226536,192.19767954354052,195.0074462890625,65403057
2020-03-18,200.30975037343973,202.258459607418,181.36643562135285,195.05274963378903,101356399
2020-03-19,183.94964381296197,199.17681614061493,179.59902117216853,184.5841064453125,93533467
2020-03-20,186.30621122793283,195.5059527933197,181.27580487655905,190.20364379882812,77391650
2020-03-23,172.21201263252922,180.82261326415568,163.3748172474389,164.5984344482422,61750037
2020-03-24,173.07308290347368,173.97946198527268,157.3020924122696,166.04864501953125,67491360
2020-03-25,161.3354637249799,176.9705016421479,159.93057349390978,172.12136840820312,71567553
2020-03-26,173.61692241196016,182.18220229093205,167.77077988061413,174.70457458496094,107260359
2020-03-27,183.0885767462592,192.06172423291255,176.74392309663637,177.60498046875,114740377
2020-03-30,172.2120174928266,176.74391269000623,168.81309609494184,169.40223693847656,60081554
2020-03-31,174.02478644284733,179.91625056721455,170.44459177947363,178.4207305908203,59543412
2020-04-01,175.83752755763436,176.29071706164888,167.90671123738022,169.0850067138672,52954239
2020-04-03,169.99138907094266,170.58052990566992,158.6163295300258,159.06951904296875,64448494
2020-04-07,167.1362776919923,169.76478502132113,160.97291171755637,168.94903564453125,72130500
2020-04-08,165.77672716593523,176.2000865209237,163.55610119983493,165.86737060546875,80435759
2020-04-09,170.39926322195407,172.21202134133654,166.41120089141134,170.17266845703125,62416005
2020-04-13,169.31161028903983,171.0337249619394,165.9580105506188,166.320556640625,51847146
2020-04-15,169.4928858984025,173.9794595237814,163.2841837438221,165.27822875976562,72190004
2020-04-16,164.96098380253233,172.1213726223019,163.37482049673875,170.85244750976562,61165773
2020-04-17,177.6502876627183,179.46304570009298,168.85841394750037,175.15774536132812,89851063
2020-04-20,175.83751949954342,178.87389456939144,172.25732534794716,174.4779510498047,81958510
2020-04-21,170.3992535045247,170.58052654007602,165.86735846451074,167.45352172851562,53042420
2020-04-22,168.13331176455893,171.7588279212071,164.37184428413505,171.03372192382812,61503413
2020-04-23,170.1726632741537,172.12137266104008,167.8160722586314,169.22096252441406,50955312
2020-04-24,166.7737573615699,166.7737573615699,162.24186178109244,162.92164611816406,65137305
2020-04-27,166.32056519602526,166.32056519602526,163.60142789036817,163.96397399902344,42996571
2020-04-28,164.96099487634214,167.99737036907706,164.23588883611092,167.04566955566406,49590230
2020-04-29,167.680104674808,173.84348426133644,166.32053625852578,172.30264282226562,57470466
2020-04-30,175.38435952494464,177.55966387842625,171.94011610672564,172.66522216796875,63063889
2020-05-04,165.36886779096406,166.320568633664,161.33548347025717,162.1059112548828,58118177
2020-05-05,164.05459861771843,164.2811933671904,152.99677760953466,154.4469757080078,91050439
2020-05-06,155.126774564769,157.07549789188764,150.95743908000415,155.0814666748047,73156432
2020-05-07,154.85486462757015,156.39570623063,152.99678482818328,154.76422119140625,42942399
2020-05-08,156.3050665124264,157.52868377851152,150.54956776552777,151.04806518554688,55932236
2020-05-11,152.22635095233193,153.08740824006338,149.5525356566412,149.9604034423828,54591827
2020-05-12,148.8274375294793,152.72487021800595,145.79107600430203,151.274658203125,70752542
2020-05-13,161.8339665023681,161.8339665023681,154.5376130890081,157.8005828857422,81720683
2020-05-14,154.94550138316924,155.67060741519924,151.81849631467756,152.2263641357422,48136531
2020-05-15,152.22636249672914,152.49827898459358,149.2806305103997,150.82147216796875,35495540
2020-05-18,150.82146481186086,150.82146481186086,140.4887494189526,140.7606658935547,77349435
2020-05-19,142.75471492078862,143.07195315271184,138.13217576268286,138.49473571777344,71522334
2020-05-20,138.67599760554378,140.7153505115077,136.999190795208,139.03854370117188,66168767
2020-05-21,139.26513050410085,141.5310780478073,137.31642114861177,137.7242889404297,61147471
2020-05-22,137.76962537120278,141.0325957147251,135.45835586372846,136.727294921875,87064198
2020-05-26,138.13214800317394,138.85725393738718,136.1381170567716,137.22576904296875,48275988
2020-05-27,137.72428058561212,145.74573993582283,136.6819503108369,143.751708984375,88195120
2020-05-28,144.52213394672327,147.19594932619094,142.02959160768205,143.38916015625,76968678
2020-05-29,141.4857757797688,146.74276322573465,140.67002633349196,146.19894409179688,58363280
2020-06-01,148.64617942092335,155.35337954562186,148.05703851019578,154.12977600097656,92740893
2020-06-02,153.99379695275806,155.2627359364789,151.5465762537744,154.31103515625,70419104
2020-06-03,156.35039153757475,163.05759120766746,155.8972019968861,158.52569580078125,113168889
2020-06-04,158.52567811730955,161.01822031305497,155.44399511648624,157.75526428222656,83494674
2020-06-05,160.0212371703771,172.03076056803974,159.52272588593397,170.21800231933594,201321234
2020-06-08,178.55667884456335,179.00986838477797,168.40523590980513,169.31161499023438,151741826
2020-06-09,170.12734196884114,173.11839554802384,166.18460146785864,167.18161010742188,96654191
2020-06-10,167.27224629258708,171.30563005427072,166.59246204633996,170.12733459472656,67333317
2020-06-11,170.39926675120515,172.57457100741954,159.8399560192001,160.56504821777344,91726802
2020-06-12,154.08444451788273,163.1482353718758,153.9031714668523,162.3778076171875,92758901
2020-06-15,161.1995153138434,161.1995153138434,155.8971924793934,157.4380340576172,63613412
2020-06-16,161.33547521201243,162.19653256647658,153.54060964158043,156.7129364013672,63925976
2020-06-17,154.9908186113293,159.70398693755428,153.40465526296774,156.7582550048828,73866905
2020-06-18,156.2597454247501,163.73737271821875,155.0814637033101,162.83099365234375,58261857
2020-06-19,163.420154515327,167.63481179872517,162.69504846919196,167.22694396972656,76895151
2020-06-22,167.68011407428617,173.7981722905101,167.00032982803904,170.12733459472656,80023958
2020-06-23,171.8494756766858,175.0218023934899,170.26331231828377,174.43264770507812,65487085
2020-06-24,176.56262878537507,176.65325838559485,166.6830895652017,167.31756591796875,74668987
2020-06-25,165.14227909545505,169.31162873602267,163.5107938521787,167.90673828125,73620385
2020-06-26,170.3992489303556,170.94308185265717,166.5924599649819,167.31756591796875,49176958
2020-06-29,165.86738184206655,165.95802528774067,161.7886757311961,162.4684600830078,50966428
2020-06-30,164.14524458888724,165.7767157461272,160.65567986093765,161.7433319091797,43613239
2020-07-01,162.64972201428142,168.04267473690834,161.87930809976163,167.4988555908203,54012853
2020-07-02,168.26927048627618,170.3992668540507,166.77375053800705,168.08799743652344,52127276
2020-07-03,169.17563945742148,169.35692632658993,166.2299076266369,167.408203125,38048810
2020-07-06,169.13034838625128,172.07608050991686,168.7224667203148,170.44459533691406,43773740
2020-07-07,169.4928879158647,171.48691912529603,166.81907239661038,170.94309997558594,55124494
2020-07-08,171.2150207974627,178.96456551755034,170.76183120950728,173.9341583251953,143063102
2020-07-09,174.74989195398305,182.18219775298053,174.52329718065843,180.4600830078125,89539723
2020-07-10,179.46305446310984,183.54176024636232,176.56264422773523,177.28775024414062,111406477
2020-07-13,180.1881742190957,181.09455335115328,173.66224723433075,174.6592559814453,61949761
2020-07-14,174.29668959542224,174.29668959542224,167.3175738560832,168.63182067871094,62239932
2020-07-15,170.35392009587545,172.16667798746283,165.8673470802457,166.5924530029297,58527305
2020-07-16,167.6801364565856,169.44757296670002,164.6437608859483,168.8131103515625,46546803
2020-07-17,169.31161074002347,171.7588314297007,167.68012567015637,170.58053588867188,47035238
2020-07-20,172.21203085323148,175.1577629599315,171.0790569660392,172.89181518554688,45672856
2020-07-21,174.43265205218808,177.83157361918413,173.57159468793185,176.20008850097656,59281860
2020-07-22,177.37836449106908,178.33006519079208,172.30265047628927,174.02476501464844,62276152
2020-07-23,174.3873431807593,180.4600945587633,173.2543692416165,179.68966674804688,70801412
2020-07-24,177.3783832205074,177.92221620069995,172.80116609966944,173.97946166992188,65265493
2020-07-27,174.93116855014677,175.11244160642897,169.0397043243646,169.62884521484375,50697767
2020-07-28,170.39928445983523,172.66523239148196,168.35993132135317,171.71353149414062,51488617
2020-07-29,170.03672612778558,176.9705207692313,169.49289313109475,173.2996826171875,73763368
2020-07-30,174.47795904559078,175.3843380536198,168.63181720985267,169.0850067138672,48472816
2020-07-31,170.3992555272962,176.60795733791585,169.22096003685604,173.52626037597656,145892485
2020-08-03,174.02477852730817,176.3813696019642,172.25734213643958,174.25137329101562,72454278
2020-08-04,175.2483947822025,175.65626258849628,172.66520895859722,173.6622314453125,43866676
2020-08-05,174.70455586641668,178.42071537544027,173.11839258358282,173.52626037597656,68888892
2020-08-06,174.2966762061425,176.29070714559634,172.43859657814758,173.07305908203125,59740172
2020-08-07,173.52628405853585,174.11543879928584,171.80416921995496,172.80117797851562,44822338
2020-08-10,173.8888137458933,177.1970915079329,173.75284860004157,175.65625,48784530
2020-08-11,176.74393913945437,178.37542442063753,175.6109651706117,176.7892608642578,43890305
2020-08-12,177.6502912267068,185.12791828089215,176.38136610718607,184.2668609619141,157818228
2020-08-13,186.26089491931432,187.89237997662775,181.9555944284786,182.9979248046875,70443118
2020-08-14,183.99493322784969,184.90131220926764,176.38135531603692,178.1034698486328,56169088
2020-08-17,179.87092455976216,180.05219760860393,173.57159275834172,175.0218048095703,54787889
2020-08-18,175.6562686378096,177.42370507944815,173.7528670358929,176.83456420898438,46294169
2020-08-19,178.01285028980843,181.54773708951217,177.55966073832698,178.6020050048828,59296062
2020-08-20,175.83754964297177,177.96754611146773,175.15776530156853,176.517333984375,37504602
2020-08-21,180.36944029006463,182.63538803240215,179.14582297710342,179.8256072998047,68041871
2020-08-24,181.27579536391855,183.8136592650625,180.00687032846935,182.5900421142578,53850253
2020-08-25,184.9013420763738,188.93472642914705,183.72304644415124,188.4815368652344,105394375
2020-08-26,188.9800265838128,190.6568333110195,186.8500303444147,190.20364379882812,66749637
2020-08-27,190.7927858509381,196.23106003196244,190.7927858509381,195.46063232421875,80997993
2020-08-28,196.6842654303101,204.75103391816384,196.5029923756865,203.79934692382812,95974037
2020-08-31,209.87208890594445,209.87208890594445,190.65685424523625,192.15237426757812,119986476
2020-09-01,193.14937920814864,198.40636658281144,191.42725073175336,197.6812744140625,75048313
2020-09-02,197.8172135369626,198.49699777592124,192.4242613406066,196.00445556640625,47608088
2020-09-03,197.13745681687405,197.81724115072535,192.42428820155465,193.1947021484375,38594129
2020-09-04,190.33958707325056,192.4242615072449,186.6234276982936,187.2579040527344,54435758
2020-09-07,188.07365690725547,190.02236637443667,186.1702553293483,188.4362030029297,35687359
2020-09-08,188.4362064565606,188.98003944028625,183.90431102633792,184.9466552734375,34146789
2020-09-09,182.27282475480473,182.5447273940728,174.47795972337622,176.6079559326172,72715826
2020-09-10,179.19114645066594,182.590068097417,176.92519868616526,179.59901428222656,67789617
2020-09-11,179.96157004997067,184.7653819653769,178.55667970250556,183.72303771972656,48487971
2020-09-14,186.62344405962676,186.89536054533383,178.87391411358027,179.91624450683594,63605531
2020-09-15,181.18519414343675,182.18221678230515,178.64734348131518,181.4117889404297,51761038
2020-09-16,181.1398666825054,181.32113973446985,177.87689642615595,179.6443328857422,52404964
2020-09-17,178.556684821334,179.46306393210216,176.7439265997976,177.15179443359375,41223296
2020-09-18,177.65030215728848,178.73795430240605,171.94011110761187,174.56861877441406,55286316
2020-09-21,174.976475672378,175.38434347254392,167.00033738923108,168.4052276611328,57611375
2020-09-22,168.72245477066943,170.67117802799532,164.19055951676754,168.7677764892578,51210889
2020-09-23,170.53519311898518,171.26029904166916,164.05458918865833,166.5924530029297,44320497
2020-09-24,164.1452353674382,164.77969787408233,159.0695076537945,159.83993530273438,46114798
2020-09-25,162.24184753957047,165.64076892657266,159.6586617533502,165.1422576904297,46550127
2020-09-28,166.77375041722297,170.53521806029516,166.18460954839142,169.719482421875,41921548
2020-09-29,170.85246915733308,171.2603370073089,166.093978637036,167.7254638671875,35688726
2020-09-30,167.72545444761911,169.31161786530487,165.32354154554653,168.0426788330078,37641083
2020-10-01,169.49287892451758,173.29966809153234,169.4022354892508,172.4839324951172,43588724
2020-10-05,174.02478787251655,175.6562730248709,169.53821407622775,171.0790557861328,41694686
2020-10-06,173.20904192048678,174.11542097013822,170.67117781541342,173.6622314453125,31098726
2020-10-07,174.52328809060666,175.06710722011243,171.39628314764678,172.8464813232422,34578053
2020-10-08,173.4356429080525,177.4690270577229,172.71053687625567,173.57159423828125,43351606
2020-10-09,174.0247940313589,180.1881749193525,172.71054705081755,179.7349853515625,64907230
2020-10-12,181.00388265772165,186.66875138029835,178.78325688452077,180.09750366210938,69122798
2020-10-13,180.0521875465552,181.27580476078904,176.83455307624826,177.3783721923828,34948525
2020-10-14,175.88284723082344,182.09153506554733,174.97646823332397,181.3211212158203,40548275
2020-10-15,182.1821957907107,183.54176441601447,174.0247840388878,174.7952117919922,49184123
2020-10-16,175.8375440038331,178.33008650904208,173.66223971320423,177.60498046875,36893126
2020-10-19,177.83157691355183,185.4451696628148,177.69562558045237,184.90133666992188,60220779
2020-10-20,182.18217303038193,185.2185481129865,181.9102565732427,184.04025268554688,39316753
2020-10-21,185.53578571081275,187.89237673406836,180.23347665385737,184.6747283935547,54515523
2020-10-22,182.9979220121468,185.4451564758956,182.2728298468473,184.2668609619141,33721637
2020-10-23,184.90134237464224,186.35155451360137,182.68071627393755,183.81369018554688,32707020
2020-10-26,183.72303391764703,184.90132946953173,177.28775084700274,178.28475952148438,45470123
2020-10-27,178.7832571844088,179.05517364959778,174.2513621987457,176.42666625976562,37794381
2020-10-28,176.74391577308543,176.74391577308543,171.35096316041756,172.61988830566406,46458319
2020-10-29,171.6228765974314,172.84648000215222,168.4958578481251,171.03372192382812,44822673
2020-10-30,171.62286999502774,174.02476882430648,168.7224461170925,171.5322265625,41519686
2020-11-02,174.20603779968027,178.78325443074988,172.25732851795797,177.6956024169922,52600119
2020-11-03,179.4630569625687,186.53281651805264,179.1005108644401,185.58111572265625,69890201
2020-11-04,184.44812638287385,189.43321087970827,179.50836360205983,187.62045288085935,117577856
2020-11-05,195.77788003806984,200.30977540932147,194.64490619525697,198.1797790527344,138023646
2020-11-06,198.496995403777,201.08018101304768,196.7295591696555,198.6782684326172,73147085
2020-11-09,201.66934784561192,201.8052991772291,196.7295845633082,198.95021057128903,60359458
2020-11-10,202.21315978726236,212.99906432076887,202.122516355453,210.0080108642578,135294550
2020-11-11,210.9597246961289,216.9418319811576,206.4278294287577,212.2739715576172,107094861
2020-11-12,211.36760857079997,211.5035737373043,204.52444343085153,205.56678771972656,58859905
2020-11-13,203.93528963270177,209.05632581804636,199.4940377461328,207.9686737060547,70676525
2020-11-14,210.27995988396808,211.09569557555668,206.4278485498868,208.14996337890625,7753219
2020-11-17,210.14399282270892,218.98118875147085,209.373565081436,217.71224975585935,80501583
2020-11-18,216.98714961926825,229.3139108324808,215.62758097796893,228.40753173828125,104514060
2020-11-19,224.78200966175703,228.22625289843015,216.62459802080616,217.30438232421875,82284278
2020-11-20,218.8905248042852,222.42539731250457,212.04736070377496,220.02349853515625,84411129
2020-11-23,220.7032985960955,223.10519754563808,215.808857259944,216.35267639160156,57538324
2020-11-24,217.98417800964825,222.0628840430928,217.077798891105,221.0205535888672,47636611
2020-11-25,222.4707481070295,226.50413235008656,218.9811968579735,220.2501220703125,74767232
2020-11-26,221.1565019631276,223.1958549525417,217.66693687136447,222.4707489013672,64248318
2020-11-27,222.4707392727672,223.19584529255897,219.38905597646112,221.38308715820312,54355703
2020-12-01,222.06288767888935,225.64308248970352,221.38310332885197,224.8273468017578,37003272
2020-12-02,225.0992459941197,227.36519365329045,221.24713497352943,223.8303070068359,56723083
2020-12-03,225.96032201827248,234.7521968966134,224.7820263720468,232.30496215820312,79266442
2020-12-04,232.93943772144067,239.60132989654605,229.8124324713853,238.83090209960935,79252024
2020-12-07,239.1027721252816,246.036593690368,238.3776799804126,244.3597869873047,76053084
2020-12-08,245.58342971262735,248.07597225288637,240.41705774680153,246.44447326660156,65617502
2020-12-09,246.62575999129447,249.1636104209801,243.997266119014,245.0395965576172,48495641
2020-12-10,243.8159709571821,245.62872910556263,240.688952087028,244.31446838378903,38676657
2020-12-11,244.7676763525908,250.38723809993724,244.7676763525908,246.94300842285156,50255223
2020-12-14,248.34787266223896,250.296582189351,246.8523526837807,248.52915954589844,31946501
2020-12-15,248.39316081500132,248.39316081500132,243.04553009792173,245.3114776611328,34890948
2020-12-16,247.26019583683075,248.03062356785136,243.36277695354136,244.1785125732422,24844177
2020-12-17,244.72234078135483,246.67105018510773,241.73130101378,242.63768005371097,25904699
2020-12-18,242.63768437469068,246.48979536299697,240.1904498590986,246.03660583496097,29816205
2020-12-21,243.3174779116775,243.81597534726023,227.54647343865057,230.8547515869141,55160758
2020-12-22,230.945392436801,234.48027914827713,225.0086066945215,233.34730529785156,51189571
2020-12-23,232.89410346446155,239.19342114402423,231.67048623849115,238.377685546875,29056404
2020-12-24,240.19044180554727,243.68000658651889,239.87320361446027,241.86724853515625,28585509
2020-12-28,243.5893457367544,250.16059320314127,242.9095615160937,249.4355010986328,36870242
2020-12-29,250.43253934334157,253.69550970159756,248.98235488233496,251.88275146484375,45032526
2020-12-30,251.97335602662667,252.60783237578232,246.98827164480497,250.9763336181641,30971894
2020-12-31,249.25426174990528,251.2936148005863,247.07895736127804,249.20895385742188,29467966
2021-01-01,249.16360370788996,253.7861425507344,248.7104141676208,253.2423095703125,24531791
2021-01-04,255.46294332987725,257.3210093367652,251.74678365560752,254.73782348632812,31450608
2021-01-05,252.0187006791609,256.00679089484646,251.0670136770741,255.372314453125,27393072
2021-01-06,256.50527625983915,262.07950199628453,255.0550642188508,258.36334228515625,40765708
2021-01-07,261.94354046745246,264.4813906949815,260.1307824019338,260.7652587890625,30546600
2021-01-08,262.940555209167,264.11883685293355,258.4993036112494,259.2243957519531,32543357
2021-01-11,261.0372096238938,261.2184965281096,253.4236298752965,256.0521240234375,29703173
2021-01-12,253.7861077724359,266.3394618497063,251.8827064320445,265.1158447265625,44307145
2021-01-13,268.2882045179148,279.1647533497221,266.9286359139389,278.07708740234375,78042133
2021-01-14,277.98645743550054,280.2977128800965,275.3579361402438,278.4849548339844,40123498
2021-01-15,278.07706067857555,281.7932200377448,273.0919762764072,275.40325927734375,35307601
2021-01-18,275.08605091258386,279.75389764473476,264.8439783678452,266.8833312988281,54969750
2021-01-19,269.7837346954542,274.1796788806815,268.65076081578195,270.6448059082031,35803901
2021-01-20,270.826054085564,276.17371270788016,269.0586315016661,274.2249755859375,33759304
2021-01-21,275.53921180088895,276.58154210290587,264.2094744735498,267.245849609375,29995203
2021-01-22,267.8349696147341,270.1009169041989,255.96140028584097,257.13970947265625,44440810
2021-01-25,257.8648360556018,261.03716268545986,251.11230116499257,254.6472015380859,34034630
2021-01-27,253.9674406426571,258.18209802112125,247.1695972385228,249.84339904785156,39211107
2021-01-28,246.4444505908451,256.82250145867476,244.26914646978045,255.91612243652344,48717297
2021-01-29,258.86187146614174,263.43907476807465,252.97040743052804,255.6895446777344,42300984
2021-02-01,258.40866084534906,284.51236522493195,256.27866464335887,281.6119689941406,103414068
2021-02-02,285.50939022471874,305.81227466415584,285.50939022471874,301.91485595703125,121434166
2021-02-03,302.5040019403347,308.07822745522657,295.2982775714913,304.498046875,66420168
2021-02-04,303.09316613627914,324.4837184727254,300.10212616427606,321.855224609375,145203439
2021-02-05,350.7686897261344,370.1198878309798,349.0918829640788,356.297607421875,214955688
2021-02-08,360.7388482286738,369.62135151784616,357.7931164278115,359.8777770996094,79389205
2021-02-09,359.6058901633061,365.7239487861223,352.58145248525796,357.83843994140625,63869990
2021-02-10,357.1586624282923,360.6482273892608,351.6750801042662,355.5271911621094,54163507
2021-02-11,355.11929919081194,359.78717340653003,351.9016646414175,353.623779296875,36392708
2021-02-12,354.39418620527823,361.9624563276939,349.4544096300361,356.3428955078125,53589755
2021-02-15,360.2857189887197,371.1169611017618,358.6542475518375,368.85101318359375,56608937
2021-02-16,373.42816225930954,376.82708363909694,362.8235164901756,364.6816101074219,80365431
2021-02-17,365.27075202724177,376.0113491512085,362.6875662388711,373.2015686035156,74161370
2021-02-18,385.25639404385146,387.6583205918112,374.9690142242952,376.3285827636719,67154539
2021-02-19,376.14730515761215,376.14730515761215,358.019724186161,362.1437377929687,66155518
2021-02-22,363.0954817536171,363.4580278702664,349.54510281744757,353.03466796875,52535049
2021-02-23,355.30056766860133,362.2796970262885,352.5814306711375,358.56353759765625,45462768
2021-02-24,359.832515249399,372.0686335261418,358.2010438766984,368.2165222167969,39632090
2021-02-25,372.5217543684536,376.05662679751595,368.4883569126767,369.1228332519531,46988836
2021-02-26,362.0984289098423,363.4579974789656,350.76869083381473,353.623779296875,64450414
2021-03-01,358.11034706933737,360.46693799246793,354.39418765138055,357.9743957519531,29677890
2021-03-02,358.0197394223151,362.14375320462744,353.98634142032154,357.2946472167969,30534337
2021-03-03,359.379314935539,370.6184102992803,358.9261253832874,367.12884521484375,46268223
2021-03-04,361.373298074676,365.7239059662117,357.521187540955,358.60882568359375,43603653
2021-03-05,358.019738465982,358.019738465982,342.7019374662452,347.7323303222656,72179228
2021-03-08,352.0829747361394,356.56953471385725,349.9076427536754,353.12530517578125,39147858
2021-03-09,356.6148225925659,357.92905552407916,346.4633668997818,351.3125,28054083
2021-03-10,354.48488173873204,356.2069965461691,349.59043999004416,351.4031982421875,22677399
2021-03-12,355.0286741965049,356.3882427303278,342.1580810121169,345.4210510253906,35336355
2021-03-15,346.68999815972404,349.8623249402705,334.77111878776964,347.95892333984375,42722585
2021-03-16,349.4997605046783,351.5391133280401,340.88915969492854,343.1097717285156,38196452
2021-03-17,342.7925671955283,344.1068002195137,331.7800396282238,333.6834411621094,33143064
2021-03-18,336.7198127246577,339.89213935867195,327.2934762585425,332.73175048828125,39405038
2021-03-19,329.8766751520337,337.98875127063246,323.8039242900932,336.402587890625,60309145
2021-03-22,337.17300855756133,337.89810073757366,329.4687865878321,332.64111328125,28461974
2021-03-23,334.1820089771797,342.56601624784713,332.68646122752796,337.8075256347656,41032380
2021-03-24,334.00066483965446,334.4991622304421,325.0728260682871,326.1604919433594,42318999
2021-03-25,326.29643942699124,327.0668671077367,312.88204131474504,321.9458312988281,57495003
2021-03-26,326.2964869757782,328.1092452367547,321.3567096504187,323.7586364746094,40718848
2021-03-30,326.3871271390696,330.19390285254525,322.942869881549,327.0215759277344,39405124
2021-03-31,326.56836195930134,333.4115404105168,324.43839331166174,330.1938781738281,38651025
2021-04-01,333.27560015473773,337.0823757101415,329.10625083744304,335.94940185546875,31883453
2021-04-05,333.09431679897136,334.6351723218312,316.3716114628251,320.4503173828125,51743981
2021-04-06,322.39904497453415,323.5773266966268,316.5981968213255,317.7311706542969,44147709
2021-04-07,318.3656520284423,329.1968931047109,315.0573739166869,324.9822082519531,48023602
2021-04-08,327.20285220919027,329.2875130565745,321.1301012286445,322.30841064453125,33370259
2021-04-09,321.2207379141432,330.3751720828308,318.3203414770651,319.9518127441406,46473100
2021-04-12,311.79438066392925,311.79438066392925,292.3525397589146,298.062744140625,75501713
2021-04-13,300.91787460192904,310.20826079069343,299.55830589137815,309.0752868652344,49773360
2021-04-15,310.07231687300805,315.0120667099398,304.63404190064483,310.61614990234375,52992349
2021-04-16,310.88802778060347,313.1539755049519,306.9452732081383,308.0782470703125,37766793
2021-04-19,296.5218839073633,300.96313546911597,291.21956123260605,300.14739990234375,53304377
2021-04-20,303.7276450479078,308.07825370819756,296.1140660621531,298.65191650390625,41296147
2021-04-22,295.47957579432506,306.03888639107254,293.0323412496223,305.13250732421875,49105833
2021-04-23,300.6006270919663,308.07825476918185,300.6006270919663,304.9512634277344,44223940
2021-04-26,307.4891112825343,314.921431005588,307.4891112825343,312.0663146972656,49234985
2021-04-27,311.79441152719977,321.71927377227814,310.34419942985795,319.99713134765625,46003023
2021-04-28,323.5773528662632,330.19390952173904,322.7162816193674,329.378173828125,56696255
2021-04-29,330.82838370870775,335.3149714834763,322.21778194094685,325.7526550292969,63692926
2021-04-30,320.3596603770805,328.5623790519747,317.6405234469952,320.40496826171875,53832840
2021-05-03,316.87011023977,319.49860385999483,309.43779122762413,317.7764892578125,43691860
2021-05-04,321.764612319968,328.9250023859748,317.4140032739253,318.59228515625,57749307
2021-05-05,323.1241894143845,323.98526073088027,315.4199661043641,322.1271667480469,40872501
2021-05-06,324.48370126950726,325.7073185242703,317.7311662543103,322.2630615234375,36294427
2021-05-07,324.0305123392386,328.1092180889633,319.9518065895139,324.7102966308594,38357618
2021-05-10,326.7496752919672,332.6411396176199,325.208819711829,327.83734130859375,41739324
2021-05-11,323.4413928797194,332.09730236804967,321.5379912051795,330.5111389160156,41892770
2021-05-12,328.8342944438896,338.5325609351442,328.018558865301,333.27557373046875,53436590
2021-05-14,335.36025472715534,337.6262023942307,325.8885824145827,326.704345703125,51722170
2021-05-17,330.28455511475545,349.13725793897476,329.6047707555756,347.2338562011719,106555796
2021-05-18,353.48781628106605,355.79907170793757,344.46933400662135,346.46337890625,70917710
2021-05-19,346.236805136607,353.03464816939385,345.5117129439741,348.412109375,48189573
2021-05-20,350.76867429033433,351.4937664288049,346.2367792736634,348.54803466796875,42898608
2021-05-21,353.4878259055893,366.5396785607739,342.61127741618657,363.6392822265625,192810772
2021-05-24,377.9600676311915,379.95411262533776,367.355421575903,373.4734802246094,142964052
2021-05-25,376.2379648545769,376.60051095757547,370.25585734336846,373.7454223632813,56048127
2021-05-26,375.0596330885077,379.5462203696114,372.3404959873523,374.8330383300781,52357719
2021-05-27,374.9690356228089,388.92726789153824,373.4281801260522,385.3923950195313,73392997
2021-05-28,390.19620702755384,393.05129569321736,380.7245342596671,382.5372924804687,65137568
2021-05-31,381.5856032257514,386.1174987509979,378.8664659106036,384.6219787597656,38291043
2021-06-01,386.1627962299375,394.5921382759125,385.7549422399594,392.05426025390625,59299647
2021-06-02,390.4680835668864,396.9487159009735,388.9725636669023,396.3142395019531,38657806
2021-06-03,399.74450473610744,404.27251429706257,396.5428897096169,402.1685791015625,38909199
2021-06-04,400.2019079820428,404.22679015914537,394.94211147713594,396.6343994140625,36898769
2021-06-07,398.00651018696846,400.1104175694343,394.07308049836104,395.39947509765625,20201197
2021-06-08,395.3994916594576,395.6281784678205,387.8528269834818,390.780029296875,31113823
2021-06-09,391.0544427567875,395.4452183161297,382.5473046421107,385.5202331542969,27784834
2021-06-10,388.6760776302308,396.35994848620174,386.38920964239014,395.39947509765625,27397712
2021-06-11,397.77779474308255,398.3723747939299,388.9962167189867,392.9753723144531,26831924
2021-06-14,390.597059760629,395.582443235397,381.175174637669,393.6614685058594,30106015
2021-06-15,392.6095591395556,395.90262714400455,391.51185119415743,392.8839721679687,16413658
2021-06-16,391.5118173487716,395.85686672355354,388.767575638383,389.6365966796875,19701175
2021-06-17,385.1085762781873,389.636586144243,381.0836941282875,384.4225158691406,23048331
2021-06-18,387.76134676758494,387.76134676758494,368.3229680521954,377.6991271972656,45748727
2021-06-21,371.70754165462415,385.1085829607002,366.35626478802953,383.9651489257813,33128978
2021-06-22,386.9380485501034,389.1791902576982,381.7239785735066,382.9588928222656,28442965
2021-06-23,385.2000881340052,388.5389101483387,379.6201241002014,383.1419067382813,27564829
2021-06-24,384.51401664762466,386.7094044902972,380.80927349198566,381.632568359375,19214547
2021-06-25,385.1085742582798,394.256046330923,383.3248060377666,392.24359130859375,29886797
2021-06-28,393.9816403852467,396.22275433362654,388.3559226272055,390.3683776855469,29370660
2021-06-29,391.0544317388026,392.38082635783167,384.6969274716719,385.5659484863281,22275961
2021-06-30,386.938095109136,388.6761093385087,382.6387717749082,383.4620666503906,18337773
2021-07-01,384.46827310620233,387.57843621103075,381.58682473872585,384.5597534179687,16161469
2021-07-02,384.4682502499337,389.1334667139619,383.2790900152796,388.2187194824219,16423811
2021-07-05,390.1396609314686,397.457638158788,388.081479836285,395.7653503417969,16483761
2021-07-06,394.89643938474495,399.2872154675229,391.6948236822562,393.1126708984375,20195278
2021-07-07,392.7467487897261,397.0003180427238,391.1001869423301,395.9483642578125,14473774
2021-07-08,395.9025822201707,398.2809305547424,386.1148038004786,388.2644653320313,21433043
2021-07-09,388.76757956535766,391.054447680448,385.1543167771667,387.6241455078125,16844494
2021-07-12,390.1396765129672,393.56997847527344,388.4016624352391,391.0086975097656,12886781
2021-07-13,393.34130279972993,394.9878366218461,391.78622136649943,392.5180358886719,12831125
2021-07-14,392.4265372739253,395.4451917789159,390.04818904060664,394.3017578125,12767351
2021-07-15,395.8111400579754,396.0398268669029,393.0211442395384,394.8963928222656,11030732
2021-07-16,395.1708030523256,395.62817666696947,391.0087143254142,393.34130859375,8713863
2021-07-19,387.3039864284805,392.8382241314054,383.1418975389644,391.42034912109375,14426686
2021-07-20,390.59711525138647,390.59711525138647,383.1876561938881,385.01715087890625,14623321
2021-07-22,389.2706766176685,390.3226582758298,385.0171075370059,386.0690612792969,11799761
2021-07-23,386.84659960481434,393.2955843528593,383.73646459295605,392.3350830078125,17704661
2021-07-26,391.3288564591651,391.3288564591651,386.29774666033313,387.2124938964844,14037519
2021-07-27,387.9900424357847,396.31424803539767,387.8528359307758,393.2955932617187,24119619
2021-07-28,393.3413075896464,393.7986812031227,385.154308742072,389.2249450683594,17636515
2021-07-29,389.6823083744162,405.78186472611054,389.22493477303783,403.9066162109375,35263606
2021-07-30,403.8609447572453,406.5137064216268,393.981684794765,394.9878845214844,35196813
2021-08-02,397.68640188205535,399.4701703426427,394.9878860910895,397.8236083984375,16926025
2021-08-03,397.8693121846302,409.7152718650125,396.63439786165935,408.43463134765625,40922962
2021-08-04,410.4013253925912,427.5985894893642,403.8608885006136,417.9937438964844,129761158
2021-08-05,421.6984642996832,423.07058511627656,401.0251717465032,404.1810607910156,58595639
2021-08-06,405.8733447640056,408.8919993647804,397.00028573672193,398.5096130371094,38236066
2021-08-09,400.56783992999857,404.1353488421458,394.25608909837314,396.4514770507813,22196404
2021-08-10,397.3661872816168,399.195681723904,385.74891432261467,390.0939636230469,27794251
2021-08-11,393.1583638682828,395.9940859768348,387.07530013088865,391.55755615234375,23827946
2021-08-12,393.3413187008993,393.75296613100426,388.7675824369353,390.7342834472656,16847144
2021-08-13,391.1458999286601,395.3994687344166,388.76755167640727,394.4389953613281,20908992
2021-08-16,393.3412829162981,397.0002715945892,387.85279989886135,388.6303405761719,17608693
2021-08-17,388.6303572188002,389.545104427546,379.8487784316673,385.5659484863281,22957877
2021-08-18,386.1605169203583,388.17297188513703,382.3643217019457,383.9194030761719,17668574
2021-08-20,379.6201319511905,381.7697937032452,370.60986540483714,372.0277404785156,25541790
2021-08-23,376.0525904034102,377.7906045506143,367.0423246390654,374.5889892578125,26559937
2021-08-24,374.5890154843821,383.05042792206353,373.39985517300266,381.99847412109375,19012313
2021-08-25,383.2790740691864,385.38298144784864,378.9797510934709,380.7635192871094,16410980
2021-08-26,379.162754757696,380.3519150779214,375.04639191955454,375.7324523925781,15897679
2021-08-27,375.36653133773024,379.02552025699,372.7594961495837,377.2875061035156,15090541
2021-08-30,379.07124700345594,387.2124917774755,378.2479800785992,386.6636657714844,20308691
2021-08-31,387.715661004502,390.5971095078608,383.0047178430267,389.72808837890625,26262421
2021-09-01,391.0544291910187,395.6738913987403,388.9047676812977,393.2498168945313,18776721
2021-09-02,394.6219984321503,396.5429734368183,391.2831762113011,393.1126708984375,14372717
2021-09-03,394.4847417412776,397.27470961796934,391.6947738645858,394.6219482421875,14233624
2021-09-06,395.1707787933234,396.86306664679256,393.3870106393673,394.3017578125,10694099
2021-09-07,394.3017762099861,394.8963842329604,388.85904702541853,392.5180358886719,14928735
2021-09-08,392.426571283819,398.28094811606775,390.9172439005169,394.57623291015625,22817464
2021-09-09,393.5700002703732,396.8173418081734,393.3413134602219,395.4452209472656,9662128
2021-09-13,393.4328092471732,396.817357421056,392.2436210380753,395.9483642578125,9567921
2021-09-14,397.91503518613325,399.51584279895104,395.39948036599105,396.0855407714844,9981562
2021-09-15,396.0855461642564,407.062512801603,394.66769913994705,406.0105590820313,22181568
2021-09-16,406.92531346386943,426.36369222629446,405.00433868534986,424.1683044433594,42637448
2021-09-17,428.10169954211534,431.66920812179234,411.9564166703356,415.38671875,41529478
2021-09-20,411.0874330206504,414.83790255192383,398.5096575849526,400.1562194824219,18376916
2021-09-21,402.6259971362843,403.7237050043555,395.765392750516,401.3910827636719,17279588
2021-09-22,401.48252428750936,405.05003264030216,398.9212433972653,401.4367980957031,14321143
2021-09-23,404.6841539207723,412.6881918856447,404.3639868190037,411.4532775878906,20516770
2021-09-24,412.6424744680537,413.3742610740576,402.4887747934983,403.1748352050781,10731274
2021-09-27,406.97104157222344,412.1393578960577,404.5469669689246,408.526123046875,11746892
2021-09-28,410.90443786149785,416.94174682040625,402.1228594905383,406.9710083007813,19241170
2021-09-29,404.1810947489034,422.88766003726454,401.6655397071341,420.78375244140625,38635938
2021-09-30,420.7380285336128,425.2660108839221,412.9169224298335,414.3805236816406,26530369
2021-10-01,410.26412074001394,416.71307735787383,405.96479771752786,413.14556884765625,14777309
2021-10-04,415.11226920872434,424.8085951356085,413.0998421133248,423.6651611328125,16246765
2021-10-05,422.6132400446829,429.0164709544509,419.5945852107123,425.08306884765625,16487568
2021-10-06,425.35745981885697,430.84594317135833,414.9750732272012,418.2224426269531,19056690
2021-10-07,422.7047120882437,424.4427262894443,418.1309758135729,418.8627624511719,9984651
2021-10-08,422.5217321810097,424.442706911845,415.5239215834172,418.9542236328125,16521128
2021-10-11,420.7837655459177,434.4592490925091,419.5488510855975,429.24517822265625,20686981
2021-10-12,429.93122235094785,443.1035776227813,428.19320809908646,441.8229370117187,33763609
2021-10-13,444.70436703068015,444.70436703068015,437.2491825762056,440.6337585449219,17638983
2021-10-14,440.908162183073,451.7936485708089,440.908162183073,448.7749938964844,23431826
2021-10-18,451.88511993692896,458.28835038137936,449.7812125286715,455.4983825683594,20084248
2021-10-19,457.6937939090819,461.2155764185171,442.05161028978694,446.5796203613281,20645100
2021-10-20,447.1284650065283,464.2342505272814,441.9144221934791,457.28216552734375,34080545
2021-10-21,461.8558839542996,463.31948514702015,449.8269631215146,460.0721435546875,20808243
2021-10-22,461.581470943858,465.3319402764947,457.37362798323807,460.0721435546875,24080485
2021-10-25,463.3194580078125,471.5064566355026,455.4069002903594,463.3194580078125,35619415
2021-10-26,464.3256560800584,474.02198139386024,464.3256560800584,468.8536376953125,21107457
2021-10-27,469.9056686189385,481.9345613326672,469.03664757410104,474.89105224609375,29463032
2021-10-28,475.3026608462709,476.1716819222038,455.1782487507156,458.6085510253906,28140401
2021-10-29,458.74575189412275,468.94520619814455,446.7625571787192,459.34033203125,31355893
2021-11-01,465.1489770841813,472.87860252066,458.2883727024087,471.7351684570313,20679604
2021-11-02,470.91188481580207,480.2423181636151,468.39632981589745,477.2236633300781,26797820
2021-11-03,479.32756253370434,496.06742616576594,471.2777978407081,482.6664123535156,80775924
2021-11-04,486.18813452196457,490.21304451580113,483.0322455304038,485.2276611328125,9796046
2021-11-08,488.8866906211392,488.8866906211392,472.4212397273489,478.6415100097656,36802110
2021-11-09,481.3856935659271,486.64548974265693,477.6809787295341,484.0384826660156,25451967
2021-11-10,480.7453767019264,483.4438920909196,477.04066173209947,479.6934509277344,15805538
2021-11-11,478.27555445162017,478.27555445162017,463.86831386915736,466.1551818847656,23086898
2021-11-12,468.35056153596366,469.2653087264636,459.8434238306619,467.7559814453125,19836221
2021-11-15,468.71647784739696,471.9180929806941,462.404699966202,463.36517333984375,13328183
2021-11-16,464.142737141441,464.142737141441,451.4277562763057,452.891357421875,19553216
2021-11-17,451.7479334539905,462.3132529890859,449.1408982172135,455.6813354492187,20488483
2021-11-18,456.5503446929596,463.04505556100526,450.3300468255323,460.8496398925781,22471070
2021-11-22,462.8620638704558,462.8620638704558,436.7917697591753,444.9330139160156,28800269
2021-11-23,443.8810960109461,453.1657748677744,439.078673024738,451.01611328125,20000371
2021-11-24,453.5316489509367,457.3735983433686,447.3571053733013,451.1075744628906,13963769
2021-11-25,448.22614823051543,453.2115318618765,444.8415722714062,448.729248046875,12894211
2021-11-26,444.7958179437392,446.30514521322806,427.27841496419296,430.3885498046875,26305817
2021-11-29,429.93116911587015,437.02045967044035,415.56962740671617,425.4489135742187,22407465
2021-11-30,428.10171289395703,436.5631249543611,418.954240396223,421.2868347167969,23026652
2021-12-01,424.85434273313274,436.56309557594625,424.44269533208814,434.7793273925781,17156956
2021-12-02,434.04754363565826,437.3863653112203,430.8002022626874,436.33441162109375,12962679
2021-12-03,435.1910010036649,440.45079765268446,429.9769305504625,432.8126525878906,16653993
2021-12-06,432.8126686828265,436.33445128369937,424.2597760566698,425.63189697265625,14353300
2021-12-07,429.19939361913106,438.8042391343788,429.19939361913106,436.05999755859375,13644942
2021-12-08,439.901899830026,450.42149207841817,439.3073197643774,449.6439514160156,20397660
2021-12-09,450.3300326137153,451.42774041328664,444.65861675824704,446.9912109375,12560970
2021-12-10,446.85403798071974,453.66891625649777,443.1035686192017,452.5254821777344,13261408
2021-12-13,455.31543011455665,457.78525878227936,444.8873173585926,446.2136840820313,14047645
2021-12-14,444.567185835096,448.5463421556833,440.72523602572784,446.8997802734375,11642447
2021-12-15,448.226117885731,449.1408650650897,442.2802612199,443.4694213867187,8639835
2021-12-16,446.71680632358755,448.7292334393856,437.4778539041728,440.130615234375,11107781
2021-12-17,439.12441627677026,440.3593306757933,426.7296019210809,427.9187622070313,12648603
2021-12-20,419.86899195387633,424.4427282496702,405.233035807336,410.9044799804687,22336114
2021-12-21,418.08524139876994,419.1829493227561,406.60517397482835,407.977294921875,16617447
2021-12-22,411.6362717126858,418.3139156207875,410.7215244422132,416.987548828125,13102553
2021-12-23,421.69848070301714,425.3574696895943,418.7255521514232,422.4302673339844,14471377
2021-12-24,423.1620599894792,424.076807188801,413.6486946997054,417.9937438964844,13221159
2021-12-27,415.0208110233969,421.2410807453631,412.13933504390945,418.99993896484375,8856482
2021-12-28,421.8814392089844,423.4364927709809,419.9147103058378,421.8814392089844,8832210
2021-12-29,421.69847007131534,422.7504237952607,412.9168911417539,415.6611328125,11757303
2021-12-30,414.15178807532254,416.11848894021495,410.2641125384477,413.1913146972656,28879190
2021-12-31,415.523959645218,422.0643972353255,414.4720058368856,421.1954040527344,10005842
2022-01-03,422.61319979926327,431.7606716563902,420.87518572958294,430.6629638671875,13124509
2022-01-04,432.2180243633156,443.3779506560804,430.89162984177966,442.2802429199219,23296671
2022-01-05,440.8166932031819,452.7998877344807,438.30113827132374,450.4215393066406,24694169
2022-01-06,446.1222608697689,452.2510509133829,444.0183253703631,449.78125,18190843
2022-01-07,451.3820229037345,459.1573742053209,447.72303405592913,449.36956787109375,22746330
2022-01-10,451.29051774588135,461.9015904033174,450.5129770753696,460.71240234375,15832274
2022-01-11,460.11786021688926,464.50863578819735,456.6875580780953,462.8163757324219,16107950
2022-01-12,466.4295887582183,469.72268424064487,465.1489482694605,466.749755859375,14489616
2022-01-13,466.5210671549638,469.12807431519354,463.776825583464,467.7559814453125,10450974
2022-01-14,465.60635992683945,466.8412743231792,462.08457735797106,465.01177978515625,8724574
2022-01-17,464.6915705936892,474.6623372560519,464.2799231935481,470.1800537109375,17422211
2022-01-18,470.1800631090042,473.3359521308501,461.9473382685742,463.5938720703125,12592506
2022-01-19,461.9473703112355,473.5189455834119,457.64804698555474,471.8266296386719,16079457
2022-01-20,472.0095701312035,474.8910462350493,464.691592299712,467.8017272949219,17724642
2022-01-21,462.2217652954026,464.2342203727261,455.5441216662415,459.8434448242187,16947941
2022-01-24,459.56900352714,463.5938857626072,446.3966489765788,452.0223388671875,20233933
2022-01-25,448.2261469544805,473.38169601825234,447.31139971579785,470.7746887207031,21791739
2022-01-27,460.62101634452966,485.5936078016476,460.3008771051329,483.8556213378906,35409230
2022-01-28,488.4750041539352,490.6704197637269,476.94921178187474,478.8244323730469,24715250
2022-01-31,483.9013087692997,494.78682368111714,482.11754041561625,492.408447265625,28674232
2022-02-01,497.5767490544578,497.5767490544578,475.6685425164396,486.919921875,32245356
2022-02-02,490.89915813343583,497.8512152418742,486.05095280514314,493.7805786132813,21661864
2022-02-03,491.35653281557944,498.2628637401656,491.35653281557944,494.0549926757813,22717677
2022-02-04,495.9302424816646,499.8179182828877,482.34621235952267,485.0904541015625,25332894
2022-02-07,486.5540844927539,502.19624013136206,480.4709929489944,487.7889709472656,52289545
2022-02-08,489.8471265402949,491.8138553567655,474.75379771132225,486.0509033203125,26567546
2022-02-09,489.3440257270952,490.76187272051794,482.7578347218143,489.6184387207031,14856155
2022-02-10,491.3106942745925,497.5767460360815,488.8409215226681,494.4665832519531,18659370
2022-02-11,490.5331641843474,491.8595587317058,482.1632053438922,484.4500732421875,14607095
2022-02-14,471.0948032167013,471.6436291984334,457.0991823651546,458.65423583984375,26153332
2022-02-15,459.2030716920032,481.9345161552179,454.7208162168285,480.0592956542969,23842951
2022-02-16,481.6144139827795,482.9865348203373,470.1800736697981,472.64990234375,19773807
2022-02-17,475.6685613206677,475.6685613206677,467.5730427227092,469.2196044921875,16408356
2022-02-18,466.6125331647754,476.49181926909193,466.6125331647754,471.36920166015625,15111223
2022-02-21,467.9389379855899,473.3816952128393,461.6271876325928,468.21337890625,16866932
2022-02-22,458.1968716860123,462.2217538249075,453.2572423375559,455.9100036621094,27108772
2022-02-23,460.11788088928967,462.2675425760223,454.8580840401576,456.1844787597656,13899433
2022-02-24,439.0786525777233,446.3509039273894,428.1016862632802,432.3552551269531,32356037
2022-02-25,439.0786453039202,449.96413113557287,438.43831111317127,441.7771606445313,21792287
2022-02-28,436.24290513055513,443.9267755171769,432.76687716770897,442.0058288574219,18069367
2022-03-02,437.2491495618081,438.8956833101287,427.1869306388376,433.81884765625,22003848
2022-03-03,439.0786459675565,442.1887807933195,424.9915449926043,427.5528259277344,20358590
2022-03-04,421.0581191734027,430.7544449425451,418.6340447100843,422.5674743652344,20684268
2022-03-07,409.34937464261577,415.2495052870526,396.49718756599424,402.76318359375,33720472
2022-03-08,400.6592761865156,404.4097453139011,388.7675625097468,402.76318359375,42510207
2022-03-09,404.3182558349919,415.569635045953,401.1623668798871,413.1913146972656,32331325
2022-03-10,429.8397148310213,436.0142585909613,422.293050235539,428.7420349121094,34553299
2022-03-11,426.63811049833384,434.32198179141335,422.6132281939466,430.2513732910156,22091309
2022-03-14,430.8459441310982,444.56715254291663,430.4342967123957,443.78961181640625,27750689
2022-03-15,447.3113797305622,448.6835005272817,439.67323504564973,444.429931640625,27204899
2022-03-16,450.97035549401875,452.1595156504752,447.67726009385024,450.7416687011719,16211288
2022-03-17,456.4589022342406,460.5752650800404,455.8185679585451,459.1116638183594,22947673
2022-03-21,459.20310667199715,459.20310667199715,447.3113927541965,448.7749938964844,19064060
2022-03-22,448.7749957825625,453.53166462015184,436.56311470170846,451.6107177734375,26157969
2022-03-23,456.0015113556305,459.5690201040249,447.4943729620845,448.82073974609375,15800195
2022-03-24,443.6523895651813,452.6169009096352,442.2802687727116,445.5733642578125,18174877
2022-03-25,449.82695903940345,451.2448061069364,445.11601629710134,448.8664855957031,11541196
2022-03-28,449.0951479771104,456.092958457899,440.8624231959782,455.0867309570313,16738684
2022-03-29,457.3736325658934,458.6542731539036,449.7812414316479,452.7998962402344,14301429
2022-03-30,456.7332820613425,457.7395096003556,450.3300514332755,452.1595458984375,16461225
2022-03-31,452.15954064106813,455.1324691123894,450.2385938076794,451.4734802246094,10240982
2022-04-01,449.1408496088742,466.2923586316163,449.1408496088742,464.87451171875,18527226
2022-04-04,465.880772188398,471.0033903856303,462.8621173718863,468.7165222167969,16257176
2022-04-05,470.54599302683414,472.3754874696574,464.4171754770284,465.97222900390625,13602384
2022-04-06,463.7768642264401,471.2778029798829,462.8621169597213,470.1343688964844,13738275
2022-04-07,466.5668189709018,475.57711279119303,466.5668189709018,471.0491027832031,19620958
2022-04-08,475.21117603315696,475.21117603315696,468.6707111429309,472.10101318359375,13572638
2022-04-11,469.72271895190704,477.4980706774985,469.4483059397051,471.0033874511719,12370288
2022-04-12,469.036660399113,472.64992326429416,461.352788951858,469.1281127929687,14460680
2022-04-13,470.4544734202421,476.491838434493,469.951373626989,473.5646362304687,15440525
2022-04-18,468.35058881256134,471.09483054388494,461.03261086236506,466.063720703125,14492183
2022-04-19,469.4940277402288,476.5375927567471,462.0388432092619,468.1676330566406,20362934
2022-04-20,468.3505965878075,469.9056780943888,463.7768602930047,465.8807678222656,11881305
2022-04-21,469.6312630416218,473.8390780818529,468.5335551692924,472.2839965820313,10035638
2022-04-22,469.1738621663764,469.7226881547967,456.4588537278355,457.9224548339844,16760456
2022-04-25,452.79988432002824,456.6418338987888,448.2718743104798,452.5711975097656,14057444
2022-04-26,456.45886713437346,464.60011188686263,455.955767324922,462.40472412109375,12137213
2022-04-27,457.373617641167,459.9348987336095,449.91843325679,454.8580627441406,12367342
2022-04-28,456.5960774059972,466.52109050280944,454.1720028130292,464.2342224121094,12154792
2022-04-29,464.78307837439434,468.8079606484952,451.8851367031348,453.9890441894531,12894773
2022-05-02,450.6501964170887,452.7998578912614,440.26781025398407,449.140869140625,18590895
2022-05-04,450.0556172608926,454.1262534207584,436.7917830123501,438.7584838867187,14645323
2022-05-05,443.65241050720215,451.8851356506348,437.8437599617173,439.07867431640625,14130385
2022-05-06,430.8459374700862,444.6586259742756,430.8459374700862,442.6919250488281,16710020
2022-05-09,436.42589383933114,442.4632309305549,433.4072113357847,435.32818603515625,13544947
2022-05-10,436.3344305832364,441.41126656518384,433.13281526449146,434.6878967285156,10884328
2022-05-11,434.7336302694935,438.1639324546815,424.12255659347113,435.92279052734375,14771351
2022-05-12,432.6754646650108,432.6754646650108,417.4449279930637,423.2078247070313,18947096
2022-05-13,429.4280875753913,436.3344178232267,402.26008435589927,406.7423400878906,61403008
2022-05-16,407.0625191154061,422.15584847586496,401.43682920968183,416.2099914550781,27940958
2022-05-17,419.22869962561464,429.61108763839616,417.26199840494314,427.46142578125,16880698
2022-05-18,428.0102154600422,428.6505496756105,418.1309567241316,418.9542236328125,15644497
2022-05-19,410.76724282787416,411.6362638846456,406.5594277964166,409.3493957519531,14201420
2022-05-20,416.0728253731114,424.4427577938457,415.4324910807802,422.9791564941406,13596860
2022-05-23,423.6194190471002,431.2118093744921,420.3263236594132,421.6069641113281,13499415
2022-05-24,422.9791331929813,427.0040156085421,420.9667059431366,422.6589660644531,17175179
2022-05-25,428.2795143988733,431.48465442641674,419.9647489283932,421.8692626953125,12728644
2022-05-26,424.4240910264561,436.7336436826211,420.3828359935606,435.6188049316406,17055257
2022-05-27,437.9414028849238,441.2858910982905,434.3182191335806,435.6653137207031,10977001
2022-05-30,439.4278338056184,443.05101746267394,437.66269595746616,440.9142761230469,9365470
2022-05-31,440.3568087023797,442.5864577596815,431.9956034738535,434.8755798339844,15441579
2022-06-01,434.78267534704867,438.4987665893312,431.71691141277614,435.0613708496094,9424008
2022-06-02,433.7607749847262,438.8239609977939,433.0640078279661,436.50140380859375,9370989
2022-06-03,439.66007813288394,441.7503796137059,430.6021050493222,431.5311279296875,11306291
2022-06-06,431.25241425266034,432.5530405601163,424.09892703436145,430.7879028320313,10661432
2022-06-07,429.069211704857,432.8782110846822,427.8150251789779,430.5091857910156,7672515
2022-06-08,433.4820896175413,441.7968275387451,430.3234174365384,437.8484802246094,17168871
2022-06-09,435.66529676149,437.47687439087713,429.6266479604756,433.8072509765625,12635601
2022-06-10,429.2085616259813,431.20595510609974,426.0498895700351,429.0692138671875,8621104
2022-06-13,421.77639544593,421.82283525019136,410.7210286364856,414.2048645019531,13426836
2022-06-14,413.41518936323826,417.3635366773815,411.88230725275895,416.295166015625,11351101
2022-06-15,417.0848343951183,423.1234831307332,416.7596707159718,419.3144836425781,9920926
2022-06-16,422.8447486441896,425.2602137481273,408.9094057578501,410.2565002441406,10780703
2022-06-17,408.77007378472223,415.78418530109855,406.2152608235677,409.6990966796875,14326050
2022-06-20,410.1635966091581,411.97520254407925,400.1301609658986,403.84625244140625,12368534
2022-06-21,408.30554249996754,422.6589568704408,406.54040475559736,418.7570495605469,13801891
2022-06-22,416.8990060056877,419.1751233400902,413.0900066314862,415.8770751953125,11066447
2022-06-23,417.1312821067541,424.0525140524777,414.3442134067089,419.3609313964844,12229833
2022-06-24,423.4486105749132,427.6756816220643,421.0331738068587,422.0086364746094,10833364
2022-06-27,427.304083951668,431.85629038223016,425.5389178027619,428.4653625488281,9509175
2022-06-28,426.3286108845583,432.6924235354718,425.4924959296749,431.29888916015625,13261290
2022-06-29,427.35054978503086,429.8589230482941,425.4925039164003,426.5144348144531,11800876
2022-06-30,426.4215043535202,435.9904287315172,426.0499008697052,432.8317565917969,16926328
2022-07-01,430.4627449629893,435.5259025050999,427.86146396152674,433.7143249511719,9405495
2022-07-04,433.71432965875215,440.49618522424714,433.71432965875215,439.8458862304687,9186358
2022-07-05,441.4252217540061,445.9309884534772,437.5697824199745,438.6381530761719,12003244
2022-07-06,441.42519486060314,446.8599841215763,440.2639163155887,445.884521484375,12059857
2022-07-07,449.6470912782486,453.5954386706712,447.4174419504805,452.201904296875,11497832
2022-07-08,454.29218662528615,455.12830154386137,450.71544288032334,453.8741149902344,9057231
2022-07-11,450.5760961604987,456.4289289555805,450.5760961604987,453.5489807128906,7704792
2022-07-12,450.57607236923,456.4753730076686,448.8109346632436,450.5296325683594,7364457
2022-07-13,453.130944215749,457.4973634247652,450.1580594328193,451.96966552734375,8208853
2022-07-14,452.0625337200882,454.1992749781504,442.9580925930846,445.3271179199219,9385630
2022-07-15,448.2999911595239,450.0186892029003,441.0071840415013,445.0948791503906,6945602
2022-07-18,450.1580268670489,456.6147472480962,447.8819378133518,455.4999084472656,9934786
2022-07-19,453.3631749213971,463.1643551697625,453.3631749213971,462.6069641113281,11724183
2022-07-20,465.4404881732386,474.3591139762054,464.88306874464126,472.5010681152344,19280117
2022-07-21,473.6158751794091,476.9603917266901,470.7823666026297,475.7061767578125,13814893
2022-07-22,477.0068189822082,483.2777235524307,474.9165174588007,477.2390747070313,14699129
2022-07-25,476.9603377702131,482.16284287336737,473.0119624394732,481.0480041503906,10229778
2022-07-26,480.9551628880995,483.8351111742268,476.6816235598744,477.7035827636719,8862656
2022-07-27,478.7254522151504,492.33565933474154,475.8919439286603,490.7098693847656,15101546
2022-07-28,495.35503134884,499.34981855668167,491.9640750160222,494.65826416015625,12160734
2022-07-29,497.07367724099106,498.885283185348,489.3627987297617,490.8492126464844,11921058
2022-08-01,491.4994873820828,497.0271842295448,489.0376110521217,495.8659057617187,8295631
2022-08-02,494.1472429187272,506.2245391456262,493.4039793269388,503.6232299804687,16845027
2022-08-03,503.4375555855905,507.61815882986,496.7021392476007,502.4620361328125,24262125
2022-08-04,505.0633817546269,505.3885171266994,486.9938728807156,495.4015197753906,18072293
2022-08-05,497.5382080751771,504.3665604850358,491.45311935571334,493.3576049804687,21110734
2022-08-08,486.807960466485,486.807960466485,477.3783561082888,483.4635009765625,32566317
2022-08-10,484.53187490892833,486.34348087745,476.9603724089837,478.1680908203125,16904151
2022-08-11,483.0918717804609,488.6660087625432,480.49061919609994,487.5047302246094,13862195
2022-08-12,488.3873259134069,494.0543426441956,487.8763746840825,493.0324401855469,12154012
2022-08-16,495.44789392173413,495.9588451685862,487.7370153060781,488.6195983886719,10721167
2022-08-17,491.31375335391226,492.8931036739318,487.1331501731273,490.6634826660156,12054183
2022-08-18,489.4557119781245,496.8414556724269,488.8518810905393,494.5653381347656,9013662
2022-08-19,494.24016170944896,495.7730721102587,481.6983530946415,483.4170227050781,11087222
2022-08-22,482.16288711456264,482.9990304092793,473.801680979628,475.0093994140625,9676954
2022-08-23,472.1759006018143,486.80801163866346,472.1759006018143,484.8570861816406,8597965
2022-08-24,482.16289382103946,485.8789854882537,475.9384289378439,482.4415893554687,11930650
2022-08-25,484.9034750151943,490.8027472747405,481.6983349272375,483.4635009765625,15473450
2022-08-26,486.6221923828125,491.9176343481351,485.13577839745057,486.6221923828125,12855886
2022-08-29,475.0094140125052,480.3048560679867,472.6404168754124,478.3074340820313,9421339
2022-08-30,481.41971850973016,494.70473575367646,481.1874627652449,493.54345703125,14835308
2022-09-01,485.1822146806665,502.5085146310031,485.1822146806665,495.4479064941406,16670228
2022-09-02,498.8853239622517,499.67497078823015,493.543442001762,498.6066284179687,10017930
2022-09-05,498.8852551006655,502.41553048143766,498.23492778506335,500.6504211425781,7819994
2022-09-06,499.8143254440455,504.1807444604695,496.19111341480766,499.6285095214844,8657868
2022-09-07,496.46984649081065,499.30335491557975,493.8220972783756,495.0298156738281,8445359
2022-09-08,497.95623936941655,507.5251632256435,497.4917279520944,505.9923095703125,12240707
2022-09-09,510.6374895329618,517.4657855661197,509.1045789770801,514.0748291015625,18587927
2022-09-12,515.5148315429688,518.952170921536,512.1238752658808,515.5148315429688,9677415
2022-09-13,520.2528211805555,520.2528211805555,514.4464280870226,518.394775390625,16707275
2022-09-14,510.96257592164955,534.0487714434327,510.2658087726655,531.1688232421875,21632641
2022-09-15,531.9120414407419,537.4397389468393,527.5921190475323,531.5404663085938,12749947
2022-09-16,528.7068427636351,533.2590770784519,520.5314536194188,521.9249877929688,14739280
2022-09-19,520.903158514852,533.6307837600242,519.8347594839756,531.6333618164062,11194003
2022-09-20,536.928815145089,536.928815145089,532.1907641678022,533.3056030273438,8484017
2022-09-21,534.1881531589202,536.3248944309445,525.2695562395763,529.2643432617188,9392526
2022-09-22,526.5237167258603,533.2591325992832,522.1108580501693,527.03466796875,11869435
2022-09-23,524.7120943058618,527.6849787662827,510.49805604238094,511.51995849609375,12563239
2022-09-26,507.0606552468925,510.0335396785257,495.16917422341385,504.7380981445313,16158750
2022-09-27,505.89939922928977,511.7987285538855,495.3550121961274,498.4207763671875,11066799
2022-09-28,495.0763051231216,501.486528839793,483.4170228594841,487.5976257324219,12233485
2022-09-29,491.4531595680665,497.6776249145506,482.67388101021714,484.7177429199219,17310168
2022-09-30,486.8079858742602,498.7924036275781,479.5151789961069,492.93951416015625,17466950
2022-10-03,490.1524567024575,493.91504478951293,481.6983710394965,482.8596496582031,9351162
2022-10-04,495.16919845499825,497.7704511963268,490.3382681050698,494.8905029296875,8745887
2022-10-06,496.6556586150605,503.3446353603367,496.6556586150605,499.1640319824219,9507322
2022-10-07,497.4917419504565,497.5846215553129,489.17697600581823,492.56793212890625,11065307
2022-10-10,488.3873640167519,496.0053633580189,485.13578377256994,493.0789184570313,9649292
2022-10-11,493.0789093889518,495.81953831354355,488.20153911237713,489.9667053222656,10825440
2022-10-12,492.3820782574085,497.02719220323314,488.6659871007489,495.912353515625,8522604
2022-10-13,495.1692295501213,495.9124365653068,483.2777471979726,484.43902587890625,12972765
2022-10-14,492.56798317784336,496.8879059063708,488.6660754175472,489.7809143066406,8545479
2022-10-17,489.03767889540234,506.0387866822973,486.99381716787735,505.0633239746094,13485349
2022-10-18,508.2683954214711,523.5043933483238,507.94326009440294,522.5289306640625,20440781
2022-10-19,523.039873690099,523.4579453205156,512.4025505311012,514.1212768554688,9540583
2022-10-20,512.8206693998048,517.2799682278867,506.5962042820574,515.9793701171875,11225588
2022-10-21,517.6979600044227,525.6410936759931,517.6979600044227,521.0424194335938,11767639
2022-10-24,526.7559881853911,531.8656141730801,525.7340856690766,530.007568359375,3692065
2022-10-25,531.8656286557928,544.5932541668578,527.6850254611185,537.4862060546875,19899324
2022-10-27,542.5028431021813,543.4783056434958,536.6035146515724,538.508056640625,13613533
2022-10-28,538.7868289392258,541.2952020481209,526.7559713396231,530.2398071289062,10043644
2022-10-31,534.1417633453428,536.4643207503551,528.056674284823,533.0733642578125,9894639
2022-11-01,535.4423611493793,544.1751996682159,533.8165709668451,535.953369140625,12069579
2022-11-02,535.0243544746663,537.8578632104039,529.4502166195515,533.1198120117188,10241440
2022-11-03,528.6140117679199,546.2190064529988,527.684988900138,543.385498046875,17557998
2022-11-04,544.4074086062908,554.5802205002109,539.2049031506616,551.7931518554688,25759031
2022-11-07,569.4910492043815,578.5025828570365,564.5672390755263,570.5594482421875,44265903
2022-11-09,576.9232326353217,576.9232326353217,567.2149317922315,571.8600463867188,18939854
2022-11-10,569.5839107900034,571.4419565687384,559.4575953177317,562.755615234375,11618405
2022-11-11,573.4394492513424,575.57619082005,556.0202679253599,558.6215209960938,15525267
2022-11-14,561.0834383305436,561.0834383305436,549.6564670534292,550.4925537109375,12957268
2022-11-15,552.1182806785682,559.3646477289204,550.5854269638519,558.203369140625,10286417
2022-11-16,557.36727343122,560.6652932272399,553.6976218118226,557.1814575195312,11555749
2022-11-17,556.5775066914088,559.9684624091999,553.836934942098,556.5310668945312,8167131
2022-11-18,558.342768853174,562.7556276752249,554.7660533312614,559.922119140625,12933675
2022-11-21,559.3646510750879,559.3646510750879,553.0937466607794,555.6485595703125,7412419
2022-11-22,555.6950493243781,558.0640462892758,553.8370035945674,556.5775756835938,8048595
2022-11-23,558.8536786018122,566.3323011304334,558.342727379929,564.520751953125,12435924
2022-11-24,566.4716684328985,567.911642473298,562.8020169277778,566.1000366210938,8960032
2022-11-25,567.2149011984452,570.1413459163525,563.2201142032641,564.2885131835938,9994513
2022-11-28,562.6161908483663,567.5400571020017,559.596866716974,565.4032592773438,7934274
2022-11-29,564.0097171277736,568.3761356123507,564.0097171277736,565.3568115234375,6942919
2022-11-30,565.3104578057068,568.0046470072868,555.9273488125881,559.6898803710938,15606230
2022-12-01,564.70646501188,566.5180707442009,558.8536329331158,564.938720703125,14209313
2022-12-02,564.3814166405217,566.3323420662039,561.3620921893583,564.4278564453125,7533838
2022-12-05,565.3103892852598,574.1361061270183,564.4278062604734,573.4857788085938,11585602
2022-12-06,571.1167755767569,575.8083294523524,564.6600556712689,565.7284545898438,12996244
2022-12-07,567.4936548285287,569.3981972670116,561.5943816888696,563.96337890625,7613892
2022-12-08,566.471711256473,570.2342426474543,564.0562744063031,568.2368774414062,10020015
2022-12-09,570.7916893478897,574.1361490885416,565.8678226421276,572.7426147460938,11202267
2022-12-12,571.1632044460752,574.786416036808,567.6329291569044,569.5374145507812,9285187
2022-12-13,569.9555899098569,573.5788021601909,569.0265669434187,572.9749145507812,7455415
2022-12-14,574.6006605360243,582.2650994194879,573.6716376410591,581.1038208007812,14010673
2022-12-15,581.1502869681508,584.8663787165883,570.6987789256705,572.231689453125,10622271
2022-12-16,568.5619487387619,571.9064081089458,559.364600416179,560.52587890625,9435071
2022-12-19,561.1298409450822,566.239466980178,560.2008180296101,561.5479125976562,8322012
2022-12-20,560.2008180296101,563.4523982337621,556.99567763062,561.5479125976562,6753785
2022-12-21,562.8949508080592,565.9142749810452,547.7518334395638,551.2821655273438,9217253
2022-12-22,554.6266250069685,556.484670651883,545.8473479941371,551.2821655273438,8740149
2022-12-23,548.1235219709549,548.7738493545831,530.9365979769505,533.2591552734375,13047046
2022-12-26,533.2591374365397,558.993082761458,530.1933732483348,554.7195434570312,13201587
2022-12-27,557.7854206062935,560.2937372931399,551.189323417787,559.178955078125,9638618
2022-12-28,558.2499017736284,563.9169189700275,556.0666638645115,558.3892211914062,7988631
2022-12-29,557.413761402815,574.1361742448994,554.7660687173757,568.376220703125,20130392
2022-12-30,571.5812703676361,576.505079803862,567.9580588128947,570.1412963867188,13052895
2023-01-02,571.3026768929869,575.2510244474183,567.8188408155474,568.7478637695312,6726084
2023-01-03,570.884518977408,572.835444204816,566.70391631606,568.93359375,6818062
2023-01-04,568.4225967132537,571.302601512438,561.1297901679545,562.24462890625,7011191
2023-01-05,563.9168995874302,568.190382240807,559.2253452889701,562.1517333984375,8241475
2023-01-06,564.2885438654469,564.3349836708002,554.6266828234792,558.0176391601562,7972036
2023-01-09,562.0588266606619,565.7749180766002,557.5065919949155,564.5671997070312,8878905
2023-01-10,565.2640136601837,565.7749649315789,548.6809203213877,552.9080200195312,10622660
2023-01-11,554.1157057067913,556.9492141378572,550.2137982871492,554.3479614257812,7419630
2023-01-12,555.4627887853612,555.4627887853612,548.2163651395716,552.6757202148438,8183715
2023-01-13,555.4628476926819,560.1079624694962,551.5145001323897,557.5066528320312,7877610
2023-01-16,560.2007446289062,563.0806926082987,557.9710672426951,560.2007446289062,5483191
2023-01-17,560.200804476179,562.987873155165,544.4538550992968,550.8641357421875,13461999
2023-01-18,553.6047441160317,554.7660226892714,545.8938090272761,549.4705810546875,11538075
2023-01-19,549.0524687135959,549.7492358058721,545.8473287485155,547.9840698242188,7475688
2023-01-20,551.6537723185195,554.2550250301911,548.8667036910736,550.1673583984375,6750607
2023-01-23,556.0201811934469,559.0395054856419,550.8641156658481,557.831787109375,6604469
2023-01-24,560.6652540658442,561.687156454172,550.9569545645247,552.1646728515625,7609623
2023-01-25,553.5582645072653,553.5582645072653,527.1276087360154,528.3353271484375,25686294
2023-01-27,527.684995977524,528.1959472210457,494.4724280088681,501.62591552734375,40163464
2023-01-30,497.9563211927961,515.0038703285257,487.9228842705688,500.0001831054687,40797825
2023-01-31,506.3174777560764,517.4657524956598,499.6749413758516,514.2141723632812,21911943
2023-02-01,521.553471182178,524.8979308924825,463.9075840617413,489.9201965332031,38218810
2023-02-02,483.2776668207723,494.8440118998063,466.8339520930055,490.6169128417969,39287056
2023-02-03,497.95628057015045,507.2000698803014,482.3022671924056,505.57427978515625,32317232
2023-02-06,519.1380216622389,519.1380216622389,498.4672606845841,506.6891479492187,25338586
2023-02-07,509.1045148167841,512.2632151446792,502.64779475723776,508.2683715820313,16195947
2023-02-08,510.96263293951085,515.1432362999251,506.7820295790967,510.7303771972656,15502847
2023-02-09,512.8206493861524,512.8206493861524,504.2736272224381,511.705810546875,15061047
2023-02-10,507.710993148678,517.6979888967993,507.710993148678,513.7960815429688,13824475
2023-02-13,514.6787012854288,517.3728904535258,495.4479153661014,499.3498229980469,18488732
2023-02-14,501.6259495057949,505.94587216970376,493.0789270880096,502.4620361328125,18559909
2023-02-15,501.6723936721992,505.99237307671194,498.69950888760354,503.7626953125,12796579
2023-02-16,508.0361326298083,508.0361326298083,500.27881436406693,501.7652282714844,12767016
2023-02-17,500.27882893880206,501.3472279492352,490.29183281792535,493.3111572265625,14192008
2023-02-20,494.2401571444544,496.0517630460272,485.0893047356897,487.8763732910156,12570032
2023-02-21,489.68792700631445,491.4066533197849,485.3215649251401,486.2970275878906,10223218
2023-02-22,483.7886509710897,484.8570499338609,476.12421242954093,479.700927734375,14763050
2023-02-23,480.2583733415285,486.8079730892365,475.05583971454416,484.0209045410156,15535085
2023-02-24,486.9937969998499,490.059561112645,480.86221207120434,484.0673522949219,12253035
2023-02-27,484.11383686759666,492.1963478782813,482.16291135259667,490.2454223632813,11048799
2023-02-28,489.8273396469931,490.9421785031601,484.06738614268016,485.6931762695313,15768010
2023-03-01,486.111258404559,499.25695582333617,485.9718822808871,498.6066284179687,13510198
2023-03-02,497.9097672057026,501.57941850464294,494.7046272938927,495.8659057617187,10376913
2023-03-03,503.530365370228,524.247562789315,503.2981096666439,521.3676147460938,27656538
2023-03-06,524.80503782157,527.5921064096759,519.3237802504061,521.8321533203125,16162268
2023-03-08,520.252859320986,525.3624856178885,516.9548391426886,524.712158203125,12637578
2023-03-09,524.6657186870224,525.5947416506116,518.394813682795,519.23095703125,8993423
2023-03-10,513.8425223260048,515.5612486426553,506.31745982451406,508.5006408691406,11522371
2023-03-13,508.1754990487729,513.8890122586054,490.9421365185342,492.3821105957031,14373729
2023-03-14,490.1989440527501,494.9833778506137,483.09189635780217,488.108642578125,14750800
2023-03-15,492.1962953100218,494.2401569236253,478.957719678139,480.8157653808594,11282329
2023-03-16,481.6054746741917,491.7782296576636,477.7964469155313,487.2724914550781,20040008
2023-03-17,491.12794681882934,493.8685188331115,483.18475617807985,492.1962890625,18787379
2023-03-20,489.2234291835881,489.2234291835881,478.4467863850695,482.34869384765625,14275315
2023-03-21,484.949984035069,486.2970786646676,479.7939179592165,484.81060791015625,29485180
2023-03-22,485.1358090018384,489.59510794229425,483.1848267320335,484.5319213867187,11619538
2023-03-23,482.5345005869124,484.020914495311,475.1951972444368,476.3564758300781,22097792
2023-03-24,477.9822736866617,478.4003453249582,467.7165821618938,469.4817199707031,14416984
2023-03-27,471.01462349240376,477.6571600946743,465.95143720498,473.9410400390625,15674218
2023-03-28,475.1487618497131,475.42745737224135,468.0881823132051,472.0365295410156,15833599
2023-03-29,472.8726301460967,481.2338357871869,470.3642571131588,479.8403015136719,24203789
2023-03-31,483.6957963156672,487.6441436467848,482.4880211813495,486.57574462890625,17356345
2023-04-03,487.5047472431923,490.98858297861295,485.04281397560624,489.36279296875,14210949
2023-04-05,489.59505881314976,490.1524498611261,482.2093155606513,485.87896728515625,13574801
2023-04-06,486.80798790702346,495.8195211611808,484.62480682568594,490.1989440917969,25125879
2023-04-10,491.6853922039444,492.7537912687955,487.17965361508993,488.94476318359375,17335453
2023-04-11,493.1717597616434,497.6775546290033,489.73442056152066,494.3330383300781,26414406
2023-04-12,495.35498352755394,496.09819044978934,488.6660078213281,490.7098693847656,21292441
2023-04-13,491.7318462158536,496.33052125362167,489.7344808540778,495.122802734375,28597560
2023-04-17,490.52406221277573,506.31745057947495,490.52406221277573,505.388427734375,32476990
2023-04-18,506.6426052589142,509.56905001405534,502.1368669691831,507.1071166992187,22283456
2023-04-19,505.3884150684429,508.6399949448024,500.0465338429952,501.9510192871094,21156372
2023-04-20,502.7872234668011,506.73557093822814,498.56018045565,506.1316833496094,25588577
2023-04-21,506.31745499760086,507.6181096733121,501.3936452162168,504.5987854003906,22599418
2023-04-24,505.2026478818052,516.1186670908221,504.9239523489952,515.236083984375,23335611
2023-04-25,515.6076442134857,527.5920607872357,515.6076442134857,521.9249877929688,38142390
2023-04-26,522.1108120871492,526.7559260736897,516.9547469026996,526.1520385742188,23143882
2023-04-27,524.8980272486443,527.1277052668567,521.274814644816,524.665771484375,17845169
2023-04-28,527.499226189582,539.2513893335699,525.3624847187829,537.2539672851562,16183423
2023-05-02,538.833215305152,539.6228619911891,532.4694319090614,534.466796875,13667511
2023-05-03,530.1469444766262,534.1881714402115,528.6140339990961,530.007568359375,9699527
2023-05-04,529.7288393814246,539.57645889107,528.149489198882,538.833251953125,12533761
2023-05-05,539.0190608734192,546.4976833637962,534.2345705860378,535.5816650390625,18163461
2023-05-08,536.6500935577258,545.8938259243915,536.3713413290757,542.177734375,12990869
2023-05-09,543.4783797193426,544.8254742233607,531.4939619981551,532.7946166992188,18959065
2023-05-10,534.188105504844,534.188105504844,523.2720876967015,531.5868530273438,18561315
2023-05-11,531.5868903735,538.8332573209989,531.4010744613989,532.7481689453125,16016715
2023-05-12,533.9094836079651,539.5300609348624,530.9830387279558,537.1146240234375,11319335
2023-05-15,537.6720048826024,542.5493751212783,533.8630336631455,540.5984497070312,11410243
2023-05-16,542.5493549355248,548.495123972205,540.6913091994442,544.6860961914062,22178229
2023-05-17,544.4074006716053,548.5880035777866,538.3687520293435,544.6860961914062,23739774
2023-05-18,548.4021918988014,551.7467082714093,530.8436935790718,533.4449462890625,45656620
2023-05-19,537.9042299383079,544.6396455981572,529.450144687857,534.3275146484375,42293962
2023-05-22,536.5106821829805,539.1119347559843,532.7481510771131,536.185546875,21484049
2023-05-23,537.8113856521496,542.2706842826218,535.8604035179653,540.3197021484375,16120548
2023-05-24,538.647424884356,543.7106106427419,537.2074508400949,541.3416137695312,17616658
2023-05-25,540.6912739415322,541.5274171494668,536.046159904234,539.9945068359375,16479436
2023-05-26,539.9945509718547,546.0331997139054,539.3442236128685,544.4074096679688,9788076
2023-05-29,548.1234407825631,554.0692092621026,546.3118350190275,552.7685546875,18432231
2023-05-30,552.7685930459252,553.2331044686529,549.5170130868315,550.7247314453125,15031640
2023-05-31,552.9030104609316,553.8500865520962,546.9364426475817,549.1620483398438,28797643
2023-06-01,551.0088964611522,555.3654814653645,550.251247096706,551.9086303710938,17820226
2023-06-02,553.7554176157541,557.7331488713374,552.1453766545729,556.1231079101562,11323908
2023-06-05,557.3542953022576,558.5854826943589,554.9866050078555,556.1231079101562,12920507
2023-06-06,556.8808077766311,557.7331994819402,552.1454267581223,554.3710327148438,11199940
2023-06-07,556.8807700208413,559.3431448615423,554.9866177418588,558.0172729492188,11113781
2023-06-08,558.7276422332659,562.515947212822,555.3181330686974,557.3543701171875,15971917
2023-06-09,556.8807949778836,557.9225556560352,546.2261879311128,548.072998046875,18870272
2023-06-12,549.3041644401906,550.7247786585704,547.1259008663296,548.025634765625,8786066
2023-06-13,548.783285043374,550.6300950913596,543.8584775170594,545.8947143554688,12612098
2023-06-14,546.4628779101002,547.930834218716,544.8054948315169,546.0366821289062,8948696
2023-06-15,545.5158387577229,546.1788035949786,535.3347705864633,536.5186157226562,17934877
2023-06-16,538.6495217087493,544.284635958382,537.039480808149,541.0172119140625,12660226
2023-06-19,541.0172686527673,542.4378829249408,535.950434203992,538.7442626953125,17903691
2023-06-20,538.7442468937137,539.3125272688809,532.7776786865753,537.3710327148438,14549152
2023-06-21,537.3710020274224,539.3598387145792,535.7136188531458,536.3765258789062,14946871
2023-06-22,536.3765795536382,538.8863545906687,531.3570872845204,533.1565551757812,14979063
2023-06-23,532.256799763519,532.3514842571589,524.4907637219954,525.2484130859375,12215712
2023-06-26,526.5743072501397,528.9419974805809,525.1536931118749,527.5687255859375,8360264
2023-06-27,528.7052460586985,537.8918960196315,526.2428712590395,536.1397705078125,10694768
2023-06-28,541.9643913735406,543.6217748333986,538.4601976402801,539.64404296875,18028934
2023-06-30,543.621753554977,543.621753554977,540.0228754582851,542.5325927734375,8718232
2023-07-03,544.0952635802307,555.3180931535118,543.5270409961187,554.4657592773438,15421985
2023-07-04,557.0701568811107,564.4099964360767,551.435042694053,558.0645751953125,24799250
2023-07-05,558.5854903048938,562.279110336461,557.0701916178066,559.3431396484375,13598114
2023-07-06,559.153741476405,562.0896542062237,557.922496326865,561.142578125,11323509
2023-07-07,558.774875477377,563.9837938080983,554.5130332067869,562.184326171875,11707209
2023-07-10,563.1788570435173,568.0562645445196,559.0116988517439,561.2373046875,11417363
2023-07-11,563.5103252653819,564.4100591944411,556.2651693899928,557.4016723632812,13221177
2023-07-12,557.8278061774104,563.0367245712572,557.0701568811107,558.0645751953125,16029716
2023-07-13,563.4156674537284,566.3515806192413,552.4768908483136,554.6552124023438,20024503
2023-07-14,555.6969192600167,560.0061040903931,549.9671202346848,553.4713134765625,12190152
2023-07-17,555.933724407829,570.9448589210546,553.2819226326304,569.2874755859375,19378986
2023-07-18,571.1342759530944,572.0813521283934,557.5910982073067,561.0005493164062,25757209
2023-07-19,563.1788513109324,570.5186914159763,560.6690764111024,569.6189575195312,17556585
2023-07-20,569.5716199279582,578.4741010580569,567.0618450076182,577.7637939453125,34038351
2023-07-21,577.7164436119874,586.7136669141413,576.7693674749186,582.5465087890625,21040281
2023-07-24,582.4991762065254,588.9866825360349,581.7888690919402,584.9616088867188,11756364
2023-07-25,588.8919257906668,588.8919257906668,572.2234090326344,577.3375854492188,18503305
2023-07-26,579.610620027468,583.7303782733334,576.9114760463759,582.5939331054688,9999125
2023-07-27,583.7777730624562,588.3710693551636,580.6523754641814,583.9197998046875,17444742
2023-07-28,583.7778004197922,587.0925671630472,581.1259407812325,583.4462890625,11930586
2023-07-31,584.0145391310097,588.1342973187537,581.9783022582515,587.3766479492188,8605483
2023-08-01,587.3766262120196,587.9921910123245,578.2846606992431,579.468505859375,13493453
2023-08-02,577.5743429390312,578.189965532909,562.6578941967817,566.7777099609375,14977497
2023-08-03,567.0145102168711,569.0506892838814,554.0395552258084,559.2484741210938,27774877
2023-08-04,563.3208772718776,567.0144973448427,541.1593302489086,542.958740234375,52725616
2023-08-07,546.46297490863,546.46297490863,536.660759225921,537.8446044921875,32736325
2023-08-08,540.7804504311654,543.858447740975,538.3654179490715,542.769287109375,25038671
2023-08-09,544.5687939346745,544.5687939346745,538.270714326323,543.3849487304688,15769111
2023-08-10,543.3849677007904,547.0311879350622,539.9281164618493,543.290283203125,27325801
2023-08-11,544.9950425510931,548.3571516956642,541.7276179100518,543.7638549804688,18221179
2023-08-14,542.6272364301581,542.6745786718476,529.0366603790627,531.1202392578125,28084093
2023-08-16,529.2261668704698,536.4239806444865,524.6802126897423,535.4295043945312,15725767
2023-08-17,535.8083185745926,542.8167050327628,534.1509353531953,541.86962890625,27910162
2023-08-18,539.8334329901751,544.805583030874,537.3710579967587,542.6273193359375,18253227
2023-08-21,542.6272655405768,545.0896402898765,540.543686550049,541.4434204101562,9380810
2023-08-22,542.2011467523499,544.0479569791332,537.4657655580063,538.412841796875,14073413
2023-08-23,540.7805133977928,547.362704587704,536.0451323697911,546.3682861328125,18579297
2023-08-24,547.5520913034119,551.198311306055,545.0896586661597,546.4155883789062,24131644
2023-08-25,543.4322918904455,544.8529061378787,537.1816123237163,539.7860717773438,12271885
2023-08-28,542.4852505231413,544.3794029745524,539.0757992325795,542.5325927734375,9711932
2023-08-29,543.2902516515835,545.799968743401,541.5854683530627,544.4266967773438,13144855
2023-08-30,546.1788293829949,547.1259055366658,536.1397874711188,537.3710327148438,15281416
2023-08-31,539.1704412789,540.1175174300328,529.7944220656501,531.6411743164062,27898476
2023-09-01,532.9197778538285,540.9699253809107,532.3514974630689,539.4072265625,18121168
2023-09-04,541.727551909577,545.8473099953048,538.3654431746227,545.0896606445312,12108655
2023-09-05,545.1369963939355,547.6467712562122,541.11192284817,542.6746215820312,14444729
2023-09-06,543.8584813779117,543.8584813779117,537.9392554160275,540.3069458007812,20609936
2023-09-07,537.9392393188474,550.251228951145,537.9392393188474,548.4044189453125,12390597
2023-09-08,550.2512460973644,557.3543172604112,549.0200586567578,552.5715942382812,14032068
2023-09-11,555.9337399799246,560.9532323744613,554.3710410982075,560.385009765625,10946134
2023-09-12,562.2317689827164,562.7999915400404,553.7080837932164,557.2122192382812,16093060
2023-09-13,557.2596541767706,566.3515624928049,552.5716154680572,564.8836059570312,19377172
2023-09-14,566.7777593769611,571.749909391221,563.6997617490858,565.6885986328125,13178911
2023-09-15,567.6300722204844,568.9086597168509,563.6997408474365,567.1091918945312,11756389
2023-09-18,567.1091681687718,576.2011335888857,565.4517849614788,571.9866333007812,19305055
2023-09-20,569.0507065380637,574.6858214384503,567.6774923043499,569.2874755859375,21314600
2023-09-21,568.2457179919575,574.4963977678915,553.7081214953073,557.0228881835938,23453425
2023-09-22,562.0896643296132,570.1398111649995,560.1008276451988,566.4935913085938,18784139
2023-09-25,569.6662630363052,569.6662630363052,559.2010838964593,562.6105346679688,9712784
2023-09-26,562.5632240608297,563.5103001956123,559.9587646901778,562.9420776367188,8327427
2023-09-27,562.0423402102848,562.8473317978076,557.0701905339704,558.5381469726562,9865347
2023-09-28,559.9587263925239,563.6996884300446,557.6857207025291,558.7275390625,21960816
2023-09-29,561.4740302773386,568.2456473637309,560.0060739159695,566.8723754882812,12189735
2023-10-03,565.0255828135226,572.8863607525196,558.3960500586644,571.03955078125,15322196
2023-10-04,568.2456856343284,568.6718814595422,553.5186631759601,555.223388671875,24914612
2023-10-05,558.7749204115613,562.8946784824502,556.0283764943421,560.8111572265625,13248028
2023-10-06,561.9949962079626,567.2512571455039,560.8584932959413,562.7999877929688,8216780
2023-10-09,556.8807601865917,557.8278363093581,550.7721076337612,554.1342163085938,9189597
2023-10-10,555.9337191138808,563.5103285736951,554.7498738857847,560.337646484375,10373508
2023-10-11,565.309766412258,565.4044509034987,556.5019121391563,557.2122192382812,14220119
2023-10-12,559.5326085412145,561.6161877464566,554.0395781309901,555.0339965820312,11983797
2023-10-13,547.173196531182,550.5353050008061,544.3793105785601,545.6578979492188,19064577
2023-10-16,545.5158407243849,548.1203000333988,541.2539982187257,545.1843872070312,11290293
2023-10-17,547.1258616987968,549.2567828738186,544.8528559901324,545.9420166015625,10765224
2023-10-18,547.173266107088,548.593880385168,539.2178030278637,542.3432006835938,11777454
2023-10-19,539.6439190474274,543.6216499986483,536.9921176815916,540.9698486328125,11441499
2023-10-20,539.738686602659,539.8333710896472,532.3514468595878,533.2985229492188,11110988
2023-10-23,533.2985796647226,536.0451237387181,521.8389808834517,523.685791015625,11875035
2023-10-25,529.0366808435873,531.1202598029354,524.3013003927678,526.7637329101562,12134624
2023-10-26,522.2651596499072,523.6384316419934,514.4517813350399,518.0506591796875,19424825
2023-10-27,520.8918604785226,532.7303118530344,520.8918604785226,531.4517822265625,10415296
2023-10-30,533.2038964013556,536.7080898747511,527.0479011498302,535.2874755859375,8593704
2023-10-31,536.9921072492025,539.3597973164387,533.3458876676318,535.6188354492188,13039696
2023-11-01,536.2818656519717,539.5019476582157,534.0088597881594,536.4239501953125,13575575
2023-11-02,540.8751285057469,544.9949441545303,537.5603622114079,541.8222045898438,11148516
2023-11-03,545.5158870868132,548.8306537618198,543.1008543560113,547.5521240234375,11371371
2023-11-06,551.1983420030499,551.6718800975543,542.911425349224,543.9531860351562,16499138
2023-11-07,544.3793444383654,550.4406547530965,542.2957654048678,549.0673828125,17923281
2023-11-08,551.1036132997641,551.766520334941,548.3570694499737,549.5882568359375,15434808
2023-11-09,550.2512299373365,551.0562215235307,545.9893873646721,547.741455078125,12434363
2023-11-10,547.2205864297704,550.2512416625661,544.9476383588791,548.8306274414062,6773038
2023-11-13,550.2512491026093,551.6718633429775,544.758218934174,550.5827026367188,11282362
2023-11-15,556.1704034301611,556.8807104588075,551.7664767305796,553.75537109375,11397676
2023-11-16,553.7554110919988,556.8807506828024,552.0506856611003,553.7080688476562,8622660
2023-11-17,544.0952543037619,544.0952543037619,532.3514867895021,533.251220703125,37173221
2023-11-20,534.1509536100332,536.8027552939175,530.9308715478544,533.9141845703125,12714585
2023-11-21,536.045045358415,536.6606679141044,531.309665099065,531.783203125,14280013
2023-11-22,533.1565296940364,534.6244861641455,525.7693472920832,529.3682250976562,14909071
2023-11-23,532.0200331450485,533.6774164258742,528.7526088304325,530.3153076171875,6376210
2023-11-24,532.2095095129049,532.6830476372504,529.6523920804499,530.6941528320312,6529851
2023-11-28,533.7721599642382,535.2875166715822,531.4044693011517,534.5772094726562,8153314
2023-11-29,537.9392847228976,538.8863609283957,535.1927406049756,538.5075073242188,10299034
2023-11-30,539.5967095161022,540.0229054022911,533.8195673409369,534.861328125,19758998
2023-12-01,536.992172021036,543.8111317981642,536.5659761965393,541.4907836914062,10614230
2023-12-04,556.880774541967,564.4573837194087,553.6133502732071,563.2261962890625,26077882
2023-12-05,563.5576052803208,578.9475914557199,563.5576052803208,576.0590209960938,36430152
2023-12-06,581.5047350018984,581.5047350018984,572.554854148129,576.2484741210938,21439069
2023-12-07,577.7164969433031,580.131529754782,572.9811158208171,579.3265380859375,10725706
2023-12-08,577.7164613742833,584.1565677433689,573.3125340795355,581.6468505859375,17722136
2023-12-11,582.4518232147626,587.0925193997506,580.6523554357004,581.7415161132812,11706255
2023-12-12,584.3459679623248,585.2457018402724,578.4740844380203,579.9894409179688,14494836
2023-12-13,581.9309286579414,587.6607275753272,579.2791271049712,587.0451049804688,13977914
2023-12-14,592.8696487197641,594.5270319230541,589.4601978235428,590.64404296875,15813797
2023-12-15,594.7638458710953,615.5995220003375,587.0451518194214,613.942138671875,29813572
2023-12-18,612.4268262567273,620.9505117561671,608.4017525486585,614.1788940429688,16221796
2023-12-19,614.178896420345,624.6914187883696,606.3655180156144,620.7137451171875,19964008
2023-12-20,623.8390450027288,625.4490859501609,600.398911288317,602.7666015625,22542056
2023-12-21,598.6942371598262,614.6051056049055,594.2903097504551,609.6802978515625,19915516
2023-12-22,610.6273291849556,615.0312562708087,601.5354215427969,603.0507202148438,14998068
2023-12-26,605.0395707400135,607.3599188509928,602.0089733268344,604.2819213867188,10153089
2023-12-27,606.8390745327218,615.0786490253292,605.1816911844077,614.2262573242188,14417646
2023-12-28,615.8362543661124,618.7248250055344,612.2847188738049,616.9254150390625,16982092
2023-12-29,611.3376144926107,615.220603329458,605.7025002108935,608.0701904296875,13221898
2024-01-01,608.212275921118,612.6635451004371,604.2345447863022,607.4072265625,8295548
2024-01-02,607.4073203201524,613.7054004061756,600.3042485561921,605.60791015625,15164482
2024-01-03,605.5131321806922,613.7053642545236,602.1510233047925,609.3961791992188,14571772
2024-01-04,608.4963852753671,612.1900051328654,604.8501654661197,608.733154296875,13883388
2024-01-05,610.8640954983638,617.2568592884629,603.9977936497388,607.9755249023438,15984585
2024-01-08,606.1287006578947,610.8640811317845,591.9699014799768,593.8167114257812,14739531
2024-01-09,598.5521321607245,600.777738011181,591.4490609721083,592.3014526367188,13400235
2024-01-10,591.7331138945065,592.2066519270412,585.4824349870212,588.8445434570312,12742464
2024-01-11,592.8696781345247,593.9588388441286,585.7666069108683,587.3766479492188,15533860
2024-01-12,590.7861088551372,602.8139878885283,588.2289916110394,600.0674438476562,16620797
2024-01-15,605.0870045162184,611.3376842854633,602.4351449244722,606.2234497070312,16844018
2024-01-16,606.1287229383505,610.7694190953231,599.9253858505162,603.1928100585938,15025543
2024-01-17,590.9755375773763,603.0981011461799,590.0284613953612,592.8696899414062,30016308
2024-01-18,592.6802223057629,599.9253777209321,586.2874585176507,595.0479125976562,14695436
2024-01-19,599.499188239714,601.8668785566165,591.6384679485856,594.5270385742188,11675202
2024-01-23,593.816735051732,601.2986596201333,568.8613020834159,573.0757446289062,30954343
2024-01-24,577.6690860249656,589.4127951297775,571.1815799753688,585.5771484375,19221835
2024-01-25,585.7665492181922,590.7860408275468,574.1648673622134,580.3208618164062,22684904
2024-01-29,586.240116875537,596.1844161117133,583.0200349532757,589.9810791015625,19572140
2024-01-30,592.3487686641458,599.9727198414752,591.1649235184444,593.5799560546875,16966577
2024-01-31,593.2484841784004,609.1593508832941,589.0813262725044,606.6022338867188,23270745
2024-02-01,608.7332050368398,618.3933934805597,599.7359814695897,613.3739013671875,26587707
2024-02-02,617.493672317934,625.5911621347344,612.4741801008781,615.26806640625,27471811
2024-02-05,612.8529386660016,620.1454364049642,604.9448761274464,608.922607421875,28339525
2024-02-06,610.343212779607,620.3348542139742,603.9504490148065,615.8362426757812,14079390
2024-02-07,620.3821741954093,642.0702395337361,620.3348319524308,639.5131225585938,41696232
2024-02-08,644.3906262816,680.8530575303441,642.591158500595,662.527099609375,74222434
2024-02-09,666.4101818840758,689.8029174512828,657.4603003588977,686.8670043945312,43235061
2024-02-12,687.5772971988666,687.5772971988666,667.215159609644,670.4352416992188,22873137
2024-02-13,671.0508318054963,680.0007134812453,664.9895787916939,675.6915283203125,23351472
2024-02-14,668.2095893122887,708.8865229305478,668.2095893122887,704.0564575195312,36782182
2024-02-15,708.1288729039719,723.5662031109259,702.3990735633622,721.387939453125,33941282
2024-02-16,723.0452778952919,733.6051419871368,713.4797743669861,714.7583618164062,27365121
2024-02-19,718.5466246062158,724.5131922757347,710.3070512507203,719.0675048828125,13979584
2024-02-20,718.878140197099,723.092640626177,714.095417199918,719.87255859375,12528399
2024-02-21,720.3935575488127,736.3517689040475,719.3990812632494,730.6693115234375,21465311
2024-02-22,732.0898793051539,732.0898793051539,716.9366605873241,725.3656616210938,18799244
2024-02-23,725.3656188570327,729.7221458595922,715.0424660921377,718.8781127929688,14143636
2024-02-26,715.0424640283459,725.7917547695781,712.8642005333531,718.736083984375,11355186
2024-02-27,718.7360628262059,722.003429070041,702.9198806721752,710.1649780273438,13969393
2024-02-28,710.1650270994766,716.6998756485756,701.7834263040562,703.2040405273438,11263318
2024-02-29,704.5300165868673,714.0007786982383,698.1372521616919,708.5076904296875,19217113
2024-03-01,712.2012253214909,731.1427472715305,712.1538830776034,728.443603515625,17348526
2024-03-04,733.4157269093953,735.8781015532362,728.3014930430356,731.1900634765625,9789141
2024-03-05,728.7751257237001,745.3016167439201,728.3962721270127,742.4603881835938,18088847
2024-03-06,742.1762558623576,748.4742776430227,731.9951871429561,742.4130249023438,26710525
2024-03-07,748.190193930005,751.410276114466,741.5606605660682,746.3433837890625,15497868
2024-03-11,748.1901368545919,750.8419384368862,729.7694947090195,732.7528076171875,16778340
2024-03-12,729.2486473566764,736.5884876385131,717.2681107424115,719.4937744140625,21529705
2024-03-13,718.4993277010051,723.2820505868954,703.6775631743476,707.70263671875,27950252
2024-03-14,710.2124078847078,711.0647417125944,695.2012166495516,701.8307495117188,19730882
2024-03-15,700.1260254598068,707.0396696118478,684.7360384273795,693.1650390625,29792241
2024-03-18,688.6190419826069,698.8475105936745,683.8836612570906,692.2653198242188,18145126
2024-03-19,691.3655971347375,695.4853553107556,682.983996236656,685.4937133789062,15205043
2024-03-20,686.7722682789549,699.8419071119082,681.7053763780509,697.2847900390625,25405455
2024-03-21,702.730488902024,710.8753205031713,701.3572169516723,704.9087524414062,15161161
2024-03-22,704.4825610232863,709.170599460014,702.1622707327812,707.1817626953125,15535921
2024-03-26,703.7248953357582,708.2708491244837,699.4157105756636,700.8836669921875,14678342
2024-03-27,703.6775556672179,706.3766994815164,691.5549929179226,694.4909057617188,30088789
2024-03-28,698.7054262433901,719.3516746513696,697.9004346418056,712.53271484375,21705116
2024-04-01,718.87809271021,721.1984406857478,712.2959023406002,718.1677856445312,9949971
2024-04-02,718.0731365019557,728.064778156646,713.4797825681824,725.8391723632812,15713063
2024-04-03,724.4185584476019,731.7109984397689,719.9199468084377,730.2430419921875,19136981
2024-04-04,733.9840367300943,734.2681480220336,717.9784262265191,719.1149291992188,15889530
2024-04-05,717.8363829672766,727.0703754749767,712.7694908570097,724.2764892578125,9939620
2024-04-08,725.5076285980329,729.248590721814,721.4825552076852,727.6385498046875,9797174
2024-04-09,727.7806275520223,731.5689318840728,720.8195836589176,723.7555541992188,7465892
2024-04-10,725.933847345905,739.3823398361972,723.2347035208019,737.8196411132812,14530669
2024-04-12,736.1149412559511,738.2458626040706,724.3238315687016,725.7444458007812,14408722
2024-04-15,719.58848097137,722.9032476518954,709.1233005838425,717.4102172851562,11356572
2024-04-16,711.4909794514435,714.9478306266623,705.003530747474,711.9171752929688,13338991
2024-04-18,712.2485648644453,719.7304891283136,702.7304616816317,705.3822631835938,14589648
2024-04-19,695.6274008930026,712.2012327726861,693.3070528688593,710.7332763671875,10886554
2024-04-22,714.2374792815871,728.3015365467629,710.7332860753157,725.5549926757812,17452186
2024-04-23,729.5801297256875,736.5411744994312,725.0341755131074,732.0899047851562,12292429
2024-04-24,737.2988047972324,737.2988047972324,729.4380840784303,732.1845703125,7842615
2024-04-25,729.8642999447579,771.2988838816899,728.9172237404853,769.6888427734375,36732974
2024-04-26,772.7194359962122,773.6665121242601,756.6191418193988,758.89208984375,14964358
2024-04-29,764.2904978785022,787.2570958630791,756.4297769334296,782.7584838867188,27302732
2024-04-30,782.7584365175279,790.666499233327,776.5077570611428,782.5216674804688,27449073
2024-05-02,783.1372892528356,789.7668222833302,781.3378214511536,786.1205444335938,19943724
2024-05-03,790.6192154121966,791.9451452396878,776.6024989434741,787.446533203125,22667634
2024-05-06,790.8085783183144,791.755654460013,760.5021417839598,765.048095703125,35283557
2024-05-07,769.0258341813609,771.5356091020818,751.2208141135195,759.4603881835938,16725013
2024-05-08,760.1233071452959,778.4966078740321,757.1873941548523,767.8893432617188,27908322
2024-05-09,768.9310974695414,795.2124588602853,761.0229774672023,776.4129638671875,49290254
2024-05-10,783.2320208951047,788.0147441654584,772.4353290449478,774.0927124023438,20543142
2024-05-13,776.4603581145727,776.4603581145727,756.33498993591,765.9951782226562,15398505
2024-05-14,769.9728976160259,778.875436405395,765.1428324503737,774.897705078125,10912462
2024-05-15,777.5495004946132,781.6219162809175,774.7556143581575,776.8865356445312,9755062
2024-05-16,781.6218974626161,782.426946834383,755.151108781539,768.9784545898438,20536990
2024-05-17,771.3935410944193,778.9228082130512,768.2682012918576,774.5662231445312,12492509
2024-05-21,777.5495346221023,792.0397884444491,776.2236048637419,786.6888427734375,14037801
2024-05-22,795.9331822307055,796.0295133266376,783.414724155801,788.422119140625,19239277
2024-05-23,794.1517316465437,804.5516696610887,791.5517324493296,801.277587890625,17497488
2024-05-24,799.2553916967729,810.0886726083256,796.3665167870256,797.9072265625,12252075
2024-05-27,801.7590699633794,808.3072335281287,792.5146936444445,802.818359375,12295193
2024-05-28,804.7443027300019,809.5590944673188,792.8035957117308,800.3628540039062,13818893
2024-05-29,797.7146835951445,803.5405695871641,788.9517277526038,792.1776733398438,14518232
2024-05-30,790.9739767920537,805.0331445629747,788.9517290829909,795.2590942382812,17818705
2024-05-31,799.9294778988177,804.0701868667423,786.8332096505334,799.5924072265625,22267336
2024-06-03,831.5626306363492,878.2179721623354,825.0145259321062,872.1032104492188,64269020
2024-06-04,863.7736004371982,863.7736004371982,704.8373437950039,746.4852905273438,122381193
2024-06-05,761.4592351040986,765.5518076607758,716.4890731382206,760.4962768554688,74256082
2024-06-06,770.3666270723245,802.4812623286783,766.5147939369629,786.6887817382812,40555649
2024-06-07,789.5295559574165,800.699849042878,780.4777241722821,799.207275390625,25061284
2024-06-10,803.2516957835098,814.1331129043821,798.4850404060916,800.9887084960938,16725508
2024-06-11,805.0331354685376,808.4997618244676,798.3405635563713,804.5997924804688,14754408
2024-06-12,805.9960606828112,814.2293420209461,802.1442276568479,808.0182495117188,15071442
2024-06-13,813.6997946256373,814.5664806385139,805.1294419180801,812.6405639648438,12523972
2024-06-14,813.6997704563229,818.4182896763856,804.1664596950984,808.1146240234375,12903496
2024-06-18,810.377569958488,819.9590170862313,809.1257358857379,813.603515625,14929083
2024-06-19,815.4330423267555,828.7218545519676,809.8478961769484,821.0181884765625,32925140
2024-06-20,821.4033966290509,821.4996689454273,811.1478676397271,812.4960327148438,13985352
2024-06-21,813.6034982004232,816.6367816070117,797.9072307555297,805.322021484375,18990090
2024-06-24,800.699845971808,805.0331584274583,790.6369197366024,801.8554077148438,12715254
2024-06-25,805.996104620019,814.5182621448073,803.3961054308986,811.0516357421875,20917530
2024-06-26,808.7404727237647,817.3589609223837,805.0331069252793,814.0367431640625,16281760
2024-06-27,812.6405440846468,816.0108981811181,807.1998061049042,812.73681640625,20378887
2024-06-28,815.5294261991826,831.9959899913704,812.736823556385,817.5034790039062,23636388
2024-07-01,817.888612537416,818.9960380974777,808.8368397383734,810.7627563476562,10967797
2024-07-02,812.7368170641629,814.9516094316318,792.6591597257975,795.5480346679688,21142840
2024-07-03,798.292447663417,812.5923552125606,794.440614381567,808.8368530273438,23598009
2024-07-04,811.7738338725269,813.6034781228886,803.3960850421123,808.2108764648438,13372587
2024-07-05,806.9590387546798,829.3478187678616,805.996080474543,827.9033813476562,24873722
2024-07-08,827.9033739699761,832.9589048956433,821.8848847727533,824.5330200195312,10359800
2024-07-09,828.0478287632818,837.7255474919629,824.2922680509901,829.3959350585938,13585081
2024-07-10,828.2403880397673,828.3848552906051,812.2553041995063,817.5515747070312,17343236
2024-07-11,822.7516382126789,826.5071405152041,818.273858372934,824.9664306640625,8501366
2024-07-12,824.9663498407772,831.032975099971,823.6181847723751,827.855224609375,11446064
2024-07-15,827.8552953420664,854.4810581363205,827.8552953420664,848.7033081054688,25392820
2024-07-16,849.6180412132858,855.2031872360685,841.9143753130872,848.0773315429688,11893692
2024-07-18,848.0292886499858,861.7514450438412,844.9959463584611,860.451416015625,19435183
2024-07-19,861.8476591694113,865.6994922830175,850.581035557251,856.4069213867188,14562742
2024-07-22,848.7996180509505,861.8476914572568,835.8478169663675,844.3218383789062,14614111
2024-07-23,850.2921997086647,851.7366371940136,817.647889030057,831.8997192382812,18279212
2024-07-24,832.1885940113407,835.8478238817672,815.8183025297853,820.4404907226562,19624845
2024-07-25,816.1071101173486,819.2367244039343,810.0404849474438,817.070068359375,9522375
2024-07-26,813.362771563015,832.23673119642,812.7368251429314,830.50341796875,12081506
2024-07-29,833.9699855260068,856.1661615632173,831.2255780072089,839.3143920898438,26582781
2024-07-30,842.2996149354311,847.9328973347123,836.8107410128214,840.469970703125,13528447
2024-07-31,841.4810813734941,842.5403707610664,835.8477988655185,840.0848388671875,11636874
2024-08-01,845.2848286735671,848.7515140014297,827.6145664441017,830.696044921875,11787203
2024-08-02,824.9663688604599,826.5070785961769,814.8071707781978,816.4441528320312,12609331
2024-08-05,799.25534329257,800.5553134135039,770.3665959446458,781.5850830078125,27676951
2024-08-06,792.1776770526977,795.9331791962649,766.1778026885571,768.15185546875,17900930
2024-08-07,779.0333009734679,780.6703419145541,770.8962912047291,778.6962890625,17692355
2024-08-08,781.9221664085547,787.507312985182,773.06293798995,778.1184692382812,14769069
2024-08-09,785.7739981345145,799.2072786074854,779.5629051443975,793.7665405273438,15320885
2024-08-12,790.2035442003192,792.5146675912324,781.1517715969126,782.4998779296875,16120449
2024-08-13,783.3665819906377,789.6258109801142,765.5999894887229,768.0073852539062,17585172
2024-08-14,771.2815013387534,779.1777715549281,770.7518860016988,773.2555541992188,11788665
2024-08-16,773.2555353649926,784.7147629479969,773.2555353649926,782.0184326171875,11427335
2024-08-19,784.8110381744631,794.8258283062914,782.4999146750221,783.5592041015625,10151482
2024-08-20,787.6517443817361,792.5146719871843,783.2221009869668,789.9146728515625,10347493
2024-08-21,789.9146891751129,790.588771746324,781.1517920723019,785.3406372070312,14607257
2024-08-22,788.662838830503,793.3813579571615,786.8331945713555,789.9146728515625,7832917
2024-08-23,791.0702271868793,791.5517063269808,784.3295192254573,785.1480102539062,5537747
2024-08-26,787.6998695275697,792.9480038850295,783.6554330147424,784.859130859375,8523795
2024-08-27,787.5073199593448,789.0962247326166,781.0073511539267,785.677734375,12833290
2024-08-28,784.5702603306938,786.9295198766698,776.625854503473,779.41845703125,10371300
2024-08-29,779.5628735084862,785.7739662465469,777.0592054590912,784.3295288085938,18247268
2024-08-30,786.8814263829273,790.2999167148297,784.1850960274376,785.3887939453125,8911426
2024-09-02,787.0257841074723,794.8257813768107,782.9332114506573,791.6961669921875,11813750
2024-09-03,791.6961816359209,795.3554113830713,786.159171468402,794.2479858398438,10548350
2024-09-04,785.2443376942574,788.325815931437,783.5110245528155,786.2554321289062,10789570
2024-09-05,788.0369123055189,791.6962009160937,784.2332739868236,788.422119140625,8395074
2024-09-06,781.4406841241514,782.7888492947188,748.2186217676717,753.514892578125,40220096
2024-09-09,755.9222919924988,759.0037704153561,742.4408753200211,755.2000732421875,21322103
2024-09-10,758.8111049121503,759.5814597612606,748.7000432350214,753.6593017578125,12824701
2024-09-11,751.1555836071334,758.811113576376,737.0482802754062,740.1296997070312,20060665
2024-09-12,746.2927156991332,760.6408185171384,744.1260594277486,758.5704345703125,17578964
2024-09-13,761.7000092457633,765.5518424151477,756.0185318111974,761.5555419921875,12950936
2024-09-16,761.5555716904744,765.5518722692779,755.344537482079,756.451904296875,9553736
2024-09-17,756.5000258703583,758.3296701716079,751.637098153009,753.9000854492188,10665630
2024-09-18,754.7667043250664,765.3111094724715,753.0333911386886,763.3851928710938,18324412
2024-09-19,765.5999675189145,771.6665929182252,755.0074264560737,760.6889038085938,10645478
2024-09-20,765.4073730812867,765.4073730812867,750.625986843672,752.7445068359375,21372244
2024-09-23,756.8852061006995,775.1814133728537,755.4407686844768,772.1480712890625,17309545
2024-09-24,769.6444158126969,774.4592072785255,766.9962805064912,768.6814575195312,15180653
2024-09-25,768.3444760133515,768.4407483367515,759.4852476109977,763.7222290039062,18465571
2024-09-26,766.5147888755175,773.2554968178902,762.277748944874,772.1480712890625,23198842
2024-09-27,772.1480434176262,778.0702601200948,768.8740206569526,772.91845703125,15193681
2024-09-30,772.1962595176911,772.8702832866289,757.3185425049131,758.71484375,15484573
2024-10-01,758.811137952777,770.7036494096986,758.811137952777,767.4296264648438,13280535
2024-10-03,760.6408027275493,774.2184915699847,755.2482008550121,764.6851806640625,15944135
2024-10-04,762.6629675013947,779.8517495092212,756.1629990283715,767.1407470703125,20097454
2024-10-07,770.3666227637009,774.2184558775194,737.0482898388944,742.1038208007812,24267990
2024-10-08,743.6445559601656,755.3445229531092,743.6445559601656,752.5037841796875,8560960
2024-10-09,757.5593104537433,774.5554892758929,753.0815308248506,767.8629760742188,18758697
2024-10-10,769.4036799200226,774.6518143977434,765.5518467289336,767.5740356445312,10241015
2024-10-11,767.6703835690523,772.9666543229133,763.6259468748779,770.1259155273438,14322720
2024-10-14,772.2925246699068,779.273972056262,771.136963002821,775.3258666992188,8967564
2024-10-15,775.6629124338771,777.5888290383062,771.9073515455158,774.8444213867188,6252104
2024-10-16,773.0628831824524,779.0332361787332,772.3406644838936,775.61474609375,6494240
2024-10-17,779.514689677183,789.1442720079697,776.1443358614076,781.0072631835938,18580553
2024-10-18,781.0554274190987,792.1294474976112,773.1592166434322,790.010986328125,11704698
2024-10-21,794.1517285715379,795.8369056109815,779.0332713770955,783.7999267578125,10359618
2024-10-22,783.8480454773676,786.5924530851014,758.329650876446,761.1222534179688,16645356
2024-10-23,760.7370259136948,763.2406938816622,750.9148399002006,756.8851928710938,13866198
2024-10-24,756.9333844585227,767.4777899396578,755.585278059477,765.1185302734375,5607500
2024-10-25,768.4407046924659,771.0888399529977,743.4037895019845,752.0222778320312,9717125
2024-10-28,754.7667145175037,774.1703480481368,754.5259749390806,762.7111206054688,13757251
2024-10-29,766.5148254883454,803.925732845734,761.2185547092174,801.8554077148438,28274791
2024-10-30,797.3294530672716,802.1442444505282,790.6368812896834,791.9850463867188,15977682
2024-10-31,789.625816992613,797.3294834998579,783.4147241162844,789.8184204101562,13402324
2024-11-01,791.9369337915391,795.0183533490626,788.566579722976,790.7813720703125,1637141
2024-11-04,792.2258449875555,806.4776167890851,777.2036594878515,799.1109619140625,14498161
2024-11-05,799.1109232553587,819.8627216790217,795.6442968785319,817.7442016601562,26254561
2024-11-06,817.7441759391488,829.492278606691,814.8553011245552,823.13671875,15002433
2024-11-07,829.1070762299017,830.4552413269911,815.3367846280997,827.7589111328125,15283847
2024-11-08,827.7588901564618,831.5144508501054,803.2997858129482,811.9182739257812,26139105
2024-11-11,814.662743202751,822.3664098051412,810.810909901556,816.2516479492188,12621337
2024-11-12,820.9218861125494,821.7885720240326,793.766452435842,796.0775756835938,11350729
2024-11-13,792.8517297121596,800.940603318519,774.8444556831504,778.6962890625,13756706
2024-11-14,778.6962686314655,787.6999054097373,771.3777501381329,774.459228515625,9461484
2024-11-18,780.9592121300385,786.4480864115857,769.6444516583641,784.136962890625,9322451
2024-11-19,788.6628877822667,789.9147218810267,770.462951477566,773.2555541992188,13677029
2024-11-21,768.9221597525542,768.9221597525542,733.3408407931131,751.8296508789062,29486577
2024-11-22,756.8851983330345,789.5776432728918,755.0074179563543,785.8220825195312,20665405
2024-11-25,796.3664717835007,818.1293046973657,795.0665016573014,813.1701049804688,23434605
2024-11-26,812.7367744440559,815.3367735105277,804.5997653621181,808.3071899414062,8893744
2024-11-27,807.4405312232043,811.292364407334,801.2775746188726,803.2034912109375,8375108
2024-11-28,803.2034750413964,814.4700986330259,799.7368487551913,807.7775268554688,13505677
2024-11-29,809.9442265086632,812.7849653323096,800.7479862272926,807.8739013671875,10822949
2024-12-02,807.873928059787,810.8109393035892,801.8554383084241,805.4183959960938,6651119
2024-12-03,806.9590409400479,824.8700414893754,805.8998103387524,822.3182373046875,12186182
2024-12-04,822.3182146362292,831.9959333561703,818.8033934913788,827.855224609375,10749716
2024-12-05,828.1441384564639,839.1700227524034,823.9070984244045,833.3922729492188,14716036
2024-12-06,833.199706421366,843.0218932764863,825.2553000902753,831.6589965820312,14520568
2024-12-09,827.1811795615839,834.7403787055949,825.2071268017763,826.266357421875,9630346
2024-12-10,829.8774588919769,836.7626343106416,826.2663652334417,835.3663330078125,7379849
2024-12-11,835.3662917047014,837.6292201091063,829.0589268478445,829.684814453125,7006973
2024-12-12,829.588577653526,832.2848491458258,819.6219827317773,822.0775146484375,8845103
2024-12-13,821.0182301359672,830.9367477307743,804.0701874198363,829.63671875,9379370
2024-12-16,827.9515344064523,834.3070944496669,826.025617806868,829.0589599609375,6432713
2024-12-17,826.7478560331779,830.6478254844673,815.6738353243519,819.044189453125,8791216
2024-12-18,819.4775061625006,820.4404644541135,805.9960900799213,807.103515625,8295338
2024-12-19,794.0553903446263,806.9590550690585,789.8184090909501,801.95166015625,9453398
2024-12-20,803.9738871433539,805.0331177359144,779.9962025910175,781.922119140625,10244198
2024-12-23,787.025851437494,793.4776841679945,782.114787338898,790.7332763671875,4933200
2024-12-24,793.7183788955526,795.5961593356999,779.2258682332135,781.9702758789062,10602771
2024-12-26,782.8850840507691,792.3701996282533,778.0702926359427,782.35546875,8318714
2024-12-27,786.0628842447148,787.9888009322062,767.6704033888981,770.0296630859375,10649800
2024-12-30,772.292577441985,778.0221912364731,755.9222859001974,759.1000366210938,21515438
2024-12-31,757.8000566357981,769.5962959772957,756.8852344830239,765.5037231445312,9086044
2025-01-01,766.0814709969738,769.0666770195652,760.2555849821816,763.8185424804688,7273098
2025-01-02,765.5518634653022,772.6777785343264,757.848196914708,771.522216796875,11398319
2025-01-03,771.5222327205842,779.5147751769242,762.8074715102198,764.0111694335938,13336514
2025-01-06,767.8629313364202,768.055475966793,744.5111937959167,747.6408081054688,11419367
2025-01-07,750.9629781385199,754.8148111917903,746.1481868219319,749.9037475585938,9669152
2025-01-08,751.9741707073787,754.911181809416,731.9445907621887,742.5853271484375,15641490
2025-01-09,742.5852812864381,742.7778259178452,699.3484321602015,732.2816162109375,15351029
2025-01-10,732.1853132713054,735.1223830791824,714.5631882955921,715.71875,11779296
2025-01-13,714.0335881192036,716.3928477377098,695.7373801970662,702.4780883789062,10414733
2025-01-14,705.800278346691,728.9594130704888,705.800278346691,720.437255859375,11960975
2025-01-15,725.252061939764,730.7890721249498,722.2187198068513,725.7816772460938,7792299
2025-01-16,732.2334984141427,747.929706597395,732.2334984141427,737.9149169921875,11816079
2025-01-17,737.9149066564445,739.5038113032925,731.2705298930534,735.79638671875,5766573
2025-01-20,740.5149313492541,755.9222641211501,739.4075057965499,750.38525390625,9198929
2025-01-21,755.7296474236301,755.8259785163474,728.044596835733,730.9334716796875,13751780
2025-01-22,733.7742364327505,734.7371947482791,710.6632368600655,725.5409545898438,9908339
2025-01-23,722.2187354602709,727.6594734437961,715.5742995843119,718.2706298828125,10986405
2025-01-24,722.1224594960153,725.7816893156935,711.6261904172143,716.58544921875,10579213
2025-01-27,712.5891362148737,727.3705224901476,708.6410307266503,721.4483642578125,11433353
2025-01-28,728.9594308479976,731.6075661648166,717.7891381122306,724.5298461914062,14140860
2025-01-29,725.1075785552505,732.6186413192878,722.0261003310969,730.355712890625,9251973
2025-01-30,730.4520203133268,736.6631132188579,726.7927904600431,734.3519897460938,11085824
2025-01-31,736.5668412651819,748.7482287285419,731.3668428360176,744.2705078125,10083763
2025-02-01,746.1000586507049,749.9037555863902,724.2890890176571,737.6260375976562,9363077
2025-02-03,734.5445718854385,734.5445718854385,725.2520596511663,732.7631225585938,7862190
2025-02-04,738.5889944967314,752.3111498703669,737.2890243394788,750.3370971679688,12020807
2025-02-05,751.107474382643,753.0333909836241,736.6630998752845,737.6741943359375,13419162
2025-02-06,740.5149273858113,742.2963767183029,722.2668559769037,724.3853759765625,32745391
2025-02-07,731.6557177630287,731.75204885935,704.6447487163948,709.8928833007812,37240692
2025-02-10,712.5891688607044,716.3447298819926,706.233667350861,709.5076904296875,12667049
2025-02-11,710.1335578124041,712.7335567858637,699.6372896053772,704.0187377929688,13017060
2025-02-12,705.992919921875,711.3373268740813,690.5855867123075,705.992919921875,12697743
2025-02-13,707.1965624268578,710.1817094926294,699.2521568630419,700.6965942382812,12370571
2025-02-14,703.8744122850989,705.7521928080495,689.6707767316124,695.400390625,10417539
2025-02-17,692.4151383583221,701.7558454140641,685.1929512700127,700.7447509765625,9093600
2025-02-18,700.7447443190354,701.2743596122846,690.7780909672726,698.9151000976562,8562003
2025-02-19,695.3040270429543,707.6298814976512,695.3040270429543,700.3595581054688,6766606
2025-02-20,698.0485270359545,704.4040285962709,696.5558945833883,702.6707153320312,7423268
2025-02-21,700.359526366243,704.5965661934869,693.3299428670359,695.255859375,6571602
2025-02-24,684.1818648659195,693.089229046088,684.1818648659195,689.8633422851562,6912148
2025-02-25,692.318880181649,692.318880181649,683.7003916586949,684.5670776367188,8599635
2025-02-27,689.4781266274379,691.1151674539011,675.1300247842662,677.8263549804688,12033139
2025-02-28,674.9374748612561,675.3707590632506,657.3152915031974,663.28564453125,15780609
2025-03-03,664.5857216898627,671.5671696530677,654.8116710316503,669.544921875,10598479
2025-03-04,667.3300691464701,691.8373684334783,666.4633832092842,689.5262451171875,14386214
2025-03-05,690.970715357852,704.2113919626877,690.4411000485206,703.2965698242188,10409805
2025-03-06,708.7372906926826,709.4595093992308,700.0706662141035,704.93359375,10928847
2025-03-07,704.9336444546556,707.6299160648454,701.0336749136387,705.6077270507812,7246729
2025-03-10,705.6076955415114,711.1447057760574,699.6854784765769,701.9003295898438,7400109
2025-03-11,698.0484671027334,706.8594999287487,695.9299471730827,702.8150634765625,5538789
2025-03-12,703.5373526546633,709.7003096539208,692.4151953776362,696.2670288085938,5547762
2025-03-13,699.0114385308547,704.3558452266985,697.663273429962,700.88916015625,5908337
2025-03-17,701.9003527020252,704.1632812757161,695.5447924372056,696.3633422851562,5149563
2025-03-18,696.3633422851562,696.3633422851562,696.3633422851562,696.3633422851562,0
2025-03-19,712.2039126231394,721.5446195922909,711.7224334883822,717.5001831054688,7604850
2025-03-20,720.292765833536,724.8186813309343,716.6335362646441,721.7853393554688,6963197
2025-03-21,722.1705565633118,727.611235450561,719.3298179504133,725.3001708984375,9577327
2025-03-24,729.9223707530908,753.9481914133478,727.1297682523594,751.8778076171875,12095064
2025-03-25,754.8630261504609,756.8852150473521,740.7075275492936,744.2222900390625,15190143
2025-03-26,743.4038006048552,747.3037699282959,733.2446023903115,735.7001342773438,7711852
2025-03-27,735.5075423870684,747.063042059369,732.3297917320479,743.6926879882812,15648616
2025-03-28,743.5001147786132,749.7593440220716,738.5890507280865,742.92236328125,7628185
2025-04-01,738.3964100364205,753.7556066211873,734.92978367858,743.1149291992188,7011125
2025-04-02,743.6926981564776,748.2186140115384,735.9890316029483,747.20751953125,5458436
2025-04-03,741.4778693122336,755.6333676630561,741.4297331535035,750.3370971679688,7956680
2025-04-04,750.2408294522949,753.9001182138272,736.6631401821917,739.0223999023438,8231194
2025-04-07,702.9595626780941,725.7816862623683,702.9595626780941,719.2335815429688,14923235
2025-04-08,731.8482821294997,745.3296978529378,730.0668328471972,740.1296997070312,12911288
2025-04-09,738.5889950046072,739.5038171183404,713.5520799197053,714.7076416015625,11319387
2025-04-11,730.8853451496299,731.5594277102952,718.3668873275676,725.9260864257812,9360327
2025-04-15,741.4778565892068,742.1519391227857,729.0556715859763,735.2186279296875,7859090
2025-04-16,735.2186797710156,746.0519609071307,732.3298048013849,743.1630859375,12536694
2025-04-17,743.4038315336337,771.329623132695,738.7335071379982,767.9111328125,27034818
2025-04-21,773.255458543513,793.8145932403959,771.7147488855273,786.447998046875,16398507
2025-04-22,790.7332527762891,804.5516812424216,783.8480772367818,791.9369506835938,25117557
2025-04-23,795.4035350043313,800.2183263784495,780.0924749249118,783.3184204101562,12104382
2025-04-24,782.6443782863423,788.6628678148439,781.1036684767707,783.2703247070312,12713521
2025-04-25,784.811056973124,788.6628903815811,757.8482231139246,769.0667114257812,13131038
2025-04-28,769.066700695532,792.3221093100369,767.8630027721836,787.073974609375,11317611
2025-04-29,789.6257719721119,798.2923962986351,779.0332311285836,782.4517211914062,11283059
2025-04-30,781.4407087956405,781.4407087956405,755.440833087098,759.4371337890625,25635764
2025-05-02,761.0740226752047,773.6406747464794,759.7740525588761,767.1888427734375,14720184
2025-05-05,753.0333941109573,769.4036852872824,753.0333941109573,760.737060546875,23986447
2025-05-06,764.5407210502615,769.5481157490566,742.5370895801225,745.4259643554688,18869468
2025-05-07,736.9519304230361,753.4185516163304,736.2297117419523,747.3518676757812,15586266
2025-05-08,750.1445368852355,757.3667243392013,735.7001619773041,740.5149536132812,14491673
2025-05-09,728.4779526212103,752.7445134918086,727.5149943229668,750.38525390625,13578216
2025-05-12,769.4036424963954,774.1221614356956,763.6258929907904,771.9555053710938,15096824
2025-05-13,769.018476685771,777.7332963407931,767.6703703271746,772.0518188476562,13909596
2025-05-14,775.9036380329437,777.5888150314639,766.8036704860727,771.0407104492188,9281719
2025-05-15,774.6518391145711,779.4666307570579,765.0703919911599,777.82958984375,17058854
2025-05-16,789.7644580739088,789.7644580739088,776.9946347468432,778.0751342773438,14733924
2025-05-19,778.0750903727592,787.2104729702169,778.0750903727592,780.9237670898438,10666184
2025-05-20,784.0180560729261,785.2459236919375,769.9220998339915,771.7393798828125,11324667
2025-05-21,773.0654298291093,776.9946060925355,765.3052827270537,773.1636352539062,8206040
2025-05-22,774.0477442991881,774.2442151084329,766.4840678018166,771.346435546875,7355826
2025-05-23,773.9495383488706,780.874699700136,772.2796264031289,776.5034790039062,5534158
2025-05-26,777.9769427872259,783.4286631605596,775.2265312430146,780.33447265625,4965466
2025-05-27,780.3344684569088,787.1613645883718,776.0614530866071,779.6468505859375,11995043
2025-05-28,780.4326591919574,784.7547771957036,778.6154390963333,782.4463500976562,6873519
2025-05-29,784.8529869834019,786.2282227070898,777.3384131262393,783.232177734375,14034127
2025-05-30,783.8706869171444,800.0785394661832,778.5662748283969,797.91748046875,22037314
2025-06-02,798.4577080916993,807.9859725290632,794.8723707211232,799.2435913085938,26891575
2025-06-03,801.7484370268255,803.9094959854718,790.8940994751483,795.4617309570312,14247597
2025-06-04,802.5342413659282,802.5342413659282,790.9922862422444,792.2201538085938,9607927
2025-06-05,794.3812098308251,797.3280919793597,788.6347536685006,791.72900390625,13595507
2025-06-06,792.3675287830383,801.9939985959651,788.88033690073,798.6541748046875,17163935
2025-06-09,802.9272300169949,809.9014942207324,801.2573180380161,805.5302734375,12793040
2025-06-10,806.4634476687678,807.4948444720902,800.1767415127031,802.5833740234375,6560513
2025-06-11,802.5342598525855,806.0704945433416,798.6541862626485,800.6187744140625,7197825
2025-06-12,801.5519752269744,802.0431222706184,787.0140347260071,791.679931640625,13448521
2025-06-13,772.3287088939938,782.2007522600275,772.3287088939938,778.3206787109375,11377117
2025-06-16,778.4680786132812,781.3167555010375,772.2305350251097,778.4680786132812,8085001
2025-06-17,779.9415184126576,784.7056208342702,776.5525917636725,778.2716064453125,7753156
2025-06-18,778.4680756237817,781.4149579289822,774.3915311197982,777.8787231445312,5710169
2025-06-19,778.320667516001,779.2047561439027,767.8592718430074,771.1990356445312,11824333
2025-06-20,773.5565989033221,785.2950253156704,772.181363190149,782.053466796875,11367669
2025-06-23,776.0123304607985,780.874698193188,774.5388893270122,776.2088012695312,5549253
2025-06-24,784.8529460243278,792.3675194893278,779.5976968381185,781.3167114257812,11402190
2025-06-25,785.3440886452789,789.567941046098,782.0042649119035,785.8843383789062,6528324
2025-06-26,787.7998677833231,789.1259408358321,777.3875743106198,782.9375,24704402
2025-06-27,790.7467068374075,795.1179273319369,788.4383398116579,791.1396484375,19375990
2025-06-30,794.6759369772839,806.4634663267615,792.7604514670988,805.824951171875,19652607
2025-07-01,805.4811416394373,810.2944065895595,798.8506566320394,805.7758178710938,11456405
2025-07-02,806.4634551919074,809.4594402026391,794.6759260051804,798.5068969726562,6661200
2025-07-03,799.0962152227779,800.0785092795976,791.5325389943724,792.8095092773438,7020403
2025-07-04,794.4303152499558,799.4399909377498,789.8626239223718,797.4754028320312,4319538
2025-07-07,796.8369801203829,798.2613185459272,790.8941128494637,792.56396484375,4461783
2025-07-08,793.5953947208753,799.1453201848503,791.0904969053553,798.2612915039062,5935770
2025-07-09,795.6581782931005,798.0648106998194,794.675884245825,796.5913696289062,4099112
2025-07-10,796.9351619351286,801.0608089938022,792.613104027281,793.693603515625,12178137
2025-07-11,793.2515938303184,798.1630643635436,790.3047115103832,794.3321533203125,6202372
2025-07-14,795.4617558456557,801.0608442463658,793.6936384439774,794.528564453125,6938635
2025-07-15,796.6405037947652,806.4634446553665,796.1493567517351,801.9940185546875,9297645
2025-07-16,801.5519699633943,819.4297342255312,800.8643521159136,816.9739990234375,16458920
2025-07-17,823.5553655077234,827.5827471798666,811.7186740978348,814.32177734375,23073718
2025-07-18,817.2686571434967,817.9071722636787,805.7267019494631,808.7717895507812,15387801
2025-07-21,808.4280466091758,812.7010019745913,803.4674733809013,809.6068115234375,8852594
2025-07-22,812.848378561757,813.3886283330482,799.5874080353719,800.5697021484375,7851163
2025-07-23,798.113968917551,810.5891161764496,797.1316748019602,806.1196899414062,15470390
2025-07-24,805.4811769361788,807.3966624575928,796.29675091266,801.25732421875,10118309
2025-07-25,800.569684169264,804.6953313423805,791.2378903047143,792.269287109375,6734439
2025-07-28,792.269295178368,794.6268250025805,781.906104403612,783.0357666015625,7734158
2025-07-29,782.1025562450097,785.8352617474154,779.057408633055,785.0494384765625,7833759
2025-07-30,784.8038487430033,789.1750692870572,782.1025400865564,787.4560546875,8743723
2025-07-31,781.0220116677076,789.5679822929258,778.5171737140591,782.4463500976562,11359112
2025-08-01,781.6114403088707,786.8175871342196,777.9769400877676,779.9415283203125,15468391
2025-08-04,780.4326243068729,783.0848302381428,772.62337460265,781.6113891601562,8820724
2025-08-05,783.8706809392065,789.8135481709712,782.2007690014489,786.4246215820312,7381537
2025-08-06,786.7684568691343,795.8546771264834,784.8529714185823,790.8941040039062,7409396
2025-08-07,786.915765008732,792.3675451267196,779.3521485418682,790.8941040039062,7091392
2025-08-08,790.7467609363763,793.4971724617818,776.0123492419096,790.0591430664062,15708181
2025-08-11,793.6936009259229,810.392599955305,793.6936009259229,808.8700561523438,15236297
2025-08-12,810.3435108131079,810.8837605645641,805.481143141057,806.0704956054688,7986728
2025-08-13,808.0842230461906,810.3434873670307,806.1196349490305,807.29833984375,4447508
2025-08-14,807.4457350525524,813.3394995419872,804.5970582342032,811.9151611328125,7087573
2025-08-18,821.1978592084581,823.1624473883827,810.5399923141568,812.9957275390625,6138124
2025-08-19,812.8483446933888,816.2863739458684,811.1784327798614,815.697021484375,5076681
2025-08-20,814.0271315534591,817.1704846600775,812.7501612160911,814.272705078125,4493888
2025-08-21,814.272717098252,818.4965697939625,809.4594519619582,811.0802612304688,4402511
2025-08-22,809.4103255407733,811.3749137095616,801.2572966311966,801.7975463867188,5097647
2025-08-25,802.9763126407477,805.9722976123364,799.7838568610522,801.9940185546875,5672898
2025-08-26,800.4223233479629,801.404617447895,792.4657651203016,793.5462646484375,6997817
2025-08-28,792.9568789424643,796.6404816628535,786.4737621363677,787.750732421875,7898436
2025-08-29,786.5228982350536,792.4166628378574,784.3618392231308,788.291015625,6861440
2025-09-01,788.8803576581267,793.9882989038185,788.4383732823478,791.7781372070312,5619805
2025-09-02,792.0237296591938,796.1493769160325,788.4383921269514,789.666259765625,5075460
2025-09-03,790.0590972888992,798.8997437933355,788.7821270069304,797.7701416015625,4261589
2025-09-04,800.2258915459101,802.2886851199853,793.6936119705517,795.06884765625,4471950
2025-09-05,797.1316242177459,798.1139182710025,789.4206398814698,792.318359375,5194842
2025-09-08,793.6936078879036,799.4400042107487,792.5148430140074,794.4794311523438,4614227
2025-09-09,797.6228148719179,797.966593827573,791.3361086054234,794.528564453125,4567272
2025-09-10,797.622777526262,809.9996587129843,796.0511310104619,803.7130126953125,7285853
2025-09-11,804.5970423736838,811.0802191569468,804.4988369492515,809.0665283203125,7425055
2025-09-12,809.5085114612542,811.1784233553801,805.2846589910332,808.96826171875,5078018
2025-09-15,808.9682688172991,813.1430186120108,806.561636356512,810.1470336914062,3852494
2025-09-16,810.4908511172532,818.2509986153229,807.1019843806856,816.82666015625,9467531
2025-09-17,819.5279331306582,842.9556827448961,816.2863746805828,841.973388671875,17243938
2025-09-18,843.4468127830675,845.5587090248177,836.0304447176452,839.222900390625,10400847
2025-09-19,836.9145788068039,849.1441524246292,834.262372728141,847.081298828125,15206426
2025-09-22,846.7374795324375,852.8277146939828,838.8791270541783,840.1069946289062,6594034
2025-09-23,839.4684757773939,858.7705779481222,836.1287119616596,855.1851806640625,14357863
2025-09-24,860.4896293435494,864.9099527819579,849.1441445091953,850.8631591796875,12840160
2025-09-25,851.2069400560208,854.7432347874252,844.7238229801568,845.902587890625,8678821
2025-09-26,846.7374895737396,849.0458566598143,837.8968429308584,841.7769165039062,6959545
2025-09-29,842.8574336077328,858.0338893192718,840.8437427101278,855.3325805664062,22641712
2025-09-30,854.5467671830805,862.0612811008727,852.2383400675699,857.0025024414062,12831593
2025-10-01,856.8551164386336,860.9316608640574,847.5233226519999,848.80029296875,10832384
2025-10-03,849.8317681995126,857.5427529354124,848.5056351862063,851.9436645507812,8019442
2025-10-06,852.6312903204407,859.8020253564342,847.5233489405293,858.5741577148438,7820352
2025-10-07,858.67240059065,861.4719147583033,847.7197975329713,849.3897094726562,9242580
2025-10-08,851.4524964349083,852.434790514772,842.0715999631051,843.0538940429688,7156112
2025-10-09,846.3445463246103,850.4701934075276,842.906517081258,846.835693359375,7020501
2025-10-10,846.8357087276893,868.1023997007326,846.0498854486992,865.0573120117188,13713015
2025-10-13,863.4365156616575,872.3753680081057,860.4896333556451,867.3165893554688,11923143
2025-10-14,867.3656576175208,868.4953197717444,856.6586283491738,861.4227905273438,7681973
2025-10-15,862.552413904726,871.7860023052981,861.5210171041608,870.4107666015625,8269225
2025-10-16,872.5718005367993,876.0589324550273,866.8254042739779,871.2457275390625,8493686
2025-10-17,871.7859901135612,878.9076221454748,867.3656667834078,873.4067993164062,8511854
2025-10-20,878.7602670499772,897.4730173879747,875.273135028841,891.431884765625,13546463
2025-10-21,891.9230028558147,893.8875909678319,890.3513563479894,891.775634765625,1783576
2025-10-23,895.8522005767054,901.7459650541836,888.7796712128369,895.41015625,13382769
2025-10-24,894.8207940870866,897.9149844315482,884.9978533977383,888.4849853515625,5313227
2025-10-27,890.8916307113675,911.5689091709564,889.9584393414725,906.411865234375,9150761
2025-10-28,910.6848024520076,919.2798755091706,901.4512742261386,913.779052734375,22066289
2025-10-29,917.3644435934704,925.3701041834124,913.7790463044942,923.11083984375,12314222
2025-10-30,922.8161933430812,928.1697081157838,916.5294871954992,917.8064575195312,13044473
2025-10-31,918.3467523280528,929.9378103922294,913.779060909308,920.4095458984376,12078252
2025-11-03,922.1285723673408,936.5192046955284,920.9007047609928,932.8847045898438,11744735
2025-11-04,934.1616585246088,942.314687296863,924.8298648800412,940.644775390625,19154518
2025-11-06,952.4814547462262,954.2004693430785,938.3854990793552,943.739013671875,23088096
2025-11-07,941.7744580906816,947.7664280534588,927.285620273902,938.92578125,13371323
2025-11-10,939.0731232147144,946.1456524515772,932.2952702055394,934.3090209960938,7343249
2025-11-11,936.7156357136288,938.041768729716,928.3170330963064,936.4209594726562,8648917
2025-11-12,940.7430695871906,944.5248778824666,934.5546287610688,940.2028198242188,7043323
2025-11-13,937.3541550706268,946.8824199346524,935.586037662384,937.1085815429688,8894441
2025-11-14,936.0771717973782,951.8920827784772,935.1439804142634,950.7133178710938,11032927
2025-11-17,953.8075386869532,958.7190090200476,951.3518035204058,956.1159057617188,7415026
2025-11-18,958.3260628811324,959.406622321988,951.6955779628004,955.2318725585938,6594686
2025-11-19,955.231870479262,967.0193991973044,951.6464731790688,965.3494873046876,8291226
2025-11-20,968.5419358569656,969.131288306733,962.009656425432,964.1707153320312,6440857
2025-11-21,962.3535354628224,963.2375641743528,953.8566675716402,955.3792114257812,5377241
2025-11-24,958.2769795122268,960.3889357698928,950.9097738987026,953.4146118164062,9901946
2025-11-25,958.276992765206,971.4397576251991,954.1513455736804,966.1844482421876,9140201
2025-11-26,969.1313331127608,981.311803909848,964.760172340205,966.4791870117188,13943490
2025-11-27,969.2295646138848,971.0467846498852,951.7447422714566,955.624755859375,11909168
2025-11-28,959.5048346119848,965.5950698307024,955.8212318532206,961.6658935546876,8117842
2025-12-01,968.0017293926574,973.6499204475664,952.6779055144808,955.870361328125,8808306
2025-12-02,958.7190050026364,963.0902255716678,947.8155648906452,950.1730346679688,13444314
2025-12-03,953.2672831530164,955.3300766986022,930.7727251822406,934.2107543945312,14051968
2025-12-04,934.210767792634,935.6842089047472,927.7276508811244,931.31298828125,13622724
2025-12-05,932.049720989894,956.0668234213828,929.9378246743456,954.2987060546876,17347847
2025-12-08,953.6601656790197,955.280974862374,934.8492703729216,939.466064453125,15386438
2025-12-09,937.8944043562336,946.9315221602762,933.6214489589804,942.3638305664062,9580294
2025-12-10,943.1005538600858,946.8824221676224,938.3364513940754,942.7567749023438,6989178
2025-12-11,945.0651010209992,949.3872189119578,941.479763637212,946.1947631835938,5979035
2025-12-12,948.8960717352388,949.878365805358,941.0377191742843,946.0965576171876,5681930
2025-12-15,940.3010214625418,951.6956089709226,940.3010214625418,950.1239624023438,4416952
2025-12-16,948.945162920244,951.8429423827886,941.0868104547512,944.1319580078124,4764786
2025-12-17,948.4540382267456,961.1747585707222,947.2261706250966,958.5716552734376,8013382
2025-12-18,960.5854160531444,964.072548087051,956.263298068784,960.2415771484376,4926879
2025-12-19,962.5990921488028,964.6127830145068,959.7504153454842,962.94287109375,5376584
2025-12-22,963.7287212154426,965.595103994373,955.3301186192044,957.0491333007812,5959037
2025-12-23,959.0137084154704,960.2415760284048,953.5128854913132,954.691650390625,5123287
2025-12-24,955.9686342202896,959.9960160658125,950.3695458353262,951.7938842773438,4105643
2025-12-26,951.7938380949544,953.8075289200088,947.6681910665072,949.1907348632812,3286321
2025-12-29,949.7801706470484,951.7447588085236,944.4266559161334,947.962890625,5267233
2025-12-30,945.9491873630988,958.915481049936,942.5111581255384,956.2141723632812,15030644
