Date,Open,High,Low,Close,Volume
2018-01-01,4067.9246326535344,4084.5658583639624,4011.9952662524342,4024.287353515625,166780
2018-01-02,4051.661704201885,4066.790429351764,4012.705052264127,4020.7421875,141217
2018-01-03,4024.2407302102497,4079.082356702776,4014.217857857691,4067.688720703125,166916
2018-01-04,4067.8301295513743,4113.121652652529,4061.11666623968,4108.86669921875,149645
2018-01-05,4122.3876201990915,4171.745262423136,4113.168554852621,4156.42724609375,165179
2018-01-08,4160.399663952853,4191.980787245352,4133.168141738357,4184.32177734375,176265
2018-01-09,4191.507962446236,4234.152150810004,4146.499910666429,4185.78759765625,137512
2018-01-10,4186.875123007348,4186.875123007348,4138.274180720073,4163.42578125,108721
2018-01-11,4179.16872909833,4193.493648886326,4143.001619274226,4166.16748046875,111608
2018-01-12,4172.502394130912,4194.628524983867,4114.635294917222,4165.60009765625,77493
2018-01-15,4177.229697209496,4317.217951048757,4163.613937698754,4274.00634765625,318055
2018-01-16,4281.429713596319,4340.99907577754,4265.355441261704,4297.5986328125,315736
2018-01-17,4294.666956567709,4349.413939699413,4253.961414146287,4296.79443359375,325182
2018-01-18,4306.485997043941,4309.559019217702,4132.032892102761,4168.578125,626579
2018-01-19,4130.1418059593025,4143.757565728453,4038.4239132903344,4065.8447265625,311100
2018-01-22,4089.4832112442264,4107.684957328955,4028.542635130497,4094.2109375,179728
2018-01-23,4108.11069286342,4167.065070715692,4066.79018015297,4136.47705078125,250337
2018-01-24,4127.1161772482255,4131.040559821727,4042.301035993516,4049.770751953125,244058
2018-01-25,4051.6624307411057,4151.843160234066,4048.8257942668406,4122.53125,279951
2018-01-29,4132.032984532961,4172.786079533468,4095.440196537739,4151.60595703125,263874
2018-01-30,4145.176026689764,4145.790538807972,4071.518138765783,4125.603515625,201842
2018-01-31,4125.602841853878,4165.977343318126,4094.210557750456,4143.37890625,189153
2018-02-01,4143.379353969283,4184.037800391164,4110.899781756655,4152.31494140625,268309
2018-02-02,4130.142006660659,4130.142006660659,3904.156672505004,3951.859619140625,240012
2018-02-05,3898.341479880805,3952.190006974523,3831.396827374237,3920.60888671875,178020
2018-02-06,3763.2703027185144,3890.6825321886954,3733.580272568139,3869.785888671875,298939
2018-02-07,3931.482773650159,3940.891134213023,3830.404071795784,3859.29052734375,262748
2018-02-08,3862.552685043009,3954.175935466083,3831.302365620273,3940.08740234375,188256
2018-02-09,3838.914104678156,3940.938355170968,3833.2881560387823,3927.13330078125,181041
2018-02-12,3942.924134995944,3992.5181736009577,3935.8796374160665,3971.573974609375,218964
2018-02-14,3971.290126650252,3977.4832634804793,3928.740589578999,3948.124267578125,152754
2018-02-15,3962.212957806536,3998.805745824469,3933.515565431878,3959.802001953125,122433
2018-02-16,3976.017888859134,4027.92823221594,3918.481366428676,3939.47265625,114025
2018-02-19,3917.4412810025256,3985.473450196939,3855.319231641015,3892.431884765625,131776
2018-02-20,3876.735768104266,3957.107119394233,3861.890752917559,3915.125,123931
2018-02-21,3938.2911959411954,3945.713819590573,3895.69409910954,3906.56787109375,170432
2018-02-22,3906.567529920588,3906.567529920588,3850.449554436755,3876.64111328125,196243
2018-02-23,3895.4571931992,3909.1205069381754,3842.2705029554686,3892.242431640625,136480
2018-02-26,3895.646806420201,3923.06762131976,3895.646806420201,3915.31396484375,129762
2018-02-27,3922.121736261251,3957.296204590162,3914.3680804568294,3948.691650390625,179366
2018-02-28,3900.3745695549906,3965.570106127772,3900.3745695549906,3929.308349609375,160018
2018-03-01,3929.3554246827152,3952.379546195737,3906.3313031696935,3927.13330078125,198915
2018-03-05,3892.0536048572976,3909.262251666796,3853.5224044586994,3872.385986328125,124424
2018-03-06,3883.35446081526,3947.3205066005826,3879.288800792412,3924.29638671875,235296
2018-03-07,3933.4683167096887,3943.396542028307,3870.11678372422,3889.453369140625,188355
2018-03-08,3881.6998556009416,3908.506157282578,3842.837851304626,3895.552001953125,154031
2018-03-09,3890.918930605624,3909.4041566440774,3831.302252948039,3857.68310546875,135949
2018-03-12,3857.6826027845286,3957.910392067784,3853.001969457244,3948.5966796875,102681
2018-03-13,3917.3941054968527,3979.894741010094,3916.259266481011,3942.923828125,138444
2018-03-14,3926.9440980476097,4012.894069545609,3919.0487028155426,3999.892822265625,237294
2018-03-15,3999.656811490962,3999.656811490962,3929.686455923508,3961.267578125,188385
2018-03-16,3915.502820475117,3939.897702875893,3785.3012877070023,3807.048828125,527458
2018-03-19,3837.968547564832,3844.1145922948567,3744.359558599836,3756.084228515625,193770
2018-03-20,3752.869364612373,3781.141077263106,3697.271253782243,3722.4228515625,155144
2018-03-21,3744.359474242987,3833.240734490169,3742.8938328250247,3781.4248046875,205143
2018-03-22,3781.2355940451616,3793.527682747984,3699.5405737740407,3711.406982421875,180643
2018-03-23,3641.295239202666,3686.634093765675,3605.4591618278178,3662.806396484375,249194
2018-03-26,3652.641609041238,3753.8149593304984,3617.8454947351656,3734.904052734375,156418
2018-03-27,3734.4315580007938,3772.7734701471977,3709.374604896091,3761.947021484375,106468
2018-03-28,3758.4480391081374,3758.4480391081374,3709.3743288296087,3734.904052734375,464340
2018-04-02,3898.4833493455058,3898.4833493455058,3709.4216090238942,3761.85205078125,303869
2018-04-03,3750.9779911351343,3774.2384965267074,3701.336865716784,3736.038330078125,240321
2018-04-04,3736.7950757982,3758.495294555505,3661.718870308072,3669.945068359375,177225
2018-04-05,3720.7205314960847,3763.128327986355,3701.809626634605,3750.599853515625,124669
2018-04-06,3734.903192477885,3771.921191275067,3706.5841625420894,3734.430419921875,214201
2018-04-09,3740.671753638054,3758.4951435588214,3688.997565867275,3704.83544921875,107499
2018-04-10,3729.986949147336,3732.8709083296394,3695.238161202587,3717.12744140625,115836
2018-04-11,3707.482934198823,3722.564334803524,3678.171031378072,3710.93408203125,139653
2018-04-12,3673.4907609950137,3687.626616857095,3654.532531834019,3661.43505859375,218223
2018-04-13,3673.2544327417622,3693.0162372009663,3652.1687263530953,3667.722900390625,304761
2018-04-16,3654.6740708457655,3710.366823666279,3654.6740708457655,3703.70068359375,180569
2018-04-17,3706.5377496968536,3730.176383304614,3690.038029607843,3703.9375,103447
2018-04-18,3719.775095021203,3790.40728057495,3708.854000975159,3774.94775390625,159338
2018-04-19,3796.5536821743913,3936.778105189921,3789.320352510955,3879.998291015625,449754
2018-04-20,3881.4637612481833,3909.357349788213,3837.070452096903,3858.676025390625,192832
2018-04-23,3850.3552580361047,3935.974203600171,3850.3552580361047,3918.056396484375,111251
2018-04-24,3941.032833646902,3946.42262656551,3872.953571645324,3894.9375,378441
2018-04-25,3908.884129323447,3936.0685557187176,3856.879139697712,3909.640380859375,482116
2018-04-26,3947.6515861375738,3947.6515861375738,3807.474496881312,3857.3046875,512593
2018-04-27,3855.461150128978,3898.341723928665,3816.221018251515,3841.13623046875,127581
2018-04-30,3876.688499233981,3903.163766690316,3855.980919394454,3885.103759765625,177986
2018-05-02,3888.83879296812,3895.5998116823503,3775.5626429041727,3797.782958984375,217139
2018-05-03,3809.4131134347786,3810.31133533892,3764.688772666272,3777.78466796875,146828
2018-05-04,3781.140939076311,3814.6133805952695,3744.359319913546,3768.8017578125,212463
2018-05-07,3786.909298493063,3829.458841172761,3753.815209742188,3813.7626953125,133722
2018-05-08,3825.865858125456,3854.752317071149,3813.384704666202,3842.791259765625,202627
2018-05-09,3852.9080313665727,3857.8248207532306,3739.6316583527023,3750.26904296875,230272
2018-05-10,3750.9778171543016,3798.0660143933983,3715.992644672651,3780.809814453125,263132
2018-05-11,3792.5821868729863,3862.5525388621663,3752.4438351781273,3849.88232421875,97087
2018-05-14,3862.55276512209,3928.740939799825,3834.8955635603224,3883.40185546875,346826
2018-05-15,3886.191119110307,3914.084705001731,3855.129864177551,3885.529052734375,211226
2018-05-16,3867.2801832019745,3867.2801832019745,3753.956489407149,3773.434814453125,218521
2018-05-17,3780.290172399254,3800.903106451977,3725.448544085308,3742.279296875,241558
2018-05-18,3716.9858529654216,3726.441305851537,3641.720355653539,3648.717529296875,382059
2018-05-21,3687.5792703492225,3800.146482156836,3606.498762550032,3642.476806640625,516801
2018-05-22,3630.8937300023345,3669.708408363357,3517.428300939762,3551.04248046875,976312
2018-05-23,3545.794953543156,3545.794953543156,3489.109557721718,3499.274169921875,333394
2018-05-24,3498.5178853833677,3521.163650931709,3433.9844135786607,3459.18310546875,398238
2018-05-25,3492.749806077498,3498.517724935397,3462.5870023549796,3481.6396484375,271222
2018-05-28,3490.0077476671227,3541.0198710960326,3484.334475793375,3527.167724609375,369098
2018-05-29,3545.795066152612,3569.4336999269626,3499.4633439548843,3513.69384765625,347743
2018-05-30,3489.061939854455,3529.4366754824864,3489.061939854455,3504.80517578125,201412
2018-05-31,3504.237875032804,3559.9303956165363,3485.9414828634494,3540.97216796875,733987
2018-06-01,3545.7001653823263,3545.7001653823263,3460.695736755082,3487.312744140625,232438
2018-06-04,3501.1651380882845,3523.007095730434,3428.5472138107884,3509.060302734375,200526
2018-06-05,3507.9729067889266,3507.9729067889266,3438.0498811368234,3476.628173828125,204863
2018-06-06,3465.423469229372,3520.643221530255,3433.605962730243,3495.06640625,200850
2018-06-07,3522.0616867396784,3531.375400524012,3500.7869169393466,3520.406982421875,149988
2018-06-08,3511.755488605237,3525.985992529832,3465.0456398728124,3512.8427734375,281709
2018-06-11,3524.9927286664415,3621.438345169654,3512.653316856387,3583.711181640625,283522
2018-06-12,3607.1605572965864,3607.1605572965864,3550.8535211587587,3561.112548828125,262627
2018-06-13,3570.3788985831675,3626.1660688735296,3542.863439203246,3593.639404296875,239285
2018-06-14,3583.616436866414,3583.616436866414,3541.0669013363377,3561.868896484375,235397
2018-06-15,3559.978156534377,3585.5078803660977,3471.9007016533515,3490.622314453125,588115
2018-06-18,3485.800060277398,3506.081960725661,3442.730425836605,3469.678466796875,238900
2018-06-19,3453.1315465559037,3460.6959091989615,3415.6878591343566,3449.349365234375,249879
2018-06-20,3454.077147325509,3463.532600781095,3427.6018776498686,3452.51708984375,222658
2018-06-21,3472.987809438413,3472.987809438413,3403.963004077943,3419.942626953125,321887
2018-06-22,3426.656238163181,3455.6844333051267,3368.9779736687124,3442.77783203125,330296
2018-06-25,3454.076810922196,3564.7056055780668,3433.8422348363633,3547.685791015625,498922
2018-06-26,3547.686132347472,3653.539887488579,3545.7950416585873,3630.98876953125,582262
2018-06-27,3640.349329160827,3647.346271896653,3545.794801130676,3567.68408203125,394258
2018-06-28,3567.6841666822447,3578.841647423741,3484.9018601044713,3518.752197265625,545895
2018-06-29,3544.849377718259,3621.816673842444,3512.748160517622,3610.659423828125,320835
2018-07-02,3591.1811404746736,3618.4128919744926,3530.760886610785,3571.6083984375,224587
2018-07-03,3578.888900571937,3578.888900571937,3527.2149431306193,3545.653076171875,244401
2018-07-04,3553.358997409719,3597.799623508244,3531.611456978526,3584.23095703125,190572
2018-07-05,3590.235879383832,3747.3381550621702,3586.7847310164952,3721.903076171875,499755
2018-07-06,3697.318450439457,3780.2900491930054,3678.171158419408,3739.01708984375,327395
2018-07-09,3744.359356967686,3795.986222258224,3678.643959162319,3686.91748046875,282644
2018-07-10,3707.064924524369,3767.743225079243,3698.6741606880264,3754.2802734375,186488
2018-07-11,3741.006965856152,3756.366114680359,3717.731102269146,3746.695556640625,236871
2018-07-12,3755.4175075975586,3839.798259472383,3734.6067954234177,3742.0966796875,558480
2018-07-13,3775.043221738202,3815.3848535495017,3744.988549796989,3758.02490234375,237239
2018-07-16,3758.26198664758,3771.108766018913,3635.19877035703,3663.4521484375,284241
2018-07-17,3674.829272481361,3721.760141673267,3640.982207055003,3693.03271484375,175938
2018-07-18,3703.272179290614,3771.156114181777,3612.2547370960674,3649.5625,798285
2018-07-19,3641.64613461258,3676.9153505440654,3586.656424691328,3657.052734375,342317
2018-07-20,3631.216543852271,3683.361951139967,3631.216543852271,3670.752197265625,196849
2018-07-23,3683.3621129835337,3834.014849161076,3677.720974059316,3801.54248046875,257170
2018-07-24,3839.7980280367497,4010.455718171717,3839.7980280367497,3922.0927734375,548782
2018-07-25,3920.3862474985976,3920.3862474985976,3777.5078881097393,3834.915283203125,247468
2018-07-26,3835.057902959931,3956.3672744601713,3830.269959902173,3927.78173828125,839947
2018-07-27,3958.310821657094,3972.4850779184967,3887.393246482874,3910.573974609375,190337
2018-07-30,3916.1205260448305,4029.4182872994866,3910.9059847318545,4023.113525390625,329539
2018-07-31,4016.4284531883454,4022.7808966734046,3954.944651691649,3976.13427734375,251535
2018-08-01,3987.227593565943,4010.408783297979,3937.784357416432,3975.423583984375,159147
2018-08-02,3969.687484593492,4004.7671208318393,3936.504044908569,3966.369140625,135635
2018-08-03,3982.012938354778,4001.7331982073674,3936.5042190592944,3951.436767578125,205260
2018-08-06,3958.310353718163,3991.4937938092135,3922.329838501134,3960.96484375,184759
2018-08-07,3953.569842195103,4047.431572261605,3948.876570516332,3988.365234375,461061
2018-08-08,3993.390412034538,4038.899134678805,3973.717370474776,4023.824462890625,297215
2018-08-09,4021.8335136202927,4095.737970928416,3996.7089053904633,4087.0625,336669
2018-08-10,4091.0439152974313,4108.299488481772,4010.455564706405,4025.81494140625,287805
2018-08-13,4006.663747557837,4006.663747557837,3958.310730254134,3976.514404296875,155075
2018-08-14,3976.3247351343175,4114.699883374369,3976.3247351343175,4075.969970703125,455836
2018-08-16,4062.6012854770192,4062.648505217383,3982.0601483292744,3994.812255859375,430146
2018-08-17,4038.8990675067,4084.929058323596,3986.232388081225,4063.265380859375,262047
2018-08-20,4069.143516686689,4114.55733842227,4051.2245491343274,4077.487060546875,135703
2018-08-21,4081.563734607221,4164.996396313478,4081.1845878235663,4124.41796875,271157
2018-08-23,4147.929843624202,4156.367825461226,4080.6148678762434,4121.6201171875,189320
2018-08-24,4106.21390672742,4170.6845937875605,4057.860891432316,4091.992431640625,241765
2018-08-27,4105.265529473721,4152.670443208983,4096.400718017504,4143.94775390625,200121
2018-08-28,4153.618476730974,4228.518239265041,4124.2274306733025,4197.84716796875,301809
2018-08-29,4204.768688826061,4204.768688826061,4148.404060411789,4173.4814453125,177155
2018-08-30,4174.4771880409035,4214.297320200277,4158.359515500205,4196.66259765625,332154
2018-08-31,4196.283002161072,4260.421758442801,4169.783469965652,4243.2138671875,299423
2018-09-03,4237.999941945042,4237.999941945042,4128.399671887765,4146.5556640625,150383
2018-09-04,4146.5083680702655,4146.5083680702655,3959.258933362622,3983.103515625,325798
2018-09-05,3980.117123751285,4029.4182410535873,3892.8920700625954,3943.568115234375,384529
2018-09-06,3990.5460378350936,4050.181332698022,3915.693486376171,3937.642333984375,373709
2018-09-07,3967.1284796735895,4065.162237674934,3934.60888538673,4046.67431640625,196079
2018-09-10,4038.8988523894823,4038.8988523894823,3923.23085708631,3939.0166015625,337900
2018-09-11,3939.1119277991384,3970.588980656886,3876.8693588404494,3894.4091796875,318329
2018-09-12,3923.230878527176,3923.515122849923,3845.48681568541,3883.74267578125,233072
2018-09-14,3926.928527055859,3981.4441830662663,3882.88940427697,3971.678955078125,635121
2018-09-17,3940.2966465364934,3958.2632950064294,3878.338328286793,3890.521484375,210529
2018-09-18,3889.099516373108,3899.4336960253736,3818.3240655924214,3849.23193359375,268420
2018-09-19,3875.826274960798,3875.826274960798,3835.769117397908,3840.462158203125,322516
2018-09-21,3853.4982222566778,3886.918919955476,3707.5385302234968,3858.14404296875,551314
2018-09-24,3849.2792074780778,3849.2792074780778,3722.992556620198,3768.595947265625,421511
2018-09-25,3763.950673739535,3838.850447851733,3744.988705609865,3819.60400390625,248960
2018-09-26,3830.506674972401,3889.4311227314424,3815.906053855976,3856.437255859375,283138
2018-09-27,3877.579971217173,3995.0020396642226,3813.2514082051016,3906.544189453125,525917
2018-09-28,3935.5563365345615,3935.840580870291,3805.7143109690182,3849.23193359375,318703
2018-10-01,3839.798516134057,3839.798516134057,3653.9712299211496,3735.697265625,427828
2018-10-03,3749.728958879985,3765.420032802032,3615.146444942998,3659.944091796875,500577
2018-10-04,3634.487624243657,3755.607190146739,3581.82071387217,3738.968017578125,535184
2018-10-05,3721.1438408457857,3721.1438408457857,3572.908573655169,3596.8955078125,380282
2018-10-08,3574.3308693027625,3589.9744924707984,3509.433581908625,3563.806884765625,427278
2018-10-09,3582.8637127243355,3665.3008190691,3549.680270029085,3585.7080078125,215436
2018-10-10,3585.7081651016165,3630.268790104202,3531.666556055928,3581.915771484375,273039
2018-10-11,3522.185187820336,3545.792742924866,3442.734503911576,3497.297607421875,241641
2018-10-12,3534.5105825473433,3616.995137451211,3512.8464430681975,3598.17529296875,289631
2018-10-15,3621.735599988571,3621.735599988571,3472.030967121273,3515.927734375,234650
2018-10-16,3549.6803014027855,3616.0471873798674,3514.2687346544253,3557.9287109375,308164
2018-10-17,3589.026412336794,3593.766904229987,3522.1854766427655,3529.770263671875,166654
2018-10-19,3422.634761955457,3460.55869283585,3342.046408834622,3422.255615234375,758353
2018-10-22,3411.2579654734086,3411.2579654734086,3267.241914382594,3283.501708984375,709687
2018-10-23,3274.5423087739796,3281.2736685499744,3091.2273900670343,3170.109130859375,809289
2018-10-24,3200.875189580519,3257.8083149036725,3157.4996865778176,3207.9384765625,354011
2018-10-25,3168.5444925959205,3213.3421369032685,3107.3921527477946,3173.759033203125,519442
2018-10-26,3177.2675530721294,3222.9658531286527,3121.140169823607,3210.925048828125,270475
2018-10-29,3228.2272122126665,3275.964053494439,3188.454535413869,3263.06982421875,278127
2018-10-30,3261.4584252888712,3319.2449752221437,3244.914154861432,3283.880859375,159145
2018-10-31,3289.901390737893,3337.2114074867077,3198.8839459220894,3317.775390625,371435
2018-11-01,3339.2023222321473,3428.2761141477413,3289.901209013501,3414.71826171875,227757
2018-11-02,3403.6732274496303,3666.296482046718,3403.6732274496303,3537.16552734375,444425
2018-11-05,3524.033975869763,3598.4122421813254,3468.0015044902852,3578.64453125,229476
2018-11-06,3578.6446299598883,3609.9318751310952,3518.914434633039,3550.059326171875,277572
2018-11-07,3574.3309671843667,3608.462509576578,3555.4639016164065,3586.277099609375,52687
2018-11-09,3601.6361892474597,3629.4627379502786,3573.71473811846,3619.697509765625,200993
2018-11-12,3623.53722305313,3687.9606952318713,3519.625776128135,3533.420654296875,287420
2018-11-13,3536.406892340095,3649.4676220750966,3531.1449001340347,3631.121826171875,213510
2018-11-14,3638.801556596303,3771.81980465944,3631.548696628547,3713.748779296875,449597
2018-11-15,3723.940680966531,3729.629270968068,3631.264068858162,3709.861328125,233272
2018-11-16,3746.8844991278497,3773.4312516520345,3708.059919855091,3756.74462890625,220575
2018-11-19,3764.32955942824,3836.9539849155312,3747.311240506084,3822.68505859375,448367
2018-11-20,3823.680434717608,3836.4797617368713,3754.469258983815,3770.0654296875,183485
2018-11-21,3774.094827024758,3843.5904781655704,3732.710429140867,3833.919921875,310675
2018-11-22,3839.798365202099,3839.798365202099,3734.559447044708,3745.36767578125,235065
2018-11-26,3786.704859063256,3792.393449237112,3737.261622056558,3754.327392578125,274495
2018-11-27,3775.3277703407857,3819.888394450784,3745.2256466069025,3797.134033203125,290501
2018-11-28,3797.323638658316,3830.317509039953,3775.517375611802,3796.091064453125,293918
2018-11-29,3830.222510682895,3847.478086184734,3803.770658759315,3821.215576171875,495678
2018-11-30,3820.836401330537,3869.1894178238017,3779.025170951571,3792.0615234375,637323
2018-12-03,3830.31716925732,3887.203067810646,3806.51980910812,3836.953857421875,356511
2018-12-04,3855.9158590226184,3892.180619683453,3812.587812187066,3821.452392578125,228182
2018-12-05,3811.639845155036,3820.267401263775,3748.923000382173,3763.0498046875,175670
2018-12-06,3740.2953927726544,3750.534901111859,3625.480591509857,3663.926025390625,271400
2018-12-07,3702.3240241204103,3752.5732362275503,3678.6690167902534,3728.396728515625,188598
2018-12-10,3678.7166500546623,3678.7166500546623,3566.556564393682,3580.541015625,291666
2018-12-11,3554.420874643645,3693.7913383866744,3531.713964429719,3673.028076171875,324889
2018-12-12,3685.163525373528,3744.9886261408783,3672.7910266069334,3728.302001953125,183942
2018-12-13,3789.549318989184,3789.549318989184,3721.2862339335866,3744.135498046875,213593
2018-12-14,3829.369535836866,3833.92045456748,3768.691236680253,3797.181640625,312029
2018-12-17,3807.468248019033,3812.8251428269336,3759.210132350365,3801.2109375,130496
2018-12-18,3791.445597477113,3808.6062715388025,3771.535530573633,3800.12060546875,196490
2018-12-19,3801.8743972394545,3957.12550261301,3797.228807895396,3872.55517578125,990102
2018-12-20,3863.501176849208,3919.4389852992945,3795.5225643994977,3830.649658203125,541116
2018-12-21,3820.8363490661254,3868.2412665483353,3750.203022017633,3777.50830078125,390384
2018-12-24,3744.9886304752376,3802.7277296839457,3702.324203039444,3713.843505859375,322548
2018-12-26,3689.1454768753615,3799.9780782361904,3656.8626826863033,3788.69580078125,224353
2018-12-27,3806.6149548316857,3811.8294958657016,3749.72905264242,3775.8017578125,255449
2018-12-28,3779.68896000796,3813.251548879789,3778.171910066126,3797.08642578125,196548
2018-12-31,3820.835781346358,3823.443051420478,3773.4308709078177,3783.8125,157905
2019-01-01,3792.3935080222896,3805.998812320052,3760.395187798352,3801.115966796875,92921
2019-01-02,3792.3935092637657,3810.359927220036,3767.695500240819,3798.177001953125,143828
2019-01-03,3801.874222242115,3806.614713791045,3674.7815975214303,3697.630859375,223538
2019-01-04,3724.1305393782977,3724.1305393782977,3653.0231589166447,3711.378662109375,220079
2019-01-07,3730.7668794789943,3778.55094209476,3710.7146926509695,3722.945068359375,220371
2019-01-08,3711.8047794533622,3738.778129321812,3640.6974081994663,3713.037353515625,271012
2019-01-09,3713.701228157337,3730.6720959944264,3602.773721469972,3619.12841796875,248627
2019-01-10,3621.7356760483663,3647.33433135028,3606.613553747213,3620.029052734375,138524
2019-01-11,3620.028983336178,3651.648155107333,3556.411724520379,3574.520263671875,248857
2019-01-14,3574.520897940625,3599.8825326704205,3543.944721490686,3580.5888671875,198557
2019-01-15,3595.1891539600515,3645.438369455801,3575.326538657014,3628.98876953125,298881
2019-01-16,3643.541973219023,3705.168366208676,3636.1467597664,3685.25830078125,201711
2019-01-17,3689.9989160307177,3711.5681542988823,3612.254848426782,3646.81298828125,235993
2019-01-18,3658.711519146596,3658.711519146596,3575.847816250155,3621.688232421875,237908
2019-01-21,3612.255101343837,3666.770762322123,3593.2931323079115,3649.75244140625,279969
2019-01-22,3650.178512614744,3685.258150268444,3603.6267927622425,3660.133544921875,220491
2019-01-23,3661.555686178685,3684.3574969087463,3641.408597019882,3650.794677734375,171340
2019-01-24,3655.866917821016,3677.2465800373,3574.3779180602305,3593.9560546875,808713
2019-01-25,3602.773737317403,3602.773737317403,3299.429715912662,3328.583740234375,1593195
2019-01-28,3327.8253291714864,3327.8253291714864,3159.4904147310676,3199.310546875,1260559
2019-01-29,3199.832077013726,3327.7304576672223,3195.09158504778,3232.68359375,754743
2019-01-30,3242.496209195793,3287.341305400463,3190.3508023227614,3263.5439453125,303793
2019-01-31,3274.731623117672,3356.268079280995,3253.968362333576,3336.68994140625,621043
2019-02-01,3346.786977811386,3354.893264518927,3267.146721115591,3302.842529296875,745604
2019-02-04,3299.429739668112,3315.405058131484,3225.4306164736677,3268.569091796875,320227
2019-02-05,3268.568944698931,3291.7973534429843,3233.015257845788,3282.079345703125,286515
2019-02-06,3304.027937719408,3351.4328565163196,3262.4065116034517,3328.1572265625,341588
2019-02-07,3327.5407878738283,3419.6486829851287,3315.974034105909,3385.232666015625,367134
2019-02-08,3351.5278414525633,3401.7296054005387,3332.8028980667955,3373.14453125,287105
2019-02-11,3380.539574956365,3380.539574956365,3261.5532318339556,3270.370361328125,206491
2019-02-12,3261.458373082308,3316.7325540130046,3237.803365187684,3273.16748046875,266527
2019-02-14,3274.7319009075027,3321.8997967008286,3248.801316863537,3313.509033203125,156493
2019-02-15,3308.7687776632033,3308.7687776632033,3192.295018808397,3260.937255859375,276417
2019-02-18,3272.8355954859844,3279.472284121095,3204.5725123819893,3251.266357421875,270262
2019-02-19,3233.1575404254654,3323.0373115436496,3233.1575404254654,3287.6259765625,213945
2019-02-20,3293.788686612155,3410.3098853532847,3290.944391461735,3387.887451171875,243815
2019-02-21,3397.0362390409855,3464.351218938253,3375.2299779475043,3442.781982421875,394248
2019-02-22,3442.5449869021113,3474.306280502007,3417.752308515591,3437.52001953125,216855
2019-02-25,3432.1162378933095,3531.1450703419714,3429.271942668536,3523.70263671875,445514
2019-02-26,3498.4825943921155,3617.942975664041,3485.256669902298,3591.917724609375,700811
2019-02-27,3612.2545979052784,3702.3239382729953,3604.385335558236,3687.249267578125,681050
2019-02-28,3711.8051438161506,3711.8051438161506,3593.292846759441,3627.8984375,718074
2019-03-01,3640.602805870394,3697.109560805609,3627.945831625498,3677.057373046875,270365
2019-03-05,3691.8002531538937,3772.1990434624736,3669.188245281357,3756.555419921875,367903
2019-03-06,3757.313963937153,3811.355572805287,3731.525733718506,3772.151611328125,349217
2019-03-07,3772.293977102014,3780.826862740215,3697.915703582898,3709.719482421875,382836
2019-03-08,3721.096242223967,3779.261933861212,3683.835932859361,3765.846435546875,253766
2019-03-11,3769.16507910792,3846.9091456371234,3750.345233829886,3838.992431640625,389964
2019-03-12,3852.976803003355,3932.664747312087,3840.272377664729,3883.173828125,609648
2019-03-13,3886.2550185086334,3925.127049676931,3802.8698174548913,3816.7119140625,380923
2019-03-14,3827.3777117608006,3850.369094196693,3727.9222984711982,3758.403564453125,301915
2019-03-15,3782.912521961808,3782.912521961808,3702.324159965128,3712.84814453125,339118
2019-03-18,3744.040254547751,3772.483204063181,3714.6966579248624,3764.139892578125,286827
2019-03-19,3764.140430306926,3803.7709919204062,3754.5173236005503,3771.53564453125,370780
2019-03-20,3796.8495322036338,3801.637475311596,3707.9178579568456,3718.726318359375,295550
2019-03-22,3741.054272190124,3770.492543184209,3682.035145086902,3725.789794921875,399902
2019-03-25,3708.0129606029222,3708.0129606029222,3650.178956359308,3670.136474609375,265291
2019-03-26,3668.1925211971848,3740.0109713085017,3631.216685496309,3721.85498046875,336761
2019-03-27,3746.600266756995,3789.738742411476,3678.621660206326,3699.432373046875,443206
2019-03-28,3716.545625120737,3762.054347060991,3692.3216653774234,3706.069091796875,544435
2019-04-01,3830.316884713827,3930.815298025626,3811.354919938016,3843.1162109375,740396
2019-04-02,3851.1752394833966,3871.559352641667,3778.740622987779,3817.043701171875,413689
2019-04-03,3816.0960544713744,3862.505424790271,3778.1721185263177,3793.91064453125,253841
2019-04-04,3817.423375250979,3898.580692368567,3793.910719674812,3868.194091796875,713853
2019-04-05,3890.995769137953,3987.701804335826,3872.175923622007,3972.911376953125,738916
2019-04-08,4004.767468869632,4015.623380256872,3921.3348132681817,3950.583740234375,789953
2019-04-09,3938.4003572972542,3957.978494699464,3894.266566393699,3947.123046875,262712
2019-04-10,3951.579119221653,3953.5229986509657,3906.165299708406,3916.6416015625,231779
2019-04-11,3925.127409076537,3945.037475644316,3881.372760135556,3925.26953125,447838
2019-04-12,3934.7029888930338,3979.073805752971,3922.282808128731,3950.251708984375,397313
2019-04-15,3962.8615226314146,4014.5328856333463,3942.1931626061114,4006.0,295636
2019-04-16,4010.0762565941313,4062.600804512836,3987.7959487980866,4034.205078125,269121
2019-04-18,4057.5769945824018,4057.5769945824018,4000.9753337143343,4038.85205078125,210890
2019-04-22,4015.1963999905706,4056.912726224238,3963.050992198486,3986.611328125,182038
2019-04-23,3993.39035656598,4012.8735930019666,3964.994625051686,3980.35400390625,316043
2019-04-24,3940.581200327122,4201.972114752902,3897.1584787210745,4166.560546875,1985862
2019-04-25,4219.511547338861,4443.357651908771,4217.6153507104655,4379.26611328125,3326400
2019-04-26,4389.695221295478,4396.900861114705,4325.982829020445,4370.68603515625,1004982
2019-04-30,4367.888997341782,4407.756346860971,4317.9717129575,4377.18017578125,653730
2019-05-02,4375.473712056739,4393.4875799937,4336.696583664373,4376.7060546875,505389
2019-05-03,4380.6894384209545,4387.800177689033,4315.7446864391695,4329.01806640625,411034
2019-05-06,4266.489964981385,4323.328648507292,4252.742538357842,4284.02978515625,488749
2019-05-07,4300.668681725653,4322.237917501516,4280.71093525559,4296.0703125,625025
2019-05-08,4294.885402603885,4313.847369061297,4255.065273043319,4273.6953125,567034
2019-05-09,4260.753805129941,4289.149534689825,4224.062215357576,4245.96337890625,590574
2019-05-10,4274.691582131696,4274.691582131696,4193.060214613728,4204.10546875,234079
2019-05-13,4195.335566236053,4195.335566236053,4095.785230766045,4113.27783203125,408316
2019-05-14,4101.473503156286,4228.518683328025,4066.441083597648,4194.67138671875,617724
2019-05-15,4216.856854562936,4216.856854562936,4099.719035710484,4116.974609375,347949
2019-05-16,4119.48693408311,4290.14462065042,4097.680674132843,4278.57763671875,613573
2019-05-17,4266.442215376295,4274.880197392318,4204.81582782086,4259.61572265625,513496
2019-05-20,4323.564847990736,4558.124251788725,4321.526529433629,4526.41064453125,974132
2019-05-21,4540.443136163722,4540.443136163722,4378.365533129166,4398.939453125,671297
2019-05-22,4420.698911883926,4431.08031234522,4353.668165021376,4406.1455078125,608316
2019-05-23,4456.062497328706,4630.512603607107,4410.838018297369,4440.845703125,971606
2019-05-24,4474.076891300179,4567.748839386069,4418.328883805942,4550.9677734375,782474
2019-05-27,4550.872734498163,4650.375855816478,4505.411226902013,4589.7919921875,609904
2019-05-28,4596.854221308599,4612.497841944175,4506.0265969756565,4525.2255859375,664517
2019-05-29,4526.221759972556,4526.221759972556,4458.90677359676,4474.88232421875,318406
2019-05-30,4474.076240785281,4523.3773563862205,4462.746280005369,4511.9052734375,767519
2019-05-31,4520.533831178256,4529.066718024021,4418.139189029084,4513.0439453125,577772
2019-06-03,4531.909943310855,4543.95097708046,4484.552247326119,4515.12841796875,641635
2019-06-04,4515.1276779093505,4533.805396819054,4432.501015931444,4448.4765625,529891
2019-06-06,4448.9519089668265,4454.9724266205085,4298.678306927138,4333.94775390625,761710
2019-06-07,4322.380950555551,4407.709813365378,4305.362397741886,4335.51220703125,491364
2019-06-10,4346.746953997983,4380.309545035418,4324.371738993467,4359.21435546875,436601
2019-06-11,4387.799692169011,4387.799692169011,4338.78281639605,4346.79443359375,270476
2019-06-12,4337.549742095045,4357.45980648499,4300.573908228005,4331.9560546875,216496
2019-06-13,4328.0692148418175,4341.769421956928,4307.305952379161,4332.99951171875,265302
2019-06-14,4322.380685180589,4337.455357430399,4247.480910201588,4268.10205078125,296894
2019-06-17,4283.507958065217,4283.507958065217,4203.393654732656,4224.06201171875,282285
2019-06-18,4206.949259506789,4300.573968363918,4206.759454667828,4277.29833984375,259249
2019-06-19,4302.1861607037,4323.328569188963,4202.825173718794,4252.22119140625,314850
2019-06-20,4265.494615093232,4351.629445574101,4195.335334916104,4338.54541015625,462920
2019-06-21,4338.497332498695,4405.717401815299,4319.535368632879,4356.6533203125,643439
2019-06-24,4319.061751496128,4399.460301152613,4307.637352299819,4337.35986328125,228331
2019-06-25,4332.810032392372,4386.851645487856,4301.522782705512,4357.5078125,332939
2019-06-26,4347.221074657948,4393.488092528523,4343.286095851241,4358.78759765625,444326
2019-06-27,4365.993245715947,4415.19946136983,4337.5502929751265,4360.44677734375,725123
2019-06-28,4370.732488844775,4384.906741418944,4295.832734697543,4319.39306640625,268574
2019-07-01,4332.619825484062,4337.550122273917,4256.961759346423,4291.70947265625,262438
2019-07-02,4304.366610335754,4318.25615890252,4259.142132800595,4308.25390625,243150
2019-07-03,4313.80003386248,4342.2429827873275,4304.556075461905,4324.41845703125,162479
2019-07-04,4330.723234150222,4421.930475882248,4330.676014410622,4404.24853515625,407225
2019-07-05,4404.248953923433,4462.69912715019,4264.688685570462,4287.34814453125,671481
2019-07-08,4289.196435163986,4289.196435163986,4118.870679038794,4164.37939453125,326512
2019-07-09,4164.048164953896,4308.965097708571,4125.745082253803,4265.21044921875,376199
2019-07-10,4254.564558020869,4304.94255658546,4212.408536208303,4259.0322265625,315481
2019-07-11,4269.868140002347,4332.507860251158,4249.66941423878,4314.54296875,295305
2019-07-12,4319.009813172531,4390.394573216964,4296.482573497119,4339.96923828125,483370
2019-07-15,4349.617032847509,4377.182350581901,4308.078764956335,4369.578125,274936
2019-07-16,4363.019150078904,4386.68720708192,4342.725282200547,4373.28466796875,220077
2019-07-17,4373.284981445599,4393.86382358069,4363.779699708829,4380.93701171875,300052
2019-07-18,4384.1206594471205,4392.390439735902,4348.666146243617,4374.0927734375,233821
2019-07-19,4424.707958068022,4476.986999463025,4268.0133202618135,4299.19091796875,913097
2019-07-22,4299.333704375293,4373.237263504659,4229.99249443605,4357.31591796875,286422
2019-07-23,4357.315987142987,4391.344707715907,4297.812834833169,4314.875,321238
2019-07-24,4323.953172215232,4328.183208737208,4210.887646966364,4223.0546875,225538
2019-07-25,4239.3560262242745,4309.695117242346,4223.0545594417335,4239.451171875,403568
2019-07-26,4255.51466107765,4303.041070068913,4206.134536485693,4277.8994140625,225799
2019-07-29,4276.426056231776,4304.94190012752,4132.421044558268,4152.81005859375,381801
2019-07-30,4135.748481115072,4188.97806395636,4088.2220678639214,4103.953125,379920
2019-07-31,4084.324180007268,4146.2509941093485,4002.673907444141,4131.8505859375,688261
2019-08-01,4083.8018966772447,4120.254745720386,3973.207848546395,4022.350341796875,384975
2019-08-02,4004.480011375653,4157.515045859336,3976.392089764861,4086.367919921875,470125
2019-08-05,4069.495979234522,4103.0972421314,3978.4355681975776,4036.1328125,315872
2019-08-06,3999.918093996363,4152.857999362555,3996.971363543041,4141.45166015625,412597
2019-08-07,4133.751680486253,4204.47088034085,4107.422329831918,4126.8603515625,714639
2019-08-08,4158.41804789873,4186.125849833629,3923.6849424902102,4023.72802734375,1442600
2019-08-09,4135.748140696985,4166.830598054856,4030.905067344751,4069.5439453125,1030872
2019-08-13,4072.822933644092,4073.2981977310146,3954.7198080437615,3974.30078125,413182
2019-08-14,3987.465443981918,4087.270896095887,3987.465443981918,4016.836669921875,578309
2019-08-16,4016.932507068939,4034.3747938136808,3990.31771525684,3999.822998046875,508138
2019-08-19,4015.9811272243855,4057.804362632166,3937.467415202044,3952.438232421875,399066
2019-08-20,3969.405540028668,3970.736186608836,3823.974733605204,3833.527587890625,725830
2019-08-21,3836.3314943406367,3872.499135738192,3705.1586137115464,3727.40087890625,828459
2019-08-22,3710.6245191164567,3748.217956430294,3628.261342115941,3648.269775390625,673651
2019-08-23,3648.126896225948,3706.489229515651,3603.5472205691985,3670.74951171875,783702
2019-08-26,3726.0705896748295,3859.144539306073,3641.473578837824,3838.613037109375,989976
2019-08-27,3914.274831716119,4033.043506978317,3864.9425146902167,3931.099365234375,1555781
2019-08-28,3931.099364236903,3977.912874536346,3883.90550344878,3915.985595703125,547969
2019-08-29,3901.9182089034534,3942.743580198411,3845.361781758568,3872.356689453125,478219
2019-08-30,3892.4131585967866,3914.275308205511,3817.369000156743,3851.778076171875,580571
2019-09-03,3792.844707403539,3815.039631108285,3660.483671000821,3693.324462890625,673895
2019-09-04,3705.158522053963,3717.182609655835,3642.423667652844,3684.72216796875,551384
2019-09-05,3706.109158820418,3733.151637560115,3680.9201635116874,3696.413818359375,381459
2019-09-06,3711.8124349240015,3775.4978211314046,3690.995961212567,3714.236328125,497704
2019-09-09,3720.93756579708,3764.091450715113,3696.1762612302473,3712.3828125,478027
2019-09-11,3745.0333543512743,3748.8830397879055,3699.4555757744743,3710.29150390625,690633
2019-09-12,3726.0706362833944,3836.2367645668537,3722.8389331483745,3804.0615234375,844400
2019-09-13,3806.8176445821214,3847.02503149303,3739.3777191657496,3831.721435546875,628375
2019-09-16,3820.837701988354,3855.341917932652,3778.349142944352,3795.316162109375,424731
2019-09-17,3765.042288645032,3778.349683757637,3689.047603682342,3707.440185546875,708722
2019-09-18,3716.660093091497,3743.132161983546,3692.8493172841736,3709.72119140625,285674
2019-09-19,3716.564887207386,3734.054511498646,3648.1268637089383,3675.02685546875,277903
2019-09-20,3669.0383844547778,4110.036072298522,3662.051910250044,4058.422119140625,1753403
2019-09-23,4144.303224306356,4227.807224988104,4106.186948156861,4173.86474609375,975156
2019-09-24,4182.323675963988,4191.828957045725,4082.613370241585,4104.38037109375,448502
2019-09-25,4088.2687707075406,4125.292026503255,4044.2121637982714,4066.216796875,488035
2019-09-26,4073.0126200416366,4201.333904453683,4073.0126200416366,4178.14111328125,675169
2019-09-27,4120.63483522295,4201.001807762977,4120.63483522295,4177.7138671875,371737
2019-09-30,4166.735430069475,4172.866058366305,4074.961655652513,4126.48046875,477396
2019-10-01,4151.906800248742,4191.828981020365,3949.444312049799,4004.19482421875,362440
2019-10-03,4010.278219650272,4010.278219650272,3910.472765025176,3941.64990234375,321369
2019-10-04,3966.74397444278,3976.3439367636647,3770.744898433072,3782.674072265625,476329
2019-10-07,3801.162085623571,3810.477307939832,3662.3849752207097,3678.924072265625,413509
2019-10-09,3676.642797433534,3860.0947260541825,3676.642797433534,3843.508056640625,802345
2019-10-10,3847.262267278814,3878.154428782597,3751.78177144347,3779.584716796875,390651
2019-10-11,3788.805046834438,3897.070105749127,3768.8439565224658,3875.4931640625,624956
2019-10-14,3873.4021588675687,3998.9670186094913,3851.1123204640153,3963.9873046875,467406
2019-10-15,3987.370022035135,4010.468132113073,3936.659257769146,3998.396240234375,349808
2019-10-16,4023.3956089758,4085.370233722799,4017.454807681997,4073.29833984375,323562
2019-10-17,4059.705865185352,4068.260618823064,4012.2267968460146,4049.677978515625,335206
2019-10-18,4057.519546122396,4147.154161627888,4045.1148757589262,4082.80322265625,539285
2019-10-22,4082.518670642659,4191.734269379184,4008.3774701047946,4039.079345703125,999349
2019-10-23,4064.3159696644984,4086.320603981181,4003.624653167885,4040.980224609375,432380
2019-10-24,4054.003094431812,4115.787432330539,4033.8043685803054,4098.25,884456
2019-10-25,4081.377880811636,4093.734747657786,3968.45531405224,3988.98681640625,587008
2019-10-27,3995.0696869739418,4063.5077115901977,3965.603315264165,3982.61767578125,56626
2019-10-29,4010.9436123698897,4010.9436123698897,3879.105179146335,3913.98974609375,775239
2019-10-30,3963.7022256726937,3998.824425049,3898.353417995236,3918.742431640625,616338
2019-10-31,3918.742688060681,3959.900372339184,3888.990877743523,3938.228515625,763791
2019-11-01,3938.0381042946,3972.0668262317654,3927.3446626645455,3956.81103515625,255083
2019-11-04,3965.603732488194,4084.134787131832,3965.603732488194,4029.004150390625,875545
2019-11-05,4039.744742535062,4039.744742535062,3929.81625195439,3942.220458984375,386308
2019-11-06,3954.196966142455,3970.260798492398,3912.421069756384,3931.051513671875,417808
2019-11-07,3954.197319315585,4025.724566497917,3954.197319315585,3980.24169921875,615076
2019-11-08,3963.7026418108385,3987.323360690775,3922.117032559226,3942.078125,371096
2019-11-11,3928.5331147365687,3973.2079408659224,3904.7699093486144,3932.382568359375,275634
2019-11-13,3932.3824476060977,3965.9837118178775,3902.0133505279114,3911.993896484375,519389
2019-11-14,3925.68144471441,3927.582501104103,3795.554227664998,3805.344482421875,573058
2019-11-15,3843.7933161262113,3891.462209576296,3816.370486431076,3875.683349609375,621773
2019-11-18,3874.2573422178543,3940.2238987198593,3868.696892138897,3922.211669921875,498006
2019-11-19,3925.6817109749823,3925.6817109749823,3883.145571370592,3897.308349609375,561897
2019-11-20,3895.2644720703897,3925.681373755664,3873.402323984099,3910.520263671875,836453
2019-11-21,3906.6705673679025,3906.6705673679025,3862.946273913176,3875.540771484375,213325
2019-11-22,3882.717369662322,3895.121808228279,3830.675954305897,3879.247802734375,222219
2019-11-25,3914.274668324402,3924.730477297585,3892.460095106492,3909.949951171875,413582
2019-11-26,3911.851104588344,3944.5491788195422,3886.6143047370792,3909.379638671875,674879
2019-11-27,3919.645425065715,4039.7447530793374,3919.645425065715,4025.154052734375,640193
2019-11-28,4039.6975056657607,4087.271256383629,4000.012953350873,4082.233642578125,782062
2019-11-29,4088.791977572712,4122.915845288529,4030.001718746292,4048.39453125,463936
2019-12-02,4058.755487704618,4106.28189856767,4044.497564445703,4064.6962890625,467324
2019-12-03,4076.720094398728,4083.468937096504,3965.318473565646,4003.339599609375,312478
2019-12-04,4001.7234124533215,4022.872663267357,3958.046459391841,3989.509033203125,271645
2019-12-05,3994.261577042924,4058.755001686298,3941.2222945210247,3955.10009765625,483794
2019-12-06,3973.2076701673946,3988.606411859699,3920.1683850051418,3952.153564453125,227870
2019-12-09,3967.314245559883,3984.614043708841,3917.126544399842,3946.0703125,234928
2019-12-10,3954.197526222154,3959.1877995425066,3831.7694410169943,3838.850830078125,550870
2019-12-11,3850.589734091335,3862.94660067815,3773.596949973488,3803.205810546875,474277
2019-12-12,3813.708992178235,3834.288065837144,3786.238821503107,3794.603515625,398279
2019-12-13,3834.4304609465303,3889.0858282009744,3801.6372405938646,3880.626220703125,548283
2019-12-16,3880.055733615151,3882.859745118903,3832.529328254848,3860.332275390625,509129
2019-12-17,3861.235156076864,3939.9389282453926,3853.298385772556,3915.747802734375,447766
2019-12-18,3909.807058758088,3916.128441940392,3850.11407956508,3864.27685546875,819336
2019-12-19,3849.638666925771,3881.576502765273,3824.9249372121735,3838.08984375,375655
2019-12-20,3835.3809466336097,3941.6024635571057,3825.8756654771446,3916.603759765625,1567317
2019-12-23,3911.423513507791,3961.80150772794,3866.9387476706975,3879.9609375,457733
2019-12-24,3911.4232128639737,3919.027437822154,3872.023868711908,3894.646484375,231713
2019-12-26,3894.313644220452,3920.9284311470255,3848.4506631773384,3861.758056640625,362984
2019-12-27,3884.808404033341,3889.5610446059286,3844.8862232236024,3854.9619140625,417948
2019-12-30,3872.356477799168,3887.660073603403,3843.508088128653,3851.492431640625,326955
2019-12-31,3851.492300326131,3870.550435202736,3830.6282548789354,3845.88427734375,276631
2020-01-01,3859.144331853475,3870.5030969596,3844.886409445149,3863.89697265625,163949
2020-01-02,3868.554240964611,4045.732586877256,3866.8908167811833,4034.801513671875,1458328
2020-01-03,4027.387966237862,4047.349058352801,3978.7685418400665,4010.46875,635983
2020-01-06,3983.6637314900704,3991.980853334627,3926.63203884168,3951.44091796875,462841
2020-01-07,3991.7903440667983,4043.546787969043,3958.0465944257785,4032.235595703125,524372
2020-01-08,4015.8384230624984,4117.687408213033,3976.818969124161,4105.283203125,1032268
2020-01-09,4122.441027909925,4182.324307771194,4117.308268175412,4170.91796875,698429
2020-01-10,4171.012929592249,4243.20526864014,4150.861545897617,4224.7177734375,735887
2020-01-13,4237.026727712635,4269.7726093538195,4229.897766321238,4247.62548828125,403937
2020-01-14,4244.10893541766,4280.18167069798,4203.901773258502,4261.50341796875,438651
2020-01-15,4230.847721106202,4301.377088563047,4191.8287300288475,4283.5546875,416924
2020-01-16,4296.386807262899,4329.56014354707,4213.928498517312,4251.09423828125,467980
2020-01-17,4220.345518227281,4298.668954839625,4193.0651712319295,4264.78271484375,360682
2020-01-20,4277.376631288274,4286.359307864008,4231.751280554533,4246.626953125,204026
2020-01-21,4234.602356596542,4296.386678297727,4220.344436203962,4261.73974609375,283173
2020-01-22,4282.128923389489,4315.397405591182,4242.206744747456,4255.466796875,359444
2020-01-23,4248.860523877551,4315.397489575857,4226.0951906779,4302.47021484375,401079
2020-01-24,4328.705082016316,4448.1866529999925,4232.3689637054995,4413.064453125,2127667
2020-01-27,4396.09700307646,4518.905410480552,4393.340564608221,4445.572265625,1058884
2020-01-28,4438.966616712577,4482.500621864562,4357.696457027582,4381.03173828125,711517
2020-01-29,4396.192941310268,4423.282995110774,4333.933343979279,4342.203125,595287
2020-01-30,4342.963173405804,4361.498472570044,4243.300202766913,4264.0693359375,422335
2020-01-31,4279.562689175564,4284.3153299089945,4187.076486153018,4197.62744140625,451630
2020-02-03,4054.002098179987,4169.82403289555,4026.579271349709,4154.42529296875,537373
2020-02-04,4177.523697250254,4276.283474925537,4162.409929020909,4252.900390625,387466
2020-02-05,4255.515198434286,4304.5625515316415,4180.043344251121,4250.572265625,521783
2020-02-06,4258.365762022897,4295.483697579801,4222.245695291453,4244.0126953125,385744
2020-02-07,4254.944788629346,4322.052179423877,4229.518156608323,4250.572265625,547874
2020-02-10,4265.019244172154,4270.342293932161,4173.530921851769,4195.39306640625,271700
2020-02-11,4227.663926626851,4295.9116571137465,4213.690978202288,4245.486328125,296451
2020-02-12,4270.4378061484595,4270.4378061484595,4220.297448572549,4233.41455078125,323821
2020-02-13,4220.29682265334,4251.85407260739,4196.580964283332,4230.32470703125,186493
2020-02-14,4247.91031706155,4314.399947034349,4175.717518168999,4214.974609375,665316
2020-02-17,4224.052179366821,4244.10841723184,4183.369758016296,4229.7080078125,354909
2020-02-18,4214.261482704431,4266.1604098598755,4153.902948272515,4254.27880859375,510062
2020-02-19,4271.673072399257,4305.892082325018,4234.602478313015,4251.80712890625,384898
2020-02-20,4229.850655255758,4284.981293009653,4201.334808141674,4209.0341796875,414088
2020-02-24,4196.582342883426,4234.603473962778,4106.282156569966,4177.57177734375,383261
2020-02-25,4179.947493748112,4182.323814097031,4116.49974043198,4129.09423828125,402233
2020-02-26,4106.519537070236,4205.041694119025,4074.01128633882,4126.71826171875,642946
2020-02-27,4118.210762198497,4149.102928660529,4063.840827700378,4107.85009765625,369157
2020-02-28,4058.7549111920857,4091.215352375791,3992.217945434838,4010.848388671875,524557
2020-03-02,4044.4976419448626,4102.764837129416,3876.7769812078623,3936.802978515625,378937
2020-03-03,3973.1126438734086,4114.836488233567,3951.8682462408096,4087.176025390625,606056
2020-03-04,4096.823761107322,4111.034342925386,3913.324483196258,3966.36376953125,750952
2020-03-05,3975.156482607437,4020.734497848941,3946.2131758674977,3997.493896484375,450539
2020-03-06,3890.1314508521905,3985.849353424251,3811.6177358376062,3961.65869140625,585749
2020-03-09,3868.6494474742094,3958.521695548679,3797.35983849127,3894.646484375,588288
2020-03-11,3868.6496621684,3908.4293590135017,3766.6579428441783,3795.839111328125,775964
2020-03-12,3697.5543846816568,3697.5543846816568,3433.782831532773,3482.259765625,992092
2020-03-13,3298.6179219734054,3813.0437160512174,2959.944691956498,3601.4560546875,1378933
2020-03-16,3469.427758616227,3478.9330401466823,3236.5483611200693,3344.005615234375,975878
2020-03-17,3345.85921609504,3398.138266346525,3283.7896791112225,3298.760498046875,563672
2020-03-18,3362.8733110748685,3362.8733110748685,3108.70218701901,3140.1171875,790520
2020-03-19,2983.707845018034,3222.0527772060777,2809.3810761749023,3009.419677734375,790106
2020-03-20,3027.4321972416556,3475.891430674136,2984.991207615544,3397.045166015625,825459
2020-03-23,3060.7005749214436,3127.6176623680053,2887.514396256097,2903.720947265625,883620
2020-03-24,2946.637224078877,3077.0496380352806,2820.644673133578,2868.7890625,1105225
2020-03-25,2821.357577367149,3127.2375790833057,2766.0368860584863,3068.875244140625,874543
2020-03-26,3070.205746783867,3217.5376015056936,2997.5854931524404,3069.397705078125,931742
2020-03-27,3222.2906239471845,3222.2906239471845,2948.9186186008633,2988.08056640625,471310
2020-03-30,2961.8458547675345,2994.163813388233,2918.121557810119,2933.23486328125,507697
2020-03-31,2984.6580857617982,3116.8290579148033,2946.636963650183,3084.321044921875,637365
2020-04-01,3084.463827712187,3098.6741770544713,2951.6275195695744,2985.276123046875,390613
2020-04-03,3031.234218953101,3033.1352752208672,2875.347604996278,2891.12646484375,406172
2020-04-07,3027.384596732735,3180.229570261133,2927.864345452247,3117.257080078125,646709
2020-04-08,3080.661798298584,3217.3953683483,3039.076190870147,3095.347412109375,647497
2020-04-09,3137.6934868006815,3222.100434645453,3097.2960396061862,3199.525390625,501495
2020-04-13,3181.5131176822715,3451.6056202422656,3127.80827291981,3294.6259765625,1107263
2020-04-15,3383.8803315888404,3492.240544454326,3356.7902783724694,3422.0439453125,1239945
2020-04-16,3374.375068725125,3389.2983148700764,3303.227941000367,3364.014404296875,617278
2020-04-17,3473.2304232767865,3483.1158248146685,3337.1623893661645,3359.214599609375,775287
2020-04-20,3393.385269667586,3393.385269667586,3317.3905955450973,3342.57958984375,391192
2020-04-21,3297.3819883796737,3298.3325164824064,3209.030447643176,3234.884765625,533462
2020-04-22,3251.7568623514094,3286.5936268795585,3208.9830947963633,3270.909912109375,944451
2020-04-23,3265.0639590713013,3298.3324419148225,3237.4986447152405,3271.90771484375,977203
2020-04-24,3241.3012567454275,3269.817103578965,3129.8993948615857,3144.2998046875,624104
2020-04-27,3170.96190791547,3203.279865010532,3152.2841225958387,3194.392333984375,444246
2020-04-28,3243.2022813696963,3261.2623175203485,3199.002719211522,3226.0927734375,767800
2020-04-29,3193.86957729153,3282.934014285623,3193.86957729153,3264.4462890625,393804
2020-04-30,3298.332654186342,3389.5357830387284,3275.662465164687,3359.45166015625,854097
2020-05-04,3261.2619897358254,3290.4431566969392,3161.50410964796,3181.988037109375,519181
2020-05-05,3227.0430333008294,3227.0430333008294,3112.029128432081,3121.8671875,387071
2020-05-06,3136.743238580859,3221.815517324188,3086.5077275258345,3159.93603515625,374625
2020-05-07,3159.507698801017,3210.88378685939,3071.156162031584,3091.92529296875,473677
2020-05-08,3131.0395813111677,3160.5059525985525,3109.2250076899477,3142.255859375,421623
2020-05-11,3189.0222555709756,3279.32243866464,3165.3541951430284,3194.48779296875,483864
2020-05-12,3178.566192805886,3237.0236751197504,3113.5025861389795,3183.651611328125,557262
2020-05-13,3279.322014309214,3402.890669920865,3279.322014309214,3371.238037109375,1225497
2020-05-14,3338.2546632584153,3454.0290314205995,3318.293573301574,3430.93115234375,974733
2020-05-15,3449.466820340049,3449.466820340049,3372.3315501254992,3405.885009765625,645207
2020-05-18,3407.072922905075,3411.3029587169112,3118.7779278635094,3144.156982421875,817697
2020-05-19,3203.2799473565437,3320.194912794186,3170.2490932999744,3268.058349609375,1012170
2020-05-20,3279.2746849151786,3421.758999930912,3265.064334877493,3353.938720703125,1042217
2020-05-21,3410.494993732938,3412.3960500282183,3323.3791818267305,3394.811279296875,710536
2020-05-22,3374.374885064809,3486.53720518809,3355.364322332049,3458.92431640625,1021137
2020-05-26,3483.6855603523877,3656.681678219819,3476.4614538142305,3598.699462890625,1409106
2020-05-27,3612.9572508929136,3619.61094748756,3508.399161548473,3542.998291015625,826874
2020-05-28,3544.5193993161215,3631.0174592082553,3532.210106436286,3620.751708984375,603406
2020-05-29,3620.561706301496,3745.08089336516,3607.111825867343,3711.669921875,1947052
2020-06-01,3711.812385058213,3759.3387920371906,3612.9574585419377,3626.93017578125,742238
2020-06-02,3647.1766966858127,3663.3356760560655,3583.491307403053,3644.562744140625,734563
2020-06-03,3697.507133255722,3726.070552140636,3653.8779816054207,3665.1416015625,493621
2020-06-04,3641.4735182603895,3679.161868400399,3546.94353559668,3615.714111328125,807841
2020-06-05,3623.413270062222,3734.149798383904,3616.759573081521,3678.1162109375,697747
2020-06-08,3716.5655619554177,3716.5655619554177,3575.6021721060783,3591.285888671875,547499
2020-06-09,3616.759528235853,3645.180226447437,3569.0430626069815,3603.784912109375,478720
2020-06-10,3635.770058983994,3673.648697390839,3592.9962935841827,3604.830322265625,475926
2020-06-11,3602.4062134878304,3630.969628196252,3505.547496683749,3521.611328125,475582
2020-06-12,3421.901402773481,3616.7596770980817,3421.901402773481,3601.12353515625,592647
2020-06-15,3542.095800465266,3582.208044500298,3505.5480372164498,3559.5380859375,440266
2020-06-16,3597.748699433399,3640.8076668721455,3549.651886874885,3592.948486328125,622734
2020-06-17,3573.985771367288,3654.780662475325,3528.360421094514,3620.751708984375,430610
2020-06-18,3611.7217952457927,3689.950309055326,3590.1448524734587,3654.06787109375,348706
2020-06-19,3668.3258401591224,3711.2896670316286,3624.459057937603,3646.558837890625,556284
2020-06-22,3646.558767809493,3657.109491056449,3603.119445624269,3636.0078125,329145
2020-06-23,3656.6815503610624,3758.388055660941,3643.991907575742,3747.7421875,563658
2020-06-24,3785.7639243846215,3817.3214155709534,3618.1381762717647,3632.538818359375,501886
2020-06-25,3626.074751444974,3683.296498374964,3594.6597503818116,3614.24072265625,395771
2020-06-26,3645.275274460574,3682.3458704720374,3592.996228803382,3669.60888671875,373568
2020-06-29,3649.980746720026,3650.028319542947,3571.1344782611595,3618.660888671875,692124
2020-06-30,3632.918618977538,3711.194705594494,3632.918618977538,3700.928955078125,494113
2020-07-01,3695.6535565337767,3739.33027990592,3671.0349695454647,3705.729248046875,331198
2020-07-02,3717.515723761485,3751.7347383499314,3689.950406454125,3721.270263671875,294326
2020-07-03,3731.773447598709,3764.091404098544,3683.2965128489545,3697.17431640625,257664
2020-07-06,3726.070487944636,3749.548487718921,3711.337301066283,3736.43115234375,254346
2020-07-07,3745.080892601388,3752.5426313672456,3637.195948106399,3670.939697265625,452245
2020-07-08,3692.7543478351695,3692.7543478351695,3589.95481962571,3599.3173828125,635619
2020-07-09,3613.908027627411,3667.850500159724,3580.6871151852156,3653.307373046875,524030
2020-07-10,3645.322903798131,3654.4954073079184,3595.8478688647656,3610.5810546875,336838
2020-07-13,3631.01790897439,3647.9373582088247,3591.09572254064,3600.505859375,302963
2020-07-14,3597.559160842853,3631.778175881823,3558.777564052845,3584.3466796875,351717
2020-07-15,3595.0874932488036,3640.475212041789,3585.392152610244,3631.63525390625,274206
2020-07-16,3635.7226736579146,3644.325,3550.222711267606,3627.453125,412522
2020-07-17,3631.0178196075217,3677.593702633901,3623.603653039791,3671.748046875,237461
2020-07-20,3671.9854182942554,3697.5545329075985,3637.6236861609455,3673.886474609375,277775
2020-07-21,3706.109346472467,3759.338924159684,3659.5334659961527,3672.175537109375,614199
2020-07-22,3688.049128857888,3711.812332007746,3648.031801928516,3671.557373046875,433235
2020-07-23,3671.5575547042063,3697.554593061416,3636.768362809072,3648.031982421875,264268
2020-07-24,3649.0776443350337,3649.125217156038,3550.5554923475142,3595.372802734375,594650
2020-07-27,3602.5968188449865,3708.010297407433,3593.9469198916954,3669.1337890625,499750
2020-07-28,3685.1977116704807,4004.575176494128,3671.082275534062,3931.71728515625,2492211
2020-07-29,3976.103650663704,4088.095343819388,3961.896221830648,3986.640380859375,1777725
2020-07-30,4004.757537053736,4023.637145945992,3936.675479122862,3962.420654296875,595214
2020-07-31,3966.616702017662,4013.386919296556,3902.301251418664,3925.948486328125,413669
2020-08-03,3946.639820180026,3961.8962195815434,3840.417232464634,3857.532958984375,490180
2020-08-04,3862.300726461479,3884.660841101421,3798.986526929999,3818.2001953125,600934
2020-08-05,3847.282656343275,3918.987688662149,3828.402815079934,3853.2421875,569833
2020-08-06,3879.7978212916832,3893.957760812314,3815.1012890193488,3841.132568359375,378473
2020-08-07,3838.891511753138,3882.7536601735655,3797.365452939744,3818.15234375,348651
2020-08-10,3859.869318032907,3859.869318032907,3776.912640496133,3783.921142578125,590885
2020-08-11,3808.378751722441,3887.8074287315726,3776.912427534448,3784.30224609375,823622
2020-08-12,3788.7838052321463,3827.592225564271,3743.539091251029,3813.76611328125,466155
2020-08-13,3837.842561137814,3885.614255283636,3820.870002896093,3859.20166015625,545546
2020-08-14,3857.008396157895,3900.775097943475,3781.0602275316896,3823.73046875,661653
2020-08-17,3852.240826849999,3861.728353614717,3799.8923998206246,3848.04541015625,315955
2020-08-18,3851.287718508177,3985.734752008958,3851.287718508177,3975.198486328125,1154453
2020-08-19,3991.455451523393,4020.0612001009617,3978.201547800125,4004.661865234375,618695
2020-08-20,3984.7334999533896,4002.2782669016183,3939.393106680048,3951.64599609375,350925
2020-08-21,3993.2668323263383,4007.188388972618,3947.688528378947,3993.17138671875,490700
2020-08-24,4020.967429566908,4027.6895945724978,3976.199244641883,3994.888427734375,379052
2020-08-25,3996.22284347768,4003.8510426539674,3949.5476135324384,3978.439697265625,373776
2020-08-26,3976.1994204035054,3987.450829650343,3880.8469163170903,3890.04833984375,574774
2020-08-27,3905.6383829139018,3925.233135342829,3838.700974765573,3859.05859375,458012
2020-08-28,3873.21867873623,3898.773196144437,3857.962278229144,3873.7431640625,346506
2020-08-31,3873.7430736092074,3896.389292583114,3702.394675973894,3722.418701171875,680870
2020-09-01,3742.585942319253,3783.873624878712,3672.501848877096,3730.809814453125,528801
2020-09-02,3716.0776581315263,3857.914504732341,3715.076410302565,3758.509521484375,759445
2020-09-03,3783.3010857368185,3795.0294897640224,3746.065888028412,3765.47021484375,284007
2020-09-04,3731.3817258524223,3749.212596887257,3699.677019435865,3734.099365234375,438236
2020-09-07,3742.585414172863,3804.564535681458,3643.41881975911,3669.78369140625,704096
2020-09-08,3675.6482579075223,3682.9903539312786,3635.457039028883,3646.041259765625,456797
2020-09-09,3633.883525523948,3681.5597722508433,3603.370727618736,3657.34033203125,332412
2020-09-10,3658.6753878690265,3755.934936881963,3647.233087985151,3733.527099609375,433018
2020-09-11,3733.5270741196687,3760.893194596264,3697.7698872266824,3722.656982421875,348215
2020-09-14,3718.700107328777,3785.2084819832367,3709.2125792953334,3732.192626953125,472618
2020-09-15,3735.052652428949,3771.1434318941374,3704.5873442232737,3748.735595703125,312720
2020-09-16,3750.213415604142,3798.700249678703,3737.865314760973,3790.166015625,418071
2020-09-17,3771.00087785308,3836.412555974372,3760.225998333376,3784.4931640625,447295
2020-09-18,3798.748241558573,3832.598379835389,3766.4238364344465,3816.579345703125,440400
2020-09-21,3816.5791552435303,3817.532680217828,3671.071151047956,3698.6279296875,389056
2020-09-22,3699.343326424209,3761.179518354227,3617.673999907705,3702.6806640625,508999
2020-09-23,3718.74739321044,3736.14922396072,3658.72304274297,3689.3310546875,307971
2020-09-24,3689.187990411448,3689.330926034683,3579.4371767726207,3602.2265625,456036
2020-09-25,3613.85956621238,3699.581366235208,3585.3015404735743,3679.176025390625,321826
2020-09-28,3709.212055118761,3766.4235521128808,3690.284491745535,3739.724853515625,248628
2020-09-29,3775.958969999571,3888.4749191056185,3759.9874263764664,3873.31396484375,772188
2020-09-30,3897.7238067615785,3912.0269134945934,3836.126236008134,3861.346923828125,548775
2020-10-01,3898.0105035728448,3928.523305949149,3873.3142972672063,3907.307373046875,406483
2020-10-05,3922.897278456074,3922.897278456074,3843.706980993673,3859.05859375,312598
2020-10-06,3866.73444543849,3955.221609983457,3866.73444543849,3943.874755859375,351025
2020-10-07,3931.14568728654,4086.761173058671,3922.897788118731,4017.53515625,1037715
2020-10-08,4028.6434842428744,4157.369370721641,4018.154708307567,4144.02001953125,801790
2020-10-09,4138.297711660577,4171.6235902973995,4076.795360876681,4098.58349609375,405756
2020-10-12,4100.157041906491,4158.322060407955,4049.0480144990142,4106.1640625,488896
2020-10-13,4241.279522702641,4314.700953288995,4137.774562312698,4179.06201171875,2369441
2020-10-14,4178.204108742774,4251.768478079411,4114.460861832845,4236.369140625,817554
2020-10-15,4251.76746937005,4265.116817782515,4163.375526146471,4179.58544921875,545465
2020-10-16,4180.205571730866,4287.047847988216,4176.438962230513,4273.7939453125,669844
2020-10-19,4290.86213447451,4337.584855494343,4257.3458266973375,4304.78369140625,636376
2020-10-20,4333.294302817856,4371.4353022925425,4276.559566099259,4333.1513671875,871380
2020-10-21,4334.10468844738,4441.519180051215,4233.650742685143,4413.96240234375,2032618
2020-10-22,4457.72865378466,4515.46439695825,4318.132709487545,4400.087890625,1812783
2020-10-23,4405.284825953967,4426.262372744224,4279.800862036404,4295.2001953125,886850
2020-10-26,4300.397234996052,4333.198397950197,4252.10129264752,4276.9404296875,727534
2020-10-27,4286.094862096195,4412.9136867143925,4276.559612124903,4354.701171875,1088244
2020-10-28,4380.398670812805,4380.398670812805,4246.047083258769,4261.58935546875,509919
2020-10-29,4242.327917554053,4400.851439347797,4233.6507474539885,4364.0927734375,927412
2020-10-30,4338.539099544027,4453.915633839593,4329.051338794273,4361.47119140625,934842
2020-11-02,4339.492160761576,4376.250362308554,4309.932886539733,4339.30126953125,489146
2020-11-03,4352.936967752634,4373.819071641489,4305.212763277385,4338.109375,582702
2020-11-04,4338.539398410705,4396.704432103683,4291.864156449566,4320.99462890625,495599
2020-11-05,4357.6089634647105,4418.777495074888,4333.770840032191,4403.28271484375,584030
2020-11-06,4374.39124781066,4403.235378168464,4329.003366096905,4344.259765625,426088
2020-11-09,4381.446887583779,4433.795311142577,4367.144014174909,4410.291015625,447725
2020-11-10,4426.26282238172,4562.616890369783,4415.297285445617,4500.20849609375,1235506
2020-11-11,4511.508151484942,4630.269971156959,4504.785986381485,4599.61376953125,811311
2020-11-12,4626.5036344765385,4640.329747976108,4561.9023110561375,4620.8779296875,668501
2020-11-13,4600.758665839934,4693.250601712779,4591.557241625941,4672.03466796875,428529
2020-11-14,4696.1108313435125,4709.460181930072,4656.062779583832,4680.091796875,47328
2020-11-17,4681.807890481287,4747.601117455464,4668.45854008073,4680.90185546875,708971
2020-11-18,4676.563553012827,4710.413691891806,4634.131688784247,4698.49462890625,437973
2020-11-19,4667.504806167264,4685.621780900089,4539.7324580515515,4555.9423828125,540260
2020-11-20,4584.452938061107,4645.5264961110815,4547.408397209219,4636.56298828125,445562
2020-11-23,4647.481103880125,4686.57563101576,4637.326155193063,4662.2607421875,438597
2020-11-24,4672.272545733531,4684.811306488588,4616.9680951921955,4646.71826171875,372131
2020-11-25,4671.319068391184,4699.924818963083,4577.921106538577,4595.84765625,481744
2020-11-26,4597.8976742109535,4647.385529930179,4568.862650941229,4609.48291015625,486664
2020-11-27,4609.530348777473,4646.956201841016,4548.313862754126,4578.82666015625,920840
2020-12-01,4591.223027445175,4707.743972549442,4581.68777712857,4682.28466796875,752883
2020-12-02,4682.284713612971,4765.003010915879,4646.336633333582,4703.83447265625,696234
2020-12-03,4729.484616072341,4729.484616072341,4616.206017551791,4666.0751953125,740259
2020-12-04,4758.0899968515,4957.376732190571,4729.57969099005,4854.77734375,2996248
2020-12-07,4882.04785919114,4935.445257651043,4802.905286473783,4821.4990234375,910850
2020-12-08,4829.461482851605,4993.610728459195,4829.461482851605,4975.25537109375,1652861
2020-12-09,4975.255148601772,5014.588055483056,4878.567805167637,4905.6953125,1625022
2020-12-10,4862.023988466085,4881.094488518904,4719.948763072587,4733.583984375,1333296
2020-12-11,4772.392484655409,4804.478506844161,4725.669761029412,4781.927734375,974421
2020-12-14,4781.927674227027,4843.906796624785,4763.524828735036,4837.947265625,919851
2020-12-15,4834.371806538804,4986.935808323065,4832.4647565165005,4917.185546875,1629308
2020-12-16,4920.188719318404,4982.167840782687,4857.494454144919,4875.373046875,630475
2020-12-17,4914.182486157405,4976.44748885133,4888.341862871513,4931.44091796875,834935
2020-12-18,4901.118535070961,4971.679385575873,4877.280409900382,4913.03759765625,549221
2020-12-21,4915.421464756943,4948.79484036635,4639.328482200762,4775.1103515625,597997
2020-12-22,4805.718182822534,4854.490890134519,4663.881348728476,4787.9345703125,576026
2020-12-23,4767.24339542146,4839.1390829649845,4748.792594667264,4799.9970703125,449498
2020-12-24,4862.024143195742,4886.196095899617,4778.7336384467335,4810.29541015625,431767
2020-12-28,4820.450643807522,4920.189461275877,4820.450643807522,4903.1689453125,410405
2020-12-29,4920.188893476466,4932.346336963254,4845.432628212637,4907.5546875,401258
2020-12-30,4917.376097849266,5149.035191448013,4882.095671537493,5105.88818359375,1002535
2020-12-31,5124.24252541359,5129.010149646389,5016.68510895694,5042.38232421875,728164
2021-01-01,5069.796762521881,5100.4050068302895,5033.944130937801,5044.90966796875,355623
2021-01-04,5060.309770766431,5136.49632644025,5046.101875554879,5079.61865234375,453783
2021-01-05,5088.009257341177,5123.194235736976,5001.285974787394,5092.9677734375,530958
2021-01-06,5110.894154184614,5214.351619805702,5053.682652458667,5195.13818359375,701452
2021-01-07,5220.5489876890115,5261.264688403678,5134.731744055767,5147.080078125,742403
2021-01-08,5167.152087810027,5352.421813119511,5165.769290294486,5331.87353515625,802681
2021-01-11,5292.063886637694,5431.993684000591,5249.107770513946,5362.3388671875,714576
2021-01-12,5363.387005434834,5431.230678767299,5293.01704966597,5376.92724609375,591436
2021-01-13,5387.415715695925,5410.300313426315,5339.73947042428,5388.130859375,423240
2021-01-14,5382.648401906365,5410.300625760267,5301.598780265613,5322.91015625,464204
2021-01-15,5327.344433580316,5393.85280555852,5173.588519867264,5198.85693359375,589866
2021-01-18,5187.176389017824,5207.96304934139,5078.9038033831575,5135.68603515625,461596
2021-01-19,5149.1305029507175,5277.760933765278,5143.075526015622,5234.94775390625,483417
2021-01-20,5257.73657090148,5296.115950114172,5209.964877819688,5289.29833984375,321063
2021-01-21,5338.786980183011,5384.556184513925,5255.258089161409,5285.81884765625,481346
2021-01-22,5318.762289208815,5334.972213718773,5213.922032392882,5277.56982421875,680688
2021-01-25,5478.000914640552,5560.766695226931,5079.093653091222,5118.9033203125,3236487
2021-01-27,5129.964964735721,5263.363031202893,5082.6225373145335,5153.66015625,1212604
2021-01-28,5101.3586250161225,5215.734132199262,5091.823375249737,5190.7041015625,576548
2021-01-29,5233.898683141513,5253.636836719007,5042.240159674317,5079.666015625,745559
2021-02-01,5133.778958364484,5524.009091854578,5015.541850110919,5477.19091796875,1455212
2021-02-02,5516.14229532981,5910.901657519358,5516.14229532981,5838.9580078125,2251712
2021-02-03,5868.946288099673,5948.088861927825,5759.290914723319,5792.37841796875,952770
2021-02-04,5809.82678161299,5921.389186577493,5760.767742938153,5895.453125,683257
2021-02-05,5892.784010209468,6101.605967852813,5835.572514964716,6056.8857421875,1174059
2021-02-08,6083.34636978475,6183.609427210044,6024.370757303478,6072.18994140625,769441
2021-02-09,6126.207624180944,6178.842393770649,6075.718751566372,6122.01220703125,947676
2021-02-10,6141.749941797579,6282.776195518139,6027.326942334507,6095.07470703125,1045511
2021-02-11,6102.0833684892195,6167.399832391323,6073.28672663571,6128.4482421875,390465
2021-02-12,6140.605246090583,6178.841689788581,6071.045880185868,6099.9375,408867
2021-02-15,6135.933753163893,6163.538489850553,6090.259995966649,6109.9501953125,277851
2021-02-16,6148.329468951593,6245.589023206101,6112.048027349855,6157.673828125,595723
2021-02-17,6157.673367165317,6240.344168328323,6093.930595369412,6120.86767578125,555520
2021-02-18,6190.570408286237,6190.570408286237,6008.161255037595,6031.8564453125,573974
2021-02-19,6021.510373410697,6024.990646542103,5888.016873445931,5919.9599609375,499669
2021-02-22,5926.157367530654,5992.856621804407,5824.749899346713,5888.11181640625,528408
2021-02-23,5898.506182140753,6052.881800450257,5846.109792428399,5977.12451171875,453805
2021-02-24,6025.324466365908,6150.2362411869135,5921.390241514842,6116.43359375,378560
2021-02-25,6108.280945197115,6167.399493214945,6043.870519842067,6086.6357421875,803072
2021-02-26,6073.953533830744,6187.422995451758,5778.360818683565,5830.8046875,1307673
2021-03-01,5929.780860714314,6092.8336295810395,5883.821236796125,6069.23388671875,609302
2021-03-02,6078.721780873768,6172.977818781931,6018.745152420154,6124.58642578125,438046
2021-03-03,6150.23614845132,6231.285772113082,6132.119173750457,6198.38916015625,467421
2021-03-04,6130.212341220579,6512.575873469677,6097.268238081355,6460.65625,1303144
2021-03-05,6379.558908718655,6621.468383518674,6379.558908718655,6493.791015625,1828811
2021-03-08,6522.110420110877,6529.643173823454,6333.121595678762,6358.2470703125,658514
2021-03-09,6431.526066297154,6506.854540609605,6350.476442036923,6386.13818359375,483037
2021-03-10,6438.296572992397,6473.481554163808,6373.361424072897,6449.69091796875,302774
2021-03-12,6453.456412540821,6535.125725707749,6304.754020700329,6329.64111328125,673811
2021-03-15,6355.244164058983,6368.4505785078245,6188.424778048368,6256.5068359375,349036
2021-03-16,6283.730123899355,6391.478455310679,6259.987443104275,6331.35888671875,614224
2021-03-17,6330.451784524654,6360.011056300564,6186.850842069827,6217.220703125,443282
2021-03-18,6288.49725057007,6328.211472916572,6166.1601817260935,6207.4951171875,345807
2021-03-19,6197.91216587277,6388.617155591933,6072.571125144509,6361.91845703125,654457
2021-03-22,6356.1019249542505,6469.666840579365,6323.109868286977,6415.31591796875,467719
2021-03-23,6421.132368471954,6635.341652354676,6415.363263252698,6616.60498046875,890457
2021-03-24,6570.263416299345,6621.276999170257,6522.110408168859,6539.8935546875,716392
2021-03-25,6538.60669742063,6592.576304722448,6327.5918043458905,6356.67431640625,547365
2021-03-26,6417.032594511227,6469.667362680255,6375.6976567133825,6422.2294921875,303751
2021-03-30,6468.713524712582,6555.484298702682,6432.479575134298,6470.2392578125,422141
2021-03-31,6537.605527829556,6537.605527829556,6401.871156223418,6424.8037109375,647600
2021-04-01,6451.549226422966,6611.455532266795,6418.366747408584,6578.22509765625,531749
2021-04-05,6574.555202985414,6668.954182694704,6421.99119537444,6479.96533203125,540954
2021-04-06,6493.790492899376,6530.69209306398,6395.48244738276,6423.5634765625,508328
2021-04-07,6431.525125496747,6541.18048345555,6401.346157054442,6445.87548828125,301479
2021-04-08,6482.06302237426,6725.068964455173,6468.522780987728,6647.26123046875,635298
2021-04-09,6712.815936030174,6728.024845870593,6476.198802652695,6508.61865234375,592763
2021-04-12,6448.9753905728585,6448.9753905728585,6166.446121748064,6206.87548828125,585717
2021-04-13,6245.588678887061,6347.09160021669,6202.29873749764,6297.50830078125,551188
2021-04-15,6339.987619176903,6388.617393365204,6096.504921373287,6235.3857421875,490675
2021-04-16,6207.447809998452,6471.0499850316655,6207.447809998452,6403.111328125,636917
2021-04-19,6197.912603750625,6264.135102344515,6116.862977393886,6207.20947265625,559506
2021-04-20,6335.219510366719,6377.746814526282,5892.783951545202,5912.6650390625,1272134
2021-04-22,5909.995424739376,5935.693109658308,5692.735126521621,5809.16015625,1795988
2021-04-23,5810.781137677064,5868.9461605517445,5717.1447998631365,5785.89404296875,968454
2021-04-26,5846.824014430605,6000.532420299224,5827.229263237507,5984.22705078125,697792
2021-04-27,5987.183410476546,6050.9741391714015,5945.228310928693,6032.76171875,512910
2021-04-28,6064.419006859489,6107.327631908023,5988.137006773206,6065.181640625,414435
2021-04-29,6121.629869137309,6147.660912719336,6026.658695806858,6085.8251953125,406869
2021-04-30,6083.489749434067,6125.444851154302,5943.845821223063,5987.13623046875,475175
2021-05-03,5961.437986477158,6083.4891800582645,5864.178441592214,6055.0263671875,402055
2021-05-04,6093.024832630613,6126.398208083207,5992.904706272833,6003.82275390625,330346
2021-05-05,6050.06806520287,6102.559425273994,6001.867101639306,6083.82275390625,215973
2021-05-06,6102.559938504518,6131.070242599543,6020.5567893308635,6107.7568359375,246632
2021-05-07,6159.723726877475,6220.796814085135,6116.8151038496035,6180.6533203125,745582
2021-05-10,6283.729342834651,6298.032216907871,6035.8128588988375,6105.515625,872011
2021-05-11,6093.024514342368,6312.287765847357,6017.123834160275,6188.94921875,1139377
2021-05-12,6164.443117783282,6188.853448677104,6074.907221557944,6091.927734375,392657
2021-05-14,6119.722889871076,6180.7484842854965,5966.109933313361,6072.14208984375,405281
2021-05-17,6083.393724460753,6249.640892312323,6036.766447607173,6228.7587890625,357292
2021-05-18,6274.194433549715,6360.01168264082,6257.603191843109,6343.8017578125,451024
2021-05-19,6321.870396502641,6441.061014837909,6217.030142379597,6256.26806640625,475946
2021-05-20,6293.264662419796,6324.206733245368,6217.650320211214,6268.330078125,256088
2021-05-21,6300.7977968549985,6364.541036652357,6283.77728237259,6329.11767578125,307027
2021-05-24,6340.940989055265,6362.299855058622,6236.100733384338,6257.412109375,288501
2021-05-25,6319.009899897355,6328.878976335373,6223.848295275636,6251.8818359375,176134
2021-05-26,6288.402084704726,6310.428605866453,6221.893714311982,6275.052734375,248015
2021-05-27,6293.264649205785,6412.407777549954,6274.432531505509,6363.1103515625,1707144
2021-05-28,6411.50235316265,6421.991128576807,6279.534581069486,6291.8349609375,285093
2021-05-31,6325.638232279833,6408.642408740612,6281.96650190455,6396.24658203125,328449
2021-06-01,6410.548964556182,6410.548964556182,6255.124380111342,6294.552734375,397989
2021-06-02,6294.552474045905,6360.011873448806,6247.82974813901,6287.73486328125,567704
2021-06-03,6321.871402145035,6345.709529604103,6269.427521735083,6333.02783203125,349479
2021-06-04,6321.87045215125,6374.314324680408,6308.187275928243,6354.576171875,205504
2021-06-07,6379.0348350608565,6586.903287507281,6353.337149773066,6531.3125,617042
2021-06-08,6574.554586724145,6574.554586724145,6412.455343831744,6478.6298828125,218632
2021-06-09,6460.131424785773,6472.145932066143,6371.453605965835,6412.216796875,345102
2021-06-10,6434.386133020429,6449.451640457549,6370.499963649894,6397.818359375,198704
2021-06-11,6412.551269024022,6441.014084272346,6340.941446190716,6353.1943359375,193014
2021-06-14,6345.708375202375,6375.172202264083,6274.1940058349555,6368.1162109375,160001
2021-06-15,6368.115788261245,6432.526206427664,6350.809405140689,6358.3896484375,193128
2021-06-16,6360.535504423506,6382.991295768029,6259.89113479028,6281.25,224100
2021-06-17,6250.356373174066,6436.293748119748,6245.6362381900935,6393.2421875,637296
2021-06-18,6398.153116027179,6415.269076991704,6277.389260986165,6382.80126953125,367329
2021-06-21,6322.823563168193,6474.434021099688,6219.080241083105,6460.60791015625,361652
2021-06-22,6474.4344439042,6617.4631871421425,6437.676243127392,6540.18017578125,542280
2021-06-23,6555.198690931297,6630.5271680824435,6466.806734671749,6582.51708984375,438444
2021-06-24,6579.322010812961,6654.173717747572,6568.880726603941,6638.39306640625,278305
2021-06-25,6674.674841222194,6674.674841222194,6569.787093717274,6601.25341796875,183496
2021-06-28,6626.998633982517,6655.556893467905,6539.989479255768,6550.1923828125,127275
2021-06-29,6555.483599969264,6560.251224405605,6483.492470980511,6507.521484375,235008
2021-06-30,6484.923574400343,6546.950189887492,6436.293799029894,6461.08544921875,283145
2021-07-01,6462.324017117678,6483.492455800801,6379.081480889383,6395.52978515625,274106
2021-07-02,6434.243984333972,6434.243984333972,6374.314842917509,6407.5927734375,256489
2021-07-05,6407.6878575041455,6474.434606019814,6383.372970544867,6407.544921875,134014
2021-07-06,6414.934516790063,6673.721093894268,6414.8390711778375,6610.8359375,681761
2021-07-07,6614.126439994628,6638.441328514755,6494.506537490642,6603.25634765625,382398
2021-07-08,6596.485144524361,6669.811114953086,6524.970778256751,6581.13330078125,365610
2021-07-09,6569.787576720005,6599.013026305731,6517.343699111935,6578.8935546875,170542
2021-07-12,6584.185475558478,6784.282787037248,6584.185475558478,6764.06787109375,610763
2021-07-13,6779.562582171025,6827.238830990792,6751.8628678420855,6797.53662109375,372867
2021-07-14,6779.8484626728605,6902.519823524079,6736.6539674186015,6787.23828125,379753
2021-07-15,6802.780997314604,6884.450318291342,6771.695990017388,6855.5107421875,292170
2021-07-16,6872.054347807272,7017.94366586118,6848.835922045074,6993.67626953125,436381
2021-07-19,6965.30890801492,7041.78179567383,6908.28830191698,6972.50830078125,365109
2021-07-20,6993.43769279308,7193.392056418524,6989.337721838253,7079.63671875,953888
2021-07-22,7164.78664695125,7195.776208573012,6951.197053004341,7112.3427734375,1163215
2021-07-23,7246.599469256566,7283.930347334344,7122.832104334942,7142.1884765625,813619
2021-07-26,7165.740190942985,7284.93081288149,7074.916937025842,7262.7138671875,369346
2021-07-27,7270.627709370371,7318.3039566449315,7207.695062967952,7243.2138671875,297511
2021-07-28,7284.8838518203165,7327.839968850632,7160.973086020593,7298.900390625,289531
2021-07-29,7313.536754839187,7360.164034252363,7281.116904817735,7342.57177734375,227836
2021-07-30,7361.022390735009,7370.748532342929,7239.162077302395,7265.09814453125,245105
2021-08-02,7303.281262055814,7395.984994019013,7302.562628474704,7322.44482421875,202451
2021-08-03,7329.104370696937,7538.226743412927,7290.202245820072,7515.23046875,385216
2021-08-04,7580.146548765121,7580.146548765121,7410.357211268148,7425.8798828125,258018
2021-08-05,7425.879253701732,7502.389858036132,7325.270567038676,7338.68505859375,173662
2021-08-06,7368.388906989837,7397.038335955996,7192.227786038041,7212.82861328125,250068
2021-08-09,7280.23660624512,7298.154722388578,7161.422531597266,7182.1669921875,236944
2021-08-10,7191.126292777731,7229.645237679332,7115.430226537966,7161.56640625,164588
2021-08-11,7152.799361813288,7232.328142393395,7058.610643764377,7140.7744140625,129339
2021-08-12,7145.1333685018035,7262.989262872961,7121.993463301001,7156.34423828125,206051
2021-08-13,7199.174901980793,7214.553940473609,7121.179301907116,7148.67919921875,207505
2021-08-16,7148.6794169549385,7163.291632732898,7025.409432185684,7039.39892578125,191968
2021-08-17,7068.479545179848,7116.58027091259,6992.831200235513,7099.18896484375,203995
2021-08-18,7114.471782085681,7401.9251874224765,7096.266399747684,7283.54248046875,724989
2021-08-20,7278.895259735352,7306.011510629595,7124.580408486187,7179.96337890625,358744
2021-08-23,7246.078422699019,7246.078422699019,6983.20216105802,7043.5673828125,310220
2021-08-24,7109.681047134972,7162.09357299587,7062.443056971337,7143.552734375,174447
2021-08-25,7152.7997745626,7174.790149895141,7061.772851778482,7073.6064453125,146150
2021-08-26,7056.981345265578,7108.627048639845,6995.657950004614,7001.5029296875,183243
2021-08-27,7024.020054462332,7277.170412666143,7012.13874030311,7249.19189453125,497367
2021-08-30,7254.3659595109,7419.747583212625,7254.3659595109,7381.61181640625,319952
2021-08-31,7410.549502152566,7531.279944002995,7346.0161128771,7504.88232421875,475968
2021-09-01,7504.45038793053,7598.351835583389,7369.826373693523,7442.12109375,352822
2021-09-02,7478.387762778835,7659.627512929156,7436.467473622273,7620.150390625,393057
2021-09-03,7660.633704062596,7693.690847626092,7542.777800923171,7598.20849609375,198454
2021-09-06,7636.486728304912,7709.164622140075,7598.255520222432,7620.00634765625,212634
2021-09-07,7620.006939553524,7722.915169706821,7580.625727684307,7690.57666015625,240683
2021-09-08,7693.211414256268,7735.658513903945,7612.964004124999,7658.62109375,198064
2021-09-09,7604.100888274417,7649.135255934309,7569.606479003011,7607.59814453125,159693
2021-09-13,7631.887636035229,7631.887636035229,7574.39695704438,7612.197265625,187063
2021-09-14,7636.67836191525,7639.600617557045,7521.697006403352,7527.87744140625,168408
2021-09-15,7559.066832069049,7597.393955060907,7464.207202664203,7493.76708984375,235010
2021-09-16,7530.034187073227,7540.525956225196,7406.716482300092,7440.68408203125,216078
2021-09-17,7483.3702736169325,7509.863802076296,7340.362205327902,7389.3251953125,503207
2021-09-20,7362.640460520888,7406.860285904176,7230.076427891929,7259.1572265625,291081
2021-09-21,7219.871630594507,7366.472872728676,7200.228980504635,7275.15869140625,214916
2021-09-22,7282.057740842718,7349.226120075463,7260.019644263613,7306.68310546875,206063
2021-09-23,7322.540602577127,7375.288587188606,7262.989927809711,7301.02978515625,201988
2021-09-24,7313.773380761608,7322.971984022579,7186.335694446752,7206.9365234375,341258
2021-09-27,7228.111884172186,7350.040038548594,7211.295579021342,7304.09521484375,261520
2021-09-28,7310.802683665548,7462.290728466509,7234.244350272489,7270.9423828125,403030
2021-09-29,7234.24417615084,7340.937394095682,7128.844592127451,7152.36767578125,490626
2021-09-30,7176.753092466582,7185.280782942971,7062.729912492813,7086.7802734375,422904
2021-10-01,7086.780851458351,7188.251814559408,7048.549640391542,7170.5732421875,366658
2021-10-04,7182.502332355701,7291.638713657605,7181.544154349784,7201.28271484375,339796
2021-10-05,7186.335229413686,7248.473168269422,7138.522239259393,7151.8408203125,229310
2021-10-06,7185.233522319088,7223.70427723234,7038.775914650321,7055.06494140625,279814
2021-10-07,7111.597217833943,7146.043904571341,7006.14991456814,7047.01611328125,583113
2021-10-08,7067.5207651739765,7095.499749273519,7021.528222233582,7028.9541015625,234324
2021-10-11,7090.517488532109,7099.093369125226,7003.994198755387,7023.6845703125,346054
2021-10-12,7008.114333034736,7050.274167687939,6892.174787738427,6946.9345703125,407411
2021-10-13,6959.24751543134,7080.840222314751,6956.3729811416115,7042.9921875,347921
2021-10-14,7128.844979632884,7146.044463468495,7033.027170766851,7086.2060546875,599817
2021-10-18,7215.080241439653,7324.312531947504,6996.040660059734,7089.84619140625,1413642
2021-10-19,7175.795303644387,7175.795303644387,6853.847483905501,6870.232421875,868388
2021-10-20,6803.063619629898,7004.089171555953,6795.637740326781,6831.42578125,703897
2021-10-21,6899.696751424249,6904.056274563354,6788.69172679373,6830.8515625,318247
2021-10-22,6859.357079289222,6930.501799126795,6803.064119148382,6850.58984375,330818
2021-10-25,6850.590383373411,6874.880292298305,6713.9540898285095,6850.78173828125,245401
2021-10-26,6851.116336573538,6989.908513515411,6850.972703445536,6965.091796875,372893
2021-10-27,6966.912698764696,7063.688683165086,6931.460110419999,7046.63330078125,364657
2021-10-28,7067.521608231575,7186.335691667138,7046.441690202685,7135.216796875,556897
2021-10-29,7152.798666826953,7368.38871371725,7035.900952513103,7316.69482421875,659277
2021-11-01,7349.22508847825,7484.328183325112,7327.809717105987,7449.9296875,469658
2021-11-02,7461.332907491394,7488.928249785496,7366.856452717483,7390.76318359375,177655
2021-11-03,7435.366255169249,7571.763003304318,7406.76454488691,7557.96533203125,388455
2021-11-04,7566.732633666748,7601.131134693708,7532.909133085392,7551.2099609375,32611
2021-11-08,7607.9334735989105,7923.1740419634,7516.90656176114,7870.52197265625,825196
2021-11-09,7857.059987199211,7909.807501554489,7802.443838507704,7824.48193359375,253056
2021-11-10,7804.360402020728,7845.418426007365,7713.333485115637,7767.7578125,209152
2021-11-11,7761.242726485531,7801.342574144454,7670.215805619342,7713.95654296875,125814
2021-11-12,7746.870108576904,7774.465451318579,7670.215858894016,7742.7978515625,180509
2021-11-15,7742.078595403528,7830.757786230245,7695.127871248234,7714.099609375,119066
2021-11-16,7780.405877289787,7798.611260500194,7527.734134746456,7552.74267578125,277983
2021-11-17,7516.9066354845745,7616.509428716499,7474.746802219906,7529.07568359375,183623
2021-11-18,7568.647938333884,7598.351456005532,7392.390910038142,7442.83935546875,196805
2021-11-22,7472.830270363309,7482.028872794912,7234.818947194997,7333.70263671875,383629
2021-11-23,7301.316643842229,7392.056291113917,7225.33331263248,7337.6796875,475377
2021-11-24,7406.715820859359,7443.174306028766,7234.243783633657,7260.40185546875,292766
2021-11-25,7244.113325504586,7315.1626022124865,7203.151213860109,7290.5849609375,173989
2021-11-26,7234.244450507539,7281.1951760803695,7061.868308762225,7085.4873046875,265808
2021-11-29,7046.920280737679,7124.005889947954,6900.223131623973,7079.2587890625,382413
2021-11-30,7078.348885458097,7204.54112827371,7040.2613060128415,7122.8564453125,547664
2021-12-01,7293.651626342756,7357.610013896405,6986.076459230823,7016.35498046875,509749
2021-12-02,7052.190452618945,7079.977616087144,6958.289003657443,7016.9296875,239691
2021-12-03,7069.8691599212825,7143.2175039545555,6991.010824131214,7025.79296875,401430
2021-12-06,7037.673778274877,7080.552243783423,6899.839779375332,6912.87109375,173852
2021-12-07,6980.327816505678,7030.105358497819,6932.418909048535,6994.12548828125,162646
2021-12-08,7022.486631172205,7146.810227896805,6994.699468898499,7113.4658203125,209590
2021-12-09,7164.106106983236,7200.900521729319,7080.9364318427015,7122.95263671875,198582
2021-12-10,7138.4262919081075,7140.1990148278355,7081.222876626121,7129.27587890625,144726
2021-12-13,7199.750211823749,7224.56693093283,7082.948395518092,7104.36376953125,220084
2021-12-14,7099.140756075735,7146.953744394363,7030.247851893473,7077.48583984375,210516
2021-12-15,7105.848474665528,7105.848474665528,7023.44516171768,7063.06591796875,113049
2021-12-16,7104.69828260168,7128.844556145676,7063.49662723686,7103.6923828125,140591
2021-12-17,7100.865196698019,7100.865196698019,6996.615619476362,7030.4873046875,279606
2021-12-20,6965.9546732412255,6965.9546732412255,6740.974646179462,6861.36962890625,285814
2021-12-21,6935.292944956266,7066.5633419525375,6879.8145276810155,7020.90625,241099
2021-12-22,7013.863543219864,7114.472241585723,7006.629485862476,7068.71923828125,158971
2021-12-23,7123.86214447162,7123.86214447162,6994.652205716084,7033.60205078125,210152
2021-12-24,7054.106745767042,7138.426413469772,6900.702347658524,6922.64453125,270337
2021-12-27,6917.087499937659,6989.90903339039,6872.340396842945,6942.0478515625,142927
2021-12-28,6970.745073097141,7106.806351499862,6970.745073097141,7096.3623046875,185895
2021-12-29,7076.144621902229,7148.007972835562,7065.31739750575,7110.59130859375,219901
2021-12-30,7110.591200104597,7181.448182327556,7071.449535321371,7087.83447265625,243710
2021-12-31,7138.426803640955,7339.165114427906,7111.071006188611,7273.57763671875,258372
2022-01-03,7282.1534114353235,7425.880123503126,7253.455790781629,7400.87158203125,250533
2022-01-04,7424.921630999194,7447.774270822311,7293.363973268366,7330.3974609375,315188
2022-01-05,7330.541078245741,7444.0851757259215,7277.362197147429,7339.21240234375,400874
2022-01-06,7320.0488780507985,7377.923206110952,7114.519687917307,7146.61865234375,403448
2022-01-07,7152.89537518585,7262.98994449269,7127.9345551484985,7241.8623046875,543512
2022-01-10,7272.571573632098,7299.017382017383,7207.702730949749,7267.92431640625,213126
2022-01-11,7291.447632755831,7358.232361561552,7244.975997722629,7288.189453125,234296
2022-01-12,7343.285259885607,7405.758660206829,7291.639552993832,7338.39892578125,297378
2022-01-13,7359.765454055742,7396.751219614087,7237.933211020188,7288.66845703125,274893
2022-01-14,7314.731457575548,7377.971210811072,7250.437614880688,7340.1708984375,250253
2022-01-17,7315.6892821147085,7613.682650384214,7186.43115903226,7540.95703125,1216949
2022-01-18,7480.495559237746,7563.8570442708815,7205.49847642729,7239.89697265625,565178
2022-01-19,7282.057475690478,7282.057475690478,7045.4834019904965,7123.47900390625,439305
2022-01-20,7157.590121590567,7243.39477987994,7085.726766956123,7153.2783203125,249483
2022-01-21,7119.263243566847,7142.882240028944,7005.240050298415,7049.93896484375,207851
2022-01-24,7052.190993571828,7056.981884192461,6792.189266017991,6856.72265625,319304
2022-01-25,6822.227860086049,6854.710003095,6707.246491657633,6801.4833984375,467078
2022-01-27,6841.391072375812,6851.260118851481,6659.337248320993,6803.73486328125,418032
2022-01-28,6823.090121930692,6962.50503105112,6797.315225431707,6812.50244140625,511605
2022-01-31,6888.2462942502025,6975.105043485242,6867.837288324401,6914.59619140625,250406
2022-02-01,6959.439465374664,7220.351178696159,6932.610478180251,7201.90625,731348
2022-02-02,7255.995465226269,7258.1990877061,7114.472373098059,7129.80322265625,324627
2022-02-03,7148.966786269481,7171.963060612125,7043.567195532362,7066.89892578125,167162
2022-02-04,7079.977652402605,7214.98484685645,7071.497683038979,7128.50927734375,462491
2022-02-07,7128.509210031212,7204.493009834456,7054.585867316231,7156.96728515625,391483
2022-02-08,7163.291715206177,7185.377533147904,7048.16624282375,7110.97509765625,270604
2022-02-09,7125.011507197871,7232.23153030889,7111.070204639248,7190.21533203125,253643
2022-02-10,7200.421291241846,7233.238891786824,7148.2960273287945,7161.90234375,284223
2022-02-11,7148.104294486914,7148.104294486914,6989.046735291748,7017.31298828125,265177
2022-02-14,6939.604536687973,6939.604536687973,6755.155261808797,6792.6201171875,266661
2022-02-15,6803.06417707498,7012.378359920825,6736.997613168953,6985.4052734375,255775
2022-02-16,6980.326348027705,7013.86257619256,6867.213628461516,6878.66357421875,322839
2022-02-17,6846.182252230164,6922.836497181656,6735.991775112394,6751.27490234375,499955
2022-02-18,6754.197154405971,6769.384370250332,6611.4286232658815,6627.33447265625,510600
2022-02-21,6611.42915416184,6623.4541026531415,6506.987737088849,6528.4990234375,424346
2022-02-22,6432.249772662789,6486.865925953684,6396.940815077206,6467.27099609375,359236
2022-02-23,6496.447337397423,6578.850651706593,6453.329324096113,6496.63916015625,506540
2022-02-24,6347.834651257612,6371.070472562405,6128.699578060229,6150.01904296875,610393
2022-02-25,6276.066619837049,6378.256221685674,6247.321276540086,6295.4697265625,376464
2022-02-28,6264.568342165476,6325.891739825095,6170.8105226403695,6293.2177734375,557289
2022-03-02,6265.525769027601,6265.525769027601,6076.764708238728,6131.71630859375,686927
2022-03-03,6147.670927823336,6167.936301851542,5715.388954829413,5730.576171875,2406110
2022-03-04,5700.920029668275,5911.958751721208,5606.108121538249,5797.2646484375,1336552
2022-03-07,5681.324917766349,5681.324917766349,5446.906751692875,5459.79443359375,1280108
2022-03-08,5395.5005549554,5629.2959972230465,5393.776021623804,5589.48388671875,955847
2022-03-09,5643.668800984263,5805.361349399559,5577.7463372782095,5765.69287109375,813790
2022-03-10,5942.619807541727,5999.344130868783,5753.427379023984,5799.419921875,967482
2022-03-11,5790.270348214842,5864.002341298958,5729.9051269774545,5769.1904296875,533023
2022-03-14,5796.977690370353,5814.128985336722,5706.956667852584,5783.46728515625,466938
2022-03-15,5840.910359220601,5913.875531645734,5722.287623738025,5769.43017578125,819263
2022-03-16,5873.631381140073,6053.002497248239,5825.722479173189,6042.1748046875,888929
2022-03-17,6113.511158597609,6198.932634601976,6074.848582328856,6107.04345703125,979987
2022-03-21,6103.5941498523625,6103.5941498523625,5917.755330782959,5932.31982421875,531422
2022-03-22,5902.376766881081,5965.472884819896,5805.69669555408,5951.81884765625,1073804
2022-03-23,6048.499206797527,6048.499206797527,5935.961002728478,5973.2822265625,664235
2022-03-24,5942.620532480501,6112.744865739747,5940.7041762946,6086.20361328125,642226
2022-03-25,6117.967005610125,6123.380618158909,6021.2387418463395,6048.69091796875,321023
2022-03-28,6079.639894364592,6127.5010764218305,5983.869808490454,6093.96484375,325668
2022-03-29,6110.301488193187,6274.149936441742,6109.343310133254,6253.64501953125,671879
2022-03-30,6268.880018744142,6389.897721759313,6268.880018744142,6364.8896484375,705385
2022-03-31,6381.466263753086,6418.835210342631,6305.770192456316,6326.17919921875,399272
2022-04-01,6326.849963832102,6409.109646893048,6290.486917968054,6391.57470703125,216837
2022-04-04,6354.636902113578,6475.798705100955,6345.055121501224,6461.85693359375,268314
2022-04-05,6486.865813125151,6530.942006242398,6400.6775048745485,6444.849609375,412049
2022-04-06,6419.793108472353,6507.945491454362,6410.2113277134395,6454.43115234375,297453
2022-04-07,6415.960311550789,6512.257206907846,6415.960311550789,6454.91015625,234000
2022-04-08,6514.653195403343,6563.520280704942,6441.688023373138,6551.06396484375,309692
2022-04-11,6548.812110202178,6629.155440558365,6515.611331328595,6571.904296875,359038
2022-04-12,6563.519648500619,6571.903706445783,6440.6810352341645,6492.18310546875,385829
2022-04-13,6467.701776561542,6553.937800249029,6414.235629019448,6448.5859375,386535
2022-04-18,6367.572102120762,6410.115113105781,6295.2773825704735,6361.9189453125,240392
2022-04-19,6419.793002624501,6481.35594298549,6233.954180725271,6310.2734375,353426
2022-04-20,6311.5191004001645,6542.200476356038,6310.273656023066,6522.4619140625,328054
2022-04-21,6544.356077808917,6598.972226628112,6523.276160720806,6560.166015625,181457
2022-04-22,6515.610888770907,6525.1449477302485,6429.470773681145,6462.048828125,237385
2022-04-25,6414.044333973857,6432.297440011976,6282.438475646575,6319.232421875,227496
2022-04-26,6400.629453324722,6414.235768947499,6338.34787930285,6381.65771484375,279555
2022-04-27,6300.020494024931,6352.576652098489,6262.699272927589,6274.5810546875,327597
2022-04-28,6322.058647764375,6357.511234907037,6277.072002070283,6340.21630859375,243308
2022-04-29,6340.647279529666,6512.736149389871,6247.512654593293,6352.9599609375,1139560
2022-05-02,6331.257565481467,6448.538468725436,6269.26325665432,6399.67138671875,329548
2022-05-04,6399.67112711476,6428.03329066177,6229.1154360492665,6249.189453125,228457
2022-05-05,6285.6476677170795,6320.04616427779,6074.848508129006,6089.89208984375,344367
2022-05-06,6036.521982578372,6036.521982578372,5902.377049632187,5940.89599609375,499910
2022-05-09,5916.749179732854,6012.471068841805,5859.258499443951,5964.27490234375,355285
2022-05-10,5951.100272024489,6154.809020279737,5941.230757332548,6100.19287109375,359456
2022-05-11,6103.54583313754,6167.312388705811,5950.2373608011885,6075.0400390625,217452
2022-05-12,6036.521805440281,6036.521805440281,5823.423097499672,5926.7626953125,323730
2022-05-13,6006.243134994982,6029.62258560915,5885.8958795461895,5937.39794921875,319217
2022-05-16,5935.625975927753,5935.625975927753,5577.554638079215,5761.3330078125,685657
2022-05-17,5761.332818309985,5869.655128075338,5730.287942919727,5852.31201171875,637179
2022-05-18,5906.209560795569,6016.400037676083,5873.679228520169,5973.04248046875,371945
2022-05-19,5872.6734745633585,5918.091022155304,5796.977405956652,5818.63232421875,259111
2022-05-20,5907.16775677759,5907.16775677759,5810.583595197788,5872.337890625,374540
2022-05-23,5915.790815264569,5963.69971399525,5653.250050220433,5668.8681640625,528566
2022-05-24,5699.1955219509755,5708.441846889625,5589.675486232021,5622.63671875,458962
2022-05-25,5647.501320893382,5728.946453617498,5536.592213683778,5549.958984375,571568
2022-05-26,5577.554653502973,5669.539750004655,5468.082806885088,5628.57763671875,512954
2022-05-27,5658.041022274426,5726.550748454379,5639.883362247629,5699.24267578125,290626
2022-05-30,5749.068407862971,5899.262820018392,5716.058986277004,5847.42529296875,330562
2022-05-31,5854.467852035355,5883.213193371043,5792.234000899438,5828.2138671875,431470
2022-06-01,5825.722793782808,5844.599089321297,5701.1596419420575,5725.73681640625,268629
2022-06-02,5716.490000509587,5772.016603263774,5658.999319981499,5756.58984375,320094
2022-06-03,5859.258879726507,5859.258879726507,5375.3789558897315,5441.349609375,2216480
2022-06-06,5442.451418800667,5495.1512124686315,5341.84272179819,5347.92724609375,999722
2022-06-07,5327.470161421458,5343.088277088662,5183.743448433469,5322.87109375,1203977
2022-06-08,5348.501881751956,5378.5403878058405,5269.979007397591,5300.4970703125,605175
2022-06-09,5293.933306439668,5303.515086179829,5217.279068518369,5252.6357421875,375314
2022-06-10,5227.7234692540305,5304.186357480201,5182.785012798328,5280.56689453125,493489
2022-06-13,5203.865231765289,5222.070615562663,5113.7964908730155,5132.1455078125,441354
2022-06-14,5126.252541763534,5268.062892451572,5101.339912588609,5201.5654296875,610906
2022-06-15,5213.350528360646,5244.634946138924,5175.11932016001,5226.04638671875,286759
2022-06-16,5250.816139525706,5256.565208291609,5056.3537013748355,5083.37451171875,732233
2022-06-17,5078.344033024273,5081.170845620781,4941.37228370637,4960.775390625,819352
2022-06-20,4962.404285683681,5123.809570708397,4945.923435532427,5110.2509765625,506142
2022-06-21,5131.043511627913,5205.78140031269,5041.980673801069,5192.27099609375,292408
2022-06-22,5174.161741539253,5200.990728347235,5097.507493516449,5183.69580078125,214821
2022-06-23,5200.990211270567,5268.924938254701,5133.965472674993,5184.0302734375,296712
2022-06-24,5222.070022192898,5279.560701336306,5207.889175148329,5239.6044921875,265862
2022-06-27,5279.561025913572,5348.549845126961,5258.5288306897855,5327.70947265625,226613
2022-06-28,5327.469753768337,5351.424204100029,5250.815512706922,5339.6865234375,278114
2022-06-29,5310.22274500929,5411.789618154541,5290.196917366877,5383.33154296875,490615
2022-06-30,5393.5846445629695,5412.748206988135,5303.515901164689,5372.7919921875,572821
2022-07-01,5365.7974768290105,5461.375744385027,5255.606992929844,5453.66259765625,329610
2022-07-04,5442.355822405275,5504.7333117290655,5396.555095310858,5470.28662109375,165959
2022-07-05,5471.6762364232345,5521.98058847861,5461.950821931279,5490.31298828125,307970
2022-07-06,5509.523958335253,5600.4549645277,5488.68358510155,5584.3095703125,371948
2022-07-07,5610.132195988197,5626.373500249673,5529.884788402542,5594.65771484375,261593
2022-07-08,5606.300175264793,5709.73569037338,5562.798982226549,5594.89794921875,410980
2022-07-11,5576.596463039672,5623.547189274886,5538.844340006293,5609.4140625,189671
2022-07-12,5579.566860426731,5592.454074861567,5490.3603877792175,5537.16748046875,171919
2022-07-13,5540.185939669508,5638.878286917166,5529.023258043191,5556.42724609375,263686
2022-07-14,5557.432580736838,5607.210116599826,5444.607117567569,5495.19873046875,285686
2022-07-15,5480.778771223488,5588.0947191915,5462.5733871932,5564.18798828125,255753
2022-07-18,5588.094220718244,5740.444526118485,5568.355659905637,5732.2041015625,512929
2022-07-19,5744.182123013022,5841.006306210707,5732.44444062413,5831.32861328125,555572
2022-07-20,5855.42610866868,5888.004162619708,5822.848054717651,5834.34619140625,371187
2022-07-21,5868.840444168907,5891.980350062414,5783.562599347514,5874.30224609375,328612
2022-07-22,5874.590280053144,6223.367129170636,5843.976300795501,6188.58544921875,1441549
2022-07-25,6083.4724474779605,6177.182073747473,5998.242322673837,6115.95458984375,919050
2022-07-26,6122.278980371775,6191.794614500949,6043.421109751697,6132.00439453125,549442
2022-07-27,6123.044806253765,6277.024201015556,6099.665356167651,6262.02880859375,424070
2022-07-28,6285.6486623527135,6285.6486623527135,6175.458175131591,6200.6103515625,462464
2022-07-29,6266.197162341389,6302.176560869159,6218.5755262519815,6271.08349609375,360851
2022-08-01,6312.429139219733,6385.298391249434,6285.695597897247,6379.2138671875,414339
2022-08-02,6387.116864459717,6450.864105362395,6355.459930514639,6409.71484375,274658
2022-08-03,6422.917354849349,6451.827710535093,6277.449893605455,6362.88037109375,266360
2022-08-04,6406.534923629922,6442.5284111503415,6312.09442686161,6348.76220703125,275815
2022-08-05,6348.761938805148,6552.05010612146,6348.761938805148,6529.11474609375,741250
2022-08-08,6509.647991987854,6529.114485082418,6405.570718392785,6435.30029296875,313912
2022-08-10,6480.111547362737,6497.216840557656,6341.534298193968,6356.0859375,271291
2022-08-11,6389.28478829711,6413.232292649103,6334.836954143535,6357.4833984375,303393
2022-08-12,6355.459662770074,6370.059297833093,6278.365383312666,6321.05615234375,269932
2022-08-16,6352.665178155813,6436.408746279203,6321.7789996882475,6414.244140625,270299
2022-08-17,6466.283312377146,6479.5338929352965,6354.544592106492,6369.77099609375,341063
2022-08-18,6369.047637331253,6466.523623020622,6369.047637331253,6460.45263671875,300992
2022-08-19,6480.738165172172,6536.535058388362,6366.060419201095,6406.10107421875,641293
2022-08-22,6413.280542586732,6424.700227143694,6210.956049347072,6232.5908203125,345960
2022-08-23,6210.907749918268,6341.004343593824,6172.4570730078285,6259.47705078125,379309
2022-08-24,6217.750115869885,6296.386375223866,6217.750115869885,6271.95703125,223101
2022-08-25,6292.821024542674,6366.06059542556,6220.159754907572,6239.86669921875,470687
2022-08-26,6271.089612939418,6331.3675126841945,6235.963344684844,6280.43701171875,415698
2022-08-29,6169.469962630869,6341.004741348192,6169.469962630869,6269.9814453125,366457
2022-08-30,6301.34898713806,6447.008892138971,6288.001946368727,6435.30029296875,467147
2022-09-01,6388.224781497362,6514.466665096117,6365.096497479269,6391.59765625,386222
2022-09-02,6398.824627042949,6424.506562498594,6307.275178312666,6338.5947265625,268505
2022-09-05,6336.185942917824,6379.407016424748,6260.440721034706,6285.06298828125,385312
2022-09-06,6302.457423949754,6317.876280032811,6221.556425220504,6259.57373046875,341220
2022-09-07,6225.362941941491,6551.086266148337,6197.4162661959335,6524.8740234375,918604
2022-09-08,6595.415203377666,6686.96465462268,6533.739783591551,6668.3173828125,879685
2022-09-09,6678.292260479532,6773.69643562924,6518.466081031118,6537.2578125,567059
2022-09-12,6537.257099786893,6649.38117943632,6495.192630347941,6620.08544921875,488043
2022-09-13,6648.418038163298,6716.453835054717,6606.016183738137,6645.81591796875,412295
2022-09-14,6543.376778641194,6711.442208861133,6514.5628866412335,6626.01220703125,543948
2022-09-15,6658.05405003674,6673.472904400698,6512.683069627326,6543.42431640625,437578
2022-09-16,6543.424608180987,6571.082367648049,6216.689621073886,6245.9853515625,831639
2022-09-19,6162.72410418531,6275.426494746925,6017.786949620659,6225.21875,808807
2022-09-20,6256.875570015147,6324.959361766028,6223.38774222125,6249.11767578125,373825
2022-09-21,6263.909915734508,6295.663308833486,6067.84934715357,6084.4248046875,616165
2022-09-22,6071.17440039517,6133.669043689416,6003.7169070574455,6012.775390625,492098
2022-09-23,6032.627403870241,6055.707692140246,5904.602621166098,5916.93798828125,570526
2022-09-26,5897.664151630436,6013.353561988383,5786.889124958372,5952.73828125,497458
2022-09-27,5982.516139099108,6046.070924510475,5905.421858956078,5967.91650390625,467962
2022-09-28,5926.622648491141,6049.636112281084,5890.05086197834,5948.7392578125,378895
2022-09-29,5992.1524991257675,6035.373570974744,5921.803973484697,5951.58154296875,407574
2022-09-30,5948.016904437145,6095.266797913734,5947.823980509655,6027.90576171875,442887
2022-10-03,6058.068923224081,6124.4662831893975,6002.946790848388,6015.8115234375,337932
2022-10-04,6118.297904313427,6150.051296874045,6052.045012097207,6078.44970703125,307268
2022-10-06,6109.722228952941,6135.597093069651,6030.218745689752,6058.88818359375,495617
2022-10-07,6071.174664503909,6078.113338053231,5910.625729266687,5978.1796875,454883
2022-10-10,5932.597335339185,5949.027864342145,5897.711987976177,5926.52587890625,282642
2022-10-11,5956.158806454245,5979.624469594021,5840.469402799231,5856.03271484375,276525
2022-10-12,5863.983708809645,5965.169951936187,5837.771465228881,5953.31689453125,223353
2022-10-13,5947.823860936426,5990.225716069479,5879.402685608091,5957.2197265625,314360
2022-10-14,6032.6277984698,6032.6277984698,5944.933049322714,5967.09765625,249291
2022-10-17,5945.896589170753,6053.635661676646,5861.285801614632,6043.7099609375,453912
2022-10-18,6075.992984844605,6209.944297278134,6061.778726870543,6116.2265625,558284
2022-10-19,6117.527647415212,6211.871679496285,6023.087153373848,6166.00048828125,919146
2022-10-20,6109.721982690161,6180.070516560253,6049.010234281725,6073.39111328125,476962
2022-10-21,6086.207748051653,6187.779363158581,6086.207748051653,6131.78955078125,307899
2022-10-24,6206.089286912839,6209.944000755642,6138.969176234257,6162.33837890625,56532
2022-10-25,6186.815992627948,6238.854631818276,6155.2075259307985,6182.67236328125,313500
2022-10-27,6238.854889404688,6238.854889404688,6140.55967798682,6203.005859375,248556
2022-10-28,6208.016794508277,6234.999792062798,6173.806208323079,6211.72705078125,151834
2022-10-31,6242.805872617104,6486.423612619387,6220.303885216916,6471.05322265625,538107
2022-11-01,6498.999521895538,6601.197434098423,6474.184801614074,6573.154296875,429855
2022-11-02,6577.154034965371,6625.28996628433,6480.786180910325,6533.64404296875,255634
2022-11-03,6485.604550335801,6537.595195630364,6427.7838381102965,6483.8701171875,217701
2022-11-04,6513.503163710956,6707.2025476295685,6491.145633667062,6642.68408203125,646411
2022-11-07,6673.473507547546,6763.095606638076,6618.543833911414,6720.2119140625,353341
2022-11-09,6745.749367960998,6803.5700768292345,6608.907023639503,6652.75439453125,312745
2022-11-10,6644.563468092826,6644.563468092826,6543.377222385829,6554.2666015625,330402
2022-11-11,6591.512774209829,6676.171551813428,6540.919654265305,6565.734375,293195
2022-11-14,6596.37901664298,6646.97213547041,6571.708754115047,6605.4375,484476
2022-11-15,6630.10808504397,6745.7495051319465,6617.628260241019,6711.5869140625,625270
2022-11-16,6733.174186245849,6779.478753407797,6619.315186537388,6660.9462890625,307352
2022-11-17,6681.1827498522225,6706.816690946312,6601.293899786811,6622.25390625,196795
2022-11-18,6649.381964480638,6687.061889721928,6516.394325191026,6566.939453125,296995
2022-11-21,6562.457758281643,6626.1090064771015,6495.723021168198,6509.50390625,249498
2022-11-22,6509.744275876963,6665.7637200467,6495.722472351281,6594.49951171875,393509
2022-11-23,6627.409829040987,6653.718063319256,6554.314722243982,6576.18994140625,258946
2022-11-24,6596.282780573417,6639.744774439863,6582.8877437153415,6611.02734375,297230
2022-11-25,6653.236037173589,6690.819496827379,6601.197400729879,6624.32568359375,377893
2022-11-28,6624.326296683842,6673.377440354826,6613.72583272348,6641.96142578125,239438
2022-11-29,6649.381718764964,6750.567962311387,6644.563326215134,6677.23193359375,336266
2022-11-30,6695.638112183394,6837.2988494446145,6654.247933044059,6819.95263671875,489956
2022-12-01,6842.11730537488,7033.889325624119,6779.526198989649,7009.79736328125,1086727
2022-12-02,7010.7612412203425,7033.889525727462,6898.974532769269,6974.189453125,442739
2022-12-05,6996.305504549258,7020.397465653078,6897.528464023597,6937.1357421875,235887
2022-12-06,6924.077652619007,7009.508123570238,6880.664126704674,6979.00732421875,312838
2022-12-07,6991.487278999598,7029.937955728703,6886.446326082857,6902.05810546875,324940
2022-12-08,6937.520982957273,6957.37285262545,6894.155453823633,6918.29541015625,262827
2022-12-09,6939.642064031487,6960.746529867863,6784.296895756775,6820.33837890625,211582
2022-12-12,6831.516730935265,6903.744621083975,6716.983449709145,6887.265625,260579
2022-12-13,6919.163766563975,6979.923508932034,6895.312723233025,6962.8662109375,285708
2022-12-14,6982.717481621506,7014.567336242179,6914.392774654352,6936.12353515625,226179
2022-12-15,6936.123817330352,6955.397386824273,6830.553028645848,6855.51220703125,241610
2022-12-16,6849.874219484457,6904.5629699346,6739.147662902551,6759.3369140625,285180
2022-12-19,6786.994942494069,6855.9944191441955,6755.386475023406,6818.9892578125,251219
2022-12-20,6832.4805134644,6866.257256416174,6751.146142787112,6840.18994140625,488123
2022-12-21,6871.509437771628,6893.481119012706,6674.437187575387,6698.240234375,388167
2022-12-22,6727.439807066096,6834.408123723357,6610.834705124398,6757.69921875,338708
2022-12-23,6717.754633695136,6731.294128010478,6625.385958029747,6658.43994140625,289661
2022-12-26,6659.9824092434665,6846.839584581826,6615.026899331398,6817.06201171875,328414
2022-12-27,6842.116991008101,6905.671772966968,6785.259962491273,6849.0556640625,295144
2022-12-28,6848.284798051205,6897.528863508711,6771.0940560946765,6797.59521484375,260015
2022-12-29,6774.7078310606175,6779.8636051298945,6654.200023203533,6728.59619140625,449116
2022-12-30,6745.749443557014,6796.872399335802,6697.806438583162,6706.28662109375,232317
2023-01-02,6726.379115947966,6784.248289171486,6697.661686369639,6763.04736328125,212580
2023-01-03,6774.611838727889,6783.332940907958,6707.250335345463,6739.58203125,188315
2023-01-04,6745.749011445424,6805.497074118226,6730.185698906811,6750.90478515625,319221
2023-01-05,6760.157038166092,6786.417278675443,6692.747535319034,6752.49560546875,236570
2023-01-06,6752.495229918488,6774.5633733952645,6698.529234074984,6728.59619140625,160184
2023-01-09,6784.296834683186,6807.425119346879,6748.544267197996,6779.333984375,298470
2023-01-10,6793.884638799528,6793.884638799528,6638.924871701992,6668.943359375,263888
2023-01-11,6695.638131378489,6777.550802818784,6670.582490702634,6766.90234375,295408
2023-01-12,6769.7930786780835,6906.635417832848,6769.7930786780835,6893.529296875,566492
2023-01-13,6914.393140675238,6994.3784550551745,6878.737036674544,6985.60888671875,462134
2023-01-16,7005.942698128132,7068.340881030992,6986.910047744634,7020.25341796875,440500
2023-01-17,7015.579505430616,7120.620462311376,6999.052513204936,7109.6826171875,385734
2023-01-18,7105.201517567184,7114.838302481829,7005.942632946349,7018.904296875,447736
2023-01-19,6996.305905133833,6996.305905133833,6925.041691889943,6950.38671875,412001
2023-01-20,6950.38602347027,7001.123597275234,6890.300580938462,6916.46435546875,353292
2023-01-23,6866.20954745155,6923.982263721904,6581.9243802237315,6600.95703125,998103
2023-01-24,6632.035091830316,6647.116565461159,6536.245548024989,6562.361328125,444188
2023-01-25,6558.748109460347,6582.7436108578295,6429.663181558173,6461.56103515625,509299
2023-01-27,6489.410788880747,6552.049889159518,6364.229050279011,6471.67919921875,635582
2023-01-30,6501.9385727076615,6653.188095294937,6401.282169294413,6637.5283203125,699269
2023-01-31,6673.473979350855,6841.15404756848,6642.202422088354,6828.1923828125,593220
2023-02-01,6827.662297588466,6976.068789307396,6728.018032972129,6882.013671875,648015
2023-02-02,6842.117302629334,7044.48978622823,6750.615841469377,6907.31005859375,647192
2023-02-03,6923.982003107761,6962.577138682277,6871.991359992155,6928.07763671875,364197
2023-02-06,6896.37211301071,6945.953558987814,6854.452099162287,6868.37744140625,314446
2023-02-07,6895.071649705219,6943.3035702572515,6796.005217894891,6814.94140625,295067
2023-02-08,6855.608213962189,7028.829408291638,6855.608213962189,6987.005859375,559696
2023-02-09,6986.669610737883,6986.669610737883,6899.938539708033,6918.97119140625,334529
2023-02-10,6914.3929136013785,6964.4077312992495,6887.457912569667,6944.31494140625,407822
2023-02-13,6952.939784687642,6986.668529311906,6895.119079617474,6918.48828125,323236
2023-02-14,6953.084652512125,6967.298910013725,6866.738967071149,6879.8935546875,328419
2023-02-15,6878.737430744298,6916.320893871089,6791.668980391335,6892.08447265625,404971
2023-02-16,6926.583135030666,6932.509663233217,6849.826242614251,6911.2607421875,264069
2023-02-17,6915.356450292343,7124.763586021574,6915.356450292343,7032.78076171875,1063293
2023-02-20,7035.816670785616,7219.879262775762,7035.816670785616,7157.095703125,713498
2023-02-21,7174.393661548253,7213.1337262926945,7055.0904489230215,7073.93017578125,399493
2023-02-22,7060.872385578575,7065.546320423447,6930.775787782327,6944.0263671875,402548
2023-02-23,6978.766633979944,7002.08784143356,6882.688171772677,6916.2724609375,286748
2023-02-24,6950.868357056862,6978.766566478262,6905.62346460286,6954.57861328125,206602
2023-02-27,6957.758889825216,6972.21406757416,6877.243737982057,6925.6201171875,295092
2023-02-28,6921.187071643628,7019.386288492399,6902.058429609739,6997.55859375,429256
2023-03-01,6964.504062068571,7077.254439163081,6957.7583130116345,7009.94140625,317216
2023-03-02,7009.9416691559645,7063.763205973735,6989.41550590276,7024.4453125,180178
2023-03-03,7063.763300105709,7083.036869819504,6927.161874759191,6953.85595703125,408754
2023-03-06,6980.8870292047195,6991.969331915357,6929.812068886132,6939.0634765625,154817
2023-03-08,6952.892283847201,7018.904260167282,6926.246197260653,7003.29248046875,237790
2023-03-09,7003.05176834802,7036.057757486031,6945.327519410044,6979.87548828125,158808
2023-03-10,6938.485251053284,6979.875431151289,6877.195203893084,6963.92626953125,154319
2023-03-13,6962.576985761132,6994.378375453883,6798.558721006134,6818.603515625,176576
2023-03-14,6822.844294278622,6856.5730443209595,6737.07690131382,6807.37744140625,210976
2023-03-15,6867.173214949786,6926.921283898268,6824.9642834917395,6842.84033203125,265536
2023-03-16,6876.4243261535385,6890.108278381468,6819.036989756368,6846.55029296875,459814
2023-03-17,6899.11902353507,7043.429882766576,6899.11902353507,7025.16845703125,383505
2023-03-20,7010.760998630585,7019.8194823065305,6840.189906292769,6980.1162109375,520041
2023-03-21,6979.923297525267,7092.6736807657,6974.237688548011,7085.68701171875,350524
2023-03-22,7092.673466047994,7178.537310948642,7085.9277168275685,7127.9921875,381601
2023-03-23,7103.274215465569,7193.859994363109,7091.180238522706,7138.88232421875,232908
2023-03-24,7135.075551941808,7161.287795132281,7061.402143039134,7136.66552734375,228994
2023-03-27,7137.966557368884,7211.639965961424,7123.945223593317,7179.59765625,251626
2023-03-28,7212.169993712384,7239.056530124877,7100.7206677557615,7134.20849609375,249783
2023-03-29,7150.301584395818,7323.9566392447905,7131.220938212034,7295.76904296875,445346
2023-03-31,7299.960874006271,7366.647141819039,7272.929410588429,7345.3017578125,378456
2023-04-03,7392.281082947352,7455.980323936792,7304.77926607165,7362.9853515625,360584
2023-04-05,7299.864507741136,7419.986936521669,7299.864507741136,7412.56689453125,233489
2023-04-06,7410.68773742916,7449.234877805904,7390.306031064185,7422.107421875,227682
2023-04-10,7422.107142777789,7489.709093562205,7389.486532351389,7416.71044921875,226983
2023-04-11,7434.779558661301,7510.862163750308,7434.779558661301,7460.26904296875,354799
2023-04-12,7468.508279620606,7510.910133079097,7396.232393043633,7403.79736328125,264416
2023-04-13,7425.190707266492,7467.544564813057,7351.373311905144,7377.19970703125,292568
2023-04-17,7377.199955390641,7539.820704872653,7367.370246314601,7461.23291015625,488286
2023-04-18,7496.455177743432,7496.455177743432,7295.046367851624,7319.42724609375,437232
2023-04-19,7328.774981138618,7356.721657595294,7206.869651077602,7242.9111328125,341302
2023-04-20,7297.551939719394,7323.95663664227,7175.164769607082,7204.267578125,263429
2023-04-21,7227.637024340247,7244.405407323602,7072.677703784845,7091.228515625,388408
2023-04-24,7083.036951890657,7187.114229551091,7043.092289977525,7170.2978515625,513771
2023-04-25,7185.090707829296,7234.768618724963,7155.602050496399,7168.99755859375,285446
2023-04-26,7192.896410760509,7208.315266946491,7034.853134854196,7186.05419921875,230254
2023-04-27,7188.078019154343,7235.298266230166,7166.780629935405,7228.4560546875,205177
2023-04-28,7239.15278132649,7303.719239839386,7217.951854650614,7281.74755859375,457487
2023-05-02,7271.436060538335,7306.610325492235,7169.767979644187,7185.76513671875,544731
2023-05-03,7250.716954153259,7268.063166962238,7164.419733647043,7234.52734375,384431
2023-05-04,7241.755310256072,7255.535725154849,7213.181865118008,7229.75732421875,232203
2023-05-05,7246.861933941475,7390.353560838087,7232.88859643587,7351.7099609375,319654
2023-05-08,7352.866251800097,7472.362374371947,7343.229467721722,7454.486328125,295156
2023-05-09,7477.133635995068,7538.85705694152,7408.278617568443,7435.984375,289797
2023-05-10,7478.145666365284,7492.600844844083,7441.525880885661,7461.9560546875,234884
2023-05-11,7507.055118457641,7570.4649721897085,7468.604442447935,7550.8544921875,320219
2023-05-12,7555.191434802906,7632.333710412546,7412.422088770334,7423.16748046875,246799
2023-05-15,7448.174856109166,7492.600530211031,7436.225336511051,7479.06103515625,183594
2023-05-16,7487.781865445275,7521.847994167564,7405.869193815565,7419.07177734375,250490
2023-05-17,7436.706991753348,7478.097171587175,7375.031567693193,7420.75830078125,205629
2023-05-18,7463.496849525446,7485.709920655932,7310.946735466904,7327.95556640625,157714
2023-05-19,7359.612940238513,7409.8686815140445,7309.598118595698,7402.3037109375,138709
2023-05-22,7376.959240524931,7456.9445595273555,7372.14084781394,7435.40625,139603
2023-05-23,7396.232167854562,7470.820786421813,7348.337160256,7376.23583984375,149291
2023-05-24,7372.140456046457,7404.857529033903,7314.367742293363,7375.80224609375,160565
2023-05-25,7366.647265556669,7389.583095861254,7318.4633412354415,7344.91650390625,257361
2023-05-26,7391.414035443381,7468.50831482219,7356.6251477644655,7441.380859375,252078
2023-05-29,7468.508145691413,7572.296505173214,7454.052968635236,7555.76904296875,210769
2023-05-30,7579.331344603544,7680.517586330609,7555.817683492387,7614.939453125,414785
2023-05-31,7608.241230753806,7639.51278413222,7497.273753270716,7584.197265625,1137662
2023-06-01,7585.113421732986,7611.903495631692,7526.136109717039,7557.9375,184642
2023-06-02,7575.476118959349,7658.786307239367,7542.181217505989,7565.501953125,248325
2023-06-05,7610.169044554642,7637.15204230664,7579.331332838073,7595.7138671875,186015
2023-06-06,7601.496233643325,7825.069652279894,7601.496233643325,7814.9990234375,635244
2023-06-07,7839.62094500406,7875.084125067855,7788.97935824072,7861.3037109375,298650
2023-06-08,7873.25346807396,7915.607327029488,7792.304472808572,7805.9404296875,349085
2023-06-09,7861.688800765799,7919.220592490708,7813.69780213966,7857.111328125,325814
2023-06-12,7864.098191401065,7906.981883517645,7808.060382216379,7900.81396484375,195134
2023-06-13,7914.209881177793,8016.166880834961,7913.487122284535,7975.6923828125,249199
2023-06-14,8007.156223962647,8063.049573913383,7976.1255897370675,8054.71337890625,289643
2023-06-15,8075.625844569157,8121.882412652609,8007.20467094572,8030.52587890625,406197
2023-06-16,8061.122036505285,8125.881414940629,8004.168076882413,8030.5732421875,356982
2023-06-19,8054.424716719384,8109.932220598707,7953.142485148727,7968.271484375,187488
2023-06-20,7967.693763265888,7990.244216391287,7874.5058649715,7944.03564453125,343189
2023-06-21,7952.660577611235,8049.269344172202,7928.182768050656,7942.2041015625,373929
2023-06-22,7976.366869147385,7978.294226129177,7849.836071511177,7866.2666015625,226654
2023-06-23,7866.700155550341,7868.482584255983,7767.24835073195,7786.71484375,198255
2023-06-26,7767.248438245555,7969.620916165104,7767.248438245555,7870.45849609375,241856
2023-06-27,7887.660053093889,7930.205891658395,7871.951812159574,7910.3544921875,236562
2023-06-28,7903.223519490046,8016.648669305196,7884.817636228609,7960.611328125,282115
2023-06-30,7998.531480049504,8016.841371389376,7937.530819751437,7993.47216796875,225746
2023-07-03,8078.517285588175,8190.303997401156,8059.532629932503,8156.38232421875,373703
2023-07-04,8189.339579554659,8189.339579554659,8079.480234759504,8106.17431640625,206677
2023-07-05,8123.7612839945905,8145.010205457917,8039.728335492669,8072.92724609375,195350
2023-07-06,8109.35496098778,8171.946070741143,8075.626211892763,8104.7294921875,275687
2023-07-07,8112.197018515315,8140.577536463947,8023.200750953944,8033.6572265625,354695
2023-07-10,8046.715523735287,8128.098361771643,8033.224024653576,8048.01611328125,173234
2023-07-11,8090.3699342767395,8136.626502342177,8003.397949528703,8023.4912109375,300378
2023-07-12,8060.206310395885,8069.216327192169,7856.388324426406,7921.91845703125,508967
2023-07-13,7967.693779697747,8046.715416119519,7908.427552381418,7934.9287109375,272841
2023-07-14,7997.567220090486,7997.567220090486,7852.051778442859,7885.3466796875,249245
2023-07-17,7908.909182587244,7959.984141363548,7892.478652935204,7951.31103515625,202735
2023-07-18,7926.255401193279,7951.311041367264,7860.725265353626,7879.03515625,280527
2023-07-19,7869.398383956293,8053.31604347066,7867.230107399361,8026.6708984375,150429
2023-07-20,8046.667084572198,8046.667084572198,7868.434566521761,7925.4365234375,307197
2023-07-21,7944.565223420901,8011.540876383996,7778.812528317991,7824.29833984375,656733
2023-07-24,7902.163351243643,7944.710131577785,7794.616741280907,7921.2919921875,482809
2023-07-25,7945.240617026134,8109.354883551437,7945.240617026134,8088.44287109375,583167
2023-07-26,8110.222011827674,8151.370329621436,8037.078439520316,8048.9794921875,191345
2023-07-27,8085.428665957832,8122.990094723861,7991.524621346013,8023.71337890625,216816
2023-07-28,8030.247584619154,8075.409029662908,7962.481782217304,8041.62255859375,204996
2023-07-31,8063.162501030198,8141.577216192095,8036.588436257752,8052.6591796875,240038
2023-08-01,8080.587943984379,8100.917684828237,8006.626032471253,8017.46875,217562
2023-08-02,8004.109242270613,8049.609137576215,7951.252295243182,8023.1806640625,134414
2023-08-03,8020.662943870366,8020.662943870366,7822.109526980253,7876.46728515625,390602
2023-08-04,7916.982165612643,7969.113052999179,7888.665740038644,7897.765625,248048
2023-08-07,7926.952670150805,7986.683571515855,7899.556114372046,7914.51318359375,195297
2023-08-08,7914.513271820621,7967.273788123631,7877.290296469447,7896.5068359375,166007
2023-08-09,7899.556345353675,7913.061290684531,7827.918211829635,7852.3623046875,222338
2023-08-10,7874.38641003788,7943.120296823309,7818.23760111457,7843.6015625,296178
2023-08-11,7865.673668949649,7894.716156342694,7787.985015173254,7873.3701171875,293096
2023-08-14,7870.3202400569,7882.663297139667,7763.105057945806,7797.22998046875,544313
2023-08-16,7749.455656613639,8001.205434034727,7732.707538269784,7988.52392578125,282782
2023-08-17,7962.578002119645,7970.32266504681,7889.923572112873,7945.39453125,248724
2023-08-18,7938.279620818149,7983.199044634788,7905.170997223367,7952.6552734375,265260
2023-08-21,7952.220340058686,8014.709900510182,7943.6040243208545,7956.96337890625,216794
2023-08-22,7959.625717237022,8004.061099937049,7930.583230607839,7941.66796875,193112
2023-08-23,7947.864449573203,7972.06652289753,7886.971654931799,7901.39599609375,208545
2023-08-24,7948.928794927594,8058.322164045462,7903.428898037861,7949.31640625,273837
2023-08-25,7917.950135901703,7928.599047931892,7803.716352305126,7813.8330078125,191154
2023-08-28,7875.160632763325,7890.262820632653,7791.567052007638,7858.55810546875,327780
2023-08-29,7899.459762075789,7955.705474535619,7865.818880445208,7937.98974609375,230713
2023-08-30,7967.321744666709,8049.41498012603,7938.327474633867,8002.12451171875,223225
2023-08-31,8024.245333683443,8093.173025081006,7963.449916784253,8032.61962890625,482614
2023-09-01,8035.088015196855,8078.651745399729,7985.715787633597,7998.6884765625,215635
2023-09-04,8020.518067288359,8319.703878156657,8018.194290328631,8308.619140625,620108
2023-09-05,8308.087728520268,8325.513221309053,8178.55842120232,8184.99560546875,210587
2023-09-06,8214.037621307983,8283.6913733915,8174.588244067583,8264.9111328125,327847
2023-09-07,8264.91028642991,8272.267337384817,8160.937817923232,8224.0087890625,203477
2023-09-08,8262.58714614805,8277.108388935654,8131.895961059591,8161.470703125,125962
2023-09-11,8181.220550005879,8227.398294414594,8157.212282644648,8191.62744140625,131688
2023-09-12,8248.018283211675,8335.048370693346,8127.056132987444,8298.068359375,335823
2023-09-13,8315.831885397181,8407.799758402156,8253.390540041173,8360.7021484375,321018
2023-09-14,8389.406640685549,8422.321460185123,8328.41741631869,8410.65625,311971
2023-09-15,8442.651569900076,8471.64584389089,8384.80861252116,8449.7666015625,357249
2023-09-18,8449.427429227515,8458.720646775979,8332.289400018471,8352.619140625,129308
2023-09-20,8315.831776764877,8348.262552611399,8171.635645526806,8188.1904296875,317399
2023-09-21,8107.790389127074,8168.683179227248,8022.164216406179,8048.205078125,393954
2023-09-22,8010.885696360196,8045.398228605207,7917.997956518277,7926.08154296875,524827
2023-09-25,7954.736844068813,8015.677849057698,7895.780692556823,7944.28173828125,467415
2023-09-26,7974.0989058902305,8062.194450437519,7944.282141429841,7966.2578125,515796
2023-09-27,7974.099083560404,8025.359263712857,7943.120429842555,7998.97900390625,541638
2023-09-28,8001.011387073296,8058.273868939104,7874.386332448488,7894.0869140625,370431
2023-09-29,7938.279936296916,8021.486852268869,7872.450297800795,7991.37890625,320974
2023-10-03,8024.439622373275,8109.630922502222,7958.803787034446,8039.83251953125,454402
2023-10-04,8027.875803208472,8027.875803208472,7788.27528128324,7861.65625,884369
2023-10-05,7916.013880647154,7946.798727817036,7865.673569800431,7916.44970703125,310506
2023-10-06,7936.343910689775,7976.66494313849,7891.08603342401,7933.87548828125,158491
2023-10-09,7909.285800098571,7938.13448250505,7829.080507029556,7851.24951171875,152525
2023-10-10,7887.745773938982,7925.065653874352,7846.312014317762,7897.91064453125,187020
2023-10-11,7934.359415674672,8122.215717658141,7918.144026727024,8076.7158203125,439622
2023-10-12,8097.965407054391,8117.375280512879,8037.024398189376,8085.1865234375,177704
2023-10-13,8051.060905019875,8148.353230030936,8041.86411807853,8101.88525390625,285076
2023-10-16,8101.933901127269,8185.140814392479,8009.917811742563,8027.537109375,363990
2023-10-17,8064.130640726327,8066.06680654643,8015.726495223768,8036.44384765625,205234
2023-10-18,8059.193797257517,8083.346709552162,7984.747843305971,8014.08056640625,322136
2023-10-19,7986.296033476478,8265.491510198046,7931.841372262067,8246.662109375,837498
2023-10-20,8263.555560377488,8372.319295060832,8142.448768829709,8190.99755859375,539291
2023-10-23,8146.417667520307,8251.551093129137,8037.556555481108,8059.5322265625,217546
2023-10-25,8088.332813097684,8130.444420203579,7924.968820014473,7992.8310546875,255678
2023-10-26,7973.130489333364,7973.130489333364,7895.248033636555,7943.41015625,637430
2023-10-27,7948.928449313766,8006.045338670667,7918.917880329632,7948.10595703125,227682
2023-10-30,7978.939173250816,8147.675831769508,7935.811269613135,8133.44482421875,244073
2023-10-31,8136.447344220457,8182.333910987173,8084.557528407269,8153.43701171875,218908
2023-11-01,8170.619540337695,8175.459954757326,8102.950168593872,8113.9384765625,209234
2023-11-02,8117.85909103031,8202.760149739119,8107.646005598193,8189.01318359375,200590
2023-11-03,8204.502639581206,8257.747199484093,8166.747406195522,8250.5830078125,243686
2023-11-06,8266.460007777736,8373.917211298445,8249.228320976534,8365.15625,194715
2023-11-07,8365.156440703351,8417.481134351703,8308.620019044385,8408.5263671875,206360
2023-11-08,8411.671793437126,8440.859869208954,8376.67522062759,8421.20703125,132370
2023-11-09,8407.799810710747,8440.714628622567,8342.696237046925,8351.69921875,128138
2023-11-10,8316.848080982336,8451.315168646863,8314.476088892186,8432.82421875,149939
2023-11-13,8433.066018084766,8445.36085918584,8383.597363301626,8400.4423828125,64412
2023-11-15,8431.034532297328,8534.377388689882,8417.72339154419,8487.0869140625,192348
2023-11-16,8509.06100292675,8530.45620205983,8422.32115402657,8494.9755859375,233428
2023-11-17,8504.607881996011,8586.507313379552,8491.68435403788,8510.3681640625,151817
2023-11-20,8519.129282601167,8533.8443313498,8374.98136465069,8385.0498046875,174311
2023-11-21,8388.244475894648,8459.011902724656,8388.244475894648,8430.404296875,183507
2023-11-22,8455.235845646968,8494.927243594246,8337.371755401087,8480.3095703125,325320
2023-11-23,8470.724715426266,8487.182123444809,8315.831463487044,8330.5947265625,344271
2023-11-24,8362.300322465811,8378.75773222292,8272.316825332797,8283.111328125,197278
2023-11-28,8362.30121433278,8456.689309771244,8314.13908358341,8447.9765625,343335
2023-11-29,8480.310197392555,8509.449115980433,8414.576987042312,8454.0263671875,207727
2023-11-30,8496.428072228728,8731.285558891383,8483.746563970262,8716.2802734375,1025481
2023-12-01,8813.232231109198,8870.930534701825,8685.639103882511,8745.5146484375,353015
2023-12-04,8857.95858479951,9042.66861407926,8796.146869444385,9020.3544921875,473570
2023-12-05,9023.500954084211,9099.979505245316,8948.136076445506,9031.9716796875,448461
2023-12-06,9031.970937964274,9049.590234850875,8838.160562998462,8918.947265625,308912
2023-12-07,8970.255942467835,9081.585473374786,8941.359046733274,9055.9794921875,346830
2023-12-08,9078.971757142444,9130.61954757792,9043.008044306216,9113.0966796875,311761
2023-12-11,9113.531569921928,9419.445737767195,9099.978410587011,9362.232421875,588082
2023-12-12,9392.775987150098,9643.219218858336,9327.526822470758,9548.685546875,1060266
2023-12-13,9583.972224346297,9722.408075137791,9367.944153153105,9428.3046875,1501931
2023-12-14,9516.255511560545,9671.148785400796,9464.947114600958,9645.30078125,710415
2023-12-15,9680.82863777058,9738.429568165317,9584.649983411698,9709.3388671875,439516
2023-12-18,9707.935357551363,9707.935357551363,9624.43820711371,9652.125,266562
2023-12-19,9652.124937050696,9729.233117978923,9635.329076939724,9697.3828125,675166
2023-12-20,9706.966868215695,9804.74323738791,9543.50645494011,9571.87109375,501448
2023-12-21,9565.627517509687,9666.30814313675,9511.269282343064,9636.7333984375,216730
2023-12-22,9668.2438514473,9679.860846162166,9585.956805550331,9650.818359375,226940
2023-12-26,9656.626593780467,9733.879417452026,9651.88260957703,9698.8837890625,226114
2023-12-27,9778.55734278925,10135.828154713125,9717.37431327332,10103.009765625,658122
2023-12-28,10157.12667869367,10163.855044518175,9998.457499293603,10093.5234375,421406
2023-12-29,10087.471390046914,10190.039955842438,10030.83854400694,10167.822265625,243089
2024-01-01,10167.822979661303,10184.232174001338,10082.195857522684,10130.01953125,97677
2024-01-02,10155.0935352724,10155.0935352724,9781.606383471002,9878.99609375,337528
2024-01-03,9879.043873820809,9918.009210151564,9767.568750856308,9788.818359375,179575
2024-01-04,9835.722073435263,9840.126661466233,9681.796895317526,9695.15625,313755
2024-01-05,9777.636956700842,9777.636956700842,9675.988255665834,9696.3662109375,163191
2024-01-08,9756.339823106977,9758.275988977804,9608.271349056637,9617.419921875,176843
2024-01-09,9670.759934284251,9697.237567123046,9555.171410735322,9583.1484375,242925
2024-01-10,9583.005035265767,9590.555893298148,9419.44722959507,9464.1728515625,374333
2024-01-11,9525.838500885802,9627.535411858207,9408.942500589106,9603.8173828125,375210
2024-01-12,9661.419783317093,9661.419783317093,9481.452781823,9495.3935546875,376816
2024-01-15,9563.690630138406,9677.730602637846,9506.573741062772,9636.8291015625,273931
2024-01-16,9636.248508079709,9726.134622864263,9564.997042830462,9651.3984375,146779
2024-01-17,9641.137232659628,9725.456871869932,9511.414129017056,9540.1181640625,252817
2024-01-18,9539.488409092346,9616.015169347816,9458.169449648083,9576.517578125,278338
2024-01-19,9679.861418046858,9805.421965753489,9530.776643731504,9771.5390625,567616
2024-01-23,9680.828660614385,9763.115704229604,9501.733330393015,9517.22265625,580285
2024-01-24,9550.138401012213,9712.388726961206,9423.900004862711,9671.6328125,272419
2024-01-25,9665.920491316168,9727.491133197069,9565.821283107722,9651.1572265625,296269
2024-01-29,9680.92533890302,9971.253776034451,9670.664038417102,9946.1318359375,334463
2024-01-30,9961.331449923286,9990.615958911372,9624.680606927992,9645.5908203125,368827
2024-01-31,9642.105310676812,9861.03762819257,9587.070178100046,9842.8369140625,341574
2024-02-01,9845.35549845276,9906.634960806305,9584.069529117416,9605.609375,401503
2024-02-02,9680.82805051584,9841.433366031242,9673.37362383827,9776.232421875,334386
2024-02-05,9729.232302792245,9805.03299822189,9563.157884752112,9599.84765625,162473
2024-02-06,9661.466765533649,9753.434635546244,9603.67203077337,9728.0224609375,250870
2024-02-07,9791.191250786864,9959.25007780412,9758.566665311922,9900.1005859375,250184
2024-02-08,9961.572348932768,9966.412763096483,9632.908227216278,9678.5537109375,320905
2024-02-09,9753.240467381058,9753.240467381058,9537.551807226077,9628.3095703125,400823
2024-02-12,9633.39156934708,9697.72085799193,9590.699497679445,9645.8310546875,191687
2024-02-13,9678.699117403765,9685.37926763248,9516.835465958966,9537.9404296875,276453
2024-02-14,9489.197526129372,9511.26962885766,9394.22896453827,9475.40234375,417802
2024-02-15,9521.96682160331,9525.113090977866,9396.212476752124,9501.0556640625,415090
2024-02-16,9559.867110993224,9630.488949535998,9536.681335832764,9599.7041015625,250550
2024-02-19,9631.408264826923,9631.408264826923,9569.499176171488,9586.150390625,109778
2024-02-20,9586.150808316748,9680.82912811098,9540.45710575337,9660.451171875,320905
2024-02-21,9652.0278797738,9792.157870054612,9603.381717344711,9650.2373046875,322960
2024-02-22,9680.82900558799,9701.062316367052,9489.438827068823,9643.267578125,363840
2024-02-23,9643.268089605626,9707.935841714252,9578.26094122773,9681.701171875,304238
2024-02-26,9679.909047641726,9729.184844978834,9584.94049413837,9613.111328125,162530
2024-02-27,9613.112276576096,9827.010401645704,9566.0638215624,9633.490234375,214186
2024-02-28,9642.104959538436,9671.099229293635,9468.721703333003,9492.00390625,300668
2024-02-29,9472.690610532192,9617.90303685614,9395.873615164184,9576.6630859375,328848
2024-03-01,9584.021344762838,9858.811315970172,9576.664292392954,9812.0048828125,352952
2024-03-04,9832.81718187781,9841.529927239324,9648.107169292383,9659.91796875,221282
2024-03-05,9659.918655228032,9710.74300678201,9516.25477667808,9524.337890625,310715
2024-03-06,9583.924776383372,9597.816388560675,9227.766680864448,9333.3359375,534825
2024-03-07,9333.335105646183,9404.925022508138,9263.681354511971,9364.4111328125,585012
2024-03-11,9384.644383698507,9511.027424433563,9364.169996430126,9388.3720703125,319303
2024-03-12,9418.429773661555,9418.429773661555,9269.78084205273,9308.6005859375,235430
2024-03-13,9317.506743409254,9344.903297656354,9196.78662879264,9287.3505859375,415925
2024-03-14,9153.224289672262,9398.149275953288,9152.256206722535,9387.4521484375,347822
2024-03-15,9371.04225091673,9439.679705064806,9239.18917396874,9325.494140625,379648
2024-03-18,9317.797717278014,9365.039972729526,9264.553158893568,9304.5830078125,226448
2024-03-19,9285.221161692109,9300.807862975144,9134.007375265255,9151.529296875,316008
2024-03-20,9230.67004737042,9230.67004737042,9143.542590184965,9181.830078125,171219
2024-03-21,9220.989983082376,9332.029285133203,9201.53189418886,9294.322265625,215837
2024-03-22,9303.276382191363,9440.550344100686,9274.23389608671,9372.736328125,224511
2024-03-26,9323.70258963357,9380.529243416117,9264.553104189485,9294.2734375,397803
2024-03-27,9322.637628441187,9398.148088983078,9265.568956683734,9316.296875,267937
2024-03-28,9371.043013563882,9539.44123282951,9333.82003482903,9437.986328125,506387
2024-04-01,9437.985559780487,9677.972737786256,9437.985559780487,9636.6845703125,387442
2024-04-02,9574.437251574698,9762.34272815765,9530.777086653594,9717.7626953125,307109
2024-04-03,9874.4447978929,9949.66502234376,9663.548332989374,9682.66796875,481855
2024-04-04,9756.339244967068,9757.210897714687,9584.020492674535,9685.765625,346378
2024-04-05,9681.796874673812,9700.04485878897,9489.342187371622,9510.05859375,280079
2024-04-08,9538.472628101392,9583.052656705424,9488.180532212333,9548.927734375,215228
2024-04-09,9584.020928444832,9674.826917455845,9447.617666568462,9457.34765625,275924
2024-04-10,9496.893114999604,9543.361093543945,9395.292626999488,9504.4921875,186223
2024-04-12,9477.483723495356,9535.616914693544,9303.277010173091,9344.46875,440963
2024-04-15,9310.925710514828,9310.925710514828,9183.815658393372,9202.8388671875,220692
2024-04-16,9147.319295452342,9191.89932588506,9052.543597204438,9161.7431640625,547648
2024-04-18,9167.744524942716,9222.731441356827,9042.668032524794,9083.279296875,584270
2024-04-19,9027.372087517737,9099.978297336913,8954.765877698559,9065.0791015625,415558
2024-04-22,9201.628082651068,9283.915130207652,9154.288450075834,9259.955078125,277781
2024-04-23,9235.510925386345,9317.797972415468,9218.085433074291,9229.2666015625,317450
2024-04-24,9272.298256476664,9377.625489647358,9238.22154843493,9350.5673828125,317929
2024-04-25,9313.103156828767,9396.21269624532,9254.920806876396,9374.6728515625,398260
2024-04-26,9416.54295429246,9464.947102304654,9338.999887334328,9391.2763671875,265782
2024-04-29,9453.329734602416,9691.47813344647,9432.08012538296,9646.4140625,808505
2024-04-30,9836.012561159429,9855.08398348711,9595.00813262208,9653.5771484375,777837
2024-05-02,9653.576312651156,9724.391949254295,9629.035791265094,9664.806640625,318855
2024-05-03,9663.403716574325,9709.871696778247,9467.221334493492,9502.9921875,517348
2024-05-06,9559.818158953673,9612.09463293681,9435.081061690156,9464.849609375,238521
2024-05-07,9486.24429846034,9630.488649972798,9322.638289026743,9373.3662109375,214305
2024-05-08,9366.153459230323,9366.153459230323,9198.14286788794,9215.568359375,392065
2024-05-09,9220.021457268966,9254.872441357762,9107.772056937616,9144.607421875,328724
2024-05-10,9160.774954871596,9215.133189512568,9115.517077924002,9188.7529296875,205200
2024-05-13,9212.229370584066,9272.29873007512,9126.214631060708,9246.64453125,215387
2024-05-14,9230.718766087975,9389.920189788108,9225.781921402133,9352.310546875,171935
2024-05-15,9381.692052220666,9383.773808761349,9254.87318328651,9307.24609375,161067
2024-05-16,9323.21838633527,9415.28363329047,9221.473256201543,9399.212890625,368451
2024-05-17,9429.126857600102,9584.020111934396,9376.124322132588,9574.677734375,283850
2024-05-21,9512.38262805374,9536.342679961366,9450.473537177366,9476.951171875,346947
2024-05-22,9554.978673208896,9632.425308858004,9508.752712555834,9579.03515625,280237
2024-05-23,9589.007858380226,9874.301166710697,9540.458116999303,9845.9365234375,521622
2024-05-24,9840.561861591965,10038.050756797547,9799.466556819774,9904.5517578125,519418
2024-05-27,9949.906992277862,10023.481286474967,9852.808474672724,9899.130859375,389326
2024-05-28,9936.403008904948,10035.001875336118,9822.605051676474,9854.01953125,403774
2024-05-29,9853.0994435089,9853.0994435089,9643.07367135615,9703.482421875,317883
2024-05-30,9701.157453089354,9705.029784175307,9516.253643734992,9553.86328125,323424
2024-05-31,9614.998757469366,9758.275017649135,9438.90411088836,9599.025390625,791072
2024-06-03,9971.25463247054,10184.039081082808,9890.27411353583,10135.876953125,732632
2024-06-04,10140.669292842627,10163.41924304614,9230.623069631434,9601.7373046875,972018
2024-06-05,9671.100264737704,9748.59511427847,9429.127747077686,9717.712890625,361720
2024-06-06,9675.98766067592,9851.694690231969,9614.126791121156,9734.0244140625,483566
2024-06-07,9646.945446846288,10169.710177533392,9646.945446846288,10129.1962890625,545284
2024-06-10,10160.029584848748,10559.799589750515,10129.19652400874,10480.70703125,705256
2024-06-11,10555.928131031842,10638.263395753198,10480.707897740747,10584.5830078125,650137
2024-06-12,10524.512681528313,10745.671397222008,10524.512681528313,10692.28125,439143
2024-06-13,10890.93314866818,10938.369213049044,10645.1856708443,10817.1650390625,602322
2024-06-14,10813.485670125508,10911.26204010605,10791.509999872977,10883.9619140625,305318
2024-06-18,10890.932755730397,10909.664781912865,10698.91388836786,10764.162109375,322724
2024-06-19,10794.125095708554,10820.941183007091,10618.176016233663,10644.6044921875,659266
2024-06-20,10657.527718709349,10817.261389756508,10528.288657589374,10555.201171875,445369
2024-06-21,10535.16256700449,10611.592903996354,10272.860306018614,10322.087890625,586745
2024-06-24,10375.428508671544,10498.859078753709,10256.499902243871,10441.7421875,276148
2024-06-25,10457.182841246886,10656.6079104563,10455.682501892195,10500.0205078125,562075
2024-06-26,10559.557229388973,10901.580702708568,10555.007051028462,10787.443359375,793197
2024-06-27,10910.293537177877,11495.935436577389,10909.325454344054,11342.736328125,2339734
2024-06-28,11326.473770728322,11403.048751792152,11103.76553794272,11295.4951171875,684790
2024-07-01,11296.559362962313,11647.585844433874,11295.494849929426,11524.6884765625,520339
2024-07-02,11562.78212110365,11692.505229294198,11423.37818394366,11475.6064453125,422173
2024-07-03,11476.864938907776,11519.218566294565,11386.542992325049,11493.1767578125,206171
2024-07-04,11505.665272496735,11555.859992730517,11347.431933330574,11384.703125,227230
2024-07-05,11420.038613803066,11447.144936116005,11249.365780604232,11317.03515625,425987
2024-07-08,11320.761641832947,11340.897577446414,11161.996043298606,11213.2080078125,149210
2024-07-09,11213.25619621993,11386.301017381767,11117.900029034246,11307.0146484375,530901
2024-07-10,11315.920505122269,11365.098925134202,11103.910359633195,11262.91796875,202406
2024-07-11,11228.793275659977,11268.484673565146,11131.984988086391,11186.1494140625,366819
2024-07-12,11185.229092763886,11307.207530161171,11103.958349562174,11231.9873046875,366274
2024-07-15,11377.782380603749,11518.250837249245,11289.686832932735,11455.955078125,394470
2024-07-16,11527.011889427082,11527.011889427082,11260.644433231617,11286.5888671875,556056
2024-07-18,11278.166134307454,11310.93536333,11108.751621560346,11275.50390625,731274
2024-07-19,11273.325628514172,11273.325628514172,10870.264682031642,10898.9677734375,514154
2024-07-22,10929.559415907896,11200.719055684593,10872.829191224711,11148.15234375,573833
2024-07-23,11278.117224731275,11360.840095082976,10967.507268537402,11177.291015625,525157
2024-07-24,11171.676419444892,11191.764139176565,10993.210718925957,11087.8408203125,268139
2024-07-25,11053.570364735831,11110.493449211746,10930.623838520954,11076.3203125,254683
2024-07-26,11076.32009399489,11367.664821140066,11031.8847123577,11300.4794921875,333210
2024-07-29,11307.207993307877,11558.909541104113,11300.47962824002,11494.822265625,496437
2024-07-30,11547.603751921555,11547.603751921555,11339.692350248826,11497.4033203125,438108
2024-07-31,11509.576555678284,11603.112154182383,11442.771663317775,11576.0400390625,322531
2024-08-01,11576.040089914202,11717.341562721756,11494.530836216833,11670.79296875,250126
2024-08-02,11523.306216538123,11636.221283110735,11393.739142388118,11456.55078125,273420
2024-08-05,11393.739325362938,11393.739325362938,11054.069748324742,11118.390625,400844
2024-08-06,11150.235186134743,11272.79054390293,10977.040034420734,11028.84765625,368949
2024-08-07,11198.000739832882,11286.57021147366,11131.00184742563,11241.0439453125,230210
2024-08-08,11198.974956350485,11222.541685154263,10934.825220967,10963.3095703125,290349
2024-08-09,11149.30909830811,11149.30909830811,10937.064003053008,11004.5498046875,189230
2024-08-12,10994.47111909521,11081.920309452791,10917.733990944009,11006.984375,200411
2024-08-13,11066.535714251677,11066.535714251677,10940.571962775704,10976.1650390625,189972
2024-08-14,10906.826955490456,10906.826955490456,10676.12770850519,10714.59375,404673
2024-08-16,10751.016462033524,11028.556289178414,10663.567261084008,11000.0234375,435631
2024-08-19,11023.685887826254,11167.908818379236,10976.698887465156,11019.1572265625,244264
2024-08-20,11067.508690560297,11223.320515504392,10982.250597798682,11052.609375,421084
2024-08-21,10978.89024563978,11016.430965406937,10869.383561904044,10907.7041015625,456794
2024-08-22,10965.256977352048,11079.584282187272,10911.696663519511,11013.3642578125,305457
2024-08-23,11018.816750348697,11082.115299952997,10911.16071502935,11044.9150390625,258730
2024-08-26,11043.163336977,11063.565138456495,10976.359395955751,11040.3388671875,234215
2024-08-27,11090.976670132066,11150.282922144104,10991.014223967071,11004.5498046875,184428
2024-08-28,10984.733828301867,11021.349227329572,10917.539977756403,10940.716796875,201101
2024-08-29,10936.042544430024,10962.043833110532,10824.442704385496,10928.251953125,406261
2024-08-30,10931.22161070878,11063.5161560931,10928.251638059348,11006.060546875,462185
2024-09-02,11028.555434359128,11164.890777477032,11028.555434359128,11125.8408203125,248673
2024-09-03,11135.189402837916,11202.918664994171,11063.613346070364,11160.80078125,181723
2024-09-04,11093.802029130284,11332.827299039714,11083.917336002469,11277.3193359375,198185
2024-09-05,11326.010337049209,11513.276482308223,11212.80330898312,11240.5087890625,406821
2024-09-06,11198.974685574856,11223.32028271741,11023.686386148467,11133.58203125,245248
2024-09-09,11101.59274929071,11216.942383451527,11012.000948156085,11193.47265625,154665
2024-09-10,11237.830868421026,11334.774848021692,11160.508869917883,11238.9501953125,237496
2024-09-11,11267.14288155323,11307.069662723818,11160.217204130526,11186.75390625,141341
2024-09-12,11206.618376113118,11427.8228433357,11142.735912156617,11403.720703125,455934
2024-09-13,11388.871252963016,11454.70137249465,11320.89853051172,11411.220703125,279660
2024-09-16,11369.394425416249,11489.126268259057,11300.25292612678,11337.8916015625,257856
2024-09-17,11298.84109292979,11411.853174248316,11272.012432803758,11340.8134765625,202725
2024-09-18,11377.185065510264,11455.382937516944,11233.88649266059,11326.44921875,185067
2024-09-19,11326.44810021154,11432.838354911468,11237.927132605892,11323.13671875,227247
2024-09-20,11354.787136222538,11533.873739122628,11276.491311075366,11489.466796875,608787
2024-09-23,11525.2065206379,11683.939825484877,11491.171183171638,11648.9306640625,279318
2024-09-24,11635.344082296217,11656.52475052494,11433.032182318382,11453.775390625,242038
2024-09-25,11501.8340407364,11545.266206117223,11374.263110304051,11506.9951171875,196686
2024-09-26,11525.206046188614,11763.792905615415,11459.764888831563,11749.185546875,277079
2024-09-27,11749.18470801293,11820.273848807372,11612.605913541416,11639.4345703125,404276
2024-09-30,11611.87584830696,11611.87584830696,11465.850768518456,11493.0693359375,405493
2024-10-01,11493.069514658646,11576.52641197659,11345.291739802737,11527.2998046875,324906
2024-10-03,11322.746868407865,11617.718491995174,11309.113334553049,11417.8896484375,304610
2024-10-04,11393.739867852231,11519.509607562724,11082.11621334687,11150.52734375,357277
2024-10-07,11191.135714350758,11228.14102240707,10899.134048469634,10936.3828125,374655
2024-10-08,10937.016135771151,11174.62916552168,10937.016135771151,11091.6591796875,447220
2024-10-09,11105.535408602156,11209.686056954435,11036.345415990325,11053.046875,286382
2024-10-10,11140.496705578718,11159.047860325,11056.357941800454,11130.85546875,180542
2024-10-11,11092.584830344997,11168.104685233637,11062.834699752491,11122.3349609375,120279
2024-10-14,11101.543884508766,11130.758601312724,10945.780562549027,11004.501953125,144163
2024-10-15,11101.592776470874,11133.680465090572,10994.472144417208,11118.05078125,182286
2024-10-16,11044.137455941784,11113.278956635892,10938.964468970467,11025.9267578125,276811
2024-10-17,11053.874384612624,11066.485593514091,10647.838345177854,10728.9091796875,353330
2024-10-18,10728.909984751625,10848.349867838984,10615.654454099233,10779.548828125,330703
2024-10-21,10760.754352833826,10874.351293890635,10489.447388193115,10584.7841796875,566667
2024-10-22,10469.580617384609,10790.747545370235,10458.86855461917,10541.7900390625,793887
2024-10-23,10538.673997154096,10559.806166490089,10392.648909652538,10471.5771484375,351717
2024-10-24,10471.577134043784,10794.838175144929,10437.834705747142,10754.521484375,341400
2024-10-25,10774.095608628742,10824.052584202002,10663.371641656491,10707.388671875,519646
2024-10-28,10712.062571277196,10906.193979384894,10614.290274317593,10802.23828125,229113
2024-10-29,10784.12523106587,10845.427632146784,10631.283388796568,10821.2275390625,266761
2024-10-30,10824.051822455978,10936.041562409417,10723.164054515251,10911.79296875,239933
2024-10-31,10864.758597525191,10956.395999647177,10753.499213875972,10775.9951171875,423687
2024-11-01,10789.919977007452,10878.87840711882,10788.556243189703,10854.0458984375,19032
2024-11-04,10855.215179461124,10864.70996263146,10643.943890922208,10713.8642578125,276984
2024-11-05,10696.140801740805,10895.189827779715,10686.01265321442,10883.7958984375,274422
2024-11-06,10931.172993626844,11010.929549365595,10821.13089578454,10979.2802734375,282486
2024-11-07,10947.290116178963,10950.601497912528,10713.13396401921,10761.533203125,326254
2024-11-08,10740.401329047609,10847.765419360196,10673.792341576092,10754.2783203125,155894
2024-11-11,10726.670776013085,10819.13554997907,10610.834227319518,10683.287109375,107472
2024-11-12,10683.334822638964,10784.855961626256,10556.25080692825,10606.8896484375,166347
2024-11-13,10520.511170338632,10588.8737958602,10468.60654853517,10499.9638671875,216900
2024-11-14,10445.235362075897,10548.947609517729,10266.53867282166,10447.669921875,297442
2024-11-18,10353.792827893738,10485.015599953593,10303.446892474783,10352.625,424186
2024-11-19,10404.382591458274,10585.465327907032,10378.917668192067,10487.64453125,220357
2024-11-21,10278.710666633624,10717.75876601121,10278.710666633624,10668.09375,256924
2024-11-22,10711.089311090444,11111.233940779171,10645.5026503865,11077.5390625,328426
2024-11-25,11150.28290816846,11384.000628514352,11137.866654275089,11157.5380859375,465057
2024-11-26,11157.539083649248,11196.345586535172,10815.28847611358,10829.9443359375,243711
2024-11-27,10732.122834135924,10896.066651307454,10673.10948871324,10848.30078125,330284
2024-11-28,10881.508869449828,10897.0900527245,10670.772985259891,10709.9208984375,326140
2024-11-29,10629.287959325611,10938.963962171743,10629.287959325611,10908.921875,367574
2024-12-02,10913.35204974358,11471.645078874575,10913.35204974358,11343.6357421875,633694
2024-12-03,11369.150814637724,11622.58848992066,11320.65457360201,11542.1015625,501811
2024-12-04,11555.589492861744,11608.321487087867,11440.531817278024,11458.791015625,306770
2024-12-05,11437.562340686003,11687.786595887212,11415.99175970312,11620.4462890625,436371
2024-12-06,11626.482618448536,11643.378081371338,11508.649935909609,11538.3515625,193324
2024-12-09,11547.99347142762,11578.765925615508,11411.268218365223,11505.5341796875,268177
2024-12-10,11437.561951375736,11498.0360364658,11388.870755329011,11438.3408203125,232758
2024-12-11,11540.786336316029,11749.184638229084,11506.020635002526,11587.04296875,527029
2024-12-12,11631.352231850437,11631.352231850437,11482.260178668976,11546.5810546875,247809
2024-12-13,11491.122792674978,11801.285725680656,11422.955115091312,11767.591796875,408880
2024-12-16,11734.577667894337,11827.431393771045,11560.263194653417,11629.8916015625,214946
2024-12-17,11618.352105435442,11660.713443672592,11377.37919921748,11466.7275390625,244639
2024-12-18,11466.776188675596,11544.68209908698,11393.739397664924,11456.015625,222900
2024-12-19,11333.362477416971,11452.16899247496,11269.138601413104,11365.3037109375,162249
2024-12-20,11359.508795379004,11440.482629185206,11099.3038225631,11123.794921875,299802
2024-12-23,11218.450646079116,11279.266135137388,11077.246189162322,11172.291015625,149350
2024-12-24,11170.733611443624,11283.74568134373,11062.639161886458,11092.1943359375,108000
2024-12-26,11092.194692384752,11490.14821000117,11037.807007903912,11160.6552734375,144283
2024-12-27,11190.794234775823,11252.535049806482,11086.98498849388,11107.970703125,118410
2024-12-30,11120.533137250264,11206.424592434963,10945.488297329575,10992.8642578125,164726
2024-12-31,10974.995935244931,11164.891605819266,10901.033815916117,11127.2529296875,241737
2025-01-01,11112.304643905743,11219.328272081124,11009.079309381688,11147.3623046875,107951
2025-01-02,11198.975237245408,11519.50976541402,11155.201661226796,11488.8828125,267609
2025-01-03,11490.148969364474,11551.15942120532,11406.40010832834,11477.4892578125,237651
2025-01-06,11493.021405960744,11544.439118750704,11150.478842007851,11202.48046875,139820
2025-01-07,11213.53409586589,11330.587922899824,11184.514332840825,11314.421875,197212
2025-01-08,11314.42195186104,11325.523925180914,11072.378201689013,11105.0498046875,159583
2025-01-09,11105.049689978176,11133.193581963324,10890.273012354255,10965.0625,196555
2025-01-10,10909.99298269858,10991.79419311044,10553.865380026957,10580.7919921875,228618
2025-01-13,10419.91568654545,10546.5127930175,10316.10643963833,10337.287109375,225902
2025-01-14,10293.318482100274,10452.051775627458,10188.14550233993,10209.326171875,344404
2025-01-15,10264.103662741538,10364.797432015064,10192.771063757116,10246.234375,371459
2025-01-16,10312.79430534118,10524.6979892323,10273.8413523465,10357.78515625,375910
2025-01-17,10357.786714578982,10443.23976806747,10225.248701474347,10303.0576171875,297759
2025-01-20,10310.263763918803,10373.951277766602,10209.813446045047,10346.34375,332061
2025-01-21,10398.004875946865,10680.949224890534,10363.482627881996,10388.55859375,593842
2025-01-22,10419.916477936878,10515.156271993168,10329.107392743645,10413.830078125,249552
2025-01-23,10410.177072222818,11268.554304547282,10410.12857122975,11121.9453125,1510866
2025-01-24,10956.492306201331,11305.80311681144,10928.641324059518,10990.4296875,545939
2025-01-27,10965.257335666069,11062.639727634682,10858.13670450059,10945.2939453125,414994
2025-01-28,10921.435079276682,11112.88847833154,10776.335317634932,11000.6552734375,436707
2025-01-29,11000.655153216136,11271.963060404038,10966.084405014872,11242.650390625,377755
2025-01-30,11242.651055830134,11308.53062648906,11150.284234514507,11178.9150390625,274820
2025-01-31,11187.922685167176,11295.383775551938,11093.948675826648,11186.75390625,361656
2025-02-01,11242.69986548891,11478.462250062232,10515.59387390638,10964.4296875,513602
2025-02-03,10829.165201114374,10987.460085525228,10664.73541634645,10882.1416015625,450593
2025-02-04,10906.92474553248,11245.5720087304,10821.277693828431,11217.6240234375,314752
2025-02-05,11217.574398904777,11328.346866471333,11133.728542315896,11282.431640625,236897
2025-02-06,11274.15387601764,11315.394936431912,11031.184820925606,11176.9169921875,308664
2025-02-07,11200.046092151057,11425.876243354222,11174.678168813212,11335.89453125,310549
2025-02-10,11218.450867658985,11309.698353544689,11189.236151857787,11230.4287109375,262455
2025-02-11,11196.052637514633,11214.165380456245,10946.023367732783,11004.404296875,301338
2025-02-12,11004.20955141678,11295.382883794977,10784.709274300963,11178.037109375,347198
2025-02-13,11198.97467472797,11344.951255453292,11123.2113666937,11244.208984375,336128
2025-02-14,11285.645078081829,11285.645078081829,10889.298754259296,10969.005859375,279199
2025-02-17,10925.330696722433,11208.616459034924,10754.327594606631,11189.333984375,166053
2025-02-18,11150.283118402487,11160.605270845785,10956.492171628506,11012.876953125,268795
2025-02-19,10994.472208415673,11160.022277098637,10937.01659634335,10995.9814453125,157580
2025-02-20,10995.543149427676,11033.42528123454,10950.845201015403,10992.134765625,142187
2025-02-21,10970.126796232553,10994.472394981402,10702.325209995182,10865.197265625,320240
2025-02-24,10720.48666767265,10877.612770760812,10687.765614610986,10753.5966796875,175294
2025-02-25,10753.596541000592,10764.892517495316,10557.224577168668,10677.1513671875,296499
2025-02-27,10517.29835337902,10517.29835337902,9995.71864136512,10174.171875,1722295
2025-02-28,10215.41299921622,10215.41299921622,9784.83636928303,9863.3271484375,1230856
2025-03-03,10049.132448864992,10343.762684558764,10013.97778588448,10070.1181640625,835344
2025-03-04,9981.694525897115,10181.133461443847,9971.956287335264,10098.650390625,352922
2025-03-05,10115.986483166109,10231.77358356978,10025.761311189255,10190.2890625,310832
2025-03-06,10263.908165418989,10264.103120384048,10047.135362270772,10218.8203125,365920
2025-03-07,10226.123915481725,10331.88080174414,10173.245472350513,10305.3935546875,302339
2025-03-10,10311.821457659826,10366.93951096498,10202.753178950044,10244.724609375,165649
2025-03-11,10138.480685592383,10233.477017424826,10085.163826737697,10165.9912109375,180753
2025-03-12,10205.673738430449,10273.646451564684,10090.762526490103,10245.0166015625,299765
2025-03-13,10244.626926221275,10244.626926221275,10108.388588884229,10178.50390625,219474
2025-03-17,10270.434640697467,10300.47673018469,10174.512978334722,10271.0185546875,212061
2025-03-18,10271.0185546875,10271.0185546875,10271.0185546875,10271.0185546875,0
2025-03-19,10429.654353191523,10658.59998011511,10419.916113832804,10647.060546875,269175
2025-03-20,10645.015306508512,10945.780432018608,10532.87910611328,10661.5703125,549251
2025-03-21,10730.565936240237,10774.38801330084,10600.706894950616,10689.421875,656565
2025-03-24,10730.517030852629,10787.97264083348,10569.7381346961,10761.9228515625,294688
2025-03-25,10945.780230347056,11178.377679841984,10911.40443815101,11122.2373046875,754457
2025-03-26,11083.08941558358,11186.314745348263,11004.209682461513,11103.63671875,401569
2025-03-27,11102.07980773683,11325.5239005626,11052.901698856456,11295.9677734375,406112
2025-03-28,11282.23652772549,11392.76553777226,11158.707349319868,11208.2744140625,280960
2025-04-01,11052.901322532312,11262.90682806039,11040.38806575214,11080.8017578125,263144
2025-04-02,11062.6396433704,11062.6396433704,10885.50069332879,10956.4443359375,376468
2025-04-03,10896.114755058366,11345.096038432415,10863.004745077851,11302.783203125,361884
2025-04-04,11295.383985705525,11309.504432967591,11122.043322764272,11197.6611328125,222191
2025-04-07,10906.827962309202,11004.258855826096,10726.719037142337,10898.6474609375,484513
2025-04-08,11021.495273305703,11240.60564740778,10946.559335162816,10975.43359375,602120
2025-04-09,10993.351788129974,11123.99064750772,10887.351434748867,11098.7197265625,230611
2025-04-11,11532.363881598394,11532.363881598394,11154.22822520257,11201.556640625,351037
2025-04-15,11441.45690425271,11441.45690425271,11277.854490437538,11412.2421875,345260
2025-04-16,11361.603577326296,11517.415403191748,11361.603577326296,11421.0068359375,268150
2025-04-17,11361.603717485665,11609.92881802212,11296.357514599613,11589.478515625,290473
2025-04-21,11506.703039241873,11793.007261782252,11472.61920322516,11621.6142578125,230595
2025-04-22,11621.614363561175,11702.441746850567,11539.813156376737,11645.9599609375,334667
2025-04-23,11724.839653815172,11724.839653815172,11516.441341031414,11636.2216796875,267716
2025-04-24,11566.106273998426,11868.965502020108,11559.289506808229,11840.724609375,339743
2025-04-25,11830.987086742563,11981.929797948844,11549.551967138596,11916.68359375,412558
2025-04-28,11911.813560240218,12016.012714176262,11686.860246602588,11796.90234375,516745
2025-04-29,11881.625956075177,11902.076258925565,11491.1225540273,11558.31640625,516495
2025-04-30,11558.316032017088,11612.85017118576,11198.975007852096,11336.2841796875,630392
2025-05-02,11336.283669920698,11442.430471743684,11180.471850730995,11309.0166015625,189474
2025-05-05,11395.687756734684,11421.0071791988,11346.996559688305,11364.525390625,145699
2025-05-06,11392.765794956786,11421.98051192821,11241.823090604425,11386.9228515625,273048
2025-05-07,11346.023075959103,11393.740450495368,11250.58832688658,11352.83984375,217460
2025-05-08,11297.331181134334,11432.692704639005,11236.95409870779,11326.5458984375,388912
2025-05-09,11179.498732290564,11255.456998938533,11016.870135749405,11066.53515625,200270
2025-05-12,11286.61955518144,11458.98639394478,11262.273956486051,11428.7978515625,182795
2025-05-13,11393.739875104517,11440.483423310072,11263.247469697337,11355.7607421875,307678
2025-05-14,11370.36795188271,11433.66650591426,11319.72910865747,11366.47265625,179337
2025-05-15,11366.4722332426,11619.666439946086,11338.231340956443,11582.6611328125,371371
2025-05-16,11637.195120550714,11676.148074929126,11546.629501620906,11593.373046875,209706
2025-05-19,11592.400494593008,11677.123179659338,11569.028719402297,11616.74609375,128237
2025-05-20,11655.698464850764,11666.410527939855,11363.551289693673,11390.818359375,158934
2025-05-21,11390.81842441778,11598.24291996373,11329.467517284467,11360.6298828125,173017
2025-05-22,11360.630136651862,11393.740150765198,11215.530368919895,11374.263671875,175370
2025-05-23,11420.032502753598,11564.158435251897,11355.760127450303,11438.53515625,181463
2025-05-26,11491.122780365087,11572.923993377855,11340.18006587724,11383.0283203125,198003
2025-05-27,11370.3680678684,11415.163968101524,11077.247068516876,11122.04296875,478345
2025-05-28,11155.152794491209,11169.760153017383,10906.827699546182,10943.8330078125,201200
2025-05-29,10954.545006454377,11040.24150930512,10859.110264643325,10974.021484375,350206
2025-05-30,10970.12574178677,11013.947815322535,10877.612475433483,10916.5654296875,394181
2025-06-02,10887.350650053037,10925.32978022764,10730.565010101467,10901.9580078125,314936
2025-06-03,10984.734332521522,10996.420220109312,10712.063622139782,10746.1474609375,349615
2025-06-04,10751.015986132512,10765.623344809324,10634.157116718028,10744.19921875,345047
2025-06-05,10749.068670222749,10887.351669966509,10714.984832257736,10866.9013671875,191183
2025-06-06,10887.351284449149,11014.922216315232,10828.921850006664,10958.4404296875,143723
2025-06-09,10965.2568359375,11021.738620705206,10873.717391658804,10965.2568359375,209231
2025-06-10,11111.330779233604,11183.393748353965,11038.293986206216,11092.828125,279918
2025-06-11,11082.115786033995,11216.50348185761,11043.162830722806,11163.9169921875,237747
2025-06-12,11174.628646649797,11203.843362065872,10984.73299644529,11026.607421875,262530
2025-06-13,10820.157120414402,10955.518639605978,10729.591499660326,10930.19921875,181355
2025-06-16,10974.995096373425,11216.503417926271,10903.90595333569,11194.10546875,401104
2025-06-17,11198.97450213586,11207.73891696362,11062.639160370729,11085.037109375,121415
2025-06-18,11085.036622292406,11178.523709680623,11046.083669213982,11107.4345703125,156816
2025-06-19,11101.592857240586,11184.367891702468,11055.82313230284,11121.0693359375,157757
2025-06-20,11121.068910641035,11223.32041988949,11072.377715760822,11158.07421875,629895
2025-06-23,11102.56699667411,11189.237329338262,11024.661079672624,11149.310546875,304907
2025-06-24,11256.43074806425,11514.494088166077,11212.608671443184,11275.9072265625,735700
2025-06-25,11330.441233043952,11462.881285273774,11329.467409130497,11425.8759765625,253134
2025-06-26,11384.001873208832,11672.25375981874,11375.237457737583,11638.169921875,506580
2025-06-27,11666.409592365717,11925.446733565155,11605.05869050269,11893.310546875,501287
2025-06-30,11895.258661470609,11949.792798600558,11703.415357638458,11776.4521484375,333104
2025-07-01,11788.138140404251,11904.997006727965,11744.316065532865,11890.3896484375,207437
2025-07-02,11890.389438456146,12199.091604876345,11851.43648370281,12110.4736328125,445829
2025-07-03,12110.474058315858,12245.835580839652,12052.044624132925,12073.46875,275755
2025-07-04,12075.41626894091,12213.699261698135,12017.960659274177,12178.6416015625,191516
2025-07-07,12149.42639352977,12172.798166008506,11983.876338472051,12021.85546875,149939
2025-07-08,12021.855892489451,12167.929475630272,11982.902936985234,12119.23828125,219226
2025-07-09,12085.154549061654,12250.704611377569,12052.04453659847,12233.17578125,379924
2025-07-10,12190.327530604576,12335.427291114249,12155.269870347203,12188.3798828125,269323
2025-07-11,12188.3799894958,12306.21268194778,12126.05525960384,12167.9296875,240034
2025-07-14,12167.9295809957,12249.7307882629,12104.631027753228,12188.3798828125,278918
2025-07-15,12216.621500325571,12216.621500325571,12099.762625870486,12174.7470703125,154124
2025-07-16,12176.693336319562,12187.405398595594,12073.468008932336,12127.0283203125,156311
2025-07-17,12138.714970363146,12219.542354441775,12106.578781512606,12167.9296875,166142
2025-07-18,12192.274710828731,12229.280017459045,12115.342625992032,12170.8505859375,98339
2025-07-21,12231.228196807664,12381.1970775647,12050.096951217996,12247.783203125,512521
2025-07-22,12317.89897966002,12366.590176512182,11973.165305946712,12126.0556640625,533617
2025-07-23,12133.844934630615,12187.405245337251,12034.514903865584,12048.1484375,189617
2025-07-24,12048.14873307207,12074.441977154913,11909.865745673407,11981.9287109375,180080
2025-07-25,12000.059001116071,12098.058666294644,11949.099175223217,12004.958984375,290381
2025-07-28,12028.479066297745,12120.598752808415,11965.759279737284,11995.1591796875,214107
2025-07-29,11955.959132845102,12016.71892515956,11879.519394126914,11976.5390625,208446
2025-07-30,11960.859816793436,12133.339237338758,11956.93982996286,12022.599609375,185681
2025-07-31,11956.939650924947,12082.379227625086,11911.859803048335,12003.9794921875,150379
2025-08-01,11937.339971856813,12043.1796169566,11833.460320184797,11870.7001953125,212570
2025-08-04,11914.799664381831,12044.159226456057,11889.31975063994,12011.8193359375,207875
2025-08-05,12083.358916814472,12130.39875687993,12016.719143388407,12051.9990234375,267535
2025-08-06,12051.99921434085,12142.158909227774,11963.799512821037,11981.439453125,192086
2025-08-07,11959.87925381172,12062.778903242255,11882.45951757351,12027.4990234375,202031
2025-08-08,12039.258907789108,12068.658807441829,11892.259409525504,11913.8193359375,201770
2025-08-11,11917.73921671894,12176.458331365253,11917.73921671894,12156.8583984375,218605
2025-08-12,12198.018522289693,12279.358245704976,12149.018688906992,12199.978515625,334100
2025-08-13,12235.25819529738,12266.618088148763,12140.198520091626,12152.9384765625,207359
2025-08-14,12164.698822162713,12179.39877240298,11980.459445818024,12070.619140625,235741
2025-08-18,12375.397685627204,12645.876760796124,12304.837926887483,12509.6572265625,808480
2025-08-19,12531.217518117614,12622.357209146388,12376.378043036471,12605.697265625,351252
2025-08-20,12592.957618219134,12671.357354363689,12509.657898565543,12616.4775390625,290957
2025-08-21,12632.157551324544,12647.837498634177,12534.157880639325,12612.5576171875,155457
2025-08-22,12606.676811104931,12606.676811104931,12311.697821665988,12337.177734375,226948
2025-08-25,12394.997750327226,12476.3374730721,12304.83805764616,12353.837890625,199190
2025-08-26,12329.337909521211,12514.557277210546,12230.35824742268,12357.7578125,290322
2025-08-28,12318.55792190994,12394.997660804847,12222.518249965058,12270.5380859375,283677
2025-08-29,12270.53859662406,12474.377908827382,12270.53859662406,12387.158203125,177858
2025-09-01,12386.178119639795,12594.917413846872,12383.23812958054,12569.4375,214241
2025-09-02,12532.19722788197,12590.997027199528,12433.217565697418,12475.357421875,214101
2025-09-03,12445.95796079822,12514.557729086086,12403.818103135676,12478.2978515625,140022
2025-09-04,12739.957331065729,12835.017012689832,12381.278532360338,12397.9384765625,305040
2025-09-05,12426.3582162378,12483.198025113335,12279.358710525206,12348.9384765625,153774
2025-09-08,12348.937944635138,12488.097470715464,12348.937944635138,12410.677734375,126448
2025-09-09,12444.97813601468,12453.798106344952,12282.298683256318,12320.5185546875,240234
2025-09-10,12372.45794786324,12373.437944532378,12171.558630690017,12228.3984375,175576
2025-09-11,12228.39885706252,12266.618728470232,12112.75924613662,12144.119140625,132660
2025-09-12,12148.038506719888,12229.378228892989,12096.098684127426,12122.55859375,153086
2025-09-15,12122.559004479544,12231.338636613516,12077.479156928528,12186.2587890625,179530
2025-09-16,12247.018705154833,12346.978368108006,12197.038873678248,12326.3984375,189043
2025-09-17,12424.398227616985,12543.95782564264,12361.678438488769,12466.5380859375,264319
2025-09-18,12475.358134535136,12493.978072049367,12310.718687040877,12373.4384765625,190079
2025-09-19,12349.918518710523,12391.078380461506,12234.27890712444,12257.798828125,571670
2025-09-22,12296.018349725173,12451.837821918232,12291.118366322877,12396.9580078125,499548
2025-09-23,12396.957642812324,12443.9974820894,12113.73861049827,12152.9384765625,403638
2025-09-24,12178.418984490134,12198.998915179302,11955.95973370722,11969.6796875,166517
2025-09-25,11965.759419110604,12029.459203078026,11877.559718232642,11898.1396484375,272540
2025-09-26,11897.15933584041,11954.979138213936,11750.159838280602,11828.5595703125,181541
2025-09-29,11857.95945071786,11903.039296563564,11722.719913180748,11800.1396484375,214806
2025-09-30,11800.140130566297,12015.73940211555,11800.140130566297,11977.51953125,279155
2025-10-01,12028.478971973182,12028.478971973182,11829.539650536766,11853.0595703125,129528
2025-10-03,11853.059825686152,11896.179679537348,11742.32020102286,11778.580078125,258411
2025-10-06,11778.580469965134,11857.960203559209,11751.14056205607,11813.8603515625,106362
2025-10-07,11817.779714462871,11965.759210016722,11784.459828046773,11940.279296875,225472
2025-10-08,11906.960102889669,11938.31999781086,11701.160792469353,11751.140625,173973
2025-10-09,11751.139814241666,11966.739076949792,11733.499874565545,11948.119140625,171737
2025-10-10,11936.359205467286,12077.478723167393,11868.739436569318,12035.3388671875,198464
2025-10-13,11980.459355038716,12003.979275244928,11906.959604394306,11928.51953125,87745
2025-10-14,11928.51922865317,12005.938964034667,11785.439717694955,11828.5595703125,129196
2025-10-15,11843.260005739912,12078.459211480716,11843.260005739912,12064.7392578125,142328
2025-10-16,12059.839001368042,12156.858671539943,12022.599127968724,12110.798828125,129372
2025-10-17,12053.958828061845,12142.15852680376,12013.778965301635,12122.55859375,182242
2025-10-20,12171.558817127005,12198.998724283168,11931.45962951057,12099.0390625,393365
2025-10-21,12123.539044617715,12168.618892330303,12025.53937567731,12095.119140625,14465
2025-10-23,12142.158754728023,12166.65867150512,11869.719680166734,11902.0595703125,370812
2025-10-24,11905.979821996534,11930.47973931894,11638.440724835857,11679.6005859375,318840
2025-10-27,11683.52046465356,11807.980043500313,11681.560471285891,11774.66015625,408073
2025-10-28,11784.460511630024,11807.000436101333,11628.64103376315,11692.3408203125,513095
2025-10-29,11701.160663128176,11818.760267782733,11660.98079820454,11758.98046875,394272
2025-10-30,11799.16043334647,11842.280288750726,11710.960729110491,11811.900390625,159943
2025-10-31,11811.900157417263,11859.91999544211,11678.62060698096,11708.0205078125,175191
2025-11-03,11688.420038000131,11744.279847018828,11647.260178723196,11710.9599609375,98394
2025-11-04,11720.76059007213,11720.76059007213,11549.261166722412,11582.5810546875,199364
2025-11-06,11563.961104770153,11745.260494972055,11562.001111362564,11671.7607421875,189652
2025-11-07,11633.540395352456,11711.940128452296,11597.28051879378,11611.98046875,148161
2025-11-10,11613.940962017316,11652.16083354872,11466.941456127295,11493.4013671875,197085
2025-11-11,11514.9611852537,11611.980858218816,11485.56128435518,11588.4609375,125847
2025-11-12,11623.740240191286,11709.9799452024,11594.340340755678,11682.5400390625,184542
2025-11-13,11682.540316712622,11775.640000471343,11668.8203633166,11695.2802734375,174415
2025-11-14,11702.140245691742,11702.140245691742,11550.24076172204,11636.48046875,161315
2025-11-17,11573.761262224858,11617.861114621142,11510.061475430224,11542.4013671875,194379
2025-11-18,11650.200690559066,11650.200690559066,11454.201351888829,11472.8212890625,318116
2025-11-19,11472.821466611707,11518.88131191202,11405.201693724017,11432.6416015625,271396
2025-11-20,11485.56147566047,11537.501301446306,11427.741669596991,11517.9013671875,185397
2025-11-21,11522.800762599649,11552.200662487212,11457.140986184084,11494.380859375,192051
2025-11-24,11503.200734849792,11503.200734849792,11329.741326938018,11352.28125,407297
2025-11-25,11367.961261334198,11414.02110437581,11307.201468385689,11348.361328125,200149
2025-11-26,11357.181810209202,11537.501203865126,11353.261823390594,11523.78125,187481
2025-11-27,11540.440561246449,11551.22052440658,11366.98115403342,11384.62109375,275290
2025-11-28,11387.56184839709,11407.16178273168,11325.82205524313,11367.9619140625,159990
2025-12-01,11387.561817695829,11780.540500044885,11324.842027994237,11428.7216796875,228729
2025-12-02,11467.921483069122,11478.701446862811,11358.161851715187,11432.6416015625,190930
2025-12-03,11465.961240469438,11467.921233843876,11289.561836769908,11359.1416015625,206293
2025-12-04,11348.36185005761,11398.34168203973,11293.482034547833,11375.8017578125,159687
2025-12-05,11397.361374776345,11431.661258535343,11329.741603937173,11365.021484375,226572
2025-12-08,11377.761879535854,11399.321807300694,11260.16227354582,11309.162109375,148186
2025-12-09,11269.961351602198,11294.461267583943,11151.381758250558,11185.681640625,274482
2025-12-10,11196.461708343228,11268.981460327246,11071.022137343847,11090.6220703125,272923
2025-12-11,11113.161927546418,11254.28144408669,11040.642175991,11242.521484375,196507
2025-12-12,11261.14174884242,11503.200926630609,11251.341782130348,11488.5009765625,389481
2025-12-15,11424.80159777216,11567.881116838442,11424.80159777216,11493.4013671875,178073
2025-12-16,11465.96079077843,11465.96079077843,11279.761427509378,11297.4013671875,179690
2025-12-17,11274.862224294571,11359.141941920763,11265.062257128737,11309.162109375,205337
2025-12-18,11314.061910364497,11333.661844379852,11183.722349162375,11231.7421875,103462
2025-12-19,11272.90196904426,11298.381883083654,11213.122170721066,11266.0419921875,152956
2025-12-22,11266.0414099083,11317.001235353257,11202.341628102102,11301.3212890625,170807
2025-12-23,11318.961790633295,11514.96112899924,11299.361856796702,11444.4013671875,161830
2025-12-24,11480.660827906511,11554.160577124863,11437.540975031745,11528.6806640625,182050
2025-12-26,11530.64114714712,11617.860853257616,11508.101223096091,11558.0810546875,193121
2025-12-29,11542.400539108186,11583.560398391814,11496.34069657651,11562.98046875,197600
2025-12-30,11573.760981217962,11574.740977914083,11417.941506534336,11470.861328125,236323
