Date,Open,High,Low,Close,Volume
2018-01-01,341.34389191046984,341.9966351984826,336.3331679255024,337.3890686035156,1286288
2018-01-02,336.698056252513,343.64779559375114,336.67883930339883,342.8030700683594,1906518
2018-01-03,342.8798129465955,348.5624748122898,342.8798129465955,344.5308532714844,2583906
2018-01-04,344.03162592986183,345.356305962298,339.05928914928535,342.9181213378906,1193460
2018-01-05,341.0559913817043,346.7194598566608,338.7714011064414,345.5867614746094,1492292
2018-01-08,345.625234999168,346.8731181111842,343.68619787686816,345.7596130371094,2353168
2018-01-09,345.75954646954784,346.6618524027053,339.8081050811214,343.2061767578125,2504270
2018-01-10,342.49588005186973,352.47894382019774,342.15030308576826,351.6534118652344,3400572
2018-01-11,352.8628028043287,355.1281990517281,349.42632141966493,352.0564880371094,4243446
2018-01-12,352.67089488980383,356.318552485289,350.271120155932,355.5122375488281,1980698
2018-01-15,355.1666645745442,357.5088353668075,347.6793673213511,349.1192321777344,2536486
2018-01-16,350.9813526881653,366.68548383052206,349.4071102468849,364.4776916503906,8963404
2018-01-17,364.76578891168265,369.9876897788238,362.193225502824,365.8600769042969,5498922
2018-01-18,365.9176280916377,368.4709976198069,361.11807892989015,366.3975830078125,1869500
2018-01-19,367.45351876310406,371.29315845759834,363.2875190686981,367.9526672363281,4748438
2018-01-22,368.6053869092771,374.3264590593846,362.8459277388197,371.0435485839844,4431318
2018-01-23,372.4257381084725,383.9638470245,371.8881793485209,382.1784057617187,5015202
2018-01-24,381.6601425062559,399.5912391051422,380.8922146541306,391.0480651855469,9269776
2018-01-25,391.18246485264535,391.64322627650114,380.14350136691064,387.63079833984375,5307454
2018-01-29,388.57337670635945,392.8053639774189,386.668977738019,389.362060546875,4013296
2018-01-30,391.4589050040651,391.4589050040651,383.9567441710634,384.8800964355469,2711352
2018-01-31,384.7069144570707,391.6127534753557,377.6856622913296,379.5515747070313,3221144
2018-02-01,377.83952660437984,390.4777941885383,372.7996236444327,378.9167785644531,3055658
2018-02-02,377.0315436381338,387.68846033324826,376.2043732057934,381.2250671386719,3345056
2018-02-05,380.8788321737586,385.4185953760319,377.0315712427105,382.0907287597656,2177578
2018-02-06,371.2414824164997,372.70343700853056,364.73960145170054,366.9710083007813,3310994
2018-02-07,368.64459489914674,368.95237111716614,354.71750382693136,361.084716796875,4051696
2018-02-08,363.85469647070914,370.4912214658133,360.68070625565935,363.3160705566406,2896536
2018-02-09,359.7189191762837,373.41515954042865,354.9290743261823,370.8759765625,3456506
2018-02-12,371.45313856458625,374.24240345800234,360.62308686155853,361.3156127929687,2975588
2018-02-14,361.5655642182712,369.2600857955139,357.91066646908087,360.7961120605469,2889532
2018-02-15,363.18147836018926,365.3551904570858,358.56476465222073,361.5271606445313,2281842
2018-02-16,363.5662629093169,373.5499126030328,358.1800960514011,360.52691650390625,5698140
2018-02-19,360.81534085706573,361.52709818650527,346.29193149316995,351.7165832519531,2925546
2018-02-20,352.40912407136534,355.94860905316204,348.1771367735651,349.1197204589844,2462802
2018-02-21,353.17858042160026,364.6434141746522,350.8702236868185,362.7582702636719,5569512
2018-02-22,362.7967043804692,370.49122621250456,358.3915859352655,362.0272521972656,8186574
2018-02-23,365.0666407770367,372.37643737973656,362.7582839551315,367.644287109375,5675166
2018-02-26,367.7596894763757,371.29915082144726,362.8159449875833,363.9701232910156,2112112
2018-02-27,366.64399657344694,368.7984534774783,363.18146145365574,365.4513549804687,2879428
2018-02-28,367.3749185329079,368.70220463439034,360.02663680890697,361.7579040527344,5119548
2018-03-01,363.10445262450554,366.43234245358,360.87304616123623,362.7197265625,2772230
2018-03-05,362.7197229326899,363.4314802293667,353.10157147880113,358.6031494140625,3747704
2018-03-06,360.87310864133633,366.6440005705688,356.4487581622581,358.8725280761719,2929756
2018-03-07,360.87318937765224,366.5671326586746,359.2573345795964,365.3167724609375,5695220
2018-03-08,366.6439039000478,370.87589019899906,363.7776903012137,365.73980712890625,4238350
2018-03-09,365.4898051871727,367.740443542177,361.64254407993934,362.7967224121094,1464728
2018-03-12,365.4897575233168,375.4926350976392,365.1050314627659,372.2801818847656,4946236
2018-03-13,372.28023436085135,372.7996052230787,363.7970047444689,368.1828918457031,2513508
2018-03-14,370.10649735231823,372.4725721906965,369.3370451748706,371.2799072265625,2354082
2018-03-15,372.41485680235735,374.1845874316252,367.5095991326982,369.0100402832031,2590154
2018-03-16,369.33704691519506,376.8584372888234,364.3548393463819,372.2609558105469,9482072
2018-03-19,370.3758516489144,370.72209107832,354.33276726217827,356.4487609863281,3318748
2018-03-20,355.8717047154086,364.6242250205714,352.2552693504369,360.56536865234375,3707786
2018-03-21,363.5661190117533,365.4512860586142,356.42945544603367,360.6229553222656,3818980
2018-03-22,362.02725888292576,365.066604455435,355.8716413036199,358.0068664550781,3095286
2018-03-23,348.1771053207686,369.5486345476856,347.6192478037256,368.3367614746094,5478072
2018-03-26,368.2598044697432,373.56901961967407,363.56614164839544,372.0493469238281,3571336
2018-03-27,375.10793860781826,376.60837975497634,367.22105374478207,373.9729919433594,2495200
2018-03-28,369.933376610419,377.64713021596486,367.4326569614209,372.6456909179687,4620172
2018-04-02,371.7608138271429,378.9167331470487,371.18372469562553,376.8392028808594,1295646
2018-04-03,374.14617294929434,380.4941542898222,370.51050621244616,372.8958129882813,2036000
2018-04-04,377.41625346645327,377.5124349785497,365.2973829423011,369.0484619140625,1804780
2018-04-05,373.18427878243347,378.6473935393229,368.0097085709944,370.1257019042969,2805104
2018-04-06,373.953654670892,373.953654670892,365.7205092596934,366.50921630859375,2515810
2018-04-09,367.1440394152959,370.35651579960773,364.7202701643637,366.7400817871094,1708072
2018-04-10,366.6824253562228,370.0872653266771,363.00829590941913,364.8934631347656,2431772
2018-04-11,367.41341216815016,376.14669901762034,366.0091525613776,372.1455383300781,3716964
2018-04-12,372.3956017640772,389.727506410036,372.14552042745504,388.5925598144531,8182766
2018-04-13,390.30465414232447,392.42064783161254,380.2055933525403,381.3597717285156,6361110
2018-04-16,376.64689725449847,387.32304781508304,375.5311820374209,384.6876831054687,3824528
2018-04-17,383.5911654046323,390.8817299258933,383.5911654046323,388.9580993652344,3729906
2018-04-18,390.4585153339882,390.8047547234154,382.0330046306756,383.5141906738281,2008262
2018-04-19,386.6496984076449,392.9976785307554,384.34134199924097,391.86273193359375,2301628
2018-04-20,392.4206341865137,413.2727706686169,392.3821709680463,408.7137756347656,9490598
2018-04-23,408.579181615044,426.27658496183506,405.88609849705415,418.5820617675781,9086924
2018-04-24,417.3893679289824,423.1025412943557,407.0786893511306,408.5598754882813,3993618
2018-04-25,408.5214679986239,416.0813465166905,402.42356768974406,411.1953430175781,3002280
2018-04-26,406.2708888889392,418.7167727306383,404.5973392223256,414.465576171875,6052212
2018-04-27,414.34999678315177,419.60151727716914,398.1915010868729,400.74993896484375,4764608
2018-04-30,403.5392909264676,415.1195393029881,402.0581045580134,405.0204772949219,3147666
2018-05-02,403.9623666560274,404.71256369436486,382.9947961962622,384.9184265136719,15014958
2018-05-03,383.57179585708633,383.57179585708633,353.94789587614787,356.1408386230469,15276024
2018-05-04,355.0829528707306,363.18143244661417,349.2158799419055,357.737548828125,8365006
2018-05-07,360.41151078708094,361.892720792712,354.3520729467049,357.1028747558594,2576842
2018-05-08,357.8722593248801,358.9494878181095,348.9850714216419,353.98651123046875,4080268
2018-05-09,356.2613345739976,361.13873130575905,355.02752437970105,357.6108093261719,2757280
2018-05-10,359.69291421416085,361.62073554978616,357.0710583713302,358.6518859863281,3741482
2018-05-11,359.03738665850756,361.7556095536756,358.9988161188417,359.6735534667969,2117402
2018-05-14,361.4278835750927,361.4278835750927,354.8925658035911,356.7625427246094,3132296
2018-05-15,354.8347854017507,359.61579166090775,351.4610981112497,356.6469421386719,4239330
2018-05-16,355.6828572989093,358.92160492489774,353.3694728611928,354.8153381347656,1963972
2018-05-17,357.37943311853786,357.37943311853786,348.81990396889864,350.7669982910156,2899904
2018-05-18,348.93559077980615,353.94792523299674,342.0339823887632,343.4220275878906,3517726
2018-05-21,343.92327520931764,347.2198444971624,341.9954541599381,345.4462585449219,2942476
2018-05-22,343.2870861083458,351.5188961391581,342.9786394459087,348.8970642089844,2485094
2018-05-23,348.9356448802739,354.10221522318255,343.8654655994869,344.8293762207031,3734828
2018-05-24,349.30189620226224,353.9093931582889,347.08490202366505,351.5188903808594,6309330
2018-05-25,353.90940026500505,356.2034885042864,351.63456199679314,353.17681884765625,2089082
2018-05-28,353.1767755532945,353.56233971874565,343.53767141701456,344.88714599609375,2651764
2018-05-29,346.62218906832067,350.6706128561042,345.0799323872603,348.97412109375,1985832
2018-05-30,349.7067062392347,351.55740957007,346.0823935860812,349.8416442871094,2374048
2018-05-31,350.09222473703625,352.7140560747291,347.4125493675328,350.998291015625,5618644
2018-06-01,350.86344225744216,356.22279436005806,347.00780003483294,348.8777770996094,1939062
2018-06-04,349.7067906574131,353.5238863192343,346.680120570426,347.2777404785156,1505886
2018-06-05,349.3018300443246,350.94047760510097,339.3157096137006,341.2435302734375,2547736
2018-06-06,343.9040560774536,353.870883065336,343.1522010427312,350.4586486816406,2337712
2018-06-07,348.9355078614025,357.0323539001754,348.9355078614025,355.2394714355469,2137298
2018-06-08,355.10466747078584,360.8495840993008,353.8901306932826,358.0735168457031,2268428
2018-06-11,359.73143070936163,363.3942909363058,349.9959337903784,351.4803466796875,4105194
2018-06-12,352.0007965440154,356.26127570817425,351.49956785404993,352.7140808105469,2961048
2018-06-13,354.71900734648653,356.9552746427296,352.4248960162935,356.1455993652344,2113706
2018-06-14,357.8035901139659,362.43036067578447,355.1239141236516,361.25439453125,3755080
2018-06-15,361.2543493020925,367.8282136123654,358.97951131415334,365.6304931640625,6186584
2018-06-18,368.02092098988663,369.1197692244968,359.0565559683938,359.80841064453125,2653666
2018-06-19,359.69279533565333,362.6423468845478,352.94542289097205,354.89251708984375,2812474
2018-06-20,355.1046212379828,358.09274372939905,349.47539344153535,351.2297058105469,2820262
2018-06-21,351.6731927513034,353.5624672567059,346.6608567923752,347.9910583496094,3208902
2018-06-22,349.7260706434244,355.4131436949792,347.72113170848456,348.8585510253906,4036700
2018-06-25,348.89710454879076,353.75520475954676,348.5500873053191,350.4393615722656,4255720
2018-06-26,350.47793130648887,352.9840991321128,349.55256761922186,351.0177307128906,3249236
2018-06-27,351.7116978379543,356.6469153107955,350.979116382505,355.1239318847656,5751028
2018-06-28,357.205969093291,358.5554438359684,348.8970650271148,350.7091979980469,13566568
2018-06-29,352.4441704719977,358.0926945283506,352.1549973673988,357.1287841796875,6059554
2018-07-02,357.41800106793403,359.5193305920257,355.0467719065606,357.07098388671875,1776396
2018-07-03,358.5746689453125,362.39176354404685,353.6201789004922,361.4664001464844,2054476
2018-07-04,361.25433107801354,361.8519507973506,356.26127068380606,356.8974609375,1547894
2018-07-05,357.84213409590046,360.6953186647483,355.1046376164973,358.97955322265625,3416140
2018-07-06,360.5026114691774,366.1125671870489,355.875839985081,363.93414306640625,5055508
2018-07-09,365.90043173066454,372.0694590306547,364.7051921044801,370.7392578125,3711984
2018-07-10,383.63641552308695,383.63641552308695,375.9444042941952,377.679443359375,11042854
2018-07-11,379.2795366106648,385.9883400725937,377.5252240760644,383.0387878417969,10209714
2018-07-12,387.8583035799327,393.1983582249935,386.3353203152097,387.8968505859375,10093442
2018-07-13,384.4075536617184,384.7160003522443,376.31070448729906,379.14459228515625,11524056
2018-07-16,379.7806715010078,382.0555093018657,374.0743270317485,374.806884765625,3404444
2018-07-17,376.7732969098396,379.3951284568092,373.6116661327725,377.9685363769531,3241946
2018-07-18,380.1277262236345,384.3303615746246,379.41441838633654,381.66998291015625,3784400
2018-07-19,381.7085335366472,383.4435723254501,376.5034171702383,378.6625671386719,1501536
2018-07-20,379.2409519564811,387.2992534524537,378.0649858088894,385.2557678222656,4379550
2018-07-23,386.72085877198856,389.78609860045407,382.13263578015017,387.43414306640625,3296730
2018-07-24,386.1425651502298,389.0342967913948,381.3808564609671,382.3254699707031,2925630
2018-07-25,382.86516372998926,383.05794578624807,370.1415480169081,371.7994689941406,5643672
2018-07-26,371.79961983684257,373.2069388316811,364.37750765965586,367.28851318359375,7970088
2018-07-27,369.75612763629647,373.8816699505123,366.4788314059435,371.4718933105469,4929768
2018-07-30,375.15399008745015,378.29634792737374,363.6256103724987,365.1871643066406,6447110
2018-07-31,366.42089968180335,372.6477704427936,365.2642071713756,372.10797119140625,4771570
2018-08-01,373.2261294949384,377.8528996952889,372.0694369448508,377.3323974609375,3568096
2018-08-02,377.08122549697424,380.1720552141626,370.33934846012534,371.0927429199219,3200706
2018-08-03,373.2369881517157,374.7244640493281,369.91435575542863,372.3097534179687,2289018
2018-08-06,373.99040053866634,374.202890368195,368.19509474519526,369.5473327636719,2165794
2018-08-07,371.2473796443987,375.13023065782534,370.5519239323637,374.299560546875,2235882
2018-08-08,374.3767801077086,374.68585838846934,369.8371235893747,372.6575012207031,1517966
2018-08-09,373.97113960197856,373.97113960197856,369.00647946611014,369.6053466796875,2005458
2018-08-10,371.4017843720474,373.9130832684105,369.4700159902297,373.2176513671875,2417448
2018-08-13,373.19843935385154,380.2687088276581,373.0245754362245,379.7857666015625,2885640
2018-08-14,381.7754728451035,387.1264629251267,378.2403265505979,386.23785400390625,4962034
2018-08-16,385.5036885334671,392.0717009460196,383.37874334117066,385.2911987304687,5908118
2018-08-17,386.3537303309103,389.36728471125934,384.4412746495402,387.5321044921875,2960410
2018-08-20,388.2854810811706,388.8650116499484,381.33111425583616,381.8140563964844,2829604
2018-08-21,387.0491347585208,391.7626546490308,385.71620976759567,388.13092041015625,9839198
2018-08-23,390.2172271895503,397.2102195512761,390.2172271895503,396.263671875,5537558
2018-08-24,398.1181629529834,401.4408426000917,394.1387480238962,395.37506103515625,4540390
2018-08-27,396.3990009149986,401.9238791494085,396.01264711293726,401.4216003417969,2488450
2018-08-28,401.8078299528585,404.4157173107256,400.6101429691158,402.09759521484375,2626156
2018-08-29,401.1511581573429,402.2522570240041,396.7853414748212,399.0455017089844,4063384
2018-08-30,397.5580340140935,399.0648231673119,391.5888634810312,392.7479248046875,4883942
2018-08-31,394.4671220287902,407.60314763993495,393.887591487122,404.2998046875,6558672
2018-09-03,406.8305006075301,409.9213306216423,403.5851196602475,405.3430480957031,4454306
2018-09-04,406.1157716123629,416.8757145907909,406.05780911484817,415.8518676757813,5584742
2018-09-05,415.63934676597427,419.96648952262296,412.62576891459184,416.8563232421875,5701112
2018-09-06,415.3302866208118,421.0483410596836,411.621300005314,420.6619873046875,5991810
2018-09-07,419.9472824768342,419.9472824768342,411.60204906558016,414.9246826171875,4379878
2018-09-10,416.1030315754774,423.7914814242401,416.1030315754774,420.6233520507813,8205078
2018-09-11,421.1255339240392,424.6027172316689,418.0347043172573,419.2323913574219,8472420
2018-09-12,421.8982722356546,424.6027483397292,418.0733608845705,419.8892517089844,4139134
2018-09-14,418.8074999994299,420.5267554656776,411.544030027498,413.6689758300781,7290574
2018-09-17,413.41784602445233,418.9620128638809,413.41784602445233,416.6438903808594,3018112
2018-09-18,417.2620403231828,421.51193147462266,416.6438837699832,418.7688293457031,2745526
2018-09-19,418.42114887435525,424.3902959836707,417.68706725088214,420.0824890136719,4439812
2018-09-21,421.51202233338705,421.89837615770733,416.7019360855329,419.1552734375,6595630
2018-09-24,419.5416336339655,427.30733618828424,417.47465007492457,423.5597229003906,4432578
2018-09-25,425.7618931215808,434.66736719200486,422.78698768793174,431.3060607910156,5664544
2018-09-26,432.75483954366854,433.0446048652756,419.251794421708,421.1835632324219,2870394
2018-09-27,422.651674496097,426.70838895314785,420.5460653809383,421.9755554199219,5731064
2018-09-28,421.9368969813105,424.8925124334297,419.3869718085819,420.2756042480469,4445086
2018-10-01,419.27107384327,425.37548200490926,417.6484069457828,424.3709716796875,3406600
2018-10-03,424.9505322469616,425.64594075388067,414.8667080168591,421.6278991699219,4730720
2018-10-04,419.1358430305262,422.2266729330048,409.9213158162261,416.1416015625,3891118
2018-10-05,414.1712497837869,424.2164480061549,413.4371681735332,418.8074951171875,2895914
2018-10-08,413.39850543851094,419.0199712699168,404.8987230837004,414.2098388671875,2311830
2018-10-09,412.0462224900493,416.8949803069218,403.140750808999,412.7803039550781,2694524
2018-10-10,409.14867183838714,410.713423584287,401.247755538923,406.366943359375,4523678
2018-10-11,396.2058004902896,396.2058004902896,385.58107156441633,389.8309631347656,6266576
2018-10-12,387.628731311788,389.05824497180976,376.50174749258053,380.6164245605469,4651748
2018-10-15,378.6266466240673,388.7298058618571,378.6266466240673,387.4934692382813,3614908
2018-10-16,386.3537158146259,391.1831372623087,382.1231379102239,387.6673278808594,3003220
2018-10-17,389.0582669877064,400.2625269108876,389.0582669877064,395.7228698730469,3253970
2018-10-19,392.5353118785048,393.8489237326078,368.31093309260615,370.3199768066406,6869592
2018-10-22,372.4449329360604,381.67879495895016,369.7984197641536,378.6459045410156,3774108
2018-10-23,374.7631809608539,380.01758313773627,366.10884652475613,367.6349487304687,2948962
2018-10-24,376.6948738248928,382.702669404022,365.4133405797513,378.8970947265625,8442982
2018-10-25,378.16302903693594,390.7774878482732,373.9904134379513,388.2275390625,6176258
2018-10-26,386.3344040184509,386.3344040184509,371.67227574252183,373.4494934082031,3615756
2018-10-29,372.9086316744936,383.24359413940607,368.4848766695419,380.8095703125,2786080
2018-10-30,382.2225569443797,393.7012445622536,378.11889055918914,389.016845703125,6121068
2018-10-31,389.191114002478,412.5743123697165,387.9135591025126,408.6642150878906,6582228
2018-11-01,408.4319825844422,409.380455015119,388.4943076052017,390.5848693847656,3946070
2018-11-02,393.3335021531206,398.5598823490528,385.26165774660103,388.9201049804687,5575206
2018-11-05,389.2685201711699,396.4886767149971,388.61037871308537,395.1723937988281,1938928
2018-11-06,395.9467812334903,403.3992139284253,392.4044466307468,398.32769775390625,2921884
2018-11-07,398.3663525101243,400.63110803630815,397.49528905711384,399.35357666015625,139254
2018-11-09,403.78628462463945,405.334841804408,392.36567542384665,397.94049072265625,7343566
2018-11-12,399.70195359239455,409.9805209675296,399.5471356781106,401.3860473632813,4782454
2018-11-13,402.5668261048571,408.37391610182544,398.5018631069793,399.9923400878906,2737474
2018-11-14,399.1406022384496,399.2954674038608,372.81513089779526,386.0165710449219,3033632
2018-11-15,387.1006402449685,398.3663857249032,380.0934039279291,382.7840270996094,3582306
2018-11-16,385.9779098952246,401.7732133759697,384.7197070796183,395.73382568359375,6698234
2018-11-19,395.7337949651021,403.70887867781335,392.6560328215519,402.66357421875,4180070
2018-11-20,400.6891606778372,400.6891606778372,388.4168405959893,390.6041870117187,2628564
2018-11-21,388.3201307153463,392.55931143746074,379.222355746135,381.3903503417969,2503064
2018-11-22,382.4936184113528,387.9135684698133,377.6156728103812,379.0287170410156,3129880
2018-11-26,381.1386266553003,389.42341681839395,372.8151320152912,387.3328552246094,4758562
2018-11-27,386.6360321971593,398.36634852108386,384.42933341247453,396.1015930175781,4103018
2018-11-28,396.1210138451105,405.6252807903968,391.9205374423262,403.8250732421875,2460574
2018-11-29,403.9024353221006,404.6960425021658,390.4299692881962,392.3463134765625,3260512
2018-11-30,394.1078597045297,397.3211352242698,388.7846936230589,392.9464416503906,4219388
2018-12-03,395.3079008921381,397.0887320903648,388.9588310135464,394.1852111816406,2908898
2018-12-04,394.146508025174,403.7862859525784,393.7400164899694,401.173095703125,2836286
2018-12-05,401.250439349613,409.5933087284131,395.65629633311744,406.9027099609375,3873412
2018-12-06,406.2446200740006,412.4969292986834,390.6235585756654,391.9785461425781,4051262
2018-12-07,387.1393385107625,387.1393385107625,361.762359597204,372.40869140625,21093670
2018-12-10,371.6343661629933,375.796113530512,362.7882192089892,364.6852111816406,6182964
2018-12-11,364.2980860851832,373.64750975463426,360.3105559686272,370.4342346191406,5605848
2018-12-12,373.5893520124477,377.073605036398,365.188426106658,376.0089721679687,3653708
2018-12-13,375.54445678065525,380.3836978185718,372.989346964278,378.6415710449219,2756644
2018-12-14,373.97654997831194,375.0605352524277,367.7823214072426,372.1182861328125,4611032
2018-12-17,373.6280982845612,377.07364722315015,369.29215738404775,376.1638793945313,2792580
2018-12-18,375.5057632133912,382.8033294589395,371.4214483845512,381.4096374511719,3874502
2018-12-19,379.3965079333904,380.790199939462,369.33088629434127,370.5503845214844,6117266
2018-12-20,367.12417932414974,373.4732730512534,367.0080422644444,371.4601440429687,4527954
2018-12-21,370.5116797287233,373.2023027158262,365.8466556705973,369.505126953125,10439250
2018-12-24,369.7180933562953,370.0665282362338,362.03338641723576,363.0786437988281,2941564
2018-12-26,363.1367915822238,366.8920488435988,360.42681552564005,364.99505615234375,2434064
2018-12-27,367.3952121303,371.65374462074607,364.9368869170042,367.3177795410156,5096808
2018-12-28,368.5952722539365,372.8150995509631,367.78228927665106,371.014892578125,1556666
2018-12-31,372.60221807387217,374.2088319658082,369.9502997336626,373.3377685546875,1437004
2019-01-01,372.42806219589727,373.5894802692732,368.88572762045607,371.595703125,717468
2019-01-02,371.2665842330325,372.42800211905865,363.5818786721357,366.3692626953125,2270096
2019-01-03,367.78234399977447,371.6537370945089,365.8466474524072,367.1435546875,2809224
2019-01-04,366.2337401383721,367.995219046409,358.1038156744125,360.94927978515625,3077278
2019-01-07,363.8722206901367,367.7823179876257,362.3236635617678,364.510986328125,2344752
2019-01-08,367.00800047115536,367.00800047115536,361.2396163285641,365.9046630859375,3031576
2019-01-09,366.62089220856075,367.2209533569985,360.92994015912194,363.29150390625,2471720
2019-01-10,365.072346113596,365.072346113596,360.813813974413,362.3042907714844,1832096
2019-01-11,361.97534015388743,364.29817656129205,356.16824913537585,363.9303894042969,4331368
2019-01-14,364.2980899812668,365.4595079089435,359.26527896133433,362.8269653320313,1956808
2019-01-15,359.6523973510343,370.0664536151021,359.6523973510343,366.8919067382813,3693892
2019-01-16,367.0080369298311,369.40830518831586,362.65272003588535,363.2334289550781,1701242
2019-01-17,362.01401344085394,370.4923750487875,361.23973470511976,369.6019592285156,3690234
2019-01-18,367.2403718137524,375.04123903737394,366.3693082908269,374.0927429199219,4685056
2019-01-21,375.1573768877787,379.9772664503887,372.4474014775365,373.87982177734375,3265418
2019-01-22,372.4280352200912,373.41523578513335,362.74955197632585,364.2013244628906,4791592
2019-01-23,366.81452881952146,367.7630249391249,363.40770731461873,365.6337585449219,5641586
2019-01-24,365.8079892573238,369.21481088592,363.6206424303993,366.4080505371094,2954782
2019-01-25,367.39519551208394,377.7318195426185,366.2724820910151,375.2928466796875,4310008
2019-01-28,376.6865966408192,379.3965721562208,373.1636379224416,378.54486083984375,3029930
2019-01-29,378.6222664546228,385.1455547430203,372.07960229635006,382.6678771972656,4733138
2019-01-30,394.1078301319244,400.6891986115341,387.7200313134797,394.2626953125,14053348
2019-01-31,394.72722713433,396.1015905745723,382.0097103778041,389.1524353027344,9058428
2019-02-01,391.2429449329896,406.49624193930714,391.2042404568284,404.1153259277344,6460222
2019-02-04,404.5605327291663,409.51593423430086,402.740997083334,404.4831237792969,4133944
2019-02-05,405.9183459417315,409.21534158483206,403.9789367399077,406.4031982421875,2368564
2019-02-06,407.66379249410994,413.0747249392424,405.3752802881684,409.2928771972656,2331000
2019-02-07,409.60323830285864,418.05908166948785,409.60323830285864,412.2796325683594,3251088
2019-02-08,411.15472956931666,417.3608386948912,410.3983789591793,414.4323120117187,3733802
2019-02-11,414.2965771728963,420.4639077995054,412.3183892904744,418.6602478027344,3157886
2019-02-12,417.3608180601336,418.2917438527148,408.3425661829049,410.6892700195313,2788882
2019-02-14,415.0335187257669,415.0335187257669,410.0104684433461,411.6589660644531,1970720
2019-02-15,413.5595972453006,414.00567082932133,403.9789347744462,410.0880737304687,2492120
2019-02-18,411.46492179546544,415.8091778483752,400.48785086608905,405.8406372070313,2550698
2019-02-19,406.5001488504679,407.7413517394768,401.9813161611282,403.0286254882813,1837440
2019-02-20,404.3086712361826,411.7366187646869,397.9668119195184,410.359619140625,2558354
2019-02-21,411.15476786303833,411.7365906477502,404.40561409060905,408.5947570800781,2603154
2019-02-22,405.0261278189363,415.2274373730594,404.9485704039925,413.5401611328125,2844492
2019-02-25,415.2662625903,420.8517702084597,412.2989572291976,419.78509521484375,2340940
2019-02-26,419.14504697932045,425.09902290330706,409.19586973431507,410.7086181640625,3726370
2019-02-27,411.1546561303336,413.48194663673166,402.6212576068738,411.2904052734375,3325110
2019-02-28,415.01414066764823,415.01414066764823,406.38377004167506,408.7886657714844,6661660
2019-03-01,409.2152885589869,411.6977414854184,404.8516184203248,408.2843627929687,2295910
2019-03-05,410.2625374072926,411.0771270196885,405.4140151851734,408.2649841308594,2117558
2019-03-06,411.3875171031179,411.93056121102177,402.85411564676906,404.65777587890625,2807252
2019-03-07,406.3450639659208,407.4699309318405,400.2941158702136,401.2832336425781,2073614
2019-03-08,399.28552909123806,399.498835669096,390.20908562191227,391.3921203613281,3176094
2019-03-11,390.5969842167854,396.3182409369419,388.2696933475692,389.5885009765625,4547588
2019-03-12,390.63585771854287,395.4456028184769,387.9012950185395,393.06011962890625,4902188
2019-03-13,395.1352199732162,404.5607435884744,393.35094937305905,398.8782653808594,6803340
2019-03-14,401.4575980418309,403.6103606230424,389.4720428913928,390.49993896484375,3793832
2019-03-15,392.5364209028767,401.01162961169007,391.2951942837131,399.2467956542969,5207688
2019-03-18,400.33280281337613,403.37766552306744,392.4976092656395,393.021240234375,1690728
2019-03-19,395.6782683809801,404.17289042298154,392.9630954126875,401.9231567382813,3242552
2019-03-20,404.1729303438856,409.02145398044854,400.10017048917274,402.60198974609375,4408802
2019-03-22,402.6213465409321,406.5001649083785,394.86370980603937,397.5206909179687,5237090
2019-03-25,399.1303540332863,399.1303540332863,392.4781719962948,394.7279052734375,3055910
2019-03-26,393.0600022015961,404.8710311096418,392.3424303602773,401.302490234375,3311446
2019-03-27,395.63945346577754,409.738948048439,395.63945346577754,404.6189270019531,2911690
2019-03-28,407.8190134012953,422.1512297625588,407.2759693057818,420.0372924804687,8627614
2019-04-01,422.79117409935577,434.4276284323656,419.7075326406498,430.8397216796875,4617730
2019-04-02,430.5488630555066,434.42768164159224,423.7609305298567,427.6785278320313,2787844
2019-04-03,427.67846689530967,439.58646666722615,423.3924013776904,434.6603393554687,5296628
2019-04-04,433.65185833018535,433.67127135999186,419.4941724365792,425.91363525390625,8444208
2019-04-05,422.9269499119707,428.4736790997447,421.04573247937,423.8772888183594,3409044
2019-04-08,424.7305804538965,427.05787130569865,419.2808221030516,425.2542114257813,4027848
2019-04-09,425.2542101478883,437.8603688906017,425.1960184069973,433.7100524902344,6500982
2019-04-10,434.427580536745,436.4833728484672,425.19597551079966,426.1656799316406,4826866
2019-04-11,423.68325217786656,427.0965831501365,420.8516964786102,422.3450317382813,3035580
2019-04-12,422.3256629789082,426.9996095977734,417.59347727966656,420.2504577636719,2839484
2019-04-15,422.4032872846384,429.77304160824553,420.85176005861587,427.93060302734375,3868302
2019-04-16,430.3548936018421,432.9730959739128,427.5815290268403,429.4046020507813,2401182
2019-04-18,429.7730648011621,435.9403953271954,422.98513282099935,427.6979064941406,4055238
2019-04-22,428.02757497856754,432.2167174430465,424.7305796117186,427.0966491699219,2230516
2019-04-23,427.67855095680454,431.30523706111927,425.3512596793155,427.4458312988281,2135528
2019-04-24,427.8336224279705,442.99979123284527,425.4481399047712,441.7779541015625,5681646
2019-04-25,442.57319465246513,446.6071753968957,437.9380254446845,439.74163818359375,5361098
2019-04-26,442.18528832906065,453.7635515405371,440.2458791697227,442.08831787109375,3465934
2019-04-30,442.2047728902613,460.6485285696728,442.1853598559851,459.0000305175781,8310400
2019-05-02,453.821654286535,457.8944127224398,448.58525058322886,449.9622497558594,4226194
2019-05-03,443.7367548830792,445.7343555133806,436.85185331037417,443.3682861328125,5710316
2019-05-06,442.14656452814984,443.8920329883329,437.5501737194402,440.6532287597656,2827130
2019-05-07,441.1573581140063,446.0640723799564,432.8760911095925,438.9852294921875,4689204
2019-05-08,439.0821912817911,442.1852456371394,435.35853552514345,439.3149108886719,2987822
2019-05-09,436.1730342689373,444.1246102605008,430.587527517289,440.8663940429687,4962690
2019-05-10,430.9366412516877,430.9366412516877,416.1195767566506,421.4917297363281,15535450
2019-05-13,422.1318155010045,426.9609253560867,418.13661370325826,420.3281555175781,3368062
2019-05-14,420.3281055829534,420.3281055829534,409.9910465479027,414.1995544433594,4388014
2019-05-15,416.17781429801585,421.43363233385367,412.26021706132474,414.0444641113281,3240598
2019-05-16,419.6598565373443,419.8735635278733,410.39151955564614,416.6869812011719,2226902
2019-05-17,417.7751706799456,418.53294115261855,411.8294191146588,412.9757995605469,2780046
2019-05-20,413.8695356325222,421.1754205887332,408.5261496090976,417.1921691894531,2380474
2019-05-21,416.35670078673456,417.36707714702914,409.070264384028,410.4109497070313,1613426
2019-05-22,410.760745639064,417.7557252242136,409.47831374002334,412.315185546875,3424864
2019-05-23,413.48099239132466,416.20126207810966,408.1376055065683,414.4136657714844,3884200
2019-05-24,416.20123814997766,417.3670679487171,409.6337207961983,414.2387390136719,4340468
2019-05-27,416.58986185475766,420.08735136659794,411.22702562817415,413.5586853027344,3164414
2019-05-28,416.2012081120408,423.56534683416834,410.0806021103931,416.31781005859375,10631688
2019-05-29,416.35666883937023,425.5278532669841,415.1130886594202,421.6417541503906,4354812
2019-05-30,422.80763361786217,426.8297371890872,415.03543447047497,418.9992370605469,4745448
2019-05-31,421.6416907444216,427.2376821183445,419.7180909460698,424.5757141113281,4255094
2019-06-03,427.02410441077825,434.854605680692,422.477386221923,433.37786865234375,3400394
2019-06-04,432.2896263440301,432.6782362117544,420.08726700994225,421.9720153808594,4128970
2019-06-06,423.5847927779435,427.9178026686772,417.9693986744665,419.3877868652344,4701806
2019-06-07,420.8645571847302,422.4966999272497,416.2983904747389,419.5432739257813,3272806
2019-06-10,422.3800923872978,428.17038914617166,420.2427380253982,424.0510864257813,2056008
2019-06-11,427.4708660292949,434.0577844898364,425.1003552597692,430.5408935546875,6485078
2019-06-12,430.1912213971714,431.3570512654564,424.0900640615753,430.6186828613281,3136202
2019-06-13,428.6367500712141,429.8414313590259,424.7506507958631,427.8206787109375,3951850
2019-06-14,424.7894254364005,428.38406661565807,421.2530852232708,422.4189147949219,3467872
2019-06-17,421.2531990790841,422.6910369643135,416.3955745509581,417.71685791015625,2487348
2019-06-18,417.71677495356704,425.1975152412411,417.61962248229855,423.4293212890625,1412162
2019-06-19,423.62368232426064,426.1496469117083,418.8438085675783,421.2920227050781,2437878
2019-06-20,415.81255989988745,423.97336715025904,414.1221164569989,422.554931640625,1895088
2019-06-21,424.5562737760643,424.6145747428468,416.25946271887847,418.2413635253906,4695110
2019-06-24,419.3100602571392,421.2725591250008,415.0742030802488,418.8825988769531,1350104
2019-06-25,418.8825667287923,420.126099273483,411.9847418925068,419.3100280761719,2203934
2019-06-26,416.6675073739897,424.6146081308259,416.6675073739897,419.2129211425781,3277734
2019-06-27,417.4836724680456,421.27261933722207,411.90708194629946,412.9952087402344,2776050
2019-06-28,416.0846432141128,418.12484539632374,411.4213239404876,413.7335815429687,2829874
2019-07-01,414.7439225991471,415.77374833863814,407.0105759743571,407.6906433105469,2467696
2019-07-02,409.2062139259194,413.7335286292651,405.3201150282374,411.9264831542969,2014050
2019-07-03,412.31514071995014,413.7724279750866,407.1077581073818,408.5067443847656,1213340
2019-07-04,407.53516937151227,408.506694088654,401.744920007532,404.44573974609375,2553038
2019-07-05,405.66992769539576,407.65182891084675,393.52586701525854,394.983154296875,2514352
2019-07-08,392.8846587153652,406.4083039251733,392.5154745197817,403.7851867675781,4008224
2019-07-09,401.60884930006927,407.18543885869775,391.7187471298677,396.6735229492187,3205934
2019-07-10,394.0504224418639,402.2112300072279,393.7006640586594,395.9546203613281,1731600
2019-07-11,399.41322481143385,399.41322481143385,394.45842548018186,396.69293212890625,1550706
2019-07-12,394.8470727026792,400.1515834525559,392.10737773088954,397.8976745605469,2903286
2019-07-15,401.997511857313,403.3770960452783,396.3821175011405,399.2966918945313,2633206
2019-07-16,401.0065032532975,401.103655713266,393.83664696385387,396.24603271484375,3450502
2019-07-17,398.09197758353304,405.3201119915213,396.7318429795347,404.44573974609375,2291110
2019-07-18,401.589443720913,402.98842974646993,394.8276225867054,395.8185729980469,2608300
2019-07-19,397.93660492836665,400.5791716705651,392.18518217903534,394.6722717285156,2139624
2019-07-22,394.672293921537,399.1996097646545,389.8729700621948,395.9741516113281,1902156
2019-07-23,396.6346940195008,398.6942979754381,391.38846050048704,392.86517333984375,2011658
2019-07-24,392.4766459249409,398.2669202758251,389.19288691810345,396.8873596191406,2384560
2019-07-25,396.80956249142,399.3549763313276,389.7757327342115,393.0011901855469,6042040
2019-07-26,391.6022128274255,393.312082207863,387.5995354800391,389.17340087890625,2332384
2019-07-29,390.5529439777875,397.9365319733875,390.16433408328226,394.6139221191406,1825826
2019-07-30,394.4390919094309,399.2384152150672,392.8069254060319,397.7811279296875,2134474
2019-07-31,397.3536993332416,403.33830243421954,389.7563790677591,402.0364685058594,3714036
2019-08-01,399.93791623200514,405.1063998032767,394.4779277774769,396.9844665527344,3490012
2019-08-02,395.21627199077653,395.5660303915892,385.8896343036786,392.6903076171875,3544858
2019-08-05,389.93118464764376,395.21626982042955,387.48292329313233,392.9234619140625,2687280
2019-08-06,392.9233809827707,402.98838484592704,389.85337762461506,398.01416015625,3174832
2019-08-07,398.3834204335754,406.4470752910403,395.00250979775706,397.4118957519531,3967844
2019-08-08,402.5804364055005,425.5278716557278,399.5104559209123,422.9047546386719,12493298
2019-08-09,421.5640882550229,428.4230158494408,418.843818633932,422.1470031738281,5645698
2019-08-13,424.32322235540914,424.32322235540914,414.78282891753673,416.7841796875,2507610
2019-08-14,416.25850478466737,421.8065415968372,411.7032460441242,418.9838562011719,2803920
2019-08-16,419.2757742207868,419.2757742207868,408.9972985733595,413.76666259765625,3108220
2019-08-19,414.8763914438025,419.6846810673973,411.7811895576272,414.27294921875,1682212
2019-08-20,415.771861971813,424.68766454898673,414.68170232365657,422.0401611328125,4282308
2019-08-21,421.63132908615086,421.8649686667357,415.05158984805325,416.6478576660156,2555246
2019-08-22,416.78422478847574,422.9551914278977,411.15833810244,420.0546569824219,2580980
2019-08-23,420.0934426343649,427.2766710905548,419.54836286061544,423.2081298828125,3319154
2019-08-26,424.999078393733,426.71216593743935,414.1171585010355,425.4857482910156,2314884
2019-08-27,427.88022156024647,428.2695575216298,414.1756147300993,425.5831298828125,6604388
2019-08-28,427.1014421501058,439.949525642315,425.2715826026647,437.5940246582031,6985284
2019-08-29,433.3310126959678,438.2755613954268,432.16300457549346,435.1803588867187,2948038
2019-08-30,434.38202752572255,434.42099913527295,421.72861127365786,428.4057312011719,6738070
2019-09-03,430.99494424480895,440.1832641742037,429.3791903686089,431.5205383300781,4086894
2019-09-04,433.077824931482,439.36560989066106,429.78795523704053,438.2560119628906,2425690
2019-09-05,438.1780621479688,438.1780621479688,429.7294922730515,432.9220275878906,2775294
2019-09-06,434.3042873008606,436.50404510129255,427.0820858345271,428.4253234863281,2075686
2019-09-09,429.0482572279436,429.0482572279436,420.87220150944376,422.1959533691406,3521728
2019-09-11,423.5974959484934,425.93351155115056,409.8149943875445,411.8005981445313,5325506
2019-09-12,411.52810625775527,414.4286401248077,408.0240826472351,410.71051025390625,4064734
2019-09-13,410.7105936182886,416.58955825284426,410.3212575825383,416.0055541992187,3091588
2019-09-16,416.58940015774783,420.0739373447876,411.5280336137752,416.5504760742187,3888868
2019-09-17,416.200068229196,416.200068229196,407.4594964710328,411.0802917480469,3815108
2019-09-18,412.5598830616671,415.4020072160332,409.0558592217128,412.0926513671875,2572672
2019-09-19,411.9174332285715,411.9174332285715,401.892032561619,408.6275634765625,3762272
2019-09-20,409.58147649579183,414.0783263556986,403.85825624351753,408.452392578125,5736082
2019-09-23,413.8641136394337,413.8641136394337,395.9546599918194,402.1451110839844,4733492
2019-09-24,398.36850215150304,409.46455166419287,398.29063021798424,407.7904357910156,5614452
2019-09-25,408.6080340534306,413.4747328868445,406.5445347375208,410.3016357421875,4312820
2019-09-26,410.36013427675664,410.9636240730042,402.2814124681772,406.9145202636719,6062076
2019-09-27,407.0507020933408,410.2043135225084,402.61226312478465,405.3181762695313,4458334
2019-09-30,406.46674397259466,426.9068819597222,406.09689381956304,420.7164306640625,8559586
2019-10-01,420.8722035179474,420.8722035179474,410.0486440284012,412.5209655761719,4190696
2019-10-03,411.91734418634496,424.3760918365936,410.41841061494455,419.23687744140625,3435302
2019-10-04,418.92554468688695,421.1837125442595,414.5065905005285,420.1324768066406,2694188
2019-10-07,422.7215047659571,424.76551848920946,416.1612035594573,418.3025512695313,1910498
2019-10-09,416.6089319567328,418.1273040664716,404.96777811513,409.2309875488281,3750540
2019-10-10,409.2116538393607,415.0711325821592,405.45455164002055,414.0588684082031,2707552
2019-10-11,408.8027961169089,424.3762359689816,408.0241241243052,420.2882080078125,4312780
2019-10-14,421.41725284593736,428.1917080590143,418.1468212748282,423.1303405761719,2781204
2019-10-15,424.0258299011846,427.9386757284012,420.2687279799049,422.2348937988281,3002070
2019-10-16,423.9868572056799,430.99490443222,421.6897655539304,428.6199645996094,3018788
2019-10-17,428.2695560976187,429.126076199269,422.2543345247925,425.5636901855469,1552278
2019-10-18,426.30333281264546,430.39135984049466,423.75321113489593,426.5174865722656,1647630
2019-10-22,424.4540822803517,426.6733259652765,409.3867983006601,414.4286804199219,5502486
2019-10-23,416.58950752658234,429.8074453202673,415.8108355498971,426.3813171386719,7829074
2019-10-24,449.72187044509184,451.24028989911704,432.3574995107588,435.6863403320313,13502160
2019-10-25,436.44560551737766,442.7723147855823,427.52980264337384,441.5264587402344,4587220
2019-10-27,443.0643067054124,443.7067205218128,438.0418634949559,440.144287109375,303910
2019-10-29,440.30008299647454,446.1206370681577,439.1515133038938,443.7456970214844,3218206
2019-10-30,447.73635015992886,447.73635015992886,443.1421668607866,446.4710083007813,2441752
2019-10-31,446.8610877309966,456.3189811435881,444.05298996772,453.4913635253906,5848998
2019-11-01,451.989766217309,455.1488877932231,445.9445153511608,449.2986450195313,2131710
2019-11-04,452.4382481548594,454.875849061669,449.3181189941433,450.8196716308594,3022168
2019-11-05,450.8976192382346,452.6526917487618,445.9249137917408,451.9116516113281,2878100
2019-11-06,452.41869730080407,452.4382171504779,445.0863752318283,447.875,4576658
2019-11-07,448.1283767172167,450.1564408405075,443.0971608771068,447.9138488769531,2538638
2019-11-08,447.8749974315449,454.1347751391247,446.99746117026115,448.5575256347656,4026580
2019-11-11,448.5184879621271,449.961528401382,440.79615060389506,446.93890380859375,1906640
2019-11-13,448.5184889461824,450.89757749610703,442.5512239190577,444.0722961425781,3378350
2019-11-14,445.2034929065644,451.4047600168932,442.70737970128374,447.6606140136719,2540924
2019-11-15,448.8891048103158,452.3407861022374,444.61844666896496,445.5155029296875,3061712
2019-11-18,447.73854530396216,448.40155372276274,444.1504157268169,445.04742431640625,2484314
2019-11-19,444.2283905481765,445.9834632061807,440.1917329566454,442.5318298339844,2365020
2019-11-20,442.6684109297322,443.7214356828967,438.9632568294394,441.8103942871094,2225036
2019-11-21,444.07232957669873,447.9334985549929,441.3227445900349,443.2922973632813,3876184
2019-11-22,440.8937733359109,442.6488461526728,432.5084254336039,434.7705383300781,2597928
2019-11-25,435.6481504353398,439.1972887818218,431.3774915495881,438.6707763671875,1693202
2019-11-26,439.3530954415628,442.4732239489152,428.4131258189053,432.1573181152344,6459924
2019-11-27,432.52786494939096,442.43428364143506,432.52786494939096,440.0356750488281,3354312
2019-11-28,444.22833218320426,445.94441252299737,438.9631149009626,441.7517395019531,2413116
2019-11-29,443.0583219280885,443.3898261153995,438.80713660602,439.80169677734375,2387702
2019-12-02,444.228395085165,444.228395085165,438.18314475696474,438.88519287109375,2995916
2019-12-03,440.6987310137743,441.10826701630015,437.2081055042197,438.5926818847656,3567662
2019-12-04,439.54828116757136,440.7183298308391,435.4335909913191,438.9632568359375,5903136
2019-12-05,439.78229876037955,442.7854523471051,434.59511138051454,437.5202331542969,2683884
2019-12-06,439.8601462448128,442.3172189394827,435.7649774776457,437.052001953125,1659752
2019-12-09,438.80712933335434,439.3141693357022,426.6776374612249,430.6167907714844,2192234
2019-12-10,430.61679417260694,432.8399146511643,422.6214636085847,424.6885681152344,1628853
2019-12-11,425.11759734058217,428.9397745989609,420.788427660185,424.1815490722656,2387958
2019-12-12,426.9116322618805,427.3016483789861,417.356237392794,418.3702697753906,2061911
2019-12-13,419.6573751793747,425.1176012504818,418.7213269024491,423.674560546875,2889796
2019-12-16,425.8976463000615,432.8789450790568,425.15660607491327,430.7338562011719,4590144
2019-12-17,433.307885320878,436.03799800966846,430.9677887304863,435.0629577636719,3852266
2019-12-18,436.81815209502327,442.2393868973684,436.0381196805679,440.48431396484375,4618387
2019-12-19,441.10829466701705,447.73856965317026,440.52327040353293,444.2284240722656,3465644
2019-12-20,447.3484409529067,447.543448991683,441.108183712064,444.5403442382813,3135806
2019-12-23,442.6683455031271,448.9475962126141,441.9273052707142,445.3594665527344,1591463
2019-12-24,446.1784802806518,446.6855203247282,436.27206044484944,437.2471008300781,2354963
2019-12-26,438.1051555441743,440.7182446768196,436.4670591664656,437.2080993652344,1848547
2019-12-27,439.1191462349309,443.8383316275464,434.4779450202871,442.707275390625,2786795
2019-12-30,442.2782317086703,450.46856933290496,440.1331432832755,444.0722961425781,1800754
2019-12-31,443.9163543064082,445.7884508339824,440.7572330743451,443.1363220214844,1838808
2020-01-01,444.1504229514591,446.8805360769894,442.16130244391417,446.1394958496094,918373
2020-01-02,446.60741898515414,448.5185073644975,445.0083625242536,447.387451171875,1075642
2020-01-03,447.73850245460335,459.0489698511047,446.84144634147,456.35784912109375,3269446
2020-01-06,456.3189178152183,461.93516017174625,451.98974786038895,453.9788208007813,3589985
2020-01-07,453.9789659845355,458.4641533632486,451.6778603292266,455.7340393066406,3179728
2020-01-08,454.75890253631167,462.55922676506486,450.85874042193507,456.9039916992187,3593096
2020-01-09,457.09893417237834,458.7760226845158,451.83371607397635,452.6527404785156,2313648
2020-01-10,453.9786919093262,460.06293289757474,450.39056321633865,452.6916198730469,2049636
2020-01-13,455.4998797558293,460.2190657385577,453.1987749052576,457.4889526367187,4096054
2020-01-14,458.03500108140395,465.9913404975392,457.9960089861544,463.5732116699219,3395378
2020-01-15,465.6793251309733,466.69335769061854,461.5451630897135,464.7042846679687,2348102
2020-01-16,465.679117889983,466.6931499983539,457.6837896515034,462.7539978027344,2107442
2020-01-17,456.3189368303448,469.5794871313976,456.3189368303448,467.0833740234375,4555694
2020-01-20,482.05989783590104,482.05989783590104,455.6167873089147,459.6339721679687,10272118
2020-01-21,459.6730198722897,462.7541569456818,454.2517859243302,455.5778503417969,2640668
2020-01-22,456.47494934441096,464.11925699659304,453.58882007314094,460.72613525390625,4402650
2020-01-23,460.2971237935837,467.9804718931137,457.8790422733794,467.200439453125,6089397
2020-01-24,468.80477292501814,476.6312299020635,466.0655129830523,475.6138000488281,3551260
2020-01-27,475.61389667585377,475.848680879084,470.95714427465265,472.9920043945313,2450421
2020-01-28,475.300717697673,475.3398404283691,463.7958165078044,470.7222595214844,5330709
2020-01-29,473.5006272431436,478.5878240647641,471.3092289353025,476.5137939453125,4281329
2020-01-30,478.9791694238005,480.42704486433416,472.444096922393,475.7311706542969,3334901
2020-01-31,475.73114173018416,476.552957882097,461.4478585430676,462.8566589355469,3590768
2020-02-03,462.8568386245685,464.6177920299004,451.97804070184,453.2302551269531,4024193
2020-02-04,456.2823774072723,461.1739123280193,455.8910546136126,459.0216369628906,3246094
2020-02-05,461.2913728973045,468.4134293233152,458.6303585354431,466.1437377929687,3006324
2020-02-06,468.76567682618537,479.76183994988537,468.02215381734334,469.3526611328125,4704968
2020-02-07,470.87880313149617,476.78776859538493,468.9221888872348,475.6138000488281,2865379
2020-02-10,476.5530379764967,478.6270206470664,470.8788560306931,473.4224548339844,2286213
2020-02-11,474.2833161583986,480.3488206142197,474.048531991309,477.9226379394531,2458748
2020-02-12,479.76175908276906,485.6316011596382,477.6486063813168,480.6226501464844,4873027
2020-02-13,478.97915975086056,480.5053283920824,472.7571169944342,479.3313598632813,2090363
2020-02-14,479.33132786302986,487.7838911523229,479.1747891825266,486.53167724609375,3650630
2020-02-17,487.5883945152434,487.97971746429255,479.2531965929306,480.1141357421875,2190578
2020-02-18,480.11393119008613,481.95312915946266,473.61798255724614,475.10498046875,5237465
2020-02-19,480.8966428691715,483.8706868699499,472.7179860403554,474.0876159667969,3799862
2020-02-20,478.19650961811897,479.7226782451486,473.61805150593153,475.8876953125,4820313
2020-02-24,475.8486045137401,476.6312502448482,462.934949950456,465.7916259765625,4070143
2020-02-25,466.06544400049415,466.22198267064624,450.0212095722656,455.8519287109375,5525575
2020-02-26,451.5082658192842,461.0173811994569,450.4125428715516,456.751953125,5460070
2020-02-27,455.5780203511554,455.8128522646738,444.54273563399823,448.4950866699219,4078174
2020-02-28,438.28157614288864,441.41215882962354,415.74139035217735,418.2066955566406,7894806
2020-03-02,423.4504327206981,442.8600358984715,420.9459570080077,430.2203369140625,8175982
2020-03-03,435.15107370785154,445.1298078621233,434.3684278918302,442.2340087890625,4682284
2020-03-04,445.32539229532733,450.3343437591095,439.0642268500503,440.707763671875,5175180
2020-03-05,444.5427613514903,455.4215557808573,440.74694878201853,451.1170043945313,6061347
2020-03-06,446.10807749933946,449.199537765616,437.9294198580705,443.134033203125,3288548
2020-03-09,434.368381858606,436.71631905784176,419.8503130637795,422.98089599609375,3699776
2020-03-11,412.2586267305565,424.7027125965721,402.2798939525506,420.1242065429687,4850031
2020-03-12,407.7584363766805,413.0804179310786,380.6397658743926,386.1182861328125,5321388
2020-03-13,360.01701406080866,404.82347939772455,309.8885676350351,385.76605224609375,6859998
2020-03-16,367.0608091335784,375.51337258330096,349.72521279680365,352.7384033203125,5281571
2020-03-17,352.19059533081384,374.57426905539626,346.9860057544825,352.6993103027344,5148153
2020-03-18,356.10378970342185,363.77370792786894,335.7941244511715,339.8638916015625,4936397
2020-03-19,327.85033589507873,340.13788507299535,293.6878499335323,323.5849304199219,9270044
2020-03-20,323.62402439266145,361.543221326913,322.33266365504693,348.1990966796875,11916337
2020-03-23,324.7979076419484,347.4946288988557,313.4104242892445,326.4805908203125,9525470
2020-03-24,323.23265889748455,359.11696733163774,322.3326211617061,345.968505859375,9915953
2020-03-25,338.1029662805442,366.2782134705895,326.9502642678179,358.1387023925781,11976272
2020-03-26,360.8779509364404,365.2998945347429,345.2250363339876,350.3905029296875,9504717
2020-03-27,352.386184348851,358.0212422697858,329.1024775540074,337.04632568359375,9150873
2020-03-30,320.8846871096081,343.3074781514753,320.8846871096081,327.9284973144531,6325701
2020-03-31,339.04205739239063,351.72090080638003,332.85913852046366,341.5465087890625,6381806
2020-04-01,338.8855208163761,339.0420594790768,319.4759208638126,323.6630554199219,8136746
2020-04-03,327.85032101217803,335.4419948298747,312.5104585473766,317.59765625,8166356
2020-04-07,332.62448368200756,358.4126737941949,332.62448368200756,353.0906677246094,5972948
2020-04-08,352.9732490465646,373.1655007464446,351.4079574765133,362.4432678222656,7991061
2020-04-09,376.2177863086305,376.45257045783853,361.5823026019156,367.0999450683594,5069225
2020-04-13,367.8434557792468,368.62610142984096,355.3211253697405,358.6473693847656,2236731
2020-04-15,367.84347016257345,377.235218336937,362.13016624361586,374.6916198730469,6333188
2020-04-16,370.19143671779415,372.5393739485624,357.4343206510677,359.8213806152344,10484842
2020-04-17,367.8434935249777,371.7567221794987,355.04723104780345,356.2994689941406,4706460
2020-04-20,358.45175677360373,370.661035361997,354.9298508664395,367.843505859375,4800719
2020-04-21,358.45171733530987,363.8911143028027,350.5078685511663,356.6516418457031,3405204
2020-04-22,354.53852055610366,367.4130525450898,352.19058333387784,361.8953857421875,3768051
2020-04-23,363.9302330617863,376.2569022461371,361.8953495624002,373.8698425292969,3052968
2020-04-24,375.6699866566276,388.8966959932721,364.04769166754727,366.35650634765625,6738184
2020-04-27,370.2696138493085,380.1309525393504,365.6911326127412,378.0960693359375,2914569
2020-04-28,382.7136654422279,382.7136654422279,367.4129548336433,368.7043151855469,4262237
2020-04-29,371.6001440301598,392.1054695567687,367.9999931577572,384.8659973144531,3849090
2020-04-30,396.41008787468184,442.58618893017285,392.1055360813733,425.4071044921875,8035267
2020-05-04,412.8456110530069,412.8456110530069,397.7405584393505,402.4755554199219,7032527
2020-05-05,411.6716149240098,414.7239520889911,403.5712514945669,407.288818359375,4592828
2020-05-06,400.8711657673391,412.21952922906615,396.175291231452,406.2713928222656,6921533
2020-05-07,414.8022359560103,424.0374459952123,397.2318298037154,400.5189514160156,19998641
2020-05-08,407.64095430659233,408.9323386942386,393.2011568690154,405.7235107421875,10120968
2020-05-11,411.67170466550175,418.63727162767225,407.9150142527546,412.8847961425781,4425540
2020-05-12,411.2411654165454,422.6286500445207,406.9757370799088,412.767333984375,6439945
2020-05-13,422.511230572114,422.511230572114,408.18882488251506,413.8238830566406,3502017
2020-05-14,406.5062408598577,412.8847753623197,402.55384142053214,404.9800720214844,3741672
2020-05-15,405.3713603916189,405.3713603916189,395.4317501898208,400.1276245117187,4895121
2020-05-18,402.8277577251758,405.9192178429296,397.19269904212746,399.7362976074219,5159655
2020-05-19,400.7145742884708,407.36706233818177,396.1752390553892,405.6061096191406,3966934
2020-05-20,403.1016420801429,413.7456518350108,403.0625193504909,412.2586059570313,3138708
2020-05-21,414.64567133430097,420.6720526186177,409.6367676481829,418.5980224609375,4523685
2020-05-22,417.6589246214854,418.71547727901975,409.323728255939,415.1153259277344,6410434
2020-05-26,414.8022280394576,419.88942517579056,407.1714323349582,410.1063537597656,4055691
2020-05-27,414.5674082744499,417.8545295417031,403.84515336957855,415.5457153320313,4828798
2020-05-28,415.5848266034762,427.32451097080593,409.32366160756686,424.7026672363281,4492767
2020-05-29,422.6286690974983,434.3683543502066,420.0459478956828,430.6507873535156,7853755
2020-06-01,435.9336617909781,448.7690705814336,434.7596932224207,438.0859375,4503261
2020-06-02,437.7337101466835,444.34707555862366,430.4551150281691,438.4381103515625,2930058
2020-06-03,441.41211517512096,444.85577489752075,435.933596015146,440.4729309082031,4202273
2020-06-04,442.19475543610326,456.83023742644014,437.4988819270473,453.1126708984375,5315353
2020-06-05,457.8477350653562,459.53044242999505,448.06466380327595,450.7648010253906,3995824
2020-06-08,453.26928061541935,456.6737703355525,446.9298217231984,452.56488037109375,3771973
2020-06-09,449.356009031564,456.7519720439674,446.1080105489552,448.3385314941406,3812291
2020-06-10,450.0212547254257,459.8043254803262,448.9255316933167,452.91705322265625,6491708
2020-06-11,453.93458568473466,457.7695693954976,449.31695613658417,452.4084167480469,4975680
2020-06-12,434.5248769500239,452.91704983152925,434.5248769500239,446.6950073242187,6624056
2020-06-15,449.86467261378226,454.71708479358585,441.1773257295869,453.1126708984375,3787100
2020-06-16,457.8477443470773,464.5002329401545,452.6823017235435,454.638916015625,4728405
2020-06-17,453.9344608417881,455.38233613518986,448.455941486801,450.68646240234375,3572351
2020-06-18,447.04716761590686,456.90848287736617,446.18622881124264,453.1126708984375,1918229
2020-06-19,449.2387046916278,452.3692879995834,443.91672262188536,445.7950439453125,6182627
2020-06-22,450.0213505186167,451.3127352407125,442.50796968708744,445.7950439453125,2666273
2020-06-23,445.87325507047063,456.6737559399488,441.2165037037637,454.1301574707031,4521803
2020-06-24,450.0212998634671,453.77798985637247,433.8988167498336,437.9685363769531,5339893
2020-06-25,436.4032282446691,438.8294586039879,428.8898485455923,430.4942626953125,6353371
2020-06-26,430.4942101219832,449.1603366639996,426.5418593278623,440.159912109375,7034875
2020-06-29,439.8467782818907,442.8991148899799,430.6898162265144,433.350830078125,3857610
2020-06-30,436.7163153550802,438.9077138353393,432.99874815447697,435.8162536621094,3110587
2020-07-01,436.67715013442086,437.9684867960636,431.2377533111088,431.8247375488281,3004648
2020-07-02,434.36835530952766,447.9864093403059,432.7248184780793,445.48193359375,5243652
2020-07-03,447.6734113945355,454.365023636948,446.5776881332086,453.2693481445313,3735570
2020-07-06,453.2692533236127,460.9782939709143,451.7822074613078,452.91705322265625,3288417
2020-07-07,455.4998970634157,465.2438477141734,450.13879195296647,463.365478515625,7255475
2020-07-08,465.4785214305688,465.4785214305688,448.4559777716956,449.9430236816406,4625011
2020-07-09,450.53007005077825,463.0132322396198,450.021331177536,460.3913879394531,4807930
2020-07-10,460.3913701844861,460.6261543596556,453.81712666629926,455.6954956054687,2376881
2020-07-13,457.8477682260242,473.50068337905066,456.55638361833707,471.622314453125,5443990
2020-07-14,473.18752896659487,480.3487555913201,460.27387606678747,462.8174743652344,6212718
2020-07-15,464.61751955921824,491.4622506194249,463.7174581278696,481.4835205078125,9928037
2020-07-16,493.0668000252016,510.4415444370132,475.1833645604204,491.3058471679687,20771204
2020-07-17,492.67546957841034,504.5325710753486,480.0748928794386,487.7056884765625,26830157
2020-07-20,495.4147090591571,510.28497678763097,490.60141908159073,507.62396240234375,10543170
2020-07-21,510.2850835443001,518.3854488150847,503.4760552377029,510.5589904785156,8801061
2020-07-22,514.1981700155969,514.980815632059,503.3193768392149,508.8370666503906,3837958
2020-07-23,510.2895124236488,515.7456944859017,505.225860755568,512.5269165039062,3172594
2020-07-24,503.22376477978463,537.609404022353,503.1452778987526,533.8018798828125,12365728
2020-07-27,536.9814878301414,552.9967443529988,531.0935329197232,550.406005859375,11348828
2020-07-28,551.1127543641913,562.1428504772487,546.1668802544424,559.316650390625,8469603
2020-07-29,557.393107176289,557.9819027120387,543.6545446754651,545.1461791992188,7142681
2020-07-30,547.9723541332635,559.3949774334402,543.772298665668,545.970458984375,7966760
2020-07-31,550.9948955370206,562.6530770022682,546.4023090883614,553.6248779296875,6322671
2020-08-03,556.6865968644665,563.6736571855181,549.9743365745582,554.2136840820312,5546316
2020-08-04,557.0005306044617,558.1781215782555,539.3759094467548,543.7722778320312,6683186
2020-08-05,543.7723603159732,551.4267028067075,534.6263831989833,540.4358520507812,6052220
2020-08-06,543.2619205578418,555.5088464212404,538.8656004828513,553.3892211914062,5132907
2020-08-07,549.4639174235721,549.4639174235721,537.7664956509245,541.9273071289062,7371589
2020-08-10,545.5779648186186,545.5779648186186,537.8450878652699,543.30126953125,3769570
2020-08-11,544.8320291583459,550.2882096387956,535.0187721490097,536.8244018554688,3956468
2020-08-12,534.3123238260442,564.4586755974951,531.5253677648392,562.967041015625,13085350
2020-08-13,562.8883569581344,572.3090825976011,559.7873585185522,568.8547973632812,8850347
2020-08-14,571.4457029367464,571.4457029367464,555.2341803084105,556.6865234375,3887203
2020-08-17,558.2566003695879,565.8716981394602,556.8042573561863,564.3408203125,3344102
2020-08-18,564.4192468014353,566.5781631410277,559.2771101940276,560.886474609375,3634301
2020-08-19,560.3762062489615,560.6902496328124,553.4676830508757,557.2752075195312,4858027
2020-08-20,556.2154188253023,561.9855948999501,554.2920108283214,557.4714965820312,3025569
2020-08-21,561.3183489536868,561.3183489536868,551.6621128136873,554.17431640625,4164686
2020-08-24,554.2923303188077,556.1764959562169,546.0884329769189,554.017578125,4066936
2020-08-25,553.4676869467057,558.6098239584838,545.3815728767005,550.7984619140625,3982510
2020-08-26,553.2322751666843,563.4773075386726,547.1872982994842,559.5912475585938,4511228
2020-08-27,560.1801031626734,565.2437547152589,554.6454343143478,557.5109252929688,3917059
2020-08-28,560.2978302018508,562.613768846096,552.0546928661422,554.6061401367188,5416681
2020-08-31,553.4678036046251,569.1690178912811,538.5516500323018,545.1461791992188,7786675
2020-09-01,545.6170928005242,552.6826378871497,535.7253488457662,541.3777465820312,6377322
2020-09-02,541.6133924694249,553.310768071308,540.985305580589,551.0733642578125,4090511
2020-09-03,553.3107359204764,562.4174682001133,547.658289663512,554.8416137695312,5467610
2020-09-04,545.7350285382242,553.0753277743845,543.3013113340738,550.1705932617188,3354824
2020-09-07,546.6770938507299,559.2773585985511,540.946159332569,556.4511108398438,4238823
2020-09-08,556.4511025446812,580.0814621001264,552.054781096199,569.8756713867188,11522742
2020-09-09,559.0418407203622,573.8010237885258,557.550253778836,566.7747192382812,5514179
2020-09-10,572.0344364624486,572.2699450637617,560.3762575763297,567.1278076171875,3366359
2020-09-11,558.9631475042022,576.2344807136018,557.5108045599304,566.5390014648438,7221661
2020-09-14,586.4957632411814,649.5538791027577,585.8266262210327,625.8185424804688,32312474
2020-09-15,622.7482716541444,637.5484234597905,616.4503306262545,624.0472412109375,14024028
2020-09-16,621.9608389879655,626.8811039126368,613.4586308080258,621.3310546875,7471292
2020-09-17,625.8185165108397,643.5708275885556,621.528034717021,636.3281860351562,19972637
2020-09-18,636.3280848221731,648.6878013262685,632.9429517795145,638.1387329101562,8847382
2020-09-21,647.9005867618652,669.0774295343798,624.6375801642097,631.8408203125,24911507
2020-09-22,640.7759396451663,654.5920336928931,622.3544488818897,646.3259887695312,21882919
2020-09-23,654.9857640610654,665.0624585136495,637.7845345492013,640.8941040039062,18070370
2020-09-24,638.4536662788382,638.8079350130545,617.1981188194935,620.583251953125,10553627
2020-09-25,626.0545588069704,658.1346886672458,623.9683470932029,651.6005859375,19813100
2020-09-28,660.0240834034138,665.0230536964688,646.1685875775133,657.5442504882812,11145837
2020-09-29,659.2367185947346,662.1494766534823,637.8237185107583,639.8311767578125,10554255
2020-09-30,643.9644583761429,645.9325649115224,635.3834946620983,638.9260864257812,9470272
2020-10-01,645.4600526988382,646.2866475957795,638.6110343180375,639.9887084960938,4321350
2020-10-05,652.4666948982712,660.6540376302305,641.6814610463849,648.8453979492188,11889998
2020-10-06,653.4111411626852,656.9537316870612,647.6642816997005,652.7420043945312,7848500
2020-10-07,653.4111698354752,653.8834960396682,647.900473222405,651.8760375976562,6980002
2020-10-08,675.060405982401,691.9861187854582,664.826254054971,668.8018188476562,25860257
2020-10-09,671.4389957891303,678.9965028620727,668.6048945996832,673.6826171875,7286954
2020-10-12,677.6583309768573,686.4361040274327,674.7849246960116,681.5945434570312,8717550
2020-10-13,681.9880157320347,713.713871782168,679.6262887598244,708.8330078125,18948618
2020-10-14,711.6672487665991,716.941783339697,694.347913066527,701.0001220703125,15441198
2020-10-15,708.4787848685111,711.4309437742501,656.1271669400726,677.0284423828125,15648823
2020-10-16,676.2411282268791,690.4114894702828,646.0110050211686,651.16748046875,28982990
2020-10-19,661.1261508058878,678.3667784004116,655.7729121533044,665.0230102539062,15671485
2020-10-20,666.7549664082577,697.496772800462,664.1176755143792,692.497802734375,21563969
2020-10-21,693.560611193822,701.9447626601627,677.0285194400532,685.7275390625,11161929
2020-10-22,679.2819419528671,694.3876214714105,673.4689870017862,685.0948486328125,9607794
2020-10-23,688.8514319329317,692.3708317962297,672.7175788570491,674.1807250976562,5447267
2020-10-26,674.6156067285538,680.863531421711,665.9555256866646,670.5030517578125,6612856
2020-10-27,671.4127943997108,678.1352264279064,663.3063322480633,670.0682983398438,5807904
2020-10-28,673.824792604799,673.824792604799,649.7821985367397,656.1091918945312,6853002
2020-10-29,652.4712536071266,666.3115529260656,647.6864740682344,664.3739013671875,6690978
2020-10-30,666.5488718173783,679.9146672255845,658.7983130824011,665.8766479492188,8727274
2020-11-02,665.8766218647314,667.379254061501,647.8842316660391,650.4150390625,5953172
2020-11-03,654.8440486316856,658.0075464511624,642.4668441045245,643.8113403320312,7011687
2020-11-04,642.3481245091874,665.718450725391,641.0826966499674,644.6812133789062,10077502
2020-11-05,659.5891898913793,673.1131215986825,656.4652266399443,666.6279907226562,8903859
2020-11-06,669.0795786168877,676.8301361854104,661.4872055438718,672.3221435546875,5871913
2020-11-09,685.5298784979559,690.2751246088385,669.9496441129965,676.1975708007812,7505062
2020-11-10,671.0568868452543,671.0568868452543,637.2470083389084,640.3709716796875,10397497
2020-11-11,642.9807969600716,655.634785584132,636.9305893407384,653.3016967773438,9779484
2020-11-12,654.1716603711179,661.9617524867922,650.0986386429428,652.2340087890625,4699639
2020-11-13,650.8104053313201,657.5723701581919,647.0537528418212,654.9229125976562,3918289
2020-11-14,659.5891047138396,659.5891047138396,655.6347335824616,656.821044921875,475390
2020-11-17,662.7130733045332,662.7130733045332,643.7716257668711,644.5625,5977903
2020-11-18,647.725968484332,648.4377745713384,632.8970772644527,644.0088500976562,5816221
2020-11-19,644.5626205691856,648.8728956002262,635.0721279963877,636.2979736328125,7170339
2020-11-20,643.7321429746769,651.2849828483202,635.8629340741342,647.9237670898438,7455575
2020-11-23,652.4712964944861,665.9161595737663,645.5511463801506,663.7017211914062,7116516
2020-11-24,667.418727800188,678.095529038058,660.6567150659678,664.729736328125,8465615
2020-11-25,664.7298123836903,669.0796207931018,650.4940757710712,652.2340087890625,5610232
2020-11-26,651.7594852691643,668.2887772941243,648.2005509522133,665.9556884765625,8414555
2020-11-27,665.9160895388219,670.5031503351005,644.0483981689104,650.1776733398438,11723771
2020-12-01,651.6805226207666,660.9337629966737,644.6417209684683,659.6683349609375,8078785
2020-12-02,661.2895635083595,670.2264334205485,657.4537942007998,666.82568359375,7062229
2020-12-03,671.0569179724181,683.315470981932,666.9443615020948,681.8919067382812,9633229
2020-12-04,684.8971948995795,686.3602931552854,675.7626057072831,678.9656372070312,5577388
2020-12-07,678.5703072845065,680.1125221825644,672.5596805144547,676.4349365234375,5314265
2020-12-08,679.3609787925087,692.5685883836793,676.988356049345,683.1571655273438,8722526
2020-12-09,684.9761444908248,695.9693154870848,683.3943960465359,688.4955444335938,5952003
2020-12-10,688.4954854723981,694.2293230919122,684.1061435696162,685.4901733398438,4641898
2020-12-11,688.8517318906976,697.3931673620924,676.3559236759577,681.9315795898438,5637035
2020-12-14,684.9761758479978,692.5290636321421,678.6491817812023,690.4332275390625,5143894
2020-12-15,691.7777300586516,703.0872224071494,688.0606113545781,700.714599609375,7527270
2020-12-16,700.9122544878823,705.4597811037415,694.7434454284207,699.9631958007812,4378179
2020-12-17,701.5054686279913,701.5054686279913,693.5967260279011,695.4552612304688,4863371
2020-12-18,707.6347772232277,715.741238767277,701.2287147261409,704.3922119140625,11568187
2020-12-21,701.228738643715,720.0910719616016,672.243175362286,688.4165649414062,8875855
2020-12-22,695.2971621243769,727.0112023358204,689.6423915548929,722.700927734375,10251896
2020-12-23,727.6044514251835,739.4675674810288,723.4918948715952,729.6607055664062,10723068
2020-12-24,733.8918189630931,734.129071599714,720.249237239317,727.0902709960938,4390561
2020-12-28,731.5588841279524,733.5360703012713,722.463827730686,729.028076171875,3884750
2020-12-29,734.7222689817114,747.3762585443674,731.7564901779639,740.1793212890625,6760167
2020-12-30,741.840215322322,751.3307084820958,736.3040943124539,743.9755859375,6382809
2020-12-31,742.6703481647319,751.2117791840008,739.4673175663968,748.2855834960938,3468390
2021-01-01,745.0036422031168,755.6804459926518,745.0036422031168,751.72607421875,3142822
2021-01-04,758.4483802213726,778.7738574164638,753.4263482113627,775.3731079101562,5259092
2021-01-05,764.9337372015591,787.552725965738,764.9337372015591,784.0333251953125,7150252
2021-01-06,789.2135351698904,789.2926032966346,764.0636921593585,773.63330078125,5995748
2021-01-07,781.3837402798239,781.5419247802608,758.7647565801767,761.2559814453125,5261000
2021-01-08,771.0234201248105,793.6424071383855,767.1481165164264,786.6431884765625,8034775
2021-01-11,802.7374947922566,837.5755498087744,797.2013741385168,834.4515380859375,13384331
2021-01-12,831.9997984075576,842.3207470712541,821.4811311605893,839.9876098632812,6700542
2021-01-13,841.4901722960781,843.8627949623263,823.3000651881741,835.1235961914062,6691409
2021-01-14,829.6270310507834,829.6270310507834,796.0939458542921,812.7813720703125,15021108
2021-01-15,828.5595448997797,832.6720529664688,778.2203724353194,782.8074340820312,23769415
2021-01-18,790.8743393402955,794.7891769742578,772.6051614099903,776.2431640625,12947569
2021-01-19,781.3838323242592,788.5017012421928,774.5427501113458,778.1016845703125,6387923
2021-01-20,784.3496313794183,798.5063014584226,781.0279494773522,790.2811889648438,7444118
2021-01-21,801.1993051344313,809.9338862607729,780.5142386146225,788.732666015625,8857975
2021-01-22,787.4622752737259,797.2291163083797,779.2835400484515,782.77734375,5379466
2021-01-25,791.6706660851954,791.6706660851954,747.2037079098986,752.3650512695312,7731883
2021-01-27,756.017730110076,764.8714391368026,748.3948418234481,758.717529296875,7531736
2021-01-28,753.3973790257246,756.2559985341816,738.5485801579061,741.605712890625,6960905
2021-01-29,747.2037713449423,753.9532209266979,722.1911052478481,725.7643432617188,7692663
2021-02-01,729.7346817105439,741.4469630546467,711.7493624977778,737.1590576171875,8651478
2021-02-02,751.9680786109009,764.6729247120354,742.8761634267481,758.0426025390625,7690178
2021-02-03,767.0551292611268,772.8517059486426,756.3751076751764,762.21142578125,6354619
2021-02-04,766.0229296125358,770.5887343078164,754.4694682940294,760.4248657226562,4623148
2021-02-05,762.9258735088523,765.3874661161651,746.4492789247151,751.2930297851562,4631703
2021-02-08,758.3203832376909,765.7844985425239,747.4815437142609,760.5040283203125,6509526
2021-02-09,766.2611177823328,779.68063239173,751.6505237152429,755.6207885742188,7557977
2021-02-10,758.3602127937744,766.3404347493426,751.2931710596748,761.8540649414062,4896963
2021-02-11,761.8540612850937,772.2164418920042,756.7721033611356,770.5489501953125,3745595
2021-02-12,774.2014890315303,783.333096338056,760.3849507642973,762.6083374023438,8045740
2021-02-15,770.2312948812818,771.2238609829328,754.429623156939,758.0426025390625,4643228
2021-02-16,759.9085717318198,764.0773491629506,749.665270657843,756.176513671875,3277086
2021-02-17,755.9383392212543,761.0202970222438,747.2037575705886,748.95068359375,3643176
2021-02-18,749.5860159254058,759.7101914582967,745.0995971855559,752.8416137695312,5133094
2021-02-19,754.3502330339743,760.7026560489971,749.9432492603304,754.4693603515625,5494816
2021-02-22,753.953135428594,755.5015480853767,727.392059511147,730.647705078125,5043203
2021-02-23,733.7050816437013,738.4694003556734,719.848845030018,722.5486450195312,5916942
2021-02-24,728.9405227061442,730.0919090417908,719.0148619939146,727.3524169921875,3435827
2021-02-25,735.2134777677294,741.6849787521658,732.2357798857429,737.87353515625,6234947
2021-02-26,721.0001027487195,734.4990033508432,718.6973297305336,722.1514892578125,9198218
2021-03-01,727.3524309817572,742.0027161678131,727.0745318625258,738.7470703125,5397960
2021-03-02,741.5262700380144,760.6232807656337,737.3574923762097,757.3279418945312,6715548
2021-03-03,766.2608984349707,768.6430566684473,751.9679490341111,766.4594116210938,5742015
2021-03-04,755.9383195785491,770.1518850995379,755.4221658356379,760.70263671875,6268541
2021-03-05,759.1940453971677,771.8195073415926,743.4718058665723,747.6008911132812,5992152
2021-03-08,756.3355037859055,772.6135907440274,749.5860530959526,763.7996215820312,5621823
2021-03-09,765.5463269403887,775.71024210808,753.6355342893187,772.7325439453125,5440319
2021-03-10,782.6978654356793,790.1619327794242,777.9335485700448,784.9212036132812,7694950
2021-03-12,784.9213448028526,796.2762923487519,773.089936405603,777.5763549804688,6447010
2021-03-15,776.1868473555819,789.5666217065459,768.1271896056757,787.978515625,5321071
2021-03-16,788.4945000189059,808.9810543747072,786.4696748931544,799.8097534179688,8094575
2021-03-17,803.5815128843857,813.0307615227389,780.3157732419273,784.0875244140625,6758901
2021-03-18,790.0825962961208,793.8543473839665,740.3749066086722,752.5635986328125,8269566
2021-03-19,754.349967809508,769.4369671656982,744.583130550894,762.6478271484375,9004154
2021-03-22,762.6480422750438,780.1172043519915,750.0622759723419,777.17919921875,4745254
2021-03-23,781.0701275381034,788.4151166098327,771.6605719184791,778.8467407226562,5158305
2021-03-24,771.0651008196062,781.9436358347332,766.8963228677075,774.7177734375,3874331
2021-03-25,770.2312977673205,773.8045357466534,754.3502400813964,759.9483032226562,4879437
2021-03-26,766.260870902381,774.2013980619913,757.3674707905914,761.1392211914062,4271178
2021-03-30,766.2611341812999,794.6882214869133,765.8244147304956,790.7179565429688,5475000
2021-03-31,794.0527976293776,794.0527976293776,777.099789786045,780.2760009765625,4445140
2021-04-01,787.7004901440944,804.7726277833061,786.5887966792045,796.117431640625,5269079
2021-04-05,799.6114032451924,825.8151533018869,796.1175505182395,820.65380859375,9452833
2021-04-06,825.0210067405744,826.2914720617202,810.132514078028,816.6040649414062,4260257
2021-04-07,818.6685246533318,829.7852650462966,813.6659527043842,823.5916137695312,3551106
2021-04-08,828.9912389401355,837.2494085991598,819.1847048770447,823.8298950195312,4852068
2021-04-09,827.4824919811132,837.5670217776704,821.1698103181734,830.1029052734375,3708082
2021-04-12,828.157256658239,828.157256658239,795.005603618777,801.516845703125,5976427
2021-04-13,803.9785631242154,810.5691925165507,771.9782408726455,780.8716430664062,7773994
2021-04-15,768.6431504206744,789.8443709775783,761.2981616382453,787.6210327148438,7430279
2021-04-16,794.0529489246483,807.3930287735532,789.6856577055627,804.1771240234375,4677808
2021-04-19,790.876830364359,816.6438128224821,784.4052786816421,789.76513671875,6239343
2021-04-20,798.8172341492879,798.8172341492879,759.9086412334676,763.3230590820312,9742418
2021-04-22,767.0552195875955,771.7401518055053,758.5588425554482,763.7996215820312,4970596
2021-04-23,765.4669922215545,774.0824467624724,754.5090719429467,758.836669921875,6023490
2021-04-26,746.409636457703,757.9234021264654,732.9504317242946,737.5162353515625,19619972
2021-04-27,739.2632022492952,745.2582915648411,733.2284199843365,737.5559692382812,6406825
2021-04-28,739.4221540910587,743.1144714160191,731.9183436414124,733.546142578125,6845677
2021-04-29,751.2422706992269,751.2422706992269,732.9803554510905,734.9600830078125,8588734
2021-04-30,731.2835789257989,739.3640604608905,723.526336379849,726.3948974609375,10921664
2021-05-03,726.2331701963661,735.6873420533325,719.9707979359803,733.4652099609375,6871176
2021-05-04,735.3238121787813,739.3640529050383,726.6372946173286,728.010986328125,6217026
2021-05-05,730.434995746048,735.9701047901407,727.7280053682247,734.8388671875,2696835
2021-05-06,736.9397441747407,746.5555346872104,728.2532285498739,740.1719360351562,6319104
2021-05-07,741.7880963865244,744.5354794342097,738.3134996986904,740.4952392578125,3651558
2021-05-10,741.8285414161804,744.6971022805341,735.4853836181304,738.5155639648438,4029147
2021-05-11,734.1117575050943,737.3035576189856,731.3643740178431,733.14208984375,3818154
2021-05-12,732.212866180229,734.4753911837294,723.203109391358,732.1724243164062,4076940
2021-05-14,734.5157221766236,736.9398664742363,724.415120936571,735.6065673828125,5184569
2021-05-17,739.0407382002817,749.2221733789104,735.4045219192013,745.1415405273438,7956551
2021-05-18,749.8686344674105,759.1611875885045,747.040466126208,752.777587890625,5913426
2021-05-19,749.8686445359513,760.3732699443212,747.5657271549302,752.6160278320312,4178834
2021-05-20,753.1006782931021,755.3632026558673,745.0605914453125,746.9595336914062,4753782
2021-05-21,747.8485421802663,755.2422022763986,745.8284218610328,752.010009765625,4161547
2021-05-24,752.6966179076811,758.7569771500939,749.6260457553911,753.7470703125,4191877
2021-05-25,757.9490825583893,762.6357514566095,755.6461653082025,760.0499877929688,5032874
2021-05-26,759.5651622578156,766.7972021240316,753.5451944590321,764.2518310546875,5017674
2021-05-27,766.8376141057527,773.2212135504913,758.029870464684,761.5045166015625,9078274
2021-05-28,759.605673030208,767.4437501501515,757.4643749693831,761.6257934570312,4098094
2021-05-31,760.8176336903077,765.9083265553351,753.5855937591998,763.7670288085938,4171524
2021-06-01,766.0294423523375,769.2616340922207,761.2215472753946,768.211181640625,2944472
2021-06-02,765.2214317958402,768.2112191651396,757.6257611083589,762.5952758789062,3657189
2021-06-03,763.6056298003587,767.4842517069025,757.1412435163344,759.1209716796875,4164240
2021-06-04,759.6460268161724,762.9590537387328,755.3229890510794,756.7774658203125,3550303
2021-06-07,758.7570379720182,769.221268966596,757.221727113138,767.3223266601562,3282517
2021-06-08,769.2617274173238,785.4226880773516,768.8173108630406,781.5440673828125,6385642
2021-06-09,786.9580713696506,795.9273856322876,779.8472085704567,784.8571166992188,5521459
2021-06-10,791.483084965312,793.2204080444267,781.0188525896514,782.6349487304688,3878256
2021-06-11,788.6548003917273,799.9674717088218,784.2105366600117,794.5939331054688,4777035
2021-06-14,794.3112162857819,798.7150879286501,788.654880055873,795.2808837890625,2236373
2021-06-15,796.0081691963999,802.3917689591593,794.4729073871771,796.291015625,2559001
2021-06-16,795.1596152441784,796.7353186896324,787.0387428029433,791.4022216796875,3138753
2021-06-17,791.8871879265237,799.1192287413544,790.7155082437838,797.0587158203125,3609989
2021-06-18,799.9676602854236,805.3815926986989,783.887482537807,788.0489501953125,5622783
2021-06-21,782.1906817838276,794.6750367236895,776.7363562651904,793.5033569335938,1639495
2021-06-22,793.5839916515439,798.5131144815288,788.8569301588658,791.9678955078125,2529648
2021-06-23,795.9272014155088,795.9272014155088,784.6145305324457,786.1498413085938,2395543
2021-06-24,785.4226984544482,803.6845645138224,783.0793394000483,799.7251586914062,4686567
2021-06-25,804.0078300811697,816.1285511376698,799.361553676178,804.5330810546875,5196000
2021-06-28,808.0481169882839,808.0481169882839,795.2809666037376,796.1697998046875,1844159
2021-06-29,797.503194721963,803.1191396734905,792.2912738774613,794.7962036132812,1895170
2021-06-30,792.6951508359613,801.1392629691828,792.6951508359613,794.7152709960938,2682591
2021-07-01,797.543431948309,798.3514800049942,787.968082204325,796.3313598632812,2861509
2021-07-02,794.7557097713822,798.0282947573156,789.6650165355587,795.6445922851562,1646631
2021-07-05,801.3412424307692,804.7350540257862,790.2709745391044,791.68505859375,2598033
2021-07-06,791.8870038660518,793.6647192488015,783.968143691258,785.4630126953125,2486069
2021-07-07,783.806722772162,789.9478691197518,775.9686456805712,788.1297607421875,3014899
2021-07-08,787.8469757760785,793.5033130380606,783.8067348746627,789.3014526367188,2555624
2021-07-09,785.4226617039609,791.4830217479729,781.0591827445377,789.3416748046875,3218471
2021-07-12,791.8871656300755,794.3517025571982,787.8469249891057,791.4427490234375,2037878
2021-07-13,794.3111982028001,794.3111982028001,778.9582859282801,782.1500854492188,2997764
2021-07-14,782.3926236968151,802.3514229284211,782.2713967461959,799.5232543945312,4371180
2021-07-15,802.3916637276651,850.470519711347,800.6139482644013,840.1679077148438,12701032
2021-07-16,844.3295828071177,847.4405486453232,806.4724950948573,812.0884399414062,8665827
2021-07-19,812.0882764720459,822.8353054908432,801.9876760184135,808.2096557617188,4644600
2021-07-20,807.2401353616342,817.9063812483,783.2814869917808,789.6246948242188,10216774
2021-07-22,783.8065443709879,793.0990961856955,783.8065443709879,790.7557373046875,6156400
2021-07-23,795.6848100775017,811.1993402664435,793.9878798253474,803.1996459960938,5265839
2021-07-26,803.1997733834119,811.2802540009512,797.7454489665728,808.2904663085938,2477027
2021-07-27,812.9242927797379,814.7127361472456,799.7955456045606,806.4208984375,2883514
2021-07-28,808.8595474296754,809.6318353129237,794.4707797278875,799.1857299804688,2952249
2021-07-29,801.1774480228642,820.2405307369203,801.1774480228642,819.1024169921875,4732101
2021-07-30,823.4920790363477,853.5295835879951,820.9720342779809,833.2064819335938,9330054
2021-08-02,840.5635465327329,844.6281671639356,831.6620174270085,841.70166015625,2536478
2021-08-03,837.3119850516267,847.8393144905046,832.4344395076366,844.9940795898438,3359006
2021-08-04,846.3353954059323,851.741361378381,841.0513879146802,845.4005126953125,3122161
2021-08-05,845.4413345264853,872.2678384104988,840.3198713641468,862.6347045898438,7896314
2021-08-06,862.6345963879367,869.8289562258246,847.8800012556402,853.52978515625,11584782
2021-08-09,859.9112172574922,867.1868488053715,848.2863620608438,854.0175170898438,6321578
2021-08-10,855.6026260840525,871.6985631614267,851.9444675877312,864.7073364257812,5871606
2021-08-11,870.6009392430076,877.1450172954403,859.3826473109805,867.3492431640625,5011239
2021-08-12,870.6418315089026,895.1515163603475,868.2030588716227,891.3713989257812,6540144
2021-08-13,893.4036340195674,913.686051713438,886.249861860699,910.0278930664062,7270809
2021-08-16,911.2472450608992,918.075827459031,905.881965760189,913.4421997070312,3159376
2021-08-17,909.8655089780611,936.4480934914012,904.4189559442206,929.1317749023438,5295838
2021-08-18,941.284942131822,941.284942131822,919.904996180294,922.0592651367188,4871006
2021-08-20,900.3136990511979,927.3434331310644,900.0697820576581,908.3209838867188,3467046
2021-08-23,917.791509023558,957.787343771052,915.3934220992172,945.51220703125,9383780
2021-08-24,949.4546011778996,953.5599073095752,934.8626542250738,937.2201538085938,3947317
2021-08-25,942.9107556103116,951.0399972325508,926.977461877504,938.3989868164062,3447912
2021-08-26,942.9105183280204,952.7468783688406,938.9271710887464,949.0480346679688,4654833
2021-08-27,949.048418076368,950.9181836278926,942.585709695697,945.3902587890624,3050466
2021-08-30,946.2437771579946,951.4058260268076,938.5616830937043,945.7560424804688,2956868
2021-08-31,947.86953623608,970.1436772602776,944.6585256139184,961.1202392578124,7199002
2021-09-01,967.379638925949,967.7861009591112,944.4145340522869,946.7720336914062,3200410
2021-09-02,952.7471793977164,960.876421542748,938.1145435366592,953.3568725585938,5224479
2021-09-03,953.966449835778,959.7381912108418,941.5693570705496,954.9826049804688,4533364
2021-09-06,955.1857988131976,983.7194143181996,954.3728747291012,975.630859375,4331916
2021-09-07,986.8899067610764,987.6621450011418,959.3317585459264,961.0388793945312,3721585
2021-09-08,963.3150844829622,968.3145876795908,948.7231361879412,966.4042358398438,3118518
2021-09-09,969.0055684552116,979.5328963048509,961.6892512437208,974.3302612304688,3388292
2021-09-13,969.0056092337844,987.7028651166512,956.364598715066,982.3375854492188,3723138
2021-09-14,988.5156559743002,1008.5135679835804,981.1993394415956,1006.9284057617188,5593286
2021-09-15,1006.9285085889884,1047.8185334015566,1000.0999259476856,1035.0556640625,6063895
2021-09-16,1046.3958949426226,1052.9806597481354,1020.3823229193488,1026.804443359375,3616292
2021-09-17,1028.3490945075223,1041.3558814736252,1023.0650873025428,1026.9671630859375,4817180
2021-09-20,1022.6588550213352,1055.8262089318162,1016.1554600768436,1037.4134521484375,5453683
2021-09-21,1047.858952004527,1068.9949743102816,1038.1038647864864,1056.3946533203125,4645597
2021-09-22,1056.8016501716315,1080.0919525395077,1056.4764605863313,1069.4019775390625,5367303
2021-09-23,1078.6284513501207,1086.4325037974866,1068.1011226885585,1079.8072509765625,3037295
2021-09-24,1089.3183457611617,1120.0062319943586,1086.8795733452785,1104.113525390625,7951730
2021-09-27,1110.454488751379,1112.0396512928537,1048.7129337006784,1052.8994140625,7653504
2021-09-28,1060.8255414775124,1060.8255414775124,1019.407087465832,1031.6009521484375,8572321
2021-09-29,1032.413721382028,1057.9801474659955,1023.3090101468688,1041.5184326171875,4639821
2021-09-30,1049.8505955003989,1049.8505955003989,1031.478534077762,1040.1768798828125,3589722
2021-10-01,1035.6652671506993,1043.7945078661678,1024.8127506423275,1035.4620361328125,3372796
2021-10-04,1041.7626154674963,1051.598980831132,1035.4624513864403,1039.44580078125,2706626
2021-10-05,1032.413612913611,1067.8570840298491,1026.072765203731,1060.9879150390625,3710314
2021-10-06,1066.556283848205,1072.937717376587,1033.876778868972,1036.8438720703125,2861608
2021-10-07,1043.835169323758,1071.3119427583847,1043.835169323758,1061.9227294921875,2421641
2021-10-08,1061.9229106738833,1087.6925678417415,1051.9645893315355,1074.8077392578125,5197831
2021-10-11,1056.8014355745806,1077.0432675335217,1004.4897843604208,1059.158935546875,5264998
2021-10-12,1062.450929395473,1064.1174632063464,1005.0179310319836,1016.439453125,12811641
2021-10-13,1026.722949344606,1033.0637958512127,1010.8302464208977,1028.63330078125,5705730
2021-10-14,1048.1844371714285,1051.3141753568325,1011.318346171558,1017.090087890625,10360519
2021-10-18,1008.0261338801678,1034.4461736794465,987.7030263422612,992.90576171875,23861603
2021-10-19,999.896456215832,1018.59370702312,995.8318364751174,1001.6035766601562,10189780
2021-10-20,1007.2129062545762,1027.0482730848994,992.0925386466856,1002.2540893554688,8222562
2021-10-21,1015.3675393581352,1015.3675393581352,974.4708858713616,992.2555541992188,5998795
2021-10-22,986.1495186759398,1002.622887676123,972.0119087053104,978.5684814453124,3812305
2021-10-25,970.4136908494994,975.2901013380492,948.367197121107,955.128662109375,6690819
2021-10-26,958.898895592224,968.7337560598368,945.171069522848,956.2763061523438,5126660
2021-10-27,958.898831748298,968.200949978834,951.9324727142292,964.7587890625,3536653
2021-10-28,969.7992408920544,971.1924727757772,939.8848735871468,944.1466064453124,4096585
2021-10-29,944.1465983606556,961.3576040599386,932.672594561134,937.3851318359376,3558520
2021-11-01,937.1801975040664,976.4786187629804,937.1801975040664,974.6345825195312,4511112
2021-11-02,976.10990488495,979.4701288809366,957.9563715314572,959.431640625,3016082
2021-11-03,962.9968695582152,973.405391449328,960.2922425872588,964.103271484375,2063067
2021-11-04,971.1923990051544,972.9544980503972,965.4553974920436,969.6351928710938,256369
2021-11-08,973.200368672564,977.5851572746924,957.7105436819098,969.4303588867188,3808317
2021-11-09,973.6511135272592,976.109828460409,959.2675911501872,961.1936645507812,3565461
2021-11-10,953.9816385539,962.9969289526052,952.4244320214088,958.2024536132812,2401325
2021-11-11,955.62025772013,957.0955262664778,944.3511509073924,951.2764892578124,2861259
2021-11-12,957.997164286322,965.578200803188,953.1616723367644,960.8246459960938,3812518
2021-11-15,959.7184147425618,968.4058543374772,953.5716272869092,959.595458984375,3619915
2021-11-16,959.636288195673,963.4062970820328,951.0717060038468,953.489501953125,3141207
2021-11-17,951.1128502457932,954.5960295767234,942.507348369377,944.5152587890624,3172985
2021-11-18,940.8683004895672,946.6053023218204,912.5930771734608,918.0841674804688,5384530
2021-11-22,918.0842342550756,922.7148346512644,903.1680684244748,909.8065795898438,3961223
2021-11-23,905.626804352532,917.9203808822044,893.3332278228596,911.8555297851562,4545069
2021-11-24,917.9202258014636,928.2878269323122,912.1422057905496,917.4694213867188,2675632
2021-11-25,915.0517632148596,926.93555234752,910.5441190610918,921.854248046875,3106454
2021-11-26,917.9202619884688,922.837691963407,904.2334552430384,909.7655639648438,2207274
2021-11-29,902.4303798394616,938.40959751755,901.610808138573,928.6976928710938,3661152
2021-11-30,928.5746614884656,948.9820151877972,928.5746614884656,933.2052612304688,7421904
2021-12-01,939.229097608342,953.1618154611708,938.5734002794742,947.9984741210938,2918586
2021-12-02,952.260478571835,972.3399873374668,944.9662696642226,970.9466552734376,4011279
2021-12-03,973.6511342253408,975.0443660322632,958.6120142402772,960.0462646484376,2571036
2021-12-06,958.8166977312142,961.070519308901,930.0906772411024,931.4840087890624,2493755
2021-12-07,942.5071669123153,946.60502415976,927.2631579608887,942.2203369140624,2299958
2021-12-08,948.572386992703,968.4059838166132,948.2855568821628,960.2102661132812,2525711
2021-12-09,966.9307531185073,966.9307531185073,946.6053344896698,957.7105712890624,1734844
2021-12-10,946.7692841374636,956.4402711994506,946.7692841374636,952.5062866210938,957733
2021-12-13,955.620702539886,961.7264723278408,945.1711622676876,949.9656372070312,2225682
2021-12-14,947.424829376187,955.5386087371846,938.8193270332372,952.6290893554688,1972685
2021-12-15,949.2688709739456,952.301246084314,936.19674307322,941.6058959960938,1604301
2021-12-16,947.4249579398172,957.1778819276858,942.1387600871118,950.4983520507812,2121810
2021-12-17,960.5379876364472,969.4713387592049,954.8009860038064,960.0462646484376,6373455
2021-12-20,950.7031529795984,960.8248432630226,938.8193635673535,950.6212158203124,3091768
2021-12-21,957.9974042347544,995.7386219418024,954.8420731194656,987.5839233398438,6217986
2021-12-22,998.2381965260076,1004.7947692453902,991.7635609565452,1002.1721801757812,3809814
2021-12-23,1007.9912871257216,1008.6468844801472,996.2713714105485,1005.9832763671876,2814281
2021-12-24,1034.4224853760131,1052.166233448468,1021.309337615548,1036.922119140625,15952929
2021-12-27,1039.2168545662023,1046.5929994329972,1027.7838700408176,1038.5611572265625,3372907
2021-12-28,1040.8561018373869,1056.4279647782612,1040.8561018373869,1052.2481689453125,3446067
2021-12-29,1051.5104794417969,1064.62362649641,1046.6749864563335,1058.8046875,2254162
2021-12-30,1058.8046233308537,1087.1207635085782,1051.2645042041986,1079.4168701171875,4518139
2021-12-31,1081.8346804623736,1089.5795932702604,1072.778372853989,1081.0970458984375,2231508
2022-01-03,1078.8431575432803,1098.1441105643216,1076.9991212691189,1086.875,2661272
2022-01-04,1089.620885178927,1095.5217630797497,1071.3854096654022,1092.858154296875,3367100
2022-01-05,1089.2107226487994,1090.0302942986482,1067.082288102887,1074.2535400390625,3510253
2022-01-06,1057.2472997798477,1063.639997889682,1046.5928696270275,1053.0675048828125,4409632
2022-01-07,1063.4351210553095,1064.2136740216265,1050.8546175332851,1057.6981201171875,3898684
2022-01-10,1069.417886548051,1069.417886548051,1049.0515541197192,1055.6900634765625,2529949
2022-01-11,1056.1410860186188,1104.7826461652626,1049.0517708394184,1101.217529296875,6772189
2022-01-12,1109.6999032122326,1112.2405550642825,1091.1776057821637,1108.1837158203125,3162044
2022-01-13,1098.2260871188168,1114.1257982399104,1082.7771804546155,1093.5135498046875,4598005
2022-01-14,1081.8346807138212,1100.6438118489905,1059.7062440628565,1095.9312744140625,5636243
2022-01-17,1043.3146373820755,1043.3146373820755,1019.0553382501346,1031.6357421875,11973283
2022-01-18,1040.8149407338256,1040.8149407338256,997.4186633923769,999.6724853515624,7799487
2022-01-19,999.8773291030824,1000.2871148936983,976.1097532473534,982.8302001953124,8464215
2022-01-20,991.756070826228,992.9131397528542,966.9621690555724,971.3837280273438,6172404
2022-01-21,971.383794032263,975.1028795505708,954.5652830323564,965.2679443359376,5514748
2022-01-24,960.7635358708636,962.4164623841896,918.2006781527134,929.6885375976562,5878438
2022-01-25,921.506647493034,941.8789895185264,899.5227422682862,928.6968383789062,4725254
2022-01-27,921.506835824236,922.2919358229644,884.4812293306246,890.7210693359375,8304735
2022-01-28,891.7538171194681,910.9277235277208,890.307506480025,892.9521484375,7654724
2022-01-31,909.6469097577708,920.6388118219074,903.2004552489992,908.6138305664062,7572995
2022-02-01,922.911752415042,939.2757701108352,910.142931662611,936.2178955078124,6783774
2022-02-02,944.5648970196918,970.1438950220886,936.630869758321,967.7471313476562,6982539
2022-02-03,960.3503458597296,967.6645258208356,951.2592496424688,956.0114135742188,4169794
2022-02-04,958.6975943611448,964.5654646320596,939.97817719047,961.8381958007812,3625482
2022-02-07,956.2183873112266,968.0781198200776,947.1272876911544,956.5076293945312,3824483
2022-02-08,957.82981365157,966.8382857972068,949.2346741342544,960.3092041015624,3267641
2022-02-09,968.6152188566948,982.6650983111008,963.6564378727868,975.9707641601562,3772972
2022-02-10,979.3180211218636,985.0620037832916,970.3509110683692,983.7809448242188,2053245
2022-02-11,974.4003008487332,974.4003008487332,957.085933821896,961.75537109375,3912397
2022-02-14,938.3250571407962,962.2924920659078,936.8787464125568,947.498779296875,3243813
2022-02-15,953.3256005946872,970.2681015155292,948.8626777357692,965.763916015625,3000492
2022-02-16,973.5736834061944,977.4167575969648,958.6973452896312,965.143798828125,1885868
2022-02-17,970.2681184746884,970.2681184746884,958.697629838704,961.2183837890624,1644055
2022-02-18,952.7882837787974,967.0447770287808,950.5155094925682,962.829833984375,2166690
2022-02-21,952.9950926188852,966.5491149208018,950.5983281634248,962.6234130859376,1706058
2022-02-22,935.5566824400768,953.8628691510193,935.5566824400768,950.0611572265624,3254855
2022-02-23,955.3916214664192,957.8710114875256,948.821278265142,952.9122314453124,1937649
2022-02-24,914.0684272659652,937.99449990349,902.497940844877,907.9113159179688,5469084
2022-02-25,922.0025864459112,942.9947778389372,921.506728563028,933.6557006835938,3213276
2022-02-28,925.3084484557054,936.63105813049,914.895029275429,931.3829345703124,4571884
2022-03-02,929.4821006162508,929.4821006162508,916.547927983607,921.9613037109376,3867328
2022-03-03,929.7714370665764,952.0859515561745,926.05235131831,941.92041015625,3969380
2022-03-04,932.250825900674,954.441350648372,927.8292663629624,940.8873291015624,3522375
2022-03-07,918.2009903327332,959.854772807788,917.7877585639064,953.9041748046876,5249845
2022-03-08,955.3917444203182,974.896261585825,954.5652809735878,971.342529296875,3805165
2022-03-09,975.2267192696464,987.6236690908707,959.6065423175766,977.4581298828124,3781326
2022-03-10,990.2683533213002,990.2683533213002,971.0944438067506,985.268310546875,3834327
2022-03-11,975.2269406311428,997.6654450780808,972.1690660024714,986.3428344726562,2770879
2022-03-14,986.3428559694446,1003.9879329806878,973.2847927744976,994.1116333007812,5740660
2022-03-15,997.5414294834792,1003.5746532973212,965.3919796401104,972.62353515625,3003066
2022-03-16,983.6154825271616,994.1941540189316,979.359175637147,991.3428955078124,1894018
2022-03-17,1004.1529976272324,1004.1529976272324,984.1526243665976,989.1940307617188,6987787
2022-03-21,991.673486964654,999.9381212407382,962.912519329222,965.3506469726562,4046440
2022-03-22,966.9622615548358,976.6732073439548,960.5985331796066,972.2516479492188,4516870
2022-03-23,983.491078745125,984.1935521954786,966.961816917476,975.804931640625,2338886
2022-03-24,966.1358851193512,986.7974737660438,966.1358851193512,985.2271728515624,2351703
2022-03-25,990.9294147694368,990.9294147694368,971.4249026794068,974.6893920898438,2489854
2022-03-28,979.2765670655676,981.507978037262,957.2099323062864,961.9620971679688,3406258
2022-03-29,964.4828562656246,971.0945639349692,961.7142238564172,965.0613403320312,2443230
2022-03-30,973.0366060435064,976.8383172804696,960.4330399417796,962.9950561523438,3073672
2022-03-31,970.9293368100864,970.9293368100864,959.5241004296456,961.796875,3006639
2022-04-01,959.5241053508572,970.2681306476368,952.127297520429,966.6730346679688,2479745
2022-04-04,969.6069277666876,982.6237277563836,965.309357966022,981.0535278320312,2282137
2022-04-05,983.4914811675048,994.2355057516876,978.615326755815,987.9956665039062,2634464
2022-04-06,983.4916499943266,987.5413416716366,964.8962196372912,967.3756103515624,2838968
2022-04-07,963.3257463020576,975.8466873460336,961.1769615781808,969.6895751953124,3391918
2022-04-08,974.40026315274,975.2267264802656,960.8049817695976,963.1190185546876,2656091
2022-04-11,962.0034610460548,962.0034610460548,935.3500146382066,936.7963256835938,5679058
2022-04-12,933.738237640086,943.5730697894272,925.2669891694048,934.8539428710938,2906617
2022-04-13,938.0360737799018,944.7304079617044,928.1185117663698,929.8540649414062,1971580
2022-04-18,917.3743531686096,919.6471274670002,896.3821631079632,910.5560302734376,4391701
2022-04-19,922.2507265427142,922.2919891895992,875.0183128993162,884.5226440429688,3422431
2022-04-20,888.4481500924716,904.8121656767396,879.9355367648345,900.3492431640625,2573318
2022-04-21,904.9774413674896,913.283439060727,893.4895796970021,908.4485473632812,2547848
2022-04-22,898.0351564300092,937.9946436969684,893.4896074963259,910.8040771484376,9567571
2022-04-25,906.5477992166756,907.4568888551375,890.3491354035137,900.72119140625,3565801
2022-04-26,912.4157034419968,914.8950939404804,896.7542604812378,904.3990478515624,3213714
2022-04-27,898.3657622068922,909.0271607949574,888.1175953401735,905.4733276367188,3288792
2022-04-28,917.5730908985267,926.227896429322,901.8601128798192,917.9932250976562,5202061
2022-04-29,919.2537010746032,924.7154460992696,902.7424052164376,906.8597412109376,2988180
2022-05-02,901.6081002443352,909.1705167421908,892.365146746956,896.4824829101562,2584604
2022-05-04,904.0447586756054,904.1287649981368,870.3500175947792,878.0383911132812,3385725
2022-05-05,889.844270375852,903.4565779591018,879.8450555107091,900.809814453125,2982126
2022-05-06,882.1980541965728,887.8698674429343,864.5943648740126,882.4500732421875,4075606
2022-05-09,877.2404113659591,909.9268801582368,868.9217317782912,904.2130126953124,4207192
2022-05-10,901.6082434304196,911.691467028896,896.2305036635282,901.2301635742188,2473518
2022-05-11,898.2470726540989,906.9018796775392,885.6850989623698,891.44091796875,2895668
2022-05-12,882.3658217782614,899.8853973136071,877.0301379801247,890.1803588867188,3195189
2022-05-13,899.0872728171354,905.8094206512822,878.1645671689862,884.0885009765625,2496626
2022-05-16,885.642949465429,896.524384903088,874.047203785251,877.7024536132812,1415370
2022-05-17,889.1721840924033,912.5316920067676,878.3747531866195,909.9268798828124,2620776
2022-05-18,910.4728930368036,922.0685357599712,899.759470616885,902.1961669921876,2865869
2022-05-19,886.5672192442261,889.2561398217557,844.1336626071216,848.1669921875,4729354
2022-05-20,864.6361315675604,869.2576074894472,854.3848474472838,864.5100708007812,2005622
2022-05-23,859.5947191852325,871.3584787830754,852.6625037079323,855.6454467773438,2285466
2022-05-24,858.79642957923,859.0905543324296,829.3450282457226,833.3363037109375,3418456
2022-05-25,833.5462608521472,834.2184653214581,809.1784770167517,818.799560546875,3904551
2022-05-26,820.9422660454404,828.5046820069645,814.2621216889111,824.05126953125,4278059
2022-05-27,831.0255115881677,849.0492804131632,831.0255115881677,843.5455322265625,2795530
2022-05-30,856.2337146362642,885.0969209106628,853.4188353036949,873.7953491210938,3562969
2022-05-31,878.080540367711,878.75279616419,857.4519599397008,874.5093994140625,5185485
2022-06-01,874.5094408714517,878.4586617904424,849.9735904283958,855.309326171875,2554081
2022-06-02,849.8474799911758,881.3575449806759,846.4023487807759,873.6270141601562,3560227
2022-06-03,885.600923238956,898.7931999146567,874.0472316419347,876.4000244140625,3556955
2022-06-06,872.1986815747857,880.0551713424265,858.0401782119515,871.6105346679688,1997494
2022-06-07,865.4766285299878,868.627635672694,851.3181236164637,859.5107421875,1839248
2022-06-08,859.6787668944005,868.6697022770892,853.7128804684884,865.6446533203125,1665512
2022-06-09,861.2331690881296,866.9049815358478,850.0996626063062,864.3422241210938,1654005
2022-06-10,850.3516252658321,860.2247790176835,847.1586155862459,853.16650390625,2260855
2022-06-13,836.9073725952637,841.9489832735485,825.5637485691232,833.3782348632812,1738804
2022-06-14,830.1853465424126,841.0668347730024,821.9087216484392,837.6637573242188,2461791
2022-06-15,831.0254761808751,846.1503079010529,830.1852077519763,831.78173828125,2408630
2022-06-16,846.1502931641953,846.1502931641953,808.0441410916729,810.8170166015625,3198618
2022-06-17,800.2716768000163,809.3045624626274,793.2554046068112,805.6073608398438,4302066
2022-06-20,810.8591074238473,811.6993759289496,800.019623193658,806.6997680664062,1305407
2022-06-21,816.4888806947498,840.184461751912,809.7247297838542,829.0088500976562,2128325
2022-06-22,821.7406135128539,822.6228852060951,805.9435755148036,807.7501220703125,2575065
2022-06-23,808.4223619964899,821.3625183498231,805.4814220330891,816.11083984375,2169033
2022-06-24,826.8242950856251,827.2864325543518,806.6578488640245,812.2876586914062,1922313
2022-06-27,828.6308302513567,845.9823446007986,826.992296362892,833.8404541015625,3626024
2022-06-28,831.7818181734615,846.1503891733581,826.1940120702129,841.9070434570312,2702471
2022-06-29,827.7483999850168,840.4784870617272,827.6643936573869,829.8070678710938,3150015
2022-06-30,831.865694059249,837.3694416769031,815.0183233407869,817.7911987304688,3741119
2022-07-01,810.4389546107685,824.6815157032581,810.1868843221946,819.5558471679688,2827579
2022-07-04,819.5559457466893,831.4457667661025,817.9594662030792,827.3284301757812,2738846
2022-07-05,829.6810625472444,842.4951560159516,822.1606498936728,825.2696533203125,2476050
2022-07-06,825.1436356588351,839.4281996162691,823.5051018888872,829.0088500976562,2998254
2022-07-07,837.7478092765548,841.0248773899008,827.6225827215209,831.7398681640625,2985141
2022-07-08,839.4282030642869,839.4282030642869,822.7488944186678,826.446044921875,3141642
2022-07-11,819.2617184687643,822.748852964305,789.8523234468087,792.8352661132812,5787815
2022-07-12,785.6511404621056,797.0367697271253,776.7443138225736,779.6011962890625,5305354
2022-07-13,781.4496606106136,786.4912713242304,760.4429493038767,771.1563720703125,12874342
2022-07-14,778.2147499501854,779.3910951665493,749.7716283279028,758.7625122070312,4916497
2022-07-15,752.8804355082716,760.4428505970823,737.2094103932054,742.0830078125,5591590
2022-07-18,752.0403006267917,762.5436567807972,746.8726288846535,756.4937133789062,5156225
2022-07-19,756.2387882974676,762.6115870752553,751.9902557789426,755.98388671875,4636293
2022-07-20,768.6445276130302,780.7103710460934,760.572315354132,779.5208129882812,4827089
2022-07-21,782.5797324990465,787.6354968436117,776.2494083295643,785.51123046875,3498709
2022-07-22,789.7172177955205,791.8414839808302,772.3831849786063,781.9423828125,3514659
2022-07-25,781.9425104621856,791.9265631630068,776.6318441319615,790.7794799804688,2120224
2022-07-26,788.9524449941952,789.9296281641226,774.1675319037985,776.2068481445312,2780103
2022-07-27,775.0173013669381,789.6747389356557,774.1675948412153,788.9100341796875,1742497
2022-07-28,795.240383286272,806.3715183800272,792.5213119456836,803.9073486328125,2843497
2022-07-29,813.1691497540381,820.5616069423781,804.799561172727,805.8616943359375,3617725
2022-08-01,810.6200931972805,812.7443596888877,803.1426855192185,809.0481567382812,2489519
2022-08-02,809.0480505359508,810.492510071052,799.6162774341227,808.1133422851562,2545241
2022-08-03,808.0709810419272,817.2478019999768,807.2637493950949,813.3391723632812,4119614
2022-08-04,819.9667552369771,824.1728126958194,803.652380408055,814.103759765625,3513266
2022-08-05,818.1824056832419,819.9242936275206,811.4697036205462,813.806396484375,2565683
2022-08-08,813.8063942295573,822.5158857887877,807.263643856571,820.8589477539062,1746911
2022-08-10,820.8589029562735,821.6661344535175,805.6066618564339,808.9630126953125,3271939
2022-08-11,819.9668310211197,822.9408039833725,814.6561650170969,817.715087890625,3594584
2022-08-12,819.1171733295008,819.1171733295008,810.6201072161242,812.659423828125,3022304
2022-08-16,823.3656633235344,823.3656633235344,809.4729816995518,814.1888427734375,2784861
2022-08-17,818.2673544066251,835.17653439616,811.4697024489377,833.22216796875,4649125
2022-08-18,835.6439216469013,835.6439216469013,822.6008949142176,827.1893310546875,2829269
2022-08-19,828.039016946702,838.7028235703889,821.4962662659551,824.2578125,2880969
2022-08-22,819.9667148633089,824.2152470646731,811.6396021210279,815.2508544921875,3616799
2022-08-23,807.178814056936,808.0709956355578,797.8745161953615,804.5872192382812,3753715
2022-08-24,807.1363644576911,810.450189262686,802.2505512390901,806.4990844726562,1494361
2022-08-25,810.5349465192954,810.5349465192954,800.9757496276262,801.952880859375,3316314
2022-08-26,805.9891423061753,812.319466512796,801.9105612149071,803.5250244140625,2195046
2022-08-29,775.4420695912366,783.4293308018988,764.8207391844865,779.6056518554688,4974880
2022-08-30,787.5928962237729,803.1849881826656,784.8738253253981,797.8318481445312,2998417
2022-09-01,779.435795346713,791.0767852659859,778.5436138560253,786.8707275390625,2953921
2022-09-02,791.2467496808766,796.1750372981613,780.8803193991571,785.51123046875,1750283
2022-09-05,786.8281916430873,800.6783967391412,783.8542189964882,795.3252563476562,2279812
2022-09-06,795.3253359357992,801.1883319134482,787.7204518917964,796.8547973632812,2108615
2022-09-07,787.6778781069577,792.3937385258198,784.3640022115595,791.6715087890625,2709547
2022-09-08,795.6651624098743,799.4888415400461,788.5276072887666,791.1192016601562,3214686
2022-09-09,797.8743826987308,809.7702733885947,793.8807518804543,805.9465942382812,2206526
2022-09-12,811.5971602459703,818.6921885666022,810.1951238175975,811.93701171875,2517615
2022-09-13,811.4696669846832,815.5482476086527,807.6035129751076,811.8095703125,2442828
2022-09-14,793.0312440677151,797.4072542696664,787.2957239054192,791.9266357421875,6761712
2022-09-15,795.7501886323998,795.9201403157675,778.5861058517037,781.6450805664062,2995215
2022-09-16,777.5664862532591,780.0306561296131,759.1278945859625,762.1018676757812,5095937
2022-09-19,762.9940538835685,770.8113649968766,754.1146095174191,762.8665771484375,2686561
2022-09-20,766.6901377921179,782.4521824440529,766.435236223417,776.6317138671875,1836721
2022-09-21,772.3832178557722,776.419323779661,763.7586760315166,765.5430908203125,1819649
2022-09-22,762.6966089234155,768.8995084751359,756.0264329849438,762.7391357421875,2315711
2022-09-23,761.761924730777,775.4421794886824,757.9382452424462,761.2095947265625,2569608
2022-09-26,757.3008582483926,779.5207022113502,749.4410737448329,770.4288330078125,4182702
2022-09-27,774.2950479312819,782.9620646015073,771.1935984622702,780.6678466796875,3545337
2022-09-28,775.7819682074972,787.6353832419873,774.8047850712125,782.40966796875,4154139
2022-09-29,787.677945370344,791.0767714560844,778.8409768026308,784.3215942382812,2928360
2022-09-30,783.3444246911533,794.9428870264816,773.275371785531,792.2238159179688,3229901
2022-10-03,792.2238771613888,792.6487304342511,778.3311958835831,790.4395141601562,1598950
2022-10-04,800.8482931834699,808.0707976843288,796.2173828664089,803.822265625,2331351
2022-10-06,811.8946384675445,822.4734957775855,811.8946384675445,819.58447265625,3713623
2022-10-07,819.9668245219204,826.7220019978893,811.4697589828332,813.7639770507812,2174327
2022-10-10,800.5935453664334,821.7937347858472,800.5935453664334,818.4798583984375,2758812
2022-10-11,822.6008261326591,825.9147021639063,795.3252687504283,797.5344848632812,3134969
2022-10-12,801.5281362912399,819.032121422278,801.5281362912399,808.9205932617188,3502390
2022-10-13,825.9572248542823,840.4022359122048,823.6205318890302,834.4967651367188,9698562
2022-10-14,853.9550824347509,869.2498003291047,844.6083103882014,851.873291015625,7424383
2022-10-17,854.5498767283499,855.4845331765529,842.1441301405526,845.1181030273438,2136170
2022-10-18,849.7066750337002,861.305191892702,848.941918281378,857.5239868164062,2487826
2022-10-19,863.7887343810631,863.7887343810631,853.0611047936183,854.4771728515625,2517099
2022-10-20,849.6282644719128,874.7738177826079,847.9118437356059,873.1432495117188,3931399
2022-10-21,877.5201638252122,883.8709419534651,868.165649194868,881.5537109375,2071897
2022-10-24,888.2477090812102,891.5517979645219,883.9566573465185,885.3297729492188,398105
2022-10-25,889.1060635826382,890.1788266902428,876.1471061951798,880.9530639648438,3068136
2022-10-27,884.8149016494542,890.3503166948339,875.0312823664958,885.716064453125,3313674
2022-10-28,885.6302556267641,892.3243392203617,880.0948399812272,883.956787109375,2423629
2022-10-31,891.6804617508926,903.2663002818234,889.4491360232605,893.525634765625,2418565
2022-11-01,900.2627049043463,911.2906875344236,896.8298633222515,909.7459716796876,2275488
2022-11-02,913.951244557741,915.1527602291916,894.684460432142,897.0015869140625,2799322
2022-11-03,887.389611660725,900.4343686894215,886.6172012977848,896.9586791992188,2396164
2022-11-04,896.9585267958589,900.2626155382368,886.9174033077744,897.130126953125,1709158
2022-11-07,899.4902457196124,906.0126234187784,891.3801998274005,898.6749877929688,2213508
2022-11-09,910.4754565677116,910.9474094420408,900.4343317850633,904.0817260742188,2307691
2022-11-10,901.12093712703,911.7627672416947,898.5892583037166,903.2235107421876,2321667
2022-11-11,919.1433466840448,942.9157330734956,917.512725956946,936.0072021484376,3923101
2022-11-14,939.7402545904656,946.5629843970772,935.4921556183486,943.173095703125,2170007
2022-11-15,938.4530699151368,949.2664999741024,934.5053230379922,947.3784790039062,2172420
2022-11-16,950.4681277128118,954.7162277783664,943.4736911930396,948.4942016601562,2213697
2022-11-17,939.8263134077245,944.5464712371288,934.6770503211012,937.637939453125,2460883
2022-11-18,942.3578895047526,949.1806196853936,930.2999925307112,946.7347412109376,2623894
2022-11-21,943.0875533949168,949.4811798099688,937.6807852598872,940.1696166992188,1733741
2022-11-22,936.3933717459252,949.0949279133424,933.7329403865648,946.9494018554688,2529146
2022-11-23,951.7124068467392,953.900885330576,943.8169128585704,946.9494018554688,2217599
2022-11-24,949.1807634862788,974.0688666879988,947.0352373481996,969.4345092773438,3295202
2022-11-25,974.2405056523024,976.2573841119902,961.7536058888712,968.2330322265624,1977441
2022-11-28,965.4868178143216,972.1379492259316,958.621133776531,960.1659545898438,2368293
2022-11-29,960.165895670416,977.2871522842216,959.5222378313706,968.8766479492188,1785948
2022-11-30,967.203064413434,969.6918953807412,958.6209609137584,961.8822021484376,6053488
2022-12-01,969.7776357825418,987.4996993711446,968.4045202594972,975.2702026367188,3919684
2022-12-02,975.2703514661852,978.7031931786588,964.4997686884928,974.5408935546876,2944923
2022-12-05,972.5669280444148,980.0333165600706,967.3747132610148,970.5072021484376,2646466
2022-12-06,962.5686608754736,965.4865968762108,950.0388113261914,962.0108032226562,2807894
2022-12-07,956.0464544916388,958.2777807400234,945.7479289495386,949.094970703125,2399879
2022-12-08,955.8318323465332,955.8318323465332,943.0016287801094,945.1900024414062,1752350
2022-12-09,922.5761498964036,922.5761498964036,875.9753371731861,881.8111572265625,12415478
2022-12-12,879.6656817794158,891.8093801924807,868.8951514689521,882.5836181640625,4275785
2022-12-13,885.758836711529,898.4603911571936,884.9006264047139,896.572265625,2284909
2022-12-14,896.8297976050549,907.3858266012842,896.8297976050549,906.4417114257812,2425507
2022-12-15,902.4511401101868,902.6656926987952,890.0499376314075,894.5555419921875,1906369
2022-12-16,883.9567247622466,898.0742441412655,877.3913941550563,883.6563720703125,5159215
2022-12-19,883.6563741052133,890.3933049055903,878.2496065898969,886.7459106445312,3328172
2022-12-20,881.3819707936954,886.8315852011203,868.0797112539658,883.6990966796875,2629849
2022-12-21,888.2475854929284,903.90992214534,888.2475854929284,892.8389892578125,2878658
2022-12-22,897.6880912542275,905.1116322729296,887.0462611894421,891.7664184570312,2623451
2022-12-23,883.5276691333019,896.0575209048866,881.4679430755849,884.4716796875,2177675
2022-12-26,884.8148830304391,894.0406444199417,883.0984623068107,885.4155883789062,1680715
2022-12-27,891.6807730801944,893.1826415622833,884.2572307734631,889.406494140625,554319
2022-12-28,883.9567063873152,891.0798945668911,880.9529700063873,888.6339111328125,1397806
2022-12-29,883.9567502098495,897.6881172034006,882.326129426962,896.3578491210938,1277244
2022-12-30,901.1207963968764,905.6264003788608,887.6469368698363,891.93798828125,1860560
2023-01-02,891.7664197685973,894.6843561270739,885.2440415780112,892.0667724609375,701880
2023-01-03,891.6806750857106,897.5165481652855,886.9605175178845,893.6974487304688,2484372
2023-01-04,889.2776055201826,894.2552679181995,885.2440584046284,889.6209106445312,1219170
2023-01-05,894.0836130712362,900.949296090368,886.617119930725,896.0574340820312,2294943
2023-01-06,895.9717174635,899.3187591995318,879.8802713883654,886.3598022460938,1887689
2023-01-09,896.7870048014253,919.1434298505926,892.5818572326416,916.0967407226562,4562242
2023-01-10,910.561079735662,920.5162977323056,906.5275334455893,913.0069580078124,2297082
2023-01-11,917.4269638702908,926.5239736166948,901.593023096513,905.2404174804688,3594167
2023-01-12,910.5613312606498,922.1471728930898,910.5613312606498,919.7012939453124,4748542
2023-01-13,895.8859524854369,930.3001722212922,893.397121109193,924.9793090820312,8253765
2023-01-16,932.874787573985,944.417676573381,925.6229509553342,938.624755859375,4508538
2023-01-17,942.2291614161506,956.0033746354964,939.7403304561489,953.5146484375,4390338
2023-01-18,960.2947067511972,966.2163808299516,956.1324063032008,957.0335693359376,6905092
2023-01-19,954.6086147255908,964.1343506484316,951.4911222928348,962.4457397460938,2298287
2023-01-20,962.1425466183672,971.1053758610236,958.6786430880692,959.328125,4747128
2023-01-23,962.0992775619036,972.4044124779596,959.631267253803,970.9321899414062,1696834
2023-01-24,975.0021565652078,990.4164620978876,970.9320069535386,985.3505249023438,4861107
2023-01-25,982.752824398264,982.752824398264,967.0786802282952,972.2745361328124,2692236
2023-01-27,972.274574378802,982.2766396724288,956.9035000566256,966.0828247070312,3864525
2023-01-30,966.0825583083326,987.1690473936812,957.5960590965976,982.666015625,3508427
2023-01-31,983.7486669838624,985.2207837965998,963.8312203811962,971.7981567382812,4582858
2023-02-01,984.6147024265156,984.6147024265156,965.0869015324014,980.3713989257812,2393911
2023-02-02,985.3074266567072,1000.635157885996,982.8826518395548,995.52587890625,3048359
2023-02-03,999.336465777232,1001.6313236907266,986.0004120763376,992.53857421875,1814055
2023-02-06,983.0559939264772,995.7425645139286,976.8210084966566,992.1487426757812,2070175
2023-02-07,994.010584974841,998.4703827614322,975.0024530163182,977.0374755859376,1931191
2023-02-08,981.93016839397,995.0063843306496,980.8909338094262,991.54248046875,2848255
2023-02-09,990.6764036116244,997.6042106298876,985.4805483479272,992.71142578125,1501083
2023-02-10,974.9155909766956,978.5526470268032,952.5733732119322,966.1259155273438,3185163
2023-02-13,970.975477933241,970.975477933241,956.9033695573968,963.8311767578124,2009185
2023-02-14,970.7591806814244,989.2910898399952,968.1612524548016,974.6127319335938,3938046
2023-02-15,974.2230382092246,982.5363869932836,969.5467464838272,981.0642700195312,1648954
2023-02-16,986.000273811212,997.7342911493126,973.3570450793974,976.9508666992188,2369355
2023-02-17,971.365150829254,971.365150829254,959.1116760831808,960.8436279296876,1958807
2023-02-20,960.8437654713514,982.6229784908344,959.155048753302,966.16943359375,1706036
2023-02-21,970.7591236296636,971.6684407395288,955.2581316464832,957.07666015625,1313278
2023-02-22,948.2437689226584,957.3798584780004,943.957229785488,946.1654052734376,2212194
2023-02-23,956.7302984883086,962.921942135278,946.078751722688,947.6807861328124,2139983
2023-02-24,949.9757001635966,956.4705203561464,936.9860597784972,948.1138305664062,1684570
2023-02-27,943.9138185469404,943.9138185469404,931.7901548224844,938.6746215820312,1834553
2023-02-28,938.2850611467384,949.889161494423,924.9490086788012,933.17578125,20793703
2023-03-01,932.95931311859,956.037596903221,932.95931311859,953.5262451171876,1655100
2023-03-02,944.173514619672,967.295027606137,944.173514619672,957.7259521484376,4074162
2023-03-03,965.563134951076,978.2929384821462,962.142572407202,969.0270385742188,3253621
2023-03-06,977.6868553442356,994.1403985254052,972.7508346738672,975.695068359375,4091674
2023-03-08,962.9650986643776,973.3568083621948,958.8950546500412,970.455810546875,3209393
2023-03-09,971.5816745373868,975.6950602986964,964.74054910233,966.9920654296876,1834324
2023-03-10,956.9034550500672,968.2910602951432,956.9034550500672,966.6890258789062,1193681
2023-03-13,970.7158106592844,981.6704288303448,948.243774452814,951.3612670898438,3028387
2023-03-14,951.3178812031988,955.5178432379035,923.130322960163,938.76123046875,3683544
2023-03-15,948.2869781094712,950.7549883515296,931.3571065068398,934.950927734375,1528510
2023-03-16,938.6746893611022,941.792287683328,926.2912953743556,928.6727294921876,1812907
2023-03-17,942.35473869427,967.3814582099652,938.7610240147758,959.8907470703124,5350523
2023-03-20,956.9035457630235,959.7613090434072,940.6664946471352,944.6499633789062,2066169
2023-03-21,951.7075632799804,954.6519026341203,932.74266894797,938.63134765625,2421127
2023-03-22,945.6024526060952,957.5529637114388,934.431446754098,936.5097045898438,1382329
2023-03-23,932.6560121889364,935.6003512895531,918.8003982659808,923.043701171875,2178855
2023-03-24,929.1922114440032,943.9138028648308,906.7201774120756,910.7902221679688,2688253
2023-03-27,912.1325294953326,922.6973940223044,904.7717337663888,910.57373046875,1459887
2023-03-28,915.163328232548,921.2251592333428,900.0519860974576,901.5674438476562,2965015
2023-03-29,905.8108982774078,926.594322329662,902.4335707269242,924.4293823242188,2478745
2023-03-31,938.1983806474695,949.8890561628136,926.0747171500756,939.8004150390624,3131614
2023-04-03,943.8703093121978,951.9239267783788,942.1816987353887,950.9713745117188,1540702
2023-04-05,939.8869435150716,963.8311988421336,923.2602481370852,962.2723999023438,3342291
2023-04-06,960.410719682836,960.410719682836,939.9736016298014,945.515869140625,2378264
2023-04-10,945.5157667156049,956.9033709599688,945.212696292132,955.2579956054688,711625
2023-04-11,956.0374480723896,961.146727315492,939.5839050349118,941.3158569335938,2318905
2023-04-12,945.6457899850816,950.3653168910412,935.340654465047,947.8107299804688,2715967
2023-04-13,943.047921581624,943.047921581624,920.532544206856,928.1964111328124,3071057
2023-04-17,913.6046148600642,913.6046148600642,880.0480472526448,902.5200805664062,9509446
2023-04-18,908.884980558634,923.4766522468378,905.1179011057357,921.2683715820312,3686404
2023-04-19,930.0148496866648,930.0148496866648,897.5407508469615,899.4891967773438,4322881
2023-04-20,900.6148908132529,906.8498746964444,893.5571664403719,898.449951171875,3057560
2023-04-21,912.7385769204184,930.058094509041,898.6664688796623,908.3653564453124,7708194
2023-04-24,915.3365691625194,916.9819445915572,905.8108338164571,912.781982421875,2033625
2023-04-25,909.6644012320324,916.895385036856,904.4253101211197,912.2623291015624,1237595
2023-04-26,913.6045736011032,923.9962843908788,907.5427423070674,922.7406616210938,1647101
2023-04-27,922.740737067749,930.924167699825,918.8005041204784,927.6767578125,1654910
2023-04-28,933.5778538030752,941.3287204258248,928.1170892619537,937.2330932617188,2629188
2023-05-02,937.2331716892044,946.6575338846458,937.1451156440494,940.2719116210938,1905168
2023-05-03,935.3835517523048,937.1451026972244,929.218123445086,932.6971435546876,1649820
2023-05-04,930.142870843995,940.62401171517,923.316861738612,939.6112060546876,1403672
2023-05-05,939.6112378789528,942.3855943702748,926.663775014496,929.7025146484376,1641673
2023-05-08,931.8604972639,949.0356198505222,929.2181707121122,947.4942626953124,1389075
2023-05-09,943.310607174793,953.5275819770184,938.9508112406876,950.3568115234376,2981949
2023-05-10,954.8928107486918,958.9884384596204,944.2794226234034,949.7402954101562,2091411
2023-05-11,953.1310727064224,962.3351321671907,951.2814659626944,958.3716430664062,2653108
2023-05-12,956.522219916883,971.8477355514568,948.9915461733508,964.8895874023438,1585037
2023-05-15,967.9280271436118,974.0934545889472,962.5113447584276,968.6326904296876,1523466
2023-05-16,969.0291099639356,973.5211507855162,958.371748490562,960.6617431640624,1166324
2023-05-17,960.4855805834428,963.5242127286082,935.9999812813523,946.437255859375,3602382
2023-05-18,952.9550003459216,955.641408602526,945.0721027009314,951.1494750976562,1515743
2023-05-19,958.8122115169818,972.3761760558522,953.3954205546664,964.7574462890624,1984436
2023-05-22,964.7574259522804,988.142058569474,959.1204412283432,986.33642578125,1864932
2023-05-23,986.4686144195208,996.4653953926952,972.3762056420992,975.3267822265624,2138096
2023-05-24,968.0164983643124,982.0648266446696,967.091640946948,979.37841796875,1302744
2023-05-25,976.9559969799492,984.9270570816532,971.5393144699834,982.9453125,1124803
2023-05-26,982.0644914783304,1004.3921245570674,981.1837161496502,1003.3792114257812,1635167
2023-05-29,1009.368781237027,1011.0862505545026,990.3440508426752,991.9293823242188,1288914
2023-05-30,994.395602986088,1007.60723632957,993.5589092142864,1000.4288940429688,1983735
2023-05-31,999.5038843038984,1015.842202113395,997.1257264105686,1008.5758056640624,5967930
2023-06-01,1011.1301547018556,1017.4277202871458,1002.0141508557152,1005.7574462890624,1445692
2023-06-02,1011.1300422106358,1013.8604241314206,996.6853058186092,1001.485595703125,1336554
2023-06-05,1007.6071079814442,1011.570597479623,1000.5609044291264,1002.5867309570312,1435758
2023-06-06,995.276258989382,997.3020855319918,980.9636579198444,994.0431518554688,1943605
2023-06-07,998.623197334488,998.623197334488,983.1214641911092,994.4395141601562,2459039
2023-06-08,994.4394615851965,996.377124367412,984.9711264807104,992.4136352539062,1385218
2023-06-09,994.483597243744,996.1570921999078,974.0936228806412,977.4406127929688,1824218
2023-06-12,980.2590475628808,1004.9207615086518,978.9819660973052,1003.7758178710938,1670970
2023-06-13,1008.4438865286136,1008.4438865286136,994.6598356823986,996.42138671875,2014656
2023-06-14,1002.3225829921772,1002.6749147179796,991.7973581018222,1000.4288940429688,836964
2023-06-15,1004.0841732249928,1010.2496023588304,1001.045540444222,1007.2549438476562,2109652
2023-06-16,1012.8919576689652,1016.6352540342634,997.4343026126996,1011.3065185546876,2909817
2023-06-19,1011.3061350890956,1016.3266187029452,1000.076250251332,1001.9259643554688,1278608
2023-06-20,997.9186897776286,1031.1679665111728,997.4783020063236,1029.318359375,3504867
2023-06-21,1034.911380776999,1035.527880720626,1023.1530474433974,1030.90380859375,2019683
2023-06-22,1030.6393255724308,1030.9034936747626,1020.6865208378532,1024.694091796875,972005
2023-06-23,1023.3730753270796,1030.9918049081705,1013.772600870265,1026.235595703125,1699790
2023-06-26,1028.0849819534594,1035.747684153959,1024.3857686531876,1028.30517578125,1190307
2023-06-27,1027.8648759890823,1034.4266096115366,1021.8755603546006,1030.5072021484375,1504039
2023-06-28,1033.5459776837406,1033.9863654380931,1027.424630904855,1030.7275390625,1424076
2023-06-30,1030.815752988385,1051.646118462926,1026.1036247984164,1046.3173828125,3036648
2023-07-03,1048.1226554591185,1052.5265321627282,1034.4706376779284,1040.72412109375,1749952
2023-07-04,1041.0765976360026,1050.765127732446,1038.0379652941872,1048.6512451171875,1094468
2023-07-05,1051.6460445358416,1059.220693035051,1046.0090593097264,1052.3507080078125,1653610
2023-07-06,1052.350691096418,1055.1691299059078,1034.867210067626,1039.8876953125,2334220
2023-07-07,1037.6856107024248,1041.9132683230955,1016.2387501474212,1019.5856323242188,2159585
2023-07-10,1021.6994727691474,1023.3729675468164,986.468456466763,990.4319458007812,3960400
2023-07-11,996.8176072051374,996.8176072051374,979.422292213044,981.9765625,4982603
2023-07-12,986.2041503181096,990.431915150172,971.0107750078914,978.1451416015624,3824027
2023-07-13,968.8528936101346,990.3438338444278,957.4468957328792,976.603759765625,12294227
2023-07-14,981.3600160987722,1019.1453064367788,979.0260470441268,1013.728515625,6605038
2023-07-17,1014.6092023502192,1032.2687925328412,1007.2988308720636,1016.1946411132812,3159479
2023-07-18,1020.7743760769464,1030.5069850534978,1009.7207118155486,1028.040771484375,2431478
2023-07-19,1026.1033488227558,1034.8230468525385,1019.0571455690374,1029.6705322265625,2242397
2023-07-20,1030.5143323299164,1033.0018240959564,1019.8538392368484,1026.783203125,1990001
2023-07-21,986.0958406026156,1012.6582637635378,972.7702211350128,990.9374389648438,5259150
2023-07-24,994.9796185689464,1001.8200600689388,986.9842466340172,988.6721801757812,2672505
2023-07-25,993.6469995062498,994.0911868104546,981.7427580647266,987.4728393554688,2506726
2023-07-26,986.2732957763656,995.7345055952536,986.1844800179648,990.5375366210938,1969964
2023-07-27,990.5377075296414,997.378148768995,985.162997667172,992.6253662109376,1769815
2023-07-28,989.6938397520522,993.6470636369528,974.9467335453294,980.3659057617188,2031899
2023-07-31,984.3189755231904,994.5352825796136,973.6584812034448,992.0477905273438,2526624
2023-08-01,994.9794994784804,1014.5237396468078,987.7836872871555,1011.4144287109376,2710536
2023-08-02,1010.0820891800844,1010.0820891800844,996.3122805764862,1004.6630249023438,2701150
2023-08-03,1000.3096657561916,1008.7936854286756,990.5820085654414,999.865478515625,1608187
2023-08-04,1004.2631421737948,1023.7185699076364,1000.3099181130972,1016.611572265625,3315303
2023-08-07,1025.6729575484935,1026.7389637113447,1015.5454652247396,1022.341552734375,1655404
2023-08-08,1025.9838078076507,1027.760556939383,1010.0818813898144,1013.9462890625,1667697
2023-08-09,1013.5908523259736,1018.0771869725804,999.4213222898368,1016.4337158203124,1559337
2023-08-10,1012.746796071452,1017.0110364851976,1002.663768518691,1007.68310546875,1676669
2023-08-11,1030.514434506349,1054.45608424071,1025.4507431627296,1040.686279296875,7391806
2023-08-14,1039.9758337170242,1045.6169912076018,1025.1843737073682,1040.2867431640625,1720940
2023-08-16,1044.5062540877195,1053.8341857636035,1039.4869167828192,1045.75,2567226
2023-08-17,1045.4836196748608,1049.1259338228729,1034.0235657188812,1045.350341796875,2331256
2023-08-18,1042.0633618479555,1046.371956787395,1029.315208564479,1042.6851806640625,3406088
2023-08-21,1042.018798010744,1056.1884359662274,1038.465300107548,1047.6156005859375,1661946
2023-08-22,1050.058827230818,1054.5007004424544,1044.8618572620376,1047.837890625,1805887
2023-08-23,1059.7865237212584,1061.6077351801994,1047.082830952552,1050.5030517578125,2347850
2023-08-24,1056.232728861287,1056.2771909601788,1038.5097024663155,1040.508544921875,2464221
2023-08-25,1034.9563526812944,1040.1089684585731,1021.630734406428,1025.1397705078125,2105159
2023-08-28,1026.0725127713588,1030.247829402379,1012.1250769710874,1018.4768676757812,2571967
2023-08-29,1025.0954238707116,1033.446166402346,1020.1205480361718,1028.3380126953125,1794652
2023-08-30,1035.8448433662163,1043.9734931140565,1031.9804353220804,1039.842529296875,1497356
2023-08-31,1047.8377586489337,1055.4777579218496,1035.7558867238392,1041.3082275390625,4483967
2023-09-01,1042.0635743561352,1055.3891955115846,1040.375640654275,1053.434814453125,1669640
2023-09-04,1053.612214360421,1097.1425672302869,1052.7238398120564,1094.921630859375,4517935
2023-09-05,1098.6972316750291,1103.0946423477324,1088.4364621798425,1097.6312255859375,2842400
2023-09-06,1101.4510809394276,1103.7164792484923,1086.2154368687975,1097.8975830078125,1767709
2023-09-07,1099.8077351693332,1116.6868522680547,1092.9672942490954,1114.021728515625,2582004
2023-09-08,1118.4636318404785,1127.8360273356325,1114.2883145591693,1121.1732177734375,2280777
2023-09-11,1134.054465569947,1140.939367666998,1128.5909409266835,1138.496337890625,2691836
2023-09-12,1141.5613391410016,1147.557867576178,1124.238034772714,1139.2515869140625,2140769
2023-09-13,1138.896309202546,1139.251680753846,1124.7711304807003,1132.8997802734375,2275523
2023-09-14,1137.874474968453,1146.624942245601,1133.210508768312,1140.3175048828125,2655172
2023-09-15,1149.556882511673,1163.7708779677678,1146.936220477127,1158.9736328125,4286280
2023-09-18,1156.66373361171,1164.9256608008882,1145.7366826123662,1159.328857421875,2761885
2023-09-20,1138.4521235977463,1158.440553391698,1138.4521235977463,1149.0238037109375,2220756
2023-09-21,1140.67314384353,1141.5615185661495,1118.7303315724985,1135.3428955078125,3112700
2023-09-22,1130.4122368080696,1140.3176354657985,1123.8827050689763,1131.522705078125,1321467
2023-09-25,1128.2355218487946,1137.1192661153204,1116.331282842821,1122.4166259765625,1246703
2023-09-26,1122.9055354091497,1127.3029464620795,1116.7757287564527,1120.64013671875,903152
2023-09-27,1118.0195931034675,1126.148243538348,1113.4000879041528,1120.329345703125,1670373
2023-09-28,1120.3292102432813,1124.6822675648698,1100.2964276529194,1103.2724609375,1807072
2023-09-29,1097.2312910256803,1110.2015366557978,1090.257573094391,1096.96484375,2338327
2023-10-03,1094.9215648691345,1116.420184266186,1086.2154514422098,1100.429443359375,2162636
2023-10-04,1096.2541703621114,1105.848658666768,1088.258799589616,1101.1846923828125,2253785
2023-10-05,1109.579754221156,1113.9771646332422,1090.7462581356558,1097.542236328125,2995200
2023-10-06,1112.2446901828323,1115.798187595557,1092.7892701593375,1099.5408935546875,2497711
2023-10-09,1098.031162511675,1125.259869581565,1093.7225667747978,1110.113037109375,3430211
2023-10-10,1115.3987088709666,1123.57171134774,1108.869069177584,1120.9510498046875,1532394
2023-10-11,1124.682312887503,1132.1890353422982,1102.4729465192663,1106.5594482421875,2186131
2023-10-12,1106.026398110317,1109.1801713781776,1079.5084374830112,1087.1484375,3921609
2023-10-13,1075.82167431789,1125.1264661631772,1073.645199857342,1115.709716796875,5740821
2023-10-16,1122.0169022203029,1136.4974487699249,1119.6183346430953,1128.81298828125,2527113
2023-10-17,1136.1421798028337,1136.23099556479,1129.1239995018357,1134.5875244140625,1687345
2023-10-18,1135.342716370106,1138.4520274086783,1125.9259674849768,1127.7470703125,1743126
2023-10-19,1125.393050805527,1132.4555859004283,1123.705117280481,1125.881591796875,2279726
2023-10-20,1122.8769670696267,1131.2626477630074,1117.002447131701,1128.7962646484375,1625449
2023-10-23,1119.2896446689383,1130.500478449677,1105.2088812326504,1109.1102294921875,1646367
2023-10-25,1104.222208403954,1123.6842809740583,1098.9307825968117,1102.2491455078125,1420065
2023-10-26,1089.692852158171,1110.5001122095375,1087.0471396427736,1104.76025390625,4617424
2023-10-27,1109.42398676441,1139.020584632822,1106.240066534736,1137.8546142578125,2675348
2023-10-30,1139.0205612831094,1143.3255646771229,1126.4644291114844,1134.31201171875,1158770
2023-10-31,1140.8142671495395,1147.8546477668451,1127.0921649551924,1144.4017333984375,2525870
2023-11-01,1147.98931633835,1153.3256291336995,1125.8367537919503,1129.1102294921875,1572719
2023-11-02,1135.433111576424,1143.5049109478202,1134.536244979602,1142.0699462890625,1368604
2023-11-03,1150.3208485651935,1154.5361864282725,1132.7422886267584,1135.6571044921875,2052536
2023-11-06,1144.6259847970202,1147.5408012127618,1134.6707875501827,1138.75146484375,1175823
2023-11-07,1138.1237862677576,1145.926482381295,1136.419717725493,1142.563232421875,1385282
2023-11-08,1147.9889979276022,1148.7065348436115,1135.3432035184585,1136.9127197265625,937671
2023-11-09,1136.9129942721515,1144.2224791311653,1131.6663464342348,1136.7784423828125,1483749
2023-11-10,1132.1146928040523,1139.91738801705,1121.6661755732005,1125.9710693359375,1469902
2023-11-13,1130.0519858835994,1133.2806839471082,1124.0430230843133,1130.9488525390625,730991
2023-11-15,1143.5047675452945,1150.6796994200884,1137.5854706447435,1144.984619140625,2410620
2023-11-16,1151.3974205260251,1182.0253282798078,1146.1955502926317,1175.8370361328125,3936945
2023-11-17,1177.944617630974,1189.0208982757983,1171.6665514134138,1174.1329345703125,2882039
2023-11-20,1179.334588344011,1194.357102575186,1178.4826089411206,1188.7069091796875,2831858
2023-11-21,1197.855125379108,1198.2138939501028,1185.4784307857662,1189.7833251953125,1514256
2023-11-22,1189.7830902074884,1197.9894406697133,1184.2225616380897,1192.5633544921875,1535630
2023-11-23,1196.3751146648726,1197.5410849956572,1188.9759654784175,1191.9356689453125,1307344
2023-11-24,1191.846049969858,1195.209299729265,1170.9939014615325,1174.1329345703125,1795933
2023-11-28,1174.1329971927398,1183.7743136839274,1161.7114159816472,1180.8594970703125,2152951
2023-11-29,1187.4514646150276,1200.7251350510785,1185.209297952235,1196.375244140625,1835524
2023-11-30,1199.1105969392024,1207.8999330651009,1192.5634272249329,1202.6083984375,4104385
2023-12-01,1207.1825789119257,1209.8731790135123,1191.0389783024052,1198.8416748046875,1854324
2023-12-04,1210.770056181815,1210.770056181815,1193.7295887244416,1199.9627685546875,1547057
2023-12-05,1208.0791786068671,1208.0791786068671,1173.370488759915,1181.66650390625,3932040
2023-12-06,1188.3484118235635,1201.7565255835163,1183.4605319597042,1192.42919921875,2077245
2023-12-07,1193.7295404457184,1199.1107404777804,1188.6622218527014,1191.0389404296875,1985003
2023-12-08,1195.523240654095,1228.662419474058,1191.9357740654857,1223.415771484375,4509751
2023-12-11,1228.79679968699,1240.366399714977,1225.164555961974,1233.4605712890625,2824656
2023-12-12,1234.9852005838925,1243.9538658023666,1228.7071349309606,1233.4605712890625,2730422
2023-12-13,1237.0930872603085,1240.1873431300987,1217.093025110177,1227.9898681640625,1896931
2023-12-14,1247.5414888488085,1272.8779712787,1239.469689136631,1268.70751953125,5145574
2023-12-15,1275.3444101654045,1342.6094107015545,1275.3444101654045,1337.497314453125,7374290
2023-12-18,1336.1967058519176,1354.1789252936933,1328.2594581970664,1349.156494140625,3075527
2023-12-19,1346.6452362724422,1349.470388034906,1325.2997668235937,1334.806640625,2590417
2023-12-20,1331.8471283232466,1348.035617008656,1287.0037906692653,1291.4432373046875,4368383
2023-12-21,1274.5822023265578,1297.8110730234414,1273.6404484477202,1275.389404296875,2841508
2023-12-22,1283.4160533941424,1316.017131107264,1276.2411208804083,1311.8466796875,2303438
2023-12-26,1311.846790805615,1316.017242578631,1293.4162470382971,1307.76611328125,1363265
2023-12-27,1314.3131367037345,1323.775123281019,1307.2279780323215,1320.2325439453125,1402329
2023-12-28,1318.9318832861854,1329.7839462891911,1317.0035983707576,1320.591064453125,1928616
2023-12-29,1321.9364991732134,1329.0217673052864,1307.2279743187278,1314.8961181640625,1481617
2024-01-01,1309.4253682471567,1341.4883524354004,1304.9859219211032,1330.7259521484375,1222315
2024-01-02,1330.9950454262355,1335.255162172815,1310.636106022526,1317.990478515625,1440888
2024-01-03,1309.425128849874,1313.9094614829214,1287.4518989479411,1289.4698486328125,1651716
2024-01-04,1288.797357256519,1295.792960816825,1270.994576409781,1273.5057373046875,3392241
2024-01-05,1278.034792849379,1290.4563722731984,1275.2545285295112,1285.0303955078125,1776925
2024-01-08,1287.003519543601,1302.7883491763416,1283.0125071254822,1298.5731201171875,2025264
2024-01-09,1309.963265065115,1328.214477517625,1302.564116004845,1309.783935546875,3119270
2024-01-10,1322.7884175914846,1352.474676729648,1314.8511709935694,1338.2144775390625,4368914
2024-01-11,1345.2996847448785,1345.2996847448785,1321.981156875967,1331.6673583984375,2271368
2024-01-12,1349.7843412663717,1394.627674863261,1343.954707898776,1381.8922119140625,5862043
2024-01-15,1443.9551773970231,1452.56507457106,1413.0132807385155,1424.4034423828125,9712071
2024-01-16,1423.3273133323592,1423.3273133323592,1379.3808493416311,1395.0311279296875,4459799
2024-01-17,1363.2373241574426,1421.5336570983857,1360.1431779705867,1413.3721923828125,3846289
2024-01-18,1414.3586464684065,1420.8160422794983,1378.5288691279295,1405.88330078125,3205598
2024-01-19,1418.9430140776165,1437.0187212633186,1408.142823164304,1417.0902099609375,2374099
2024-01-23,1408.9106721738938,1417.044738407122,1371.0872862544495,1377.05224609375,3196630
2024-01-24,1382.8818692178593,1429.065276108123,1377.0976212170908,1424.7271728515625,2136023
2024-01-25,1418.942899047281,1418.942899047281,1388.892038287203,1401.0931396484375,2641656
2024-01-29,1414.42386078178,1435.7531697802578,1401.0930288670638,1423.0550537109375,2521598
2024-01-30,1427.980896188491,1439.23298000616,1405.3862617551288,1409.2725830078125,1939386
2024-01-31,1409.2725513242374,1429.155829178576,1397.5684647556716,1424.36572265625,7025931
2024-02-01,1424.3656599361354,1443.345151597721,1415.644109559907,1425.6309814453125,2845408
2024-02-02,1432.3192581322216,1458.6193932651909,1423.462116388985,1431.3702392578125,2337374
2024-02-05,1432.4545388023646,1435.6630209080977,1402.1777297369435,1405.7025146484375,1452864
2024-02-06,1415.327761890156,1470.4586644925184,1408.1427129762185,1467.5213623046875,4988311
2024-02-07,1471.3623485380845,1473.0795625332655,1445.1073435817602,1459.929443359375,3320199
2024-02-08,1469.5551655734532,1489.16726602691,1461.6922761608666,1476.604736328125,3496692
2024-02-09,1482.208006887323,1488.3085581351825,1459.2970698215458,1473.71240234375,3341297
2024-02-12,1481.3041850650288,1522.8783110644133,1481.3041850650288,1506.56494140625,4885445
2024-02-13,1513.8404529412562,1513.8404529412562,1489.9804977671402,1505.3448486328125,3129897
2024-02-14,1491.019673330642,1515.557464227914,1469.0576482567644,1510.677001953125,1386643
2024-02-15,1516.551695239438,1533.2717228687166,1491.336063938861,1502.5882568359375,2555162
2024-02-16,1513.8404692618824,1515.648039971449,1491.2910687901856,1507.016845703125,1776881
2024-02-19,1509.3216548544526,1521.0256319400926,1499.9674978011171,1514.0665283203125,762624
2024-02-20,1501.187479089757,1511.8069570423788,1486.7269133670382,1503.040283203125,2240414
2024-02-21,1496.2620051814906,1504.6220203666105,1475.0230476841596,1478.8641357421875,2890991
2024-02-22,1485.8231548356644,1528.6626036277505,1481.304227965726,1524.1436767578125,3820901
2024-02-23,1533.7236369896025,1534.0399397760027,1503.401596382737,1505.4803466796875,2191549
2024-02-26,1505.480271934587,1508.281984129159,1481.755909252142,1491.06494140625,1844253
2024-02-27,1490.3420779769356,1512.3944631121335,1489.438292605209,1499.19921875,2049420
2024-02-28,1504.531521771305,1511.1291993675902,1486.0039209417384,1492.963134765625,936575
2024-02-29,1484.150965788883,1516.3256985248777,1479.180146929168,1503.7630615234375,3532888
2024-03-01,1514.2472248277827,1517.6364201237284,1481.394647157489,1485.91357421875,2371138
2024-03-04,1490.3420972260872,1494.8610241430856,1477.6891018584915,1480.355224609375,1788071
2024-03-05,1467.7474237913298,1473.1249025500758,1452.428306078332,1463.5447998046875,3339546
2024-03-06,1457.8058459817396,1491.2459056849784,1449.536187530595,1486.00390625,2366177
2024-03-07,1491.245710506753,1495.3579776567758,1473.2603613876922,1480.083984375,3181239
2024-03-11,1495.7649070260993,1500.1031212793448,1475.023075255191,1480.988037109375,2970902
2024-03-12,1478.5025029822566,1504.802635079841,1475.9267367530483,1478.2313232421875,2414182
2024-03-13,1481.078077825417,1492.3753934457482,1455.410554670955,1474.525634765625,2564135
2024-03-14,1476.7852322872468,1521.0707135492266,1455.0943843221955,1517.6815185546875,3513306
2024-03-15,1515.648045059528,1515.648045059528,1484.7837530249965,1488.8056640625,3931561
2024-03-18,1491.1554886334131,1503.2662345314548,1477.0112256738655,1485.2808837890625,1183544
2024-03-19,1483.6089753769631,1483.6089753769631,1440.724291724059,1445.2884521484375,1915379
2024-03-20,1450.3494151223667,1463.318711709427,1426.2635155604837,1434.3975830078125,1815178
2024-03-21,1453.2867566030643,1464.0869467648424,1431.0084269818583,1442.2606201171875,2684744
2024-03-22,1409.9050745315728,1420.253372134371,1363.0889516445493,1407.9619140625,7468824
2024-03-26,1411.9385986328125,1439.3233376188189,1405.883281194166,1411.9385986328125,4496344
2024-03-27,1418.0393352686265,1425.1340288070317,1391.8295578799775,1397.4329833984375,2589697
2024-03-28,1399.9635500454656,1410.8542079768038,1383.695413247003,1395.0379638671875,5301493
2024-04-01,1399.963504370834,1418.0392113349508,1399.0597190226283,1406.922607421875,1014857
2024-04-02,1409.0012917104173,1414.4240035450948,1378.3629477794177,1381.255126953125,2031775
2024-04-03,1378.5889889877417,1408.504262602905,1371.946188598139,1388.0787353515625,3343884
2024-04-04,1392.5523145237446,1403.1265574935585,1372.5785728524495,1391.512939453125,3388449
2024-04-05,1394.0434539598702,1398.7883263155204,1377.1879480424543,1396.5740966796875,2773570
2024-04-08,1404.4823949416975,1404.4823949416975,1389.7055269441585,1391.8746337890625,1820136
2024-04-09,1391.829357351509,1411.5319209558477,1386.9037716131015,1392.28125,2432095
2024-04-10,1392.7783713501117,1402.8103660477295,1388.3949244142395,1391.0611572265625,1829986
2024-04-12,1389.117924254308,1394.49540234233,1370.3191469917751,1375.1092529296875,4319991
2024-04-15,1362.095003512064,1383.243604701619,1350.2554364091595,1360.2423095703125,3295684
2024-04-16,1343.3413003993523,1357.1240266533184,1326.1242560937108,1335.162109375,2446933
2024-04-18,1334.9360832174405,1338.4156344575977,1312.3865744338084,1325.7174072265625,5180223
2024-04-19,1303.2583071904685,1315.4594078472446,1296.9318105536215,1308.2291259765625,5219506
2024-04-22,1312.4772038342974,1331.5471653434945,1310.9408126789906,1324.859130859375,1939632
2024-04-23,1332.9930706796265,1356.988506173144,1329.5586421269877,1343.612548828125,2783858
2024-04-24,1346.6401306946616,1352.9213945566853,1334.2583159049943,1336.9244384765625,1321471
2024-04-25,1337.5571601079328,1369.280115943993,1337.5571601079328,1359.4288330078125,4558032
2024-04-26,1370.9065876674763,1384.101829802622,1324.000112726303,1332.0438232421875,4328477
2024-04-29,1278.8560707983163,1297.835560188256,1248.127373690795,1253.91162109375,11493223
2024-04-30,1243.970177668547,1263.4015626914145,1231.3623058422147,1235.113037109375,7606726
2024-05-02,1227.340585244949,1245.325936946528,1227.340585244949,1229.78076171875,6555505
2024-05-03,1238.1860689983162,1238.1860689983162,1205.2431334094954,1218.3480224609375,5964228
2024-05-06,1227.3404042119107,1233.6669011408385,1218.7544440940808,1228.0634765625,2504082
2024-05-07,1234.6123633795928,1235.482553085005,1214.6454060956328,1219.041748046875,5096525
2024-05-08,1219.0413637401216,1221.8349591564163,1197.3799863306544,1203.196044921875,6832455
2024-05-09,1204.4329161214553,1226.4149617388812,1203.974956837759,1209.058349609375,5653762
2024-05-10,1209.1040872219037,1211.6687039517874,1193.9914307503311,1205.531982421875,3357203
2024-05-13,1205.5318633259042,1210.7526657660123,1192.2053164741253,1202.5093994140625,2316566
2024-05-14,1210.844198904421,1215.3779505393115,1198.6624387163115,1209.97412109375,3200462
2024-05-15,1208.3253284125449,1227.6054551234367,1207.409410028302,1220.82763671875,2975965
2024-05-16,1231.910366627445,1243.6341679989723,1216.797711572164,1234.7955322265625,5055915
2024-05-17,1237.406057313717,1237.406057313717,1218.3549052690514,1221.1026611328125,2487831
2024-05-21,1203.5167771400395,1236.3524294062015,1203.5167771400395,1229.0709228515625,4966721
2024-05-22,1235.5280967620936,1239.1460415722408,1227.3306716998115,1230.124267578125,2390777
2024-05-23,1233.4215954507913,1244.2293660102998,1225.498878545838,1239.741455078125,3326149
2024-05-24,1245.6491442101265,1245.6491442101265,1228.1092827961706,1232.093505859375,1769966
2024-05-27,1237.4057940685718,1245.282670174336,1225.498854525351,1239.512451171875,1942325
2024-05-28,1243.6800379423742,1248.6718613532837,1232.4600351889626,1244.183837890625,2147233
2024-05-29,1251.1445939161513,1251.6941226210029,1233.696302843569,1239.3292236328125,3845920
2024-05-30,1232.8261118746457,1237.909503492396,1213.6833957999995,1219.8658447265625,4150461
2024-05-31,1219.8659460003637,1228.1550525644968,1205.119681549608,1212.767578125,10319045
2024-06-03,1236.9935749586257,1240.840387314271,1199.7156309500965,1203.9288330078125,5384064
2024-06-04,1213.5918388617622,1213.5918388617622,1131.1591856560576,1193.9454345703125,5447244
2024-06-05,1209.0122615395378,1242.809672121136,1205.4401574964277,1230.719482421875,3005139
2024-06-06,1240.153521040642,1282.102628734905,1237.3141963448954,1279.9959716796875,5936709
2024-06-07,1288.6972059329155,1317.6860460396042,1280.4539402233231,1311.13720703125,5884025
2024-06-10,1318.9224944933922,1320.7543312912996,1279.9959625378578,1299.459228515625,3293739
2024-06-11,1305.1838936054055,1317.0449937404987,1296.3910981571455,1308.6644287109375,2269082
2024-06-12,1348.2319993483927,1348.2319993483927,1313.8850564302102,1317.7777099609375,5990861
2024-06-13,1326.0207944489473,1335.1341373311147,1316.2662416363514,1322.7235107421875,4232861
2024-06-14,1322.7237297663416,1324.4181566372622,1304.6343393143457,1310.7252197265625,3065114
2024-06-18,1310.725101311327,1318.6935468527652,1307.0614276267213,1316.35791015625,2223029
2024-06-19,1318.96837983833,1329.821990872493,1310.038175145869,1324.2806396484375,3117522
2024-06-20,1327.1199487664967,1327.1199487664967,1309.351220879319,1322.0823974609375,3163919
2024-06-21,1339.072817680648,1357.3453466329831,1318.189831615303,1326.112548828125,6489262
2024-06-24,1316.953416326047,1322.5404969142928,1306.6493330174735,1319.701171875,1988692
2024-06-25,1319.7927937640409,1328.1734708823708,1306.511974750157,1326.2042236328125,2079037
2024-06-26,1326.2040547202953,1331.1043077981906,1317.2738499690483,1322.3114013671875,1917424
2024-06-27,1314.3429036322482,1337.7446634682783,1303.8098420351955,1332.5697021484375,6613193
2024-06-28,1344.5682488555071,1345.2093470308837,1320.754369788584,1336.87451171875,4943575
2024-07-01,1341.8204163130852,1354.276883823372,1332.6612325839856,1345.3466796875,3723295
2024-07-02,1350.9796208203409,1366.9623519508582,1349.1477840463472,1356.2919921875,3811366
2024-07-03,1363.802444571341,1363.802444571341,1347.4990529626868,1356.47509765625,2070876
2024-07-04,1360.138977014922,1405.5227835631545,1360.138977014922,1394.3485107421875,6822557
2024-07-05,1394.94364600092,1400.6681356841148,1378.9609155280154,1391.6463623046875,3061687
2024-07-08,1399.523378406897,1410.5143997032865,1379.5563116625433,1404.4693603515625,2939620
2024-07-09,1404.469450241303,1416.2848212524264,1396.775712480121,1402.36279296875,2658608
2024-07-10,1402.362787426647,1403.7366651711975,1362.749312458762,1382.9910888671875,3507096
2024-07-11,1387.616424387095,1405.01887459393,1381.2508360077009,1384.777099609375,3304053
2024-07-12,1401.355297383852,1434.328363204649,1383.4948867309206,1429.0159912109375,6430647
2024-07-15,1447.1510619362969,1498.8088816983498,1435.6105125378406,1437.62548828125,10337489
2024-07-16,1433.412238638257,1449.898769178505,1424.2530550047854,1437.5797119140625,3540650
2024-07-18,1427.0467603725208,1464.7825551190067,1426.08500129454,1460.477783203125,4399468
2024-07-19,1475.0866374983025,1480.536307456328,1455.02800143865,1460.477783203125,5633838
2024-07-22,1455.0278115899575,1460.4317520050731,1438.8161021510452,1444.4947509765625,2704495
2024-07-23,1452.709268431197,1477.444134585597,1431.5738950426269,1475.182861328125,2907674
2024-07-24,1471.1680813524624,1474.859845672042,1455.3396192995235,1461.6617431640625,2484299
2024-07-25,1449.017248621538,1471.1678307660711,1442.4181984915751,1465.260986328125,2934731
2024-07-26,1479.2897613534178,1513.623118737351,1471.1678361386205,1509.3314208984375,2814159
2024-07-29,1513.807808579666,1518.2379705196097,1495.1644451317736,1506.562744140625,1639491
2024-07-30,1503.47095748651,1507.162721654678,1493.3186060240473,1504.6246337890625,1783877
2024-07-31,1496.0875654968622,1518.2381525245764,1494.4262264042989,1516.0230712890625,1984986
2024-08-01,1513.669388888179,1527.9287818654811,1510.0237044440742,1514.130859375,1785188
2024-08-02,1495.2108015775063,1512.7004906781915,1477.7671919344425,1485.2891845703125,1692851
2024-08-05,1453.632085912372,1472.736919690313,1418.5603276490897,1442.0030517578125,3279717
2024-08-06,1442.5568268058462,1481.3203499829708,1442.5568268058462,1460.784912109375,2138704
2024-08-07,1481.3204113798683,1490.5498220426714,1467.476295385664,1471.7218017578125,1897787
2024-08-08,1473.936750910346,1478.5514558286627,1434.7579512193151,1437.8035888671875,2373805
2024-08-09,1462.7693907644402,1478.5516612449876,1454.4167286363677,1467.43017578125,2021762
2024-08-12,1467.4761326646526,1477.167012786023,1452.570613564283,1463.0921630859375,1273739
2024-08-13,1456.40100991884,1484.4584410076857,1456.0780030767576,1469.922119140625,1973825
2024-08-14,1476.7979173116655,1504.1631413420534,1475.090498941517,1500.840576171875,3932148
2024-08-16,1509.0085014938934,1545.003199694665,1506.8856921755498,1539.6962890625,3101056
2024-08-19,1536.6967904344,1555.1556107399183,1531.2053364589876,1549.156494140625,1631947
2024-08-20,1550.5409001222763,1564.4312074180175,1540.5730921274398,1556.770751953125,2786109
2024-08-21,1556.0785414473562,1558.7089007907286,1544.77251408512,1548.0028076171875,1410370
2024-08-22,1557.001435945659,1557.001435945659,1544.0802622033714,1546.987548828125,1749127
2024-08-23,1546.8954400363718,1556.03246658463,1529.451831116023,1533.42041015625,2158185
2024-08-26,1542.2344793675643,1600.3797649451567,1538.634986775259,1586.950927734375,2672708
2024-08-27,1592.857596855788,1621.4687659614715,1573.7065723737578,1579.7056884765625,3556487
2024-08-28,1580.5827246830283,1603.8407938485848,1562.5853743852022,1586.950927734375,2516461
2024-08-29,1581.9209520069987,1620.6844759184887,1566.4616894946782,1616.854248046875,5112407
2024-08-30,1616.8541003559485,1630.1906648435895,1607.9476975475725,1618.146240234375,4792561
2024-09-02,1628.2524830531247,1672.3691083499093,1624.3761758807066,1667.431396484375,4445349
2024-09-03,1666.8313914032008,1677.122205748866,1649.3417050915511,1652.4796142578125,2553290
2024-09-04,1629.0831362428394,1657.2790288527028,1628.990864675597,1647.680419921875,2644961
2024-09-05,1653.9102408436872,1659.1709593791074,1631.1136436386073,1652.572021484375,2878565
2024-09-06,1650.2185750270176,1657.371368067543,1605.9635973449892,1620.7767333984375,3351716
2024-09-09,1622.8533100304692,1630.190758692684,1606.9787696493154,1612.147216796875,1418238
2024-09-10,1614.6390499132683,1651.418338040681,1612.516353260748,1642.0042724609375,2307528
2024-09-11,1641.17373384022,1658.3866069952703,1637.0204991056144,1641.681396484375,2303930
2024-09-12,1661.2937765007082,1674.399493449847,1640.1584053669324,1668.30810546875,3349489
2024-09-13,1665.9083157569955,1679.752429184339,1657.2788409200216,1673.1072998046875,1599349
2024-09-16,1678.8298864591457,1683.6753273079144,1668.8620773619084,1672.2308349609375,836199
2024-09-17,1672.3230359993008,1687.1362853204687,1667.939065892478,1673.984375,830317
2024-09-18,1668.7696073117113,1668.7696073117113,1606.0096190204538,1621.1458740234375,2629136
2024-09-19,1639.1433052746186,1639.1433052746186,1588.843018035054,1602.6871337890625,4167373
2024-09-20,1613.3007578547583,1630.0059662815008,1588.750551463619,1624.4222412109375,4644317
2024-09-23,1628.067850700379,1628.067850700379,1598.995210509301,1617.73095703125,1541597
2024-09-24,1615.1467803404646,1646.0653044212677,1604.394494955744,1638.7740478515625,1907389
2024-09-25,1641.7276056090752,1646.5730461829755,1619.7615632752456,1645.0501708984375,2240579
2024-09-26,1644.9117445348925,1669.046676378666,1641.8199144407902,1646.388427734375,4303250
2024-09-27,1670.5233140185844,1687.6439157001123,1658.10980186111,1669.046630859375,4099016
2024-09-30,1668.6774794372927,1680.3987861355563,1651.2800625411662,1657.6944580078125,2117894
2024-10-01,1652.0645224762593,1682.013915262372,1652.0645224762593,1676.5224609375,1642542
2024-10-03,1640.989285568682,1669.877387236134,1633.6057567247285,1641.4969482421875,3552386
2024-10-04,1640.989039300581,1668.584996746192,1631.0674239054847,1639.6968994140625,2982759
2024-10-07,1647.403547777275,1665.170162619272,1631.6674708011544,1640.02001953125,3419048
2024-10-08,1637.2972479895525,1655.7560670198743,1608.6860784925536,1651.556640625,2353030
2024-10-09,1654.8793389159846,1684.3672576209124,1652.2027875903143,1670.2462158203125,2499596
2024-10-10,1679.7527020791267,1698.1653308633597,1658.5250580418628,1669.27734375,3753869
2024-10-11,1664.985558657218,1710.0251243781688,1661.8937288498787,1697.888427734375,2977110
2024-10-14,1703.795284119454,1721.7464415672332,1691.19711689232,1712.88623046875,1751092
2024-10-15,1688.982151206483,1737.6672924502764,1688.9359590876895,1725.9920654296875,5696544
2024-10-16,1724.976531282984,1739.7435855903825,1711.178609979982,1721.5155029296875,2144442
2024-10-17,1725.8072940750626,1732.4063443587645,1708.7789660565293,1723.869140625,2399099
2024-10-18,1723.130759209419,1729.4990743177036,1700.9801763379537,1714.54736328125,2366406
2024-10-21,1730.7913558189834,1742.974132329756,1698.211492447313,1701.5340576171875,1284980
2024-10-22,1699.8619093025782,1720.4853929502126,1690.2932896721986,1693.3125,2089660
2024-10-23,1666.139706207197,1732.5623373718552,1666.139706207197,1714.6793212890625,2522186
2024-10-24,1713.9824024620236,1730.657687249908,1707.2007465116064,1713.8895263671875,1621637
2024-10-25,1727.917326300635,1738.6471808650092,1709.523322305089,1720.810546875,4078295
2024-10-28,1714.075458935684,1743.5244418145885,1714.075458935684,1738.8330078125,2418907
2024-10-29,1738.8330078125,1742.688330069425,1719.7422621389312,1738.8330078125,1719955
2024-10-30,1728.8463852570296,1736.696287212481,1704.9714429223825,1708.222900390625,1732047
2024-10-31,1709.3376442424465,1712.9607195383278,1631.8136535096858,1640.6390380859375,3616088
2024-11-01,1650.8112872458055,1654.8059800658266,1626.6576049338244,1632.6031494140625,242223
2024-11-04,1637.8054058811172,1655.5490492542572,1621.083626354254,1637.7589111328125,2843690
2024-11-05,1643.3793834807566,1656.7103354487508,1636.4119751279552,1647.6063232421875,1818350
2024-11-06,1663.909909005015,1721.4142724655287,1656.3851310340192,1707.85107421875,3477029
2024-11-07,1718.674147076606,1730.2864960787672,1685.369839416931,1701.859375,2173869
2024-11-08,1708.3622458774378,1722.4829299368257,1698.2363685331702,1707.0152587890625,1521324
2024-11-11,1715.561735094185,1740.9231475456304,1703.7636353248058,1734.698974609375,1679869
2024-11-12,1756.7161336759398,1758.527614735439,1732.051459362745,1739.85498046875,2711052
2024-11-13,1733.491190775196,1746.1254018539637,1727.0811524376231,1732.3299560546875,1254074
2024-11-14,1739.0652311669462,1762.289927095992,1715.236670463378,1726.94189453125,2462563
2024-11-18,1726.9418395845053,1732.6087559323546,1686.1128708010474,1704.692626953125,2483933
2024-11-19,1706.5504797321917,1732.5621364728022,1688.2494666004202,1691.2686767578125,2354204
2024-11-21,1704.692544474217,1708.9194841550334,1690.9434802261735,1705.9466552734375,1841245
2024-11-22,1715.2367126962888,1766.9349097876354,1706.086204955306,1763.590576171875,2765950
2024-11-25,1782.7276237438862,1783.6101168107489,1745.1036170937416,1757.3662109375,6531524
2024-11-26,1755.8798107621496,1778.9651348153145,1754.9973177165698,1764.6588134765625,2079873
2024-11-27,1762.0575139131297,1780.869515841028,1753.0927594498403,1756.7623291015625,1631975
2024-11-28,1751.234922470881,1765.5413576255617,1704.692655218577,1710.1737060546875,3631255
2024-11-29,1711.1954965200996,1739.343871709582,1703.717099505195,1716.81591796875,2482280
2024-12-02,1716.815988953487,1745.150117510387,1705.1106516806449,1738.6007080078125,2014744
2024-12-03,1750.213096706416,1761.6396925392785,1739.1117373401646,1756.4837646484375,2954648
2024-12-04,1748.3549953752035,1775.2956408937375,1744.267426478233,1762.8936767578125,3730643
2024-12-05,1751.1420337573902,1800.471264123452,1750.2130459410732,1787.37255859375,3881814
2024-12-06,1789.2305000178403,1801.6324644481897,1779.290375934029,1786.164794921875,2250408
2024-12-09,1779.0117411582753,1789.277102310028,1766.0059111968048,1774.27392578125,1379520
2024-12-10,1780.3585795450929,1804.8374981860256,1776.4103814935652,1798.845458984375,2695207
2024-12-11,1789.4626549815323,1797.4055456116162,1779.9405305358164,1793.782470703125,1387117
2024-12-12,1788.2549423925188,1810.59714337052,1785.0499799827885,1798.7060546875,2306173
2024-12-13,1801.307329364767,1834.750889889332,1776.5497820182993,1828.9912109375,2569918
2024-12-16,1830.8954503030536,1839.395710737584,1811.7583256898856,1815.6136474609375,1371189
2024-12-17,1807.159929022827,1823.7887191513903,1800.3782730361097,1812.08349609375,1987909
2024-12-18,1810.5971249976728,1831.9173485023591,1808.5069025598868,1821.14111328125,3460812
2024-12-19,1774.3666991556402,1807.9960121768104,1774.3666991556402,1796.8946533203125,1916115
2024-12-20,1815.799448049168,1818.6329060701487,1761.7324059257794,1775.6207275390625,3786921
2024-12-23,1782.2628341891298,1801.6786990558635,1764.286945562972,1767.863525390625,2058339
2024-12-24,1773.0661390381713,1787.0474511566665,1755.0902473157016,1762.243408203125,1310301
2024-12-26,1770.279127716681,1773.3448328151917,1752.3497312307734,1765.7735595703125,1065107
2024-12-27,1765.0769223622488,1767.7710098188536,1749.0053871294783,1757.64501953125,1328546
2024-12-30,1753.9289427297554,1829.1304587641368,1733.166088360328,1791.970947265625,6262203
2024-12-31,1779.1972478284877,1790.9025838998743,1745.1499383852706,1781.2410888671875,1968650
2025-01-01,1781.241151913944,1799.4027945625933,1772.4157682028151,1776.1781005859375,880695
2025-01-02,1776.178025999466,1835.9584765064972,1774.4130400528177,1832.1495361328125,3487645
2025-01-03,1839.395906065339,1850.6366361442604,1803.16538064284,1808.4141845703125,2853344
2025-01-06,1812.6873957850632,1833.2644976795937,1792.9464055683138,1814.359619140625,1789037
2025-01-07,1820.8159934216217,1840.3247362082816,1773.34474198778,1779.84765625,2494547
2025-01-08,1770.929554220174,1800.8429171295306,1760.013947165094,1795.0367431640625,2372138
2025-01-09,1789.973737253202,1806.3702811912256,1783.6565748565197,1797.4056396484375,2742139
2025-01-10,1798.520544750172,1860.158868218654,1797.823803836658,1853.4237060546875,4802079
2025-01-13,1853.237728643335,1869.3091490543711,1825.8325893752476,1848.1282958984375,5694121
2025-01-14,1798.6131256088609,1801.3072127125706,1670.0876955410129,1684.7657470703125,15819311
2025-01-15,1705.6215982017811,1712.635501441829,1683.836879685699,1696.052978515625,3350594
2025-01-16,1702.8346466094251,1707.4330908835625,1658.5219736705017,1664.9783935546875,5362008
2025-01-17,1663.805535150606,1682.6676054474335,1642.2690118617163,1678.726318359375,2424374
2025-01-20,1679.852244571819,1688.2041389869971,1654.0459000347748,1685.5765380859375,3401004
2025-01-21,1681.0721161839897,1708.6144991781723,1681.0721161839897,1691.3946533203125,4005357
2025-01-22,1696.8374309214662,1718.6555214724344,1692.943110701526,1715.136474609375,3009261
2025-01-23,1705.1425174400829,1716.3095348003362,1693.0838249010085,1695.71142578125,3750930
2025-01-24,1689.14253374764,1716.7318847093134,1680.7906394203148,1682.432861328125,3171259
2025-01-27,1665.6820870982883,1670.1395462046075,1602.1516104986144,1606.51513671875,4174844
2025-01-28,1606.5153097773027,1623.922908299152,1586.8556127904455,1588.967041015625,5079829
2025-01-29,1591.5477362383654,1617.9171068351532,1591.5477362383654,1613.1312255859375,3733620
2025-01-30,1615.9462541458197,1626.2218247493452,1593.283570354046,1607.5943603515625,2543744
2025-01-31,1603.7940851043004,1631.1487205009234,1603.7940851043004,1619.1839599609375,2033832
2025-02-01,1619.699976393014,1625.2834849518931,1584.0403013623452,1589.6707763671875,569018
2025-02-03,1562.4569280096823,1595.864392568976,1559.1724840168697,1587.7940673828125,2659929
2025-02-04,1590.7030615992098,1628.9903387622348,1587.8409721052678,1625.8466796875,3647768
2025-02-05,1623.4536609228255,1639.2190370925953,1604.6854105075329,1607.35986328125,2681942
2025-02-06,1617.682425383004,1621.999100133098,1607.359887499065,1617.35400390625,2057798
2025-02-07,1617.025672633433,1624.3921885328962,1595.9113894202671,1619.3717041015625,2428098
2025-02-10,1617.7759786956542,1632.8375432343364,1606.6558148892582,1627.0662841796875,1823071
2025-02-11,1635.4654879496652,1641.283600116573,1609.377572441351,1617.072509765625,1702553
2025-02-12,1617.7292659394873,1635.089896484204,1594.503557508042,1611.5357666015625,2214307
2025-02-13,1606.5622214202544,1623.4066801989184,1595.5358743982404,1598.2103271484375,1838463
2025-02-14,1605.6236732588795,1617.2600103414084,1595.2541700507534,1605.8582763671875,1460459
2025-02-17,1605.8582645291262,1614.210158033777,1589.7644685073883,1604.5914306640625,1127023
2025-02-18,1600.9316697718957,1622.0459502935064,1596.4742105506668,1619.230712890625,1511900
2025-02-19,1617.0723544835728,1624.955042298025,1598.5387078343076,1606.84375,1294110
2025-02-20,1600.180930784951,1608.9551792009363,1579.864392035336,1583.6180419921875,1681532
2025-02-21,1585.917161721241,1599.1957218141615,1581.3658839013194,1595.9581298828125,1222563
2025-02-24,1581.2253154834943,1585.9173787341872,1536.744532956461,1542.79736328125,4455420
2025-02-25,1535.242973645093,1550.2106084046304,1530.785513911099,1535.3367919921875,1951519
2025-02-27,1520.2282232385255,1557.764722577749,1515.723797496897,1528.861572265625,2266866
2025-02-28,1512.7209263718523,1515.48919738269,1466.2225419022172,1478.046630859375,4910121
2025-03-03,1478.046630449053,1504.6506014906618,1471.8530164056688,1475.559814453125,1784684
2025-03-04,1463.9233549485102,1463.9233549485102,1429.202095888834,1440.9322509765625,3246644
2025-03-05,1437.6479808555375,1484.0055822609495,1436.7565347823277,1476.075927734375,3112003
2025-03-06,1482.6918496957885,1496.486468552412,1478.140571675223,1487.80615234375,2011489
2025-03-07,1485.1786140907475,1489.260685687368,1459.7945093234823,1461.999755859375,2091986
2025-03-10,1461.1084216458007,1475.6068505290652,1451.7242956236696,1453.8826904296875,1855766
2025-03-11,1435.7240627060792,1477.014209949576,1428.8267542020003,1471.2899169921875,1846190
2025-03-12,1460.1698370005536,1468.615549425364,1414.2814432486225,1445.71826171875,3113860
2025-03-13,1445.718328113091,1452.6156373329825,1434.9735504112195,1440.2286376953125,1983351
2025-03-17,1433.8942404918237,1452.2402499263671,1425.4954947863037,1449.988037109375,2029100
2025-03-18,1449.988037109375,1449.988037109375,1449.988037109375,1449.988037109375,0
2025-03-19,1462.515795359107,1465.19024791658,1431.1727967893628,1449.3310546875,4522829
2025-03-20,1452.521612508969,1484.6622372549814,1451.7709513192713,1465.8001708984375,4608677
2025-03-21,1440.557003390561,1493.9996639060917,1427.7946163227189,1470.2108154296875,8109210
2025-03-24,1493.0142233618444,1511.688654220074,1463.9234371115508,1505.3543701171875,2487843
2025-03-25,1522.1051188470806,1556.7794159000157,1519.2429148187066,1524.8265380859375,4906013
2025-03-26,1524.8264723795628,1543.6415740044204,1522.1050532579748,1532.802978515625,3096513
2025-03-27,1525.5301958060209,1543.688453488265,1514.17542826833,1529.7530517578125,3383080
2025-03-28,1516.5683866264308,1525.436453297374,1484.1931560534322,1494.421875,2211077
2025-04-01,1479.8768289109985,1487.3841305161268,1432.1115995379005,1436.099853515625,4126827
2025-04-02,1421.6950443873868,1443.79470624483,1413.6247191910966,1433.47216796875,3167863
2025-04-03,1407.6187370667203,1407.6187370667203,1374.7742998684969,1379.5601806640625,3966161
2025-04-04,1359.759800282287,1366.5163248975466,1331.7012418104437,1334.5164794921875,4421312
2025-04-07,1262.1648740781764,1298.5283602272689,1222.516944018843,1289.47265625,6484139
2025-04-08,1295.009353925452,1336.5341103828443,1287.5020533229856,1316.9212646484375,3938359
2025-04-09,1295.6192683920913,1303.1734204452107,1273.4727558349357,1295.00927734375,3306801
2025-04-11,1276.2411176304622,1337.2379357525062,1276.2411176304622,1304.90966796875,4859622
2025-04-15,1332.5458262136349,1340.80390250687,1319.4080504622327,1338.6455078125,3265147
2025-04-16,1327.853824014455,1347.6543068896483,1318.9389043479268,1343.5252685546875,2553111
2025-04-17,1332.5457093049156,1353.2846020111017,1298.762860336622,1349.4371337890625,3549969
2025-04-21,1346.6220265747563,1406.6804305474286,1341.9299637643917,1390.7274169921875,2840104
2025-04-22,1398.2346574265296,1407.5249643024429,1374.3051381215787,1388.7567138671875,2608145
2025-04-23,1459.231500757234,1501.4600650878292,1448.6273932266265,1495.82958984375,13293318
2025-04-24,1496.7678731422686,1504.5567423782873,1479.031854744417,1488.97900390625,3193118
2025-04-25,1492.075876810925,1518.3514268428155,1471.5246201255204,1481.0025634765625,3800415
2025-04-28,1485.5590115748148,1489.7356862837348,1459.075220717647,1470.656005859375,2618810
2025-04-29,1476.0667323154428,1500.5571463137123,1469.5169596532164,1489.3560791015625,2231069
2025-04-30,1491.2543430553478,1507.2965039752792,1475.1172814182116,1487.9320068359375,3682256
2025-05-02,1487.4574604298189,1500.7468059601426,1478.0599714871676,1492.5833740234375,1370848
2025-05-05,1499.7976664694418,1516.5991509404553,1483.9454210278393,1488.976318359375,1012225
2025-05-06,1496.760057193726,1503.4047299968138,1485.6538916985114,1498.9432373046875,2055057
2025-05-07,1473.2188659025685,1498.2787976210511,1466.574193182647,1483.9453125,5469936
2025-05-08,1482.6162918959724,1516.8837937233293,1476.8259576604175,1500.4619140625,2789018
2025-05-09,1486.5082819813283,1497.6143319913983,1478.2499489865486,1489.7357177734375,2035161
2025-05-12,1517.6432120420038,1589.9751704621278,1513.0868189353023,1585.5137939453125,4028207
2025-05-13,1599.4677045406977,1602.410322246675,1533.2107764244072,1537.387451171875,3118470
2025-05-14,1547.2595098493312,1558.935195444992,1534.9194033290603,1554.568603515625,1569126
2025-05-15,1566.244190144089,1616.1741332732984,1542.5132175661483,1609.9091796875,4961582
2025-05-16,1606.0173694034354,1607.536128517188,1573.8381464904032,1575.6417236328125,2586263
2025-05-19,1576.685971748448,1579.5336887353506,1554.948375573644,1565.8646240234375,1642018
2025-05-20,1576.496183241171,1581.4321797094306,1553.334728382771,1555.1383056640625,2421580
2025-05-21,1561.4981492899233,1573.3636367465335,1545.740805122325,1568.142822265625,1420835
2025-05-22,1555.2329686738583,1557.4161485237023,1532.0715173556623,1550.1070556640625,2202093
2025-05-23,1550.1072583475077,1585.9885382338316,1540.14024903174,1564.53564453125,1459454
2025-05-26,1568.5224213925635,1590.7346353917767,1562.0675503589828,1588.646240234375,1078813
2025-05-27,1588.836225963233,1590.4498858541704,1558.175761044238,1568.2376708984375,2740015
2025-05-28,1579.5336830231895,1582.1915985509136,1563.396620155765,1573.173828125,1775441
2025-05-29,1585.2291331768304,1590.449947687293,1571.560068374657,1580.1981201171875,2374051
2025-05-30,1580.198004896256,1580.198004896256,1544.696561512837,1553.5244140625,4408910
2025-06-02,1542.6081971440656,1552.1954873809043,1524.1929383073668,1548.683349609375,1883100
2025-06-03,1563.3017256602932,1567.8580033166745,1534.9194565056011,1547.6392822265625,2380133
2025-06-04,1548.2087893328817,1561.1184163941086,1539.855439889435,1543.5574951171875,1659720
2025-06-05,1551.9108171545088,1569.9463576069004,1542.133609401811,1549.5377197265625,1409322
2025-06-06,1548.3985502554897,1556.5620980372478,1539.665598144549,1554.568603515625,1261281
2025-06-09,1564.3457971984335,1573.8381867445405,1555.8026466069373,1564.630615234375,1299786
2025-06-10,1569.3769905595295,1599.3729218013902,1565.295216235549,1583.4256591796875,3055223
2025-06-11,1590.9246552040102,1637.8170876670245,1581.4322646598334,1634.4947509765625,5085821
2025-06-12,1637.4371476360536,1638.3863865622195,1608.9599798510787,1614.84521484375,3607962
2025-06-13,1581.432124861516,1624.1478785342465,1580.1031671280296,1609.244873046875,1988422
2025-06-16,1606.112289101041,1641.6138486897555,1597.948857378498,1635.5386962890625,2116100
2025-06-17,1640.2849517495486,1650.5367790475427,1632.6910399358933,1641.8037109375,1777245
2025-06-18,1640.1900621335562,1656.422025570383,1623.198661160662,1628.7991943359375,1794428
2025-06-19,1632.4062735507202,1632.4062735507202,1611.048395898946,1626.9007568359375,2514527
2025-06-20,1626.9007190155423,1654.14383152626,1622.3443255395248,1651.5809326171875,2719770
2025-06-23,1641.4239877418304,1641.993623825436,1612.9468185174828,1616.7437744140625,2221446
2025-06-24,1632.5959522980918,1644.6512395725076,1603.454249525266,1605.92236328125,3601071
2025-06-25,1615.6047469719333,1633.355469581466,1614.6555079901636,1629.938232421875,1307518
2025-06-26,1623.1986394339156,1639.2408012089484,1616.2691486002234,1636.5828857421875,2971055
2025-06-27,1646.9297812028017,1663.541464874876,1623.958242131554,1635.82373046875,6478283
2025-06-30,1637.4373768201,1646.7399659481198,1626.3313261790577,1640.8546142578125,1855229
2025-07-01,1640.854484589113,1656.422027101697,1626.9956185973117,1631.077392578125,1639826
2025-07-02,1634.5896185114452,1650.252062591259,1624.147989124903,1631.3621826171875,2069447
2025-07-03,1628.8939314605047,1642.6578953335684,1619.8761620264283,1625.0020751953125,1839063
2025-07-04,1627.944776322193,1641.2341214350274,1619.5914273302828,1638.29150390625,768500
2025-07-07,1637.9118545159413,1637.9118545159413,1616.8387955799292,1623.578369140625,1366412
2025-07-08,1613.706207247965,1631.6468464915597,1601.8407204299654,1621.39501953125,2139193
2025-07-09,1623.1986031481017,1627.2803769792602,1586.1782841289344,1589.0260009765625,2894808
2025-07-10,1589.9753485757974,1594.626642919546,1565.2951342098447,1579.2489013671875,2740853
2025-07-11,1559.7894840817337,1571.4651701734467,1547.2595755860575,1555.1383056640625,2548153
2025-07-14,1556.7518506109018,1559.0300472255988,1525.4269658120238,1537.5772705078125,3334703
2025-07-15,1509.2899558749805,1539.096082580876,1471.320397236616,1486.887939453125,14685607
2025-07-16,1486.887817877951,1494.102010254593,1480.8126658177673,1483.4705810546875,5218099
2025-07-17,1484.2301137781612,1487.2677481773114,1464.1062928321214,1465.5301513671875,4966082
2025-07-18,1477.1056688448798,1482.8457167808056,1463.7122236610533,1481.69775390625,3902458
2025-07-21,1481.697931914697,1483.5155205541755,1459.8857004250683,1464.0950927734375,3368842
2025-07-22,1466.677982232691,1473.087772892238,1452.5192665194224,1454.2412109375,3218227
2025-07-23,1458.0680018751634,1469.4524550590872,1452.2323091013636,1463.5211181640625,3471536
2025-07-24,1463.7122537313169,1471.270007025199,1436.542669586786,1441.9000244140625,4654421
2025-07-25,1436.0644378307543,1446.6835041547893,1422.192654014078,1425.541015625,2733655
2025-07-28,1425.5408801988112,1429.463222928381,1400.0933577296337,1402.5806884765625,4404841
2025-07-29,1402.5808125832252,1413.4869279726304,1397.7017947668448,1408.60791015625,6223556
2025-07-30,1416.356972451215,1419.9923832268785,1405.1639245487331,1412.5302734375,1642426
2025-07-31,1401.528476378077,1418.461572349329,1396.2667653746096,1404.3028564453125,2306285
2025-08-01,1401.5285055326744,1403.346210909819,1387.1783843156163,1389.1873779296875,2152783
2025-08-04,1389.1873471188792,1411.4779149609608,1378.1855877631428,1410.521240234375,2384774
2025-08-05,1415.7830505684403,1421.044761933848,1407.4599097942046,1418.461669921875,2614394
2025-08-06,1416.739732558328,1419.4183519253684,1393.3011999933678,1399.8065185546875,1735697
2025-08-07,1394.8316794757077,1415.113135921434,1388.1349567347404,1411.573486328125,1495363
2025-08-08,1410.903978721859,1417.9832785003246,1395.788470844493,1411.764892578125,2815614
2025-08-11,1411.095332073909,1464.6691209526473,1402.102565584374,1423.5321044921875,2374556
2025-08-12,1425.445406004107,1444.483257266117,1424.488731234977,1434.151123046875,3422656
2025-08-13,1435.0120122686724,1442.1870723300158,1424.488590845369,1436.0643310546875,2916128
2025-08-14,1435.9687383495286,1450.5101472151196,1421.427329483938,1425.2540283203125,4227538
2025-08-18,1433.1944030282975,1436.8298137488491,1411.9562705367805,1420.6619873046875,2795155
2025-08-19,1412.3389880278332,1418.3659689175522,1405.5465038396178,1412.1475830078125,2515817
2025-08-20,1404.3985318270595,1435.299172938886,1394.8317843350496,1431.1854248046875,10219330
2025-08-21,1435.0120868816955,1439.7954605046348,1421.714284853609,1428.793701171875,2157601
2025-08-22,1425.0625441411648,1426.8802493437777,1400.5716963052566,1402.7720947265625,2802805
2025-08-25,1415.8786685002913,1444.291862635263,1412.2432576388037,1439.0301513671875,2764914
2025-08-26,1436.8296169426508,1441.23029678262,1420.6617927130371,1428.1239013671875,4092265
2025-08-28,1423.531862977468,1423.531862977468,1383.3515281353623,1386.9869384765625,4367902
2025-08-29,1386.9870122921272,1399.2323782553349,1376.8461671527366,1391.7703857421875,3404604
2025-09-01,1383.3517118814798,1408.7035931849784,1383.3517118814798,1404.78125,2105254
2025-09-02,1405.3550711275927,1413.391161602677,1396.4579501048972,1402.197998046875,1295198
2025-09-03,1411.0951162632111,1411.0951162632111,1389.6655806327974,1402.5806884765625,1800307
2025-09-04,1401.6242395996858,1402.3896261596817,1378.4727559297312,1380.768798828125,2192155
2025-09-05,1385.2650524136716,1389.3788005941094,1342.0233999763768,1357.521484375,3895199
2025-09-08,1362.2091241287956,1366.7054484911205,1340.3012502157765,1342.214599609375,2929976
2025-09-09,1349.102681235138,1369.7669491914455,1348.0503623699672,1365.2705078125,2906889
2025-09-10,1372.7327480642125,1408.1297170614887,1370.054011805834,1400.476318359375,3205017
2025-09-11,1400.4761563014292,1406.694542027328,1395.1188011862023,1404.1114501953125,1982922
2025-09-12,1411.0952886448813,1415.8786625046944,1399.6151913813296,1403.6331787109375,2110883
2025-09-15,1403.6331265794308,1404.6855622147723,1389.091717298308,1402.9635009765625,1725617
2025-09-16,1400.4762510617772,1420.8533540580092,1397.7975149321212,1418.8443603515625,1724524
2025-09-17,1426.2107202474265,1434.0554062440674,1411.382262077458,1417.3135986328125,2656774
2025-09-18,1427.932730760021,1437.7865275513095,1421.714344788055,1429.080810546875,2792406
2025-09-19,1429.0806980526554,1429.0806980526554,1400.571745589634,1403.824462890625,3197957
2025-09-22,1361.3480439968562,1386.4128734280896,1353.69464670102,1377.515869140625,4457129
2025-09-23,1381.6296610067534,1381.6296610067534,1358.8608714691968,1367.8536376953125,3106480
2025-09-24,1363.357015656249,1382.1078153752596,1358.4779983143922,1379.8118896484375,2894044
2025-09-25,1377.8028975155194,1380.0032961040897,1354.6514157943786,1362.113525390625,2713246
2025-09-26,1358.4780851732824,1364.6964707744278,1331.691193352964,1334.8482666015625,2568054
2025-09-29,1336.570225397355,1341.8319363472835,1323.081135227491,1327.29052734375,2990852
2025-09-30,1331.7869333983938,1344.128061375167,1322.0288973878787,1325.0902099609375,2782077
2025-10-01,1326.0468430517603,1336.2833329104571,1322.124499946586,1329.299560546875,2253527
2025-10-03,1335.9961225265322,1339.1531955222524,1320.593684319884,1333.1260986328125,2793839
2025-10-06,1333.1262283449394,1359.4347832638384,1330.5432533018986,1356.2777099609375,1970901
2025-10-07,1360.3914919361123,1379.4293427815494,1355.7994064321326,1371.297607421875,1592836
2025-10-08,1371.1062504592005,1395.5014573932513,1365.3662017688353,1390.23974609375,1735807
2025-10-09,1390.239729338229,1426.497726485028,1389.570103711726,1422.0970458984375,2681316
2025-10-10,1426.401995047643,1433.5770553849047,1410.0428808350025,1430.70703125,2129445
2025-10-13,1425.4453259408936,1437.116710756099,1412.53021728304,1429.941650390625,1820492
2025-10-14,1449.7448215684758,1468.4956217867668,1425.6365497607503,1430.611328125,5802489
2025-10-15,1433.0030698582757,1444.0048290109378,1421.7142615803032,1430.8983154296875,1710696
2025-10-16,1434.9164178827316,1454.0499120426946,1433.0987125812192,1449.3621826171875,2021043
2025-10-17,1445.5049950102464,1447.7229617012551,1426.4115530606125,1433.1617431640625,3210161
2025-10-20,1436.729726635375,1456.0159834726471,1435.9582292762962,1442.033447265625,2354881
2025-10-21,1449.0728493209122,1449.3621902568505,1428.1473078978013,1432.9688720703125,274400
2025-10-23,1456.1125063872837,1492.2742408174313,1451.7730982556657,1469.5164794921875,5011470
2025-10-24,1470.5771723395956,1477.9059268360006,1462.2841049432957,1469.4200439453125,1491451
2025-10-27,1476.7487702026774,1494.2028098142143,1472.3129544907802,1478.7738037109375,1394846
2025-10-28,1480.2202995851403,1486.9704898764082,1458.0411029138322,1467.7806396484375,1936466
2025-10-29,1475.3986987319204,1503.3637721065777,1467.684195732015,1501.7244873046875,2596355
2025-10-30,1502.1101652795687,1504.2317242993038,1483.2096558812607,1494.4921875,2183395
2025-10-31,1494.4922478418823,1502.592382401083,1482.727559295551,1486.4884033203125,1723467
2025-11-03,1485.1381829149193,1494.395562645935,1473.6628365639656,1488.4168701171875,2252136
2025-11-04,1481.5702926395418,1486.8740133372978,1470.577102559581,1474.53076171875,1666863
2025-11-06,1474.5308438593693,1477.2309670869563,1460.2590834514915,1471.92724609375,2474769
2025-11-07,1461.0304776743155,1464.5985060972405,1437.3084034480262,1458.4268798828125,2238714
2025-11-10,1463.8268869431597,1489.766925807937,1457.4624457601135,1485.52392578125,1558896
2025-11-11,1492.5634929827825,1516.3819735581708,1486.1989339305337,1513.97119140625,2270763
2025-11-12,1518.7928011904994,1542.9006234316184,1517.3463318560323,1537.11474609375,2331564
2025-11-13,1542.322006676396,1547.7221351315686,1523.6143137120737,1541.4541015625,1944022
2025-11-14,1533.2575434838177,1540.9720468472583,1517.9249445061837,1537.693359375,2543918
2025-11-17,1537.114640997858,1550.325679597133,1528.917981996301,1549.0721435546875,2000978
2025-11-18,1546.7578509686116,1546.7578509686116,1533.3538784679215,1538.2718505859375,1640123
2025-11-19,1538.36841411944,1609.920384105191,1531.9074470708654,1603.2666015625,6342672
2025-11-20,1603.2665542011332,1608.8596159330084,1583.9802968001477,1586.680419921875,2724035
2025-11-21,1577.6158729667095,1584.8482195726083,1548.6864865431146,1550.6151123046875,2958835
2025-11-24,1556.6902870321276,1581.4730802901097,1545.6970969556094,1552.929443359375,6392688
2025-11-25,1560.5475556076767,1561.1261197835458,1535.7646443632036,1543.9613037109375,2285950
2025-11-26,1543.9613614206685,1569.4192455362172,1543.9613614206685,1560.161865234375,1243303
2025-11-27,1561.3190013514552,1574.915789772719,1556.4010290774631,1570.86572265625,2106176
2025-11-28,1570.865564972418,1578.483659702002,1561.2224368878728,1566.23681640625,1841289
2025-12-01,1571.8299936315989,1587.7411561438205,1569.9013678725416,1584.2696533203125,2034350
2025-12-02,1592.080392947732,1593.9126107646616,1566.043947999465,1577.133544921875,2326220
2025-12-03,1577.1337577357083,1595.5521106971942,1570.6729083512114,1581.955322265625,2371611
2025-12-04,1591.1161864307182,1612.3310689164612,1586.3910299706451,1595.552001953125,3935708
2025-12-05,1603.362999822774,1630.653101775452,1592.0805860622538,1622.9385986328125,3391204
2025-12-08,1622.938494735528,1634.8959973839192,1617.056210008633,1628.338623046875,2702407
2025-12-09,1626.7957674386714,1626.7957674386714,1597.2878179621275,1598.4449462890625,2817704
2025-12-10,1603.941568474416,1611.3667301393214,1597.8663505929717,1606.545166015625,1482249
2025-12-11,1607.9917621882903,1617.5384834496251,1590.1519735223335,1612.7169189453125,1408684
2025-12-12,1617.5384660183624,1618.020622463598,1600.759398181377,1613.48828125,1284337
2025-12-15,1613.4882062129195,1627.760083413747,1600.7593237362678,1623.90283203125,1689723
2025-12-16,1621.0097826236374,1621.9740954033066,1586.6802712102126,1592.75537109375,1929309
2025-12-17,1592.08049279527,1605.098716085843,1587.5482695500657,1595.937744140625,1394918
2025-12-18,1597.8663749636394,1614.1632854930872,1592.2733134092591,1602.109375,1822056
2025-12-19,1615.2240514930982,1621.0099286924765,1574.240754664169,1583.7874755859375,3487150
2025-12-22,1592.948392786367,1613.777526441746,1585.3302978609083,1610.6917724609375,1339691
2025-12-23,1615.3204698744262,1626.6994088603938,1597.0949330335684,1619.94921875,1614314
2025-12-24,1616.1883461808325,1620.0455976036983,1605.6773125107284,1614.9346923828125,989858
2025-12-26,1608.473917383925,1616.5741692876468,1591.5984416319957,1601.6273193359375,921138
2025-12-29,1600.4699875803433,1601.5308258848768,1567.3941275049592,1572.6014404296875,1516288
2025-12-30,1572.6014804595477,1577.3265193663256,1553.6044462320297,1557.55810546875,3323273
