Date,Open,High,Low,Close,Volume
2018-01-01,8962.644496418594,8999.418091644437,8853.059003087012,8873.376953125,426354
2018-01-02,8916.679422389903,8934.698128813343,8756.714248712633,8783.4208984375,451227
2018-01-03,8822.90593489431,8823.82527488961,8643.634635810806,8657.056640625,658281
2018-01-04,8687.761233394926,8722.696146291117,8611.640076432308,8629.1533203125,562919
2018-01-05,8695.118437574467,8763.149603188816,8653.334251567587,8672.916015625,732512
2018-01-08,8722.698879515488,8729.134260223394,8664.780453144338,8686.798828125,294549
2018-01-09,8701.367258033515,8725.86802309812,8605.939965271256,8626.6708984375,427590
2018-01-10,8630.58004277542,8692.221611433391,8564.480034146645,8619.59375,394826
2018-01-11,8650.989016573165,8669.37581575823,8573.764459995891,8586.451171875,368996
2018-01-12,8629.844068501792,8728.902947630488,8600.516765122858,8696.1748046875,685141
2018-01-15,8733.684267061815,8741.590231993965,8586.635653585554,8603.59765625,385462
2018-01-16,8615.13370097925,8649.747205314803,8549.860571882085,8570.1318359375,364816
2018-01-17,8564.570879756546,8613.11184902269,8509.410483364813,8562.640625,390461
2018-01-18,8595.82867091209,8751.105550084561,8579.280551545628,8613.0205078125,686971
2018-01-19,8572.845986871218,8638.119130578227,8533.314364626129,8571.880859375,542339
2018-01-22,8594.909167442698,8602.034052034385,8523.751896403393,8559.146484375,454188
2018-01-23,8593.07078149324,8668.732282186806,8540.668402703775,8635.728515625,561948
2018-01-24,8659.264080765199,8752.071639976979,8587.050098146918,8673.927734375,568489
2018-01-25,8719.940637585352,8719.940637585352,8503.895719310965,8529.8212890625,705224
2018-01-29,8716.263282591266,8930.469520840794,8697.876481024783,8853.888671875,1546624
2018-01-30,8844.050011085303,8895.073376533872,8779.696216825845,8799.5078125,573988
2018-01-31,8787.096207682955,8811.872596576706,8695.944198841642,8742.646484375,462650
2018-02-01,8775.10096033298,8792.292799185272,8560.894724213798,8643.4970703125,550971
2018-02-02,8604.104205521087,8604.104205521087,8218.900694236407,8265.4189453125,984189
2018-02-05,8136.29797627386,8384.381537992978,7987.226623035416,8348.1591796875,651062
2018-02-06,7998.259467426357,8378.406627171276,7962.9564458321875,8259.9033203125,840339
2018-02-07,8430.34634376844,8430.34634376844,8157.302410933193,8202.166015625,509440
2018-02-08,8263.854973990445,8329.21968324845,8195.91539471964,8302.283203125,465683
2018-02-09,8187.641702819257,8261.694357211052,8154.545464182216,8215.3134765625,364892
2018-02-12,8237.286829426912,8411.961438533062,8237.286829426912,8382.404296875,408523
2018-02-14,8411.870101192138,8418.856726636477,8261.189903964552,8275.53125,357737
2018-02-15,8319.106803528866,8356.799739648292,8274.978488071978,8292.67578125,250781
2018-02-16,8310.74284870479,8338.414626329852,8096.48992223813,8124.16259765625,632659
2018-02-19,8141.674824266088,8150.729963908962,7990.581658386865,8021.10302734375,436138
2018-02-20,8039.627943659612,8061.646315242286,7952.290647530663,8019.0810546875,517802
2018-02-21,8063.532713829132,8085.596878135585,8005.798330119209,8074.3349609375,471756
2018-02-22,8061.692059520428,8061.692059520428,7907.702617170141,7937.626953125,638857
2018-02-23,7966.081758427747,8034.067136605597,7956.934145113067,7997.1552734375,567960
2018-02-26,8051.579164858388,8324.623126032508,8044.270232803732,8278.9775390625,869374
2018-02-27,8359.559267914236,8379.738962036872,8156.936357092599,8174.03662109375,684609
2018-02-28,8154.545962634441,8213.383723807903,8064.450640837577,8137.03271484375,680125
2018-03-01,8158.223230883298,8215.268098820343,8100.626220265674,8157.7177734375,609369
2018-03-05,8151.788410227553,8151.788410227553,8067.209123688595,8085.6875,388180
2018-03-06,8141.261213003777,8168.335955747149,7906.324053958974,7921.4931640625,543686
2018-03-07,7926.364484328428,8010.989541647399,7862.194739562693,7979.04248046875,598715
2018-03-08,7998.440552217068,8067.206991802304,7953.208853114728,8025.23876953125,533856
2018-03-09,8053.417905758997,8066.288664969115,7952.29051196522,7962.03515625,323450
2018-03-12,8015.724119563539,8114.828775432083,7980.880780273059,8099.65966796875,438339
2018-03-13,8099.384701091154,8134.3196180765635,7989.98325053158,8049.7861328125,521943
2018-03-14,8030.434961000091,8158.223221970786,8021.287348372011,8132.75732421875,411769
2018-03-15,8126.874366672853,8159.142842911842,8091.065892609304,8124.71337890625,313431
2018-03-16,8153.625880451607,8153.625880451607,7951.7391899186205,7976.69873046875,622932
2018-03-19,8008.829539476789,8090.191120633157,8001.520607712643,8065.82861328125,571830
2018-03-20,8057.5097925730915,8132.022121401766,8030.435049510421,8092.39892578125,408924
2018-03-21,8126.874709652813,8223.496992674227,8113.221970827047,8158.82177734375,516020
2018-03-22,8154.546632908367,8191.779906711387,7983.91747059743,7995.0869140625,471749
2018-03-23,7917.861580280268,7943.557312977886,7853.093897371255,7912.9892578125,644482
2018-03-26,7912.758708962799,8088.352634071652,7910.920029118727,8058.2900390625,447858
2018-03-27,8103.981748265673,8170.174225392743,8059.991690292146,8138.27294921875,423455
2018-03-28,8101.224046553548,8351.284525521156,8091.111306595299,8146.36328125,1194227
2018-04-02,8264.866465526147,8354.961784060248,8231.08072107586,8281.5986328125,552649
2018-04-03,8282.287528008797,8329.219651231164,8232.688959908948,8298.3759765625,339709
2018-04-04,8345.768130356548,8411.409362409107,8256.224059419954,8286.470703125,488280
2018-04-05,8320.027712365409,8418.995030956232,8320.027712365409,8395.96484375,236956
2018-04-06,8425.748998451176,8485.506083546574,8313.175663970604,8463.6259765625,429514
2018-04-09,8476.315056610809,8557.355239181396,8443.862533186939,8543.10546875,426170
2018-04-10,8540.66802141067,8564.065402384203,8493.781684586995,8525.453125,299119
2018-04-11,8540.669381760616,8595.829786809662,8465.788952347926,8552.1611328125,318010
2018-04-12,8540.66790573556,8540.66790573556,8440.551428756764,8462.0185546875,300797
2018-04-13,8519.525099687731,8519.525099687731,8371.741171795771,8388.013671875,366224
2018-04-16,8365.994765151105,8499.299077343072,8333.817862208216,8487.34765625,271057
2018-04-17,8495.620714083007,8496.54005405856,8400.514814053486,8421.4755859375,342578
2018-04-18,8437.701492738654,8483.16302976246,8362.224047044961,8385.7587890625,452854
2018-04-19,8406.446100344747,8442.989870301955,8336.576250866816,8345.4482421875,256088
2018-04-20,8349.446328125,8373.487429532503,8285.966077276531,8297.0439453125,303913
2018-04-23,8310.740922652069,8388.97638715652,8279.529154233885,8333.677734375,302205
2018-04-24,8361.39672515207,8405.1111595881,8302.55896919718,8333.4951171875,312103
2018-04-25,8328.300822163661,8337.310174347782,8189.480486128037,8213.9345703125,488641
2018-04-26,8227.17323888392,8256.592117378084,8172.932181660301,8224.8291015625,614321
2018-04-27,8287.850239322226,8400.009721207674,8012.139809570231,8074.884765625,1873816
2018-04-30,8080.998810282026,8185.987620572616,8053.694232012918,8103.9365234375,497504
2018-05-02,8195.916919262198,8272.222146889651,8021.242301801757,8039.16943359375,806846
2018-05-03,8058.015160003359,8089.272720236116,7998.258059558382,8049.6953125,406825
2018-05-04,8075.481803643896,8080.997843127259,7966.080353890524,7978.2158203125,490244
2018-05-07,7991.822389255925,8062.611567212063,7961.4841701318655,8038.43310546875,342702
2018-05-08,8076.401930600542,8095.892118232981,7989.064630269631,8067.392578125,404969
2018-05-09,8085.595703319709,8085.595703319709,8002.855099192503,8015.1279296875,314057
2018-05-10,8051.579399248519,8051.579399248519,7989.064281738939,8002.80859375,298598
2018-05-11,8033.192786028426,8058.0149656144595,8000.142334021022,8044.50048828125,264405
2018-05-14,8045.144810019507,8053.4188705029,7987.317961523916,8004.69384765625,276620
2018-05-15,8021.241329210999,8044.546238597601,7942.17809089442,8022.7119140625,506107
2018-05-16,7975.273870674081,8029.009468992419,7975.273870674081,7994.2119140625,288597
2018-05-17,8021.240832270408,8059.3476516567935,7962.58712471164,7995.958984375,379606
2018-05-18,7998.99237454194,8021.240579547511,7810.7117437060915,7824.4560546875,603507
2018-05-21,7830.938156950748,7837.189489421651,7589.611405812033,7748.6572265625,872463
2018-05-22,7737.166505629752,7893.822422322952,7696.026034963529,7870.1494140625,410467
2018-05-23,7869.551308086182,7873.963961036774,7775.96266484536,7812.0009765625,399631
2018-05-24,7814.481536668621,7831.213704145391,7722.455962235829,7732.3388671875,292331
2018-05-25,7733.488235644909,7882.42131864235,7717.997715450333,7858.65673828125,519151
2018-05-28,7869.550815775567,8076.402326704247,7865.045690420357,8006.80810546875,446264
2018-05-29,8014.80516094808,8126.964627527073,7979.870245128393,8011.95556640625,665121
2018-05-30,7969.757581913411,7969.757581913411,7881.362691535336,7895.47509765625,508262
2018-05-31,7942.177984665685,7942.269559545323,7829.007593706191,7848.58935546875,679959
2018-06-01,7915.516286001449,8134.687270273375,7897.175276024096,8098.32666015625,1002010
2018-06-04,8126.966269286325,8126.966269286325,8022.207288100434,8044.08740234375,380690
2018-06-05,8044.22443844666,8117.771633312458,7979.870642939087,8099.7529296875,400886
2018-06-06,8116.852658702803,8154.545597768021,8099.385199135994,8129.12548828125,328784
2018-06-07,8158.224306748843,8214.120007047146,8149.950245585812,8192.4697265625,267961
2018-06-08,8176.611153220422,8228.09420073339,8155.466330134738,8211.9599609375,287823
2018-06-11,8237.286776314038,8316.350019925982,8201.892184697064,8294.8837890625,337828
2018-06-12,8309.913320499869,8333.816157797468,8232.688769230703,8289.4580078125,343452
2018-06-13,8301.63899393699,8361.350297820718,8221.656425556865,8244.0419921875,369407
2018-06-14,8211.589240649151,8292.399571725262,8189.479297049424,8235.4462890625,269078
2018-06-15,8269.462209857307,8269.462209857307,8183.044261249572,8229.5625,496572
2018-06-18,8225.793341860368,8320.393771933344,8217.01382581516,8249.650390625,305144
2018-06-19,8246.48015515076,8260.086208178138,8108.624936655162,8147.74267578125,350407
2018-06-20,8157.3041482107665,8246.48013179878,8148.1107478408685,8226.5302734375,325981
2018-06-21,8253.834068496499,8261.18878809418,8138.870787343846,8148.15576171875,313349
2018-06-22,8149.948468556756,8170.173946989722,8099.384772474339,8159.05029296875,319027
2018-06-25,8153.627170305481,8153.627170305481,8071.805903177598,8083.75732421875,254954
2018-06-26,8083.755007980798,8260.589662600189,8044.22339586398,8210.9453125,387769
2018-06-27,8215.176988939655,8285.092620945956,8157.304352602471,8180.5634765625,501622
2018-06-28,8174.771651507697,8176.656119034745,8030.481052391726,8063.80712890625,376404
2018-06-29,8044.499473384188,8182.124831284702,8044.499473384188,8113.7255859375,458807
2018-07-02,8161.900537986473,8214.302918101952,8090.237805269955,8109.5439453125,298529
2018-07-03,8113.174622008641,8269.462405095492,8044.2241294703235,8251.2138671875,375718
2018-07-04,8286.931433360314,8503.206185933868,8230.392018766166,8477.05078125,656141
2018-07-05,8483.669934708469,8637.199722213487,8481.601419607352,8593.1171875,887919
2018-07-06,8563.651845380837,8654.620715234694,8513.088146884224,8565.9501953125,508241
2018-07-09,8637.198098875635,8660.043335581495,8595.827804628758,8618.7197265625,331872
2018-07-10,8623.408191854212,8775.92703914072,8623.408191854212,8762.228515625,485745
2018-07-11,8760.39105413118,8760.712464021115,8605.94193070857,8627.73046875,328446
2018-07-12,8685.924632402108,8741.085034386033,8573.075643343327,8593.0712890625,336960
2018-07-13,8649.150214110534,8729.132789432346,8607.090411570614,8670.3408203125,511150
2018-07-16,8668.456586290042,8732.718809378124,8600.425428438151,8628.28125,216426
2018-07-17,8596.885420019176,8715.066381237833,8593.069800425761,8683.533203125,457123
2018-07-18,8717.456215258857,8764.986265799365,8547.011143101834,8611.2724609375,430624
2018-07-19,8649.15029833257,8673.053137167248,8595.828580932135,8631.7744140625,199983
2018-07-20,8634.441461994229,8700.633943389414,8582.039080889706,8640.8310546875,272916
2018-07-23,8685.924551914752,8963.565239327776,8616.054710049222,8918.517578125,607813
2018-07-24,8989.305046894604,9128.125364145688,8940.580034879324,9039.36328125,749626
2018-07-25,9058.256713263516,9079.263272434991,8918.51703799547,8971.79296875,384750
2018-07-26,9027.73593795003,9038.676444503908,8605.942870119396,8638.349609375,1261317
2018-07-27,8643.634030113753,8680.591674893623,8540.66795785543,8559.4228515625,672141
2018-07-30,8568.247775127182,8645.931995835148,8488.265204694128,8625.1552734375,539464
2018-07-31,8641.793886846124,8778.637253267008,8600.423596962286,8752.6201171875,426388
2018-08-01,8765.907165821398,8814.402352291989,8549.862259269952,8588.1064453125,700719
2018-08-02,8574.68441898785,8574.68441898785,8384.381033683843,8404.974609375,875157
2018-08-03,8411.960982570481,8485.50818241809,8411.960982570481,8445.9765625,470958
2018-08-06,8501.596689715745,8549.86203994122,8457.928039511744,8537.359375,237693
2018-08-07,8564.571196558067,8660.182553840381,8523.20089773399,8652.3681640625,381947
2018-08-08,8686.843629413246,8686.843629413246,8442.344977715542,8464.7314453125,638498
2018-08-09,8493.781930809226,8493.781930809226,8329.220077187098,8408.3291015625,651728
2018-08-10,8411.96040738666,8467.12080350067,8370.590110301151,8410.3515625,427827
2018-08-13,8383.87475550341,8444.137308725114,8285.275547407517,8348.3876953125,348201
2018-08-14,8420.873655737483,8494.88886369276,8390.49766584593,8470.587890625,344056
2018-08-16,8462.61150918397,8566.446560839708,8426.438575288947,8533.6123046875,465479
2018-08-17,8572.985934217195,8613.33267100595,8468.177169685492,8488.6748046875,477538
2018-08-20,8505.927777689421,8549.613196160075,8405.107121571858,8416.5615234375,449317
2018-08-21,8449.625918035528,8468.176139589943,8394.34662011239,8452.6865234375,380824
2018-08-23,8482.087984860014,8585.041704523159,8440.442379191798,8554.7119140625,751705
2018-08-24,8570.202896907424,8607.210953544016,8479.399194381152,8499.5263671875,401110
2018-08-27,8541.450959931282,8601.739190183811,8533.103358819395,8575.0732421875,326945
2018-08-28,8605.031251718201,8761.734448279152,8547.015607991572,8744.529296875,684054
2018-08-29,8738.082302348792,8781.953397375264,8662.629634693269,8689.0166015625,433440
2018-08-30,8690.779942035098,8690.779942035098,8517.011081063449,8538.482421875,674292
2018-08-31,8540.521587673009,8584.114606202616,8422.078247662532,8437.01171875,634522
2018-09-03,8440.3514688011,8457.927986256036,8231.661459957117,8256.84375,992161
2018-09-04,8265.978567049106,8346.672029272318,8194.977776557784,8225.6318359375,530967
2018-09-05,8227.951278134313,8301.2246577953,8153.379020575359,8251.2314453125,491163
2018-09-06,8317.642139492496,8317.642139492496,8107.375175109804,8124.8583984375,687535
2018-09-07,8138.910213641522,8151.895369537931,8008.363021325848,8087.1552734375,636918
2018-09-10,8069.346458008403,8115.722012364773,7999.783126473847,8013.1396484375,577299
2018-09-11,8039.665687358044,8069.25365181595,7864.922245273057,7899.65771484375,552622
2018-09-12,7920.017103108198,7920.017103108198,7792.020574213839,7878.23291015625,634678
2018-09-14,7970.102072949615,8069.345750571587,7958.368696417096,8001.359375,754169
2018-09-17,7964.538516445765,8031.968760503007,7899.612733733385,7918.90478515625,422191
2018-09-18,7918.811160501602,7973.348628314108,7772.72817219712,7790.3046875,507455
2018-09-19,7814.744806002998,7835.985172591588,7597.289646536528,7615.1904296875,959340
2018-09-21,7661.242028304359,7721.530252498038,7048.759955476399,7457.32861328125,1646047
2018-09-24,7485.014514886625,7485.014514886625,7040.458629500223,7228.14013671875,1801469
2018-09-25,7188.211268669954,7437.016129679078,7123.2854894690645,7419.5791015625,1159438
2018-09-26,7489.652389851485,7503.4722151390915,7255.502023456347,7274.05224609375,754963
2018-09-27,7280.962202509515,7306.932513550313,6965.79410896177,7005.53759765625,1594739
2018-09-28,7067.634382250258,7093.790375685533,6764.013541669117,6815.30517578125,1413254
2018-10-01,6820.916941392121,6942.4209010497725,6683.645292313247,6922.89697265625,1034603
2018-10-03,6863.582817243997,6873.507368147784,6688.2832020468195,6720.74609375,1148091
2018-10-04,6631.704244850452,6759.700774331482,6512.055315118185,6676.92041015625,1104174
2018-10-05,6543.405599748578,6696.630625690368,6308.791921789455,6403.86181640625,1481376
2018-10-08,6413.739480310992,6482.375304106076,6283.192288430475,6390.31982421875,1393849
2018-10-09,6325.3938578944135,6436.927068263093,6178.151469985658,6213.814453125,1079041
2018-10-10,6258.84547565842,6538.953853496126,6235.889573832316,6479.4541015625,1162309
2018-10-11,6307.075451330812,6446.202115698404,6219.147580605006,6377.1025390625,869569
2018-10-12,6446.202064219784,6794.946233449516,6446.202064219784,6758.958984375,1053651
2018-10-15,6789.381795961258,6807.93201944749,6609.490822548987,6661.38525390625,682234
2018-10-16,6691.0651037351,6750.425814386478,6607.4034210063,6632.5390625,637012
2018-10-17,6713.00132729698,6719.818625175148,6356.651796987052,6386.47119140625,1021019
2018-10-19,6334.900878139451,6460.1148779269815,6228.700856097436,6266.6826171875,903940
2018-10-22,6323.77000765372,6404.463464776904,6234.775145913371,6318.390625,774016
2018-10-23,6287.597582844413,6359.94344675677,6182.7888312790765,6280.45556640625,734440
2018-10-24,6353.451179592826,6385.914068831621,6205.049400215475,6277.67333984375,681526
2018-10-25,6214.323361691972,6356.881975785568,6140.308169075855,6235.841796875,2101936
2018-10-26,6260.7004019036085,6302.438404582966,6028.822609240512,6230.37060546875,874526
2018-10-29,6234.7298321758135,6316.350811829409,6206.023181472673,6305.8701171875,505428
2018-10-30,6305.2206156324655,6371.027710979262,6191.322430855875,6211.5419921875,771389
2018-10-31,6269.975359375345,6269.975359375345,6028.822460937832,6136.78466796875,1315746
2018-11-01,6166.975140036092,6251.3786505540265,6121.573290311767,6225.22265625,842039
2018-11-02,6279.06559223621,6640.053158395287,6260.747244718637,6618.21044921875,1834118
2018-11-05,6620.574193442169,6728.814919339564,6548.274522461543,6656.97900390625,1040315
2018-11-06,6673.44195008834,6713.324924911661,6538.95284893993,6562.140625,667413
2018-11-07,6622.429029193779,6625.211562399322,6576.053475768052,6611.2060546875,127507
2018-11-09,6613.1539067058675,6784.743454074814,6530.466385672626,6755.52685546875,986090
2018-11-12,6770.831225861671,6819.5255600202645,6540.80846640774,6574.01318359375,687443
2018-11-13,6538.907202736281,6649.095342656938,6512.055574653093,6632.1220703125,572295
2018-11-14,6659.6225377197925,6871.929737869815,6659.6225377197925,6834.87548828125,1112945
2018-11-15,6844.011060443171,6970.338244100614,6801.948344583187,6936.20556640625,1048278
2018-11-16,6956.333508881874,6997.190193202855,6773.1962542168585,6809.044921875,806420
2018-11-19,6826.481351709615,6909.029835446321,6761.555577984116,6874.38720703125,577408
2018-11-20,6874.387654292393,6904.856484950329,6781.636542935682,6802.3203125,637243
2018-11-21,6807.932429951091,6924.798844961151,6800.048584494063,6886.30712890625,701156
2018-11-22,6857.971204145595,6937.78335693009,6827.595214180426,6873.8779296875,668352
2018-11-26,6886.769987330684,7028.447309292267,6851.802637351609,7007.068359375,899481
2018-11-27,7021.258935717235,7102.694228083989,6957.028792877285,7093.23388671875,783389
2018-11-28,7102.881021884917,7123.750024626156,7002.33889481106,7025.15576171875,686734
2018-11-29,7061.141945803451,7088.039767480621,6985.08603623352,6999.6943359375,725583
2018-11-30,7024.969174155534,7166.878374531267,7021.305324102431,7106.21923828125,869715
2018-12-03,7131.16964483525,7234.587140497491,7077.003082975968,7215.99072265625,772869
2018-12-04,7216.036871016134,7220.628232442064,7142.763488906844,7161.91650390625,551195
2018-12-05,7138.774660696277,7178.8428673404715,6974.883272851237,7006.46484375,704296
2018-12-06,6910.0040853346,6943.626363662965,6659.529886831882,6687.0771484375,1339030
2018-12-07,6718.890436658862,6817.160419271686,6679.00745919112,6783.77001953125,688881
2018-12-10,6678.079509897286,6858.944163290337,6650.254178606047,6817.669921875,785024
2018-12-11,6715.6442702690665,6813.496693515167,6692.502686650189,6775.79345703125,843166
2018-12-12,6807.93168813494,6963.104118891181,6766.193687322123,6930.22412109375,643037
2018-12-13,6935.464473043285,7141.835699422708,6935.464473043285,7114.47412109375,881204
2018-12-14,7126.995701462961,7132.560768382375,6998.9529679132975,7106.7294921875,676653
2018-12-17,7134.322975790302,7234.587022408897,7095.460348901033,7173.41748046875,712296
2018-12-18,7151.1105108736,7220.673842691436,7100.097400873853,7208.94091796875,658919
2018-12-19,7216.963808059692,7373.481304860884,7216.963808059692,7360.72802734375,856358
2018-12-20,7280.962271929955,7344.960539033544,7200.871596361468,7241.12548828125,824303
2018-12-21,7262.412153365527,7267.049709019017,6970.246147195649,6990.001953125,1257227
2018-12-24,7011.984415519395,7045.050098012671,6928.508410572736,6983.37060546875,611297
2018-12-26,6945.203559109731,7049.084808925474,6865.437599429784,7020.4248046875,594156
2018-12-27,7094.532458744193,7112.9436447987755,6937.133642702911,6956.287109375,704523
2018-12-28,7000.854476563762,7030.534834704996,6947.058827432773,6961.4814453125,616845
2018-12-31,7002.709164631263,7023.81004323992,6903.558313526525,6924.33447265625,547975
2019-01-01,6909.725460320421,6950.767824375481,6858.944230218399,6934.814453125,625360
2019-01-02,6905.3202214886205,6919.23288815381,6718.890488175093,6741.01171875,891844
2019-01-03,6752.281182538063,6817.206963139391,6664.724220418677,6681.744140625,715168
2019-01-04,6714.252901542738,6779.1786790131055,6642.092718594471,6710.0791015625,774445
2019-01-07,6780.106041607224,6870.074616988332,6770.830930743193,6828.3828125,687845
2019-01-08,6845.031840177431,6914.40948851415,6791.329038675245,6900.21875,516841
2019-01-09,6919.6962907072375,6983.230798570443,6876.567026245353,6949.74755859375,740580
2019-01-10,6956.333126502799,6966.53574842167,6826.620610893357,6855.791015625,452699
2019-01-11,6847.537080609613,6863.582843128885,6754.13652211683,6789.845703125,488399
2019-01-14,6798.656548749893,6894.5149141311485,6730.948236599997,6871.65185546875,424152
2019-01-15,6891.407203857151,6928.5076464081985,6786.59845365044,6821.98291015625,491196
2019-01-16,6816.743191514856,6848.742326164461,6762.576630975107,6780.33837890625,424769
2019-01-17,6807.003780456636,6862.6082505658205,6777.787181589709,6804.453125,462725
2019-01-18,6812.570091197327,6844.986790348783,6787.52728759456,6824.58154296875,334555
2019-01-21,6824.626848437929,6845.032093160086,6641.907157062246,6685.87109375,654537
2019-01-22,6659.529781194384,6659.529781194384,6543.12713669022,6556.43701171875,896521
2019-01-23,6538.952676415982,6615.240457640835,6515.764900967698,6534.68603515625,702474
2019-01-24,6548.136136311021,6583.474403101042,6505.934377316784,6530.2353515625,520703
2019-01-25,6542.663590076437,6615.936970231815,5945.346415138923,6041.2509765625,3062762
2019-01-28,6040.4163613838555,6130.848698464074,5859.737370607847,6039.0712890625,2398091
2019-01-29,6010.27201969239,6139.335100649114,5980.035066793841,6053.81884765625,1101399
2019-01-30,6083.54496251384,6110.4427829000115,6036.241899076089,6073.57421875,583773
2019-01-31,6098.38498243705,6177.269613869058,5991.767409080098,6159.73974609375,926270
2019-02-01,6194.846638038712,6681.78996562822,6170.31378828469,6457.6103515625,2545419
2019-02-04,6469.3904603700685,6528.7511757053635,6354.981866095794,6481.6337890625,658776
2019-02-05,6487.940859570752,6608.51731586013,6479.036661452117,6579.3935546875,681498
2019-02-06,6603.879476628074,6696.630592872851,6554.7213850183425,6662.68359375,567827
2019-02-07,6679.007714022191,6789.381539597617,6664.260377484751,6773.1962890625,690174
2019-02-08,6743.005328060938,6770.830659538494,6585.328449688124,6617.095703125,576159
2019-02-11,6631.705047754341,6687.309525078504,6539.974281097633,6657.58251953125,502244
2019-02-12,6671.586938399869,6705.9048470222515,6611.252526152047,6643.2978515625,494592
2019-02-14,6526.617965752738,6595.717547225952,6483.303013392858,6508.8095703125,622311
2019-02-15,6517.991540102706,6547.022909828087,6399.826714245915,6427.6982421875,768798
2019-02-18,6459.8370232357465,6490.537279686006,6322.843446590337,6346.6806640625,509963
2019-02-19,6358.088525829814,6414.573860668027,6280.177594222271,6311.29541015625,493861
2019-02-20,6346.030663370067,6388.69617206855,6311.156156987098,6353.35791015625,534284
2019-02-21,6371.028289566175,6380.952387754088,6228.23775802476,6308.513671875,722938
2019-02-22,6332.118761608988,6436.0000127149215,6324.744866648282,6411.328125,764535
2019-02-25,6444.346983242016,6478.572051513586,6372.047313408217,6422.92138671875,495728
2019-02-26,6385.914157674331,6469.390159735434,6318.762442149104,6403.81494140625,673415
2019-02-27,6439.709794241498,6537.098463173567,6356.419475680779,6463.361328125,961829
2019-02-28,6501.852623958461,6529.677956157998,6308.00280963502,6334.62255859375,1031563
2019-03-01,6378.308346023221,6446.202341770196,6332.350350769866,6432.4287109375,768822
2019-03-05,6446.202008458168,6639.263349256536,6394.678949099029,6601.7919921875,838538
2019-03-06,6620.435232460018,6626.9740045968,6501.852847089552,6545.35302734375,557197
2019-03-07,6564.923332259386,6578.372242730954,6494.432491167027,6519.521484375,396771
2019-03-08,6469.390279155002,6515.765836711668,6447.130011527802,6462.61962890625,486432
2019-03-11,6474.028202812091,6605.363879853281,6469.390646792885,6568.54150390625,720905
2019-03-12,6582.546945731688,6707.76095695809,6581.619434537418,6638.38330078125,828847
2019-03-13,6656.747103213158,6680.816197190349,6538.953194601194,6577.02734375,534982
2019-03-14,6588.111687646621,6629.849689328178,6536.402941118915,6572.6220703125,584482
2019-03-15,6593.676547515197,6638.197081244376,6548.228502666661,6570.48876953125,861945
2019-03-18,6564.41281384885,6564.41281384885,6285.371042928247,6394.2607421875,1336134
2019-03-19,6399.826870920824,6401.635698799735,6315.655234901105,6330.44921875,816763
2019-03-20,6362.726129199125,6362.726129199125,6167.948798713438,6189.79150390625,1017560
2019-03-22,6090.9658653212055,6229.443102118934,6058.827693795015,6077.70263671875,1715983
2019-03-25,6042.735004530896,6141.051184190186,6020.660420818516,6049.7841796875,1093184
2019-03-26,6082.617333631683,6121.572796884585,6010.271473304865,6108.3095703125,909087
2019-03-27,6147.54330645664,6158.673439178046,6028.821890761641,6045.51708984375,887601
2019-03-28,6061.285642588118,6144.7616499076175,6029.935945438214,6118.095703125,949713
2019-04-01,6242.891846242962,6372.001579042715,6214.324684073682,6344.82568359375,1142386
2019-04-02,6362.216226590315,6400.476059648976,6293.62659926155,6390.2734375,866805
2019-04-03,6396.117207659987,6583.474469253276,6396.117207659987,6560.19384765625,1491021
2019-04-04,6603.879228390563,6650.254784769711,6549.75886351884,6597.4794921875,1388375
2019-04-05,6580.691618629939,6626.093470641675,6538.953616820446,6592.47119140625,729603
2019-04-08,6591.821238091833,6631.704214486647,6534.0374790278065,6612.64404296875,498374
2019-04-09,6616.864314163936,6710.5429370586035,6566.7787138044105,6693.43017578125,741669
2019-04-10,6695.656385802061,6695.656385802061,6626.6958454619535,6665.41943359375,590107
2019-04-11,6665.975877487776,6696.629937251018,6631.704162236119,6666.810546875,609539
2019-04-12,6667.785153658448,6823.699876454276,6641.953876244259,6810.57568359375,929935
2019-04-15,6818.18031836999,6854.260862616494,6766.193502157004,6819.525390625,585205
2019-04-16,6835.664409809315,6933.1459233354135,6817.20702829636,6917.88818359375,707823
2019-04-18,6987.0345030537965,6992.8314478810225,6895.164249700126,6907.59326171875,713163
2019-04-22,6883.987764107052,6886.677455868232,6770.831403662284,6790.541015625,479609
2019-04-23,6795.874040975061,6853.286889272697,6498.142968618981,6537.93310546875,952628
2019-04-24,6552.865004959569,6587.136716465542,6409.1008045676745,6508.06640625,1063510
2019-04-25,6506.258758727225,6627.0208901132255,6367.363965738252,6404.6962890625,3075510
2019-04-26,6311.71343627733,6387.630315210109,6260.70032253813,6346.81982421875,1999920
2019-04-30,6214.323639561651,6260.699189110619,6149.397870193097,6183.1591796875,1640025
2019-05-02,6075.197719841815,6223.553301803762,6052.009942285167,6198.78857421875,1337101
2019-05-03,6191.136720205383,6288.525387714232,6191.136720205383,6223.599609375,795679
2019-05-06,6176.296554643087,6244.004866475036,6158.024404405155,6223.27490234375,480317
2019-05-07,6255.969825002977,6293.394990243118,6195.774442330648,6216.1796875,586684
2019-05-08,6194.847167008321,6207.832323519493,6136.413962708048,6168.08837890625,552749
2019-05-09,6155.891171351671,6193.919126455697,6121.573260648038,6144.71484375,570000
2019-05-10,6142.906126318584,6181.768751533679,6098.38559271398,6150.8828125,608669
2019-05-13,6145.688668367957,6176.574607445354,6028.822267490449,6069.40087890625,555672
2019-05-14,6039.025598568108,6132.704232488455,5982.447413725126,6099.49951171875,843313
2019-05-15,6112.29833674206,6158.673893166507,5994.782495607995,6023.025390625,612357
2019-05-16,6034.387273919407,6054.143079382551,5974.469965713009,6009.947265625,555991
2019-05-17,6026.039445008307,6297.8001895654,6014.909312125422,6220.677734375,782196
2019-05-20,6376.638987678284,6631.704547185415,6362.726320796077,6571.04541015625,1286198
2019-05-21,6589.966207331629,6620.342195127563,6323.7705280206965,6376.96337890625,973836
2019-05-22,6378.679724053393,6428.162080527242,6345.10363999465,6399.64111328125,645280
2019-05-23,6488.867911333748,6538.11884326204,6334.901062665737,6426.95654296875,1364516
2019-05-24,6460.068449453774,6603.878860622226,6387.536902161533,6578.97509765625,1002742
2019-05-27,6580.691156151212,6672.421911993036,6399.872688754042,6556.06591796875,1022289
2019-05-28,6554.720965982447,6613.154165481087,6521.794321820514,6543.26611328125,915732
2019-05-29,6493.505143162419,6500.925231884787,6372.001190333641,6391.896484375,768022
2019-05-30,6390.5514804426575,6419.304324549148,6330.263258929047,6369.8681640625,850456
2019-05-31,6391.47858434866,6456.6824293848,6330.262855634828,6371.86181640625,1084204
2019-06-03,6269.974813839685,6543.590578644819,6269.974813839685,6513.8173828125,1157809
2019-06-04,6492.578149721584,6584.401754981933,6466.375959331636,6540.623046875,575281
2019-06-06,6548.414213278638,6584.401463704873,6425.797061635069,6482.09716796875,720856
2019-06-07,6483.302690594304,6483.302690594304,6365.184059581113,6444.5791015625,470376
2019-06-10,6474.028337888556,6532.73961716215,6420.23268694335,6464.70703125,395116
2019-06-11,6483.256550477581,6509.458739682565,6427.652077541161,6472.45068359375,387309
2019-06-12,6459.00171372164,6462.851247153294,6330.309546670021,6355.30615234375,494886
2019-06-13,6346.958974286268,6366.158636774672,6275.818685967083,6292.88525390625,561159
2019-06-14,6283.888462533492,6343.249180113144,6239.692643850283,6258.2890625,449930
2019-06-17,6260.143707397977,6277.441699884727,6084.936940560132,6104.5537109375,567397
2019-06-18,6125.7477328174145,6167.021981301081,5926.796580014123,5972.24462890625,1048826
2019-06-19,6014.910945946942,6085.077087144666,5917.522256768156,5958.935546875,715496
2019-06-20,5926.7957511063305,6167.02111879593,5880.65207526634,6137.10888671875,992450
2019-06-21,6074.270392195474,6074.270392195474,5908.431583256152,5952.07080078125,1345890
2019-06-24,5946.273219134724,6026.132009472931,5864.513212337659,5991.62841796875,911826
2019-06-25,5990.793965375264,6065.922361596876,5961.438330762219,6049.69091796875,580392
2019-06-26,6046.445155441816,6082.432406720359,5991.814839567854,6010.55029296875,572239
2019-06-27,6025.298172416994,6098.385870593692,6005.634754691127,6016.48681640625,1022011
2019-06-28,6028.821793798578,6075.197346058567,6005.6340176685835,6060.9599609375,618701
2019-07-01,6121.57308214831,6138.26828146326,6019.546864112505,6036.10302734375,754667
2019-07-02,6038.143296866882,6111.184794074152,6012.126792349466,6084.47265625,518084
2019-07-03,6104.878091403012,6112.298180240938,6042.781041786113,6060.171875,517709
2019-07-04,6065.922199406493,6110.442729310394,6038.282551578987,6070.0498046875,576449
2019-07-05,6072.600965352628,6102.095637713738,5843.320036114387,5898.970703125,866460
2019-07-08,5824.8625133471205,5827.691241029961,5551.756690501461,5600.96142578125,1927495
2019-07-09,5620.717907157537,5629.993019215553,5481.591226287302,5514.4716796875,1337999
2019-07-10,5527.038556419224,5560.428955484686,5472.315402395271,5498.19287109375,809385
2019-07-11,5540.951069058375,5611.441909575355,5500.140582443281,5594.0048828125,779113
2019-07-12,5581.483814826454,5648.542687249633,5520.499959048678,5538.58642578125,719883
2019-07-15,5546.516222579206,5654.1075071643545,5523.328445728959,5638.9892578125,675004
2019-07-16,5639.22141184881,5724.59862923958,5617.00733938349,5711.65966796875,627259
2019-07-17,5720.888884816999,5726.453951825576,5611.442566981655,5635.27978515625,598778
2019-07-18,5615.523424958032,5616.729461186742,5432.8965698084,5455.9453125,1097857
2019-07-19,5458.403737347671,5482.472835576838,5296.182109375731,5350.9052734375,1228672
2019-07-22,5361.0144407373145,5509.416224563954,5328.597744928162,5483.90966796875,897510
2019-07-23,5481.590538711694,5539.467140116776,5398.300224032649,5447.96826171875,841517
2019-07-24,5439.853354783396,5439.853354783396,5310.279855016201,5349.884765625,800687
2019-07-25,5369.4547827168535,5421.256369995844,5287.787155844745,5339.44970703125,990461
2019-07-26,5312.783541692406,5523.328559842576,5271.880211906241,5384.8046875,2346714
2019-07-29,5351.739035457406,5351.739035457406,5138.41148291751,5158.12109375,1548125
2019-07-30,5158.816947570732,5235.661335901719,5093.891167935717,5107.94287109375,1189163
2019-07-31,5125.241021936438,5177.645402835971,5051.272006418956,5073.2080078125,1053202
2019-08-01,5073.20715678731,5207.974325498338,5054.935008720559,5168.64794921875,1134178
2019-08-02,5138.040754925025,5309.073717006032,5087.398556565005,5276.935546875,1391678
2019-08-05,5194.062005478918,5282.175557357578,5056.79036676269,5259.3125,1122496
2019-08-06,5231.162957019228,5425.012790000969,5231.162957019228,5410.45068359375,1125521
2019-08-07,5411.053917203631,5441.707979910714,5319.925945663453,5356.376953125,955090
2019-08-08,5310.001476280894,5515.908957107857,5310.001476280894,5474.40283203125,831725
2019-08-09,5507.235940287433,5708.830559223284,5497.543721467785,5657.724609375,1445079
2019-08-13,5657.539557690712,5679.150384860103,5371.726653964964,5393.89453125,909354
2019-08-14,5447.076701126204,5580.056002507102,5369.959938437608,5469.6474609375,1030939
2019-08-16,5459.3020574161665,5637.987223808771,5257.105684919271,5619.22509765625,1207075
2019-08-19,5641.749366851606,5665.636661895104,5559.554277051516,5626.27880859375,902389
2019-08-20,5645.511587446583,5861.814713402391,5604.178697740226,5822.26904296875,2198337
2019-08-21,5852.410430620186,5902.254196138886,5775.293661327103,5857.958984375,2128640
2019-08-22,5830.779175327622,5923.4133283550045,5800.684831196899,5838.81982421875,1551394
2019-08-23,5793.16119429063,5905.638896332117,5680.3074047914615,5881.892578125,1232405
2019-08-26,6075.296332959342,6081.597520577321,5751.923076399167,5883.021484375,1552155
2019-08-27,5922.473268298131,5962.442321716578,5883.444663195412,5903.8994140625,1078065
2019-08-28,5875.921546352519,5875.921546352519,5708.521732772053,5739.9326171875,1242304
2019-08-29,5739.932800215954,5828.899312672761,5703.819672694465,5746.328125,1006756
2019-08-30,5778.114390691978,5792.456227355073,5692.439458195066,5759.0703125,794518
2019-09-03,5675.605402304769,5764.947989416443,5644.805720958377,5689.43017578125,1173373
2019-09-04,5700.998224660207,5714.352775677427,5454.600742828967,5483.51953125,1964992
2019-09-05,5459.30274845087,5640.809282550959,5446.371583456693,5613.20703125,1149196
2019-09-06,5640.527940551151,5849.589450577759,5607.047883366338,5818.5078125,1524051
2019-09-09,5722.6281403987205,5987.787733149128,5680.30796516159,5958.21044921875,2061193
2019-09-11,5953.038721748585,6235.173258324347,5910.8126779484155,6204.42041015625,2492039
2019-09-12,6174.04330085942,6244.576925774037,5990.655876081418,6011.392578125,1892862
2019-09-13,6050.844703651281,6124.951850191864,5962.442558462716,6066.173828125,1929801
2019-09-16,5971.752595516503,6102.569046482715,5962.5363858158535,6030.85986328125,1377371
2019-09-17,6028.27416820582,6061.98933476258,5746.13965175313,5765.32470703125,1706567
2019-09-18,5797.863642386536,5841.876438180283,5630.08776118554,5732.0791015625,1955137
2019-09-19,5773.41254861758,5807.268689968,5588.520307068788,5616.12255859375,1721431
2019-09-20,5656.796368217806,6535.927231088457,5626.184960579826,6199.38818359375,4892962
2019-09-23,6278.527354623582,6583.138484965842,6278.527354623582,6487.07177734375,3140286
2019-09-24,6522.008978004808,6750.443778847263,6446.773113802878,6591.6962890625,2354230
2019-09-25,6583.138589642803,6583.138589642803,6208.840138403112,6243.16650390625,2296343
2019-09-26,6301.003862273995,6488.999393130139,6283.182182594158,6449.07763671875,1893865
2019-09-27,6451.475447391098,6503.20010476814,6333.91940789782,6370.31494140625,1457894
2019-09-30,6369.656621824786,6404.077122990529,6244.576992310141,6315.86279296875,1264165
2019-10-01,6319.8128087216155,6442.07109222367,6253.981425297432,6378.12060546875,1473158
2019-10-03,6382.447320724031,6390.3001568491945,6282.195427598633,6351.83544921875,850852
2019-10-04,6388.466169730455,6438.215799717956,6224.263782404003,6253.60595703125,1065056
2019-10-07,6277.21044807133,6300.063158066842,6167.600923247577,6235.03125,696713
2019-10-09,6233.291784015828,6342.195521364836,6197.5547460266,6319.3896484375,1017731
2019-10-10,6301.004667221862,6340.597639135673,6167.696098329519,6212.08544921875,985523
2019-10-11,6231.693080538899,6319.813279742833,6231.693080538899,6299.9697265625,835065
2019-10-14,6299.0764512200185,6465.159268838941,6297.289231923817,6414.892578125,963217
2019-10-15,6405.393949429419,6601.007213484818,6403.513052659656,6569.7373046875,1276061
2019-10-16,6586.383871734373,6596.211282501289,6484.392053791443,6559.6279296875,876844
2019-10-17,6561.508380371503,6729.425255786542,6526.711790135909,6699.66015625,1248295
2019-10-18,6659.597416269448,7006.340942995404,6641.117696092686,6867.4365234375,1463126
2019-10-22,6896.3078296592375,6951.794282945736,6801.322545219638,6824.12841796875,959552
2019-10-23,6772.215467431662,7027.030133816068,6771.228180336682,6997.1708984375,1278695
2019-10-24,7015.744830401305,7029.851555931603,6838.0000887195565,6951.22998046875,1658859
2019-10-25,6956.027059362136,7061.827511491961,6915.917024239811,7026.2314453125,1353615
2019-10-27,7031.732575281763,7053.362888138722,6951.8413012874535,6980.10205078125,128351
2019-10-29,6974.364711252393,7296.656532817497,6942.2484931025865,7261.4833984375,1396732
2019-10-30,7282.832068006519,7291.90730280019,7090.69865257966,7106.92138671875,1243366
2019-10-31,7159.539575640536,7189.7280613030225,7055.243939293038,7109.2255859375,1067275
2019-11-01,7147.360181521465,7193.488986569566,7095.7765008569995,7164.9462890625,1151035
2019-11-04,7100.385166036672,7170.918793513857,6966.324435093023,6981.888671875,824953
2019-11-05,6987.484689732207,7092.814909273078,6888.784447650752,6948.97314453125,1207089
2019-11-06,6954.6159680924,6973.424936227876,6860.571127415018,6875.75927734375,923041
2019-11-07,6918.877903319085,6918.877903319085,6809.785904299782,6853.1875,877885
2019-11-08,6852.530985243669,6931.105271773546,6750.586003028846,6771.74609375,983936
2019-11-11,6733.610079639109,6806.447986877415,6652.731522816629,6712.26171875,864507
2019-11-13,6705.397104040294,6742.8740646882525,6672.48140998119,6728.5322265625,687017
2019-11-14,6733.610811308298,6837.06013941499,6733.610811308298,6815.57080078125,802462
2019-11-15,6865.273080736789,6920.759534403018,6692.4188545223,6721.57275390625,1049492
2019-11-18,6724.206005162054,6749.598111754974,6653.6723757372765,6675.72607421875,537228
2019-11-19,6720.4437313475655,6728.907766273696,6613.232622283247,6625.8818359375,755114
2019-11-20,6695.9923084652755,6788.156247542466,6624.518233262556,6726.7919921875,1289948
2019-11-21,6724.205604251933,6771.228021064884,6587.652322145809,6601.0537109375,763454
2019-11-22,6615.113240416432,6655.975902104006,6583.137998708419,6639.98828125,685503
2019-11-25,6653.860178864697,6830.946414944385,6621.038164929267,6805.17822265625,952419
2019-11-26,6806.964996984649,6840.821136787281,6662.135954495614,6700.6943359375,1249810
2019-11-27,6739.816272837801,6865.271972941036,6739.816272837801,6860.00537109375,1070680
2019-11-28,6865.084666537631,6885.116491870515,6790.930681665991,6828.83056640625,602077
2019-11-29,6822.01319599628,6859.490159336876,6707.278482746825,6814.3486328125,792083
2019-12-02,6856.808840186113,6860.429658132205,6683.53123371179,6714.18994140625,703838
2019-12-03,6717.293181197131,6808.845918082727,6639.565218461886,6713.67236328125,668269
2019-12-04,6705.208342943954,6743.014549623157,6632.041646296026,6654.70654296875,737723
2019-12-05,6667.779134801161,6700.8358041154,6574.251358037185,6595.2236328125,602894
2019-12-06,6595.223406877953,6630.160971789345,6455.331712615021,6476.5859375,770911
2019-12-09,6589.721664295096,6684.70694873834,6538.326253216715,6578.201171875,1479832
2019-12-10,6601.007033524746,6629.173645565385,6493.795920571074,6548.953125,790378
2019-12-11,6583.1385175080095,6616.054210095549,6541.006614677278,6576.74365234375,603048
2019-12-12,6611.728006744749,6626.352254150689,6560.097484024027,6582.9501953125,932863
2019-12-13,6624.471892913696,6817.310659534124,6611.493429075849,6785.28857421875,1199360
2019-12-16,6808.845151777133,6825.491269047716,6700.69360585802,6714.84716796875,727854
2019-12-17,6780.538116351753,6843.172065064988,6739.252527761383,6766.66650390625,939918
2019-12-18,6790.037352185951,6822.906206983468,6737.372242529107,6809.45751953125,841740
2019-12-19,6817.263516663092,6874.677706991593,6739.2531393025665,6809.45751953125,1001697
2019-12-20,6809.45747738614,6869.364222931351,6797.090673017853,6829.06591796875,679779
2019-12-23,6841.762445321341,6939.19299617717,6818.345370854312,6922.546875,914067
2019-12-24,6956.496199391578,6981.6063531315285,6867.153609295296,6891.4169921875,850537
2019-12-26,6897.248710817856,6906.136132066304,6791.918487800184,6809.69287109375,556360
2019-12-27,6835.178636855731,6929.693696432507,6819.5671023387085,6907.4990234375,665383
2019-12-30,6938.62746239255,6989.3648311641355,6904.3952365819305,6974.599609375,739631
2019-12-31,6971.073678343621,6971.073678343621,6917.233008112907,6929.7880859375,560622
2020-01-01,6937.687460607671,6968.675417344028,6848.3917063170675,6876.2763671875,634725
2020-01-02,6891.229694253688,6929.223717257924,6876.558607571925,6893.345703125,616838
2020-01-03,6892.499235210516,6895.367419045301,6795.679892256048,6822.24755859375,571967
2020-01-06,6771.227931263167,6780.632414501032,6608.0601470862,6623.01318359375,748516
2020-01-07,6677.183213081928,6738.876716018104,6607.966123426787,6652.35546875,590500
2020-01-08,6639.565122094601,6692.84142744469,6564.752642112652,6616.2421875,793313
2020-01-09,6714.800993248615,6808.845825086831,6679.063957150092,6797.46630859375,798184
2020-01-10,6828.9719546389415,6912.201638462095,6803.579847709843,6893.95703125,747847
2020-01-13,6895.3679827709975,6931.105023598234,6846.276390374353,6914.83544921875,537399
2020-01-14,6916.997248047119,6970.978888638539,6889.348159861589,6946.9033203125,548522
2020-01-15,6948.9259805938555,7058.064827320337,6915.116678918912,7037.328125,692726
2020-01-16,7012.453150870412,7073.112069697092,6979.25550765899,7018.23681640625,640207
2020-01-17,7024.208659196675,7119.099804966533,6989.929133484602,7072.3125,750738
2020-01-20,7073.347390170312,7081.106089318579,6979.11427865185,7005.96435546875,407828
2020-01-21,6970.132537170964,6991.903823355745,6853.798899418544,6867.7646484375,442561
2020-01-22,6902.890127345495,6935.758977232614,6684.659295488575,6710.66259765625,1048435
2020-01-23,6719.879081578472,6790.036615456949,6698.954107244135,6721.47802734375,589326
2020-01-24,6723.076720663117,6780.632341137441,6687.763070168325,6703.93896484375,645723
2020-01-27,6678.593639004089,6794.73900468979,6640.50548264562,6723.07666015625,573149
2020-01-28,6752.372636601287,6789.990572397051,6548.342173647683,6580.3642578125,1614448
2020-01-29,6592.542756215151,6692.465390715559,6559.6270648503105,6592.82470703125,1001252
2020-01-30,6601.947708292501,6629.220711645847,6565.27022102421,6602.37109375,579174
2020-01-31,6616.054023251044,6643.327024910501,6484.908319521064,6501.78955078125,868935
2020-02-03,6376.240095682597,6625.31794406331,6376.240095682597,6593.765625,1010531
2020-02-04,6601.947910925228,6785.335352895373,6584.079390938394,6770.8525390625,973311
2020-02-05,6785.335185120587,6800.946720353212,6607.214350549354,6621.60302734375,718489
2020-02-06,6653.671997895445,6696.321421906358,6561.3197873316785,6603.4521484375,875714
2020-02-07,6619.816445470784,6630.161378117492,6522.009809538271,6556.5712890625,645814
2020-02-10,6559.627901332745,6572.888316242774,6443.106430883072,6482.4169921875,593773
2020-02-11,6536.1163530744625,6666.838680135952,6500.661264859192,6614.87890625,743160
2020-02-12,6635.897878016547,6686.587953644442,6590.615380550883,6623.85986328125,599364
2020-02-13,6630.160541969514,6635.803231792466,6512.604503991331,6587.88720703125,723169
2020-02-14,6583.185449512227,6666.791677231714,6490.034221851085,6502.07177734375,614859
2020-02-17,6507.903324872407,6564.330232313498,6470.285386578347,6495.4423828125,463548
2020-02-18,6512.604840127155,6517.307081888979,6334.671828178391,6377.2744140625,830678
2020-02-19,6442.070687248297,6446.726089893379,6230.093737788838,6354.23291015625,1033939
2020-02-20,6358.371749184314,6402.1494393270505,6319.813364076111,6355.17431640625,682513
2020-02-24,6310.408167331113,6310.408167331113,6056.298849996618,6085.07666015625,1091346
2020-02-25,6117.992558169641,6122.318712387716,5996.8156973441655,6032.552734375,964897
2020-02-26,5971.846729568619,5989.574271937206,5817.660046467975,5863.55419921875,1580738
2020-02-27,5858.993788771658,5960.609059163641,5799.557263605511,5915.232421875,1492657
2020-02-28,5796.030051781044,5988.163926268626,5739.7445850854765,5908.93115234375,1468843
2020-03-02,6019.763081752146,6056.064020893313,5877.802218880426,5910.85888671875,1219764
2020-03-03,5941.753156561505,6039.700768306765,5906.486340580015,6005.75048828125,849199
2020-03-04,6009.465297106748,6041.440542819053,5839.244136108889,6004.15185546875,904360
2020-03-05,6030.0609845678955,6079.058437889694,5953.22662605901,5986.84765625,645853
2020-03-06,5827.394324348159,6094.105580160023,5736.876166618159,6062.08349609375,1140899
2020-03-09,5925.765153029724,5994.41788373456,5717.361703323425,5831.814453125,1082030
2020-03-11,5793.162158825551,5935.123028850178,5741.43749669318,5780.27783203125,937029
2020-03-12,5585.605011041497,5585.605011041497,5224.707936727204,5307.09130859375,1345964
2020-03-13,5008.076207362968,5702.409105684965,4517.0206879373945,5490.90234375,1480205
2020-03-16,5302.8116760877765,5349.269728513754,5078.420628335842,5153.8916015625,933412
2020-03-17,5174.346695315543,5404.709696702699,5174.346695315543,5270.2255859375,1238640
2020-03-18,5333.282440511403,5350.022236981934,4996.17855540154,5033.890625,973395
2020-03-19,4579.983893318615,4793.089601222116,4375.483196782632,4532.5380859375,2554559
2020-03-20,4579.043153170838,4913.842775789203,4526.001956484321,4776.7255859375,1614552
2020-03-23,4302.551151895283,4504.74754482588,3894.396572677238,3969.021240234375,1531965
2020-03-24,4082.4860266100727,4297.848685005306,3790.0066084401274,4219.2744140625,1746431
2020-03-25,4174.650049170002,4852.148920028618,4053.4263538202954,4707.83740234375,1728819
2020-03-26,4725.236176951296,4815.095838458385,4467.12992825729,4587.50732421875,1338787
2020-03-27,4796.287460932299,4830.613831976226,4283.743016577769,4369.41796875,1339426
2020-03-30,4314.259442662401,4363.632975038015,4015.713966549896,4070.683349609375,1528082
2020-03-31,4184.995498971925,4201.970409393164,3959.2878765554624,4032.9248046875,2140261
2020-04-01,4034.523378590874,4161.342929080245,3940.572681265744,3993.472900390625,1323842
2020-04-03,3996.905837854839,4012.8934612062585,3762.828314862078,3772.60888671875,1724808
2020-04-07,3902.860761054592,4338.194222537345,3874.647309769861,4282.47265625,2688172
2020-04-08,4144.086408454049,4631.708966671098,4144.086408454049,4418.3212890625,2798833
2020-04-09,4508.933522158763,5077.481482639209,4454.1523966978,5009.43994140625,3786650
2020-04-13,4970.269218054045,5025.191306409108,4703.181903403648,4968.529296875,2192268
2020-04-15,4991.429550453047,5031.398604790165,4740.800068550883,4790.92578125,2094519
2020-04-16,4718.2291202848,4916.663711550515,4674.028050192437,4825.251953125,1752169
2020-04-17,5007.887744539765,5269.285561760028,4901.335124191731,5177.16845703125,2192902
2020-04-20,5183.750771824789,5242.011724793923,4965.566777074544,5013.85888671875,1555307
2020-04-21,4825.722467672831,4825.722467672831,4593.619996986991,4703.2763671875,1843169
2020-04-22,4710.705641484505,4935.707902359963,4693.777571700772,4872.32177734375,1991584
2020-04-23,4861.178320023144,4932.276318807859,4744.562705458843,4849.28173828125,1454061
2020-04-24,4796.286801817508,4833.904737518037,4730.455414341582,4745.17333984375,1070808
2020-04-27,4843.403365049196,4913.842857908503,4694.294996681006,4755.236328125,1432313
2020-04-28,4786.882743698498,4815.096197983558,4693.073008200674,4751.80419921875,1172062
2020-04-29,4796.287176356956,4796.287176356956,4712.6341016291535,4766.6162109375,1038094
2020-04-30,4816.976336017113,5101.9321794011785,4816.976336017113,5039.67431640625,2341081
2020-05-04,4792.524189623771,4824.7345415654145,4551.769442264335,4595.31201171875,1742771
2020-05-05,4697.539059415765,4730.031363122415,4514.151648687823,4542.22412109375,1570620
2020-05-06,4552.898436565475,4702.24144105198,4429.511437470965,4554.826171875,2214528
2020-05-07,4607.726718093518,4641.441883481203,4453.022963602982,4466.47119140625,1530808
2020-05-08,4583.745463846477,4588.447705807747,4361.329419078383,4376.98779296875,1828141
2020-05-11,4467.129122104334,4715.9718172521,4448.4611327744715,4643.7451171875,3176473
2020-05-12,4621.362868927845,4688.134697111376,4410.74929198313,4656.44140625,3124672
2020-05-13,4937.354208137672,5000.787637788316,4689.310937205041,4736.1923828125,3304845
2020-05-14,4612.898975555049,4838.606570689241,4563.196190369218,4809.49951171875,2590674
2020-05-15,4805.690504315732,4818.104604759646,4665.704692011797,4796.662109375,2182462
2020-05-18,4777.853960522752,4791.584599006299,4401.815575863114,4439.81005859375,3164086
2020-05-19,4553.650376263025,4608.19637416126,4472.536715595391,4519.1357421875,2108177
2020-05-20,4470.891431974203,4627.005857238763,4462.897621041981,4600.62646484375,1518296
2020-05-21,4598.7929955751,4771.647239825599,4562.162344168268,4749.35888671875,1868166
2020-05-22,4711.646395079964,4843.309168595173,4637.1158607865345,4828.5439453125,1935875
2020-05-26,4890.331311606401,4971.021594566592,4853.324578013491,4933.73291015625,1508751
2020-05-27,4956.162972761775,4975.912388782268,4829.578528713573,4932.08740234375,1534655
2020-05-28,4953.341321744867,5167.7635395838315,4909.1402505236765,5142.70068359375,2325084
2020-05-29,5054.910408376424,5329.286243100856,5054.910408376424,5276.66796875,3386733
2020-06-01,5351.151004024932,5515.4002132129135,5329.4265557355975,5448.58154296875,2340994
2020-06-02,5452.4842877462015,5500.682264503907,5290.115975933823,5351.2451171875,2110719
2020-06-03,5388.769068494121,5484.69480060344,5272.153472596517,5289.08154296875,1652859
2020-06-04,5321.056735083705,5379.317693727629,5240.178177427784,5351.33935546875,1642049
2020-06-05,5387.170488768822,5440.494097747,5333.377114785006,5404.0048828125,1236658
2020-06-08,5501.623040527481,5501.623040527481,5361.966455652553,5393.283203125,1176769
2020-06-09,5411.340380756425,5442.3751796033075,5285.320288469084,5325.10107421875,1336806
2020-06-10,5318.235071852345,5398.17317638063,5280.617140309623,5337.6083984375,1432292
2020-06-11,5301.307296345506,5350.210610060241,5078.702990428074,5103.013671875,1766481
2020-06-12,4891.271377706826,5274.315768557344,4891.271377706826,5230.5380859375,2064628
2020-06-15,5191.274504348719,5252.403642533985,5070.003514990645,5149.65966796875,1530562
2020-06-16,5257.106338675242,5278.313265537236,5078.421150061951,5174.53515625,1184933
2020-06-17,5120.741063256219,5467.249427792764,5120.741063256219,5385.1953125,3454833
2020-06-18,5355.853537753402,5415.10178584444,5305.06932510394,5374.09814453125,1580214
2020-06-19,5408.519084851156,5581.561601215721,5367.139352677021,5546.15380859375,1854589
2020-06-22,5548.645582677875,5619.1792129661535,5460.5726814985765,5544.8837890625,1497563
2020-06-23,5548.645760890916,5649.462016702337,5513.425783354434,5535.94970703125,1398070
2020-06-24,5584.382674001441,5584.382674001441,5388.769404181248,5412.60986328125,1268449
2020-06-25,5338.92592586002,5498.613891238223,5314.4742658155665,5419.14599609375,1266203
2020-06-26,5454.599854828193,5464.004337336518,5355.852788490786,5412.185546875,1063057
2020-06-29,5388.768739717307,5454.600120481741,5313.532875986524,5340.52392578125,1102655
2020-06-30,5407.577739198273,5524.663552855697,5343.110191745314,5490.619140625,2015814
2020-07-01,5490.619129658839,5534.538248977745,5431.0889359127395,5457.515625,1284965
2020-07-02,5501.622640679287,5605.07195529035,5419.615363960842,5594.2099609375,1470941
2020-07-03,5594.210407387244,5631.969318393002,5532.704715338267,5578.833984375,1059779
2020-07-06,5608.316498495126,5781.594094685997,5572.1560783224295,5758.92919921875,1385081
2020-07-07,5774.352632417594,5877.801946679147,5729.822313028897,5855.9365234375,1799721
2020-07-08,5855.937148813577,5863.6958482117725,5663.944697364357,5684.4462890625,1204072
2020-07-09,5717.926115039739,5732.973289026686,5578.1285560579245,5644.900390625,1043427
2020-07-10,5623.881455790035,5722.722674888816,5568.394999955318,5600.9814453125,1168821
2020-07-13,5642.689519464271,5698.411078468981,5574.788971898752,5632.20361328125,1035069
2020-07-14,5596.607576605612,5603.896050596318,5407.577476975679,5428.0322265625,1602929
2020-07-15,5464.00483811969,5529.647948362773,5412.280179583273,5455.82275390625,1246705
2020-07-16,5463.065020975728,5567.454798446602,5409.459459571765,5525.4638671875,1018658
2020-07-17,5546.764734141397,5601.310742039023,5502.563658776079,5566.984375,810152
2020-07-20,5581.560828567719,5582.501276896037,5465.885684184597,5518.08056640625,912610
2020-07-21,5566.984189765818,5783.75754152543,5548.645446341468,5765.748046875,1854694
2020-07-22,5752.72322031388,5764.0086018152315,5585.981892312752,5645.88818359375,1140092
2020-07-23,5654.915966477197,5727.330489912876,5612.548951706862,5704.712890625,701651
2020-07-24,5652.095107878849,5687.220948850843,5578.834266457659,5643.34912109375,793324
2020-07-27,5650.2134908898815,5701.797172939478,5575.024464233096,5683.4111328125,902597
2020-07-28,5689.712725575951,5943.963038137184,5671.985181689485,5908.64892578125,1774828
2020-07-29,5896.564259687299,5920.122306949444,5754.556560187798,5816.81396484375,2057197
2020-07-30,5815.779107169929,6012.897162054611,5802.612831012409,5892.28466796875,2217867
2020-07-31,5891.90946601745,5999.920060998118,5839.244353472042,5889.79345703125,1613555
2020-08-03,6000.060364333895,6054.089304744205,5760.292878162467,5798.05224609375,1836582
2020-08-04,5829.839264370393,5997.098093615193,5816.672987599755,5980.26416015625,1223516
2020-08-05,6008.430878878544,6204.796786463368,6000.060979697376,6137.6015625,2278663
2020-08-06,6145.783583116882,6193.652315832069,6051.221219007635,6165.3447265625,1233252
2020-08-07,6111.033721891844,6347.556495215297,6095.845572026052,6281.2548828125,1567980
2020-08-10,6291.5990614573575,6327.994593969516,6184.387956374228,6215.32861328125,1601750
2020-08-11,6268.088392768103,6313.70013876199,6217.304180733673,6253.2294921875,880808
2020-08-12,6216.316917201332,6374.405921604692,6199.529821874512,6329.49951171875,1114981
2020-08-13,6386.101490396872,6426.002873407518,6314.980673734057,6387.71435546875,1087096
2020-08-14,6395.638749261264,6400.525531899929,6217.29133797464,6251.5947265625,905793
2020-08-17,6319.7258904275905,6443.03664324779,6251.594496341819,6422.58740234375,1028536
2020-08-18,6422.587514916637,6571.0915868667,6415.47070635673,6540.91650390625,1322527
2020-08-19,6570.237985199077,6656.30411294419,6533.27783892913,6633.150390625,1326450
2020-08-20,6539.018868647436,6641.405931286529,6528.533159079624,6618.34765625,958157
2020-08-21,6687.901969538757,6704.033401644625,6595.857915758215,6616.73388671875,971836
2020-08-24,6628.120654245168,6737.245045832598,6599.653421657144,6720.63916015625,961177
2020-08-25,6737.244706437899,6809.077205049935,6714.138711151165,6746.6865234375,1047620
2020-08-26,6746.73439733198,6792.281971322407,6615.785122109503,6650.5625,992395
2020-08-27,6683.157726538285,6763.530403627883,6605.157318981038,6735.34765625,1158891
2020-08-28,6760.967821798001,6790.38396249635,6669.350962472658,6741.1357421875,1019984
2020-08-31,6773.303711150126,6794.1796822408105,6443.510998639711,6490.48193359375,1580774
2020-09-01,6509.935324928918,6660.099998651627,6454.471473376752,6552.82568359375,1117127
2020-09-02,6552.6824771040665,6623.376104581332,6502.295382839405,6567.1533203125,776392
2020-09-03,6571.186717212007,6753.282036968762,6567.153858937906,6711.24560546875,947751
2020-09-04,6628.120152865896,6949.799856777355,6609.189259293327,6822.7412109375,2185292
2020-09-07,6855.858640200553,6927.0267229708015,6765.000721197203,6840.818359375,1348919
2020-09-08,6851.114036923363,6906.150687081473,6772.971390109687,6854.90966796875,1145062
2020-09-09,6832.136089792453,6885.6071364397585,6757.362341254389,6846.60693359375,1273303
2020-09-10,6892.866205068202,6926.457448257623,6801.771056983601,6862.1689453125,978701
2020-09-11,6908.0017605659405,6974.377585449205,6808.413698211159,6826.0634765625,1383019
2020-09-14,6850.165034587601,6869.7126268682405,6723.011396322642,6764.62109375,1003491
2020-09-15,6797.975272453164,6808.413257935713,6647.098936841766,6692.45654296875,894418
2020-09-16,6712.573044913752,6802.719276079543,6681.259090929846,6697.34326171875,920570
2020-09-17,6689.325468526658,6749.486129772158,6586.368973266691,6723.818359375,1133411
2020-09-18,6782.793120322427,6783.74202814564,6577.449560046038,6608.90576171875,1143550
2020-09-21,6608.905616392845,6629.9238315480425,6253.302417463491,6288.36474609375,1290480
2020-09-22,6333.959912498978,6344.350638812598,5989.838572616284,6111.48828125,2665724
2020-09-23,6131.841899704251,6215.298521911673,6054.031463960557,6169.1337890625,1456226
2020-09-24,6106.2213721992075,6155.374608323304,5949.793836920619,5975.9365234375,1237674
2020-09-25,6068.26524746962,6185.502618246292,6007.5351496059675,6165.71826171875,1316468
2020-09-28,6242.864244627522,6376.66024075041,6208.0391439910645,6360.52880859375,1099583
2020-09-29,6404.17920933885,6465.193799995871,6330.164395540001,6398.24853515625,1199391
2020-09-30,6367.170960015744,6433.547242018901,6330.163558012672,6398.912109375,812841
2020-10-01,6488.82112862889,6556.003611656217,6429.229444229382,6449.0615234375,1255993
2020-10-05,6514.251471087909,6526.207800977651,6400.3825451548355,6470.45947265625,833476
2020-10-06,6507.609617845743,6585.230089662931,6481.040199750135,6540.251953125,756192
2020-10-07,6566.441609719921,6708.777771780324,6514.773397558451,6686.85791015625,1101957
2020-10-08,6727.756321531184,6775.201711668921,6662.2816831411055,6718.125,851205
2020-10-09,6699.289120179041,6793.230993110729,6643.303559542984,6701.56640625,839682
2020-10-12,6746.733675386441,6789.434521433191,6647.098367944025,6772.02197265625,799712
2020-10-13,6770.456816417869,6817.9022040592,6663.230240348463,6673.5732421875,819414
2020-10-14,6680.310266928382,6713.52203672135,6573.510889684818,6644.583984375,779630
2020-10-15,6669.872325853311,6689.704404421474,6507.324619677576,6540.44140625,681316
2020-10-16,6542.719495168637,6623.376660808859,6512.354444574671,6542.62451171875,657914
2020-10-19,6618.631565816472,6623.37610457333,6476.295403110742,6501.86865234375,548457
2020-10-20,6468.704096544515,6593.959918862818,6462.061742330665,6494.89404296875,659864
2020-10-21,6551.25906405213,6592.631534353994,6419.028677269532,6511.2626953125,911967
2020-10-22,6479.14243342714,6509.507482910102,6429.040287113805,6463.53271484375,584523
2020-10-23,6507.60947151172,6760.683358515169,6482.93786954915,6740.3291015625,1758998
2020-10-26,6737.245801042757,6795.413667484391,6580.723264317359,6694.35498046875,1559351
2020-10-27,6705.931539330809,6841.388130138715,6692.6468298995605,6792.66162109375,1461819
2020-10-28,6827.34408724854,6957.391710691627,6746.73418753648,6818.8984375,1645177
2020-10-29,6750.5293835172415,6831.1865380855525,6629.733618538471,6754.04052734375,1434852
2020-10-30,6717.365663405425,6746.734545530002,6529.434656510822,6609.28515625,1360249
2020-11-02,6684.959641844905,6693.025357148649,6500.017627135224,6517.43017578125,1059351
2020-11-03,6585.419155829686,6607.481258909375,6502.34247558787,6560.130859375,926491
2020-11-04,6560.1311991087905,6693.594975640179,6556.477811764363,6598.75146484375,901404
2020-11-05,6661.332783149505,6741.894963031074,6623.0442605966755,6730.4130859375,843221
2020-11-06,6729.654291422809,6770.457327876727,6537.974910871849,6554.67578125,1378439
2020-11-09,6632.817740871301,6673.288562695147,6466.806148969569,6521.0361328125,1479540
2020-11-10,6616.828603383306,6617.682527675942,6415.992374429397,6446.357421875,1695413
2020-11-11,6508.558280907668,6551.25912981288,6408.069042484177,6506.99267578125,1481918
2020-11-12,6506.660437545873,6575.930703251116,6444.9814338357255,6487.5400390625,1418041
2020-11-13,6528.485320978815,6528.485320978815,6439.287992465442,6461.35009765625,970632
2020-11-14,6500.018277812489,6509.412372145764,6485.784661145746,6502.1533203125,128193
2020-11-17,6514.251464364621,6639.412299323445,6512.353648934362,6624.751953125,1243068
2020-11-18,6623.328477790222,6708.777430736434,6593.01069147903,6693.87939453125,1400300
2020-11-19,6671.770045280648,6765.711907673308,6561.886718845802,6607.52880859375,1305695
2020-11-20,6603.970821856174,6661.332481334546,6551.259181073177,6609.94921875,923474
2020-11-23,6680.310901219992,6684.106532413867,6578.3982963312255,6630.73046875,735755
2020-11-24,6689.800106450007,6840.676449276326,6689.800106450007,6792.66162109375,1910670
2020-11-25,6879.581585533749,6881.811611542044,6658.486066991768,6695.208984375,947742
2020-11-26,6718.267282053115,6735.347622600708,6550.310600001787,6636.8984375,1068945
2020-11-27,6680.595280336649,6747.683245938496,6575.930937189393,6676.3251953125,2123905
2020-12-01,6776.909228799101,6776.909228799101,6618.821567262197,6738.8583984375,1076695
2020-12-02,6746.734594663889,6851.114454778239,6741.990055567782,6838.30419921875,1106734
2020-12-03,6879.581031840586,7385.206607654426,6879.201561415944,7343.69189453125,3846792
2020-12-04,7399.582456153305,7479.90740258802,7250.841169925807,7404.46923828125,2393536
2020-12-07,7428.808599567261,7434.692012785838,7297.100392893822,7347.77197265625,1037296
2020-12-08,7352.137783785517,7603.74059940097,7306.590208460052,7366.0869140625,1885285
2020-12-09,7377.758365495894,7401.433801147026,7298.999015742047,7315.36767578125,822760
2020-12-10,7363.524274697841,7448.925973760059,7316.078886329943,7340.75048828125,1186739
2020-12-11,7382.455474136464,7397.400772088077,7306.590109677106,7338.42578125,706875
2020-12-14,7410.969273324458,7425.202889086285,7263.888577118915,7303.552734375,1038032
2020-12-15,7303.553422939278,7391.991815877426,7250.17735880024,7368.50634765625,891801
2020-12-16,7420.458665647894,7495.422378510578,7373.01327776012,7398.01708984375,963504
2020-12-17,7401.385230953147,7431.75027798655,7235.421363427975,7300.89599609375,734075
2020-12-18,7319.873893450924,7332.20969337507,7156.42454445599,7173.5048828125,1078328
2020-12-21,7173.742817626581,7210.750221050845,6906.245807080535,6999.23876953125,970306
2020-12-22,7002.938672220161,7057.975317611593,6836.974811801383,7017.5517578125,1138240
2020-12-23,7022.297258025977,7169.567935336658,7016.224340714316,7069.31591796875,951805
2020-12-24,7123.687596552282,7147.884743804882,7035.391917107218,7065.6142578125,589281
2020-12-28,7083.596418157198,7157.611223330174,7073.158432812292,7100.6767578125,521320
2020-12-29,7135.786290149533,7159.508983933274,7039.282186503726,7071.5927734375,538719
2020-12-30,7113.961141588737,7244.910406299854,7050.384324663773,7223.939453125,1029800
2020-12-31,7225.60062406225,7303.743273382666,7192.721061743616,7258.76513671875,908515
2021-01-01,7262.939910671695,7352.611692950042,7259.144279675786,7298.333984375,767574
2021-01-04,7343.597072391756,7358.969563265131,7252.122458019045,7308.77197265625,598645
2021-01-05,7268.633262837024,7280.96906341364,7198.414090323977,7264.31591796875,562668
2021-01-06,7262.939565355061,7353.085797221893,7169.472156524715,7238.83740234375,840678
2021-01-07,7283.8159923641215,7310.764880179779,7166.246413137472,7179.4833984375,642968
2021-01-08,7211.698207348801,7648.195730425176,7211.698207348801,7605.39990234375,2557157
2021-01-11,7685.203708250775,7864.547269290335,7479.670201186286,7812.1201171875,2182019
2021-01-12,7744.036331649008,7903.4528374347,7724.1092684257965,7769.7041015625,1514072
2021-01-13,7769.656612106731,7828.488892266796,7696.590715778907,7723.966796875,877225
2021-01-14,7747.642513051119,7762.066097490041,7613.514761116749,7733.0771484375,718274
2021-01-15,7740.382853541271,7799.547345133658,7591.3093515527025,7614.74755859375,751177
2021-01-18,7601.70055971842,7613.989101343123,7349.2910791435725,7430.56494140625,771183
2021-01-19,7496.3714859679085,7582.057673442319,7434.692480070704,7517.81689453125,779892
2021-01-20,7479.290680970968,7752.576105497691,7458.651937972855,7728.80615234375,999226
2021-01-21,7785.788241639776,7844.620523295068,7611.616406040603,7664.0908203125,769494
2021-01-22,7671.919133319522,7883.5255608681,7591.26197483688,7637.6162109375,1172914
2021-01-25,7702.285021539067,7747.548111335785,7543.912393977333,7573.7080078125,753043
2021-01-27,7584.572279770359,7676.663590288173,7420.932955234692,7468.7578125,1080785
2021-01-28,7439.436925528761,7576.601358509648,7175.640565159246,7200.78662109375,2085637
2021-01-29,7292.355906162786,7292.355906162786,6803.668425138214,6838.44580078125,3069968
2021-02-01,6894.004923742989,7093.085588780841,6786.588378723823,7021.7275390625,1611478
2021-02-02,7149.925543983139,7372.776641410066,7107.461918422071,7263.60498046875,1700845
2021-02-03,7287.611319590789,7322.199191460668,7093.891900422343,7201.45068359375,1491567
2021-02-04,7211.698963105367,7368.268743225418,7144.373772320198,7249.6552734375,1198036
2021-02-05,7287.611431807583,7340.750265164515,7079.800637072446,7111.2568359375,1128089
2021-02-08,7131.041685562375,7247.757337900922,7092.610921987489,7187.5966796875,912372
2021-02-09,7193.670167817335,7287.61204179358,7187.027813091741,7237.3671875,925127
2021-02-10,7216.6335491573645,7282.772142647406,7122.548973206629,7232.29052734375,1015600
2021-02-11,7211.698880698029,7348.341596332308,7181.001622400917,7275.60791015625,818869
2021-02-12,7230.771836669204,7282.866778023737,7141.3845437799855,7181.80810546875,756833
2021-02-15,7211.698953183966,7258.290416719336,7192.720798044009,7208.52001953125,470093
2021-02-16,7248.706615410049,7400.531861969233,7235.65913328387,7303.79052734375,1321126
2021-02-17,7287.56466907207,7298.524368866305,7089.574685252263,7119.84521484375,1023548
2021-02-18,7187.834741743544,7191.819876725121,7078.852582178214,7114.48388671875,821462
2021-02-19,7067.465033114844,7103.90299862095,6912.793067433087,6948.8515625,1013887
2021-02-22,6948.851644416577,6950.749459968787,6695.493268196554,6724.3876953125,1502068
2021-02-23,6755.084159068761,6758.453059508617,6583.521826917904,6614.361328125,1589884
2021-02-24,6552.207213144825,6676.514113205936,6526.112253208332,6597.70751953125,1225254
2021-02-25,6704.034022395124,6707.829653830309,6561.6978435756955,6576.263671875,1740066
2021-02-26,6547.4638837281655,6713.52275034446,6473.639041503165,6515.34326171875,2687534
2021-03-01,6620.529395992961,6673.525986691296,6563.642190838607,6656.587890625,1417600
2021-03-02,6699.288845215976,6865.347704693709,6670.82161216265,6845.515625,1395296
2021-03-03,6875.406454200905,6891.252936474065,6738.384260431013,6760.68359375,796258
2021-03-04,6718.266737151448,6808.602938498664,6652.792103696158,6767.23046875,906310
2021-03-05,6765.712301238749,6941.260236123625,6708.777835870681,6878.63232421875,1821165
2021-03-08,6893.719712227893,6963.843901186708,6847.318216647152,6888.595703125,977572
2021-03-09,6954.924733478464,6954.924733478464,6885.274993657034,6928.49755859375,678485
2021-03-10,6946.005326838763,7009.582151551631,6880.530686462824,6900.552734375,659270
2021-03-12,6927.027373116857,6939.363175288161,6700.61786521368,6733.64013671875,946720
2021-03-15,6779.946146005967,6796.9792261359935,6652.792502399977,6727.091796875,700250
2021-03-16,6737.245221770777,6832.135999542196,6737.245221770777,6784.97509765625,796357
2021-03-17,6794.179620238668,6803.621437865704,6683.631865244561,6703.701171875,688581
2021-03-18,6760.968181668424,6871.990396020032,6699.289173695308,6750.29296875,984545
2021-03-19,6699.241938936353,6784.6436426062455,6552.682941027076,6750.10302734375,838756
2021-03-22,6741.040648653406,6777.573596988591,6689.989597092588,6738.43115234375,533767
2021-03-23,6773.30357956275,6855.858554544812,6765.712317495434,6819.08837890625,757590
2021-03-24,6771.40594121802,6792.661382895875,6689.75261180356,6705.17236328125,457147
2021-03-25,6689.79971105371,6698.339880897609,6410.109148666039,6440.0947265625,1338767
2021-03-26,6537.025007135889,6546.466823884865,6425.053900902469,6437.81689453125,911299
2021-03-30,6463.01082252995,6523.740919819909,6395.6383708489,6501.72607421875,1088817
2021-03-31,6502.20070070127,6585.32511624017,6448.018436254242,6508.74853515625,735382
2021-04-01,6594.909164199778,6634.288837626295,6504.762923825824,6570.142578125,660759
2021-04-05,6555.529818121352,6555.529818121352,6381.0257588662225,6422.72998046875,668129
2021-04-06,6469.890400354764,6497.12423867701,6376.660211987535,6406.36083984375,628262
2021-04-07,6443.083386203796,6533.229619147737,6428.897030528027,6514.25146484375,598115
2021-04-08,6529.434041782258,6584.755176698087,6459.072626790526,6478.05078125,604553
2021-04-09,6500.017980387645,6523.977900680315,6431.696623513498,6478.2880859375,641327
2021-04-12,6395.49627561731,6395.49627561731,6169.940708088701,6187.4482421875,1020746
2021-04-13,6186.878227991345,6495.652702101936,6138.29396822941,6467.56494140625,995718
2021-04-15,6496.792351113345,6497.029578067542,6216.295107802917,6304.78076171875,1267365
2021-04-16,6333.9596093632545,6438.197224590115,6268.532230761444,6308.43408203125,1000325
2021-04-19,6168.232836844519,6196.367860112249,6087.243464413488,6179.05029296875,772219
2021-04-20,6277.024779503361,6337.470388639531,6223.4587515692165,6307.0576171875,914142
2021-04-22,6287.415026884979,6333.863779815182,6210.6007648645445,6310.3310546875,667911
2021-04-23,6224.835130387643,6371.63135149421,6224.835130387643,6335.00341796875,709306
2021-04-26,6348.38285920022,6442.134760228521,6262.791194212437,6299.70361328125,937344
2021-04-27,6329.167839401855,6366.222504088369,6207.754899649144,6233.13818359375,1610651
2021-04-28,6233.137888614708,6310.236644610894,6210.601329169669,6237.9296875,1406270
2021-04-29,6296.003136440984,6307.817223665822,6217.243790499069,6230.1962890625,757075
2021-04-30,6203.105130125257,6224.4555551367785,6092.936844399032,6125.81640625,849997
2021-05-03,6101.47672096964,6283.6670056393405,6073.009488989999,6260.7509765625,834923
2021-05-04,6300.699844585133,6308.812820056514,6150.8196885923635,6175.728515625,507170
2021-05-05,6222.652454632492,6261.842158852001,6151.768861318006,6253.39697265625,499160
2021-05-06,6253.302442142372,6366.222471067249,6239.73324584882,6326.0361328125,520125
2021-05-07,6337.755124875382,6409.444923025035,6300.74772109186,6360.576171875,605050
2021-05-10,6334.14976721928,6427.095011682041,6319.821166240168,6418.41259765625,541534
2021-05-11,6338.846667530742,6404.1790655259365,6319.963494024169,6392.4599609375,406046
2021-05-12,6386.149383104926,6490.529239292377,6343.448532846423,6469.22607421875,770204
2021-05-14,6490.52910497402,6492.5691639995985,6357.871984916432,6392.22216796875,647029
2021-05-17,6373.338510855779,6489.010265799124,6355.356524765792,6374.61962890625,995827
2021-05-18,6441.185607736337,6513.302594505336,6372.342537937102,6463.10546875,805827
2021-05-19,6451.623473891375,6504.71504521759,6414.616073467524,6429.70361328125,432774
2021-05-20,6434.352962799065,6466.521303576096,6385.67418451485,6393.59765625,470476
2021-05-21,6433.59456014562,6486.2589403945985,6399.671108003258,6466.47412109375,434363
2021-05-24,6454.471059089804,6609.14303536614,6454.471059089804,6520.51513671875,1027484
2021-05-25,6585.37276935222,6593.011291689667,6536.07682457663,6558.66064453125,438736
2021-05-26,6572.135327551675,6690.748800832639,6558.850618544207,6674.90185546875,691574
2021-05-27,6663.230356942294,6707.829022105537,6596.000148811356,6612.84326171875,922091
2021-05-28,6631.536984353804,6686.953105875067,6585.894427604073,6613.88720703125,393809
2021-05-31,6599.65370913367,6737.245339302524,6570.284827567523,6724.2451171875,718277
2021-06-01,6744.409651972584,6778.0486198307135,6687.00072834109,6728.84765625,642841
2021-06-02,6702.563091488714,6829.95396565804,6702.563091488714,6817.6181640625,598862
2021-06-03,6832.135279405646,6860.602509736503,6798.970770736666,6841.14990234375,401590
2021-06-04,6832.136318900768,6900.457682089776,6785.734819068347,6846.08544921875,575591
2021-06-07,6852.062695550917,6954.402486557968,6842.668601721917,6903.92041015625,520482
2021-06-08,6943.632451617445,6990.081671253235,6922.47199415344,6961.89892578125,538816
2021-06-09,6936.7064683713015,6964.224796489287,6832.136636189391,6869.14404296875,443778
2021-06-10,6887.171665730217,6907.525919984919,6807.510683849703,6832.0400390625,278027
2021-06-11,6873.887848746501,6873.887848746501,6819.23066882299,6854.7197265625,253689
2021-06-14,6827.39135124148,6844.424430912037,6732.547835045308,6811.11767578125,322353
2021-06-15,6814.249474058346,6859.512563569205,6790.669021458529,6800.11083984375,207625
2021-06-16,6799.873066847568,6826.205257414834,6708.777921101355,6750.76708984375,283007
2021-06-17,6699.288410492118,6736.390794497447,6576.974299743527,6613.27001953125,595255
2021-06-18,6632.722936407303,6632.722936407303,6472.4997699742,6603.78125,797389
2021-06-21,6518.9964025887775,6571.186330120419,6492.4269849363045,6547.36865234375,443795
2021-06-22,6585.419843988447,6926.979376993988,6575.930766403449,6894.1943359375,1757310
2021-06-23,6894.859131791949,7096.881511900077,6870.139805337944,7052.947265625,2227399
2021-06-24,7068.223990479222,7164.253641846528,7031.501537891537,7142.85595703125,1041762
2021-06-25,7154.764850031458,7273.378325661954,7154.764850031458,7258.19580078125,1216123
2021-06-28,7304.692485112926,7304.692485112926,7184.560661007422,7208.14111328125,433364
2021-06-29,7207.9032682074285,7212.6478069569075,7071.782266151352,7104.94677734375,480219
2021-06-30,7122.0274477031535,7255.91843010025,7109.786629827612,7131.89599609375,729267
2021-07-01,7116.808272995087,7216.443588817017,7112.110994201361,7196.89599609375,584331
2021-07-02,7235.422285574111,7244.436910061056,7160.980280135199,7186.8857421875,434905
2021-07-05,7208.187327910448,7297.100164138622,7195.567040918488,7211.1767578125,484183
2021-07-06,7211.699049381902,7266.688439966988,7104.899665240723,7130.99462890625,425103
2021-07-07,7143.378687369362,7193.6708061832005,7053.849134134921,7068.79443359375,395336
2021-07-08,7074.106711604128,7114.909741597284,7007.683174405967,7023.0556640625,391940
2021-07-09,7003.888324399122,7067.370162216333,6968.20929920323,7046.3046875,400686
2021-07-12,7116.8082848517515,7202.02001738216,7070.359064112403,7088.43603515625,496478
2021-07-13,7135.7862840439375,7144.51642068243,7025.712984981557,7050.716796875,350032
2021-07-14,7056.078827957058,7068.414630103835,6936.516437919055,6952.41064453125,460178
2021-07-15,6981.114332922411,6982.06324067461,6896.661542976769,6933.6689453125,430055
2021-07-16,6958.340538131942,6958.340538131942,6901.216106187794,6930.39501953125,281552
2021-07-19,6881.194574809396,6924.1799109181675,6785.734361676901,6799.44580078125,386598
2021-07-20,6813.157901701055,6893.815063489996,6779.4244152511155,6863.16552734375,413816
2021-07-22,6928.92510721779,6950.749987725324,6876.070754742069,6926.60009765625,439934
2021-07-23,6927.026607992272,6998.194689581233,6905.201729638324,6921.19091796875,436330
2021-07-26,6933.668368702762,6983.960475386934,6813.157094195406,6866.10595703125,431758
2021-07-27,6871.325757684375,6946.004985691965,6794.986404387037,6870.32958984375,417171
2021-07-28,6908.04881715456,6938.413866900295,6702.135823566299,6798.9716796875,739427
2021-07-29,6765.712434704994,6765.712434704994,6581.624326383428,6636.1865234375,1519226
2021-07-30,6642.353815482217,6732.500045835191,6609.047062969247,6621.193359375,715546
2021-08-02,6737.2446958290675,6744.314243554706,6671.770064278053,6715.37255859375,433760
2021-08-03,6760.920985044174,6852.0633961937065,6724.055823419892,6831.56689453125,470570
2021-08-04,6851.113769209717,6878.252622790531,6645.675246905853,6739.99658203125,484122
2021-08-05,6753.462225051489,6761.054326822523,6690.435004059776,6711.01416015625,495133
2021-08-06,6737.0358102825985,6845.614693973596,6725.337577737271,6780.9638671875,517575
2021-08-09,6813.623964244581,6842.272698502092,6720.9930568119635,6762.7724609375,264983
2021-08-10,6727.869310309819,6784.880014851228,6679.930239161885,6686.5673828125,356726
2021-08-11,6686.6146506489,6775.4257278426085,6613.22604897908,6705.236328125,414311
2021-08-12,6705.714129433248,6765.68529685259,6670.380688420854,6696.16455078125,330283
2021-08-13,6713.353304269738,6732.356871147982,6659.732517294797,6686.8056640625,431784
2021-08-16,6667.993597417252,6701.894603175693,6503.263358168491,6519.3544921875,750966
2021-08-17,6493.71329549143,6630.272266264264,6442.527462139955,6575.2666015625,752517
2021-08-18,6630.988612737601,6630.988612737601,6512.812578055149,6532.00732421875,434144
2021-08-20,6508.037906388182,6603.1993652027095,6474.614380823459,6542.32080078125,657982
2021-08-23,6593.984037489906,6606.398489696621,6494.6684198361845,6518.44677734375,537302
2021-08-24,6483.686421989191,6543.371288529338,6436.989075665785,6496.76953125,646993
2021-08-25,6530.002078711973,6530.002078711973,6398.217889349256,6409.15234375,722194
2021-08-26,6398.217624953517,6399.506911314656,6294.127218816214,6310.9345703125,1199429
2021-08-27,6331.131836948994,6393.0609470814625,6302.721840772783,6326.45263671875,1428388
2021-08-30,6388.6675479852765,6503.262481581425,6354.145917497033,6490.75244140625,819447
2021-08-31,6512.811837658773,6562.469640526552,6458.904286299623,6537.736328125,938326
2021-09-01,6493.665363157228,6512.812080191573,6400.46139027695,6479.29296875,1108476
2021-09-02,6544.039372263121,6550.0078583942695,6406.047972910957,6486.9326171875,741052
2021-09-03,6465.064523971144,6644.596596424109,6447.493393116327,6553.97119140625,1196077
2021-09-06,6613.083279806077,6640.777058161943,6530.0019447384775,6538.5009765625,897444
2021-09-07,6570.014317640752,6617.762209404429,6544.994702129389,6567.38818359375,743783
2021-09-08,6543.4664709505705,6549.434957233693,6451.6949326036865,6475.8076171875,847767
2021-09-09,6445.965270424078,6511.332319570466,6436.415692245672,6495.86181640625,515702
2021-09-13,6527.614660349847,6584.864572399107,6506.4144086660635,6564.09423828125,508397
2021-09-14,6598.759076771016,6641.732182191377,6542.512149822862,6583.90966796875,817280
2021-09-15,6625.4974882739,6625.4974882739,6570.109933601099,6597.8037109375,310138
2021-09-16,6601.910245081734,6636.002428531554,6560.56075464265,6618.765625,556648
2021-09-17,6641.731962841216,6746.538588710637,6636.957173507757,6698.50439453125,980793
2021-09-20,6665.510123422124,6699.459154352246,6595.130010500291,6637.3388671875,550405
2021-09-21,6601.146303638167,6627.121344324654,6437.3710282567645,6471.74951171875,1085249
2021-09-22,6512.81284596417,6537.641751242039,6479.389319628577,6523.3173828125,548623
2021-09-23,6558.649984360338,6570.013888600397,6513.76696903347,6538.3095703125,432740
2021-09-24,6541.461513274705,6720.802417590586,6539.551597504405,6639.10595703125,1649962
2021-09-27,6659.876073272953,7112.5260960334035,6659.876073272953,7069.98291015625,2646138
2021-09-28,7112.526005809638,7182.762968559647,7003.183332922259,7089.4638671875,1346961
2021-09-29,7057.616207806179,7128.760569822492,6962.597898804526,7051.45654296875,643556
2021-09-30,7052.124547388045,7074.3748774041005,6972.194393762743,7007.52783203125,625717
2021-10-01,6894.79608191492,6894.79608191492,6770.651554124209,6839.69482421875,901588
2021-10-04,6856.597261898617,6889.973224779189,6810.568107692117,6847.333984375,466994
2021-10-05,6842.081757092071,6971.1922437937,6833.34398609889,6931.32275390625,546004
2021-10-06,6943.403107108319,6953.525753822013,6841.556943187442,6874.98046875,726695
2021-10-07,6909.072283729602,7214.706348275359,6899.809006337066,7155.021484375,1646727
2021-10-08,7208.690598787562,7230.893369077192,7067.786286488516,7095.3369140625,630622
2021-10-11,7085.978174635092,7462.804155895968,7085.595818478196,7353.93896484375,1069536
2021-10-12,7341.620724476742,7400.923703149261,7286.376316867239,7347.2548828125,406814
2021-10-13,7391.373667132119,7400.875684136723,7101.591524636136,7145.1376953125,1084436
2021-10-14,7200.3814284954115,7219.480583478157,7109.660442327366,7159.22265625,831546
2021-10-18,7071.462924932864,7358.236582625265,7071.462924932864,7312.1123046875,913963
2021-10-19,7324.718159193045,7418.68592185986,7243.355560840833,7310.8232421875,658869
2021-10-20,7272.004408763339,7321.996548087756,7176.508618759881,7248.8466796875,488082
2021-10-21,7305.427532687659,7305.427532687659,7147.859487864984,7234.04443359375,563128
2021-10-22,7257.67954727696,7281.553493156161,7053.843610845143,7075.18701171875,224520
2021-10-25,7023.714820175701,7062.915652473309,6894.461184985975,6933.56689453125,248058
2021-10-26,6937.7691281208745,7007.433493286662,6885.437621832094,6968.662109375,292203
2021-10-27,6956.867460970689,7125.178770510302,6917.714191801189,7024.908203125,1218064
2021-10-28,6923.443810190401,7190.5456841139,6909.167005059716,7037.75244140625,961511
2021-10-29,7018.940139800724,7209.931708230675,6966.2743080637665,7145.37646484375,819875
2021-11-01,7067.643270226175,7320.707108438571,7067.643270226175,7272.529296875,1005690
2021-11-02,7303.470213832764,7553.716736652549,7287.092313364472,7440.79296875,1302733
2021-11-03,7440.792889329524,7489.018261153715,7364.2531102760595,7385.8828125,656492
2021-11-04,7424.511059032606,7467.72290218815,7387.07652441359,7398.4404296875,53365
2021-11-08,7410.425406035578,7527.550893893082,7326.436676030166,7338.46923828125,428433
2021-11-09,7361.770119471696,7414.77028053418,7199.140982942925,7236.24072265625,632879
2021-11-10,7229.030966157452,7238.580544712481,7123.985602052126,7173.30908203125,562432
2021-11-11,7173.643061957596,7226.643220362634,7106.79601532061,7117.73046875,486991
2021-11-12,7190.8329396432455,7204.2023501551985,7106.796644996684,7142.94189453125,349666
2021-11-15,7116.345605582693,7238.437054942512,7116.345605582693,7165.14404296875,314414
2021-11-16,7205.157526024714,7762.614213343061,7195.655508179615,7687.74560546875,2619355
2021-11-17,7673.086449399434,7973.898177036126,7654.034853467236,7902.03759765625,2377268
2021-11-18,7863.123547793141,7991.087909634808,7640.713940506542,7751.53662109375,1337493
2021-11-22,7790.54612772115,7819.051712755226,7454.926005365347,7510.17041015625,672298
2021-11-23,7495.5600574155,7595.687485302803,7453.446321266432,7500.2392578125,567198
2021-11-24,7511.221260360167,7542.209830309196,7292.631493278768,7324.001953125,571078
2021-11-25,7295.878113135523,7371.701674613908,7100.111750152175,7231.41845703125,1007618
2021-11-26,7181.283165399903,7181.283165399903,6808.849596981557,6847.525390625,1154876
2021-11-29,6843.227506621966,6885.245649280544,6675.823592954235,6827.470703125,733010
2021-11-30,6827.470923886348,6923.444184652916,6699.554137573321,6749.45068359375,1287938
2021-12-01,6867.101209107431,7047.588224615886,6808.896347485153,6945.646484375,1669583
2021-12-02,6956.8682884202635,7024.1452588639895,6919.290601868306,6995.01904296875,618573
2021-12-03,6975.967137826755,6998.886126369923,6826.754972832172,6884.0048828125,603798
2021-12-06,6869.0123268854295,6875.697032333532,6704.759564446351,6725.62548828125,609507
2021-12-07,6807.894239136055,6934.712450005802,6771.797020371502,6862.89990234375,637151
2021-12-08,6899.570551351493,7160.13089719543,6828.999258623648,7100.01611328125,930339
2021-12-09,7132.579763580229,7132.579763580229,6995.065841240485,7087.4580078125,615037
2021-12-10,7047.588884890192,7138.309880020893,7026.532250956639,7091.1826171875,431682
2021-12-13,7147.859144850385,7234.664715756701,7090.561676755392,7177.8447265625,883009
2021-12-14,7178.227238833109,7215.948075266334,7121.88472365437,7155.642578125,749704
2021-12-15,7139.264683858392,7295.877766810877,7117.348215308073,7227.0732421875,529018
2021-12-16,7249.56246199843,7277.733718354743,7072.41778219856,7115.19970703125,595582
2021-12-17,7143.084483174788,7143.084483174788,6914.849564527893,6967.9453125,1081907
2021-12-20,6875.696552633636,6991.77149333685,6718.940314069738,6958.39599609375,867425
2021-12-21,6977.399863711247,7071.415655041677,6955.913311061757,6985.66015625,415744
2021-12-22,6976.444401085515,7118.2556383124265,6976.444401085515,7089.3681640625,368978
2021-12-23,7144.039882257005,7162.18408193123,7023.71518968056,7054.4169921875,249919
2021-12-24,7105.841650094449,7114.29312066738,6925.497759548798,6987.5224609375,357447
2021-12-27,6949.323655334795,6999.840830829017,6862.518082627544,6961.1650390625,190180
2021-12-28,6990.291437144476,7027.534793162049,6928.31476615745,6968.75732421875,214533
2021-12-29,6968.995637505308,7033.2641101363715,6914.32430413052,7018.9873046875,287776
2021-12-30,7018.940092589215,7062.056345614662,6928.600988071894,6954.24169921875,296041
2021-12-31,6961.690156040078,7113.9583688542,6961.690156040078,7091.94677734375,313398
2022-01-03,7085.787777711223,7263.362389733908,7085.787777711223,7185.0078125,456599
2022-01-04,7257.679504199451,7304.472437844947,7181.282877839457,7286.423828125,495182
2022-01-05,7281.4101963528365,7456.310627090055,7263.027258395423,7425.13134765625,710043
2022-01-06,7431.481869675908,7543.641853877237,7337.848440498265,7527.0732421875,739981
2022-01-07,7527.073572662339,7586.949151754379,7482.572442353661,7549.89697265625,523116
2022-01-10,7591.915257581036,7861.213383699004,7567.229502762615,7759.60595703125,827930
2022-01-11,7735.158210174052,7794.795511531886,7705.840819084493,7777.033203125,688923
2022-01-12,7830.654196179971,7830.654196179971,7749.482780731764,7802.7216796875,288174
2022-01-13,7806.780002089253,7887.951414955012,7593.824413041436,7713.24169921875,684931
2022-01-14,7592.869262188096,7778.131070371279,7592.869262188096,7720.06982421875,299536
2022-01-17,7758.84182565132,7991.947610577267,7735.254645092749,7893.20458984375,862249
2022-01-18,7877.39998553098,7877.39998553098,7536.050105035543,7558.634765625,785199
2022-01-19,7571.861213290275,7696.960698589937,7505.969117979765,7654.65625,681632
2022-01-20,7639.662677731706,7773.356774592011,7637.322844521448,7674.37548828125,522850
2022-01-21,7611.01382571181,7872.672268402529,7502.196195603152,7820.72265625,1041476
2022-01-24,7820.149858620796,7957.472611374081,7594.588627215344,7689.60693359375,1153538
2022-01-25,7630.113304912601,8273.754902848908,7532.612014104111,8215.1201171875,2162832
2022-01-27,8266.114688572763,8567.547490143816,8021.693053982221,8422.9189453125,2899559
2022-01-28,8398.854147810922,8527.77345536686,8138.48452140921,8165.796875,1045088
2022-01-31,8236.512091312281,8327.23309405717,8167.563942710946,8210.0595703125,561419
2022-02-01,8301.449192488248,8394.843890480719,7974.853584087123,8173.8671875,819689
2022-02-02,8193.252299933967,8291.899262306964,8060.08323720907,8131.705078125,580433
2022-02-03,8164.889933951507,8401.719489930452,8138.819770151295,8206.57421875,810019
2022-02-04,8250.74009972239,8289.033533685186,8109.596593721686,8165.4140625,404421
2022-02-07,8160.11505025855,8226.962101577226,8021.646158241288,8128.267578125,446099
2022-02-08,8228.585327268998,8393.219497755304,8056.071822102491,8212.1123046875,998182
2022-02-09,8233.647464813492,8584.880813157743,8233.647464813492,8546.3486328125,1403525
2022-02-10,8642.367741880389,8642.367741880389,8393.983601135838,8408.8330078125,811887
2022-02-11,8344.421692704533,8465.701339645877,8282.635733298735,8343.6103515625,671572
2022-02-14,8117.1415635037565,8227.009275445156,7950.02394307868,7989.5595703125,995540
2022-02-15,8031.194751317862,8273.992761487014,7980.104511223271,8234.314453125,682766
2022-02-16,8327.231260284942,8342.892939813999,8159.158702737906,8196.3544921875,422704
2022-02-17,8188.762626161705,8268.310419443522,8141.014739128693,8167.228515625,305313
2022-02-18,8164.890071612232,8256.518468931095,8136.288895898795,8183.12939453125,385273
2022-02-21,8159.207395855715,8331.290986183309,8063.281693730331,8224.765625,626049
2022-02-22,8112.366732591545,8269.743595815142,8007.177755017889,8234.41015625,620828
2022-02-23,8298.583176295537,8394.031393704947,8265.350831794034,8307.0341796875,557954
2022-02-24,8023.555948869504,8200.461892636235,7787.68135718053,7840.34765625,947351
2022-02-25,7887.952065564007,8084.673388264514,7839.774254144717,7979.72314453125,1344343
2022-02-28,7926.150059492417,7964.300811655418,7748.6234905741585,7939.6630859375,961303
2022-03-02,7828.4582747425075,7829.699533451532,7414.292862265849,7462.23193359375,1783011
2022-03-03,7567.085770180756,7582.317533934015,7218.048686763155,7253.4296875,1050154
2022-03-04,7144.9945127731435,7180.519130707105,6808.849355262298,6920.86572265625,2511658
2022-03-07,6677.065265028225,6713.210512788305,6426.866309159033,6464.1572265625,2469925
2022-03-08,6402.992447541491,6546.236126457407,6242.129609603709,6499.7294921875,2840376
2022-03-09,6564.3798239300995,6759.286801398364,6471.748918646244,6710.34521484375,1827539
2022-03-10,6928.219209430942,7066.544947414399,6854.018797888475,6886.96484375,1535070
2022-03-11,6875.69657188749,6875.69657188749,6761.101629022698,6782.6357421875,1024452
2022-03-14,6732.452976715456,7004.615969391187,6696.164577692025,6987.18798828125,1023874
2022-03-15,6991.245914861876,7276.778291387447,6988.381041518811,7085.88232421875,1586111
2022-03-16,7229.030187885683,7253.620350017527,7104.885680035599,7148.62255859375,584457
2022-03-17,7232.850738775308,7393.23609581828,7190.832593474791,7346.49072265625,1133271
2022-03-21,7490.689195325559,7582.36514672169,7305.42737687921,7358.47509765625,1354525
2022-03-22,7367.4522014498525,7457.265800118558,7197.1829381758125,7416.8232421875,1093502
2022-03-23,7448.670887705054,7508.642051413944,7268.183862349124,7300.50927734375,808597
2022-03-24,7257.01093921795,7310.20227751073,7187.347044445438,7216.56884765625,565485
2022-03-25,7176.507755529425,7202.5779165492895,7052.363243457725,7081.44189453125,686637
2022-03-28,7090.561577467055,7199.4267653231145,7079.102084008522,7140.5537109375,599515
2022-03-29,7195.607017062063,7222.441424477517,7067.642671967662,7104.07421875,446257
2022-03-30,7182.238434711163,7286.281285428186,7152.634739527538,7256.34326171875,589206
2022-03-31,7256.294836416506,7308.0537387713,7188.922746133135,7220.72265625,434317
2022-04-01,7232.850411504289,7380.868871206317,7178.752145135307,7353.22265625,449386
2022-04-04,7305.427406252296,7442.941333899398,7287.903836797998,7424.60595703125,491029
2022-04-05,7430.527095823555,7544.167080967239,7381.82424504769,7412.23974609375,488132
2022-04-06,7390.419286245086,7495.464656640093,7329.301979833446,7395.38525390625,393628
2022-04-07,7314.73840740237,7399.013437847654,7277.78135201201,7296.35546875,458566
2022-04-08,7361.578945558184,7382.301717581639,7176.890189170836,7217.52392578125,849846
2022-04-11,7271.861036827216,7273.48418543501,7147.859664027334,7224.63818359375,496254
2022-04-12,7200.382085272754,7364.157354188441,7162.183771823032,7275.203125,598047
2022-04-13,7275.2031855529885,7357.902628117564,7104.886360783855,7133.0576171875,527991
2022-04-18,7042.335965319814,7256.723981349958,7023.714289094479,7232.37255859375,551783
2022-04-19,7238.579829297597,7332.165689887461,7018.9395442397545,7100.20654296875,425990
2022-04-20,7161.229348946036,7352.220930462133,7136.0185534435195,7321.3759765625,542622
2022-04-21,7362.53396379723,7543.975958214643,7339.853714495054,7524.30419921875,772708
2022-04-22,7438.166723353292,7655.56278551633,7382.779167832109,7548.46435546875,960818
2022-04-25,7458.220907004002,7637.752985175161,7458.220907004002,7555.9609375,701521
2022-04-26,7639.662610269706,7704.122263543857,7477.319779801475,7550.61279296875,801963
2022-04-27,7497.374697872681,7510.744108873855,7372.275209218838,7437.59423828125,570519
2022-04-28,7490.689290594927,7582.365243157027,7416.871236140856,7532.8505859375,561932
2022-04-29,7561.3560835614,7588.572381664646,7282.508397731653,7370.17333984375,1162749
2022-05-02,7319.751732032197,7400.923147194981,7204.488135985844,7290.8642578125,544053
2022-05-04,7305.428090438726,7398.059008709648,7025.147940825162,7064.68310546875,599211
2022-05-05,7114.435720779834,7198.472008488375,7047.731824153581,7073.9931640625,524174
2022-05-06,6984.561738524745,7028.394210730402,6834.29902706139,6951.376953125,650559
2022-05-09,6877.128763111908,7090.08435766498,6808.849278759689,7028.77587890625,570578
2022-05-10,7019.082933214342,7233.805286358093,7019.082933214342,7177.3671875,663616
2022-05-11,7180.3277441868295,7219.05109670964,7015.693111670015,7063.2978515625,605312
2022-05-12,6896.227886890188,6994.063501919116,6886.009651716161,6926.9296875,571754
2022-05-13,7009.390514571743,7009.390514571743,6744.246564727049,6782.06298828125,703097
2022-05-16,6834.633554749568,6976.3016496624905,6827.948849582145,6921.15283203125,369545
2022-05-17,6952.092716397702,7243.020514081116,6928.266333004195,7193.505859375,811448
2022-05-18,7225.210799562786,7296.020828005898,7171.351272268528,7225.73583984375,576970
2022-05-19,7114.435734126202,7186.057570375794,7052.411037418856,7071.03271484375,363255
2022-05-20,7181.808055166441,7304.376988179092,7114.435965524895,7244.88330078125,742204
2022-05-23,7448.767177446791,7596.546911844846,7425.848187944022,7541.732421875,1161175
2022-05-24,7562.311097548178,7584.227566382957,7440.36279546827,7451.20166015625,581609
2022-05-25,7486.869632652733,7505.491310948235,7349.403262002276,7436.49560546875,454335
2022-05-26,7448.671011671204,7486.821763175668,7276.778603709561,7453.44580078125,476799
2022-05-27,7568.040937318999,7607.098620002891,7480.184815396809,7585.1826171875,431411
2022-05-30,7620.754724074974,7696.960173019693,7592.869768694736,7652.9365234375,389517
2022-05-31,7652.936869320278,7735.158836132327,7544.167259931529,7607.52880859375,2494005
2022-06-01,7615.836145075216,7705.459029377356,7525.163180205723,7581.7919921875,522004
2022-06-02,7568.040473423469,7612.923489480366,7501.76649616301,7568.42236328125,352848
2022-06-03,7591.914159126821,7634.887258140746,7335.030522799133,7357.9970703125,591905
2022-06-06,7343.625802867748,7426.611546056077,7249.51489408092,7363.25,606990
2022-06-07,7272.051316490588,7467.7701070255935,7214.706286263217,7457.6474609375,991192
2022-06-08,7471.590466017205,7564.221380537101,7372.943503358135,7536.95751953125,813596
2022-06-09,7494.509455686653,7649.2126325242225,7477.415802861589,7572.6728515625,687937
2022-06-10,7473.500041751058,7628.394389622257,7473.500041751058,7577.68603515625,442921
2022-06-13,7496.371831029213,7608.483793398196,7442.703011411665,7545.6953125,565826
2022-06-14,7453.446010281494,7545.50385365312,7400.923328594692,7459.79638671875,553462
2022-06-15,7463.950509411107,7571.86074579333,7463.950509411107,7499.7138671875,604566
2022-06-16,7580.455812311411,7663.537149634552,7453.446411576035,7480.75830078125,1319566
2022-06-17,7453.445801488708,7496.132602651767,7301.75065819056,7341.85888671875,1317656
2022-06-20,7352.984015517405,7433.48723929282,7282.508315112164,7315.88427734375,1043423
2022-06-21,7367.452615122298,7486.869913645523,7281.697116185526,7430.1455078125,954884
2022-06-22,7400.923372452298,7514.563357138985,7369.027873369268,7432.1982421875,796824
2022-06-23,7458.221425953633,7943.148875814758,7451.536720450218,7898.45703125,1676430
2022-06-24,7935.699475485341,8012.096101001445,7867.228813351334,7986.50341796875,1156788
2022-06-27,8063.663657484465,8161.738009990146,8013.289633570171,8068.19970703125,921090
2022-06-28,8036.209351206591,8155.245224742396,8003.549604985932,8107.30615234375,691242
2022-06-29,8012.048692040897,8145.790350614028,7992.997096675195,8125.64111328125,655413
2022-06-30,8117.1419906830115,8245.678948469758,8055.642330099649,8089.20947265625,1130302
2022-07-01,8059.844704868355,8069.394283902559,7931.497989618219,8024.12890625,530569
2022-07-04,8024.128436463934,8086.200696552137,7945.249291289951,8063.04296875,625431
2022-07-05,8115.709236789409,8125.30637660588,7959.573629303963,7972.65673828125,610290
2022-07-06,7999.682081743128,8262.725413706128,7992.997376649157,8241.333984375,976098
2022-07-07,8303.357909844985,8308.132698752313,8189.909111922042,8218.7490234375,547662
2022-07-08,8231.737283326804,8267.023165041433,8064.619647064368,8094.17578125,686327
2022-07-11,8071.018159252076,8141.016389315958,8037.021097247802,8124.4482421875,536114
2022-07-12,8112.367125648054,8114.706958950531,7998.965878306005,8040.458984375,424358
2022-07-13,8073.21436577299,8105.826552216155,8003.502436662341,8060.0361328125,413855
2022-07-14,8083.67036659183,8200.556643949154,8069.393560700008,8181.83984375,606496
2022-07-15,8208.818070375513,8402.674523177542,8189.910090558314,8382.66796875,631246
2022-07-18,8405.538885189844,8444.692156525085,8292.85386037135,8312.716796875,478682
2022-07-19,8308.085285237552,8402.57854591048,8277.049156787563,8323.2685546875,478458
2022-07-20,8380.23245398189,8466.131097477966,8327.423472392116,8354.9736328125,398132
2022-07-21,8396.943840718071,8434.092071749588,8329.189399056859,8400.763671875,421090
2022-07-22,8451.376329455628,8488.619682771874,8395.033820592591,8433.1845703125,415294
2022-07-25,8430.845810757819,8459.589670485368,8107.592561967932,8233.2646484375,623462
2022-07-26,8233.646720279665,8236.893950054335,8089.781944742854,8141.8271484375,429454
2022-07-27,8170.188412028857,8315.246864097837,8078.942387535876,8268.119140625,1298855
2022-07-28,8308.132700211805,8375.123361623782,8240.139519644306,8328.234375,725196
2022-07-29,8369.920088965271,8540.188904082372,8336.782861750991,8378.37109375,821432
2022-08-01,8451.376292073677,8675.79136875586,8425.210076059928,8597.8671875,1009408
2022-08-02,8580.295381671194,8782.602807929308,8550.691691428367,8759.875,848311
2022-08-03,8790.347063870779,8790.347063870779,8512.402638134969,8612.228515625,753729
2022-08-04,8674.277409002776,8697.347295728847,8487.7958246337,8619.1982421875,643264
2022-08-05,8619.293548955833,8636.980836691355,8468.57048448929,8498.5615234375,558385
2022-08-08,8498.561092166401,8649.284148984296,8498.36865538677,8576.181640625,520993
2022-08-10,8592.187098994764,8650.72731485845,8483.95125072956,8535.5703125,445375
2022-08-11,8608.624692966381,8649.28518128097,8385.903969937228,8472.271484375,508318
2022-08-12,8473.377449390608,8473.377449390608,8338.803105327683,8362.0654296875,712782
2022-08-16,8398.544896933743,8689.657665701461,8367.688359028289,8654.7646484375,963726
2022-08-17,8660.819995471129,8718.494712422102,8574.307920044668,8597.7138671875,623749
2022-08-18,8579.114114736842,8663.127327604567,8532.97434134666,8600.9345703125,442229
2022-08-19,8608.38241233603,8620.445850308883,8377.25084583429,8438.72265625,572597
2022-08-22,8411.857189279273,8427.66986139726,8268.824083711463,8293.6240234375,488485
2022-08-23,8273.43772844877,8417.624513538502,8232.104183389714,8382.5390625,558231
2022-08-24,8324.38294803395,8432.042404174805,8260.940768522374,8366.677734375,442582
2022-08-25,8383.019843694561,8492.601802435665,8343.608788357848,8397.3427734375,525721
2022-08-26,8458.95801226756,8490.438793506395,8368.793397561825,8382.634765625,398063
2022-08-29,8269.208994790908,8516.538177978804,8257.097678688151,8491.833984375,459057
2022-08-30,8540.47051661834,8808.850343819675,8526.244276481943,8730.2685546875,1016312
2022-09-01,8603.09619791537,8875.801634077365,8594.492866099748,8674.7568359375,888864
2022-09-02,8676.680345414276,8795.298386067063,8557.101059500821,8573.9228515625,632909
2022-09-05,8555.083219574437,8667.35648352181,8531.052086935184,8603.193359375,386455
2022-09-06,8636.115348848427,8673.075415756617,8526.245206590142,8544.2685546875,397902
2022-09-07,8520.477479446377,8529.657183391882,8420.50797833374,8444.443359375,496785
2022-09-08,8486.835062798655,8540.760550606226,8439.73404138319,8449.9716796875,428924
2022-09-09,8492.265524098359,8640.633349467465,8391.670835560237,8599.2998046875,632296
2022-09-12,8622.274723921582,8663.030962035695,8558.928282195611,8581.662109375,383641
2022-09-13,8624.58050846112,8640.681366285917,8565.560613753889,8580.5556640625,405093
2022-09-14,8516.48750384337,8651.206387689163,8483.661545057443,8619.677734375,509547
2022-09-15,8680.092172001223,8963.611636105757,8680.044297483646,8852.828125,1392132
2022-09-16,8852.58717660896,8954.864035681989,8670.479095863046,8833.5068359375,1056382
2022-09-19,8819.713600341074,8981.347369118888,8718.494660438844,8921.1728515625,727024
2022-09-20,8977.0683619503,9064.541669685334,8891.517544495158,8940.396484375,747257
2022-09-21,8939.581482283245,9033.783523709457,8854.463396880647,8889.5009765625,440725
2022-09-22,8842.495172367804,9069.349054385284,8829.998983951587,9037.4833984375,511112
2022-09-23,9033.734543250848,9084.728413526644,8917.807808539772,8981.3466796875,574213
2022-09-26,8911.03144526751,8911.03144526751,8458.958002491216,8492.5537109375,865432
2022-09-27,8545.470246010213,8563.68603118446,8334.476914289264,8434.013671875,686285
2022-09-28,8382.059445455066,8507.021340857493,8324.43259902433,8388.5478515625,663740
2022-09-29,8430.505699967853,8458.958183827028,8270.649864225636,8290.595703125,817007
2022-09-30,8332.073776778961,8528.167806597017,8226.529236708337,8486.017578125,658982
2022-10-03,8622.370438366532,8622.370438366532,8180.197595373377,8215.763671875,1123076
2022-10-04,8361.871755841508,8419.113718122493,8295.545838936914,8353.701171875,503140
2022-10-06,8395.515397438383,8482.988708769604,8353.7012321317,8365.716796875,474445
2022-10-07,8410.89630156317,8502.79097595438,8373.40773519049,8438.8681640625,428616
2022-10-10,8338.801735253988,8532.444759834867,8322.460567588361,8518.939453125,411218
2022-10-11,8469.532221956082,8507.020788141112,8329.190410083924,8347.5986328125,422610
2022-10-12,8360.911697008167,8382.059093804462,8257.673575343437,8349.953125,380365
2022-10-13,8329.189316098573,8444.971483429083,8259.018419378988,8314.337890625,355605
2022-10-14,8420.508758102087,8426.852601542982,8272.765168975271,8283.3388671875,274160
2022-10-17,8276.321418228757,8410.607564407106,8235.035747917264,8385.7109375,304671
2022-10-18,8425.361977084736,8543.787572407677,8412.865789596613,8466.0224609375,369973
2022-10-19,8508.366782993804,8511.826890489387,8358.027646844179,8381.43359375,385416
2022-10-20,8362.833675288328,8400.514676832841,8277.282848035378,8369.947265625,328270
2022-10-21,8391.671296099415,8453.190994031875,8306.12046616209,8366.005859375,356203
2022-10-24,8448.191770630296,8448.191770630296,8406.906100840377,8425.7470703125,30052
2022-10-25,8478.183296606052,8667.548615135689,8456.459528951524,8656.013671875,727441
2022-10-27,8699.269086140048,8725.174832101095,8557.004796112564,8691.53125,849108
2022-10-28,8742.52512584139,9179.843818917365,8700.230336887347,9124.66796875,1873029
2022-10-31,9276.016162747575,9390.404341334826,9084.824117336768,9158.359375,1932020
2022-11-01,9261.598481022073,9263.42522258158,9011.67470260321,9088.189453125,805517
2022-11-02,9078.960885866392,9088.188464271392,8853.068264566382,8871.716796875,788679
2022-11-03,8853.068179584092,8949.192698363508,8809.23577450708,8881.0400390625,616860
2022-11-04,8899.112238940545,8962.650170648463,8834.852434622582,8871.8125,465775
2022-11-07,8917.471925488571,8990.33412558109,8895.65147120353,8971.58984375,469017
2022-11-09,9112.939918816324,9113.420541382702,8862.680123990247,8894.8818359375,617256
2022-11-10,8844.416684987222,8892.238631523263,8719.454814641787,8744.6875,445700
2022-11-11,8843.456476070294,8881.906286835816,8699.269685699583,8735.3642578125,461074
2022-11-14,8747.331531797994,8807.937855382244,8644.045544813942,8797.65234375,282822
2022-11-15,8833.843522975098,8846.868207890902,8776.168810093866,8807.12109375,359888
2022-11-16,8805.005761589808,8893.920939859137,8747.186489099087,8780.9267578125,350737
2022-11-17,8748.292084491353,8814.233126101562,8622.368970210684,8638.181640625,409572
2022-11-18,8660.819357593697,8674.22891604039,8493.562690754485,8505.1455078125,515615
2022-11-21,8482.989587974838,8583.1515337993,8445.501022090302,8521.6318359375,520644
2022-11-22,8531.051165877236,8588.678003467689,8515.719117165498,8529.849609375,455948
2022-11-23,8593.53294287593,8640.633962361491,8557.005621642229,8588.24609375,621006
2022-11-24,8621.312046939433,8646.304420971675,8575.268028524413,8619.5810546875,455343
2022-11-25,8651.206890279394,8728.106507081877,8600.741516752765,8669.951171875,545439
2022-11-28,8678.122502105738,8751.27289339048,8603.145369278507,8637.173828125,439956
2022-11-29,8636.787668188836,8674.997162881156,8543.546888688077,8564.88671875,606692
2022-11-30,8578.151579460538,8670.431112363745,8526.244342202484,8626.3583984375,1087650
2022-12-01,8669.51876454971,8675.238361517413,8583.920062975123,8610.9794921875,694489
2022-12-02,8478.18290255366,8582.862883265487,8415.461651488851,8474.193359375,971612
2022-12-05,8501.2532864663,8510.096930816879,8425.314909077015,8451.31640625,519621
2022-12-06,8437.041832514558,8458.95803604656,8357.979412234465,8379.5107421875,551379
2022-12-07,8382.058782199556,8408.829087571408,8306.120405617703,8323.5673828125,546450
2022-12-08,8329.189873339417,8373.407153682594,8272.524279591205,8346.2041015625,476001
2022-12-09,8369.562004609941,8424.11267002416,8214.273029398655,8279.541015625,790406
2022-12-12,8275.36035824414,8356.393145085662,8185.291490565107,8324.1435546875,445039
2022-12-13,8326.306664429743,8360.286309791558,8276.321909575165,8286.607421875,330236
2022-12-14,8314.77112436911,8341.397804614631,8262.911757185473,8306.6962890625,343670
2022-12-15,8306.12004875901,8337.456267832196,8242.67786345429,8251.4736328125,472176
2022-12-16,8227.779516423288,8255.175008708828,8118.678169952813,8156.935546875,624222
2022-12-19,8169.430558668229,8287.327658521297,8123.483225622796,8270.4091796875,464106
2022-12-20,8251.713760236484,8251.713760236484,8105.267489191916,8193.990234375,694906
2022-12-21,8193.990076733913,8234.939685141693,7967.088336911188,8026.7822265625,800720
2022-12-22,8032.790034446745,8059.079715044127,7966.800176322247,8011.353515625,580858
2022-12-23,7978.047680476966,8007.125350351202,7808.051357935649,7826.07470703125,503012
2022-12-26,7831.265511688223,8022.553327672752,7763.064969452023,7936.81005859375,315102
2022-12-27,7977.32661278285,7992.754411606836,7911.817372215117,7983.57470703125,423308
2022-12-28,7992.754462258883,8125.886932856942,7966.415966235359,8094.6943359375,538632
2022-12-29,8045.62280836914,8121.561183740844,8010.056733827963,8108.87255859375,452134
2022-12-30,8141.74780335665,8160.972709621956,8038.17362085232,8069.26953125,433976
2023-01-02,8040.816331451825,8126.367156735652,8014.477836720725,8077.6318359375,398159
2023-01-03,8055.235481718411,8076.382877971131,7982.325402397171,8057.87890625,493207
2023-01-04,8051.389888424822,8206.198241934102,7988.956824218723,8096.3759765625,566744
2023-01-05,8117.667372112121,8146.552600965863,8064.8946381840815,8133.19091796875,417716
2023-01-06,8132.134510870674,8155.1565214903985,8026.397537325073,8058.16650390625,368978
2023-01-09,8098.347263886164,8119.591348701408,8002.463043154944,8052.35205078125,613406
2023-01-10,8055.235239783961,8084.072597444286,7942.673795869589,7971.75146484375,493677
2023-01-11,8011.642881581054,8011.642881581054,7929.456414930253,7963.38818359375,327536
2023-01-12,7992.754808279661,8052.352017914458,7939.886315861696,8044.8544921875,283772
2023-01-13,8071.57640774642,8170.632543549505,8027.35912600814,8125.791015625,705220
2023-01-16,8151.360326070109,8184.330852853322,8020.246088735075,8055.33154296875,500575
2023-01-17,8083.92734715814,8164.143444632747,8018.851799882683,8150.73388671875,409248
2023-01-18,8144.630234951926,8206.53479869878,8136.267214322612,8164.8642578125,402883
2023-01-19,8150.3988054364445,8188.84861699647,8128.77078643393,8172.17138671875,184776
2023-01-20,8134.105481041504,8170.584927372226,8085.995342241785,8112.7177734375,346337
2023-01-23,8151.3596740266685,8153.282164515826,8053.216910041616,8090.89697265625,410827
2023-01-24,8122.522065779773,8380.135783369002,8090.8009736885615,8361.6796875,1039571
2023-01-25,8408.877501859331,8490.679095240223,8343.896761245098,8443.673828125,1131883
2023-01-27,8486.306307680186,8544.509523202789,8286.030284988337,8398.880859375,743546
2023-01-30,8438.772483310826,8521.439579058033,8380.136520048272,8475.2998046875,1036998
2023-01-31,8513.65417210065,8597.233702898513,8487.988733945924,8550.5654296875,643670
2023-02-01,8590.64840529921,8680.476957535555,8337.745167108296,8429.0146484375,707460
2023-02-02,8425.31433824865,8593.53225144814,8411.952654228107,8526.3896484375,456995
2023-02-03,8593.53248774287,8615.641128371291,8502.358751768174,8595.7431640625,351157
2023-02-06,8580.987267047341,8589.68634759486,8478.181914255445,8562.771484375,205161
2023-02-07,8562.773326658307,8574.308270519994,8413.347553640155,8422.8642578125,318669
2023-02-08,8433.004457741818,8511.345944497312,8336.927808634046,8492.3134765625,391645
2023-02-09,8461.167345659858,8490.677757239475,8362.83216211745,8460.1103515625,392186
2023-02-10,8456.843478351493,8531.051801199226,8432.95690879457,8469.8681640625,276298
2023-02-13,8446.46184899761,8520.862605400427,8416.375060995555,8468.0419921875,253037
2023-02-14,8473.377725100076,8504.137576172474,8425.31545779945,8434.3994140625,227030
2023-02-15,8434.399052369961,8550.950045575917,8403.206454486259,8502.55078125,452568
2023-02-16,8535.857997773397,8535.857997773397,8449.34592347164,8463.8603515625,247514
2023-02-17,8446.4623633572,8530.09070358846,8410.65597630416,8466.408203125,214587
2023-02-20,8466.408180561919,8506.059548669344,8339.04317997443,8356.73046875,298434
2023-02-21,8357.06698951985,8382.059368370496,8303.669998603335,8333.8525390625,323478
2023-02-22,8339.282443202228,8381.096607951153,8252.289755621132,8323.3740234375,363931
2023-02-23,8356.537216825871,8408.44445728512,8282.088588831393,8359.228515625,317544
2023-02-24,8373.408123854353,8401.284238604872,8275.64928541706,8324.865234375,242982
2023-02-27,8295.547181909847,8308.09124569894,8199.422649095133,8297.662109375,220225
2023-02-28,8314.77253040141,8371.486007776402,8271.80467420627,8290.1162109375,370998
2023-03-01,8285.934166732593,8436.12873907041,8285.934166732593,8424.498046875,333441
2023-03-02,8431.082068833162,8431.082068833162,8179.33156293659,8217.4453125,603893
2023-03-03,8259.066512795422,8294.58471016204,8218.646340466503,8267.91015625,437977
2023-03-06,8305.159866291116,8327.268509453697,8258.01096937676,8296.94140625,275417
2023-03-08,8290.74052794288,8374.416741701973,8276.36972328456,8356.970703125,348171
2023-03-09,8386.86493771491,8398.399880895722,8203.314966607035,8210.9091796875,431466
2023-03-10,8199.422306141007,8293.624344359274,8151.4557907862845,8268.19921875,516128
2023-03-13,8268.198952545583,8302.563470483085,8152.416773597552,8188.27197265625,479314
2023-03-14,8213.793306890924,8213.793306890924,8117.716650325901,8182.2646484375,349510
2023-03-15,8314.77215597114,8367.592774924846,8112.910635421553,8146.50634765625,509229
2023-03-16,8132.2306262243455,8202.690654560993,8085.033859574865,8110.458984375,340261
2023-03-17,8173.468406334374,8181.110493857707,7972.135399855803,7994.5322265625,471602
2023-03-20,7994.531878261122,7994.531878261122,7814.923585608427,7901.05078125,488199
2023-03-21,7925.467527019724,7954.304886123495,7896.630167915952,7909.51123046875,287497
2023-03-22,7916.815281727926,7968.337647754473,7898.551623355799,7932.580078125,218120
2023-03-23,7943.731338931783,8050.429569645897,7913.547860342419,8029.474609375,540553
2023-03-24,8029.473892245072,8061.48317085726,7892.784631957188,7923.44873046875,391840
2023-03-27,7930.27348611483,7994.484482477367,7910.615832578759,7957.5244140625,364326
2023-03-28,7984.007400079298,8031.780538645472,7824.536435568204,7890.669921875,360349
2023-03-29,7930.128599288335,7996.69483158385,7870.195334577998,7973.8173828125,339851
2023-03-31,8003.279940214074,8045.622605009774,7937.049768134443,7970.7900390625,478757
2023-04-03,8086.811605282084,8246.522876672352,8065.183587479878,8173.51611328125,627265
2023-04-05,8191.685153567219,8216.725407666485,8103.2984542148415,8119.6875,272888
2023-04-06,8135.9789346466305,8204.227340171194,8052.446355778771,8186.5888671875,309551
2023-04-10,8128.866478975933,8224.222198725238,8077.391981850948,8204.373046875,308275
2023-04-11,8247.48429947564,8334.909743283808,8213.84071550342,8323.951171875,409240
2023-04-12,8335.918993696729,8372.398439490084,8258.058126712245,8286.943359375,408458
2023-04-13,8293.672388102048,8366.679156954033,8285.934551119459,8334.765625,480202
2023-04-17,8507.020782312688,8507.020782312688,8314.771725085282,8338.466796875,489356
2023-04-18,8356.057125640387,8409.74229763572,8353.221264395452,8394.21875,276111
2023-04-19,8353.269725706738,8403.014171138126,8326.739730296451,8343.5615234375,280819
2023-04-20,8333.996041149278,8401.187457382672,8329.334377327781,8376.916015625,369060
2023-04-21,8343.031340679427,8366.677595345334,8218.645845611514,8226.7685546875,424157
2023-04-24,8244.60004114501,8244.60004114501,8117.475364050289,8138.04638671875,543745
2023-04-25,8180.197234735453,8194.615913762602,8093.685160572563,8140.6904296875,906406
2023-04-26,8196.537938468151,8218.646578386619,8108.0076297593105,8177.21728515625,959058
2023-04-27,8237.871612889876,8237.871612889876,8142.94864652198,8211.8701171875,536521
2023-04-28,8259.979569446385,8278.675975346885,8204.323099805344,8256.6630859375,387567
2023-05-02,8288.529684641904,8484.911903362605,8272.476701069285,8436.705078125,865562
2023-05-03,8430.12147170957,8485.87370037082,8377.300853536419,8456.36328125,537008
2023-05-04,8455.73801209875,8481.01857325915,8404.166831339395,8459.5341796875,271926
2023-05-05,8459.535506844775,8639.673262094995,8449.346681554853,8601.8486328125,951591
2023-05-08,8695.425258444084,8767.470783697858,8612.758160033052,8724.5029296875,678780
2023-05-09,8730.991204286884,8785.782187292978,8701.04803721026,8758.4345703125,415394
2023-05-10,8775.015257327863,8824.231200787885,8708.881773326604,8812.8408203125,366827
2023-05-11,8884.741554578442,8953.99908384988,8787.75153791539,8901.99609375,644550
2023-05-12,8902.04409416639,8968.225451974859,8874.841042225571,8935.1591796875,403028
2023-05-15,8883.829032352154,8946.79059928778,8829.422924043842,8850.4736328125,259316
2023-05-16,8861.814989789453,8871.61987828715,8706.093271923859,8719.791015625,448981
2023-05-17,8728.443090077732,8778.091783635206,8682.015131396332,8765.98046875,290482
2023-05-18,8790.539908617173,8795.394009370935,8693.59776223507,8702.44140625,272497
2023-05-19,8708.882348884814,8764.82701264405,8613.286316815258,8753.0517578125,543472
2023-05-22,8737.719734951863,8814.331172736413,8722.195247945127,8801.787109375,182115
2023-05-23,8813.657245643137,8877.099428892396,8801.881991933995,8844.12890625,269008
2023-05-24,8812.696889410243,8957.076120869588,8804.045681730848,8911.46484375,470365
2023-05-25,8863.402080163381,8933.236922599226,8858.884039775128,8922.1337890625,218979
2023-05-26,8971.301671104682,9050.123779433256,8950.39458749314,9035.6572265625,346760
2023-05-29,9069.34960320184,9121.064413725944,8951.164303247308,8971.783203125,236834
2023-05-30,9016.479423013878,9038.49231223022,8939.579811730178,9019.69921875,372004
2023-05-31,9083.719647588248,9083.719647588248,8908.436014765362,9004.6572265625,1614766
2023-06-01,8975.627824028423,9014.125509843689,8864.603993915944,8966.7841796875,378706
2023-06-02,9025.131467853696,9156.00538145368,8951.788644520406,9117.7470703125,445105
2023-06-05,9182.294588450755,9266.4035417603,9120.822771403036,9210.7470703125,434649
2023-06-06,9255.831266188152,9391.366857478268,9238.528850278775,9358.876953125,542318
2023-06-07,9408.667342422095,9420.202283994337,9276.49613690687,9331.287109375,453747
2023-06-08,9355.800226805652,9386.56007549134,9252.46636012718,9284.283203125,273746
2023-06-09,9300.527362221235,9337.439551123907,9238.622799651288,9254.67578125,161389
2023-06-12,9251.984859188882,9324.078247702042,9168.020468186953,9180.32421875,316879
2023-06-13,9216.420138888889,9245.305373045288,9137.261962181194,9148.65234375,561014
2023-06-14,9151.053771636509,9226.992138018784,9122.697039886163,9163.0693359375,328167
2023-06-15,9184.69768479305,9321.9633086028,9173.162742645743,9223.0029296875,459978
2023-06-16,9223.19559569659,9269.672364483162,9181.814177457847,9231.5107421875,682099
2023-06-19,9264.481841592791,9268.471384919294,9141.442447971309,9162.58984375,395006
2023-06-20,9160.666920784246,9169.22237870455,9054.929946882225,9124.2353515625,612713
2023-06-21,9133.751218265868,9167.394797790106,9031.907109077163,9074.970703125,356331
2023-06-22,9073.241546825331,9126.398219986731,9010.520295938792,9038.63671875,288487
2023-06-23,9054.92988439618,9061.658600870784,8944.386685170537,8965.822265625,309138
2023-06-26,8965.823216221825,9151.055375697926,8939.581406931798,9103.185546875,405168
2023-06-27,9122.216931060737,9131.829383042888,9030.946511747015,9094.3408203125,339375
2023-06-28,9108.231892636531,9203.923673741452,9066.994094110558,9170.9052734375,482586
2023-06-30,9198.155902436823,9471.63017918918,9171.241035129036,9409.677734375,845006
2023-07-03,9364.499778138164,9406.602135393745,9282.313303311732,9298.1259765625,398066
2023-07-04,9324.078701577031,9339.939247821983,9247.226957937835,9273.517578125,247673
2023-07-05,9321.196192673751,9647.971738331747,9300.048794897242,9605.0517578125,815044
2023-07-06,9612.404589450378,9628.120573742544,9434.814530178544,9477.3017578125,652120
2023-07-07,9472.10955206562,9559.58285927467,9434.62099183317,9468.5048828125,457050
2023-07-10,9472.11141857885,9548.385859518645,9343.064233887942,9358.97265625,272008
2023-07-11,9416.358586724436,9570.974511633538,9358.972056838771,9516.47265625,568772
2023-07-12,9511.522119700048,9564.390610511922,9425.01004382607,9454.6162109375,552967
2023-07-13,9471.102273805598,9515.319558574003,9239.490025954818,9273.662109375,519564
2023-07-14,9325.953106555204,9350.320297021197,9219.302763292522,9231.462890625,498441
2023-07-17,9273.132407769768,9323.11715797232,9184.697849719098,9314.033203125,444583
2023-07-18,9333.882854051257,9387.808331542135,9229.587755155824,9291.0595703125,320985
2023-07-19,9276.978209275723,9291.39688849437,9156.48648875836,9235.2119140625,450254
2023-07-20,9247.179625543618,9405.785097291508,9204.356335914908,9393.76953125,466813
2023-07-21,9343.303924991586,9463.459582463183,9326.962755575449,9391.4140625,328483
2023-07-24,9391.413781760615,9434.621942638987,9304.853836448843,9319.080078125,358506
2023-07-25,9251.023995462336,9396.124149136032,9244.102842136488,9380.4072265625,240998
2023-07-26,9383.194928843415,9429.8153205915,9348.34979068119,9378.244140625,209861
2023-07-27,9391.366360536364,9446.301903628191,9316.053168535798,9375.6015625,256672
2023-07-28,9361.567030050432,9372.14072728121,9176.431579477929,9295.529296875,381151
2023-07-31,9295.529876539918,9456.442709009174,9233.721993888896,9440.1494140625,600060
2023-08-01,9381.7535441377,9508.637915841202,9276.064442236911,9340.1796875,1394528
2023-08-02,9338.497340698606,9413.907216180136,9151.390582570197,9279.6689453125,672815
2023-08-03,9313.676993488076,9372.96233961736,9232.90027114516,9260.166015625,614897
2023-08-04,9275.98262266581,9330.318922547534,9146.933910446714,9189.044921875,540470
2023-08-07,9208.06274802302,9256.38305638991,9142.08295172528,9240.8583984375,366329
2023-08-08,9256.528403509545,9337.110886673188,9222.616541393396,9259.05078125,430636
2023-08-09,9256.576698925328,9256.625023968283,9137.716044248353,9181.9609375,404602
2023-08-10,9181.960309994129,9217.764426629055,9064.506774888989,9118.40625,523490
2023-08-11,9118.406546721926,9187.685704844816,9066.399326863446,9078.8671875,498504
2023-08-14,9081.924149613897,9085.805313780398,8982.85781328388,9044.7138671875,336864
2023-08-16,9056.696866421948,9157.364565146105,8979.219503339498,9139.705078125,336363
2023-08-17,9135.19362552758,9193.265166103542,9072.22135708785,9096.76953125,402798
2023-08-18,9072.220945069164,9188.655866289304,9059.26793910335,9175.1201171875,400745
2023-08-21,9174.63518730227,9187.685791205702,9133.59206611755,9158.3828125,375347
2023-08-22,9140.335221104531,9225.574904134852,9130.147165879403,9209.9052734375,435930
2023-08-23,9236.2012494084,9353.606475921522,9165.369997049242,9315.716796875,546842
2023-08-24,9374.612675922182,9374.612675922182,9271.130758918092,9289.275390625,385559
2023-08-25,9270.160767023322,9338.808859368612,9203.210684029327,9223.2958984375,346449
2023-08-28,9232.269948332789,9382.713368732033,9227.466818680625,9312.5615234375,325938
2023-08-29,9314.793426010134,9397.025586724129,9223.586073713785,9335.412109375,317224
2023-08-30,9373.012263153896,9526.26993578657,9324.497706926391,9505.3603515625,543634
2023-08-31,9479.840442753728,9765.97965948681,9479.840442753728,9706.59765625,1581818
2023-09-01,9701.939191810345,10089.03695513495,9655.704449105098,10024.318359375,1193178
2023-09-04,10091.997304250464,10156.958480157857,9980.704730277695,10054.5927734375,819552
2023-09-05,10042.51161214991,10103.349045918978,9941.40710283454,9957.22265625,507107
2023-09-06,9955.1857837109,9955.1857837109,9829.193874815148,9876.4462890625,663758
2023-09-07,9848.4537859364,9994.871078877291,9848.4537859364,9975.3193359375,445805
2023-09-08,10090.056373705478,10091.026664730933,9993.997562185445,10025.046875,439721
2023-09-11,10037.661297813913,10236.570970704375,10036.69100672664,10220.900390625,598050
2023-09-12,10230.748966081754,10254.424447033833,10095.878508353628,10191.548828125,568773
2023-09-13,10188.056434259332,10223.375408918057,10129.838968920709,10162.2470703125,301707
2023-09-14,10154.144301659657,10265.679448886978,10121.154405510117,10176.55859375,501196
2023-09-15,10177.673512022136,10236.570367056303,10166.12761729441,10212.5556640625,544616
2023-09-18,10188.104295409696,10308.032837076504,10182.282549140917,10209.4990234375,430213
2023-09-20,10182.28207314479,10182.28207314479,10030.431531732707,10039.3583984375,545106
2023-09-21,10035.768268868122,10037.66052585275,9903.27522060088,9978.763671875,577252
2023-09-22,10069.681454216605,10252.823906951562,10002.1978949175,10222.1630859375,986206
2023-09-25,10222.161992211102,10401.519911288337,10217.164614353189,10273.6357421875,756801
2023-09-26,10316.037839336816,10318.02674648818,10213.817108235358,10243.0234375,452503
2023-09-27,10236.569999253916,10387.935394503544,10212.312724374166,10363.435546875,458359
2023-09-28,10334.083542272896,10386.964397918537,10219.152392189995,10251.462890625,598144
2023-09-29,10227.83823728373,10387.451119366377,10198.292684494629,10295.3701171875,481725
2023-10-03,10391.622937679576,10391.622937679576,9997.199624340154,10039.5048828125,623006
2023-10-04,9978.375445563068,9978.375445563068,9790.235651982275,9828.9013671875,407793
2023-10-05,9879.454986135454,9965.81088818758,9808.67206567377,9906.8173828125,377196
2023-10-06,9977.501499104348,10025.967719916467,9955.184808014255,9995.9853515625,335700
2023-10-09,9945.483202939751,10027.376146089266,9881.395668981024,9940.4375,230083
2023-10-10,9984.295761483434,10107.522735410392,9964.986588911126,10066.7705078125,348342
2023-10-11,10042.464554820772,10129.83907882112,10032.858293915722,10102.767578125,193526
2023-10-12,10149.244169873453,10308.905369288212,10110.62677640436,10266.552734375,569237
2023-10-13,10221.094382439022,10425.825796727093,10216.970645421372,10408.845703125,625954
2023-10-16,10411.17456530184,10489.670542142743,10348.15397255535,10386.48046875,304196
2023-10-17,10411.222433578025,10477.05629893073,10251.415316313143,10431.404296875,474718
2023-10-18,10435.480098752889,10488.700183091074,10392.83561818386,10467.9365234375,267435
2023-10-19,10382.114510670275,10477.882429358116,10382.114510670275,10451.6845703125,286284
2023-10-20,10443.339572692985,10478.173401580216,10377.942522252037,10407.0029296875,232512
2023-10-23,10363.678488300757,10406.032070767402,10217.60136328833,10240.1123046875,227925
2023-10-25,10207.462437916063,10331.12622891962,10189.60870254081,10274.2666015625,401105
2023-10-26,10225.897510476068,10279.26351892812,10083.749869781055,10114.4599609375,506129
2023-10-27,10129.886162606994,10522.805684714953,10129.83783756792,10246.9521484375,1116713
2023-10-30,10382.11470666825,10382.11470666825,9940.63225886133,10088.7958984375,991168
2023-10-31,10178.352305056093,10178.352305056093,10014.373130646703,10083.5546875,439996
2023-11-01,10081.4209080804,10112.567820083048,9885.956529279814,9923.89453125,699116
2023-11-02,9984.585553241875,10037.6606618629,9897.93875414823,9997.490234375,569194
2023-11-03,10011.463280335109,10061.918416076282,9936.750867795294,9971.001953125,517582
2023-11-06,10031.79116760693,10031.79116760693,9947.42416855193,9979.2978515625,490459
2023-11-07,9993.99833075842,10019.225899360334,9931.753777668737,9948.685546875,264935
2023-11-08,10013.403285798013,10033.24592658652,9955.76762042378,10015.634765625,287006
2023-11-09,10042.464110217452,10139.153045472434,10010.250257630125,10091.3662109375,310536
2023-11-10,10066.769353094072,10106.939780424182,10013.4033468849,10080.1591796875,206395
2023-11-13,10119.165135825991,10119.165135825991,10055.75699613596,10089.474609375,261891
2023-11-15,10185.144739210207,10185.144739210207,10066.81756094663,10145.4111328125,436538
2023-11-16,10168.6502917998,10230.45802172844,10099.95387437662,10173.0166015625,488715
2023-11-17,10188.055583188816,10291.682473325003,10187.231214852009,10210.857421875,403772
2023-11-20,10188.056108038563,10278.632399274376,10188.056108038563,10252.337890625,234246
2023-11-21,10303.52161903316,10303.52161903316,10188.05697333536,10222.1630859375,312242
2023-11-22,10236.570405453202,10237.783269245318,10110.43257107321,10182.767578125,378891
2023-11-23,10176.218067707016,10212.313083507384,10085.253283709028,10176.8974609375,453820
2023-11-24,10193.82919847131,10252.580130610751,10151.18471835042,10203.2412109375,380306
2023-11-28,10226.818335123144,10242.7798108342,10193.876767708784,10224.4892578125,268026
2023-11-29,10255.976408634457,10318.608506463874,10212.992704586952,10284.357421875,343341
2023-11-30,10266.650090870102,10332.629885424412,10232.786552586238,10293.52734375,665660
2023-12-01,10292.846282808738,10439.360214624738,10220.122787407336,10271.208984375,591519
2023-12-04,10377.262879016886,10377.359529102869,10115.284293010847,10284.5517578125,625235
2023-12-05,10334.47262138017,10450.033898564434,10249.572160272985,10403.36328125,580996
2023-12-06,10403.36417767828,10429.6103615493,10275.382406830106,10310.0703125,464163
2023-12-07,10469.440549346911,10608.046248406134,10319.045434875294,10378.8642578125,704413
2023-12-08,10411.222126116085,10428.687363606308,10237.540042185536,10303.0830078125,548373
2023-12-11,10314.193612785177,10321.955940997996,10188.104104368207,10228.5654296875,579749
2023-12-12,10304.490402041389,10308.371566034624,9995.064223660733,10031.2568359375,1088687
2023-12-13,10052.214800194672,10103.543573319836,9955.185699806692,10071.6689453125,603469
2023-12-14,10129.838258607577,10183.204264759246,10005.931905723648,10045.6171875,635475
2023-12-15,10148.273606003224,10165.496271316022,9540.48294236714,9980.8017578125,1244681
2023-12-18,9989.146843035143,10043.386494374256,9922.3910050754,10013.015625,652498
2023-12-19,10013.01534449956,10068.71043092387,9902.984905718436,9929.5703125,585734
2023-12-20,9935.780781153131,10002.779191539505,9693.20800817576,9781.7470703125,964051
2023-12-21,9702.910069268415,9799.211451705904,9605.88096857573,9715.3779296875,739806
2023-12-22,9751.424850334944,10011.753744142874,9732.019029737265,9913.609375,652545
2023-12-26,9964.889439587509,9975.756889245818,9814.203423647832,9965.5205078125,395273
2023-12-27,9980.41411603368,9999.188869538051,9926.077815188071,9982.83984375,397675
2023-12-28,10004.621948198155,10004.621948198155,9884.35419197617,9966.4404296875,584234
2023-12-29,9975.02853887202,10087.776545276756,9967.79968123928,9996.27734375,705227
2024-01-01,10037.66011126771,10037.66011126771,9911.183062012731,9977.79296875,411724
2024-01-02,9977.793362721228,9988.85505926524,9849.47237653172,9894.78515625,776837
2024-01-03,9896.968636313686,9906.671546741443,9765.979345538946,9778.25390625,521046
2024-01-04,9799.93871680896,9819.344536050166,9688.888726691206,9717.7548828125,711733
2024-01-05,9713.2443044005,9775.682153327623,9673.801594905848,9719.4052734375,673131
2024-01-08,9707.762115576765,9828.029882720495,9617.428396349816,9651.1943359375,600153
2024-01-09,9678.653034707955,9744.293601978316,9596.178297068842,9726.2939453125,666469
2024-01-10,9751.375705821682,9752.151749070406,9654.394936024728,9712.806640625,481699
2024-01-11,9727.264739199414,9823.323556239016,9702.910812081043,9713.6806640625,1024815
2024-01-12,9727.167447539035,9746.524942842358,9640.763221966372,9669.5810546875,850190
2024-01-15,9688.452135312082,9798.774409816637,9652.454718788464,9787.228515625,463380
2024-01-16,9787.179505660242,9935.77995302051,9761.12757103382,9881.0068359375,536823
2024-01-17,9823.22606842884,9859.90287866074,9699.465641084977,9753.07421875,610250
2024-01-18,9650.562902484002,9751.424844489962,9448.354820507264,9629.6533203125,614860
2024-01-19,9664.09843359094,9753.025983438034,9653.473557550073,9739.490234375,377018
2024-01-23,9569.01059759628,9676.71290710076,9539.99851538548,9567.5068359375,956269
2024-01-24,9567.070403484891,9702.911159720989,9465.189836307823,9691.4619140625,459092
2024-01-25,9691.461683732636,9702.716681390457,9524.910838614349,9587.4462890625,718817
2024-01-29,9636.107340978671,9736.871697966044,9581.673438890566,9694.5673828125,446516
2024-01-30,9713.437541026113,9735.415011790405,9636.445327113808,9655.9970703125,399869
2024-01-31,9663.419011351743,9931.510226378055,9618.494727354544,9884.2578125,997024
2024-02-01,9906.671007882764,10381.919345273976,9900.849261942773,10321.9072265625,1869594
2024-02-02,10283.145257694836,10393.369949563164,10227.25686837708,10338.888671875,814940
2024-02-05,10287.024694547672,10440.282340245494,10091.025921835106,10118.7275390625,365105
2024-02-06,10188.007353030667,10534.206998371745,10147.303455359264,10522.66015625,829040
2024-02-07,10537.361274716905,10647.489313821909,10466.335777167396,10610.8125,560808
2024-02-08,10625.657845467187,10625.657845467187,10372.363543098872,10424.7109375,557082
2024-02-09,10393.02939825965,10450.033994095596,10295.854376295563,10413.9873046875,645489
2024-02-12,10382.1143543843,10429.610291337927,10333.648126369517,10391.5263671875,190655
2024-02-13,10411.22286848916,10508.251972575732,10324.042597487314,10473.806640625,397979
2024-02-14,10386.965607452868,10721.716017034489,10385.41352080518,10700.3212890625,354676
2024-02-15,10712.012409548928,10802.249470607629,10653.79495080138,10760.76953125,447248
2024-02-16,10789.635655462336,11138.940406898168,10768.289253985702,11042.2998046875,716486
2024-02-19,11042.299732380545,11268.037357987909,10996.355886427948,11142.1904296875,581383
2024-02-20,11100.130104814669,11138.89342349312,10979.66808658905,11106.388671875,355044
2024-02-21,11115.65394995158,11178.722866392472,11032.20892204517,11125.2109375,348461
2024-02-22,11158.346280533917,11347.553021812531,11052.8271363593,11311.4580078125,584406
2024-02-23,11357.208024063226,11371.810714352836,11134.28366300328,11192.888671875,472884
2024-02-26,11163.198207270729,11191.28832186548,11077.279126789052,11126.3271484375,277700
2024-02-27,11075.871736109357,11219.378153654949,11046.03528793718,11158.9775390625,307585
2024-02-28,11130.207713572485,11157.327535685905,10799.338492900508,10821.4609375,358812
2024-02-29,10823.596445104233,11011.83290501909,10798.854023826763,10952.984375,943841
2024-03-01,10959.436591359574,11328.147162826295,10959.436591359574,11275.703125,487355
2024-03-04,11255.37504179859,11330.3783428689,11201.18467115604,11249.69921875,369936
2024-03-05,11251.54292409917,11381.513594942686,11218.31045686756,11323.8779296875,320702
2024-03-06,11323.87774018976,11332.028563591404,11176.200208360724,11223.404296875,639542
2024-03-07,11227.28638857044,11287.881255901451,11081.840324508315,11168.0986328125,255325
2024-03-11,11173.04737826401,11212.586738604014,11012.851757166376,11057.0,525344
2024-03-12,11061.317761594171,11231.99233309344,11042.882231991514,11167.953125,283816
2024-03-13,11168.049742984833,11211.566916612412,10932.850818552257,11051.7607421875,385204
2024-03-14,11063.016299447438,11119.535754745337,10966.278089453332,11065.78125,523058
2024-03-15,11041.912395156947,11178.771761300475,10977.92150947293,11135.69140625,972333
2024-03-18,11096.8796149206,11318.83369458661,11028.619070414708,11290.59765625,311049
2024-03-19,11199.195017042815,11332.95019568239,11115.799266276475,11252.5126953125,409259
2024-03-20,11305.00719097078,11667.750128846395,11305.00719097078,11586.3916015625,1031037
2024-03-21,11642.52263565871,11643.492926735938,11474.031211078118,11554.3720703125,544311
2024-03-22,11536.808985825566,12058.097855884904,11536.808985825566,11971.16015625,1062263
2024-03-26,11920.558818990368,11955.829466593572,11780.497687302435,11886.5986328125,507568
2024-03-27,11924.877403068927,12344.722543946516,11920.705340924456,12138.6806640625,878986
2024-03-28,12196.510555623176,12348.700332564453,12017.540176332845,12226.0068359375,860324
2024-04-01,12238.620155029925,12312.023051493752,12134.60571320219,12196.169921875,314676
2024-04-02,12249.876375679272,12272.241395226856,12092.009829828106,12179.5302734375,333508
2024-04-03,12080.123184462063,12153.380156383902,12043.78559629683,12058.630859375,271935
2024-04-04,12118.935638763453,12273.211921114404,11952.093897365134,12193.890625,491166
2024-04-05,12120.876254332054,12184.818815961718,12016.569962518037,12052.5673828125,231600
2024-04-08,12080.12320153346,12543.583086353588,12080.12320153346,12482.890625,570422
2024-04-09,12482.891283570129,12599.908955310162,12400.319892414454,12505.111328125,314466
2024-04-10,12548.773327160045,12573.03060182014,12226.540069595269,12305.9580078125,464239
2024-04-12,12283.884235798463,12283.884235798463,11861.807644757995,11902.123046875,973366
2024-04-15,11837.06517876978,12138.340537432676,11675.463400533186,12053.779296875,831257
2024-04-16,11942.341960037538,12177.055738483295,11910.661578986796,12131.2578125,579183
2024-04-18,12196.558966898428,12227.608281690853,11954.034520127014,12036.4609375,679117
2024-04-19,12031.51244557212,12380.332080240583,11861.808160840035,12333.3212890625,635535
2024-04-22,12403.376445046888,12496.524386073832,12282.914431875954,12405.65625,342212
2024-04-23,12463.388016074348,12637.555252266278,12396.728834216834,12610.14453125,397281
2024-04-24,12613.783088528477,12685.536297992028,12516.753987847487,12559.4951171875,296364
2024-04-25,12578.853015573612,12595.057065416817,12361.847045923234,12538.5859375,640725
2024-04-26,12538.10080372195,12657.446601497668,12283.884551549289,12325.9462890625,704626
2024-04-29,12419.773920811038,12608.738105168522,12228.578256520535,12312.84765625,613937
2024-04-30,12406.141885331332,12609.90301437244,12361.702742888538,12436.7060546875,528776
2024-05-02,12371.210785470366,12462.564066094386,12142.998142882543,12424.916015625,814923
2024-05-03,12437.14211282869,12448.833930244631,12042.670483605923,12121.021484375,834990
2024-05-06,12177.15261916794,12270.689054959814,12004.925958617954,12069.7412109375,342231
2024-05-07,12101.858163626845,12136.88529062214,11875.391859289632,11996.7265625,604375
2024-05-08,12023.847107051644,12186.807684039775,11958.837604455415,12170.89453125,399669
2024-05-09,12167.449800316475,12361.313763127337,12067.26724912966,12133.150390625,504590
2024-05-10,12133.489209159648,12319.736760020927,12129.60804507835,12298.923828125,328670
2024-05-13,12283.885089730931,12330.847557087613,12106.855292430952,12297.3232421875,281421
2024-05-14,12297.322987277255,12458.537226119612,12275.540710992662,12433.50390625,331037
2024-05-15,12439.131599549171,12489.975230972896,12322.696670380225,12387.9970703125,232030
2024-05-16,12466.299490982448,12466.299490982448,11934.579992145398,12126.3583984375,914201
2024-05-17,12143.33867254892,12289.61005145764,11956.21747103361,12265.9345703125,809226
2024-05-21,12225.813436391169,12302.223858351856,12072.167276528224,12102.7314453125,443136
2024-05-22,12058.5822211816,12189.765753030952,11995.804204383485,12159.0556640625,280015
2024-05-23,12192.725739390446,12589.623106488694,12102.48867114802,12550.6181640625,768732
2024-05-24,12482.794588468654,12646.7737789429,12430.398870802326,12614.220703125,624801
2024-05-27,12636.53608855115,12670.54459744764,12397.407690131982,12522.671875,464953
2024-05-28,12507.051620851842,12600.15123650772,12419.967999209372,12437.7724609375,333806
2024-05-29,12437.189574832057,12468.287210714,12371.209789289178,12408.7119140625,353706
2024-05-30,12343.073346913325,12429.429256659045,12177.153565267055,12223.7275390625,524559
2024-05-31,12223.72571740639,12258.025124393012,11963.687735800984,12030.9287109375,908304
2024-06-03,12443.982724304138,12443.982724304138,12034.083080456368,12105.4970703125,485936
2024-06-04,12222.367213369564,12222.949956498578,11217.971054745927,11814.3115234375,825928
2024-06-05,11818.14560284416,12239.348590506845,11764.876242412363,12131.1611328125,447581
2024-06-06,12139.844576239091,12312.99320047121,12097.588591290389,12296.9833984375,447536
2024-06-07,12208.540984463556,12446.893355435686,12208.540984463556,12430.3017578125,532480
2024-06-10,12385.912011563456,12536.161211772824,12252.739555966256,12339.7255859375,293471
2024-06-11,12364.904498147564,12555.12987672028,12279.227984460898,12481.4853515625,358807
2024-06-12,12481.485295556497,12566.82163844901,12421.66647114161,12467.609375,302719
2024-06-13,12555.56560331319,12555.56560331319,12361.118906912743,12465.1826171875,297240
2024-06-14,12450.289830679854,12511.903313456472,12399.155301920624,12463.5830078125,216967
2024-06-18,12495.79642176868,12497.34850840196,12169.438464201432,12187.77734375,823306
2024-06-19,12235.370868169925,12249.925234785507,11837.55151401055,11878.400390625,694871
2024-06-20,11882.183864948143,11939.91618080348,11774.481561419709,11788.55078125,907751
2024-06-21,11856.957221256096,11998.86229438283,11724.51248633781,11839.0068359375,947800
2024-06-24,11819.114282031727,11923.905706583031,11683.273546502262,11821.443359375,550862
2024-06-25,11838.909367173615,11874.227392179602,11713.401653757252,11756.6279296875,594272
2024-06-26,11757.016392992464,11957.720713228988,11709.181234794703,11835.8525390625,447931
2024-06-27,11837.550324592015,11864.039079660852,11653.195032651647,11816.931640625,1230852
2024-06-28,11822.947475705105,11839.005602198617,11647.519052923337,11676.3359375,1160395
2024-07-01,11687.155635038804,11895.768209678354,11648.877463810091,11748.9150390625,1134926
2024-07-02,11788.987480630303,11788.987480630303,11638.640698685056,11684.826171875,687181
2024-07-03,11755.076329775107,11789.036517273427,11604.681213711126,11763.4697265625,467532
2024-07-04,11774.482258123146,11847.254089137505,11713.15967234507,11730.4306640625,299684
2024-07-05,11710.587609077613,11776.858292645957,11664.741360864586,11744.4501953125,406926
2024-07-08,11744.403384424804,11752.165713165336,11610.503213650629,11666.3916015625,496933
2024-07-09,11958.83704469507,12574.923528852434,11899.69761641235,12446.6025390625,2114130
2024-07-10,12565.317091899418,12904.870625421896,12354.376391710011,12393.3330078125,2070520
2024-07-11,12419.724823382448,12539.846659898638,12317.892593230768,12337.4443359375,608983
2024-07-12,12245.072985074628,12293.490887228894,12104.38078358209,12189.28125,674746
2024-07-15,12225.667042932542,12389.161082355886,12215.964132581008,12268.3115234375,697186
2024-07-16,12267.389685803775,12417.784797826203,12207.959359278782,12264.0419921875,347810
2024-07-18,12257.686676670652,12303.290355432904,12092.737200296551,12268.408203125,391216
2024-07-19,12274.181592923693,12332.399055024518,12125.193594007304,12152.2158203125,351955
2024-07-22,12128.637799119944,12282.86574688352,12031.657021768217,12265.69140625,249631
2024-07-23,12342.101672676625,12356.607712816032,11992.796908355587,12253.853515625,332258
2024-07-24,12258.656809476915,12286.98949691602,12088.079836797076,12116.2666015625,285860
2024-07-25,12020.013318618156,12152.894861524186,12020.013318618156,12137.564453125,396789
2024-07-26,12099.52904883383,12364.515148020517,12021.129723737078,12287.474609375,537693
2024-07-29,12331.429148433012,12394.207169865533,12228.57829551509,12372.71484375,388263
2024-07-30,12380.91354539743,12583.510122993968,12332.302343804167,12491.1875,526539
2024-07-31,12594.377249111896,12977.642196215069,12512.048436330037,12726.142578125,836405
2024-08-01,12995.10758514809,13273.581106908525,12722.455809487175,12962.166015625,2040384
2024-08-02,12856.33643200182,12904.232201736037,12412.691749853531,12464.9462890625,1333355
2024-08-05,12233.40239737403,12233.40239737403,11780.55141100469,11950.1923828125,1131415
2024-08-06,12135.457467997334,12296.97011342799,11861.209841601914,11881.8759765625,623565
2024-08-07,12144.271947416317,12194.22419109066,12013.906768583756,12117.3369140625,433514
2024-08-08,12116.8478262885,12138.102208666827,11902.494304856154,11967.8232421875,358577
2024-08-09,12135.457052764428,12135.457052764428,11944.560739608924,11973.0634765625,320211
2024-08-12,11949.360333957997,12115.867814021349,11851.414757450146,12021.10546875,291212
2024-08-13,12083.546151976823,12086.533300853856,11872.963155893902,11926.0986328125,464483
2024-08-14,11987.558998113867,11987.558998113867,11880.79832070604,11954.89453125,449827
2024-08-16,12061.9497630159,12090.353982081326,11862.189555219604,11962.3876953125,552732
2024-08-19,11944.462997919443,11992.505111666474,11877.6639237611,11900.19140625,277319
2024-08-20,11910.67137402624,12057.100005284572,11900.48465186055,11964.0029296875,471927
2024-08-21,11964.004124423262,11997.305622483114,11926.882366044849,11969.880859375,295984
2024-08-22,12027.716997765172,12071.792507936134,11930.75087538905,12024.1416015625,501316
2024-08-23,12047.30603676666,12120.814001406485,12002.643236010752,12049.55859375,440809
2024-08-26,12071.792744510116,12081.097574617446,11970.90879703064,11992.2607421875,232805
2024-08-27,11993.435842997318,12272.58073603564,11973.94429067298,12240.1611328125,477609
2024-08-28,12243.196463117034,12262.736795972114,12076.688991218643,12103.6240234375,313227
2024-08-29,12089.422779160885,12223.608221982326,11998.333390968228,12197.9462890625,608598
2024-08-30,12204.019410941404,12311.759550203327,12063.173856551692,12148.1904296875,2271179
2024-09-02,12118.80609136282,12267.68336654969,12096.670773836257,12172.0888671875,331514
2024-09-03,12217.730683919106,12218.024329335944,12105.975168568448,12142.41015625,445514
2024-09-04,12071.840451582755,12143.291937189684,11982.758763131062,12082.810546875,735076
2024-09-05,12083.546055167297,12115.86809616758,11978.74428586334,12045.9345703125,595865
2024-09-06,11998.33278813407,12052.05555275288,11846.223503352614,11935.794921875,733354
2024-09-09,11946.911444155492,11968.801897446296,11853.373420550914,11896.224609375,415790
2024-09-10,11900.484906316353,12035.601018111278,11849.455644423406,12011.4580078125,285122
2024-09-11,12008.127874125488,12080.607601913847,11915.079574937728,11991.0849609375,349799
2024-09-12,12010.18449313708,12171.697135954177,11901.70976409492,12146.083984375,547830
2024-09-13,12110.970919710251,12140.354593595515,12038.539972283112,12063.0263671875,361093
2024-09-16,12068.805486205303,12109.99141095441,12004.210185430058,12036.5322265625,170114
2024-09-17,12032.614538701564,12032.614538701564,11902.004489983958,11994.1708984375,568161
2024-09-18,11988.58760337281,12084.476707432072,11919.976916856353,11953.3759765625,182282
2024-09-19,12008.079061662678,12155.046209911246,11955.629396029455,12097.748046875,465608
2024-09-20,12106.46635659068,12444.13375768881,12106.122973146514,12355.345703125,875654
2024-09-23,12365.629158327234,12487.081674416942,12365.629158327234,12422.53515625,235586
2024-09-24,12324.590128025153,12516.41712399162,12324.590128025153,12476.8955078125,425916
2024-09-25,12465.778525687956,12552.90130826725,12351.91679172255,12522.6357421875,341172
2024-09-26,12571.315649071716,13135.482210338978,12566.418369894049,13108.8408203125,1471069
2024-09-27,13108.05643744988,13263.447476390029,13001.736705990725,13218.3427734375,865698
2024-09-30,13069.416518866214,13222.652561517978,12937.33729421273,12966.03515625,415743
2024-10-01,12966.035463771505,13027.202667816024,12732.973772350351,12895.5146484375,388888
2024-10-03,12675.185881760992,12877.884444353846,12333.600682493545,12387.51953125,863520
2024-10-04,12429.196981730664,12613.284940697778,12255.4411340218,12346.775390625,679362
2024-10-07,12366.657992476976,12388.157239074037,12123.704167082418,12270.1328125,465500
2024-10-08,12245.401182598354,12370.624223077895,12206.026868437271,12274.4912109375,387060
2024-10-09,12297.018958534754,12586.00720504399,12282.86563072795,12498.5419921875,465231
2024-10-10,12535.957606790673,12698.644837574551,12450.352784637787,12678.173828125,492698
2024-10-11,12678.17316750866,12713.336012577876,12463.57478891013,12514.1640625,274243
2024-10-14,12512.547857043492,12536.05479626612,12206.271836788736,12280.26953125,488067
2024-10-15,12447.903289419177,12447.903289419177,12101.175949388144,12191.041015625,532135
2024-10-16,12159.012438781288,12199.072561479732,11979.723255385925,12129.482421875,418138
2024-10-17,12145.251158003088,12164.937835748018,11822.030764282035,11894.265625,875937
2024-10-18,11822.031639880595,11891.817866420904,11601.115572988756,11856.41015625,506871
2024-10-21,11896.029777066557,11998.334131635864,11699.15915172298,11925.7568359375,375275
2024-10-22,11964.982838667867,12037.315264282475,11596.75625267262,11678.3447265625,904901
2024-10-23,11678.345832194474,11870.907427642032,11511.985637429883,11710.5703125,412638
2024-10-24,11752.441391578492,11752.441391578492,11397.82960961739,11522.0244140625,552495
2024-10-25,11521.92531417462,11551.99479709372,11204.973815082169,11266.5322265625,624582
2024-10-28,11268.442040524124,11393.66602894127,11204.97350080552,11247.3349609375,613830
2024-10-29,11214.768487673706,11247.09052785652,10521.754753781212,10819.068359375,2268683
2024-10-30,10753.445112416017,11283.330694510656,10720.143615574578,11025.1953125,1672966
2024-10-31,10994.391524723636,11016.47806205463,10822.986757077608,10848.8935546875,838211
2024-11-01,10920.932138135688,10979.258539555549,10852.370232335734,10881.75390625,65670
2024-11-04,11062.953537681522,11062.953537681522,10636.890254025791,10825.38671875,444462
2024-11-05,10815.151231900314,11043.364439383811,10785.669994134352,10940.619140625,321159
2024-11-06,10988.514927470716,11195.180107049671,10943.06779447996,11120.986328125,416027
2024-11-07,11072.895325966108,11151.10449045116,10956.780073516096,11067.998046875,530194
2024-11-08,11029.162190416817,11110.946750862604,10897.033218545786,11070.7890625,269993
2024-11-11,11098.702879384591,11281.518678516915,11077.644580668026,11165.501953125,450681
2024-11-12,11158.009547218846,11280.2951809503,10879.060719375622,10914.173828125,549747
2024-11-13,10911.13791594895,10913.928982456777,10641.101753066656,10822.5947265625,507710
2024-11-14,10827.883025537712,10889.295090713842,10668.329305546586,10779.9384765625,431348
2024-11-18,10725.041321877554,10953.205748422395,10690.760367880686,10866.0341796875,333440
2024-11-19,10862.164474324967,10965.252193975348,10672.5422201143,10734.1494140625,864067
2024-11-21,10696.784250296074,10733.072896920516,10548.739121345963,10638.310546875,540201
2024-11-22,10680.965335719631,10878.472977370246,10604.81264843378,10836.306640625,493678
2024-11-25,10971.863836005636,11016.870021169592,10764.267988569149,10798.6474609375,635726
2024-11-26,10798.647234710788,10850.362308399648,10667.693806119074,10719.115234375,406586
2024-11-27,10711.328034617509,10888.51196160862,10646.683955403469,10831.1640625,343332
2024-11-28,10833.173157019086,10852.957398694523,10664.314596929218,10724.8935546875,607669
2024-11-29,10724.992071753726,10901.440457644878,10695.657179672524,10846.689453125,338207
2024-12-02,10921.911704474473,11097.234293937385,10921.911704474473,11008.3974609375,446880
2024-12-03,11018.877286243269,11076.665176011122,10972.84286558074,11047.5263671875,258644
2024-12-04,11049.240433287245,11067.850092735209,10877.835675213912,10901.1953125,554674
2024-12-05,10906.190491151723,11038.46579278125,10804.375879340723,10952.5185546875,545501
2024-12-06,10969.905607458975,11142.241056940413,10892.528594692078,11085.4326171875,417214
2024-12-09,11089.39865607724,11135.335516063671,11021.375258924552,11048.0654296875,254485
2024-12-10,11043.364595332485,11081.905800034216,10940.5217321387,10968.142578125,410569
2024-12-11,10999.190067470956,11088.270799153524,10990.080364162266,11046.056640625,226584
2024-12-12,11067.213031382864,11067.213031382864,10850.65574599022,10937.974609375,396561
2024-12-13,10908.5909947505,11058.055561547597,10806.922721376315,11040.9638671875,263579
2024-12-16,11024.31372362453,11096.695891060644,10974.802423402583,11045.3232421875,223389
2024-12-17,11031.611130221962,11040.86717921354,10832.48794917228,10880.333984375,295445
2024-12-18,10857.26696663536,10870.048672846877,10744.727118589686,10776.4130859375,497103
2024-12-19,10664.31431062771,10808.68647219405,10629.494849673549,10730.2802734375,435360
2024-12-20,10715.246675192102,10849.432122587104,10642.718162991338,10677.0966796875,404608
2024-12-23,10703.492229370726,10764.022402252249,10534.438552784184,10599.669921875,237165
2024-12-24,10599.670319233332,10663.775890536412,10504.66310975582,10516.0244140625,151149
2024-12-26,10549.228687796123,10749.331316320382,10548.738959896407,10672.150390625,349811
2024-12-27,10704.961891163002,10904.28114134386,10688.40870596822,10716.2744140625,257973
2024-12-30,10716.274027991296,10725.04034816029,10529.246763222744,10577.09375,335481
2024-12-31,10543.840719697684,10669.896860893132,10529.736174871729,10635.322265625,198997
2025-01-01,10634.931006502487,11042.335835134803,10578.318652934531,10978.0341796875,383202
2025-01-02,11053.158249014412,11615.51315608677,10995.37035918793,11598.029296875,1417042
2025-01-03,11606.502380344884,11802.246238225356,11545.77612110153,11689.0703125,701315
2025-01-06,11683.927924204669,11733.782605684788,11450.52380463716,11514.1396484375,383268
2025-01-07,11514.139997934451,11582.99554961408,11433.873403545198,11480.4951171875,308104
2025-01-08,11485.098223749948,11616.296513896164,11484.41241341907,11579.1259765625,303100
2025-01-09,11579.126475640356,11606.5512380594,11420.112208999864,11499.349609375,266413
2025-01-10,11449.83778756543,11518.399690484985,11332.303096846195,11392.1474609375,218246
2025-01-13,11232.888956860854,11415.018956028303,11232.39922895586,11261.4892578125,253524
2025-01-14,11296.994073094904,11543.424762301236,11294.104487272578,11499.9375,627463
2025-01-15,11646.267561144068,11941.916857859547,11617.324834573552,11701.9501953125,692822
2025-01-16,11735.300755256472,11884.71654457919,11710.569496582448,11843.873046875,551211
2025-01-17,11853.276092256992,11939.46819948394,11757.680635796332,11887.017578125,285370
2025-01-20,11897.497320795528,11897.497320795528,11737.846039663767,11773.1064453125,251731
2025-01-21,11770.16863660401,11890.396831013222,11618.352993969162,11639.55859375,300038
2025-01-22,11655.57205671404,11830.698551263722,11655.57205671404,11773.400390625,396590
2025-01-23,11758.36744765724,11857.586133695684,11715.56503582727,11798.2802734375,480876
2025-01-24,11684.907539944496,11844.558833239633,11669.3338103299,11722.029296875,310343
2025-01-27,11657.3851188197,11799.4062067764,11568.400987396612,11747.4453125,251783
2025-01-28,11771.441738217156,11914.785662442277,11640.782913870418,11874.6767578125,533451
2025-01-29,11871.004507813464,12067.58148168093,11640.881172197429,11731.82421875,817549
2025-01-30,11774.0373203125,11862.04103497823,11678.148221827189,11753.46875,418442
2025-01-31,11753.468993517905,12135.456735807236,11753.468993517905,12057.7373046875,709009
2025-02-01,12066.895250261294,12879.84355040065,11977.422347056716,12651.140625,1101170
2025-02-03,12723.130416402922,13184.650165224746,12656.184997312212,12870.0,926127
2025-02-04,12977.788798599346,12987.534574695228,12705.010369889163,12840.6162109375,530749
2025-02-05,12840.664971106757,12879.843201377103,12736.352933011953,12817.94140625,271633
2025-02-06,12791.691916566277,12860.253818109892,12739.584680093178,12805.404296875,414134
2025-02-07,12791.69248881662,12839.196094154113,12744.678611369209,12781.408203125,355223
2025-02-10,12781.897639036248,12791.692196614053,12621.9039236027,12635.7138671875,294142
2025-02-11,12634.9305051191,12749.820474308992,12438.549625509431,12462.9375,354195
2025-02-12,12439.088759771665,12503.09581421513,12349.02760693934,12395.5517578125,425735
2025-02-13,12414.602693510056,12483.115820384855,12355.590479523154,12410.978515625,186742
2025-02-14,12439.08839225863,12517.44485457207,12325.56908488212,12419.744140625,233454
2025-02-17,12342.70930993698,12511.567865387426,12319.692099600625,12500.6962890625,192210
2025-02-18,12502.704142978511,12620.238835570446,12473.516552284804,12523.517578125,267936
2025-02-19,12465.533823871969,12506.818267969187,12391.095183924275,12425.5234375,288694
2025-02-20,12390.116075340842,12390.116075340842,12125.663004958073,12185.0673828125,423739
2025-02-21,12164.840677465383,12183.05817220854,11993.4359175172,12070.2744140625,477013
2025-02-24,11996.716286466277,12177.083442926209,11969.046661912673,12091.5771484375,399571
2025-02-25,12134.232286426772,12250.445092457972,12096.278376540864,12220.0322265625,363355
2025-02-27,12274.246344121906,12292.170193821705,12059.059715245645,12126.25,236805
2025-02-28,12085.015341609069,12085.015341609069,11569.038219462527,11700.431640625,605149
2025-03-03,11641.811993716485,11811.698798705676,11516.196783536932,11533.6796875,186884
2025-03-04,11449.838381375766,11483.384742758326,11352.872256503551,11377.603515625,255726
2025-03-05,11366.584767310746,11586.962326349514,11330.687328982944,11378.6806640625,349730
2025-03-06,11460.612421204256,11488.526911760988,11244.152687413458,11426.7236328125,315309
2025-03-07,11410.659849348089,11501.06342663996,11362.666516076151,11424.51953125,259055
2025-03-10,11361.687036917629,11457.576140286012,11296.700528577932,11348.0234375,153894
2025-03-11,11341.608366955305,11451.797143783531,11273.53618927031,11407.6728515625,245822
2025-03-12,11382.05958529063,11483.090832026865,11285.289545115374,11400.962890625,249361
2025-03-13,11395.77196234278,11444.940833990731,11253.702092198975,11277.2578125,260736
2025-03-17,11277.25819747886,11511.49543877674,11220.988269477257,11316.3388671875,275569
2025-03-18,11316.3388671875,11316.3388671875,11316.3388671875,11316.3388671875,0
2025-03-19,11459.63320484907,11473.78653288494,11309.776462939504,11376.91796875,476555
2025-03-20,11459.534596436795,11523.296782518748,11349.933116517404,11489.2119140625,379421
2025-03-21,11537.989294002266,11676.778371801389,11465.313482531255,11491.7587890625,560565
2025-03-24,11537.941008147636,11743.675515940522,11500.81924922959,11677.3173828125,359033
2025-03-25,11705.86858110057,11827.17380088901,11557.578588475626,11625.0634765625,514283
2025-03-26,11564.435146763177,11625.063846089177,11469.427929922653,11493.228515625,478517
2025-03-27,11531.280163017378,11653.564834169869,11398.906332162458,11481.1318359375,645787
2025-03-28,11458.702664357976,11504.639525896831,11165.894149416436,11285.4375,541795
2025-04-01,11244.152473418011,11308.600473124232,11058.055873248204,11245.2294921875,498244
2025-04-02,11245.229261179526,11490.975096534334,11175.639120003452,11475.4013671875,452994
2025-04-03,11391.5602929462,11560.467631188983,11372.509686986705,11447.9765625,326624
2025-04-04,11361.687110803869,11391.070784366291,11097.234048742052,11246.111328125,355785
2025-04-07,10877.443859467428,11125.14861182844,10832.24254857302,11096.9892578125,602353
2025-04-08,11293.125252153714,11313.056794868742,11058.10464417949,11223.486328125,629968
2025-04-09,11224.6613436588,11301.647145583232,11190.28282672106,11222.017578125,255114
2025-04-11,11244.49427225254,11438.818672806829,11244.151845344955,11360.755859375,231420
2025-04-15,11547.783616650411,11694.701983274465,11440.043481126108,11611.4482421875,458593
2025-04-16,11526.235470116384,11526.235470116384,11376.378737712594,11424.3720703125,470494
2025-04-17,11424.372222370672,11487.057392315091,11288.227868897631,11454.7353515625,302146
2025-04-21,11454.735219358638,11527.214946270356,11349.93345206737,11503.7080078125,318493
2025-04-22,11528.194979766333,11545.825184493246,11376.379327951228,11492.9345703125,516753
2025-04-23,11556.598659385629,11725.065052250646,11488.036755312658,11662.3798828125,493839
2025-04-24,11694.702428417164,11792.648009894694,11614.387051605589,11649.6474609375,387863
2025-04-25,11657.482809227538,11798.52444294698,11359.728249153168,11457.673828125,906266
2025-04-28,11193.22125117392,11651.606580675969,11057.076890488484,11602.6337890625,457303
2025-04-29,11569.33210943438,11694.702453999877,11499.79074643321,11597.736328125,455596
2025-04-30,11582.064557657104,12071.792445930132,11557.578163243452,12005.189453125,967250
2025-05-02,12005.18995309666,12465.534187244935,11998.3337623753,12150.1494140625,707908
2025-05-05,12233.40313296426,12233.40313296426,12108.03278860722,12202.060546875,270014
2025-05-06,12182.471026187804,12340.163407214995,12116.847488741703,12322.533203125,414921
2025-05-07,12101.176137459926,12408.725251758788,12101.176137459926,12373.46484375,303619
2025-05-08,12301.9645865276,12338.204450357338,12076.689757315708,12137.416015625,485326
2025-05-09,11885.695595902424,12106.073140943878,11866.106480787628,11998.3330078125,278112
2025-05-12,12170.717849915283,12370.526834414137,12170.717849915283,12356.814453125,185165
2025-05-13,12341.142182242427,12439.087755117367,12174.634708355032,12225.56640625,378269
2025-05-14,12228.505753779844,12456.718956874012,12156.02602404178,12409.705078125,306050
2025-05-15,12341.142701778685,12755.452492481252,12290.211001739595,12685.9111328125,561496
2025-05-16,12683.952808622304,12817.158799508225,12646.733487639476,12728.0283203125,425275
2025-05-19,12723.129846348353,12777.97936685609,12664.362502947206,12722.150390625,244277
2025-05-20,12737.822580508066,12742.7198594702,12350.937542499554,12378.3623046875,361111
2025-05-21,12414.602309146478,12544.86993100971,12335.266389064358,12355.8349609375,209104
2025-05-22,12351.916807468488,12351.916807468488,12140.354359572746,12189.3271484375,434848
2025-05-23,12194.223742208203,12238.29924971016,12167.778437707027,12197.162109375,169465
2025-05-26,12199.121809209202,12281.396095196642,12136.436638933055,12165.8203125,214703
2025-05-27,12165.820057542767,12222.628491915,12037.51135232273,12158.9638671875,344679
2025-05-28,12158.963773182171,12159.94322893964,12052.203095618386,12077.6689453125,178181
2025-05-29,12086.48431510753,12172.676423675555,12014.004587448051,12137.416015625,191097
2025-05-30,12137.416289116403,12233.402957639117,11999.313021139857,12065.916015625,351353
2025-06-02,11911.161921213894,12065.915936800751,11882.75770316314,12037.51171875,264972
2025-06-03,12020.86093357056,12096.279029544236,11812.236849903118,11878.83984375,369114
2025-06-04,11878.840140179233,11993.436470687227,11878.840140179233,11913.12109375,205846
2025-06-05,11949.360587528863,12005.189567323056,11769.140722930068,11876.880859375,319783
2025-06-06,11889.614283515635,12277.47879099337,11851.415506264042,12205.978515625,456129
2025-06-09,12248.094648279854,12399.910295659573,12209.895872487536,12377.3828125,323443
2025-06-10,12399.910926891973,12482.185217402155,12204.99921484999,12262.787109375,325292
2025-06-11,12213.81282013557,12301.963834875924,12171.696224204068,12196.1826171875,306061
2025-06-12,12203.03947960805,12233.402608580507,12054.162202065678,12135.45703125,347339
2025-06-13,11949.361078789892,12169.738639669216,11925.854138962766,12153.087890625,385493
2025-06-16,12149.16962508729,12308.82091893518,12082.566631334796,12272.5810546875,184242
2025-06-17,12271.601037970797,12355.834232101652,12213.813148974046,12336.2451171875,226597
2025-06-18,12360.732196655848,12615.39070466936,12292.170290652211,12486.1025390625,467738
2025-06-19,12488.06160732152,12561.520793246938,12452.801198077315,12542.9111328125,339117
2025-06-20,12545.848953854273,12625.1848711985,12466.513036510043,12528.21875,652128
2025-06-23,12508.62921146904,12523.321047517276,12405.786359131378,12438.1083984375,192037
2025-06-24,12566.41781062292,12590.904205421482,12295.108556254832,12351.9169921875,332717
2025-06-25,12423.418054726051,12543.891124793168,12357.79451249437,12504.712890625,316536
2025-06-26,12517.444899294633,12584.047892499017,12428.314423094647,12453.7802734375,354735
2025-06-27,12488.06150026326,12536.054834656428,12361.711701554714,12382.2802734375,346403
2025-06-30,12406.76565484816,12414.601300639491,12078.64798733619,12145.2509765625,448956
2025-07-01,12194.224318023127,12203.03941993977,12066.89506811606,12186.388671875,283481
2025-07-02,12125.66213908503,12383.259000359616,12105.093568412914,12362.6904296875,609735
2025-07-03,12370.526898813669,12556.623502992175,12331.348666355032,12490.0205078125,606221
2025-07-04,12453.779711562698,12486.101750924205,12348.977947572355,12386.197265625,225607
2025-07-07,12387.178000979682,12409.705485286042,12214.79377324406,12262.787109375,220116
2025-07-08,12267.68345710677,12297.067130057923,12105.093800110384,12158.9638671875,241050
2025-07-09,12179.53252454328,12282.375380600944,12174.63524568339,12213.8134765625,174203
2025-07-10,12243.196871912056,12409.70434937006,12146.230752686512,12390.115234375,277325
2025-07-11,12380.321819826626,12424.397332634551,12263.766574845664,12315.677734375,194420
2025-07-14,12331.348798720432,12356.814650091896,12175.615323025711,12256.91015625,246737
2025-07-15,12224.58696610013,12339.183286509851,12224.58696610013,12278.45703125,147377
2025-07-16,12278.457075398956,12312.738026072137,12183.449869247575,12305.8818359375,204480
2025-07-17,12310.779818110146,12367.588253900614,12206.95750442412,12219.6904296875,189207
2025-07-18,12267.68364077346,12269.642552332867,12115.86799491958,12163.861328125,124068
2025-07-21,12175.615265313256,12221.649688728085,12088.443697570285,12150.1494140625,232066
2025-07-22,12193.245703734765,12272.581626459683,12065.916445040451,12235.3623046875,169006
2025-07-23,12282.376209276252,12457.698804289048,12282.376209276252,12367.5888671875,342005
2025-07-24,12388.156844165604,12400.889769448191,12261.80704713071,12299.0263671875,157163
2025-07-25,12287.273191706054,12299.026661478909,12103.135498597983,12149.169921875,260700
2025-07-28,12116.847504305106,12277.478252886953,12049.265055206644,12086.484375,292879
2025-07-29,12086.484190166611,12250.053303599176,12015.963374794492,12212.833984375,285115
2025-07-30,12175.614238541297,12383.258854305976,12164.840225459166,12358.7724609375,203847
2025-07-31,12249.074025730191,12497.855794683932,12207.93688283233,12348.978515625,709783
2025-08-01,12396.501149378022,12651.935802883296,12150.96706383807,12179.6787109375,346024
2025-08-04,12203.440517905883,12301.456144327489,12103.444777819195,12242.052734375,255693
2025-08-05,12276.704018604927,12451.944067902758,12247.002315334112,12412.341796875,233560
2025-08-06,12445.01429364994,12493.527078088197,12358.87934985141,12399.4716796875,151608
2025-08-07,12400.461383648051,12528.178710473649,12305.415931126678,12506.3974609375,173393
2025-08-08,12504.417702696832,12598.473101093998,12439.073952231432,12464.8154296875,247048
2025-08-11,12459.865411593531,12607.383881702985,12357.889556417202,12471.74609375,187230
2025-08-12,12494.516609168128,12830.145858812184,12480.655814197577,12712.3291015625,504476
2025-08-13,12712.329012535063,12796.483838552624,12625.20401618747,12706.388671875,252065
2025-08-14,12736.09090909091,12827.176136363638,12697.478693181818,12807.375,318580
2025-08-18,13566.74840659542,13984.552378541948,13528.13619117856,13928.119140625,2154781
2025-08-19,13930.099344161184,14128.110706551535,13840.004174273576,14108.3095703125,906623
2025-08-20,14219.195664092716,14219.195664092716,14058.806463592577,14079.59765625,391425
2025-08-21,14077.618251323967,14257.808596759016,14015.244670211834,14138.01171875,513460
2025-08-22,14206.3251953125,14227.11638836439,14088.508434685124,14206.3251953125,458935
2025-08-25,14257.807884775895,14334.042257883855,14138.0110127491,14308.30078125,357110
2025-08-26,14308.301397956451,14677.59259788987,14247.907930943213,14567.6962890625,962974
2025-08-28,14746.896486096164,14746.896486096164,14479.581141937322,14605.318359375,666635
2025-08-29,14603.338333778776,14702.344017397614,14545.915037279849,14643.9306640625,621560
2025-09-01,14642.940076309238,14789.46848275236,14508.292351469612,14738.9755859375,572927
2025-09-02,14711.25381696316,14785.508076083708,14636.009501054335,14694.4228515625,379167
2025-09-03,14727.095170454546,14841.941761363638,14603.33806818182,14778.578125,561656
2025-09-04,15088.465724534512,15088.465724534512,14484.531072830703,14516.212890625,784369
2025-09-05,14593.43767570913,14808.280007841347,14554.825459335138,14746.896484375,473806
2025-09-08,14772.63795772607,15166.680575993949,14702.343922808936,15106.287109375,691077
2025-09-09,15097.376068021886,15231.03373535633,15049.853341858528,15212.22265625,605860
2025-09-10,15213.212977887337,15231.034000508836,14922.1362750695,14957.7783203125,489062
2025-09-11,14960.748135182905,15039.952678284924,14888.473989602311,14944.9072265625,657161
2025-09-12,15009.26171492659,15220.143822134993,15002.331317037111,15172.62109375,420101
2025-09-15,15197.37162345439,15225.093213386424,15097.375888342409,15113.216796875,170587
2025-09-16,15147.86879484926,15438.94548933852,15132.027886305626,15418.154296875,381944
2025-09-17,15436.965821486774,15660.718661126077,15415.184571610382,15643.8876953125,624986
2025-09-18,15757.744139513658,15780.515446073648,15546.862039632002,15659.728515625,642175
2025-09-19,15840.90944906707,15900.312859501071,15653.788706199965,15706.26171875,652443
2025-09-22,15721.111859380928,15840.908731664138,15622.106179808026,15658.73828125,302234
2025-09-23,15959.715642375131,16162.677286710548,15871.600587029514,15936.9443359375,873114
2025-09-24,16027.040126507783,16212.180755594574,15903.283021503246,16087.43359375,663647
2025-09-25,16087.433238636364,16207.230113636364,15907.242897727274,16107.234375,490262
2025-09-26,16073.572531682215,16271.583896408822,16040.900656502326,16124.0654296875,490957
2025-09-29,16137.926317430713,16177.528590602322,15791.406427179132,15825.068359375,627326
2025-09-30,15826.058592775204,15894.372514758406,15762.694954993683,15869.62109375,390006
2025-10-01,15866.650300828962,15948.825015353408,15692.400303765073,15806.2568359375,426075
2025-10-03,15790.416014018609,15865.66033134668,15579.533914138618,15648.837890625,470216
2025-10-06,15682.499736295162,15897.342062227994,15551.812238492705,15838.9287109375,268497
2025-10-07,15854.769621582638,15998.32785782152,15818.137519921682,15947.8349609375,330326
2025-10-08,15947.835495204768,16074.562770061128,15820.118163513596,15852.7900390625,306518
2025-10-09,15910.213425183763,15915.163709385752,15695.371090817564,15826.05859375,300499
2025-10-10,15821.10821621388,16152.777255790328,15752.794294629475,16103.2744140625,423031
2025-10-13,16102.283913994055,16268.613457621148,16056.741300858068,16160.697265625,337617
2025-10-14,16187.428530951163,16187.428530951163,15960.70552583876,16099.3134765625,307925
2025-10-15,16137.925779322415,16217.130323024612,16038.920099694673,16050.80078125,266435
2025-10-16,16084.463333667283,16169.608221436296,16038.920719279206,16135.9462890625,265727
2025-10-17,16135.946022727274,16384.45028409091,16135.946022727274,16237.921875,411608
2025-10-20,16335.93767837844,16353.758701300309,16217.130858899323,16260.693359375,374246
2025-10-21,16289.404918632496,16312.176225575216,16167.627929330134,16232.9716796875,28990
2025-10-23,16494.34613978718,16494.34613978718,16177.527966634005,16230.0009765625,481753
2025-10-24,16229.011274214236,16259.703035408762,16038.920366170732,16112.1845703125,208520
2025-10-27,16187.428622982516,16246.83203077328,16113.174363244065,16225.05078125,209829
2025-10-28,16235.941404334117,16330.986856789514,16099.31356642948,16148.81640625,383383
2025-10-29,16197.329725453896,16264.653589838425,15886.451881090052,15977.537109375,232815
2025-10-30,16029.01944290984,16113.174270127094,15917.143025550433,16044.8603515625,230383
2025-10-31,16042.880592941045,16351.778318502487,15790.416105703329,16025.0595703125,719402
2025-11-03,15856.74963660469,15939.914407426044,15375.582033995432,15495.37890625,942850
2025-11-04,15451.817031735296,15477.55850945844,15202.322709187894,15221.1337890625,748848
2025-11-06,15379.542078139157,15379.542078139157,15156.77930180458,15298.357421875,429800
2025-11-07,15305.288706927531,15344.890980572469,15108.267395543962,15325.08984375,227247
2025-11-10,15227.074126502035,15491.419301519983,15227.074126502035,15428.0556640625,274191
2025-11-11,15484.488192613457,15524.090464205818,15357.760923517895,15489.4384765625,181524
2025-11-12,15518.15039087387,15574.583628865435,15400.333630856388,15539.931640625,244015
2025-11-13,15505.27929985138,15642.897192877326,15504.28924306702,15592.404296875,250711
2025-11-14,15568.643109867142,15578.54367782254,15417.164420149516,15528.05078125,253698
2025-11-17,15533.001332732889,15733.982865688766,15499.33940110481,15720.1220703125,301069
2025-11-18,15720.122513045357,15839.919390742702,15593.395237464689,15771.60546875,392903
2025-11-19,15791.40616019688,15791.40616019688,15558.74280924727,15611.2158203125,286434
2025-11-20,15652.79820662557,15665.668945188892,15462.70729861342,15643.8876953125,249492
2025-11-21,15632.997071351592,15989.417523896656,15580.524060282458,15818.1376953125,586351
2025-11-24,15845.858840760708,15925.063383544892,15752.793502989292,15799.326171875,525788
2025-11-25,15799.326615381511,15890.411842140198,15684.480025120563,15731.0126953125,214525
2025-11-26,15791.405724121458,16048.820488276417,15791.405724121458,15995.357421875,314946
2025-11-27,16005.257981247642,16010.208265171075,15717.151456903768,15744.873046875,339986
2025-11-28,15747.843661188088,15889.42178538964,15692.400479682585,15741.9033203125,352340
2025-12-01,15816.157406137889,16016.148880068396,15693.390362735,15936.9443359375,434052
2025-12-02,15966.645865987648,16099.313475961131,15934.96404868055,16077.5322265625,383165
2025-12-03,16057.73153409091,16086.443181818182,15850.80965909091,15922.09375,264397
2025-12-04,15898.332386363638,15974.566761363638,15729.032670454546,15834.96875,248812
2025-12-05,15840.909439872252,16175.548651789552,15820.11824623242,16120.10546875,332032
2025-12-08,16038.920543395165,16094.36372552048,15933.974520086527,16026.0498046875,220513
2025-12-09,15891.401721785756,16064.66166205817,15826.057972883018,15860.7099609375,276388
2025-12-10,15930.013758685973,15964.665746352475,15766.65438825818,15859.7197265625,293374
2025-12-11,15889.422050382162,16133.966087172268,15824.07829966092,16086.443359375,268701
2025-12-12,16086.443181818182,16371.579545454546,16085.453125,16357.71875,404711
2025-12-15,16335.937053809395,16335.937053809395,16197.329103049802,16251.7822265625,225221
2025-12-16,16236.931284013086,16287.424180079224,16157.72674116424,16191.388671875,156134
2025-12-17,16226.04066080372,16326.036396159212,16194.358843661385,16234.951171875,257406
2025-12-18,16276.53400152719,16322.07661491346,16059.711559536045,16166.6376953125,213981
2025-12-19,16166.638137365588,16311.186435978814,16166.638137365588,16250.79296875,360190
2025-12-22,16300.294576626224,16527.017575778762,16250.791738383312,16483.455078125,271590
2025-12-23,16542.85883834696,16553.74946299367,16393.360263651266,16420.091796875,215650
2025-12-24,16474.544393222775,16553.748933574807,16377.518831291534,16536.91796875,258486
2025-12-26,16536.91849798615,16536.91849798615,16351.77787898816,16430.982421875,212925
2025-12-29,16434.94282545944,16516.12748279002,16334.94708899128,16377.51953125,251796
2025-12-30,16410.1924685191,16650.776285704633,16318.117180460444,16481.4765625,1055843
