Date,Open,High,Low,Close,Volume
2018-01-01,72.84733352489046,73.83546790062789,72.84733352489046,73.26820373535156,6388017
2018-01-02,73.65246987534067,73.85375408861196,72.93881682128362,73.469482421875,4383705
2018-01-03,73.74397102317914,74.09164424144002,73.41458960271228,73.79886627197266,8187397
2018-01-04,73.9269598685101,74.23803460540364,73.1950099673903,73.3230972290039,4204055
2018-01-05,73.67076257911077,73.94524374419737,73.41457817282244,73.6524658203125,4923559
2018-01-08,73.92695929990818,74.38442798458946,73.2133061662642,73.39629364013672,11797863
2018-01-09,73.59757527288623,73.70737073163829,73.30479731058622,73.56098175048828,7380366
2018-01-10,73.89033466872586,73.89033466872586,72.64602127942224,73.14008331298828,8710385
2018-01-11,72.8656336986092,73.3048056559091,72.20688072651265,72.40816497802734,12305664
2018-01-12,72.49964800870418,72.57284497872212,71.62130918775182,71.85919189453125,9411915
2018-01-15,72.38985750179643,73.28649804698468,71.42002495045871,72.9388198852539,9962401
2018-01-16,72.8656324510818,72.93882943066302,71.12725134263343,71.80430603027344,13205546
2018-01-17,71.73109775948515,72.71922697679129,70.99914798495377,72.24346160888672,13012437
2018-01-18,72.68263229517217,73.12180416839193,71.63960778301686,72.09707641601562,24603506
2018-01-19,72.09708160586374,72.46305653860715,71.10894730191544,71.7677001953125,8082214
2018-01-22,71.78599420294123,72.07877213211992,71.3651240683023,71.47491455078125,9833311
2018-01-23,71.47490904697541,71.85918066991377,71.0174404654527,71.67619323730469,16134097
2018-01-24,71.47492398233088,72.07878164335222,71.42002873384763,71.71280670166016,11061376
2018-01-25,71.98729432893583,72.04218958231553,70.68808515558537,71.10895538330078,13143678
2018-01-29,71.1821617697573,71.73112430380107,70.99917425840938,71.05406951904297,11002896
2018-01-30,70.92595449778563,71.785996517778,69.79143129889265,71.3468246459961,22826262
2018-01-31,71.3468268875072,71.47491910112225,70.26720386155759,70.92595672607422,14372442
2018-02-01,71.18213919419243,71.42002189072895,69.16927224389633,71.31022644042969,17028230
2018-02-02,71.18214136661423,71.18214136661423,69.90122419047785,70.5965805053711,22083930
2018-02-05,69.53525840502718,72.07878640329793,69.53525840502718,71.91410064697266,21997294
2018-02-06,69.53524687971114,71.58470734160615,69.53524687971114,71.3468246459961,13495253
2018-02-07,71.65790908464615,72.04218077518024,70.77957024638775,71.5481185913086,14316750
2018-02-08,71.9001973227234,72.14109897297213,71.28867117544429,71.60369873046875,33536651
2018-02-09,71.15895838235917,72.01138115303873,70.78833388532878,71.60369873046875,15183068
2018-02-12,71.9743113197396,73.77181658364684,71.64075483383412,73.56797790527344,11747845
2018-02-14,73.54947318765058,73.54947318765058,71.78903017199063,72.43761444091797,13853923
2018-02-15,72.64143559080627,73.49385835359682,72.15962726791959,73.34561157226562,8833619
2018-02-16,73.41973278516646,73.47532972691204,72.17816158734928,72.47465515136719,6252218
2018-02-19,72.49320592167436,72.9935433599598,71.75196676179957,71.955810546875,4332550
2018-02-20,72.23375766332644,72.77115290742196,71.80754625543038,72.27082061767578,8479558
2018-02-21,72.49318155742628,72.60437041014788,71.64075882080111,71.88166046142578,9258406
2018-02-22,71.64077623574597,72.08552170104807,70.13976406048839,70.51038360595703,25535938
2018-02-23,70.64008494235922,71.8445981836155,70.5474300776472,71.62223052978516,11567495
2018-02-26,72.2708253076095,73.08618522196413,71.529586279915,72.69703674316406,8362326
2018-02-27,73.10472166995577,73.47534119625517,72.47466646450714,73.29003143310547,17333449
2018-02-28,72.93795065016857,73.45681705117522,72.41908424916193,73.2715072631836,5795018
2018-03-01,73.04911997111898,73.56799129568921,72.47466175343602,73.16030883789062,8106682
2018-03-05,72.93793072819956,73.03058559688802,71.99285307831674,72.99352264404297,6992551
2018-03-06,73.04912633509136,73.1973781703691,71.19602866261104,71.5851821899414,9525018
2018-03-07,71.43691885126022,71.90019316218024,70.8809846513082,71.65928649902344,9481007
2018-03-08,71.84460415772067,72.60437712764563,71.30720891381371,72.4190673828125,10429826
2018-03-09,72.45614266520977,72.5117345927487,71.0848483093861,71.4925308227539,9887071
2018-03-12,71.7148913829813,72.51172228067368,71.52958163808314,72.27082061767578,14242997
2018-03-13,72.2337757437666,73.0120778725211,71.62225443790584,72.28936767578125,10581316
2018-03-14,72.14111136160939,72.71556962830283,71.71489990307724,72.02992248535156,8577503
2018-03-15,71.88167345044015,72.5487916067737,71.82608152745793,72.19670104980469,6132848
2018-03-16,72.04844833392828,73.06765193674585,70.91805586742147,71.25161743164062,10373796
2018-03-19,71.67782588742183,72.30787598162914,71.34426936380052,71.97431945800781,13496140
2018-03-20,71.93727360989755,72.6785127394594,71.45547018642216,72.23377227783203,9661410
2018-03-21,72.45612779377049,72.45612779377049,71.75194676664414,71.97431945800781,9675146
2018-03-22,71.97433294464396,72.15964271769586,71.25162784585116,71.41840362548828,11371840
2018-03-23,70.78834797148625,72.36348606004489,70.78834797148625,71.99286651611328,9062739
2018-03-26,72.04846249544157,72.4561450220705,71.99287056609434,72.23377227783203,15451169
2018-03-27,72.30788955562657,72.7711639884156,72.30788955562657,72.62291717529297,7563470
2018-03-28,72.45612431219335,72.56730813910852,71.27014003314022,71.62223052978516,14095921
2018-04-02,71.49253314827017,72.34495613652648,71.49253314827017,72.23377227783203,6821616
2018-04-03,72.1966867706701,73.93860019192203,72.10403190840879,73.58650970458984,6269850
2018-04-04,73.73477646207327,74.08686704482731,72.14111441001141,72.65998077392578,9689298
2018-04-05,73.34562923321137,73.54946797826821,72.64145308219294,72.7341079711914,8673501
2018-04-06,73.19738048806093,73.34562730118355,72.54879628215632,72.62291717529297,7948746
2018-04-09,72.64143525910863,72.82674499163852,72.34493667095188,72.5858383178711,4610445
2018-04-10,72.95645969119792,73.62357776186374,72.75262099082268,72.99352264404297,7562115
2018-04-11,73.38268924323854,73.45681013534701,72.56732424210061,73.01206970214844,5790314
2018-04-12,73.08618389746603,73.34561956319705,72.67850143425247,72.77115631103516,3537785
2018-04-13,72.82676811258888,73.3826974866743,72.78970514894657,73.1973876953125,3438013
2018-04-16,73.1047180711065,74.45747827013496,72.93793728174255,73.82742309570312,9628436
2018-04-17,75.30989392150279,76.77384284897126,74.93927444891312,75.93994903564453,23457958
2018-04-18,76.01407819348853,76.27351386329829,75.73611355877044,75.97702026367188,8814122
2018-04-19,76.1623267182442,77.42243200229971,75.95848297884562,77.12593841552734,10627620
2018-04-20,77.38537352129848,77.68187215206164,76.42176176830384,76.7923812866211,5446620
2018-04-23,77.05180165724599,77.05180165724599,76.05112714578961,76.64411926269531,4139986
2018-04-24,77.16300373736742,77.16300373736742,75.90289833257071,76.51441955566406,3594644
2018-04-25,76.49589373297607,77.83012510981598,75.56934486389966,76.84798431396484,5924775
2018-04-26,76.92209279692561,77.34830420256681,76.4217554829779,76.71825408935547,7950190
2018-04-27,76.903564427352,77.34830480008117,76.75531763644227,77.05181121826172,7371596
2018-04-30,76.92209817810172,77.45949848379716,76.73678842122037,77.03328704833984,5644871
2018-05-02,76.7182474009216,77.49654926289223,75.86581963710687,76.03260040283203,7210903
2018-05-03,75.97702424979074,76.922102046676,75.32844006808739,76.51441955566406,3782713
2018-05-04,76.7182464500949,77.01474000010043,75.79169782276756,76.86649322509766,22466426
2018-05-07,76.71825587976177,77.83011436921636,76.71825587976177,77.5706787109375,6003886
2018-05-08,77.64481358477006,79.31260151149169,77.40391188961345,78.84932708740234,19748071
2018-05-09,78.5713618836283,79.20141710672455,78.25633427208018,78.5157699584961,13934330
2018-05-10,78.27484643416203,78.4972191138012,75.86581996290866,77.0888671875,13973187
2018-05-11,77.38537134508634,77.4594972574048,76.32910474221644,76.66266632080078,10688957
2018-05-14,76.34763232096189,77.75598432192913,76.34763232096189,77.47801971435547,13962128
2018-05-15,77.45949068856065,80.05382702381505,77.32977286642826,79.25699615478516,56040833
2018-05-16,79.46084253962077,79.68321525237187,78.7751954364919,79.10875701904297,18183776
2018-05-17,78.75666647161633,80.05383476467408,78.68254055841633,79.10875701904297,17900935
2018-05-18,79.20140101938279,79.68320430846396,78.60840887577262,78.92343139648438,18414996
2018-05-21,79.47937397618128,79.47937397618128,78.42310739470786,78.812255859375,16669979
2018-05-22,79.21992874031298,79.31258360421114,77.64479605404439,78.10807037353516,9411261
2018-05-23,78.20073632431402,78.73813159500348,77.71892794762657,78.31192016601562,18219990
2018-05-24,78.71959274574422,78.71959274574422,78.34897328414478,78.47869110107422,17260447
2018-05-25,77.92275368841919,78.96048606068551,77.92275368841919,78.5898666381836,30090956
2018-05-28,78.66400864779307,78.75666352239897,76.45882062143349,76.69972229003906,17488299
2018-05-29,77.18152844914992,77.71892369040238,76.25497972956101,76.71825408935547,15749359
2018-05-30,76.7182646899819,78.55282839215157,76.7182646899819,77.64481353759766,36016623
2018-05-31,77.79306254630507,78.83079527422171,74.71691726917828,77.62628173828125,274352477
2018-06-01,76.68119209107218,77.0518115835277,74.25363139937936,76.3291015625,17096388
2018-06-04,76.69972741119004,76.69972741119004,74.34629243369466,74.75397491455078,14456405
2018-06-05,74.42041820944682,74.55013604768254,72.3078849206051,73.69770812988281,13788817
2018-06-06,73.1973822052888,75.32844464611348,73.1973822052888,74.53160858154297,8130515
2018-06-07,74.66131905151532,75.58786784724911,73.47533960908542,75.14312744140625,7683528
2018-06-08,74.45746997252195,74.5686538018083,72.91940019087035,73.34561157226562,12429285
2018-06-11,73.6050460540555,73.84595274159317,72.08551018193221,72.5302505493164,19668041
2018-06-12,72.80823408600098,72.80823408600098,71.67784636992049,72.28936767578125,13416832
2018-06-13,72.75261595326471,73.88300326225382,72.30787060361601,73.43826293945312,10866676
2018-06-14,73.45680644564447,73.88301789111985,72.86381420431618,73.69770812988281,7205187
2018-06-15,73.69771458668303,73.75331154140429,72.7341077653062,73.32709503173828,9527937
2018-06-18,73.32708232393581,73.93860850509489,72.7340951602702,73.62358093261719,4303444
2018-06-19,73.21590130656985,74.01273223691923,72.93793667783062,73.6421127319336,8099053
2018-06-20,73.64212573773789,74.01274530817798,72.9379495592716,73.80890655517578,8160216
2018-06-21,73.41975532849514,73.62359911483934,71.82609313558501,72.43761444091797,10942576
2018-06-22,72.71557789920867,73.53094297711178,71.93727578427384,73.2715072631836,7677797
2018-06-25,73.27148762630613,73.4938603176698,70.97364486029548,71.97431945800781,8701812
2018-06-26,71.86314956919247,72.15964319730642,70.0471097597341,70.69569396972656,9869227
2018-06-27,71.14041665717492,71.34426035971879,68.82404522041104,69.37997436523438,13094540
2018-06-28,69.82474038149269,69.95445319890828,67.87898277121887,68.49050903320312,22542641
2018-06-29,68.65728241004146,70.54744300181031,68.23107095965463,69.25027465820312,8435793
2018-07-02,69.3058500300465,69.43556783879748,68.00868199623227,68.58314514160156,13100144
2018-07-03,68.2125402779108,68.73140659692982,67.15627364789242,68.3978500366211,9990760
2018-07-04,68.65727334163505,70.13975125280568,67.50835195510813,67.82337951660156,10626271
2018-07-05,67.87897305320145,68.10134575055486,66.91536640941753,67.32304382324219,7739370
2018-07-06,67.32306514729036,67.78633965232828,67.02657147480615,67.378662109375,7229617
2018-07-09,67.52689533064301,68.56462800195715,67.4527694140424,68.37931823730469,10238815
2018-07-10,68.56462519516867,68.69434303048503,67.97163296718595,68.21253967285156,7258266
2018-07-11,68.11988513322167,68.47197065729044,67.6010137893748,67.78632354736328,3825437
2018-07-12,67.89750544357784,68.04575222937038,67.30451327355931,67.67513275146484,11523981
2018-07-13,67.52690349976736,67.9531150046595,67.1748128935936,67.36012268066406,4793733
2018-07-16,67.10069205392709,67.63808742079456,66.93391123467701,67.21187591552734,12191173
2018-07-17,66.97096723282235,67.54542550276547,66.71153154693562,67.24893188476562,4698206
2018-07-18,67.67513478245543,68.11988018002863,65.98881811811677,66.15559387207031,5845129
2018-07-19,66.37798555986546,67.0080408821951,65.63674636975999,65.76646423339844,5980121
2018-07-20,65.78496488018291,65.95174563689295,64.52485980488333,65.15491485595703,5273662
2018-07-23,65.21053490791425,65.9703030678141,65.09934601317404,65.61821746826172,6336970
2018-07-24,66.04442057793099,66.13707546497736,65.32171044822968,65.87763977050781,6260188
2018-07-25,66.21118555046343,66.34090337652358,64.74724159020877,65.09932708740234,7757736
2018-07-26,65.3217008502565,68.11988104401851,64.5619328988518,67.39717102050781,33869484
2018-07-27,67.91602990949046,68.49049307831343,66.04440368074167,66.67445373535156,19690254
2018-07-30,67.04507888262742,68.10134541978948,66.73005634199271,67.89750671386719,10288607
2018-07-31,68.0642818635876,68.78699186336809,67.39716880751976,67.56394958496094,11713824
2018-08-01,67.8233902122249,68.84259393688126,66.76712352857484,68.45344543457031,10299992
2018-08-02,68.99083542107346,70.51037127017275,68.47196412671441,69.9359130859375,12305598
2018-08-03,70.34359738643082,70.76980879509294,70.0470987779517,70.4918441772461,7491196
2018-08-06,71.10338370669201,71.10338370669201,69.91740404682345,70.21389770507812,4944677
2018-08-07,70.36214744042124,70.65864613777227,69.54678733311857,70.08418273925781,3270258
2018-08-08,70.08416744271129,70.67715968113698,69.62089304188636,70.23241424560547,6225545
2018-08-09,70.23240342565278,71.52957657497,69.62088231614418,71.3813247680664,6328977
2018-08-10,71.78900948535455,71.84460140130193,70.08415889292901,70.6215591430664,4909902
2018-08-13,69.89885586628499,70.41772217635805,69.36146059139995,69.67648315429688,2537940
2018-08-14,69.5097093471765,70.0471046371895,69.13908982571279,69.6394271850586,2304692
2018-08-16,69.45410852694206,70.41771513782619,69.34291966863735,69.56529235839844,3661689
2018-08-17,69.86178464468371,70.04709437827559,68.84258110992837,69.3429183959961,4022502
2018-08-20,69.49117886536386,69.99151624998439,68.7870027443809,69.5467758178711,2487784
2018-08-21,69.54676754482328,69.78766921191728,68.87964943573762,69.50970458984375,3655095
2018-08-23,69.50970353289027,70.78833775887664,69.50970353289027,70.4918441772461,9442607
2018-08-24,70.60304035638822,72.12258153829849,70.25095479500682,70.76982116699219,8393334
2018-08-27,70.84392954683909,73.49385770537442,70.7512746809683,73.30854797363281,14042229
2018-08-28,73.23442559178679,74.29069211887578,72.54878357285125,73.0676498413086,8224129
2018-08-29,73.01206775021646,73.77183577839955,71.1960280259462,71.5481185913086,6955827
2018-08-30,71.62223360356296,73.4567969874852,71.30720604465256,72.99352264404297,22347117
2018-08-31,72.21521669732873,74.95780467838875,72.21521669732873,74.67984008789062,11854651
2018-09-03,75.18017894565817,75.97701486335806,71.90020051059902,72.08551025390625,8999761
2018-09-04,72.08552770830644,72.80823286608747,71.02926091032681,72.0669937133789,5387824
2018-09-05,71.95581225507993,73.01207908834687,71.43694583621982,72.5117416381836,7334087
2018-09-06,72.64144431785849,74.77250650770627,72.45613456221956,73.86448669433594,16457730
2018-09-07,74.45747388852675,74.45747388852675,71.47398400815013,72.5302505493164,4580610
2018-09-10,72.62425124326832,73.31985065281627,71.49625385475204,72.5490493774414,6293799
2018-09-11,72.58665525874576,73.2634516980684,70.01106002608672,70.27426147460938,9560546
2018-09-12,70.34945604326892,73.41385314155725,70.34945604326892,72.86865234375,13582243
2018-09-14,73.4138536781228,75.93304489720133,72.90625381090523,75.2562484741211,22816500
2018-09-17,74.22225693793388,76.53465085710768,74.22225693793388,75.91425323486328,15162744
2018-09-18,75.76384602336942,76.66624292647282,74.50424790245974,74.78624725341797,4937349
2018-09-19,74.82385514515364,75.199854314731,73.77105441044797,74.56065368652344,6025625
2018-09-21,74.82385244568654,75.91424897815891,73.35745165738703,75.35025024414062,11174973
2018-09-24,75.19986467453484,75.33146032216389,73.15066687810736,74.2974624633789,3992299
2018-09-25,74.07186583767658,74.67346050250146,72.06026901519814,72.41746520996094,10770907
2018-09-26,72.73705988218347,72.94386249440427,70.76306415538193,72.51145935058594,7286693
2018-09-27,72.56786097409224,73.6582575586215,72.24826065626078,73.1506576538086,8101331
2018-09-28,73.13186834592169,74.4290625889421,70.44346985569061,70.83827209472656,10284429
2018-10-01,70.80067206292158,72.90626873206197,69.89827494752308,72.34226989746094,4684738
2018-10-03,71.62787125091575,72.30467294971692,70.81947389662356,71.04507446289062,10349581
2018-10-04,70.68785325030593,71.79705274743948,69.39065928396883,71.15785217285156,11239097
2018-10-05,71.06384753068966,72.02264832703159,70.06745090296573,70.42465209960938,7035573
2018-10-08,70.12386337632229,71.08266435897843,68.61986663472709,70.18026733398438,4680183
2018-10-09,70.33066927923102,71.2330663464518,69.67267067399276,70.14266967773438,5552286
2018-10-10,70.01105440659822,71.04505200023344,70.01105440659822,70.36825561523438,3526073
2018-10-11,69.91705886897613,70.87585465588803,69.20266150815797,69.82305908203125,10016561
2018-10-12,70.02984043090916,71.3458371447891,69.97344159170561,70.85704040527344,6856067
2018-10-15,70.85707989066233,71.43987672022098,69.97348058470529,70.72547912597656,6926558
2018-10-16,70.66906145069213,70.98866176565183,69.59746279456382,70.3870620727539,6530627
2018-10-17,70.70665862032465,71.4774548390269,70.68785560290821,71.10145568847656,4151254
2018-10-19,71.06385056748955,71.98505047200116,70.33065532699369,71.12025451660156,9497796
2018-10-22,71.21425429870216,71.81584882429428,70.7818512211878,71.12025451660156,4377225
2018-10-23,70.68785101403121,72.43625103044046,69.8606559964088,71.79705047607422,4599675
2018-10-24,72.00386605898517,72.28587057430832,71.21427177541732,71.59027099609375,4510189
2018-10-25,71.32704272574236,72.24824251051041,70.19904548715974,71.92864227294922,7455415
2018-10-26,71.57146751039485,71.81586598228428,70.61267154382256,70.83827209472656,6390862
2018-10-29,71.214253921997,71.62784888120012,70.46225566917015,71.2706527709961,8374975
2018-10-30,71.06385733204517,71.27065993224072,69.78546119374978,69.99226379394531,5105532
2018-10-31,69.59745295289076,70.21785047666233,67.22866055310311,69.91705322265625,9622136
2018-11-01,69.97344159170561,71.17664062717844,69.76664414802137,70.85704040527344,5603131
2018-11-02,71.0826484984694,72.30464557835407,70.9510477929805,71.3834457397461,6034462
2018-11-05,71.08267143558358,71.25186802596812,69.55987152322753,69.95467376708984,4872816
2018-11-06,70.34947985534093,71.06387744958535,69.55988036704278,70.72547912597656,7337064
2018-11-07,71.43983765344429,71.43983765344429,70.72544044986701,71.0826416015625,223308
2018-11-09,71.06385602160455,72.26705536476287,70.98865925004151,72.07905578613281,9231137
2018-11-12,72.00384628438277,72.53024912861507,69.27785268312527,69.91705322265625,3906667
2018-11-13,70.31186175420116,70.6878609331036,68.7514661817191,69.20266723632812,7750412
2018-11-14,69.29665569888466,70.31185025601604,69.22145383547593,69.91705322265625,9918943
2018-11-15,69.9358491205305,70.87584688694297,69.76665258246481,70.34944915771484,8814911
2018-11-16,70.31187890831407,71.43987672022098,70.01108153173215,70.72547912597656,5537047
2018-11-19,70.76306572258304,71.62786182974178,70.5562682055976,71.32706451416016,5155461
2018-11-20,71.85346692407091,71.85346692407091,70.49986871846266,70.83827209472656,2673334
2018-11-21,70.49986172003588,70.63146245331737,68.1686698582842,68.46946716308594,6426666
2018-11-22,69.07105558002273,69.07105558002273,66.85266179530485,67.60466003417969,6231287
2018-11-26,67.69867712136318,68.75147288501185,67.24747602276189,68.60107421875,5022526
2018-11-27,68.41306373217897,69.5410611994965,67.79266614511732,68.63866424560547,6727512
2018-11-28,68.39426687140673,69.55986537919259,68.24386821552172,69.29666900634766,9281286
2018-11-29,69.54106488797383,70.87585992183817,67.41667056514368,67.86786651611328,16395530
2018-11-30,68.05583675375401,69.01463729821918,67.04064247703049,67.73623657226562,10573839
2018-12-03,68.09345815504335,70.87585067226274,68.09345815504335,69.10865783691406,11107638
2018-12-04,68.95827052799423,70.76306982557642,68.48827150776175,70.40586853027344,6304336
2018-12-05,69.59747227238267,70.57507126899482,68.61987327577052,68.9958724975586,5774768
2018-12-06,68.9958724975586,69.7102750988086,68.69507516005447,68.9958724975586,8600328
2018-12-07,69.10865734487716,70.31185148169,67.92425602452246,68.67625427246094,8378029
2018-12-10,67.86786003139336,68.58225737702988,66.42026232324203,67.41666412353516,6431248
2018-12-11,66.8526807676491,68.1686780591513,66.60827719080312,67.79267883300781,6514193
2018-12-12,68.01826155872888,69.10866319032111,67.94306478746334,68.63866424560547,7396629
2018-12-13,68.56346237452499,68.80786080581413,68.09346342980935,68.63866424560547,4251108
2018-12-14,68.24386062143124,70.02985657338407,67.8678614736517,69.82305908203125,9276710
2018-12-17,71.43985027792066,73.90264764890954,71.32705257840679,72.39865112304688,23727234
2018-12-18,72.53025953202514,74.07185715450855,71.77826118933227,73.82745361328125,15507368
2018-12-19,73.33865383103492,75.01185211730322,73.33865383103492,74.8238525390625,11434466
2018-12-20,74.09064083225927,74.80503810054086,73.28224378920868,74.42903900146484,7938383
2018-12-21,74.44786376058812,74.86145881052073,73.56426459972036,74.03426361083984,8722621
2018-12-24,74.07185698742848,74.37265428390107,72.6430570796458,72.92505645751953,8563441
2018-12-26,72.793447150622,73.80864683127241,71.94744911668484,73.43264770507812,4766041
2018-12-27,73.33865021883813,75.0118484226953,72.75585359492277,73.90264892578125,46486470
2018-12-28,74.25985412689789,74.57944933144334,73.54545164662812,74.09065246582031,5142112
2018-12-31,73.95905270498214,75.19985300283007,73.69585635075867,74.69225311279297,6317785
2019-01-01,74.24104354495894,75.3878439202543,73.73344371325867,75.19984436035156,3961625
2019-01-02,74.86141807547311,75.19982125919314,72.9438272333949,73.41382598876953,7876559
2019-01-03,73.28224641183903,73.31984734305512,72.19185000545824,72.5866470336914,7942863
2019-01-04,72.68065014400055,73.97784918163516,71.96625281739922,73.65824890136719,4017540
2019-01-07,73.73345866955555,74.78625947845254,73.63945887053701,74.61705780029297,3592512
2019-01-08,74.41024036755817,74.63584084478708,73.62064124716404,74.20343780517578,3990870
2019-01-09,74.20346265803482,74.72986564781438,73.5454640206262,74.2974624633789,4087529
2019-01-10,74.24105890589418,74.24105890589418,73.2822629919352,73.56426239013672,3589725
2019-01-11,73.28225731446265,73.65825648293452,72.66185970644712,73.07545471191406,2995789
2019-01-14,72.96266428308024,73.07546200495314,71.81586364489961,72.37986755371094,5370460
2019-01-15,74.82384306025337,74.82384306025337,71.59024970418716,72.36104583740234,11498868
2019-01-16,72.37986360641773,73.000261242516,72.04146025962291,72.19186401367188,8515441
2019-01-17,72.19186023432307,73.15065606720647,72.19186023432307,72.90625762939453,5325531
2019-01-18,72.94386078199442,73.95905550062785,72.37986201614854,72.79345703125,4366941
2019-01-21,72.92505079567087,73.20705015165038,71.68425566928693,71.90985107421875,4067143
2019-01-22,71.81586142693415,71.90986122553034,70.87586344097227,71.32706451416016,3577455
2019-01-23,71.27066528308914,72.00386064842446,69.82306737229804,70.04866790771484,6173490
2019-01-24,70.199067070404,71.10146411875625,69.76666901596599,70.21786499023438,6157088
2019-01-25,70.53747715642767,71.10147604371724,69.65387787971075,69.87947845458984,3868441
2019-01-28,69.9358692519113,70.91346823034976,68.43187239271853,70.6126708984375,7440853
2019-01-29,70.23667014296258,70.61266934951306,69.05226856247613,69.78546905517578,17469350
2019-01-30,69.59745094458486,70.6502515028554,68.95825042349868,70.34944915771484,12711500
2019-01-31,70.87585121552175,72.00384860410655,70.23665575521245,70.9134521484375,25774313
2019-02-01,71.7970521465775,72.1354503480154,69.89825855530987,71.51505279541016,9474849
2019-02-04,71.251856858238,71.251856858238,69.0898616658208,69.40946197509766,3678667
2019-02-05,69.22147413980588,70.29307295872682,68.99587358322,69.97347259521484,5500377
2019-02-06,70.02986882041999,70.96986685425856,69.46587000011685,70.2366714477539,4322649
2019-02-07,70.29306103022247,70.57506040314645,69.18386145679546,69.40946197509766,4309303
2019-02-08,69.40946818729854,70.66906651905704,67.86787045737692,68.05587005615234,7692145
2019-02-11,67.52946364148536,68.8830616010891,66.87146512915999,68.56346130371094,7913450
2019-02-12,68.80787044091267,70.08627182940444,67.84907449935949,68.14987182617188,11930402
2019-02-14,66.73984718058819,67.24744692190048,64.85985191633051,65.78105163574219,36962390
2019-02-15,67.07826749741902,68.50706743078437,66.77747019556064,68.24386596679688,16005610
2019-02-18,68.22506209777129,68.99585830394469,67.51066474330072,67.96186065673828,7973918
2019-02-19,67.77386553267173,68.80786324774176,67.2662656344016,67.47306823730469,10824411
2019-02-20,67.96186438175266,68.65746385705326,67.15346719686389,68.3566665649414,9658184
2019-02-21,68.695064793521,68.80786250310918,67.9994653182204,68.3566665649414,9197823
2019-02-22,68.31905982506409,68.65745802489822,67.86785882540883,68.39425659179688,12182132
2019-02-25,68.05586940453155,68.61986819545766,67.11587141965468,68.41307067871094,29907322
2019-02-26,67.49186475450018,68.69506411061658,67.24746631961202,68.13106536865234,13683801
2019-02-27,68.16866828280192,69.2966657994616,67.62346744315701,68.22506713867188,13566494
2019-02-28,68.7702627624032,69.46586224979873,67.90546670768346,68.75146484375,69863939
2019-03-01,68.84547095883957,69.08986942285038,68.46947175272581,68.88307189941406,7227772
2019-03-05,69.18386815783687,69.72906903822323,68.6574702973557,68.80786895751953,15733697
2019-03-06,68.84547405596518,70.0862745518494,68.31907616368818,69.37187194824219,20336766
2019-03-07,70.31185166663901,71.25184947903468,69.40945478670209,70.36825561523438,12295538
2019-03-08,70.6878429553464,70.85704458274623,69.65384547633715,70.31184387207031,6211299
2019-03-11,70.87585027226515,73.69584880601157,70.59385092887196,73.05664825439453,17678891
2019-03-12,73.1882580818814,75.95185301124074,73.1882580818814,73.82745361328125,26457157
2019-03-13,74.48544600635215,74.54184995724403,72.60545030501582,73.2258529663086,6930222
2019-03-14,73.2374823668731,73.54756214594299,72.57855626485785,72.71421813964844,8466765
2019-03-15,72.52041615793999,75.27239388109399,72.52041615793999,74.9041748046875,14301914
2019-03-18,75.25302172034549,76.66776934962776,74.90418063133248,76.37706756591797,14247336
2019-03-19,76.0475990580088,77.59800846032381,75.69875799392659,77.13288879394531,16995997
2019-03-20,77.22978354651529,77.46234073353708,76.16387716295797,76.5127182006836,9060589
2019-03-22,76.70652445440635,77.8499482238264,76.41582269413448,76.9390869140625,8782833
2019-03-25,76.43520553569114,78.87710363050309,75.62123950408716,78.29570007324219,14506515
2019-03-26,78.35382649735779,79.03213053599268,77.28792015093153,78.6251449584961,8371544
2019-03-27,78.68328918438841,79.34220995058779,76.93907880655453,77.5979995727539,11579885
2019-03-28,77.52049007830449,77.52049007830449,76.14449859835935,76.8421859741211,17034861
2019-04-01,76.82280714919025,77.40421070071446,75.62123875793483,75.79566192626953,10617688
2019-04-02,75.97007592985084,77.83056496740825,75.97007592985084,77.44296264648438,17946031
2019-04-03,77.67553844109568,78.5088825228759,77.57863784420975,77.88871765136719,15076661
2019-04-04,78.08252077287612,78.78020824199592,76.93909685570911,77.2685546875,10130253
2019-04-05,77.79181413586167,77.79181413586167,75.98946415284338,76.08636474609375,9883976
2019-04-08,76.74528668097196,77.6367699871858,75.7956588162366,76.88094329833984,13511642
2019-04-09,77.11350576084578,77.26854565011863,76.37706234390477,76.88094329833984,10655872
2019-04-10,76.64838944934769,77.38483289853647,76.64838944934769,76.99723052978516,8637199
2019-04-11,77.19102072952157,77.28792130792,75.83441263194355,75.95069122314453,13713296
2019-04-12,76.22202766604481,76.60963004432455,75.60186280935851,76.37706756591797,11004111
2019-04-15,76.6677707293698,77.84995590152054,76.39644695681366,76.7646713256836,8965316
2019-04-16,77.13289461042662,77.46235242750782,76.16388866090838,76.29954528808594,4918434
2019-04-18,76.49333456864687,76.68713572837737,75.00106984447633,75.31114959716797,11593259
2019-04-22,75.27239663761273,76.24140254342059,74.96231685063161,75.50495910644531,7772049
2019-04-23,75.11736896094656,75.40807077996764,74.43906471656405,74.80728912353516,6686014
2019-04-24,74.84604845903227,75.44683539913781,73.66386311245475,74.40030670166016,7288151
2019-04-25,74.49718735586681,75.89255682631209,73.91578384794738,74.24524688720703,17599280
2019-04-26,74.03206137967229,75.34991351771743,73.78012091464358,73.95454406738281,8664580
2019-04-30,74.3033979786305,74.61348305304777,71.86150496071376,72.24910736083984,14290974
2019-05-02,72.50103851190816,73.9545473247793,72.26847605041011,73.72198486328125,8897549
2019-05-03,73.99331363202292,74.78789640076465,73.7219898656657,73.97393035888672,10782838
2019-05-06,73.64447786470286,74.74914584753856,73.19873611926235,73.81890106201172,5477945
2019-05-07,73.83826127734753,75.11735214908619,73.83826127734753,74.24524688720703,9450289
2019-05-08,74.40027385865503,75.09796110138696,73.21808903393718,73.64444732666016,10180731
2019-05-09,73.60570240124542,73.66384169927278,72.22971097623508,72.83049774169922,7921214
2019-05-10,73.02430740728781,73.04368542315503,71.72583839995555,71.91963958740234,5938686
2019-05-13,71.88087539246625,72.11343785943907,70.56302842254485,70.79558563232422,5504435
2019-05-14,70.5048748205423,71.39636328673771,70.17541706321053,70.40797424316406,11334983
2019-05-15,70.98938446633188,71.5514099715132,68.78005424607353,69.1870346069336,7616268
2019-05-16,69.51651332468481,70.81498252934685,69.32271210778583,70.48551940917969,8660893
2019-05-17,70.42737345738338,71.16381696074676,69.90410916963778,70.60179138183594,10183233
2019-05-20,72.1328146667143,73.21810440868398,71.33823194648807,72.88864135742188,6287120
2019-05-21,72.96616477681978,73.10182666306244,71.22195404362684,71.29947662353516,7748239
2019-05-22,71.28008722073949,71.82273471904904,70.4661264876619,70.58240509033203,6972640
2019-05-23,72.09405740872509,72.90802344638965,70.97001157442341,71.57079315185547,13966122
2019-05-24,71.95840454101562,72.30724564474684,71.4157569827738,71.95840454101562,7240775
2019-05-27,72.26848372838943,73.48943020947884,71.95840391824396,72.61732482910156,6424176
2019-05-28,72.96615817771092,74.14834849982878,72.7917402744824,73.72198486328125,11255911
2019-05-29,74.1871168140875,74.80728168443328,73.3925287667966,73.7026138305664,8310232
2019-05-30,74.96230819518135,75.15610935396586,72.927396027944,74.10958099365234,34989609
2019-05-31,74.22587581732785,74.57472218517798,73.02431257586736,73.37315368652344,11849847
2019-06-03,73.74135527476719,75.00106803989881,73.64445469723343,74.82664489746094,12106965
2019-06-04,74.63284769242108,75.97007783603844,74.40028524259287,74.78788757324219,11447117
2019-06-06,75.58248668178322,76.80343315243151,75.25302360057493,75.75690460205078,26132949
2019-06-07,75.75690001657773,75.98946248671827,74.09021195209206,74.32276916503906,8783688
2019-06-10,74.78788541445702,75.95069237284004,74.57470624163064,75.31114959716797,11231885
2019-06-11,75.69874683429637,75.85378670023297,74.76850238148415,75.0592041015625,6589306
2019-06-12,74.80725996096808,75.03981711977029,73.7607317175889,74.09019470214844,7509749
2019-06-13,74.10958128523394,75.36928882228953,73.50879979351537,75.13672637939453,11041648
2019-06-14,75.19489482780021,76.33831887815931,74.9429490345736,75.42745208740234,34979466
2019-06-17,76.12512287682661,76.14450089179535,75.0398331231288,75.2142562866211,10860754
2019-06-18,75.46620194539787,77.07475078555848,75.25302273734053,76.66777038574219,17815522
2019-06-19,76.7840448551524,78.10189709376561,76.74528882464666,77.63677215576172,32722391
2019-06-20,77.77243903798161,78.58640510326217,77.24917476335884,77.88871765136719,11459458
2019-06-21,77.98560853828889,78.31507157811846,76.95846339062635,77.48172760009766,16601442
2019-06-24,77.5205071266866,77.81120894955374,76.57087906910944,77.15228271484375,9883389
2019-06-25,77.13290108069292,78.41198693847517,77.13290108069292,78.14066314697266,10375296
2019-06-26,78.0825077691352,81.76472992847721,77.92746788754889,81.26084899902344,31182825
2019-06-27,81.04766759807333,81.35774735274894,79.94299992910288,80.50502014160156,13741562
2019-06-28,80.29183923806616,81.24146700924547,79.32283345408433,80.19493865966797,12067819
2019-07-01,80.33063539221682,81.39654221730463,79.71047036981761,80.25311279296875,11211814
2019-07-02,80.38875515272983,81.0864373474208,79.98177474869242,80.36937713623047,12203723
2019-07-03,80.69882309340174,81.26084857556556,80.11741959758801,80.9895248413086,13693989
2019-07-04,81.00892506016109,81.70660729822357,80.50503877072114,81.47404479980469,12324046
2019-07-05,81.41588812226871,82.17171476660239,79.14841344646074,79.78795623779297,12525923
2019-07-08,79.45849835561197,79.98176255042245,77.65614332268775,78.00498962402344,8948141
2019-07-09,78.27630551573168,79.53601304152592,77.36543902256497,79.3615951538086,6875651
2019-07-10,79.34222846517143,80.02053265927864,78.72206357912033,79.57479095458984,12675299
2019-07-11,80.00113181559313,81.06703810219787,79.88484797546622,80.8538589477539,7808266
2019-07-12,80.85388038511117,81.33838337111847,79.22594824924913,80.117431640625,6349095
2019-07-15,79.71045648333508,80.13682019053175,78.64454984394051,79.43913269042969,6656137
2019-07-16,79.38096810560822,81.16393969526298,79.18716696014992,80.97013854980469,6627472
2019-07-17,80.93137948198637,81.6096835096356,80.02051302199027,80.62129974365234,6388864
2019-07-18,80.97014576763803,80.97014576763803,79.45849774975069,79.59415435791016,8419638
2019-07-19,79.76858917051223,80.4856546289118,78.60578202408927,79.72982788085938,10869152
2019-07-22,79.84610596607504,80.3112256366365,78.5282537565008,79.10965728759766,9061812
2019-07-23,79.34222444270421,81.78412257200796,79.14842325421313,81.57093811035156,14046808
2019-07-24,81.26084568927385,82.55931450190967,80.83448208938245,81.31898498535156,18181391
2019-07-25,81.39652330489466,83.10197277733646,81.33838399756478,82.61746978759766,28085772
2019-07-26,82.61746402941682,82.94692709091544,81.49341822300408,81.99729919433594,10950941
2019-07-29,82.30739822684771,82.365537540005,80.05930097481286,80.58256530761719,5948953
2019-07-30,80.54378515715592,81.3189898369563,80.11742153182706,80.71820831298828,10050004
2019-07-31,80.42751819996492,82.92755575707947,80.2143337278454,81.70660400390625,26229893
2019-08-01,82.15234945862925,83.81904299186498,81.31900532060848,82.94693756103516,27069006
2019-08-02,82.53994775905353,82.92755541063391,80.75698095063102,81.60970306396484,20863783
2019-08-05,81.39651413202317,81.39651413202317,76.29953904861263,77.96623229980469,18063375
2019-08-06,77.75304823340323,78.5088749187843,76.06698221664956,76.78404235839844,11846580
2019-08-07,77.13288973727525,77.88871117583146,76.39644105641422,77.07474517822266,9432897
2019-08-08,76.76465921648096,80.87324490351772,76.37705689236793,78.56700897216797,6595239
2019-08-09,78.87710363050309,80.95077736950567,78.00499829461174,78.29570007324219,9175926
2019-08-13,77.69491324308974,79.61354708492816,76.26078762282904,78.29570007324219,7558090
2019-08-14,77.92748402424287,79.92363539884965,76.64839816480006,79.51665496826172,8024154
2019-08-16,79.10966234297277,83.04383069388953,78.41198016394965,81.8422622680664,11894601
2019-08-19,82.0384025160859,82.37181321413911,80.86166263132307,81.21468353271484,8100095
2019-08-20,81.1950468870575,82.72480717502395,80.66551304732737,80.8224105834961,8711658
2019-08-21,81.05775396041814,81.43039023829323,80.13597368371394,80.37132263183594,5649369
2019-08-22,80.21443895440943,80.62629569458689,78.76312462392701,79.52800750732422,5059207
2019-08-23,79.25341500071947,80.25364132804124,78.72388122500318,79.03768157958984,7611285
2019-08-26,79.37110660283375,79.82219439253684,78.11592083200696,79.58684539794922,7846961
2019-08-27,79.6456615818782,82.13642762707975,79.6456615818782,81.01852416992188,18828020
2019-08-28,81.56768157990447,82.86209828257611,80.15559304980083,80.70474243164062,15756988
2019-08-29,80.70474387109957,81.11660059464143,79.88102510383183,80.33210754394531,8660979
2019-08-30,80.54785372843212,81.27351097899017,76.09585921862629,78.64546203613281,15630977
2019-09-03,78.99847945495318,79.39072602515304,76.89995924034702,77.29220581054688,9494810
2019-09-04,77.44910139995764,78.05708676037708,76.60577235956627,77.23336791992188,8565768
2019-09-05,78.05708441927337,79.74374244946952,77.40987335820842,78.19436645507812,14199248
2019-09-06,78.58660851786324,80.15559462204641,78.4689366881231,79.82218933105469,13782929
2019-09-09,79.72413275480736,80.35172298012859,79.15537312790262,79.58684539794922,4769289
2019-09-11,79.62606196507062,79.97908275628463,78.3708710183278,78.99846649169922,7723322
2019-09-12,79.23383039219486,79.23383039219486,77.52755670620328,78.31204986572266,11516235
2019-09-13,78.2532092026769,79.62607214867583,78.07669612440327,79.48878479003906,7223537
2019-09-16,78.84155832914799,80.01829768807956,78.782717105055,79.29264068603516,6031015
2019-09-17,79.39069902504828,79.50837082801522,78.1943442006981,78.62581634521484,5823968
2019-09-18,78.64543807175554,79.62605424121966,77.76288351923782,79.25341796875,7206830
2019-09-19,79.5280013652623,79.5280013652623,78.09629734433832,78.90040588378906,6306748
2019-09-20,78.52777210497494,81.94031898800478,76.64499091996923,76.95878601074219,51859153
2019-09-23,77.27258560425366,77.76289375351456,73.11477143448444,73.86003875732422,24586363
2019-09-24,73.70314262505147,75.29173893100567,72.56562344083495,74.703369140625,18234411
2019-09-25,75.89973557742607,79.7829757099638,75.74283268707319,77.95903015136719,48245282
2019-09-26,78.42969780904606,78.99845730443421,77.31179433339051,78.1551284790039,15826874
2019-09-27,77.58638395343684,78.35126682651307,76.89995251561402,77.70405578613281,10034452
2019-09-30,77.27259496905762,78.44933466989497,76.7430610396439,78.07669830322266,9111327
2019-10-01,78.25322457940378,79.48880040955609,76.88036136363779,77.07648468017578,7634447
2019-10-03,77.15490764512691,78.44932433767676,76.29196850361087,78.09629821777344,9432906
2019-10-04,78.07669332011031,78.3708782265438,76.7234406224426,77.09607696533203,19442087
2019-10-07,77.15493081467972,77.4295055859071,76.2527656866791,77.07648468017578,11655995
2019-10-09,77.46871117348759,78.01785525299434,76.64499239413544,77.54715728759766,8504262
2019-10-10,77.62560559154211,78.2924214754158,77.07646153418028,78.09629821777344,6982965
2019-10-11,78.07670029878538,80.11638462710958,78.01786437627663,78.84158325195312,10517558
2019-10-14,78.84155814802821,79.35147640765395,77.54714166406728,77.82171630859375,11162487
2019-10-15,77.82172502343268,79.23381347307549,77.7824993097958,78.93962860107422,5013200
2019-10-16,78.8415833300071,78.93964497434699,77.13530965445615,77.88057708740234,6668842
2019-10-17,77.95901933736576,78.3512658684683,77.07646464238506,77.54715728759766,7899823
2019-10-18,77.54715024680631,79.7241214888806,77.27258089207413,79.44954681396484,8795448
2019-10-22,78.84157187248337,81.41078445274785,78.84157187248337,80.43016815185547,10675241
2019-10-23,80.41055551190502,81.19504852879447,79.35148781103074,80.90086364746094,5777589
2019-10-24,80.95970346925937,81.29311408157464,79.86141000046693,80.05753326416016,5428181
2019-10-25,80.56746680915607,80.56746680915607,78.90041886359653,79.60646057128906,3993616
2019-10-27,80.01831240196341,80.13598423142103,78.84157282665124,79.37110137939453,388417
2019-10-29,79.33188112554797,79.58684030328683,78.25320317957402,78.8611831665039,5943950
2019-10-30,79.95946298614345,79.95946298614345,78.17474360759391,78.42970275878906,6419057
2019-10-31,78.56700696143194,78.80235596698289,77.60600073884248,77.8021240234375,15582577
2019-11-01,77.8413412302556,77.99823877673354,77.17452532767831,77.3902587890625,8803683
2019-11-04,77.62560536269402,77.91979024829025,76.1154552192632,76.39002990722656,15175738
2019-11-05,76.39002984373714,77.0764612428912,76.0566192429684,76.64498901367188,8153818
2019-11-06,76.64499038077184,77.07646261768724,76.37041568813916,76.52731323242188,9183411
2019-11-07,76.88035585794081,77.2137612160306,75.95857527218736,76.17430877685547,15498054
2019-11-08,76.58615315088197,76.64498906395416,74.86026423287244,75.17406463623047,11762251
2019-11-11,75.17407458246204,75.74282891098974,74.66415085460653,75.21329498291016,10089055
2019-11-13,75.31134920979254,76.23312422777732,73.86003503308619,74.232666015625,9456977
2019-11-14,74.52685602943083,74.58569726457979,73.31089605287528,73.74236297607422,19380370
2019-11-15,73.74236932027428,74.09539548080349,73.25206111974421,73.60508728027344,18256039
2019-11-18,73.6246852855296,74.91909659245769,73.21282859337526,74.78181457519531,11766437
2019-11-19,74.91910495923062,76.88034297571528,74.60530985589622,76.66460418701172,22218922
2019-11-20,76.86071975310728,77.33141768111632,76.09584227032212,76.9195556640625,9597590
2019-11-21,76.80189308384888,77.25297554902991,76.0958514270598,76.99801635742188,12107895
2019-11-22,76.88035204120756,78.92003109376216,76.88035204120756,77.95903015136719,16199814
2019-11-25,78.05707986832664,78.60622394008193,77.5863819095741,77.90017700195312,6529113
2019-11-26,78.07668409293187,78.21397143041293,76.0566157048591,76.25273895263672,21594044
2019-11-27,76.46847731833884,76.88033935728788,76.13506671162314,76.52731323242188,12155700
2019-11-28,76.95878866557769,77.56677399017684,76.17429559139877,76.93917846679688,6724188
2019-11-29,76.64499258511559,76.84111585115555,75.3505758371414,75.82127380371094,17547179
2019-12-02,76.48806924348561,76.48806924348561,74.68373474032772,75.07598114013672,19957065
2019-12-03,75.35057395367753,75.35057395367753,74.17383438685157,74.29151153564453,7451455
2019-12-04,74.31113351903223,74.52686701242425,73.62470199618606,73.89927673339844,10311154
2019-12-05,73.93848130477872,74.0953841611256,73.15398830377896,73.46778869628906,4569931
2019-12-06,73.52662500778142,73.80119968770025,72.89902953952675,73.1932144165039,5388071
2019-12-09,73.35010390863195,74.07576092295709,72.78134973429947,73.72274017333984,5459781
2019-12-10,73.72275919553138,73.72275919553138,71.46734147079236,71.68307495117188,10563080
2019-12-11,71.78113306709396,71.89881022167424,69.93757751384524,71.29082489013672,39214905
2019-12-12,71.6830743290082,73.87965611459555,71.01625837350532,72.46756744384766,63493233
2019-12-13,72.84019470214844,73.56585180676149,72.56562001818119,72.84019470214844,12987237
2019-12-16,73.03630528204118,73.7031263587116,72.74212045177768,73.33049011230469,8479418
2019-12-17,73.48740345395026,74.07577324121497,72.80097203547479,73.76197814941406,17903634
2019-12-18,73.36973768884576,74.1346152833994,73.01671685134528,73.42857360839844,10099352
2019-12-19,73.38936131833529,73.40897684189862,72.52642192655432,73.11479187011719,5749401
2019-12-20,72.8206006835788,73.5266424275241,72.6048618639064,72.99710845947266,9690984
2019-12-23,72.82058150962737,73.54623326420997,72.46755541042297,72.8794174194336,17045076
2019-12-24,73.13437613464502,73.50701242814465,72.76173984114538,73.40895080566406,3748896
2019-12-26,73.46779631508981,73.54624243121467,72.192995056265,72.50679016113281,3925143
2019-12-27,72.76173481648519,74.33072066782611,72.76173481648519,74.15421295166016,7122947
2019-12-30,74.13462274093999,75.11523923274403,74.01695088999749,74.64454650878906,6925363
2019-12-31,74.33073118789757,75.40941443354427,74.23266955831005,74.62491607666016,11907723
2020-01-01,74.7425968716943,76.84111691131139,74.62491971833632,76.68421936035156,13620373
2020-01-02,76.70382629485488,77.15490872973663,76.23312834182282,76.52731323242188,5673692
2020-01-03,76.19392151959528,76.40965501639324,75.01717642738174,75.70361328125,7358268
2020-01-06,75.31135381988771,76.0762313488781,73.74236240513808,75.7428207397461,7355290
2020-01-07,75.76243942066625,76.29197331372383,74.97794634063554,75.19367980957031,14023712
2020-01-08,74.64454546888496,74.89950468916507,74.07578578348826,74.74260711669922,9451757
2020-01-09,75.29173633572127,75.86049590822455,74.97794125307495,75.6839828491211,7714854
2020-01-10,75.97816580430413,75.97816580430413,74.91909811695169,75.37018585205078,4118638
2020-01-13,75.46824691399493,76.48808887934648,75.23289794965477,76.40963745117188,27682638
2020-01-14,76.40961523288846,77.01759500381131,76.19388184841445,76.58612823486328,5994314
2020-01-15,76.64499880526361,76.80189636679182,75.66438239548158,76.19391632080078,7114590
2020-01-16,76.13506623649103,77.54715476659092,76.13506623649103,77.05684661865234,8552344
2020-01-17,76.8607143638374,77.60598159744254,75.95854960529171,77.42947387695312,4698386
2020-01-20,80.175208024397,82.76403609200915,79.72412559538654,80.27326965332031,49337827
2020-01-21,79.88103232661902,80.1359915271117,78.05708688286747,78.68467712402344,17283910
2020-01-22,78.64543851564733,79.37109022899995,75.72320018607721,78.46892547607422,56787054
2020-01-23,77.17450930106328,81.35193287446778,76.05660586926078,79.21418762207031,226059260
2020-01-24,77.05684458048472,77.7236657721172,76.19390545504805,77.25296783447266,16151679
2020-01-27,77.03725062551217,77.05686082697204,75.4290385397027,75.70361328125,8213919
2020-01-28,75.70360097638255,75.70360097638255,74.1738352652456,74.703369140625,9174575
2020-01-29,74.70337876464185,76.01740586314793,74.2326807436238,75.46826171875,17600091
2020-01-30,75.46824596152624,76.5861495378954,75.075999465971,76.25273895263672,26386034
2020-01-31,76.6057680281595,76.68421946383737,72.60485121227188,73.2912826538086,63986362
2020-02-03,70.95741900873935,74.134617271831,69.60417154199344,73.48741149902344,16329297
2020-02-04,73.87965958307709,76.60577541320288,73.74237221749797,76.23313903808594,14207381
2020-02-05,76.13505953098006,76.76265496910344,73.74235491573782,74.27188873291016,14550344
2020-02-06,74.50723840927189,75.99777825428255,73.99732010345825,75.66436767578125,9175642
2020-02-07,75.62514450514658,75.62514450514658,73.95809687678526,74.68375396728516,18058457
2020-02-10,74.8014261413491,74.95832367836684,72.4675573225902,73.1932144165039,30471811
2020-02-11,73.93848771840527,74.99755548969485,73.78159016863233,74.33073425292969,32456571
2020-02-12,74.54646339964646,75.27212045872089,73.95809367394018,74.27188873291016,16386952
2020-02-13,74.05617558199936,74.97795613549044,73.62470326757962,74.74260711669922,18581113
2020-02-14,74.72299313866488,75.07601933423702,71.93804121917077,72.21261596679688,23830630
2020-02-17,72.56563125436313,72.87943170179847,70.8201372137309,72.01648712158203,17670292
2020-02-18,71.62423739136824,73.09516196078457,70.93780592564063,72.56562805175781,30879880
2020-02-19,72.9578719538563,73.72275483024686,71.78113234106107,73.5462417602539,22313738
2020-02-20,73.5462346412716,74.80142556816268,72.9186444980097,74.232666015625,25907657
2020-02-24,74.13462252257781,74.21307396976505,72.58525166220205,72.99710845947266,14921452
2020-02-25,72.99710811101686,73.624703724964,72.70292316574647,73.0167236328125,17807428
2020-02-26,72.56563717653317,73.89927987665051,72.15378037338135,72.8990478515625,17113656
2020-02-27,72.60485784592117,73.62470000199191,71.11432299333023,73.13439178466797,28472046
2020-02-28,71.9576394660292,72.68329656467046,70.27097630159496,71.19275665283203,28010970
2020-03-02,72.07532605067799,73.42857889881138,71.29083287962902,71.97726440429688,19540018
2020-03-03,72.09493320748582,76.37041942961639,71.40850176245895,75.19367980957031,16039306
2020-03-04,74.80143902574085,77.66484218031059,73.95810996384807,77.29220581054688,16939245
2020-03-05,76.89995111974672,78.27281397047253,76.3115813265785,76.86072540283203,9715265
2020-03-06,74.72296606270142,75.54668468691924,73.80119114435938,74.76219177246094,14371982
2020-03-09,72.52639602308786,73.97770484008346,69.80028079682941,70.97702026367188,69609292
2020-03-11,70.40827415780959,72.13415797437395,69.5257193893203,71.1535415649414,42604599
2020-03-12,69.11386754336668,69.7806835571187,64.6226419405098,65.15217590332031,58418097
2020-03-13,63.8577419252191,67.7017606904795,58.640865775445626,65.85820007324219,44617540
2020-03-16,66.0452981114816,66.24863949900228,63.03584667937327,64.23555755615234,39669086
2020-03-17,63.666191208030014,69.27841579361845,63.34084725349757,65.88261413574219,35460792
2020-03-18,66.69598654681717,67.06199991312553,49.676307095607264,58.62333297729492,119909061
2020-03-19,59.13167387923949,61.775111154508416,56.976252483659046,59.84336853027344,44039786
2020-03-20,60.29073703787813,65.8216237981606,60.29073703787813,63.95088195800781,131485883
2020-03-23,57.56595023224671,63.38151612210551,57.56595023224671,62.222469329833984,39665620
2020-03-24,61.83610802556868,63.93052245984349,59.13166964834085,59.90436553955078,42302851
2020-03-25,60.39239692602707,63.828862398890415,60.331390108815114,61.10409164428711,23309603
2020-03-26,61.246425662638394,65.76059873276711,59.88403766144332,64.3982162475586,25329120
2020-03-27,64.49989730702842,67.61101902455852,63.706863793389154,65.06925201416016,28883749
2020-03-30,63.03583967133846,65.02858394429929,62.24280614177839,63.3001823425293,22364337
2020-03-31,64.41854413430337,65.80126397519983,63.60517887307178,64.7032241821289,24838523
2020-04-01,64.66255619623442,65.86226667256976,62.28346165314778,62.87315368652344,14182117
2020-04-03,62.85281282804904,65.25223916626409,61.7141037063156,63.52383804321289,21066826
2020-04-07,65.47593034638402,65.84194366814674,63.60518884894596,64.2558822631836,24741992
2020-04-08,64.21520684591054,66.16728138888585,63.137498910393205,64.3982162475586,21481260
2020-04-09,65.43525578374191,67.79401853376945,64.39821720166921,66.87898254394531,15607786
2020-04-13,66.69597249428493,67.06198578347598,63.95086455137215,65.04890441894531,14901247
2020-04-15,65.65892639245119,66.65530108089905,64.43887845524307,64.88623046875,25249654
2020-04-16,64.33721319042357,67.79402148512389,64.05253862412164,66.45196533203125,31150756
2020-04-17,68.18036944555217,70.45779364689702,66.79764938201724,68.22103881835938,18536308
2020-04-20,68.81074347075202,68.81074347075202,65.94362663130947,67.30601501464844,24177042
2020-04-21,66.69597245956044,67.50933777555557,65.94360843906763,66.1469497680664,13915863
2020-04-22,65.06924490118064,66.18762226350161,63.68652490187207,65.96394348144531,19702407
2020-04-23,65.67927169358408,65.84194366814674,64.09321028862095,64.2558822631836,32128585
2020-04-24,63.849197486698905,65.10991490142551,63.34084413527583,64.72356414794922,33134279
2020-04-27,65.67926638831838,65.67926638831838,64.11353703815276,64.90657043457031,9762001
2020-04-28,65.08956952182814,65.23190954606937,63.767850969276694,63.93052291870117,26134701
2020-04-29,64.86591441601769,65.31326653899492,63.44252480762778,64.2762222290039,14509262
2020-04-30,64.90656212966006,66.47228576350194,63.93051945403667,65.9029312133789,18702868
2020-05-04,65.43526359305167,65.67927432265667,64.09321285420515,64.68289947509766,12598146
2020-05-05,65.65893055975491,67.44833872735448,65.1505772203202,66.55363464355469,18305545
2020-05-06,66.24862831701259,67.77368846600542,66.16728956933808,67.26533508300781,12853774
2020-05-07,66.5536254312167,67.10264806500795,65.47591760398855,65.78092956542969,8561359
2020-05-08,66.1266103868217,66.1266103868217,64.29653863214457,64.66255187988281,30898767
2020-05-11,64.78456386979875,66.04528125383429,64.39821864171458,64.58122253417969,9453421
2020-05-12,64.45922586419957,67.10266347022824,64.13387638771137,66.41130065917969,19986028
2020-05-13,69.72574604605047,69.90874989470514,65.90292543879156,67.77366638183594,27175817
2020-05-14,66.69597134602093,66.69597134602093,65.06924074119016,65.39458465576172,26454121
2020-05-15,64.74388149395469,65.78092540688623,64.35753634347817,64.9878921508789,20009870
2020-05-18,65.00823055928649,65.15056505496113,62.34445624845473,62.83247756958008,32898286
2020-05-19,63.03584206237352,64.78457566057173,62.62915931711925,64.2762222290039,12276533
2020-05-20,63.544182375155216,65.33358498165171,63.34084104450819,64.43888092041016,24677051
2020-05-21,64.07285697299601,65.00823024800981,63.84918375287624,64.62187957763672,17176100
2020-05-22,63.84919565492687,64.255878324398,62.66981701665795,63.38151168823242,25080927
2020-05-26,63.50350620965381,64.54054467857465,63.23916361130007,63.99152755737305,18512685
2020-05-27,63.99154077311408,64.21521405268727,63.34084734710045,63.91020202636719,22655078
2020-05-28,64.39823410699906,64.39823410699906,63.46286042892863,63.95088195800781,25797051
2020-05-29,63.95086575380586,64.52022038280683,63.68652312419683,64.07286834716797,63844851
2020-06-01,64.47954676928669,65.49625336701172,64.1338654228629,64.60155487060547,45314328
2020-06-02,65.00823936578796,68.46504189675052,64.4998860524111,67.12298583984375,43626060
2020-06-03,67.30600563040095,68.11937105737906,66.63498025634146,66.9196548461914,13811685
2020-06-04,67.18399217031916,69.11573474735205,67.14332280234223,68.8310546875,23992166
2020-06-05,67.91602878592163,70.88481586399965,66.91965394489797,69.72576904296875,22851633
2020-06-08,70.53911833718938,71.12880481944048,69.48174243482599,70.09176635742188,11723588
2020-06-09,70.7627985782781,70.78313602063734,69.13606795689145,69.3597412109375,8412588
2020-06-10,69.35973627168907,69.6444163165537,68.56670845982813,69.1563949584961,10101681
2020-06-11,68.34303900940031,72.51154201330927,68.26170578264275,69.54275512695312,22109491
2020-06-12,67.52966936286676,68.89205736351279,67.346665477279,67.63134002685547,20331770
2020-06-15,67.18400180609119,67.50934576459574,66.12662566697055,66.3909683227539,13833335
2020-06-16,67.38734337210231,67.6110166547826,65.65893634962491,66.16728973388672,13972830
2020-06-17,65.41493619172932,65.80128148402382,64.398229344658,64.86591339111328,28371013
2020-06-18,65.35391178436107,67.6313356122476,64.86589593866222,67.28565979003906,19720997
2020-06-19,67.4483423357035,70.0714479139121,67.1229928714677,69.70542907714844,21577413
2020-06-22,71.73883327639437,73.10122122616743,69.40040809197325,72.63353729248047,33039735
2020-06-23,73.81293946925113,76.86306025112249,72.81656999009937,76.23270416259766,34298071
2020-06-24,75.94798865891427,76.61901933131759,71.98283348846267,72.59285736083984,32910525
2020-06-25,72.55220971132148,74.54495937022183,70.90514696940046,72.93856048583984,40909792
2020-06-26,73.58924284143964,74.0569267766516,72.45052813398189,72.87754821777344,11954078
2020-06-29,72.38953263943766,73.32490610077356,72.04385126276976,72.49120330810547,7547198
2020-06-30,72.79621433482397,73.18256507695901,70.76280098882219,71.10848236083984,11889584
2020-07-01,71.16948712613409,71.33215909854394,69.90876968698048,70.53913116455078,15209917
2020-07-02,70.55945075115417,71.90150669976912,70.1934374982541,71.21014404296875,15481100
2020-07-03,71.57616666935849,72.95888664805177,71.21015336852595,72.22686004638672,22720042
2020-07-06,72.5522059663029,72.67421408058372,71.4948354051238,72.38953399658203,11724475
2020-07-07,72.59286705192282,72.59286705192282,69.8274273343568,70.39678192138672,20855578
2020-07-08,70.35611963964061,71.0271449532136,68.64805019055768,69.0344009399414,16818545
2020-07-09,69.33942875698443,70.15279429609318,68.93274598743007,69.76644897460938,16110083
2020-07-10,69.78677581723338,70.66114260481123,68.93274096025523,70.1934585571289,23809286
2020-07-13,70.19343924688758,70.84413255491198,68.40403678681007,68.77005004882812,10803798
2020-07-14,68.52603194088077,68.64803450966683,66.2892777292423,66.4316177368164,16288923
2020-07-15,67.12298632174036,67.63133963876683,66.32995845677097,66.5129623413086,15061461
2020-07-16,66.89931694861495,66.89931694861495,64.86590356257682,65.96394348144531,15458966
2020-07-17,65.74027529315447,66.63497945851293,65.74027529315447,66.41130065917969,13711930
2020-07-20,66.41129126826569,66.79764199321733,66.02494605930052,66.49263000488281,8390572
2020-07-21,66.73665045985767,70.9458176177171,66.73665045985767,70.62046813964844,33717545
2020-07-22,70.7628059934964,73.77225685522404,70.6814727634961,73.06056213378906,46076322
2020-07-23,72.38952897539743,74.23993836108396,72.16585572204433,73.91458892822266,18738194
2020-07-24,72.99955162310067,74.5246115480688,72.65387027024394,74.0162582397461,14438899
2020-07-27,73.73158616831194,73.8332568333847,72.6945420749779,73.56890869140625,11938756
2020-07-28,73.28422877519696,74.36193664289449,72.67420482940749,73.9755859375,11893746
2020-07-29,73.73158504347555,75.03296622696116,73.40623561061425,73.91458892822266,13335993
2020-07-30,74.21962397685003,74.52463606217421,71.41351389506517,71.92186737060547,23995122
2020-07-31,71.82017293988729,72.93855021646719,71.65750098467295,72.51153564453125,14354565
2020-08-03,72.79621648239616,72.99955782299514,70.80347244772352,72.61321258544922,12500988
2020-08-04,72.32853134143434,72.81655275743452,71.4134953234241,72.49120330810547,9628257
2020-08-05,72.00317625583244,72.36918950314899,71.23047488084805,71.55582427978516,10577794
2020-08-06,71.84051924773138,72.28787135111718,71.33216583842649,71.53550720214844,8564058
2020-08-07,71.49482299123005,72.36918950314899,71.27114424521343,71.55582427978516,8026904
2020-08-10,71.92184647091261,72.71487986870406,71.67783577036242,72.08451843261719,7766140
2020-08-11,72.4505527787721,74.15862266298284,71.39318196243885,71.92186737060547,21833550
2020-08-12,71.65749477050754,72.97921325548202,70.43744693822339,72.40985870361328,19435650
2020-08-13,73.18256332893066,73.3249033629482,71.73883657816201,72.69454193115234,10641012
2020-08-14,73.4672372647061,73.4672372647061,70.80346807380965,71.3321533203125,17130105
2020-08-17,71.57616924419689,74.21960670172832,71.41349727308464,72.65387725830078,17368089
2020-08-18,73.1418994371331,73.16223136523537,71.79984876672103,72.2878646850586,13890131
2020-08-19,72.59287471227636,72.9588880199915,72.00318813762053,72.12519073486328,12400644
2020-08-20,72.06419476274083,76.49703518601846,71.75918273110263,73.69092559814453,44062975
2020-08-21,74.42294405808622,77.47306403800943,74.26027209568764,76.9037094116211,49949864
2020-08-24,77.12739036256704,77.53407303803141,74.9923008003923,75.33798217773438,19724617
2020-08-25,75.84633826246434,75.968346379104,74.42294884691066,75.1346435546875,10109220
2020-08-26,76.04967981739573,77.12739336207841,74.87030111587997,75.37865447998047,18000615
2020-08-27,76.00901259223798,76.31402459717974,75.11430850468075,75.3176498413086,10363056
2020-08-28,75.84634696083903,75.94801764503859,73.93494140747977,74.1382827758789,12114955
2020-08-31,74.62628275568736,75.37864676070643,72.38952818270369,72.77587890625,24259718
2020-09-01,72.81655286949774,74.13827156421331,72.63354345921933,73.36557006835938,16505345
2020-09-02,74.02700926597822,76.16940206233261,72.90381019408422,75.3790054321289,30959608
2020-09-03,75.04619488467647,75.48299698427617,73.90219825226623,74.25579833984375,11884498
2020-09-04,73.71501405848713,74.04781087547453,72.25901811006278,72.82061767578125,17373558
2020-09-07,72.82062685988816,73.61102363167682,71.98862907014303,73.2782211303711,13069001
2020-09-08,73.15341803426739,73.21581673518018,72.27981929445109,72.75821685791016,9597878
2020-09-09,72.79980889094442,74.02700764098832,72.13420966451967,72.90380859375,20122483
2020-09-10,73.21580944910028,74.23500881785115,72.44621050150727,73.88140869140625,19635358
2020-09-11,74.08940422040253,74.1726062372112,72.42540902298761,72.8622055053711,31182063
2020-09-14,73.8398117282539,73.8398117282539,71.03181953158789,71.34381866455078,14143608
2020-09-15,71.48941269601623,72.34220798934334,71.13581258329101,72.09261322021484,7858789
2020-09-16,71.96780229978637,72.15500399844511,71.05260841455677,71.531005859375,13201491
2020-09-17,71.28142662594408,71.30222431314648,69.8462282232922,70.01262664794922,10765947
2020-09-18,70.34541376944031,71.96780792946548,69.59661255857465,71.51020812988281,23788415
2020-09-21,71.13583301938723,71.42703452348749,69.74223549378713,70.9278335571289,13331596
2020-09-22,70.22061920166016,70.90702180485566,69.26382412197158,70.22061920166016,9039386
2020-09-23,70.67823703412087,70.67823703412087,67.72464337609057,68.18224334716797,8404497
2020-09-24,67.49580860011699,68.6606027480155,65.93581341506878,66.28941345214844,20770480
2020-09-25,66.97584115773036,67.5998395201281,66.43503919157786,66.87184143066406,8761400
2020-09-28,66.97582042634151,70.32460834436908,66.97582042634151,69.95021057128906,16915185
2020-09-29,70.30382044699091,70.47021885348032,67.59982800391573,67.93262481689453,13468026
2020-09-30,67.78700938332099,67.9118123928607,66.68461383194636,67.57901000976562,14349950
2020-10-01,68.53581787975753,69.05581636953539,67.72461797876616,68.47341918945312,14856837
2020-10-05,68.22381216961894,69.22220804470015,67.45421335091362,67.74541473388672,10360105
2020-10-06,67.8494034857638,68.39019951858336,67.32940513022835,67.89099884033203,8989183
2020-10-07,67.80782753827808,67.89102392049202,66.14383218585496,66.3934326171875,17614061
2020-10-08,66.64302727764186,67.01743074509125,65.72783322098148,65.85263061523438,12953710
2020-10-09,66.01901709821097,66.28942080749776,65.18701957386838,65.72782135009766,11980039
2020-10-12,66.22702312434036,67.72461994689078,65.95662503026686,66.47662353515625,20670634
2020-10-13,66.55982084362955,67.391818392587,66.22701843863987,66.74701690673828,11179799
2020-10-14,66.74701334261249,66.89261403437422,65.02061964917984,65.3326187133789,13362234
2020-10-15,65.14544743135228,65.33264355564518,64.31344961046028,64.7918472290039,15536883
2020-10-16,64.93743189944173,67.05902130359323,64.62543279384946,66.1230239868164,18673957
2020-10-19,66.53902218098156,67.55822150679364,66.31022509592736,66.45582580566406,18793008
2020-10-20,66.55981946100107,66.72621783886711,65.27022215843657,65.39501953125,13701957
2020-10-21,65.5614355219549,69.11822336233999,65.41583479885855,68.11982727050781,36573148
2020-10-22,67.45422815875196,69.01422381925578,67.05902700115283,68.68142700195312,39056262
2020-10-23,68.68141222703692,71.30220211595432,68.51501385418162,70.7822036743164,29149043
2020-10-26,70.74061330312996,71.94701438293247,70.57421490526428,71.57261657714844,36760149
2020-10-27,71.5726093019409,72.94540299772238,71.34380659108099,72.1758041381836,23610507
2020-10-28,72.6126186892596,72.6126186892596,71.36462215456784,71.9054183959961,14060472
2020-10-29,71.15660942915967,72.09260665519076,70.82380703005309,71.38540649414062,17654072
2020-10-30,70.92780384752285,71.55180197292306,70.42860309026501,71.13580322265625,22904945
2020-11-02,71.7806251383121,72.55021853187017,71.53102468851279,71.9886245727539,13423596
2020-11-03,72.38380611164708,75.17100025098097,72.32140742185341,74.85900115966797,27441682
2020-11-04,74.85901401678126,74.87981170283628,72.65421667408644,73.67341613769531,19461431
2020-11-05,74.04780176563958,74.79660297525703,73.46540458638916,74.48460388183594,10248002
2020-11-06,74.15181384006992,74.6510147298028,73.67341627877755,74.23501586914062,8815864
2020-11-09,74.83822095258215,76.83501913920878,74.50542407598425,76.56462097167969,15228920
2020-11-10,76.25260751734255,77.72940113916815,75.5246095489379,77.3342056274414,13815795
2020-11-11,76.50218936480445,79.45578175113252,76.50218936480445,78.8941879272461,15502357
2020-11-12,79.24779356627208,79.43499529558632,77.8542020080147,78.83179473876953,26079694
2020-11-13,78.45738641545047,79.01898588583839,77.45899049161885,78.56138610839844,11968619
2020-11-14,78.62380067465516,78.99820415875838,77.79180296304015,78.20780181884766,1162700
2020-11-17,77.79179928709625,78.72779666843387,77.31340175399275,77.70860290527344,16872514
2020-11-18,77.70861037183056,78.91500598411201,76.85580929037518,77.12621307373047,16685757
2020-11-19,74.25580632155258,82.0349865150591,74.21420531106983,78.95659637451172,64832376
2020-11-20,80.49580512552457,80.70380456365413,78.66540555610771,79.80940246582031,27479934
2020-11-23,79.87180361217997,81.49419803614268,79.24779968043748,81.01580047607422,20909280
2020-11-24,81.11978833984112,82.24298171125601,80.39179044190108,80.91178894042969,15308572
2020-11-25,80.91180155466812,82.13899481710949,80.51660037723614,81.24459838867188,19854793
2020-11-26,81.18219377350302,82.84618910699194,80.22539307133971,82.2221908569336,24879552
2020-11-27,82.22218650873025,82.22218650873025,78.49899489000636,80.03819274902344,46793847
2020-12-01,81.05736893503686,81.7229680178667,79.72617641172094,80.01737213134766,18193922
2020-12-02,80.2253953206362,81.20299373493913,78.85260138895663,80.76619720458984,15836732
2020-12-03,81.1197924005868,81.16138776867544,79.45579147965285,80.47499084472656,21308517
2020-12-04,80.78699705199689,81.93099390646167,80.18380209595918,80.84939575195312,14838659
2020-12-07,80.28780439821809,82.05579959393077,80.07980496342836,80.49580383300781,22078115
2020-12-08,80.70378487409666,80.95337962508103,79.49738391339795,79.70538330078125,15896364
2020-12-09,80.24619640838853,81.01579537869186,79.49739512281828,80.16299438476562,18701467
2020-12-10,80.28779181535364,81.28618781740454,79.66378796643382,80.18379211425781,13612880
2020-12-11,80.70380260229744,81.22380118498376,79.93420357145257,80.32939910888672,14876364
2020-12-14,81.53579833450483,81.95179719044934,80.20459973854419,80.82859802246094,20316890
2020-12-15,80.87018905961573,80.99498644406465,79.60138932010874,80.20458984375,16084083
2020-12-16,80.99498980428723,81.88938614286327,80.10059346571119,81.61898803710938,35024972
2020-12-17,82.51542663574219,83.41187038121976,81.78973270133284,82.51542663574219,23058726
2020-12-18,82.51542543173791,83.15574155632234,81.98182866125089,82.77155303955078,20310375
2020-12-21,82.38736207451362,82.47273408131727,78.73755679890455,79.18577575683594,21609326
2020-12-22,79.16444538763123,81.55496034410662,78.97234821286504,81.23480224609375,23934507
2020-12-23,81.74704588959818,81.83242369226134,80.67985230578734,81.08538818359375,9836093
2020-12-24,81.21345459509719,82.06721530983337,80.87195494111963,81.10673522949219,12945145
2020-12-28,81.19210876827381,82.08855255019367,81.10673096432113,81.76839447021484,6879688
2020-12-29,81.78972646666583,82.23795120018512,80.67984409448323,80.9786605834961,8549660
2020-12-30,81.10673035098982,81.38420531678985,79.74072602734746,81.19210815429688,19132583
2020-12-31,81.32017090335334,81.5336096265388,80.27432463368207,81.0427017211914,23272111
2021-01-01,80.67986416933326,81.06405854791551,80.46642542118606,80.89330291748047,3074621
2021-01-04,81.10672603516147,81.27748163268939,80.25297120710384,80.445068359375,7133203
2021-01-05,80.89330699940864,80.89330699940864,79.48461350651215,80.25299072265625,10478882
2021-01-06,80.25298428220215,84.35100928252251,79.82610679862495,83.73204040527344,54265234
2021-01-07,84.5217621082132,86.14389417611727,83.4545684346194,84.11622619628906,40129922
2021-01-08,84.84191317886058,87.08301970767168,84.32965794203116,86.89092254638672,29487917
2021-01-11,87.08301970767168,87.50989714173093,85.99447877688311,86.89092254638672,12726089
2021-01-12,85.82373950285735,87.40318851883659,85.35417310973678,86.95496368408203,31454127
2021-01-13,86.9976400985139,88.19290036299932,86.48538487232078,87.50989532470703,23792586
2021-01-14,87.91544409242239,88.57710771605946,86.91228077199622,87.55259704589844,12024674
2021-01-15,87.06168094627503,87.83006387728138,86.44271207979651,86.6561508178711,13530190
2021-01-18,85.90910513981298,86.22926320930452,83.04902406973028,83.561279296875,26118654
2021-01-19,83.47591350930672,85.3755206443002,83.34785257903823,85.22611236572266,19382828
2021-01-20,85.37551987502492,85.6316417332541,83.30516292169624,83.73204040527344,21158179
2021-01-21,83.86009891917018,84.3936957582738,82.87828305117806,83.30516052246094,12509109
2021-01-22,83.24113314918567,83.79607156649108,82.38737817493337,82.89962768554688,16720401
2021-01-25,83.00633726045758,84.00950039478442,80.9359805342715,81.19210815429688,9393599
2021-01-27,81.10672312448726,82.96364096685255,80.80791241932779,82.1098861694336,18874916
2021-01-28,81.51227182000319,81.51227182000319,79.31385402803777,79.95417022705078,16072463
2021-01-29,80.55180102577081,80.67986195518604,78.11859704770995,78.7375717163086,13415015
2021-02-01,78.73756944610567,80.87195680746264,77.90515605921794,80.63717651367188,9485240
2021-02-02,81.53361741078459,83.51860235783838,80.7652402499161,82.89962768554688,10803602
2021-02-03,83.02769301839383,89.64429395829887,83.02769301839383,88.15022277832031,73411707
2021-02-04,88.1502077787948,88.64111563927622,87.16838626793654,87.65929412841797,23523019
2021-02-05,87.7873669528987,88.91859100338505,85.90910738738796,88.40634155273438,28755118
2021-02-08,88.15021987982527,91.09567323695336,87.8087144331215,90.73282623291016,28436890
2021-02-09,89.64428892944915,92.82452829295754,89.64428892944915,89.96444702148438,27738169
2021-02-10,89.87907654134129,91.35180620072003,88.3636637647951,89.83638763427734,34189378
2021-02-11,89.15337321738046,91.69329038483131,88.93993450802012,91.2450714111328,20504448
2021-02-12,93.48617783197795,93.48617783197795,89.87906132888848,90.77550506591795,25066544
2021-02-15,91.35181101955516,91.9707857298922,90.3059587958538,90.69014739990234,8599603
2021-02-16,91.09567408992496,98.13915813407267,91.05298518495024,96.28223419189452,80200957
2021-02-17,96.2608808419712,98.69408443859292,94.85218767965056,98.2031707763672,39034960
2021-02-18,98.6087169266764,101.72492008474292,97.54152327118838,100.95654296875,44291912
2021-02-19,99.67590238957663,100.7857906479353,97.64823461080805,99.12096405029295,36335681
2021-02-22,99.22769654468438,99.84667121190238,95.44982965660448,96.02611541748048,25800846
2021-02-23,96.36761290533508,97.79764781117336,95.89804652600333,96.51702117919922,18293559
2021-02-24,96.5383572689226,97.41345951490528,94.59606718839062,95.08697509765624,11421326
2021-02-25,95.49252955714827,99.37711047347636,94.25458008018528,97.1360092163086,30696079
2021-02-26,94.55338624078676,97.00793178352674,90.15654466420162,91.47986602783205,38070699
2021-03-01,92.84586436111016,97.66957701332316,92.80317546004984,97.00791931152344,31441940
2021-03-02,97.75496255159274,97.90436503228368,95.34310603461633,96.06879425048828,18223787
2021-03-03,98.1818482924599,98.24588454946388,95.492522354779,97.11465454101562,19350542
2021-03-04,95.21502934380712,98.16048817277026,95.21502934380712,96.1114730834961,22865747
2021-03-05,96.4743205680529,96.4743205680529,93.63558686865888,94.019775390625,17342685
2021-03-08,94.71540898606308,97.34578567029205,94.34585042045455,95.71538543701172,15749448
2021-03-09,95.86756752463624,96.5632062110581,92.71546007093627,93.9110870361328,12585004
2021-03-10,94.78064772245278,95.19368491119384,93.04155370163662,93.54154205322266,10661165
2021-03-12,93.78065347082644,96.04147173664204,93.6502179054768,95.67191314697266,18173078
2021-03-15,96.0849554814518,98.47620944260184,95.54148867209956,97.4544906616211,30092241
2021-03-16,97.88926830801822,98.78055745178276,97.1718932683002,97.58493041992188,14767699
2021-03-17,97.8023133461438,97.82404965980729,95.36758085117958,95.84583282470705,12571132
2021-03-18,96.0849607677465,97.17189444625076,95.71540213765653,96.10669708251952,14232655
2021-03-19,96.4762390285947,100.910924131789,95.28061218900449,100.0848617553711,70334403
2021-03-22,101.91090943405509,101.91090943405509,96.60667179467978,97.19361114501952,29180881
2021-03-23,97.193625147012,97.38927555663884,94.99802160205095,95.21540832519533,38455903
2021-03-24,94.36760319691273,97.3458026554129,94.302388355601,96.10669708251952,24398959
2021-03-25,96.10669449261088,97.12841330226983,93.62848931060006,94.08499908447266,20272124
2021-03-26,95.36758797851,96.51973652561942,92.23721655146484,93.30241394042967,25184863
2021-03-30,94.30239992629146,97.25886343276996,93.65023963917032,96.23714447021484,53328751
2021-03-31,95.6066981816325,96.1284286483314,93.32413770956072,93.7589111328125,20694060
2021-04-01,94.19367955832335,95.36757009761548,93.36761127737306,95.08496856689452,11229344
2021-04-05,93.5632737851944,95.21541056109088,92.75894171127412,93.10675811767578,14484908
2021-04-06,93.56327465083984,95.21541144202185,90.65029010655358,90.95462799072266,25301732
2021-04-07,91.69374446009986,93.99804731964714,91.10679911394196,91.54157257080078,22841720
2021-04-08,92.15024619960994,92.82414853720232,90.65028144237247,90.86766815185548,20468881
2021-04-09,91.04157591262504,91.93285905852416,90.43289430832868,90.56332397460938,11773021
2021-04-12,89.84596616352901,89.84596616352901,86.30256331871814,87.4547119140625,18544315
2021-04-13,89.1938017212772,91.04158900901298,88.01991096791855,90.7589874267578,19831072
2021-04-15,90.38942579152804,91.91113291918724,90.01986716684088,90.345947265625,10159348
2021-04-16,90.21551720499644,93.38936112766592,90.1068238391928,91.23723602294922,22020846
2021-04-19,89.49812023311667,89.99811434379778,86.95470064674066,87.47642517089844,18404990
2021-04-20,89.12857876100085,89.43291663071345,87.6720865580431,88.56336975097656,14467660
2021-04-22,88.69380269011927,89.08509759499508,87.47643355640434,88.45467376708984,11626459
2021-04-23,88.82424488392002,92.56329806249046,88.69381519623441,91.8024444580078,38318040
2021-04-26,90.51985531852716,94.10674229605382,90.51985531852716,93.82413482666016,19139358
2021-04-27,93.93283741416184,95.8675818790604,93.82414403741458,94.1937026977539,15270611
2021-04-28,95.12844800348708,96.3892956719286,94.04151442516994,96.04147338867188,16383579
2021-04-29,96.99796931265554,97.23709232140668,95.23713352251784,95.71538543701172,14761969
2021-04-30,94.67193663091852,96.65015335063116,94.19368468528708,95.67191314697266,16897105
2021-05-03,94.56325104090251,96.8892902289134,94.23717094623726,95.9980010986328,15528063
2021-05-04,96.258860342002,96.38929590991737,94.21542874791572,94.8023681640625,20857434
2021-05-05,94.80237112342051,95.80235358735204,94.2589043159552,94.86759185791016,23178237
2021-05-06,94.9762930656755,95.38932433527552,92.86764049910964,93.65023040771484,18823613
2021-05-07,94.0632582647647,94.25890277405648,92.82415278461478,93.2806625366211,12509591
2021-05-10,93.65022433906007,95.71539824421248,93.45457982308318,95.58496856689452,17845577
2021-05-11,95.65018180091744,97.91100608111132,94.954543107243,97.12841033935548,22995780
2021-05-12,97.12841518259704,102.17178859198076,96.97624328936276,98.23709106445312,55645370
2021-05-14,99.01968631086324,99.99792666707184,97.3240708728336,99.49793243408205,18820793
2021-05-17,100.4109387497778,100.43267506013107,98.73706004584344,99.3022689819336,10996347
2021-05-18,100.38921859307936,104.28044335583154,99.34575758839132,101.34571075439452,52885042
2021-05-19,101.82396155626364,103.47609820394035,100.60659833134308,101.62831115722656,28081040
2021-05-20,101.7370160281498,102.1500531853151,99.30228930273104,99.54141235351562,10707136
2021-05-21,99.15010867572263,99.67183918595948,98.25882544247654,99.10663604736328,21702883
2021-05-24,99.5631389926215,101.9109202306742,99.30227965238636,100.43268585205078,22028927
2021-05-25,101.30223116963803,101.9326549919259,100.49790505450162,101.25875854492188,9165363
2021-05-26,101.38919456301628,101.6500539156186,97.80231359781874,98.0849151611328,18322114
2021-05-27,98.56316391172058,99.8239998000339,97.0631931983622,99.25879669189452,51194207
2021-05-28,100.43269717421948,100.43269717421948,97.73709924730662,98.01970672607422,15307498
2021-05-31,98.25882319290358,98.51968844204966,97.28058293135004,98.10665130615234,13102261
2021-06-01,98.38924734453278,99.12836452611398,97.34579230352963,97.56317901611328,15733731
2021-06-02,97.47623041095198,99.19358784393948,97.43275188790317,98.88924407958984,7995532
2021-06-03,99.58487095912432,100.62833186249333,98.10664254200732,98.38924407958984,10291328
2021-06-04,98.2588131837414,99.19358072271052,97.73708273859546,98.32402801513672,6142487
2021-06-07,98.82401614651084,103.3891368972019,98.6501079639781,102.71524047851562,18058790
2021-06-08,103.8891300376304,103.8891300376304,100.88918885539184,101.75873565673828,22511761
2021-06-09,102.60652739752528,106.73687394918142,101.65002373202974,105.25865173339844,39865778
2021-06-10,107.8238407885047,107.8238407885047,104.45434650098798,105.0630340576172,32690784
2021-06-11,108.17163495575664,108.17163495575664,106.08472515262535,107.08470153808594,29142097
2021-06-14,107.80210898094256,108.60643519141144,105.25868887195908,108.12818908691406,18732629
2021-06-15,108.9324896151222,109.3455266774376,107.4107828126842,107.64991760253906,15026686
2021-06-16,107.32384817626304,107.60644381967325,104.7586803097117,105.28041076660156,30706682
2021-06-17,106.10648807812198,106.10648807812198,102.93264406118736,104.28044891357422,22261167
2021-06-18,106.0847544523919,106.51952793954118,100.04139826342286,101.30224609375,49278209
2021-06-21,100.82400604786174,102.36744966140232,99.30229875119063,102.1065902709961,11719831
2021-06-22,100.88918885539184,103.04131954752096,100.88918885539184,101.75873565673828,10961545
2021-06-23,102.49785748465032,102.60655083978996,100.86745715755568,100.97615051269533,10721151
2021-06-24,100.97614028368334,101.2804840060407,99.17182605355109,100.49789428710938,12964208
2021-06-25,100.62834858317328,101.21528806760608,99.73706530185534,100.3674774169922,7736431
2021-06-28,100.86746683068196,101.08485356180849,100.30226368854996,100.80224609375,9989595
2021-06-29,101.12831775802904,103.43262635101748,100.71529243851602,102.60655212402344,61089570
2021-06-30,103.1065402294292,103.30219061844193,100.86745249936304,101.04136657714844,17437744
2021-07-01,101.1065871812413,101.28050127910105,100.0848742897732,100.34573364257812,15924813
2021-07-02,100.34573568943898,100.47616536850197,98.95445826013572,99.10663604736328,9549992
2021-07-05,99.69357584317,100.38922045720771,99.28053869639528,100.12834930419922,6849185
2021-07-06,99.73705981148852,100.21530589884888,99.25880193014328,99.47618865966795,5343938
2021-07-07,99.47619723072884,100.62835171407544,99.47619723072884,100.41096496582033,7228897
2021-07-08,100.041372806582,101.36744104014032,99.80224980829504,100.49789428710938,8740010
2021-07-09,100.45442191389152,100.62833600293672,99.99791217262792,100.10660552978516,2990856
2021-07-12,100.302265758415,100.7587755444044,99.21533208035206,99.56314849853516,5578309
2021-07-13,100.17183378182928,100.82399397373204,99.25880243677445,99.41098022460938,8264289
2021-07-14,99.41098548888574,100.62834888610568,99.32402843323028,99.97618865966795,9228746
2021-07-15,100.43268857092986,100.62833897839484,99.69357136160902,100.1718292236328,5376823
2021-07-16,100.71529891315724,102.82394544722244,100.21530472352045,101.67179107666016,15903784
2021-07-19,101.67178649767985,102.01961468036282,100.65007364450524,101.3674545288086,13725925
2021-07-20,102.12832493887042,102.7370007713192,100.41096723013044,100.5631332397461,14178067
2021-07-22,101.9544012802908,101.9544012802908,99.43271753838224,101.4109344482422,10378326
2021-07-23,101.62832620911196,101.71528326533893,100.88920892216106,101.30224609375,6660369
2021-07-26,101.49788641835217,102.32396067930004,100.88919887933956,101.17180633544922,12963701
2021-07-27,101.302240292935,102.10657827449418,100.2805273742343,100.80224609375,10832912
2021-07-28,100.86745792367812,101.04137201081602,98.86749899451996,99.17183685302734,13828088
2021-07-29,99.12835321148584,100.60658775767234,96.89651837809453,97.04144287109376,28609665
2021-07-30,97.99794741323852,100.40369061659511,97.50520646352504,99.21531677246094,34142169
2021-08-02,99.4182059304756,99.70805492735748,98.14286916479686,99.12835693359376,9575755
2021-08-03,100.0268868485672,101.56307699406344,99.18631773746208,101.12830352783205,20959435
2021-08-04,101.82394543842024,102.3746537633862,100.78048442966023,101.5920639038086,23323277
2021-08-05,101.5920694501378,101.8819184357302,100.43267350776816,101.56307983398438,6621382
2021-08-06,101.73700018746511,102.31669819423132,101.1862917986317,101.44715118408205,5340311
2021-08-09,102.60653542310676,102.60653542310676,100.89643121698224,102.2876968383789,16415005
2021-08-10,102.08479743957972,102.08479743957972,99.33123242514311,100.05585479736328,11925263
2021-08-11,100.25876832128829,102.60655003112038,100.02689854736758,102.22974395751952,31279965
2021-08-12,102.60653184696952,108.8092948737971,102.20074802053573,108.40351104736328,58107755
2021-08-13,106.78034358088853,108.5774164239216,106.43252721558592,107.09918212890624,26776843
2021-08-16,106.66442709704354,106.83834120664378,104.57751675176804,104.7514190673828,21308655
2021-08-17,104.95431405775464,106.51949373794284,104.9253244439056,106.22964477539062,15962459
2021-08-18,106.49049675359268,107.82380660664464,104.4325763382969,104.69343566894533,25227527
2021-08-20,102.78044216641057,104.37461138797993,102.63551769172244,103.53404235839844,18720467
2021-08-23,104.0557631774604,104.28764467425688,100.9833598813684,101.8239288330078,13112745
2021-08-24,102.7804370035904,103.93983274285716,101.707986509582,102.37464141845705,11029463
2021-08-25,102.72246599248685,102.86739047147962,101.4761249083364,101.73698425292967,12001351
2021-08-26,101.67903619152666,101.67903619152666,99.47617897356504,100.3457260131836,12115246
2021-08-27,100.75152380221088,101.36019966620344,99.56313810577,101.07035064697266,8051699
2021-08-30,101.56307016054464,102.22972512270827,100.1718045974014,101.73698425292967,14512401
2021-08-31,101.7369967297083,102.63553332725158,101.41815811922888,101.65003967285156,43248333
2021-09-01,103.0702815585539,103.0702815585539,101.24423098800804,101.8239288330078,11817591
2021-09-02,101.67901269848215,102.08479650561942,100.9833681511248,101.88190460205078,13545023
2021-09-03,102.02682765313722,102.49059067824491,101.09931339690544,101.7659683227539,12286475
2021-09-06,101.8529217402998,102.22972775417712,100.28774204448264,100.92540740966795,13950485
2021-09-07,100.92541566146232,100.95440527797103,99.968911638487,100.28775024414062,12485031
2021-09-08,101.02515007418852,102.41147820033132,100.40572699657274,101.96903228759766,25370295
2021-09-09,101.7035598177946,102.73593351547672,101.40859590417112,102.35247802734376,5078350
2021-09-13,102.79493519138798,102.82443638683642,101.8805421578501,102.58846282958984,7522483
2021-09-14,102.588455388218,103.29636400649508,102.35248184808802,102.70643615722656,8434427
2021-09-15,102.64745236267348,105.5970917983825,102.49997039088802,104.94817352294922,20064238
2021-09-16,105.56757729235105,107.16038958806718,105.18413381574746,105.86254119873048,16214883
2021-09-17,105.92156429325154,106.42300063172335,104.2697612936938,105.47911834716795,21219226
2021-09-20,104.53520946703648,105.71506515854756,103.2963633913724,104.41722869873048,7833069
2021-09-21,103.8568173960289,105.24314563802965,103.50285103456956,103.76832580566406,9481007
2021-09-22,103.70933340722058,104.6827048760668,103.70933340722058,104.26976013183594,9165634
2021-09-23,104.41724553048026,105.44961942696806,104.41724553048026,105.15465545654295,10295913
2021-09-24,105.18414166506231,105.89205029235544,103.70932202310752,103.9157943725586,7093411
2021-09-27,104.1222649487582,104.50572044955862,103.2963635629064,103.82730102539062,5205649
2021-09-28,104.3287490201087,111.43738517304598,103.88630308533122,108.5172348022461,38873626
2021-09-29,108.25177270796648,115.8028548421199,107.6323435946229,115.06544494628906,53686662
2021-09-30,115.00644982816216,116.80573488865664,111.28991091933752,112.0273208618164,23618199
2021-10-01,112.55823343872537,114.1510337601146,111.87981404179575,113.17765045166016,16994903
2021-10-04,113.2661494752484,113.88557853103642,112.11579494548566,113.05967712402344,10757286
2021-10-05,113.05969318052053,115.09493979210004,111.70285410472432,112.05680847167967,17200858
2021-10-06,113.23667856449738,113.3546713696904,110.16905766333926,110.67049407958984,8929507
2021-10-07,112.67624342243306,113.00070861009776,110.67048590349548,111.08344268798828,6733699
2021-10-08,111.49639578498628,112.17481540843988,110.31653974493352,110.72948455810548,8165175
2021-10-11,112.08628250712472,115.09491190031464,111.6733378461011,114.12152862548828,12982042
2021-10-12,114.3870185411993,114.82946445200685,113.05968080877668,114.06255340576172,8539966
2021-10-13,115.09490522115654,120.64022864486344,114.5344786419882,117.63159942626952,33075614
2021-10-14,118.10354328073062,121.4956282031535,116.95318884701466,120.72872924804688,19185455
2021-10-18,123.7668932698341,123.85537286390137,119.25394188567527,120.22732543945312,38546365
2021-10-19,120.34527462747252,120.81722168175844,116.21577990986316,117.1891632080078,16174177
2021-10-20,117.98559170395023,118.13307369358016,114.06256837937087,114.65249633789062,21909934
2021-10-21,115.7733384597428,116.42225668253413,114.1510369017082,114.47550201416016,16946547
2021-10-22,115.56688187186164,116.21580018312116,112.82371464478132,114.71147918701172,7705870
2021-10-25,114.7114677456646,115.03593286998928,112.38125749606644,113.64960479736328,7862419
2021-10-26,113.6201098184584,113.82658218063486,111.90931652792788,112.32227325439452,8525850
2021-10-27,112.17477426849275,113.17764673388898,111.23089218304128,112.2337646484375,9862679
2021-10-28,112.49926500167967,112.73523860252767,109.28416219673808,109.66761779785156,11095238
2021-10-29,110.25753248262328,111.28990635979744,106.95393847608884,109.16616821289062,12988035
2021-11-01,108.90068172972155,111.20140280895004,108.87119253767142,110.75895690917967,5475153
2021-11-02,111.28990065021088,112.8237107886137,109.2251530017918,109.43162536621094,10946890
2021-11-03,109.43162786829856,110.49350291261015,107.95680808570692,108.5172348022461,13957727
2021-11-04,109.10716581821768,109.638103355473,108.6942210681938,109.16616821289062,830214
2021-11-08,110.67048386728558,112.29278577152972,108.90069997174652,111.58487701416016,11947323
2021-11-09,112.29276696988197,112.29276696988197,109.31363844580162,110.0510482788086,10381150
2021-11-10,109.69708825854048,110.02155340454688,108.28127089952964,108.78270721435548,13857851
2021-11-11,109.1366678843168,109.28414986794424,106.59997296507876,107.45537567138672,8851354
2021-11-12,108.3697549956322,108.3697549956322,106.36400965280532,107.36688232421876,9590673
2021-11-15,107.48487243249052,111.34890547635727,107.36689163812994,111.08344268798828,24821341
2021-11-16,111.49639570747588,112.88272415315087,110.0215756584352,110.67049407958984,23206330
2021-11-17,110.31652136895944,114.32803603776732,110.31652136895944,112.70573425292967,18359498
2021-11-18,113.17767115344024,114.71148137350232,112.70573600994432,113.56112670898438,10742933
2021-11-22,114.6819728701334,116.21578283196014,113.26614367378856,114.56398010253906,25095721
2021-11-23,114.0035722840514,119.40141523505164,113.9445818915718,119.0769500732422,19671538
2021-11-24,119.28342743732382,122.3805491942496,119.16544664742976,119.93235778808594,18120478
2021-11-25,119.51938394897874,120.93521323606755,118.72298372565167,120.49276733398438,18537454
2021-11-26,120.37479278676996,120.90571829503888,118.45752711191452,119.16543579101562,12814537
2021-11-29,117.3956619624639,120.34530171026452,117.10069798768384,118.13307189941406,16066147
2021-11-30,118.16256766262848,123.58989974809528,118.16256766262848,121.96759796142578,37739647
2021-12-01,122.1150743365225,123.14744815337716,120.7582353763823,122.2330551147461,20332817
2021-12-02,123.29493948129506,127.4244350620083,121.82011963104034,126.53954315185548,33758843
2021-12-03,125.74315710157155,127.6899123235428,121.2302054472718,121.58415985107422,47614182
2021-12-06,122.32154765535488,122.70500319074876,118.78198025562176,119.16543579101562,11322446
2021-12-07,119.51937404155036,122.08555766048912,119.253911323151,121.40715026855467,8049102
2021-12-08,121.02371021709976,122.49852995651818,120.0798279842947,120.8172378540039,8788449
2021-12-09,121.2301756758272,121.79060234404298,119.22441854402838,119.8733367919922,5755422
2021-12-10,120.49276369292755,120.49276369292755,119.07693444862235,119.54888153076172,6164402
2021-12-13,121.2301559352657,123.67835856503758,120.16828115542624,120.58123779296876,21648126
2021-12-14,120.40429625387036,125.74314918220963,119.87335868054744,125.21221160888672,48042035
2021-12-15,125.71362945005993,127.2179503523541,122.5870188718463,123.7963638305664,15207306
2021-12-16,124.7107437577326,124.94671728655108,121.70211427110544,122.82296752929688,13410737
2021-12-17,122.82299564481676,124.17983474453416,120.964732185011,123.8553695678711,15209414
2021-12-20,124.32730132561808,125.44816670359084,122.41003570612456,123.7963638305664,22539246
2021-12-21,124.74026040481584,124.91724359091457,120.81724913340466,121.87911224365234,17566511
2021-12-22,122.00122210143036,123.95519057978196,120.90210706796468,123.0698013305664,14750231
2021-12-23,123.6499019573044,127.98527875120128,123.37512936661152,127.22200775146484,15932489
2021-12-24,127.13041975305624,127.43572816977638,125.08485584563752,125.4207000732422,8975969
2021-12-27,125.4207100536471,126.55034880079684,125.1764608162285,125.84813690185548,8648187
2021-12-28,126.18396879464404,127.40520243906734,124.1384049248412,125.54281616210938,15736206
2021-12-29,123.95520558397112,125.72599671977672,123.77201558187636,124.93218994140624,17172943
2021-12-30,124.93216659273764,129.08436486461707,123.13085240858533,125.39012908935548,87481206
2021-12-31,124.56578658060695,125.90913813334409,124.29101407941918,124.8100357055664,9842223
2022-01-03,125.42069421389589,126.3671428076938,124.65742320775364,125.17644500732422,7410054
2022-01-04,125.97024163549824,130.0613689283519,125.48174326186064,128.59588623046875,14784090
2022-01-05,128.22951197715582,129.05384206954602,127.038814335151,127.40518188476562,9565107
2022-01-06,126.85563832529344,127.4357193075086,124.96272875787348,125.75652313232422,5615931
2022-01-07,126.36714048515074,127.31360148458404,124.87113430981988,125.2985610961914,11908249
2022-01-10,126.5503465054082,126.5503465054082,124.22999742656668,124.56584167480467,11085710
2022-01-11,124.90166710435972,125.66493807805288,124.2605145172454,124.47422790527344,7208789
2022-01-12,125.78703412608394,126.21446082623324,124.77951413512864,125.14588165283205,11018139
2022-01-13,126.76402110548224,129.14542865753174,126.12288104114124,127.00827026367188,20522807
2022-01-14,126.97772443704262,128.01578017165068,126.12287108540067,126.85560607910156,14183654
2022-01-17,127.71047933009214,127.95472848330016,125.66491596515256,126.00074768066406,7574539
2022-01-18,125.93969652675308,126.9166807788397,124.9321764699333,125.2680206298828,8475422
2022-01-19,125.78702988291928,126.6418956774087,122.76448243504072,124.96269989013672,13724367
2022-01-20,126.4587170832394,131.49630489798938,125.42067365425996,131.06887817382812,30170343
2022-01-21,130.61089298026886,133.8776892995523,130.0613355566916,131.3436279296875,29509593
2022-01-24,132.13746446597816,132.96179457691227,129.14543996793086,130.67198181152344,12850189
2022-01-25,130.3666418415503,134.4577680214657,129.420181158736,133.63343811035156,27389035
2022-01-27,133.114439334008,133.9082460056699,129.66445252721357,131.1909942626953,28512473
2022-01-28,132.8091461393278,132.8091461393278,127.77155783749124,128.3516387939453,18932049
2022-01-31,129.4507259188119,132.35115491935133,128.96222764424704,131.52682495117188,19907759
2022-02-01,132.5038409348387,132.53437674297584,129.02333026659187,130.0308380126953,8622355
2022-02-02,131.19100355373905,132.99233038299585,130.21401925844566,130.67198181152344,9921099
2022-02-03,130.67197557284365,131.28259228112796,128.84012544799072,129.0233154296875,4594389
2022-02-04,129.4507645839684,130.2750947983639,127.6799733385438,128.0463409423828,7329263
2022-02-07,128.87066619410473,130.85517057212368,128.22951365661,130.45826721191406,7869237
2022-02-08,130.6719712315841,131.52683707938706,127.3135794475948,128.26004028320312,9074237
2022-02-09,128.5958896782582,129.23704225796882,127.43571532703568,127.8326187133789,9833985
2022-02-10,128.26002893904896,131.7100029826771,128.26002893904896,129.48126220703125,19180334
2022-02-11,128.35163202171412,129.4507471078795,126.42819925546851,126.88616180419922,20071130
2022-02-14,126.36713371913544,126.36713371913544,122.88662315066397,123.25299072265624,12109375
2022-02-15,123.34458352091715,124.4742220240028,121.5127332706065,124.22997283935548,19046061
2022-02-16,124.63789791117648,126.14409865774482,122.81790587441472,123.19446563720705,20270061
2022-02-17,124.41823670827796,124.79478367304904,123.00617601423698,123.63375854492188,16405551
2022-02-18,123.50826798490895,125.6106672637893,122.53550979093976,122.8179168701172,14600643
2022-02-21,122.8179217157832,124.88894960546617,122.72379453114463,124.35550689697266,10682638
2022-02-22,121.8765477237822,124.5437740344517,120.37035955114214,124.35550689697266,13606058
2022-02-23,124.48101462945304,125.20273722221891,124.0103276474146,124.2927474975586,6493463
2022-02-24,121.75103008140044,123.00619533997158,119.17794385496988,119.93103790283205,13145037
2022-02-25,120.84103465400736,124.1985990080535,120.58999906054022,123.82205200195312,10920938
2022-02-28,123.91617221095912,131.94923414109786,123.03756683551892,131.25889587402344,31938385
2022-03-02,130.38028991843362,133.76923863601868,129.4075317455764,132.357177734375,20502615
2022-03-03,132.23166851353034,137.66026137006605,132.23166851353034,136.71888732910156,19805555
2022-03-04,135.52646883634236,136.499227055976,132.38855557068774,134.96165466308594,12794317
2022-03-07,132.10614588338728,135.05577918775475,131.0706319724663,133.54959106445312,17635653
2022-03-08,134.30269538651623,140.20197521414389,131.66685320116466,133.26718139648438,28410490
2022-03-09,135.02439201997686,135.55783464898332,129.65855595784126,130.5999298095703,22830958
2022-03-10,132.41993817578378,132.67097378757725,129.94099183380212,131.0706329345703,16516553
2022-03-11,131.35303542126508,133.6750857949299,130.38027734223795,133.3299102783203,12992850
2022-03-14,133.32992105872512,134.3026792164047,131.54131316485712,133.92613220214844,12598659
2022-03-15,133.80061892732394,134.96165707089125,130.7254740866812,131.5727081298828,14528285
2022-03-16,132.5768241657338,132.92199970279466,131.133379079371,131.38441467285156,11933774
2022-03-17,133.04751326828173,133.51820022559878,130.38028717681854,132.76510620117188,28464621
2022-03-21,135.55787114701312,135.55787114701312,128.34066967390825,128.59170532226562,17797415
2022-03-22,128.6544506338551,131.47857272093978,128.05825218941823,130.97650146484375,13285297
2022-03-23,131.4785707455382,132.1689091361464,130.7254766409115,131.85511779785156,9408783
2022-03-24,131.79234406277803,132.545438064428,130.53717888122776,132.26303100585938,11188958
2022-03-25,132.26304650700257,132.29443074749975,129.72133160919574,131.5727081298828,9842670
2022-03-28,131.57268251822055,133.51818584528752,130.22337749892907,133.23577880859375,12823578
2022-03-29,134.2085279407804,134.5850749232482,131.60405776239483,132.6082000732422,10470515
2022-03-30,133.73785372491702,137.25231384213518,132.9220039801027,136.24818420410156,54218485
2022-03-31,135.2754277949589,136.3423130545035,134.7733566327026,136.05990600585938,10326026
2022-04-01,135.6206004721449,141.67677525715402,135.6206004721449,141.2374725341797,39663961
2022-04-04,141.83370760832466,143.15162888644255,140.60992630040178,142.7123260498047,9907530
2022-04-05,144.31260156565256,147.23086296264597,142.39848245835122,146.25811767578125,17167487
2022-04-06,145.1912326342982,149.6470665614636,145.0657212209924,148.51742553710938,17153675
2022-04-07,148.07811593786687,150.5570749788611,144.34400440934053,145.1912384033203,11913911
2022-04-08,146.22675888270152,146.91709725082495,144.7205579543037,145.97572326660156,6746769
2022-04-11,145.91295836833214,147.8270904563584,143.3398721937566,144.90882873535156,12413822
2022-04-12,143.8733144907396,146.63468055041798,143.46538323734376,146.2895050048828,14769907
2022-04-13,147.45053260047845,147.7015682040574,142.80643139117294,144.03021240234375,11015439
2022-04-18,144.03020269693874,145.47364774410104,142.8064217682318,145.03433227539062,19069923
2022-04-19,146.03846293571866,146.4463941710431,142.14745600231728,142.99468994140625,15036942
2022-04-20,143.24573622716156,143.7164232027163,140.23333447633064,142.4612579345703,9814641
2022-04-21,141.89645660826667,143.49679772113356,141.36301382671226,142.61817932128906,11134333
2022-04-22,141.23747204262148,144.4695122822576,141.01780791369782,141.48849487304688,12032249
2022-04-25,140.54711931789322,142.3984956640303,139.00954704253598,139.85678100585938,11042683
2022-04-26,142.46125183300927,145.7246762831371,140.79815537030535,145.34812927246094,15389155
2022-04-27,145.19123025754203,146.13260414652743,142.74365559253985,143.90469360351562,12680209
2022-04-28,146.47781307885478,148.2664213221158,144.37541346771627,147.85848999023438,18378146
2022-04-29,147.54467563632093,148.32915393380054,142.49264306147327,142.93194580078125,9026331
2022-05-02,141.77092781898716,146.38365789350212,141.77092781898716,145.3167724609375,12634353
2022-05-04,146.22675462162783,150.27465752855113,146.16399891148205,149.11363220214844,23124643
2022-05-05,149.6157106920094,151.0277716958321,146.13262177529927,146.69744873046875,16481935
2022-05-06,145.25398547348996,150.0863790815778,145.25398547348996,149.61569213867188,17715186
2022-05-09,149.99226211663395,154.6677480251225,147.88986266989485,153.85189819335938,54118806
2022-05-10,154.2598123824839,155.86014039508552,152.18878463888055,152.91050720214844,30997494
2022-05-11,153.1301380826897,155.6404682151928,149.80394554984335,150.11773681640625,15412618
2022-05-12,149.9922411743312,151.8122332652331,145.69330292443925,148.04673767089844,26538994
2022-05-13,150.52568586439477,150.52568586439477,146.289503263512,148.2977752685547,15074553
2022-05-16,147.79571703984672,149.3019179837021,146.22676038337275,147.60743713378906,7960529
2022-05-17,147.41917840641278,150.18054483298732,146.06987305122493,149.77261352539062,15470937
2022-05-18,149.050867684318,149.52155463490004,142.52400608260666,143.0260772705078,19181550
2022-05-19,139.95093683480906,144.1243641864382,139.103702775324,143.27713012695312,15085602
2022-05-20,144.81468807008113,146.2895046582164,142.3043576159952,143.747802734375,15148281
2022-05-23,145.59916134179153,145.59916134179153,140.7040120169856,140.95504760742188,11572501
2022-05-24,141.20609266642433,144.12435446850404,140.95505705915485,142.4612579345703,16336858
2022-05-25,143.3398772096587,143.96745984825773,139.66852132749466,141.11195373535156,11062614
2022-05-26,142.4612653073688,143.77918635348817,140.51576159469712,142.58677673339844,14150454
2022-05-27,143.4653817333513,143.49676597105312,140.20195727679803,141.01780700683594,8430491
2022-05-30,140.89232282022266,144.2812721143052,140.7668113815617,143.24575805664062,9305758
2022-05-31,143.24573959416995,147.57606242469868,143.21435535444806,146.16400146484375,26351545
2022-06-01,145.69327971978868,146.22672229038426,143.18294972338725,143.84190368652344,10282009
2022-06-02,143.9674446218843,143.9674446218843,140.9236717002367,141.55125427246094,10071898
2022-06-03,141.8336639404297,143.15158481278476,141.2060813566225,141.8336639404297,16082518
2022-06-06,141.8336757208782,142.74366543570062,140.2961033701227,141.08058166503906,12693293
2022-06-07,140.54713355442163,141.99057879977755,140.39023788723958,141.2061004638672,9103195
2022-06-08,139.98230165314257,142.14745647898602,139.98230165314257,140.92367553710938,11240130
2022-06-09,141.01781378592142,141.64539642452044,138.6957631303856,141.11195373535156,9468041
2022-06-10,139.35471294525124,142.74364856417495,139.35471294525124,140.86090087890625,9019239
2022-06-13,139.2291927190152,141.51987168800434,139.00954136981358,139.54298400878906,10186775
2022-06-14,139.5430046770522,142.64954656685558,139.32335329531716,140.54713439941406,17023962
2022-06-15,140.73540513131965,142.02195463333464,139.2605885007521,139.48023986816406,5898563
2022-06-16,140.1705588948131,140.7667699735794,135.33817840481024,135.77748107910156,11883333
2022-06-17,134.42817989456103,136.1226604756723,131.9492338778575,132.6395721435547,19675226
2022-06-20,131.22748855266624,132.35714207692934,129.5016368044963,130.6940460205078,7402273
2022-06-21,131.19611338454771,133.76919881912545,130.09784412128428,132.011962890625,9459619
2022-06-22,132.29441154607122,132.57681859674872,130.66268664108958,132.2002716064453,10257637
2022-06-23,131.85511546570473,132.8592451768475,129.37616904430195,130.8823699951172,13114525
2022-06-24,133.04754004504247,133.04754004504247,130.380313416781,131.13340759277344,9499105
2022-06-27,133.89474723781225,133.89474723781225,131.57269668899522,132.76510620117188,17545390
2022-06-28,131.50993440411526,132.76509956084954,130.75682764915453,131.98062133789062,6770087
2022-06-29,131.22750098891478,134.93024037134973,130.81956980159416,132.482666015625,41502918
2022-06-30,132.73372087424386,134.7733643392145,132.04338256281702,132.98475646972656,22260722
2022-07-01,132.4513159407103,133.61234122427382,128.77994743012692,129.59580993652344,11133663
2022-07-04,128.68579748673915,133.1416307092231,128.68579748673915,132.23162841796875,20178279
2022-07-05,132.41993226993108,135.52646111874623,132.38854803178103,134.39682006835938,20083997
2022-07-06,134.30266062440992,134.3968005569921,130.66267686469297,132.07473754882812,19203527
2022-07-07,133.8320029523536,135.11855251943427,133.11028033589866,133.3927001953125,14069302
2022-07-08,134.30267713166018,137.69162574376278,133.45544317068473,137.31507873535156,17142257
2022-07-11,138.06817574674915,138.8526540180375,135.68335669475215,136.21681213378906,10826079
2022-07-12,134.99302125664587,136.15404656934234,133.76924023454447,133.9888916015625,8503695
2022-07-13,134.6164672449867,135.99714385303963,133.95750040993377,134.5850830078125,10210005
2022-07-14,137.59748663083374,137.59748663083374,133.58095539104838,134.83612060546875,10898403
2022-07-15,136.18542349006765,136.18542349006765,131.03925130417483,131.35304260253906,22067479
2022-07-18,132.01198971151473,133.29853907429063,131.1020001014927,131.94923400878906,15155654
2022-07-19,131.72961793769713,132.7337477547782,131.54133801090546,131.79237365722656,14922395
2022-07-20,132.60822008199742,133.23580273687068,130.85098354107163,131.32167053222656,14181034
2022-07-21,131.76094961994988,133.80059288198132,131.44715834886813,133.23577880859375,12461554
2022-07-22,134.27132034016446,134.27132034016446,131.47858229137603,131.79237365722656,9272199
2022-07-25,131.79236260068672,132.41994527973762,130.16065018879488,130.4744415283203,6635194
2022-07-26,130.47444493525512,132.41994873747322,129.97237367162347,131.2275390625,11451315
2022-07-27,131.72958467651603,132.41992295343897,131.41579338989652,132.2002716064453,9209354
2022-07-28,132.41993286132558,134.80475192535027,131.82373447941995,134.42819213867188,13192642
2022-07-29,135.8088864047368,136.6875046579683,133.5809629163499,134.27130126953125,15433067
2022-08-01,134.96166317681937,138.1623323560533,134.39683619973044,137.4092254638672,12136557
2022-08-02,138.036793622479,140.2019613453123,136.4050813468518,139.69989013671875,17748747
2022-08-03,140.1706037032181,141.0492221008687,137.84855265133064,140.32749938964844,12406038
2022-08-04,140.5784953175975,140.7040067239939,137.50333817888503,138.5702362060547,9712267
2022-08-05,139.1350472995356,141.04917919906086,137.34643957189718,140.3588409423828,14099223
2022-08-08,141.20607774725357,142.02194019262882,138.75850317932785,139.2605743408203,8392041
2022-08-10,138.53887241372058,141.14334301047282,138.4133609888032,140.2647247314453,8585266
2022-08-11,140.9864348024244,142.3984956640303,139.1350584562873,139.85678100585938,5040626
2022-08-12,139.9509266075802,143.46538678489264,139.32334397705296,143.12022399902344,13279062
2022-08-16,143.84193530487454,144.312622282663,142.49264284977542,143.62228393554688,11298246
2022-08-17,143.6222697558448,144.940190609895,142.90054724085056,143.40261840820312,11225465
2022-08-18,143.0574549149333,145.41088976943342,142.93194349664046,145.1912384033203,11360485
2022-08-19,144.77930373212206,145.57148642466726,143.03650180852262,144.5891876220703,9829530
2022-08-22,144.55747236656651,146.2685944488545,143.0047996914056,143.19491577148438,9190493
2022-08-23,142.56120341237326,145.03281618634665,142.0858937594399,144.20895385742188,8903751
2022-08-24,144.08217590538297,145.72991321695886,143.5434942891982,145.4130401611328,13007225
2022-08-25,146.0784920599459,146.39536514467463,142.65626016615582,143.41676330566406,12124365
2022-08-26,143.60687854719816,146.52210833025785,143.60687854719816,146.0467987060547,7966045
2022-08-29,144.6525648396025,145.06450243319958,142.97313489253682,143.89207458496094,7517013
2022-08-30,144.6208552956159,145.92003996194518,144.55748326414565,145.5081024169922,7214498
2022-09-01,142.62456760496238,145.82497773310055,142.59287514193622,143.2899932861328,13109081
2022-09-02,144.17724384063055,145.03279853305315,141.83238832901333,142.08587646484375,6897237
2022-09-05,142.59287916815148,142.9414446968906,140.50151178291273,141.57888793945312,18055474
2022-09-06,141.95911896751824,144.49410323479535,141.95911896751824,142.6245574951172,14103701
2022-09-07,141.35707654640322,143.82867608768714,141.35707654640322,142.21263122558594,7866745
2022-09-08,143.2266224340098,143.79699651799754,141.61056467831088,142.21263122558594,7187735
2022-09-09,143.25832694076502,143.32169897906948,141.00852287896447,141.26202392578125,9162027
2022-09-12,141.67397154563204,142.40276937813056,140.8184038403516,141.92745971679688,8778919
2022-09-13,142.14927708627442,144.1772597584034,141.83240398790429,143.733642578125,11278383
2022-09-14,142.592896528157,147.78961026641002,142.40276750867963,147.377685546875,25072958
2022-09-15,147.94803018245628,150.9900167904481,147.25091201209094,150.5780792236328,23606369
2022-09-16,151.0850870959411,151.1167666677763,147.91635629650273,149.34228515625,29399642
2022-09-19,149.5323853756678,150.89494205333267,146.80728491393523,147.75790405273438,13920046
2022-09-20,148.29659240037526,149.7225211734558,147.09247219105436,147.47271728515625,20162973
2022-09-21,148.20154085059474,148.51841393896188,142.14927259894162,143.89207458496094,14468837
2022-09-22,141.9591307550917,143.48012402047297,138.88546465451574,139.48751831054688,26264530
2022-09-23,138.34679786130553,139.26572467555897,125.54511714017995,128.36529541015625,87162722
2022-09-26,126.74922881767036,132.6747526861768,118.09859137214468,127.28791046142578,167547134
2022-09-27,130.42495779076037,131.75582207564608,127.54140776217632,129.82289123535156,54127095
2022-09-28,130.04470867474757,133.34019648852563,128.3652916423786,131.6290740966797,52877873
2022-09-29,132.42123696227702,134.4175396734544,130.58338366314553,131.81918334960938,36761869
2022-09-30,131.1854368395408,138.60026072085873,131.1854368395408,134.4809112548828,62897614
2022-10-03,134.98792528926552,136.03360897938083,132.45294077679105,133.59368896484375,11740863
2022-10-04,134.41756149965664,134.575998043832,131.8192047539005,132.10438537597656,19179333
2022-10-06,132.3578660547736,133.65705067449952,130.29819129748918,130.7418212890625,20692745
2022-10-07,129.28421949765212,132.92825999819868,129.28421949765212,132.70645141601562,14282850
2022-10-10,131.78753362790297,134.3225187451974,131.53404543105435,132.42127990722656,16834226
2022-10-11,133.08669941339653,134.00562622809696,130.9002802233304,132.041015625,17807162
2022-10-12,133.37188784505165,136.85749208127737,132.67476957652647,136.60400390625,35288330
2022-10-13,136.22372721715504,137.71304095645925,135.1463639399034,135.58998107910156,16436903
2022-10-14,138.15665240137147,138.15665240137147,134.06899513684334,134.76611328125,23365190
2022-10-17,134.3224662627327,136.2237043578519,133.72041269005,134.25909423828125,9520537
2022-10-18,134.9562491725306,136.25543404998186,134.06901480057314,134.5760040283203,13256574
2022-10-19,134.98792972025888,137.45954227977202,134.95623725537342,135.5583038330078,11595367
2022-10-20,134.70275945305198,138.15667107242277,134.5760024773763,137.8397979736328,16371066
2022-10-21,136.47721536541926,138.7270191005302,135.62166073854502,137.71302795410156,11634491
2022-10-24,139.2974095991404,139.58259021057617,138.53690647931413,138.69534301757812,1132859
2022-10-25,138.69533456230437,139.04390008267495,135.78010501468754,138.47352600097656,20622687
2022-10-27,138.9805075761733,142.49779025690583,137.74469509894635,141.89573669433594,24298489
2022-10-28,141.83240398790429,145.12787905351377,141.45214595498064,143.733642578125,11669879
2022-10-31,144.46243065510396,145.92005196682655,143.67024796255876,144.5891876220703,11755682
2022-11-01,146.17351834922724,149.50068486904155,145.6348368247383,149.02537536621094,15220278
2022-11-02,149.02537860353678,149.91262560681363,147.56775760575368,147.8529510498047,12884449
2022-11-03,147.66285622574628,148.04310134546196,143.67025023473514,144.52581787109375,9358215
2022-11-04,144.4941135193611,145.41304022421622,142.59287518358002,143.32168579101562,8059667
2022-11-07,144.0505082089296,146.96573798408954,143.48013408271166,144.49412536621094,14862038
2022-11-09,146.39533154296876,146.39533154296876,138.1883256896649,138.63194274902344,22831150
2022-11-10,136.88914995268755,139.51919869947938,135.30478479119813,136.19203186035156,16217631
2022-11-11,136.8891812991672,138.06160920842626,135.33650824279707,135.65338134765625,12123886
2022-11-14,136.88626406252902,138.67074967852398,136.4320366410689,137.1458282470703,18460862
2022-11-15,136.26983006795248,140.48770576053195,136.0427163249028,140.1632537841797,15258103
2022-11-16,140.1308024960392,141.1041584194717,138.5085426236517,140.87704467773438,9825807
2022-11-17,140.74723274973016,143.0508332512622,140.32544265165265,141.65570068359375,9449665
2022-11-18,141.6881561279297,141.9801707880512,140.71480033149055,141.6881561279297,5828998
2022-11-21,141.1366039121755,142.4344117642415,140.48769998614253,142.1424102783203,4712051
2022-11-22,141.78549573921566,142.23972316788448,140.74725218655624,141.33126831054688,4366445
2022-11-23,141.62324760334536,141.98014995713586,139.02763252699538,139.6116485595703,13510578
2022-11-24,139.77388122481202,143.4077398660904,139.57920480392966,143.24551391601562,7622243
2022-11-25,143.24550104349092,143.34283924518496,140.5525478738514,143.14816284179688,10989671
2022-11-28,142.20727117429684,144.18641985373932,142.20727117429684,143.6024169921875,4526153
2022-11-29,143.60242177170306,144.21887512473924,141.81793625272428,142.33705139160156,6476054
2022-11-30,142.337056142181,145.97091504353256,141.23392488351482,145.35446166992188,17317951
2022-12-01,145.35447103828253,145.90603670316506,143.08330742830935,143.9917755126953,13241961
2022-12-02,141.8179442694738,143.73220538088657,141.8179442694738,142.6290740966797,12880949
2022-12-05,142.564179036665,144.21888923329595,140.9419193152556,143.9917755126953,16477957
2022-12-06,143.76467190595102,145.4518194945111,142.36952580699364,145.030029296875,11299945
2022-12-07,144.6082198102595,145.4193496198324,143.050847935483,143.44020080566406,5813973
2022-12-08,143.926883793187,143.95932106553016,140.74725218655624,141.33126831054688,11176439
2022-12-09,141.7206023248796,142.0774915182801,139.9685540229753,140.94190979003906,6020031
2022-12-12,140.1632325327517,141.4610402413883,139.25476449630955,139.87123107910156,8194429
2022-12-13,139.87123226139752,140.68236208615167,138.24897261188923,140.35791015625,8235450
2022-12-14,140.357920070199,143.11576166915864,140.357920070199,142.23973083496094,10055353
2022-12-15,142.43440018299734,143.0184163093379,140.09834887961813,140.39035034179688,5385778
2022-12-16,139.51433045118114,141.5908175305916,137.95695854063183,138.34629821777344,11166617
2022-12-19,138.89787808783316,142.23972244311787,138.54097567999548,142.04505920410156,7758862
2022-12-20,142.04504889191665,142.04504889191665,138.80052979069418,141.00680541992188,6541929
2022-12-21,140.84458254537464,141.62326186590627,138.7680823539864,140.1956787109375,7005861
2022-12-22,140.2281349356842,140.8121511060138,138.11919718870473,139.51434326171875,6961415
2022-12-23,138.47606306303388,139.70898282996708,136.561789076959,137.08091735839844,4554651
2022-12-26,137.24314694169732,139.02763230382342,136.8862445884797,137.4702606201172,6864331
2022-12-27,138.18408892023982,139.6441227871209,137.43785994986595,137.9894256591797,13115851
2022-12-28,137.8920695458475,141.72060494069348,137.8920695458475,140.00100708007812,16815549
2022-12-29,138.89787580450445,140.4876849725929,138.5409734025339,140.00100708007812,22536873
2022-12-30,140.195695867527,140.64992332642663,138.37875962796068,138.67076110839844,4643134
2023-01-02,139.2223315101197,139.83878490990375,138.216525224174,139.54678344726562,5959394
2023-01-03,139.6765575513031,140.29301094495236,139.09254142985574,139.90367126464844,2873110
2023-01-04,139.7739011686701,139.7739011686701,136.5942694531177,136.951171875,9954542
2023-01-05,137.5027340195592,137.5027340195592,134.06353819459625,135.4911346435547,21273509
2023-01-06,135.06934622697815,136.46449221933807,134.6800065365944,135.03689575195312,11510471
2023-01-09,135.75069402565515,137.5351797956969,132.5386249203736,135.68580627441406,52485126
2023-01-10,136.20493090487932,137.85962792449158,135.6209147559641,137.43785095214844,17248326
2023-01-11,137.69739747810917,138.24897633538404,136.33470197621693,137.53517150878906,9164361
2023-01-12,138.5734203214278,138.8005340250455,137.1782744249444,138.5409698486328,21179555
2023-01-13,138.60586854233915,139.7414503521228,138.41120529613775,138.8654327392578,6560245
2023-01-16,139.51432132671815,140.09833740522637,138.0218372596395,139.9361114501953,8362194
2023-01-17,139.93612588287624,141.9152748171908,139.44944796758824,141.72061157226562,13000571
2023-01-18,141.6557102964535,142.85617973246096,140.422790388399,142.33705139160156,11171369
2023-01-19,141.9801567862251,143.56996581616514,141.88281857578394,143.24551391601562,11586815
2023-01-20,143.40777915963133,145.28960333651224,143.40777915963133,144.86781311035156,10112645
2023-01-23,145.35446097586657,148.1447527843213,145.06245952702056,146.06825256347656,14393610
2023-01-24,146.81450097669145,147.0416146913969,143.0833037143004,143.37530517578125,6150893
2023-01-25,143.21307391681816,143.56997631387168,141.33126331993992,142.3695068359375,5790331
2023-01-27,142.30463675650546,143.69976964075838,140.8121524406268,142.27218627929688,10458603
2023-01-30,141.46102143399534,142.01258699643813,136.62669364284616,137.4702606201172,24288177
2023-01-31,137.9569560950681,142.88862272273147,137.66495464288394,140.58502197265625,20997546
2023-02-01,146.00335829575457,146.00335829575457,138.6058521683733,140.52012634277344,20246369
2023-02-02,140.1632386798959,140.87703031055426,137.1458329845848,138.0218505859375,12820663
2023-02-03,138.3462830326059,139.6116533469051,136.52936033804656,139.41697692871094,10815686
2023-02-06,138.50852475691056,141.0392524717838,138.24897377239674,140.84458923339844,6948201
2023-02-07,141.46104004546183,141.59081553535268,139.5792162301486,140.7147979736328,10035526
2023-02-08,141.37902135305464,141.64471167438435,139.78489293864746,140.81443786621094,12432719
2023-02-09,140.81442960779117,142.1096512671517,140.81442960779117,141.37901306152344,7011082
2023-02-10,140.74802821347166,142.44177878891708,140.7148118534627,142.2093048095703,10892159
2023-02-13,142.2092794659217,143.80340770438866,142.14286027131257,143.47129821777344,7710133
2023-02-14,144.16873746747945,144.16873746747945,141.31259039945382,142.8070831298828,6010681
2023-02-15,141.6447018354367,142.9399234807899,141.47864708533655,142.4749755859375,8107497
2023-02-16,144.06910622584957,144.06910622584957,142.14286839073765,142.54139709472656,3963115
2023-02-17,142.14287868963405,143.4048976050133,141.4786596303367,142.01004028320312,6491149
2023-02-20,143.2056033016972,144.1355125369072,142.2756940664872,143.3384552001953,6841917
2023-02-21,144.5008590593044,145.29791651016026,143.504530488949,144.26837158203125,6701434
2023-02-22,143.47132380839275,144.33481403303873,141.47866653327617,142.5746307373047,9128659
2023-02-23,142.80708232490565,143.40488211642156,141.2129540520532,141.6446990966797,10345874
2023-02-24,141.08013352976693,143.07279074483827,141.08013352976693,142.84031677246094,9808830
2023-02-27,143.77021454552226,146.09498132689592,142.508209103634,145.59681701660156,17763618
2023-02-28,146.52671655259377,148.12084494076913,145.2979140394316,147.6226806640625,36559278
2023-03-01,147.15770478530754,147.62265261646752,144.4011936085406,145.39752197265625,12896085
2023-03-02,144.79974476122976,146.79240179922834,143.33846833879232,146.36065673828125,79708558
2023-03-03,146.39385870755925,149.74815628373935,146.39385870755925,147.5230255126953,9951869
2023-03-06,148.78505728276272,151.9733139156786,148.1208382770361,150.87734985351562,15659957
2023-03-08,150.74450693069377,151.67441629686058,149.91423312403964,151.47515869140625,11591495
2023-03-09,152.10614719689704,153.06925931738832,149.78138075502306,149.98065185546875,13941653
2023-03-10,147.62268864658128,151.54158387129706,147.62268864658128,150.4788360595703,9605434
2023-03-13,151.47512078666466,152.80355854488644,149.71493805430728,150.1798858642578,13209653
2023-03-14,149.54893521419018,151.2759021962629,148.78508053551215,149.58213806152344,9583405
2023-03-15,150.51202441297076,152.80358809723438,149.91422460344242,151.64120483398438,12228069
2023-03-16,152.4050562598405,154.69662010014787,151.67441800447327,154.19845581054688,18437817
2023-03-17,155.39405237881687,155.4272687391045,151.6412252906321,152.5711212158203,33711025
2023-03-20,149.6485562698472,152.37185165210468,149.6485562698472,151.10983276367188,9281411
2023-03-21,150.94375393236618,151.24264704957696,147.75549761879623,148.220458984375,11272787
2023-03-22,148.1208479547321,149.25001493281508,146.659571452087,148.8514862060547,7589846
2023-03-23,148.78506164921578,149.11717116182564,146.95845932986157,147.55625915527344,17091298
2023-03-24,148.12084928698553,148.95112310585876,146.65957277119713,147.72232055664062,10371666
2023-03-27,148.0544138932323,150.2795447817621,145.8292830047025,146.19459533691406,19983733
2023-03-28,146.9584421101273,148.1872444600857,145.26467838885412,147.5230255126953,8689166
2023-03-29,147.52304971462922,148.58579750208943,146.4935182854155,147.75552368164062,19743258
2023-03-31,148.78506339597783,150.61166573677667,148.12084436296007,149.9142303466797,10202058
2023-04-03,151.01019611084132,151.01019611084132,148.68542946977053,149.18359375,7643214
2023-04-05,150.51202989643315,150.51202989643315,148.58579200158516,149.8810272216797,12019382
2023-04-06,150.9105629301015,151.04341484839873,149.21681245877414,149.61534118652344,4282875
2023-04-10,149.5821047081546,152.37183245429372,149.44926632129673,152.1393585205078,4145643
2023-04-11,152.03973727826673,154.09881354970818,151.74083060935985,153.6670684814453,5106602
2023-04-12,153.7003005791493,153.79993614565572,150.8109502318962,150.9770050048828,9118795
2023-04-13,150.9770002809745,153.86635053782294,150.77772915419666,153.56744384765625,11428621
2023-04-17,154.49734643978033,159.34615085097062,154.2980888353574,157.18743896484375,21815047
2023-04-18,157.35347753236056,157.7520062137656,152.53788997425613,152.96963500976562,13482833
2023-04-19,152.1061646571706,153.7002931030168,151.87369068901148,152.73716735839844,8264190
2023-04-20,153.33496296379948,154.69661740373664,152.5379055197593,153.36817932128906,7308750
2023-04-21,153.96599679592694,154.33130920229928,152.50470662972003,153.79994201660156,5030650
2023-04-24,153.43459486548582,154.29808500392332,152.73715948339623,154.0655975341797,5725067
2023-04-25,153.63386178814432,155.36082850434536,153.20211673070148,154.6966094970703,8338703
2023-04-26,155.46047058973505,159.08045892604767,154.09881616218397,158.2834014892578,13581018
2023-04-27,158.08411215638245,158.28338324940225,155.09512684250126,156.7224578857422,9794457
2023-04-28,157.38669689916648,158.05091594244394,154.82945628526247,157.58596801757812,10585487
2023-05-02,158.54904895001113,160.17639339317864,158.2501558449234,159.4789581298828,6732907
2023-05-03,159.41258901278877,160.74102725456203,158.61553147315388,159.21331787109375,4789217
2023-05-04,159.18009278610884,159.87751465746803,156.0582552459115,158.64871215820312,9189783
2023-05-05,158.61552292766228,160.40890905200754,158.2169806657439,160.11001586914062,3896441
2023-05-08,160.6413737560198,163.5639402644749,160.14320947095032,162.56761169433594,8758321
2023-05-09,162.10265876607727,163.99568028822625,161.20595226975922,161.67091369628906,9166941
2023-05-10,162.83331818500722,164.69312359246817,162.46799226758452,164.49386596679688,9689409
2023-05-11,164.52704730425754,165.52337584307276,163.7964090785072,165.09164428710938,12616726
2023-05-12,165.29088789489288,165.78905212213098,160.17640723400936,160.57493591308594,13853807
2023-05-15,161.6709093576914,163.16540212668772,160.97347399339836,161.57127380371094,12187763
2023-05-16,161.77055044143424,162.43476947258188,159.4125674754318,159.81109619140625,11418509
2023-05-17,160.0103355010664,160.67455440018782,157.7187721909566,158.615478515625,11560929
2023-05-18,160.07679313809277,160.07679313809277,155.82578845992708,156.52322387695312,14497723
2023-05-19,156.5232167812034,157.7520192813121,154.0988146242712,155.2279815673828,10071694
2023-05-22,155.89220296471805,158.74835023632295,154.53056204363693,155.65972900390625,12566129
2023-05-23,155.46048001569838,157.12102770433617,154.9955185547368,155.49368286132812,12458561
2023-05-24,157.95128653538438,157.98448937785818,155.99183234089492,156.6228485107422,8877971
2023-05-25,157.884863815512,159.6118441677003,156.95496795026756,158.05091857910156,12502747
2023-05-26,157.98448347756906,158.01769983237273,155.9586236737923,157.61917114257812,6811801
2023-05-29,158.2169895019745,158.31662507301863,155.49369380367995,155.75938415527344,13638297
2023-05-30,156.68926329073014,156.68926329073014,155.22797339668887,156.1578826904297,9469926
2023-05-31,156.0914607330048,156.2242991239454,152.7703658237919,155.32760620117188,48104157
2023-06-01,154.72979939405744,155.49365389123108,152.8035752449707,154.7630157470703,8804790
2023-06-02,155.42724644804957,156.15788464744173,154.82944664361227,155.82577514648438,6617781
2023-06-05,157.05458898300714,158.08413391604006,155.95863836125287,156.49000549316406,27428302
2023-06-06,157.0545666963363,157.41989252746063,155.72612878471216,156.2907257080078,6898603
2023-06-07,157.2206474045447,159.44579208491356,156.85533502664836,158.88119506835938,11153571
2023-06-08,158.91441641189397,163.03256934190404,158.91441641189397,160.508544921875,19300834
2023-06-09,161.7705585526187,163.06578032287075,160.60817518982836,162.66725158691406,11037141
2023-06-12,162.7336761584703,163.69678842826514,160.20963822486937,160.508544921875,8188909
2023-06-13,160.7409887166215,161.70410080557022,160.37566288229235,160.90704345703125,6443218
2023-06-14,160.80741422014353,164.19492835471402,160.80741422014353,163.72998046875,10297426
2023-06-15,164.02887157469596,164.02887157469596,161.93659260022113,163.69676208496094,9732749
2023-06-16,163.66355924412926,164.2945618691979,162.40154048042226,163.69676208496094,9702361
2023-06-19,163.69676482691486,164.9255807703731,161.00668602314371,161.4716339111328,10431647
2023-06-20,161.96981128421262,165.85548999147798,161.90339208248272,165.2244873046875,13426365
2023-06-21,165.25769489768905,172.06593974212504,165.22447854180027,171.5013427734375,31172093
2023-06-22,171.36851969389744,171.36851969389744,167.84815322498957,168.41275024414062,7430965
2023-06-23,168.4459520281205,169.14338745116493,165.75587292545944,166.12118530273438,5593393
2023-06-26,166.05478513168856,166.22083991682027,164.1617632839019,165.05845642089844,7305362
2023-06-27,164.7927337022179,166.08796888004824,164.49384055310264,165.755859375,11142907
2023-06-28,166.58613348791903,167.71530040202927,163.69676997706736,166.15438842773438,17808717
2023-06-30,170.37220274476,172.49769850417792,166.8518360350533,169.4755096435547,17659979
2023-07-03,169.0769483792216,169.34262516290318,165.72263709275785,166.38685607910156,12467239
2023-07-04,167.71530033527765,167.71530033527765,165.5233721927944,165.7890625,8637967
2023-07-05,165.8554874814755,168.67841837762825,165.72264908002606,168.21347045898438,5340907
2023-07-06,172.663738776444,175.08814104162735,168.9773311115174,174.49034118652344,16705046
2023-07-07,174.39069383338955,174.39069383338955,169.17656417218362,169.6747283935547,13149183
2023-07-10,169.674767830655,170.3057840991989,165.05845037841797,166.05477905273438,15319047
2023-07-11,167.38320326946192,169.64155077819274,166.0879815067339,168.37953186035156,7486045
2023-07-12,168.71163405996498,169.2097983337641,166.81861252224252,167.41641235351562,9390877
2023-07-13,167.21713088250075,167.5160240228409,160.54172462158465,161.4716339111328,30591450
2023-07-14,161.4052262796872,162.33513563586462,157.22064093367436,159.44578552246094,72085831
2023-07-17,161.07311074664483,162.70044192401784,158.88118259703552,160.0767822265625,11474161
2023-07-18,160.07678656172,161.87017254100806,159.14687721507886,160.17642211914062,14940593
2023-07-19,160.07678103471463,163.53071447318908,159.7778878863435,161.57127380371094,22954874
2023-07-20,162.0362330285031,163.29825193545784,160.94028239883545,162.23550415039062,10249082
2023-07-21,161.5712807789763,163.59715424761484,160.87384538457394,162.1358642578125,18466409
2023-07-24,162.1026585561119,164.82595385756824,161.30558761748057,164.36099243164062,14825562
2023-07-25,165.35732874169338,167.05109274151903,164.8259616045351,166.81861877441406,10500017
2023-07-26,168.64521679872274,169.80760011762,166.05475984246607,166.71897888183594,12898171
2023-07-27,167.3831892083413,168.31309851776834,165.8554800918847,166.5196990966797,10836773
2023-07-28,167.25035192532886,173.46079695875883,166.1211715015241,171.5013427734375,17518458
2023-07-31,174.0254070730885,177.34650262791845,172.1323853095499,176.7154998779297,24269734
2023-08-01,174.02537940127374,174.02537940127374,166.38686083976745,167.25035095214844,31395702
2023-08-02,167.98099434695936,168.57879417296263,163.7964090785072,165.09164428710938,20825405
2023-08-03,165.390540037215,166.45328779257127,163.46430212924813,165.19126892089844,10882019
2023-08-04,164.72633128490008,165.42376672197855,163.79642187331936,164.29458618164062,7406390
2023-08-07,165.25769695128955,165.3573189930532,163.39787829695294,164.69309997558594,6345966
2023-08-08,166.08135564578987,166.08135564578987,162.9662748703205,163.54188537597656,15171726
2023-08-09,164.55768442406995,164.8962804825557,162.35681004391265,162.76312255859375,18442141
2023-08-10,162.898566022891,164.32066668486988,162.5599699711099,163.74505615234375,9962450
2023-08-11,166.25067439306707,166.7585685103575,164.4222610818254,165.43804931640625,23866073
2023-08-14,165.81048555258374,166.11523026890987,163.03400065416207,165.57347106933594,9188486
2023-08-16,165.6411724502907,168.38380576008134,164.59153304071597,167.9774932861328,9191471
2023-08-17,167.97750439398737,168.48539846438538,164.01591962287577,165.03170776367188,15301142
2023-08-18,164.99783920483563,164.99783920483563,162.59380201152155,163.20327758789062,12292241
2023-08-21,164.08367058789798,167.74049733483426,163.67734425822937,167.4019012451172,9129526
2023-08-22,167.94364519281245,169.3996110013971,167.06328992878207,167.80821228027344,11107830
2023-08-23,169.29802498121384,169.29802498121384,167.40188159042083,169.0271453857422,8487619
2023-08-24,169.29802468797234,171.09258650516654,166.4538233842178,166.79241943359375,18982087
2023-08-25,166.69081217877454,167.53730217178324,163.47415020534146,163.88046264648438,12851343
2023-08-28,164.55768516126054,168.62083788129166,164.25295421826178,168.28224182128906,11908665
2023-08-29,169.02714422666247,171.32960010611993,168.34995213138137,170.07679748535156,12363321
2023-08-30,170.1783826065089,170.3815319728276,166.89398985384852,167.33416748046875,6748007
2023-08-31,167.84204047729608,169.02712651989197,164.93012303913605,165.60731506347656,20715819
2023-09-01,167.2664483943139,171.05872139188168,166.04749710553818,170.787841796875,13120723
2023-09-04,171.7359132151329,173.69977305389503,169.8397836081452,172.95486450195312,10240031
2023-09-05,172.88716837358078,174.0383895639727,171.32962085480577,172.20997619628906,10893186
2023-09-06,173.83519974099406,174.20766089238916,170.75398407334777,172.3453826904297,10018473
2023-09-07,172.00679948264985,174.51240483025177,170.7539968088489,174.0383758544922,13760453
2023-09-08,174.88486685357265,176.95030835258558,174.10609315177226,175.15574645996094,16781751
2023-09-11,176.3069596136131,179.45590561864958,174.44468134775917,179.1173095703125,17683806
2023-09-12,183.29333565817825,184.42198920287143,172.14223312560563,172.72914123535156,29826173
2023-09-13,174.44467163085938,175.70877174074343,172.72912392584752,174.44467163085938,10692151
2023-09-14,175.34760937490358,176.65684471203355,174.89614796365126,176.20538330078125,10941807
2023-09-15,177.10830497083302,177.15345386716623,173.5417626006491,175.25732421875,20516593
2023-09-18,176.29566955045826,181.03601405821703,175.2573138835714,180.6748504638672,25627043
2023-09-20,179.41075428475395,185.9569444636259,179.1850235889308,184.78314208984375,33369524
2023-09-21,185.09916774510071,185.5957780238209,180.94571749445132,182.02923583984375,20332556
2023-09-22,181.081162510086,183.20302273235347,177.33402478468557,179.8170623779297,21193988
2023-09-25,180.5845597006853,181.1714540087091,177.60491171012228,179.59133911132812,11951847
2023-09-26,179.77191860075874,180.6296924270517,178.41753452424126,179.0947265625,7440011
2023-09-27,179.9525165098434,180.2233961049151,178.14667091271002,179.99766540527344,6736870
2023-09-28,180.6748397583687,184.60254527985063,178.59811477013895,181.26173400878903,50185120
2023-09-29,181.4423609672788,182.3001349997172,179.7719618046379,180.35885620117188,16293959
2023-10-03,179.45589695794575,180.58455039793284,177.78548435576175,180.17823791503903,10830728
2023-10-04,179.59134283227536,180.0428042408809,176.4311129720367,179.681640625,14120040
2023-10-05,180.13308838036264,180.13308838036264,176.3859644839547,177.51461791992188,14575590
2023-10-06,177.87578006250487,178.28209254064868,175.93450167942478,177.92092895507812,12857229
2023-10-09,177.4243085533191,177.78547211825185,174.94127115626245,177.19857788085938,7853369
2023-10-10,177.19858514523906,179.2753101725064,176.7019748899675,178.73355102539062,7440527
2023-10-11,178.19179276566277,179.81704253442726,178.19179276566277,179.2301483154297,10031916
2023-10-12,178.19180230619352,182.39038739614145,178.19180230619352,181.26173400878903,21872719
2023-10-13,180.99087231864672,182.75156902133705,179.95251661071637,182.20982360839844,13105921
2023-10-16,180.8554479037067,184.0608267464583,180.6748660909128,183.33848571777344,18336656
2023-10-17,183.78992226805696,188.7108483327148,182.9321484402279,187.0404357910156,19378328
2023-10-18,188.2142642972479,188.2142642972479,184.19626039223292,186.4535675048828,14923328
2023-10-19,184.19623899771256,187.26617080333807,182.5709753098783,185.82150268554688,13192888
2023-10-20,185.2797428556316,185.2797428556316,181.39717233147573,183.1578826904297,22081120
2023-10-23,182.39043280418883,185.2346345374083,179.68166400016622,180.35885620117188,6988219
2023-10-25,179.68164100742578,180.99087633966656,178.5981363799682,180.1331024169922,16817158
2023-10-26,179.45590806209387,180.58456157191836,177.2437499383396,179.63648986816406,11070090
2023-10-27,179.90735587543875,182.20981161705004,179.81705809047062,181.44232177734375,9995487
2023-10-30,181.4423195288026,182.5709729393793,178.46267176937872,181.35203552246097,7679981
2023-10-31,181.93893883818225,183.2481741040968,181.08116495896292,182.5258331298828,7474770
2023-11-01,182.70642187935957,182.70642187935957,181.0360093000024,181.44232177734375,5598615
2023-11-02,182.1646851152508,183.8802330204502,181.39719518120884,183.38363647460935,12924797
2023-11-03,183.6544808194656,186.45354683993008,183.38361501797547,184.55740356445312,8684015
2023-11-06,185.0991901921603,188.66573280865367,185.0540412927091,187.9885406494141,9804415
2023-11-07,187.9885194219745,188.8011581878057,185.77636137375464,187.8079376220703,10730361
2023-11-08,188.7108749905646,189.2526342096752,186.5890007894756,186.905029296875,7435543
2023-11-09,187.17590520776665,190.0652555050735,186.09240056846517,189.43321228027344,13777877
2023-11-10,190.0652206479497,192.3225273064764,189.25259576188267,190.6521148681641,12066023
2023-11-13,191.41962639613783,194.21869248180155,190.2458240448109,191.6905059814453,11352269
2023-11-15,194.12840291336505,194.12840291336505,189.4332070867761,189.7492218017578,19182861
2023-11-16,190.2554617338995,192.23442153364775,189.3350192349016,190.71568298339844,27533260
2023-11-17,191.17590333731636,193.9372308213744,190.4395465326,192.83270263671875,16705395
2023-11-20,193.3849774241698,194.39745576065033,192.23442428396137,192.64862060546875,11156900
2023-11-21,193.29292924719584,193.43099000729424,191.40601927176743,192.3264617919922,9608081
2023-11-22,191.6361273055209,195.68608276654356,191.6361273055209,194.76564025878903,13079580
2023-11-23,195.1798399610018,196.1463074198616,192.602598085655,194.1213226318359,11382709
2023-11-24,194.48951987209352,195.2258767447173,192.83272041989983,193.70713806152344,7250200
2023-11-28,197.38888551491547,197.38888551491547,192.83269808278612,193.4770050048828,15629209
2023-11-29,193.56906751425765,194.6275708093564,192.46453928353748,194.2593994140625,10062023
2023-11-30,193.6611006373504,195.87017111279275,191.68215483680257,192.3264617919922,60354322
2023-12-01,194.67358302868385,195.54800056901777,192.78667315017117,193.4770050048828,20719909
2023-12-04,194.8576757808651,197.0667462229573,194.8576757808651,195.9622039794922,27914088
2023-12-05,196.6985537356904,205.4887821646929,194.7196080360259,204.61436462402344,40709207
2023-12-06,208.02000057390455,208.25011119400844,204.7984518924503,206.5472869873047,29544730
2023-12-07,207.0995695694633,213.91083868403476,206.40923767089845,211.7017822265625,24534268
2023-12-08,213.3585754380649,214.8312750189557,208.43420241906983,210.4131622314453,22206320
2023-12-11,209.86089970102816,214.37106254157973,208.52626082330073,212.57620239257812,19106395
2023-12-12,211.7017786992191,214.7392418112625,211.24155744117732,212.9443817138672,14355329
2023-12-13,212.62221639790184,218.6050926168904,212.25404501774537,218.09884643554688,26878281
2023-12-14,218.3749777297947,218.69713821477052,212.71426211258435,213.63470458984375,29972018
2023-12-15,216.30399544325704,219.1573729159758,209.07851593498305,218.467041015625,41341690
2023-12-18,218.05282550106932,218.05282550106932,213.0364166190341,213.40460205078125,29051897
2023-12-19,213.68073235471863,215.7517280921232,212.48416827564475,214.9693603515625,12612164
2023-12-20,216.25796071731955,216.67215702981113,208.20408891116924,209.07850646972656,20400245
2023-12-21,206.59331814636985,214.64719009272403,204.98254375709897,213.8648223876953,17755207
2023-12-22,214.463083540866,215.56761163425503,212.1619774942902,213.31253051757812,9735375
2023-12-26,213.54267523870345,217.04035979727067,212.66825761027135,214.7852783203125,6772092
2023-12-27,216.30398297743727,217.08636470401413,214.0028767755496,215.4295654296875,10231881
2023-12-28,216.3960346123139,220.86017225356417,215.475592124035,220.0778045654297,39164340
2023-12-29,218.8812200692313,219.295416367779,216.07386775377176,218.32894897460935,12665999
2024-01-01,218.9732649224123,220.44597853893748,217.5926011737342,219.29542541503903,5952776
2024-01-02,220.906191777152,220.9982416416608,217.36248266612523,218.92724609375,9128513
2024-01-03,217.22442006142265,219.7096118887511,215.9358062383152,218.19088745117188,8284439
2024-01-04,219.06533586683796,223.75959868192015,218.1909182175138,222.24085998535156,19663959
2024-01-05,222.74707929383905,225.50840672310153,220.26188741647036,222.05674743652344,16345257
2024-01-08,223.1152552736667,225.73852200356993,221.27437028281187,223.0692443847656,13585746
2024-01-09,223.2993594400289,225.1862553572305,222.28686705703055,223.02322387695312,8688409
2024-01-10,221.8266339920783,222.8391263211805,219.06530659798605,220.12380981445312,16872195
2024-01-11,221.13631558733093,223.75958238913265,220.16984813167568,222.70106506347656,18812468
2024-01-12,223.20729600113967,223.34535675186524,219.8016617164815,220.4459686279297,11296498
2024-01-15,221.2743441133931,222.28683635655415,218.14484561699103,221.9646759033203,12597366
2024-01-16,222.42491072362483,223.1152425558457,218.78916588289573,220.03176879882812,7478450
2024-01-17,219.52552341889248,222.01071521466724,218.7891666529644,220.1698303222656,13620300
2024-01-18,209.17053353930245,216.94826894114755,208.0660054780952,214.8772735595703,25522629
2024-01-19,216.30397829181155,218.09883828143575,213.91082227575447,216.67214965820312,20931080
2024-01-23,221.82663950544463,227.16520874234408,217.454537689466,219.019287109375,27492163
2024-01-24,217.36248078813864,227.34928707304752,216.30397757962012,226.61293029785156,28309825
2024-01-25,225.2782960724685,228.9140410448544,223.75957160452177,225.9686279296875,20651484
2024-01-29,225.9226072136926,234.71283583531613,225.64647165668347,233.74636840820312,26181011
2024-01-30,233.79241057515125,236.50772736691485,231.4913041718525,233.88446044921875,16031367
2024-01-31,233.79239654446377,239.31505158094717,232.31968291679965,238.6707305908203,34369455
2024-02-01,238.39459746991125,249.3938961180029,237.7502765111497,244.65359497070312,29929092
2024-02-02,243.45704516061815,259.0125180425485,242.95081301335696,255.05462646484375,33900724
2024-02-05,255.42280438749796,266.37606497572915,253.0296481698959,260.3931884765625,27440927
2024-02-06,260.3931883000476,260.3931883000476,250.63649178239277,252.43136596679688,29668277
2024-02-07,250.4523989499213,252.5694053717639,245.57403705877903,246.632568359375,27335466
2024-02-08,249.25581489216967,265.13344783422536,249.25581489216967,254.22622680664065,69776717
2024-02-09,256.43529121551643,257.21767297400424,247.6910872916937,251.2808074951172,24496638
2024-02-12,251.46489894856467,254.04212667900316,245.067812421321,248.79559326171875,19140023
2024-02-13,248.79558364065517,249.30184384326515,243.22691803966595,248.74957275390625,22031847
2024-02-14,248.05925852487627,253.1216923723227,245.75815223058245,251.87908935546875,13546941
2024-02-15,254.54622554489833,265.1679211829919,253.9379406442464,263.5769958496094,25475670
2024-02-16,263.90454439048983,264.74678722455343,255.76279702280092,256.9325866699219,25129188
2024-02-19,257.4472759429957,260.44191989333854,255.76276194657132,258.6170654296875,11429901
2024-02-20,260.48875275484346,270.22139647444055,259.88046787724045,269.4259338378906,43053543
2024-02-21,269.09839387214606,270.8764969493412,261.33100218700224,262.12646484375,24651085
2024-02-22,262.12648502335446,265.30830733597855,255.71603167391936,264.466064453125,26793590
2024-02-23,264.4192337373513,266.89921057410527,261.09704264710945,263.8577575683594,14313526
2024-02-26,264.79360579122994,272.7949558513058,263.9513343665326,269.3323669433594,31012494
2024-02-27,265.8698229506962,274.57304736055175,265.8698229506962,273.7308044433594,36510093
2024-02-28,272.7949562535875,274.8069888125478,260.5355545660051,261.61175537109375,18824161
2024-02-29,261.6585288984785,266.7120139777734,256.7921930091932,264.6999816894531,35043015
2024-03-01,266.7120127238247,270.8296661557682,266.33768578625074,269.23876953125,15149735
2024-03-04,269.5194930840113,277.94197724288665,269.5194930840113,275.7427673339844,23131460
2024-03-05,273.3096281636759,276.4914786933653,271.15722674353646,276.0703430175781,13220556
2024-03-06,271.67193955654477,275.9767712226256,268.1157904093969,274.8537902832031,15969436
2024-03-07,275.134502695902,279.7200720289706,272.32700777043357,273.8711242675781,14908694
2024-03-11,269.89384099081695,273.21606046966036,266.1505144068685,267.2267150878906,19020659
2024-03-12,266.6184285645739,270.12779721510617,264.60639625013175,266.8523864746094,17906155
2024-03-13,265.12111978315926,265.68262453746604,245.000737428948,247.34031677246097,39389523
2024-03-14,247.10634380305163,251.17721732493757,243.97133052094708,249.25877380371097,26005940
2024-03-15,250.89650834249167,254.54624660772376,241.1170547237244,248.8844757080078,43817794
2024-03-18,248.88443478606737,249.53949979506808,242.84830931576457,247.90179443359375,12423655
2024-03-19,245.32826564879187,249.39913910972564,241.72530802108463,242.38040161132812,20031514
2024-03-20,243.2694549498312,248.13576251643707,242.33362327633205,247.6678466796875,11308487
2024-03-21,250.61571937054396,256.88580322265625,249.96065431212384,256.1839294433594,23559105
2024-03-22,256.18390924586885,260.39515158963655,253.93791904105572,258.0555725097656,22097588
2024-03-26,252.76818323885652,256.5115105624699,249.0248559152431,252.72137451171875,28477120
2024-03-27,253.61036675071188,255.29485222791337,251.92588127351036,252.9084930419922,18094214
2024-03-28,254.5462055870865,261.5649428734951,254.2186588018577,259.13177490234375,26646830
2024-04-01,262.7347224468965,263.53018502102066,259.8336387667866,262.1732177734375,8945400
2024-04-02,261.3310172686597,263.6238164893727,260.62914345325595,261.61175537109375,13229425
2024-04-03,262.1732450050164,264.9339599433418,260.6759085733707,262.12646484375,14499308
2024-04-04,264.65320699101824,268.30297365678103,257.4005109418164,259.83367919921875,23722104
2024-04-05,261.98610932376937,261.98610932376937,257.49409979696486,260.5355529785156,9308711
2024-04-08,262.54755336019116,265.9633616699896,261.1438059099118,263.6705627441406,14473340
2024-04-09,264.7000003723727,266.1037479134396,262.96870602652683,263.1558837890625,5780865
2024-04-10,262.0328909409394,267.03959653328184,262.0328909409394,264.41925048828125,8809693
2024-04-12,263.4366251627604,266.1973401183883,257.02617226665217,257.5876770019531,17731780
2024-04-15,252.90848158756,258.4766908482731,251.1771874726003,256.4646301269531,13378690
2024-04-16,255.48206579022332,257.8684253106904,253.844360240286,256.65185546875,9662195
2024-04-18,269.42594067896187,271.2976040786897,259.88047447594,262.12646484375,51039603
2024-04-19,260.25480469729075,264.1385005884101,257.07298258984304,263.5769958496094,18755469
2024-04-22,265.7762162570418,266.431309903938,263.6238146617861,265.44866943359375,14965203
2024-04-23,265.4486559851492,268.72406693505064,262.68796960582245,267.0395812988281,11464036
2024-04-24,266.7120177783812,273.1224702333387,266.15051308172156,271.7655029296875,19324163
2024-04-25,273.26286134405956,275.6024406363888,270.68932412249734,274.47943115234375,22022414
2024-04-26,275.36845892652474,277.1465333232782,272.74814176913173,273.4967956542969,15581578
2024-04-29,273.5436030149001,275.69603312759943,271.01687448171117,274.8537902832031,9804396
2024-04-30,274.8537817978874,284.82038369407576,274.2454683452475,282.4808044433594,33288857
2024-05-02,282.574344413703,296.892555525983,282.48075554801045,293.4767761230469,44059506
2024-05-03,291.9794599080909,295.81637518925874,288.4700913995802,290.90325927734375,27074447
2024-05-06,290.2949843129584,290.8564604459498,283.6505739991819,287.1599426269531,16855909
2024-05-07,287.30031250413447,288.5168822082761,275.6024170438684,276.3042907714844,13857464
2024-05-08,273.2628384015418,283.41661738962654,273.2628384015418,282.62115478515625,18754452
2024-05-09,283.3230401897397,284.82037658468664,276.30430261278497,277.14654541015625,11196567
2024-05-10,277.2400832941503,284.9139130571558,277.2400832941503,284.2588195800781,11786977
2024-05-13,284.68002966160225,287.9086320622395,278.5035344021713,286.87921142578125,11710605
2024-05-14,288.236155233175,292.91531359734995,288.0021973149663,289.40594482421875,9957875
2024-05-15,290.10778709518894,296.003514570495,289.03158650008555,294.6465759277344,11397656
2024-05-16,294.3190816894531,295.34850231342614,285.70941827353835,292.4474182128906,19843532
2024-05-17,294.6933693861632,295.7227898729001,290.80967390191046,293.0556640625,9069551
2024-05-21,291.04361347624035,306.4380539729048,291.04361347624035,304.7535400390625,21976662
2024-05-22,306.71886202269854,306.71886202269854,299.6533435966279,304.8471984863281,10287081
2024-05-23,298.95142098480017,300.12121050413447,289.17196917943966,299.3725280761719,35705284
2024-05-24,297.59448569933596,302.22686411743945,297.03298095785107,298.3431396484375,15058182
2024-05-27,300.8698592112212,300.8698592112212,294.31903801533144,297.54766845703125,12857918
2024-05-28,298.5302863559688,298.99820216530424,291.9794650252736,292.7281188964844,10935739
2024-05-29,289.2655629616654,298.24955233447344,289.2655629616654,297.313720703125,16812268
2024-05-30,294.41265696391986,297.26693220999215,284.30565752215614,287.01959228515625,22768893
2024-05-31,288.7508208792296,291.51153544764367,286.0837237394385,290.1077880859375,36929443
2024-06-03,313.50360286385313,326.3245078972354,304.7067910625215,315.9835510253906,55218939
2024-06-04,313.4568145129152,313.4568145129152,261.7988973405007,276.9593811035156,73262478
2024-06-05,277.28688589238226,281.732085899981,261.28418871247743,279.62646484375,45312613
2024-06-06,283.9313407608043,291.46480331203435,278.9714440226819,281.170654296875,36508044
2024-06-07,278.9246268860088,290.71611202314534,277.75483726048566,289.4995422363281,38016104
2024-06-10,292.91529690280396,302.60115987646884,291.60513834737,295.5356140136719,25478964
2024-06-11,295.91000005736277,299.18541106374397,294.9273596198579,296.2375183105469,12238518
2024-06-12,299.3725485460228,306.11054806183057,296.56505350765565,303.8177490234375,20346144
2024-06-13,306.0169437346831,306.9059952090144,300.0744071582475,300.8230895996094,11756503
2024-06-14,305.0811154378888,305.0811154378888,298.85784072747595,300.869873046875,14159988
2024-06-18,301.3378025613796,311.1640352535985,301.3378025613796,310.5089416503906,21653702
2024-06-19,312.5678138280345,313.3632765511374,304.5196548259877,306.2977294921875,14235150
2024-06-20,306.48489720686337,307.23355118089324,301.61856069771403,303.72418212890625,11749507
2024-06-21,305.736236588112,308.4501428841355,302.2736477750116,305.03436279296875,17209541
2024-06-24,302.3672562592005,312.5678170312919,301.85253164047333,311.585205078125,18044357
2024-06-25,313.50359187427057,313.50359187427057,304.8939295692215,306.3912658691406,13979671
2024-06-26,304.80037442129,309.0116167715787,304.0985006962419,305.7362060546875,12946277
2024-06-27,307.4674685081239,311.16401484504655,303.53699282461736,310.27496337890625,27061015
2024-06-28,311.63194446621674,315.7028179211071,308.4501225168633,309.7135009765625,21676594
2024-07-01,309.76032359372624,310.4621974387271,304.37929078205275,308.4501647949219,11959181
2024-07-02,308.8712463304412,312.94212000543337,306.9995828991176,309.5731201171875,12684459
2024-07-03,309.85390520099145,315.2817180510087,307.9822416583208,313.6440124511719,9369793
2024-07-04,315.3752643642141,316.9661895844363,312.47418055285823,313.50360107421875,12878827
2024-07-05,313.5035929188787,318.0891621482173,311.4915606463369,317.6212463378906,10894118
2024-07-08,319.11858264279897,319.11858264279897,315.2348871289504,317.6212463378906,7828162
2024-07-09,318.1827714469966,320.38198160856706,316.4046969654796,319.25897216796875,9214579
2024-07-10,320.9902984875874,325.48227957913787,313.9715601824652,323.8445739746094,10662609
2024-07-11,326.13735278695475,326.37131071578324,320.05444663741326,320.8031005859375,12642065
2024-07-12,320.80309565881504,323.70417964359524,318.2763672018648,321.0838623046875,11380570
2024-07-15,323.23626379673215,323.23626379673215,318.36995608737533,321.7857360839844,5277531
2024-07-16,320.7562934872131,324.73357794329087,319.58650394130785,320.4755554199219,11363095
2024-07-18,320.054443359375,322.5812003885706,315.32850466916955,319.3525695800781,13908161
2024-07-19,317.7616408982089,319.91407093422737,309.76029132251716,310.88330078125,12937990
2024-07-22,308.82446128949834,317.62127356588127,308.35654543905974,316.87261962890625,10678640
2024-07-23,317.34051648436275,318.6506750753056,300.4955468768576,312.8017272949219,15954324
2024-07-24,309.66667737446494,317.05974146127835,309.10517269055066,315.515625,12573882
2024-07-25,309.2456052861565,320.61595504540355,309.2456052861565,317.6680908203125,16271884
2024-07-26,318.5103235078311,323.37663119239386,316.7790291580287,322.11328125,11468068
2024-07-29,317.99560055242785,323.70417963996675,316.07715698924727,320.3819885253906,31849674
2024-07-30,322.8619316842441,334.0451317561641,321.27100639424725,327.3539123535156,25813219
2024-07-31,325.9034085819774,328.14939908144675,320.6159648796612,325.85662841796875,17976593
2024-08-01,328.6172961573488,339.2389916776005,327.6814644561692,337.9288330078125,26792459
2024-08-02,335.02776081646897,337.8820361818206,331.2844338799721,335.26171875,13771470
2024-08-05,330.11463757703956,332.0330811697064,319.58653077975623,320.8031005859375,13566586
2024-08-06,320.8030870665064,328.289740473513,317.48089604087374,318.8846435546875,12273667
2024-08-07,323.65739437276005,329.92744953448977,321.364595317924,329.45953369140625,12441847
2024-08-08,332.2202783142611,332.2202783142611,319.35259147814537,320.6627502441406,15489731
2024-08-09,325.57583448292706,326.5584748786621,322.20683473628014,323.7977600097656,8720610
2024-08-12,320.990266489176,321.7389204100306,317.71485560663336,319.25897216796875,12521136
2024-08-13,315.3752713705005,320.4755653727706,313.6439770769298,315.3284912109375,10435954
2024-08-14,315.3752642721608,316.63864270440195,311.1640218709005,312.099853515625,12385993
2024-08-16,314.2229963376203,320.40364735948657,311.9583318530998,319.5072326660156,13013828
2024-08-19,323.3288540283768,323.94219646357095,320.16774603558054,321.1113586425781,5891370
2024-08-20,321.2529102360198,323.32884060718095,319.69592646168604,321.3000793457031,6393840
2024-08-21,320.8282832549824,321.7247267416092,317.1953689940644,317.66717529296875,10118601
2024-08-22,317.05382058149326,318.65797345433384,311.86395149459383,315.1665954589844,18370039
2024-08-23,315.7799479809891,317.95027421946645,314.55326313076745,317.28973388671875,7494822
2024-08-26,317.4784802237783,322.24371247668665,316.91230688759805,319.1769714355469,7993675
2024-08-27,319.88473264791105,322.1965954792689,316.11028152522186,316.4405517578125,9589690
2024-08-28,316.4404931445404,319.79030637674106,314.93070721576225,315.59124755859375,8790600
2024-08-29,313.75119442490615,316.95947155591176,310.25981623139404,314.5060729980469,17653536
2024-08-30,316.1102438032537,321.6303836708144,315.21380024987843,318.3749084472656,22713812
2024-09-02,319.31848244588133,320.73390127657825,315.3553269979917,316.6291809082031,9789776
2024-09-03,317.05385110139144,318.89390729167116,315.16662579721645,315.77996826171875,8434423
2024-09-04,312.52450743550423,315.82715156505975,312.33577339510674,314.1286315917969,9025610
2024-09-05,313.6096960692754,315.44972361174393,311.0147610659588,312.57171630859375,13912371
2024-09-06,314.2701711870217,314.31736909602694,306.6741011240426,311.20343017578125,23755639
2024-09-09,309.22184762458505,310.63726646547246,305.30583246071376,310.0238952636719,18597200
2024-09-10,308.56131183850994,316.3932846875682,308.56131183850994,315.3081359863281,15472387
2024-09-11,317.9030926539696,318.23336283732135,313.27939647736304,314.4117431640625,10134008
2024-09-12,315.96868330605145,319.8846698173223,314.4588973941671,319.1297912597656,18410837
2024-09-13,320.63953792329755,322.00778766063695,317.14818871243847,318.23333740234375,10417461
2024-09-16,318.23335880750386,322.24371247668665,318.04462476318645,319.1769714355469,7748570
2024-09-17,317.71437093172375,320.8282809635439,315.638411712663,317.903076171875,11451846
2024-09-18,319.4128609002713,319.7903001759544,314.31735868662264,315.4496765136719,6583254
2024-09-19,317.24255222149435,319.27131345354724,314.3173475442979,316.0158386230469,10589610
2024-09-20,319.08254491920945,323.611901967363,315.8742683414133,321.63031005859375,31236123
2024-09-23,322.71552866617293,323.18733499463224,321.0642065165653,321.9134521484375,6542941
2024-09-24,325.1217150884182,331.2080279759151,323.04578461278606,330.31158447265625,26145769
2024-09-25,333.89731595889504,345.5981061483167,332.4818970941238,343.23907470703125,40770462
2024-09-26,343.52215054286194,345.45657362294673,337.0584273637651,344.8432312011719,18733959
2024-09-27,341.77651233745024,342.8144632119609,333.4255346503048,334.2747802734375,33148043
2024-09-30,334.2747566875096,337.2943284642278,329.9813309643599,332.9537048339844,16356171
2024-10-01,331.302357622518,335.92605315661206,330.2172089966748,331.0192565917969,9856291
2024-10-03,323.6591139908489,330.17003501440104,323.2816747193099,324.7442626953125,19350466
2024-10-04,323.659120054448,327.85820762051003,318.7051539311656,319.7431335449219,20121706
2024-10-07,320.8282745930665,320.8282745930665,306.6740860080783,310.4013671875,13851446
2024-10-08,308.84441700126683,312.33579541739124,304.1735515381948,308.702880859375,21148292
2024-10-09,308.5613153904473,313.09064428114004,307.14589651250947,311.15625,9228363
2024-10-10,311.5808704303834,319.0354036940527,311.4865034175736,315.4968566894531,20773976
2024-10-11,315.59124958467544,316.4404951760742,310.9203556368248,311.4393310546875,6098468
2024-10-14,311.43933261915726,312.80758243206355,309.31620423160933,312.0527038574219,5944216
2024-10-15,314.64765219585985,314.64765219585985,309.033145364423,311.2506408691406,12415489
2024-10-16,312.9963178286282,313.892732540298,306.62693263842027,308.75006103515625,22085298
2024-10-17,309.9767576590921,313.1850349318255,306.2966740581104,312.4773254394531,17039729
2024-10-18,312.80759316523864,315.0250886498973,309.7408520557755,313.3265686035156,10569021
2024-10-21,314.2230146133262,314.9307241056986,310.8732012014729,312.4773254394531,8745904
2024-10-22,314.1285949366457,316.72352930706927,302.94678107201247,304.5509338378906,11219831
2024-10-23,301.2011489798403,303.7488856840618,296.1528158852197,299.03082275390625,12541589
2024-10-24,297.4738475872849,302.71088556614893,297.4738475872849,301.1539306640625,8327779
2024-10-25,303.3714313614416,303.3714313614416,295.58662791281984,297.9928283691406,12979410
2024-10-28,296.7661514504143,302.3806577262924,293.2276043345509,300.35186767578125,9610615
2024-10-29,298.27594732973336,303.08837732828067,296.4358912489805,302.4750061035156,15856332
2024-10-30,300.5877464144733,307.0514977140632,298.8892554554541,300.493408203125,14498110
2024-10-31,302.3334677062385,304.50379393864205,299.92726712339487,302.7109069824219,9900390
2024-11-01,304.26790999130446,304.5038131534014,301.95604748404565,303.89044189453125,847672
2024-11-04,306.24948043062903,306.3910453685019,294.0297136361498,297.6626281738281,9249409
2024-11-05,294.73738832668425,299.7857212726405,294.40711817194506,298.74774169921875,7518195
2024-11-06,299.50263925711073,302.28630799950747,296.1999950934131,300.5406188964844,11019250
2024-11-07,301.0124338525791,301.0124338525791,294.12407306055513,295.3035888671875,14504208
2024-11-08,294.2655908476694,299.64416531244285,291.29321695966684,298.41748046875,15740539
2024-11-11,295.86972511957913,313.65682874412795,295.1620156554467,311.20343017578125,22838987
2024-11-12,312.8075945264688,313.75120717964063,303.6545402719927,304.5038146972656,12069181
2024-11-13,304.4566101204961,306.2966662726025,299.26674064168265,300.0688171386719,12918639
2024-11-14,301.60026209776106,305.14172647630943,297.29305437592416,298.7287902832031,12500377
2024-11-18,300.54737652482765,302.03095857840174,296.8144690915435,298.680908203125,9408101
2024-11-19,299.63805373874516,304.6152829286182,298.87233965266626,301.5523681640625,13157158
2024-11-21,302.46167993137243,312.75111999232894,299.59020828645436,311.9375305175781,25406386
2024-11-22,311.8418330176668,323.1363065519668,310.11896158181673,322.51416015625,31523269
2024-11-25,327.2042380758527,330.6021349026416,321.74842962792195,328.065673828125,29419152
2024-11-26,327.3477658303637,329.8363804184665,323.42341542721545,324.28485107421875,13997179
2024-11-27,322.8012617950327,326.67773672409066,322.08339390371685,324.715576171875,12177260
2024-11-28,324.7156165488419,327.10850981744056,317.96766921544275,319.35552978515625,16920231
2024-11-29,317.15406600945965,318.2547910236072,312.5118474261887,315.28759765625,13890537
2024-12-02,314.0911516095936,317.72836675357354,312.2247124633197,313.80401611328125,16003524
2024-12-03,310.35824260683535,317.15406501789136,310.35824260683535,315.5268859863281,23174488
2024-12-04,314.95259152508044,317.0583492266345,307.3432086697145,311.12396240234375,17880011
2024-12-05,311.0760798979643,316.29259815260843,305.8595616433202,314.2825622558594,19785053
2024-12-06,313.08614959011936,318.4940823362232,312.7032925232497,314.80902099609375,8802058
2024-12-09,313.70832002265587,316.484070482891,312.7033164938183,315.00048828125,9376929
2024-12-10,317.632650632765,317.632650632765,311.41112828489753,313.85186767578125,14994365
2024-12-11,313.22971021203637,314.90473540033605,312.8468531538778,313.516845703125,5013051
2024-12-12,313.9475605683982,315.7661534003986,311.88967843718416,315.0961608886719,10414162
2024-12-13,316.4840515460128,319.9776698064118,311.12396488931114,319.5469665527344,14973536
2024-12-16,319.54694957945276,321.8441211074146,317.39334579509085,320.6476745605469,12695136
2024-12-17,318.2548076291357,321.17412575942893,313.9475997063354,315.67047119140625,17360248
2024-12-18,313.94757107402324,315.00044986782,306.9124595997002,307.7738952636719,15037099
2024-12-19,304.37601072579275,309.97538657645197,303.2752857114188,307.86962890625,10234715
2024-12-20,307.5345977730774,311.6503912738322,300.1645048328565,302.2702331542969,13973399
2024-12-23,304.37599264403417,304.6631281228579,298.20231695824396,301.7916564941406,5984169
2024-12-24,300.64308191936277,303.08382109172123,295.52228506487864,296.814453125,4833589
2024-12-26,296.81447596420287,299.68594778092825,295.5223078046521,297.0058898925781,3775101
2024-12-27,297.436607793582,298.9201898089065,295.5701395200005,296.1444396972656,3981693
2024-12-30,295.7615773802968,298.6330490053482,293.17724123370255,294.3736877441406,12489142
2024-12-31,294.1822582645973,296.4794296010808,292.07650083358504,295.47442626953125,8402716
2025-01-01,295.47444328185463,298.010904053806,292.7943855598842,297.1015930175781,4239498
2025-01-02,296.57518006045615,303.6102916972374,295.5223012423458,301.6481018066406,10766571
2025-01-03,302.79665562400197,304.3759590032218,300.2123197597393,302.5094909667969,7636948
2025-01-06,302.2702351732399,302.9402569041533,291.7415058653546,292.8901062011719,6722495
2025-01-07,292.8901155056114,297.3887662186675,290.01864378496816,291.9808044433594,10137739
2025-01-08,293.0336589683767,294.6608378259589,290.0186197535565,293.5122375488281,6907996
2025-01-09,293.51225547602337,293.75154478086444,290.64078381793064,292.1722412109375,8244909
2025-01-10,291.0236571559473,292.17225756753425,285.71144597513177,286.86004638671875,6540783
2025-01-13,282.36136918236133,285.7592655003387,274.46482241709185,275.2784118652344,19474228
2025-01-14,275.4219873446416,280.4949088766722,274.5126763105418,277.81488037109375,15954608
2025-01-15,282.36136267094673,289.54004138292,278.6284555827443,285.85498046875,12198882
2025-01-16,286.1900258320308,288.67864059433373,283.8928542091827,284.8978576660156,11694289
2025-01-17,284.89786292977004,291.9329748879467,283.03142373115014,289.63580322265625,7593230
2025-01-20,289.6357765690648,295.5701337241153,289.01363022677754,293.12939453125,9435937
2025-01-21,293.8472904862575,296.670916199409,288.5829253472529,289.3965148925781,13911546
2025-01-22,289.06148540971503,289.34862089660356,283.1270988596395,284.8021240234375,9723333
2025-01-23,284.7542666289694,286.7643025883743,281.02135939585725,281.7392272949219,12228286
2025-01-24,282.6485642225055,289.5401090813853,281.73928223245736,283.1750183105469,11142914
2025-01-27,282.36139011715346,282.36139011715346,271.5933710025163,274.7041320800781,13477947
2025-01-28,274.84767545624203,276.42697894433195,267.3818612161158,271.7847900390625,11298068
2025-01-29,273.1248374970589,276.7620235010742,271.1626475340035,275.5177307128906,4800024
2025-01-30,275.5177314657026,284.37143638847147,275.5177314657026,282.6964111328125,10969499
2025-01-31,284.2756956950739,290.4493714775504,283.222816906031,288.7264709472656,14141459
2025-02-01,288.7264813252738,292.2679748674991,276.28343695870706,277.4320373535156,6945157
2025-02-03,277.5756224113017,279.489937048621,266.08973458738575,271.6412353515625,14978897
2025-02-04,268.96115149079947,274.1297941115885,260.4424589404097,273.41192626953125,19836427
2025-02-05,273.36411926896625,278.293473315418,272.3590866200002,272.98126220703125,15337191
2025-02-06,275.1827214928746,278.48492583483807,267.76475247871883,269.1047668457031,21418561
2025-02-07,264.45667140926554,272.9781486269869,261.4547773149336,269.3468322753906,17193482
2025-02-10,266.29652226829074,267.2648732583572,259.61490634717717,260.1959228515625,16709670
2025-02-11,260.19592937549373,260.29274083554617,251.7712637299914,253.1753845214844,22083955
2025-02-12,251.2870989826207,253.80481763807177,245.96116817566727,248.9146270751953,17861265
2025-02-13,249.10831997637257,253.0785653887716,247.99472212394767,250.94818115234375,12257226
2025-02-14,252.15859792975823,253.22378995463572,246.6874206154625,249.20513916015625,11339563
2025-02-17,248.76939587094347,255.6446947071252,244.21814857943667,254.8700256347656,8332653
2025-02-18,255.49941823407343,259.4212279783289,251.96494298094876,258.5013122558594,10483635
2025-02-19,254.19215018941665,260.00225647946047,253.99846815905704,254.7247314453125,14602009
2025-02-20,254.4342412509003,258.01715199691387,253.0301203919068,257.33929443359375,15312926
2025-02-21,256.9035482780215,257.33931811622057,251.1902824032853,253.6111602783203,10757038
2025-02-24,249.83458329991885,253.5143056518612,249.10831997637257,250.94818115234375,14599185
2025-02-25,250.60923581092985,251.72286314155656,246.8326726881869,247.65577697753903,21287363
2025-02-27,245.96117890148628,249.30200201040725,245.4285828423927,248.1399688720703,13614799
2025-02-28,247.80103452796848,248.8662266223009,239.47322413686564,242.9108734130859,38512868
2025-03-03,244.99282728138536,245.76751111333743,240.635247349503,244.50865173339844,9873539
2025-03-04,242.0877471683532,249.0114508270227,241.55515116941015,245.96115112304688,11947033
2025-03-05,248.81781531333843,258.7434136235141,247.65578222706532,256.0320129394531,14536637
2025-03-06,256.758288776734,258.84023773562126,252.4491441040102,258.2108154296875,11926868
2025-03-07,257.5813871277244,260.1475115778614,253.32064828858915,254.96682739257812,10043068
2025-03-10,252.7880543377751,265.5703012601409,252.7880543377751,262.7136535644531,30233763
2025-03-11,261.45476947639236,263.2462247331501,257.4361187447858,258.8402099609375,9255499
2025-03-12,262.1326456795726,263.77882476257304,255.2573471929502,258.6465759277344,11875548
2025-03-13,261.2610869147651,262.0841911717567,257.0971894524224,259.17913818359375,9270442
2025-03-17,261.454796373505,262.0842186766507,256.5646351509149,258.888671875,11987667
2025-03-18,258.888671875,258.888671875,258.888671875,258.888671875,0
2025-03-19,263.39147335381784,269.49207286448365,261.2610893221769,268.4269104003906,13089950
2025-03-20,274.52750304821996,274.57590877656776,268.2816274015645,271.4772033691406,13710249
2025-03-21,272.10665456743357,276.12530565514754,271.18670921706524,274.14019775390625,26003527
2025-03-24,275.9800403436414,284.6467937821417,275.4474591040203,282.6132507324219,19966817
2025-03-25,281.7901611328125,285.90565317684843,278.5461791406971,281.7901611328125,16983852
2025-03-26,282.4680017306367,287.35816251551717,280.3860234155954,281.6448974609375,20367015
2025-03-27,279.85345376364876,287.8423499351024,279.85345376364876,286.1477355957031,37203166
2025-03-28,284.5983705251023,284.9372993063308,279.1755986806343,281.1607360839844,10834900
2025-04-01,280.4344744666903,287.55186070814506,277.9167557861563,280.1439514160156,11603556
2025-04-02,277.77152363917,280.5797359662775,275.49589260537,277.6746826171875,11679536
2025-04-03,280.1923963661701,290.45692392445716,276.07690419600505,289.6338195800781,23478876
2025-04-04,290.5053364228185,291.3768465217408,282.8553684740305,284.598388671875,21020875
2025-04-07,274.62435950763955,284.59836335003746,273.3654854307757,280.24078369140625,22847548
2025-04-08,282.71010692315673,284.69521479748136,275.641126375719,279.8050537109375,20831596
2025-04-09,280.77343349031656,290.0211753407562,280.1439815885917,284.1142272949219,21342531
2025-04-11,283.9689407881724,295.3470654403839,283.9689407881724,294.4755554199219,19831004
2025-04-15,297.4774699763862,300.62461105387973,294.0882411237009,294.91131591796875,16563441
2025-04-16,294.8144891950639,297.2837725535632,293.21668632008675,296.0733337402344,7032401
2025-04-17,295.78282475524543,299.9951279636436,292.44200198472896,299.220458984375,8528993
2025-04-21,300.18880462646484,311.809016418457,298.6878724240232,309.872314453125,13369014
2025-04-22,309.6302197949195,309.6302197949195,302.2223408532518,302.6580810546875,10027268
2025-04-23,304.20747915643824,306.095775541447,299.65624691194205,304.982177734375,8225575
2025-04-24,304.9337605189389,305.8537058998339,302.9486525518255,304.4495849609375,8021180
2025-04-25,303.0938727672882,305.41790933183546,293.79769695737076,296.7995910644531,11475773
2025-04-28,294.5723951472034,301.10876459971473,293.94294333631973,298.7846984863281,7314824
2025-04-29,298.7847113543128,300.96350126565216,291.6673546186545,293.3619689941406,14678005
2025-04-30,294.8144902942112,300.18882682473674,292.3451773747768,297.71954345703125,17619987
2025-05-02,295.83124261984125,299.2204712586938,292.732507472199,293.4587707519531,5688285
2025-05-05,295.153383621159,300.86667836853553,295.00813687626754,298.44580078125,4342960
2025-05-06,297.8647766113281,300.62458290040513,295.8796393096251,297.8647766113281,9124804
2025-05-07,298.25210383431636,303.2391055043175,297.2837528478413,301.2539978027344,14679327
2025-05-08,303.48120349855293,307.35460757524595,294.3787098286699,298.49420166015625,19253478
2025-05-09,290.50531116001264,293.45877000278136,287.0192415157468,289.82745361328125,11981497
2025-05-12,294.42716498969895,301.25405855206003,294.42716498969895,299.2689208984375,7145884
2025-05-13,295.3470823478646,298.97839893410884,288.5686247202087,289.00439453125,17988336
2025-05-14,289.7306369076964,291.03788714287646,284.74360551498364,286.58349609375,10359258
2025-05-15,286.5350955889921,290.89267570642033,281.8385866631953,290.1664123535156,22640626
2025-05-16,290.50532309086736,292.63570728089223,286.14774324450434,290.6990051269531,16763668
2025-05-19,292.4419858859332,294.8628632525386,289.5369330460067,294.4270935058594,12575289
2025-05-20,294.7660530511735,295.6375630838809,287.69710222265644,288.4717712402344,21339095
2025-05-21,288.3265282516112,292.68410802367583,286.29298511430187,286.77716064453125,11997632
2025-05-22,286.53508435360214,286.9708541689505,277.480995665399,281.6933288574219,26158839
2025-05-23,282.7585187396455,289.29488860777093,282.516430966752,288.66546630859375,9872024
2025-05-26,290.55373648757256,294.1850531219868,286.3898385674697,287.3097839355469,16469130
2025-05-27,287.6002550401406,288.181271566729,282.9521819308902,285.227783203125,17074710
2025-05-28,285.2277818532238,286.2929738883065,281.3059720328376,281.9353942871094,10099453
2025-05-29,282.12908560599465,284.59836897398986,282.12908560599465,283.8236999511719,9773818
2025-05-30,282.758501739107,285.32462606714705,279.12718536403287,280.5797119140625,21788566
2025-06-02,281.11233334984405,284.3563156856859,279.2724720337902,283.7752990722656,7255782
2025-06-03,283.2426893328545,286.0509015389711,278.6430217283039,279.127197265625,10989055
2025-06-04,279.1272005866398,280.62813294950126,277.96516746255156,279.4176940917969,8580196
2025-06-05,281.7901455758483,285.9056373926777,280.91863557204175,284.9372863769531,13110486
2025-06-06,284.2594425315918,287.6002655173844,283.6784555355663,286.438232421875,7935393
2025-06-09,288.5686242330491,291.61892424999877,286.7771688098469,290.989501953125,8666186
2025-06-10,291.0379191634546,292.24835807122435,288.8107233938508,291.5220947265625,7273892
2025-06-11,291.5704812367113,291.86097470528654,284.6951834804106,286.09930419921875,10941604
2025-06-12,285.80880766125415,286.43822993597206,279.3692790628717,279.85345458984375,14071159
2025-06-13,273.60758589114175,277.3841787453238,272.88132258098824,276.4642333984375,16028417
2025-06-16,278.8366983591143,281.30598173089703,277.2388954755418,279.5145263671875,11067299
2025-06-17,279.5145351107592,281.25758479689154,278.11044376686004,279.4176940917969,7286868
2025-06-18,278.40095744258224,279.17562654694706,276.4642551299382,278.207275390625,11904855
2025-06-19,277.72308503631166,278.54618938573884,276.2705583791098,277.3841857910156,13573824
2025-06-20,276.5126317595127,285.17938551696784,276.02845623231923,283.8236999511719,33014151
2025-06-23,282.1774710130033,284.16260826254614,278.9819245843905,281.0638732910156,6833477
2025-06-24,284.1626580718708,285.37309701483883,276.31900781109147,276.9000244140625,15007849
2025-06-25,277.43256997188115,281.88699061825,277.43256997188115,281.257568359375,10838516
2025-06-26,281.596499671801,284.9373229252622,280.5797427955641,284.2110595703125,10232220
2025-06-27,285.6635607573622,291.183173582518,284.8404564516138,289.779052734375,15523628
2025-06-30,290.8926533145361,291.4736698624816,286.87400231481786,290.4084777832031,8415241
2025-07-01,291.47366595973506,291.9578414845851,287.6002617609346,288.1328430175781,12349270
2025-07-02,288.1328714253798,289.29490462027945,284.1142200832603,285.5183410644531,10826029
2025-07-03,288.955925461786,289.4885362298685,283.8236771073014,284.4046936035156,10373094
2025-07-04,284.4047274404605,285.8088187923256,282.41958997152483,284.6952209472656,14193884
2025-07-07,285.3730915827524,287.26135856680014,284.21105839892965,286.53509521484375,6220756
2025-07-08,284.84046823903606,288.9559603863584,283.7752761258537,288.3265380859375,6254288
2025-07-09,288.8107266717731,290.50534116188413,287.0192711575952,290.1664123535156,5650646
2025-07-10,290.5053160244361,293.1198756893476,288.5686139176065,289.779052734375,9307817
2025-07-11,289.77905384975355,291.37682718369206,287.5518582390185,289.1011962890625,7073217
2025-07-14,290.0211431442192,290.9410884740495,288.036035287296,288.7622985839844,5484223
2025-07-15,288.6654701983788,290.5053313868159,287.4550313176004,288.6170349121094,6173407
2025-07-16,289.48857236693266,289.48857236693266,286.34143130061625,287.648681640625,8144630
2025-07-17,288.132867504513,288.762319381695,286.4382530235212,287.21295166015625,8318287
2025-07-18,287.11608496865813,291.9578401957856,284.21103183238165,284.8404541015625,8702106
2025-07-21,284.6952274206913,287.8423685401377,283.0006129717586,287.60028076171875,5298012
2025-07-22,287.6971109418524,289.3917253269252,285.2277979639942,288.37493896484375,7775653
2025-07-23,289.39171822335487,290.16638724539513,287.697103879879,289.779052734375,5310964
2025-07-24,290.36006052187423,291.81258705820005,287.11607868040096,289.8758850097656,6294709
2025-07-25,287.7455386905028,288.32655529161315,281.6933439950449,282.8553771972656,8202572
2025-07-28,282.7584926218866,285.90563337880826,281.5480538692244,282.6616516113281,7037396
2025-07-29,281.3059812994199,284.59836897398986,280.62812374065743,283.8236999511719,6586034
2025-07-30,283.72686372674167,287.1160924743307,277.52942278435324,279.8050537109375,10515572
2025-07-31,275.93164898493546,284.98570784043096,275.93164898493546,281.7901611328125,14283621
2025-08-01,282.4195916086403,283.53318946015554,277.2389073278963,282.0322570800781,6697683
2025-08-04,281.98381053249784,282.32270972610723,276.65788026836685,278.836669921875,10397121
2025-08-05,278.0135868194878,279.5145190963554,276.07688475812137,276.9483947753906,15561914
2025-08-06,278.49777771986055,279.2724467665108,275.0601136399917,275.786376953125,12985269
2025-08-07,275.49587748167073,277.2388975747471,274.4306854018,276.51263427734375,8893659
2025-08-08,275.78637306504544,277.1904939379996,274.6243695114522,275.8348083496094,6172968
2025-08-11,275.8348083496094,277.33574068823253,274.3338464592568,275.8348083496094,8755499
2025-08-12,275.39902552506555,278.4493253426438,275.0116910255161,275.64111328125,13184438
2025-08-13,277.9167632562445,280.2407999654629,276.99681789864155,279.07879638671875,9928283
2025-08-14,279.90185698713157,280.9670490441253,278.06199591690347,279.5629577636719,8464495
2025-08-18,280.3376317729236,282.08065185962835,279.3692807132589,281.1607360839844,9836105
2025-08-19,282.0359876420763,282.1332473668186,278.6807200552236,280.0909118652344,7196772
2025-08-20,280.28542966475504,281.06344809911144,279.0697573113852,280.47991943359375,3106073
2025-08-21,280.4799361494731,281.5983488453277,275.8117659061222,276.2007751464844,7389271
2025-08-22,276.2007777647218,276.73566176535235,274.0611824031939,275.5686340332031,6824793
2025-08-25,275.56863069125774,276.7843031138595,274.4502179983647,276.3466491699219,7426789
2025-08-26,275.22822177153944,276.0062402086339,271.24081050255336,272.2133483886719,22905910
2025-08-28,274.255705157843,274.255705157843,266.0863922167015,266.9130554199219,12455072
2025-08-29,266.0863888761254,268.5177337494827,264.77345670861183,267.6910705566406,12841075
2025-09-01,268.4204871798367,272.89416790206815,268.4204871798367,272.1647644042969,10820878
2025-09-02,272.5051332470267,279.9936573186593,272.164739043884,278.8266296386719,16983677
2025-09-03,281.0634567215809,281.25797617588785,277.7568337548744,278.1944580078125,30178885
2025-09-04,278.9725222944279,280.0423199960402,273.18590950809545,274.0611877441406,5946090
2025-09-05,274.5960886222258,278.7779898212633,274.5960886222258,277.5137023925781,9695914
2025-09-08,278.53486449927703,279.79918164903796,274.3529631627289,275.0337219238281,5186605
2025-09-09,275.2768529607576,276.54117009466415,273.963950480993,276.0549011230469,7093190
2025-09-10,276.88156788749023,278.5835093101367,274.74197251293344,275.17962646484375,7767863
2025-09-11,274.79060262115405,280.77173512119623,274.79060262115405,278.92388916015625,7406625
2025-09-12,279.3615400529297,280.67447228672944,277.2705892921768,279.75054931640625,7618852
2025-09-15,280.3826678967242,280.86893685227136,277.90270809523406,278.38897705078125,5420800
2025-09-16,278.6807492589119,281.74426767207285,278.4862594685472,280.43133544921875,8626429
2025-09-17,281.0634834718855,281.25800294470594,278.0972544281536,279.2642822265625,19010126
2025-09-18,279.1184003891387,281.89013956932183,278.2431221426345,281.1607360839844,16842964
2025-09-19,282.03599474611445,282.23051420049865,277.0760454543342,278.3403625488281,14993879
2025-09-22,279.1183788218969,281.06345463250244,278.04858119016353,278.7779846191406,9456933
2025-09-23,280.72308402169074,281.06347825305374,277.5623355638277,280.6744689941406,13619147
2025-09-24,279.99366247275503,286.46103373351167,279.06976925236245,285.245361328125,14032389
2025-09-25,285.926152824609,286.75281600507043,275.81176423882266,276.58978271484375,16242837
2025-09-26,275.7145127870004,276.3466565276837,272.407889645385,274.49884033203125,8959035
2025-09-29,276.1035285237842,278.24312396660133,272.2620212835269,272.8941650390625,14600560
2025-09-30,274.25571345687445,278.1458654208017,271.33809948392894,272.55377197265625,18772881
2025-10-01,273.2831737716498,275.08237497971265,272.21337605230127,272.9427795410156,11812449
2025-10-03,275.5686406298664,282.0360122154581,273.33178548390373,281.7442626953125,19597461
2025-10-06,280.4313406656608,280.72309019638686,276.7356784259376,279.0211486816406,11702722
2025-10-07,281.0148615352423,284.3214847353709,279.21566033414905,281.0634765625,11371062
2025-10-08,282.37639168858715,282.37639168858715,276.8329136594234,277.4650573730469,9989251
2025-10-09,277.1733048666126,279.069765666448,274.4988256091278,278.2917175292969,10714949
2025-10-10,277.4164584051681,283.2516862769683,277.4164584051681,281.2093505859375,10773268
2025-10-13,279.8477841240975,280.2854380562139,277.076045139531,278.2917175292969,8950161
2025-10-14,278.6321068805197,279.99365399743874,277.56230926026143,279.6046447753906,7667654
2025-10-15,279.2642683761559,285.19675584889626,279.16700864456936,282.9599304199219,8125514
2025-10-16,284.3700890758741,285.1967522647158,282.6195326473291,283.835205078125,7824732
2025-10-17,283.0085496614471,283.4948186471197,280.09093574741155,281.7928771972656,14275188
2025-10-20,282.1818927042351,284.07835366219314,279.21566369768965,280.28546142578125,13536721
2025-10-21,280.3826897903278,281.6470069811754,280.2854597352275,280.6744689941406,398291
2025-10-23,281.0148589030305,283.15442463389456,280.09093595775727,281.69561767578125,21031287
2025-10-24,281.69562222269496,282.7654199451466,278.6807485246963,280.57720947265625,16350189
2025-10-27,281.0634684914512,284.75910084202894,280.2854500006463,283.0571594238281,13396182
2025-10-28,282.57090143540813,284.564622124817,278.92388396887213,280.3340759277344,13543174
2025-10-29,281.0634829674513,288.5033927571594,280.8203484666144,287.2391052246094,14608714
2025-10-30,288.1629822931123,288.30888672900187,282.95992801179966,283.49481201171875,10329750
2025-10-31,283.98109361064735,283.98109361064735,279.1184036515609,280.23681640625,10088802
2025-11-03,281.06344975365533,282.18186238943923,279.26424872417635,280.0909118652344,8578207
2025-11-04,276.687031641825,277.12468556718903,270.4627950381552,271.3866882324219,26098629
2025-11-06,270.3655698485438,270.8518388590628,262.43939091298574,262.77978515625,21919591
2025-11-07,262.77977795456536,265.3083529963624,261.36958599090576,264.53033447265625,11379131
2025-11-10,265.6181180241124,267.54645180953463,263.590858183498,265.2225646972656,10717941
2025-11-11,265.2719949762581,266.16199749773756,261.71195471155613,264.67864990234375,11154806
2025-11-12,266.0136665275419,267.24978951326466,263.5414205560963,264.134765625,16444701
2025-11-13,264.1347773574899,267.4475931421342,262.7008625588455,266.854248046875,12573141
2025-11-14,267.3486811082373,269.27701482782635,266.50811145564467,268.2881164550781,10308317
2025-11-17,269.0792684619509,270.908736590646,267.00257572610195,270.5131530761719,9884392
2025-11-18,270.95815307892525,273.7270564403353,269.2770137802799,271.15594482421875,16434280
2025-11-19,272.8865348033116,272.9359676534738,269.47482313612903,272.09539794921875,15765235
2025-11-20,272.1942861837506,275.9520880541015,271.4526123794352,274.1226501464844,15337345
2025-11-21,274.1226351716262,275.90264013323076,272.342600031239,274.5181884765625,12941485
2025-11-24,274.91374767162375,275.9520788916759,269.4748066205665,272.7381591796875,49791096
2025-11-25,271.94705655209975,273.8259574525211,269.62313930580683,270.4142761230469,12114606
2025-11-26,270.9581592390765,273.8754215651714,270.46371004338476,271.9964904785156,8352869
2025-11-27,273.9248516100949,273.9248516100949,270.26591552790507,270.6614990234375,9865039
2025-11-28,270.7603595521937,271.30427175878066,266.4586758188026,266.953125,12580231
2025-12-01,269.42536658301617,269.42536658301617,265.7664306293502,266.65643310546875,10428760
2025-12-02,266.01367648424736,267.64535285071713,263.9369837547472,264.48089599609375,11029817
2025-12-03,264.4808891974844,266.0136696462371,261.5636268454636,265.46978759765625,9063557
2025-12-04,263.5908701869996,267.20037367815644,262.6514347653062,266.1125793457031,5103204
2025-12-05,265.2225657391319,268.48591842191763,264.8269822319468,266.8047790527344,5535798
2025-12-08,265.8158693582651,266.4092144150703,261.81084303770024,262.255859375,10203843
2025-12-09,261.16808144065277,262.79975781465754,259.98139125294836,261.6130676269531,10686557
2025-12-10,261.9591756862485,264.2830929226346,261.3658306205438,262.5525207519531,7157092
2025-12-11,261.31640846581627,263.3931011913678,259.5858362243208,261.86029052734375,8336183
2025-12-12,262.0580661742871,263.7886383094003,260.37692688580677,260.6736145019531,5522827
2025-12-15,260.67363635872897,260.9208609701886,257.6080451408732,259.2891845703125,6400400
2025-12-16,259.2397219305461,260.42641213885065,256.81693884187075,257.459716796875,9241981
2025-12-17,257.45971167730113,259.83306186793055,256.421350220986,258.2013854980469,10944698
2025-12-18,257.8552528829912,258.7947184165903,252.96020891421256,255.0863494873047,10930748
2025-12-19,255.18522349707223,261.01974827894765,255.0863577987635,260.5252990722656,16657897
2025-12-22,256.22358045027994,262.651420024554,256.1741174232074,262.0580749511719,10054250
2025-12-23,262.05806146400255,266.31031227662237,261.46471642115773,264.0358581542969,10526826
2025-12-24,264.82696364717293,267.0519849144136,263.34361613567916,265.0741882324219,6131188
2025-12-26,265.02476102708283,266.3103168262234,261.9097372224092,262.5030822753906,6029003
2025-12-29,262.9975523910775,263.49200161145643,257.1135945970538,257.7069396972656,7270521
2025-12-30,257.11359630455405,258.5475111246899,256.07526500637687,257.459716796875,10929200
