Date,Open,High,Low,Close,Volume
2018-01-01,281.52135641835594,283.47006596805164,277.6239096584693,278.3490295410156,12182400
2018-01-02,280.0711775588675,280.0711775588675,273.13738209315056,274.8594970703125,14797364
2018-01-03,276.7175299375302,277.75988803760004,273.862441286349,274.4969177246094,13857373
2018-01-04,275.9924340642252,281.1588059631229,274.76881675548685,279.6179504394531,24517099
2018-01-05,282.2464540055379,282.2464540055379,276.9894661445008,277.66925048828125,14580575
2018-01-08,278.4396681895138,280.5243290373869,276.4456231224653,277.17071533203125,13557197
2018-01-09,278.7115814965789,280.5243397502152,274.90477809974436,275.8111572265625,15574755
2018-01-10,276.12840150812644,277.2160675483574,271.9137440081002,272.9107666015625,13064599
2018-01-11,272.72946644919057,274.63286809681205,271.9137307889228,273.90777587890625,12298455
2018-01-12,276.128368121796,276.128368121796,272.4122085375688,273.95306396484375,17594228
2018-01-15,275.4939113860837,276.67219303588075,273.31857963185496,274.2702941894531,18189668
2018-01-16,274.08903316983793,274.95010437546057,267.65373605445933,268.4241638183594,18040940
2018-01-17,268.2882159122088,279.52731131697254,265.2065324777487,278.3490295410156,26277307
2018-01-18,285.50945285127267,288.04730359019567,272.36695422796015,274.8594970703125,40000111
2018-01-19,275.4939014549241,280.97748320817755,274.17964087249584,280.2976989746094,18461642
2018-01-22,279.4819825374769,279.84452862140597,275.58453606888287,277.80517578125,12622645
2018-01-23,277.7144785361632,290.5397339360692,277.6691706571357,288.3191223144531,35252217
2018-01-24,287.956656694796,300.555320895984,286.597088018542,299.01446533203125,38070520
2018-01-25,301.59764706690646,301.59764706690646,282.65432931215844,283.8326110839844,42466150
2018-01-29,283.8326073934494,287.23152899163176,281.8838978759238,282.88092041015625,23600898
2018-01-30,282.83556087056985,288.9989547754903,281.8838739679939,284.19512939453125,25810404
2018-01-31,283.69668401305614,286.9596546008969,279.0288367570814,283.92327880859375,16409938
2018-02-01,287.23152696989587,287.6847165131303,276.4456213730149,277.3973083496094,19515991
2018-02-02,274.5422028587727,277.12538862828956,267.8350035638906,269.5118103027344,23274673
2018-02-05,265.2517993413355,272.2762363403757,262.84990060924576,270.146240234375,18940578
2018-02-06,258.3180075991123,269.4664579155091,256.41460622154693,264.4360656738281,30577218
2018-02-07,268.8320440084296,270.0103257629074,262.84993647382294,265.3877868652344,21463818
2018-02-08,265.47845522360046,274.90479312563986,265.16121697977513,273.18267822265625,18932796
2018-02-09,269.1945898222228,272.45756007943953,267.3818316416017,268.6507568359375,15750824
2018-02-12,261.263790404745,265.02525835115284,258.4540095031584,261.71697998046875,50839665
2018-02-14,261.6716577161812,261.6716577161812,249.25425295911108,250.3419189453125,45641149
2018-02-15,249.0729186516457,255.8707606198728,248.57442130483827,252.6078186035156,26058237
2018-02-16,254.2393409225285,254.87381736514297,244.7676681376871,246.21788024902344,30338112
2018-02-19,246.08191489107784,246.53510442126395,232.6221803124505,243.36277770996097,43847791
2018-02-20,243.81596473971896,248.5291468695169,240.00916166099805,244.4051055908203,33458021
2018-02-21,246.71639929470757,248.43851403313752,242.36576306760088,247.71339416503903,23714454
2018-02-22,245.08493415538285,247.9853587070081,244.2238904976024,247.0789794921875,25584062
2018-02-23,247.8493842653968,251.2483060043052,246.9883130273417,250.20594787597656,15482147
2018-02-26,253.78616102116516,253.78616102116516,248.21193480226384,248.7557678222656,15306032
2018-02-27,247.44148425590657,250.06997800711227,241.05152292448452,242.5470428466797,20824909
2018-02-28,239.5106551042244,244.45043180822464,236.38363643317945,242.9095764160156,26810799
2018-03-01,241.3687214207907,244.72233485147083,236.79151844424723,237.6072540283203,22859175
2018-03-05,236.06645680174404,240.19047080226372,234.5256012078707,238.83090209960935,18484565
2018-03-06,240.9608818850488,241.09683321378483,231.1266634192298,232.5315399169922,20778164
2018-03-07,231.17200376280465,231.44392027243012,223.0145914555284,223.55841064453125,31262500
2018-03-08,223.87562915769345,233.8004909881936,221.42840844712023,232.7581329345703,33133336
2018-03-09,232.93941829941232,233.3019643911259,228.09028479882383,229.54049682617188,21536191
2018-03-12,230.31092180893253,231.35325218284865,224.1022197931805,229.17794799804688,25332474
2018-03-13,227.77306821127812,237.8338678177936,226.23222652346016,230.8547515869141,37647221
2018-03-14,228.860712299659,233.70984579533467,226.59476465312773,232.98472595214844,25471485
2018-03-15,232.93940245811456,234.5708735901225,228.9060186835466,229.94834899902344,18339890
2018-03-16,227.18389442866896,231.76111121746655,226.68539703494284,228.6794281005859,25728297
2018-03-19,229.2232681000547,229.85774453215504,223.0599013046297,224.7366943359375,18167594
2018-03-20,223.73969963840904,228.634141536628,222.38013090776508,225.779052734375,20556571
2018-03-21,228.1809190165612,230.4921882910205,223.96626209214728,224.7819976806641,19533972
2018-03-22,223.87563047919545,224.19286868606235,218.1201178477327,218.9358673095703,26828240
2018-03-23,215.53693183601112,217.21372471019072,210.59716898628537,212.8177947998047,27150262
2018-03-26,212.77248555893348,224.6460568453327,212.31929602632655,223.4224395751953,30373940
2018-03-27,226.59478188420937,231.57986708566193,224.7820236291357,230.53753662109375,31205051
2018-03-28,228.40752141695353,232.21432450476684,225.41646777520597,226.50411987304688,36673566
2018-04-02,228.22624394133624,228.40751698241587,221.97222029724125,223.10519409179688,14993188
2018-04-03,226.18690101849472,229.1326330133673,225.0086054544963,227.04795837402344,19883309
2018-04-04,228.13559943750985,229.31389494438008,222.51605220887473,224.1475372314453,18824449
2018-04-05,228.95135528474512,237.38066944897048,226.5947642049153,235.02407836914065,22880821
2018-04-06,235.34132216462905,236.97282110197747,230.99071365268853,235.38665771484375,24868860
2018-04-09,236.24771118164065,238.15111285837372,233.48326594053705,236.24771118164065,20208874
2018-04-10,236.65557981777533,240.19045264536305,234.29898871255224,238.64959716796875,21201141
2018-04-11,238.37769241509037,238.37769241509037,232.30494165818905,232.98472595214844,14885838
2018-04-12,233.39260112269335,233.39260112269335,228.63411119689087,230.03900146484375,18660913
2018-04-13,230.22028474682295,231.987721174696,226.32285196340607,227.4558258056641,25654020
2018-04-16,226.0056232115568,227.77305960522247,223.96627033496253,225.6883850097656,16408377
2018-04-17,227.86368537444991,228.8607078516449,223.51307704186348,224.91795349121097,15922452
2018-04-18,226.14157992519137,226.5041260242351,222.3347905642436,223.3771209716797,16142387
2018-04-19,223.96626523985637,225.18986863982855,222.2441367739839,223.10519409179688,13166927
2018-04-20,222.83330821605804,222.83330821605804,217.07779537444856,218.61863708496097,15546939
2018-04-23,219.2530909196238,221.92692023323264,216.8965136420197,219.75160217285156,12111837
2018-04-24,219.34373903234928,220.6126642219251,217.1684347558629,218.07481384277344,9486349
2018-04-25,217.25906602066257,218.21076683521457,214.58525045996697,214.9931182861328,13124853
2018-04-26,216.0807523559987,216.4433122613412,210.733121681974,211.3675842285156,24495144
2018-04-27,211.41290852953708,222.7879681103589,211.41290852953708,219.88755798339844,31401889
2018-04-30,221.88160412150555,226.32285613287775,221.6096876283048,223.3318023681641,17263193
2018-05-02,222.87859915104536,223.2411590631553,217.3043736184781,218.43734741210935,12887066
2018-05-03,218.39204016003504,220.61266617659152,216.39800891721384,219.2530975341797,12939642
2018-05-04,220.70329112439208,221.0658371998901,217.84820274666785,219.29840087890625,12777310
2018-05-07,219.75160159503017,224.96328122000935,219.3890555010434,223.4224395751953,15122614
2018-05-08,224.78199593501716,228.9513449401039,221.7003128131678,226.64007568359375,23293920
2018-05-09,226.4134826879439,226.4134826879439,223.2411561077733,224.7819976806641,11429823
2018-05-10,225.008610831088,226.7760473041951,223.2411743579809,224.7366943359375,13160967
2018-05-11,224.41946015550255,228.04497638528292,223.01456985041332,226.91200256347656,11958589
2018-05-14,226.549435300176,231.8517581464871,224.91795028359985,229.85772705078125,18673849
2018-05-15,229.31389279519357,233.3472905113219,222.8785962004631,224.7819976806641,18026861
2018-05-16,222.51604812186343,225.4164582030238,218.07479648167217,220.3407440185547,17222004
2018-05-17,221.3377637810136,222.96924885576368,218.5733048807769,219.9781951904297,11721064
2018-05-18,220.25011508774455,221.15649416217977,215.5822683865023,216.4886474609375,11873041
2018-05-21,220.7486259388726,222.7426571329144,217.80289395237423,221.5643615722656,18780730
2018-05-22,220.8392386289657,235.38663822868824,218.43733980224272,230.1296234130859,68713602
2018-05-23,230.80943256765775,244.495762526642,230.4922081804149,238.5589904785156,71202072
2018-05-24,239.14812061132852,244.4504436466052,236.24769655393968,243.36277770996097,34679642
2018-05-25,242.7282857657935,243.27211869930335,237.96979600344304,241.9578857421875,22317308
2018-05-28,242.36574169596753,248.5291355590948,241.142124500601,246.5803985595703,18959368
2018-05-29,245.1755459679269,245.58342762615652,238.19641585029808,239.5559844970703,16107543
2018-05-30,236.1117598230563,242.90960319608095,235.6132623732327,242.13917541503903,19320209
2018-05-31,241.8672463738244,249.07294296730487,238.51363294457445,244.314453125,31935892
2018-06-01,244.0425635376634,244.5410609598009,239.82790641256577,241.73130798339844,16574717
2018-06-04,242.9095807093631,243.22681890283587,236.83683012743185,238.377685546875,12933824
2018-06-05,236.4742912087789,240.41704565165887,236.4742912087789,238.87619018554688,14102731
2018-06-06,238.37770189019207,245.991280753065,237.6526096786784,244.8583068847656,18315171
2018-06-07,245.67403073022945,247.35083750682065,243.272131776974,244.4051055908203,18773700
2018-06-08,243.770688492392,248.2572487812752,242.00323804918227,247.44151306152344,14096549
2018-06-11,247.71340866766556,252.3359478281311,247.5774573283423,248.3478851318359,18219428
2018-06-12,248.3478339209374,257.7741695303639,248.3478339209374,256.3692932128906,31358021
2018-06-13,257.41164530365575,262.5326813066475,257.09440711009137,260.7652587890625,26748300
2018-06-14,259.72288049894615,259.72288049894615,254.96439094840875,256.1427001953125,18513730
2018-06-15,256.2786664896878,256.9131428643809,250.70444107957027,251.4748687744141,16949917
2018-06-18,251.9734065520032,253.5595700824564,249.66215075754144,250.9310760498047,13542420
2018-06-19,250.16066329047777,250.79513980505152,244.49579319784917,247.0789794921875,20726975
2018-06-20,247.6227783844596,249.02765490937745,245.71937676388137,247.71339416503903,14002946
2018-06-21,249.0276202121679,249.0276202121679,243.00020563721995,243.4987030029297,12954943
2018-06-22,243.8159768721342,248.07596968837316,240.87024480955264,247.48680114746097,20784133
2018-06-25,246.3991422439078,247.5774239063076,242.18448533087144,243.3174591064453,10934401
2018-06-26,242.2298170982439,245.810025646214,240.5530102129858,242.3657684326172,16867009
2018-06-27,242.32045340173417,242.32045340173417,236.56494069188255,237.1994171142578,16277655
2018-06-28,236.0210904740649,237.4713024332366,231.7611118605866,232.9394073486328,21349738
2018-06-29,234.072374549929,238.78555636982608,234.02706666455165,235.06939697265625,16244724
2018-07-02,234.70686963476768,237.24471994920535,230.22028220476852,234.61622619628903,21896701
2018-07-03,235.2960102063251,236.4742919236241,232.39558614152077,233.39260864257812,16099030
2018-07-04,231.806449797075,234.1630409380591,230.6734759466494,233.34730529785156,14206935
2018-07-05,233.75515099230813,234.4802708271444,231.2626086098261,232.44091796875,11215032
2018-07-06,232.12367455877535,236.3836393932699,231.6251633274208,233.1206970214844,16174019
2018-07-09,234.0270680167326,237.83384320665223,233.80047326755312,237.06341552734375,13220744
2018-07-10,239.14813856212731,240.8702533740003,237.8338777617397,239.0574951171875,11487165
2018-07-11,238.06045380219877,238.06045380219877,233.7551532812092,234.8428192138672,12857179
2018-07-12,236.9274752943836,239.7372558477603,236.7008805346031,238.15109252929688,10642215
2018-07-13,237.5619716017618,237.83387427209587,232.75814569539503,233.6192169189453,11976239
2018-07-16,232.9394244283018,233.39261396999112,227.50114992803017,228.04498291015625,8965623
2018-07-17,227.2292284689672,235.5226051987085,227.00263370307667,234.7974853515625,16067598
2018-07-18,235.7491964605645,237.92450064868228,232.16898814851072,235.25067138671875,17641125
2018-07-19,235.11472390178727,238.8308835999575,232.2143274904181,235.83984375,9958284
2018-07-20,235.56791539341353,238.37769605005676,234.34429811352925,237.01812744140625,6120163
2018-07-23,237.47133816855808,242.45642351179117,236.20241288601628,241.41409301757812,17013119
2018-07-24,242.18448672624325,243.99724477760583,240.6889392054749,241.86724853515625,9320281
2018-07-25,242.9095897263364,247.30553372922896,240.77959338880143,246.3991546630859,13099277
2018-07-26,249.3448774441961,262.30608654845764,248.52914184681129,260.7652587890625,53496546
2018-07-27,262.396747831895,269.1945910399752,258.40868534858697,259.9042053222656,32175436
2018-07-30,262.1248371555576,271.50583836756897,262.1248371555576,269.55712890625,40949610
2018-07-31,269.19457394341595,274.08901521028855,264.48139188761684,266.0222473144531,36510328
2018-08-01,266.9286401621868,270.1009669552858,261.3544143292689,267.47247314453125,33885474
2018-08-02,265.56903010898174,268.65071298087867,263.34839063602453,266.384765625,15665209
2018-08-03,267.01932048207226,271.86845478193277,266.92867702907984,271.2339782714844,18254462
2018-08-06,272.45756113047696,282.201136388902,272.45756113047696,279.6179504394531,31576923
2018-08-07,280.8415797744793,282.518386701926,274.6781850763641,275.5845642089844,23928622
2018-08-08,275.5845401267394,281.7932421747332,274.678161073324,279.7992248535156,20498279
2018-08-09,283.65132238263226,289.9053320225971,281.1134445570938,287.6846923828125,46464355
2018-08-10,287.9113317502255,295.8421493205713,272.3669348444471,275.9471435546875,111510771
2018-08-13,268.2881959167345,274.4515623263,263.84694415156287,266.61138916015625,58127432
2018-08-14,268.92269775359773,270.9620507871372,265.8863221493399,267.29119873046875,25294933
2018-08-16,266.02227240946223,270.46352457687374,263.0765402618277,265.29718017578125,31083900
2018-08-17,267.381841364561,274.36097167793594,266.5207701332565,273.817138671875,21931134
2018-08-20,275.62989932814776,279.7992488637386,275.17670976255084,278.8475341796875,20240462
2018-08-21,279.4366434895424,279.93516855163296,274.95008389368434,278.25836181640625,14139592
2018-08-23,278.21307483216066,278.21307483216066,270.3728735162981,274.1343688964844,22721004
2018-08-24,272.45754556248517,277.0800842088718,271.0073335631589,272.32159423828125,18869585
2018-08-27,275.5392781047078,281.29479158406036,274.9048015975043,279.164794921875,28111768
2018-08-28,279.2100855216606,281.20413071177666,274.9954280148887,276.76287841796875,16890236
2018-08-29,278.0771058377306,282.790288374843,277.12541881605205,280.70562744140625,24320824
2018-08-30,280.34303640171106,281.4307023542343,277.3519965230135,279.7085876464844,19935935
2018-08-31,279.0741042659264,281.5666466561329,276.0377289130307,280.6149597167969,18100140
2018-09-03,283.24347657518166,283.24347657518166,276.2643462481709,277.66925048828125,14708076
2018-09-04,278.0770938430679,278.6662623801655,267.78971329643934,268.6507568359375,42859084
2018-09-05,268.74137424297777,270.8713704309649,263.2124567955938,268.78668212890625,22922686
2018-09-06,270.1009211994885,271.77772775245575,266.9285949437898,268.696044921875,18001336
2018-09-07,268.1975391971082,268.1975391971082,262.35141127328376,264.3454284667969,23716678
2018-09-10,263.43908623115476,265.79567748004195,257.2303837144408,258.1820983886719,23354395
2018-09-11,260.44800026484637,264.1641595411737,255.2816291172094,256.1427001953125,28361400
2018-09-12,257.41165358643065,259.85888811782314,253.78613733873445,258.5899353027344,22717796
2018-09-14,262.940559000125,264.4813867364584,261.6716339053526,263.4390563964844,15149585
2018-09-17,261.49035936508886,261.49035936508886,257.5022970247218,258.5899353027344,16089996
2018-09-18,258.31805280901057,260.0401676289714,246.8976702053551,248.1665954589844,33901000
2018-09-19,249.61678190099877,256.36931680824824,245.17553014035164,246.0819091796875,40759431
2018-09-21,248.52917532353672,253.28766588648904,229.67647230639903,245.2662048339844,39308482
2018-09-24,247.1696050459269,247.44150772648263,238.01517010709688,239.6013336181641,24633374
2018-09-25,239.28409072090992,247.39619501219977,236.383666435852,245.53810119628903,28948831
2018-09-26,248.34787470547963,248.34787470547963,238.1511097768787,239.14813232421875,23951904
2018-09-27,239.7372626923392,243.45342239093551,239.0574783935897,240.5076904296875,24829383
2018-09-28,241.4593971923446,247.8946946138716,237.92452408095536,240.64366149902344,33803139
2018-10-01,240.64365808300136,249.43554667414924,239.374732838015,248.21192932128903,17711738
2018-10-03,247.7587341038068,252.6078678519609,245.26619156284397,246.26321411132812,19714943
2018-10-04,242.8642852913135,247.16958591672423,240.8249323634874,245.9459686279297,17754204
2018-10-05,245.6287139513701,245.6287139513701,232.033028677309,234.16302490234375,36628643
2018-10-08,235.4319648060839,243.3627817148548,234.1630396327794,240.8702392578125,21100804
2018-10-09,242.90961644297943,243.04556778575483,235.65858311632337,238.33241271972656,16010883
2018-10-10,237.10874928661804,254.19399877809212,236.7462032227615,252.5625,31772330
2018-10-11,242.909576815534,246.08190337842345,236.20237761466623,237.6072540283203,46291120
2018-10-12,241.09684815610188,242.81896296797487,237.01814207827312,239.0574951171875,42967696
2018-10-15,239.6466288035605,240.8249382313112,236.6555888340683,238.5589904785156,21965859
2018-10-16,239.82791835772431,245.49278780277407,238.6949444687144,244.9942626953125,33597068
2018-10-17,248.1212634517199,249.2542372574355,235.65855158884813,236.7008819580078,21631573
2018-10-19,235.38665345861764,239.4653592374967,233.93644142736187,236.65557861328125,28474307
2018-10-22,241.09683584239357,241.09683584239357,235.16006391874296,235.97579956054688,19933462
2018-10-23,233.84578601357816,234.75216502913463,231.12664896690865,231.71578979492188,20206307
2018-10-24,235.8851511601782,237.2900276437166,229.13262990646456,231.76112365722656,25636533
2018-10-25,230.6734630798149,231.12665259470648,225.144545466039,226.1868896484375,33066232
2018-10-26,228.40753844433667,228.8607280047421,224.2381889565076,224.87266540527344,20543437
2018-10-29,226.59475993008863,244.04255644470547,225.14454793443744,242.8189392089844,37768359
2018-10-30,242.4564170653094,252.97042049631548,241.0968483714853,247.57745361328125,33401683
2018-10-31,249.25423344646384,256.27867093450055,243.45341318199016,255.0550537109375,28137370
2018-11-01,256.5052951041328,261.9435699119943,252.7438272274612,259.1337890625,29144808
2018-11-02,260.9465092985245,265.3877608788612,256.6865445828922,258.63525390625,27760214
2018-11-05,259.63229525128156,271.9137205659808,256.9584659348518,267.3365173339844,44619891
2018-11-06,268.3788461283917,270.37286347100735,257.3210104938639,259.6322937011719,40688243
2018-11-07,261.8528966465722,261.8528966465722,259.1790951001644,259.722900390625,3312160
2018-11-09,260.13076316247657,260.583952645338,256.0067499326337,256.7318420410156,19201007
2018-11-12,257.1397496484059,257.1397496484059,250.9310475731213,251.92807006835935,24044907
2018-11-13,250.43249830180844,253.51420892764756,247.75869693708344,252.01866149902344,25633628
2018-11-14,254.14864860076855,260.76523144231913,251.9733446823713,257.049072265625,52674807
2018-11-15,257.2756657099832,260.1760616998059,254.8284315262512,258.6805419921875,18445463
2018-11-16,259.13375434795455,264.48138499386346,256.1427146685202,263.6656494140625,24805910
2018-11-19,266.02229091222193,266.02229091222193,259.2697549168609,261.17315673828125,13799970
2018-11-20,259.1337589986069,261.53565789465233,256.05207583044523,256.91314697265625,12900924
2018-11-21,256.9131440846964,262.4420339740305,256.5505703485825,260.17608642578125,16167419
2018-11-22,259.17909982576236,260.1760946501136,255.23634543507717,256.2333679199219,12066797
2018-11-26,257.50228390803903,260.3573722755682,253.4235783371424,259.5869445800781,16846820
2018-11-27,257.9554829365944,263.30311379482083,257.45695786323415,262.30609130859375,21242956
2018-11-28,262.3060692840724,265.0705417483329,256.50524938830785,257.9101257324219,19837609
2018-11-29,262.2154381936686,262.53267638128125,257.63823522830376,259.5869445800781,27919104
2018-11-30,261.7622610175195,263.6656625723731,256.68656041856815,258.00079345703125,17583510
2018-12-03,259.8588471271216,260.9464852335678,256.7318287925488,259.949462890625,15772176
2018-12-04,260.9918193379754,260.9918193379754,255.5082103122449,256.09735107421875,11897307
2018-12-05,256.0067924454795,256.6865767826576,251.1123230894006,253.9221038818359,14893748
2018-12-06,251.97341090212137,253.10638487200495,249.34491682409077,249.84341430664065,11083451
2018-12-07,251.0670181654946,251.38425639202669,246.62576597553263,249.61680603027344,10165275
2018-12-10,245.62873537031663,250.52317696367788,244.85830760550635,248.52915954589844,11947887
2018-12-11,243.22679958320492,256.7318405626085,243.22679958320492,254.91908264160156,30927239
2018-12-12,257.185078519776,259.0884802277044,255.78020193038623,258.5446472167969,21765939
2018-12-13,262.84995214336885,266.4754687246567,258.9978407757505,261.9435729980469,24097152
2018-12-14,261.49034053268156,263.57500116077307,260.17607992334655,262.12481689453125,12156361
2018-12-17,262.21544164589034,264.16417868381336,260.4026835905147,262.396728515625,12728014
2018-12-18,260.901216425816,266.47544208008645,260.1307886972273,265.34246826171875,13606582
2018-12-19,267.10991303853325,273.72646893874946,267.10991303853325,272.5481872558594,26124125
2018-12-20,270.4181985136263,273.40923835219075,265.70501632992506,266.520751953125,19222232
2018-12-21,266.15821541642583,268.74140136638044,263.5750294664713,264.5720520019531,15777301
2018-12-24,266.0222615353951,267.3818301633443,262.98588606754294,265.6143798828125,12048877
2018-12-26,265.4331074720165,267.3818168764752,260.2667358783416,266.61138916015625,12684324
2018-12-27,268.9226554732435,269.73839102630916,264.20947369476636,264.7986145019531,15304564
2018-12-28,266.11289274976707,269.2852194025662,266.06755720128825,267.2005310058594,12876558
2018-12-31,269.3758495782475,270.3275364630405,267.8349942156864,268.1975402832031,9526067
2019-01-01,269.6477763778671,272.5482004989024,266.33949826701064,271.5511779785156,11837127
2019-01-02,271.09794718942373,274.1796300613207,265.6596735353149,266.384765625,25559853
2019-01-03,267.3817962807554,267.88029365030275,262.94054485768174,263.846923828125,17548347
2019-01-04,264.7532992518747,271.00730853205476,264.2094663447958,269.78369140625,19514041
2019-01-07,272.8653894010134,273.2732710189699,267.5630943305316,268.5600891113281,14579399
2019-01-08,268.10689824371485,277.35197514611554,267.1552113539789,276.7174987792969,22949961
2019-01-09,277.35197514611554,278.348997582334,272.5934853764518,276.7174987792969,21109911
2019-01-10,276.53626831667253,278.7115726196538,275.0860562278534,276.9441223144531,16295468
2019-01-11,276.808148885738,277.53326870251254,272.77477881811944,274.40625,12702551
2019-01-14,272.8201086259196,275.17669981392356,271.50584786900544,272.2762756347656,10372933
2019-01-15,273.72650948199833,275.1767216868501,272.9107737606746,273.4092712402344,9444374
2019-01-16,274.6328475050231,277.9411254494702,273.81711190591864,274.768798828125,12111480
2019-01-17,275.4485928398386,275.85647448405393,267.9256576503769,269.55712890625,15974634
2019-01-18,270.7807467302892,271.7777692377966,266.7020409217995,267.3365173339844,9082501
2019-01-21,268.19757855480805,268.9680063460281,264.1642080298256,265.0705871582031,10188647
2019-01-22,265.5690498450622,265.5690498450622,261.21844166265055,263.0765075683594,11297989
2019-01-23,263.25779443080165,265.5237419550451,258.7712072686027,259.81353759765625,10304608
2019-01-24,259.81356380420164,262.7592958828445,258.77123337001166,261.0824890136719,11532528
2019-01-25,262.48734457566167,263.7562695499897,256.68652493552617,258.6805419921875,11121223
2019-01-28,258.9071983907749,259.76826964656016,251.33892696420335,255.2363739013672,18905470
2019-01-29,254.69248684649995,259.2243816302455,250.65908942477017,254.32994079589844,17435611
2019-01-30,254.87376692485532,262.3060575762762,254.0126958746436,260.53863525390625,18908654
2019-01-31,262.8499251168351,267.20053350284735,261.03716701258105,266.158203125,25546487
2019-02-01,269.1039068880306,274.36092143662125,255.59886595647123,257.774169921875,60015958
2019-02-04,255.96145928579384,258.4993374312772,251.83744533256504,257.3663635253906,20642919
2019-02-05,257.59293947702287,260.13078977649855,256.50527354267973,258.00079345703125,13291133
2019-02-06,259.08846463453045,262.62333750194,256.95846827195857,261.9888610839844,12149759
2019-02-07,262.3060746335673,266.475423526972,259.7682245213166,260.4933166503906,19733315
2019-02-08,258.86184968160126,261.03715376420456,255.78016659287223,259.2243957519531,19781908
2019-02-11,259.17911119873634,259.17911119873634,253.78614456258356,254.2393341064453,15420017
2019-02-12,254.37529644676744,255.78020068983935,248.93702168506,249.61680603027344,15326106
2019-02-14,242.9096077582971,243.2268459870956,238.96685299579272,242.0938720703125,26372671
2019-02-15,243.68004426603605,243.68004426603605,236.83686496770616,238.33241271972656,23366091
2019-02-18,239.6466054848465,240.64362793116072,234.57087748037705,235.6132354736328,14781744
2019-02-19,236.4743053701754,242.4564130561841,235.93047236953905,238.2870635986328,19064306
2019-02-20,239.73727113812436,243.1815006422624,239.5559842545403,242.6376953125,15514595
2019-02-21,244.9942370897173,245.62871346544864,242.2751000402843,242.9095764160156,13760702
2019-02-22,242.81896213019476,246.4444786313115,242.5470594568093,245.58343505859375,12536918
2019-02-25,245.9006373115021,245.991280753065,242.81895392182673,244.8583068847656,20793897
2019-02-26,241.82194704027197,243.0908999833104,238.60431211020196,241.41409301757812,15274303
2019-02-27,242.90958438968548,247.16957697116464,241.5953237084544,242.59234619140625,20571652
2019-02-28,242.6376623448459,245.447415035168,242.59232679986224,243.8612518310547,31636468
2019-03-01,245.22084729421945,248.89169913853513,244.8129933074027,247.39617919921875,20024726
2019-03-05,246.2631962635534,251.8374218281645,245.81000674349568,250.56849670410156,21533972
2019-03-06,251.3388908088975,256.09738065683746,250.56849077143457,252.0640106201172,22161376
2019-03-07,253.28762329414735,256.0520681873718,251.65612449347248,255.37228393554688,14899105
2019-03-08,255.462935393656,257.6382395357378,253.4235825741119,254.8737945556641,19943319
2019-03-11,258.5899348941484,261.9435484821661,256.9584636494605,260.4480285644531,22931245
2019-03-12,262.1248496821571,262.7592984628743,258.99783068838786,260.0401611328125,20828136
2019-03-13,261.1277838888002,266.8379602721819,258.04610095712604,265.7049865722656,23725641
2019-03-14,266.92864317841156,267.1099300614064,263.52972157597003,264.5720520019531,16164017
2019-03-15,265.2065135898542,273.09199466991663,265.11587015342957,270.4635009765625,37928480
2019-03-18,270.9167310951381,272.72948945329966,267.0646195840449,270.9620666503906,23782967
2019-03-19,272.04966789304615,277.89582386343113,271.14328883782326,274.67816162109375,27218691
2019-03-20,274.4515920529744,276.12839899117256,271.9590494222867,275.35797119140625,18820555
2019-03-22,275.8111087819881,277.71451014608425,269.14924549838787,270.146240234375,17865957
2019-03-25,266.4754333496094,267.7896940000545,264.84396216880884,266.4754333496094,16895511
2019-03-26,267.15527200463185,276.4456589021636,267.15527200463185,275.0860900878906,18303791
2019-03-27,276.67222723875796,281.74795585861153,275.85649156032514,279.8898620605469,35956450
2019-03-28,281.0681501647551,307.8516401450433,280.1164355618021,289.1349182128906,63244736
2019-04-01,291.6727728159401,296.975095892162,290.9929885154115,292.5338439941406,22372357
2019-04-02,293.34956662351476,300.0114580055863,291.94469019554066,298.1986999511719,27897583
2019-04-03,300.01145604173774,301.3257166867823,289.58809729708526,290.4944763183594,30552104
2019-04-04,291.40085736568994,295.252968232888,288.50043341324954,291.6727600097656,27832294
2019-04-05,293.39487371535694,293.39487371535694,285.50936587925764,287.367431640625,23117232
2019-04-08,288.4551271338159,289.36150616644375,281.9745225826253,283.5153503417969,17394139
2019-04-09,284.55771421964226,286.1438775594162,279.2553912374421,285.2828063964844,25556039
2019-04-10,285.37348265436924,287.3675002002627,280.9775382178932,281.79327392578125,19237974
2019-04-11,281.88385924389473,285.87192117376804,279.7991986802424,285.4187316894531,14897935
2019-04-12,285.14682113293566,286.77829216690077,282.0651382573959,285.7359619140625,14751964
2019-04-15,285.96254871474684,288.8629723174123,284.3763856077712,286.0531921386719,13864791
2019-04-16,286.959575573975,289.49742552088844,285.23746113424863,286.18914794921875,14940726
2019-04-18,286.2345325968541,286.2345325968541,279.21009398579275,281.70263671875,15691168
2019-04-22,279.88985328046203,283.06218011079335,277.669241095527,281.0228271484375,15665440
2019-04-23,281.02278816103205,284.3764014091773,276.0830393782668,276.67218017578125,17324274
2019-04-24,277.216035819285,282.7449535133972,275.1766829726407,281.65728759765625,15228591
2019-04-25,281.8839033435982,282.7902824540278,276.80817479309354,277.5332946777344,30842477
2019-04-26,278.16774073743227,284.14984833984374,277.8958380711615,283.24346923828125,14987906
2019-04-30,282.79028659839736,282.79028659839736,276.44563273240766,280.9322204589844,18178758
2019-05-02,279.2100767707709,282.24645235398884,277.0347724155014,279.30072021484375,16640100
2019-05-03,280.07115990423387,282.6090104831803,279.8898730083819,280.9775390625,12452689
2019-05-06,278.0770931709995,281.2494199794193,277.2613575237905,279.84454345703125,10639216
2019-05-07,281.61197500340137,284.0591817821808,275.3126296959552,276.8534851074219,15219845
2019-05-08,275.4939166910553,276.7175062507553,268.9679766236886,270.3275451660156,22103678
2019-05-09,269.7384080668217,272.820091273359,268.3788395056588,271.27923583984375,12654440
2019-05-10,273.5452133829137,281.65731774996726,265.0705905524621,279.2100830078125,60739833
2019-05-13,280.9775360192449,284.78433950693,276.7175429573351,278.1677551269531,40101505
2019-05-14,279.02880257017216,287.0955707708615,276.5362601246477,285.1921691894531,30521436
2019-05-15,286.5970802229346,288.1379080844804,281.8838978759238,282.88092041015625,27932459
2019-05-16,283.24341641846667,287.4127650402445,280.5695875032804,286.18914794921875,18147559
2019-05-17,286.09854112380566,291.8087457255894,284.10452381342344,289.36151123046875,25838962
2019-05-20,300.9178681431732,313.4258889475767,300.01148902226004,312.42889404296875,53207071
2019-05-21,313.516512908909,315.01203283338054,304.7699604677331,305.9482421875,33457162
2019-05-22,307.17184861875273,310.5254621035995,302.3227152622013,309.1658935546875,32002499
2019-05-23,319.9518163844251,329.9219863000871,307.44379609988334,310.1629333496094,74413322
2019-05-24,312.6554805509573,323.57733760479226,311.34121979620767,322.0818176269531,35703403
2019-05-27,321.80989798549086,328.5624335460142,320.8582109663146,327.83734130859375,31374994
2019-05-28,327.15752963198935,327.8373139204665,323.26008311509065,326.3417663574219,23501608
2019-05-29,324.4837450675356,325.3901242437019,314.6495254740318,316.00909423828125,28370210
2019-05-30,317.006057702782,321.76454748960003,314.9667049370028,320.4502868652344,25712604
2019-05-31,321.17540286663683,324.39303723926133,312.3835155384496,319.49859619140625,32588069
2019-06-03,319.3626741557712,323.0788339133761,316.9154395772158,322.1724548339844,18380919
2019-06-04,320.85814028265827,323.758563914381,318.50154953944474,319.4079284667969,18130636
2019-06-06,316.3262925200047,316.8701254891006,304.45272128013494,305.3591003417969,41941144
2019-06-07,305.44980395767635,310.66148458900165,304.5434247174458,310.0270080566406,29739710
2019-06-10,313.6072009077805,314.78548279496897,308.3048770944367,312.06634521484375,20500542
2019-06-11,312.7460932848163,315.69182532114235,310.7520758872924,314.60418701171875,16281297
2019-06-12,314.46820164327835,314.46820164327835,310.253517211404,311.79437255859375,11564970
2019-06-13,310.88800665344854,314.9214043928872,307.9875826991901,314.0603332519531,15509948
2019-06-14,313.1539842217547,313.9244120015773,310.4801547683982,311.6131286621094,10347594
2019-06-17,311.5678465321292,311.5678465321292,305.40447910492907,306.22021484375,13779496
2019-06-18,304.09018902681004,311.79441140155785,302.54933348766247,308.2142028808594,21957480
2019-06-19,310.9786674815475,312.882069079207,304.09018095027693,307.1265563964844,16416903
2019-06-20,309.07526334287513,313.83375346765547,304.1808218894856,312.83673095703125,20626861
2019-06-21,312.51952361871497,317.8671827965011,311.0240035353074,316.6888732910156,24749090
2019-06-24,317.2326631735619,321.53796360234594,316.9154249782897,320.1330871582031,17919504
2019-06-25,319.6798964403239,323.5773152233548,318.36563577648,323.16943359375,15922634
2019-06-26,322.44432486791123,325.3900565778781,321.1300642715755,324.61962890625,15835579
2019-06-27,324.574354013606,329.0156059725973,323.803926263665,328.24517822265625,29658120
2019-06-28,328.29048395360525,330.82833408236917,325.11815746240444,327.4294128417969,22708464
2019-07-01,328.8342982408158,329.0155851094809,324.9368795089502,327.7013244628906,12348793
2019-07-02,328.2452170017453,330.8284032164941,326.61374552953424,330.3752136230469,14482172
2019-07-03,331.0549613756556,332.3692221154036,329.0156084308364,331.8706970214844,12626285
2019-07-04,332.8676802769474,336.1759580205765,331.9159934125101,333.0036315917969,19252646
2019-07-05,334.8617635512796,338.62323121669425,331.73474464818497,335.94940185546875,30019347
2019-07-08,333.54749361604536,333.95537525667555,320.4049972643262,322.0364685058594,27247892
2019-07-09,320.40498753151076,326.29645123435324,319.4986085003042,325.84326171875,16579914
2019-07-10,326.79494386421936,327.6560149954861,318.410937948014,321.0394592285156,18681819
2019-07-11,324.936876467167,329.92196104337177,323.5773079463839,329.1968688964844,20048321
2019-07-12,329.0156152468705,332.23325000671207,327.6560465888256,329.5594482421875,14661748
2019-07-15,330.0126181114949,330.8283537255688,324.1211542780258,326.3417663574219,15665939
2019-07-16,324.9368740535761,331.7347166069982,324.16644636542316,330.23919677734375,16251836
2019-07-17,329.96728237240075,338.5778833548144,329.06090332162034,337.5355529785156,17545177
2019-07-18,337.1276990469011,338.80447816267355,328.607713840035,329.604736328125,21691056
2019-07-19,330.9189835138373,331.7800269807647,321.9005012611487,322.6709289550781,22213173
2019-07-22,322.67095962624944,325.8885943673132,316.0544032599092,318.00311279296875,19682038
2019-07-23,318.32034509878736,319.9518163844251,309.07526738552116,310.1629333496094,27956145
2019-07-24,309.8456883417792,312.4288742044545,304.76996005486336,307.80633544921875,20823143
2019-07-25,309.7097417280074,311.06931034373963,305.812295099945,309.34716796875,19857643
2019-07-26,308.89398321727487,313.7431168873018,308.6220805541123,310.5254821777344,16139052
2019-07-29,311.7491076577511,314.1056712282738,305.2684748573271,311.6131286621094,17060483
2019-07-30,312.1569536778558,314.24164218525283,295.343632589485,296.88446044921875,24437235
2019-07-31,294.6638543938449,302.0055307219456,293.57618839690576,301.0991516113281,22741445
2019-08-01,299.83019923141194,300.46467567410747,282.2011420966039,287.4581298828125,40853304
2019-08-02,286.0079010269763,292.0806517869775,278.30367902483727,279.5726318359375,64472348
2019-08-05,270.5088485380965,274.49691097344663,264.39078972439637,272.14031982421875,48815899
2019-08-06,270.8260868320221,275.7658644073803,269.42121017286377,273.18267822265625,30442970
2019-08-07,274.0890153083865,274.13435085654083,261.7622548707634,262.75927734375,30820114
2019-08-08,262.84990940110384,267.8349938897455,258.8618473422889,266.79266357421875,32929233
2019-08-09,268.56007612379454,270.100931427679,262.8952075955295,264.0735168457031,23377581
2019-08-13,263.66562920928016,264.25476999062965,256.0520516137482,256.8224792480469,24231272
2019-08-14,258.36335908964185,263.9829207412944,257.8648616339854,262.62335205078125,18523649
2019-08-16,260.99184792135424,265.3877640070851,257.68354239470153,263.6656494140625,20047399
2019-08-19,264.6626581560021,265.025204210419,259.22438435827604,259.99481201171875,19831459
2019-08-20,260.402651441094,260.49329486477046,254.37523718321563,257.13970947265625,23204417
2019-08-21,258.77122621919875,258.861869658905,250.43252765511792,251.42955017089844,28226325
2019-08-22,252.24527672833904,252.24527672833904,242.2751072503732,243.4080810546875,27728925
2019-08-23,242.09385926836333,249.48084328306544,238.10579682427516,245.71937561035156,35212444
2019-08-26,261.03716805600425,261.03716805600425,244.72234505250395,253.96742248535156,64066440
2019-08-27,257.4116288097034,261.03714470843164,256.14270377724677,258.9524841308594,45164811
2019-08-28,259.8135498161739,259.8135498161739,255.7801796296345,258.2273864746094,18979998
2019-08-29,256.68656491921814,257.6835597726043,247.71338995478925,248.80105590820312,27083514
2019-08-30,250.11533101901648,251.9280892719958,241.86727543586153,248.21192932128903,45702652
2019-09-03,246.53509527249275,246.53509527249275,241.95789225166743,243.27212524414065,21241863
2019-09-04,244.45048274991103,250.02470933077817,242.2298426325787,249.3449249267578,27309675
2019-09-05,249.25424968181545,250.4778669850797,245.67404121309696,247.71339416503903,25085139
2019-09-06,249.29956141401635,251.06701173046855,246.6257596543391,248.3025665283203,16675146
2019-09-09,248.30253432451903,252.60783450881007,245.62870525113112,251.97335815429688,18616889
2019-09-11,252.4265880802031,259.0884802277044,252.4265880802031,258.5446472167969,20999669
2019-09-12,259.9041837841884,261.76224970955576,257.54759280191064,260.17608642578125,21964832
2019-09-13,258.3179971263051,265.11583915594474,255.59886031444927,264.3907470703125,27303181
2019-09-16,261.2184385568139,263.2577913044141,257.2303488331132,258.0461120605469,18267680
2019-09-17,258.3180445602294,259.63230532482163,247.44149531558816,248.3025665283203,21533362
2019-09-18,251.24828525920108,256.4599648285419,248.71040730739983,254.148681640625,25478758
2019-09-19,253.7408474496608,253.7408474496608,247.48680935034187,248.3931884765625,23387797
2019-09-20,248.8010668710208,278.8475289774439,243.27214874178793,273.45458984375,84481749
2019-09-23,278.756873005967,286.4157872416584,272.2762681621865,284.3764343261719,54178171
2019-09-24,283.8325816888223,285.6453397103514,272.63879537378153,274.2702941894531,40096711
2019-09-25,269.1945909130903,269.64778046008206,252.6078645573907,254.0127410888672,73063465
2019-09-26,255.1457134470397,262.759292259364,251.06700754824155,255.46295166015625,79005946
2019-09-27,256.2333631020268,259.2697107271759,253.7861286543767,254.8737945556641,37851718
2019-09-30,255.0550727035702,255.4629543619617,244.85830784873264,245.44744873046875,41094131
2019-10-01,247.21487132509543,249.70741356577008,222.56136538338075,231.9877014160156,79350077
2019-10-03,230.22028036306972,236.29303110613557,226.68540757463313,230.35623168945312,56207921
2019-10-04,234.29898204126889,236.1117401228261,225.2805133515711,226.5494384765625,60029186
2019-10-07,227.954357171306,229.67647203135573,223.73969963840904,225.779052734375,39160623
2019-10-09,226.68541925898572,237.47132505575496,221.4737394152048,236.51963806152344,60328507
2019-10-10,233.8457965892598,233.8457965892598,228.95135521600193,230.35623168945312,37577511
2019-10-11,232.21431418712643,236.92746845827537,227.95432176197025,230.71878051757812,43272106
2019-10-14,232.89411307474396,235.11472519970005,230.2202837543443,231.53453063964844,28265136
2019-10-15,232.44093440243964,235.5679257434282,230.9454005690674,234.25369262695312,23444973
2019-10-16,235.02407045856157,237.42599700668316,231.12665170961617,232.07833862304688,30892295
2019-10-17,232.3956101917702,241.09685562616733,231.67051793077744,240.59835815429688,37061013
2019-10-18,239.64661557266595,245.94596104184865,238.5589773076696,244.4051055908203,33203721
2019-10-22,245.08490892391404,249.25425841495425,243.3627941251462,245.1755523681641,27574295
2019-10-23,245.4021319621234,251.79209330912795,243.49873039264529,249.66212463378903,31789622
2019-10-24,250.1606166294643,251.65613652286785,225.37114419585893,237.92449951171875,63943183
2019-10-25,240.9155251314627,257.54758517518763,238.87617239842945,255.1909942626953,105518180
2019-10-27,258.2727186449243,258.2727186449243,254.0127260905378,255.4176025390625,12183625
2019-10-29,256.6412068867783,258.3180135595262,252.47185797792972,254.3752593994141,51033578
2019-10-30,256.5052675193693,263.75629981673666,253.10634612997836,262.75927734375,51469048
2019-10-31,265.8862921738295,288.04724271027743,265.3424592274305,283.1528015136719,128449327
2019-11-01,283.15279905825935,285.5093900318909,279.70856986175414,284.19512939453125,44894016
2019-11-04,286.4157944930868,289.1349317825781,283.1075163229713,284.87493896484375,31535656
2019-11-05,284.51239726243904,291.85407358980973,283.5153747087599,289.31622314453125,50080853
2019-11-06,289.0896009561751,289.0896009561751,284.6030137202731,287.8206481933594,32157080
2019-11-07,288.4551453942245,293.032348734554,287.14088464951874,288.364501953125,33926772
2019-11-08,286.59702781641477,290.9476356023475,285.0561725761317,286.4157409667969,25423362
2019-11-11,285.2375045243741,289.724064326641,283.78729247960837,288.45513916015625,20491942
2019-11-13,286.4610937935286,288.7723770165841,277.0347570047277,278.07708740234375,32675829
2019-11-14,278.21309152149956,280.5243472928315,271.64184267538315,277.3520202636719,43617772
2019-11-15,282.7902505674288,293.3948960279043,281.02280043718554,291.7633972167969,95199897
2019-11-18,293.6668263418417,298.9691495717795,293.4402315684298,294.6638488769531,39009263
2019-11-19,295.29827185093745,300.73654593777235,291.9446860936847,299.4676208496094,41372145
2019-11-20,300.91781879500485,301.37100828114194,294.6638094184117,298.01739501953125,29972583
2019-11-21,298.4253336141792,301.6883040696225,295.97809885747256,300.3287353515625,34116162
2019-11-22,300.4193486677677,302.5493173173737,297.51892462927117,298.4706115722656,28974967
2019-11-25,298.1987358041282,305.90295846168164,297.60959489770863,304.634033203125,27561300
2019-11-26,306.3561271292264,308.1688852779201,301.46168565985244,304.0901794433594,36464072
2019-11-27,304.4980764602037,313.1992938847218,302.7759340036262,311.38653564453125,33971305
2019-11-28,314.3775630852124,318.139030419902,312.2475668936075,316.5981750488281,42538227
2019-11-29,316.1903568712346,316.1903568712346,308.71272924174383,309.845703125,23081823
2019-12-02,311.70376779288716,312.11164945317773,304.72466530048865,306.809326171875,20648850
2019-12-03,309.0752590250348,310.842709253745,302.1414647578916,304.76995849609375,26482178
2019-12-04,302.82126504881165,310.8427256743645,300.7819120589505,309.845703125,26789483
2019-12-05,310.88800621098954,312.3382181860548,303.7729253180855,304.7246398925781,30429507
2019-12-06,305.177831184055,306.03887466828746,288.22853221893314,290.0412902832031,47027528
2019-12-09,289.08961535808913,296.9750966685394,285.2828122009793,287.0502624511719,52435239
2019-12-10,287.5034612741451,292.4432107675209,283.0168736697856,284.0592041015625,52155809
2019-12-11,282.06516601798666,286.18917955224623,279.1647420493803,283.5153503417969,52557951
2019-12-12,284.6030279012298,292.7151316396822,284.19514625564506,291.7181091308594,37804216
2019-12-13,294.75448722359505,302.2321146169377,294.57320034380115,301.4163513183594,40955226
2019-12-16,304.49808137114263,305.67636318207155,299.8302066989721,300.78192138671875,35027613
2019-12-17,302.05081974396586,304.31676737895435,299.6942286714791,301.73358154296875,26734601
2019-12-18,303.6370086595433,304.1355061170248,295.2983095963366,296.3406677246094,26449075
2019-12-19,296.703191505935,298.74254439562844,294.1200056468913,297.42828369140625,27516289
2019-12-20,299.42237091941263,307.7157349750047,299.42237091941263,306.22021484375,51839714
2019-12-23,304.27146301695996,307.12655153803723,299.4223294897844,301.2803955078125,30150335
2019-12-24,302.00550535134727,302.91188438582253,298.3799892134463,300.4193420410156,21747782
2019-12-26,301.8242353142542,302.23211696671456,297.382983329717,298.9691467285156,24616942
2019-12-27,302.1867657379973,306.6733530403078,301.8242196548948,305.67633056640625,33477173
2019-12-30,306.12954572977947,306.2201891732715,301.37105538164815,303.0931701660156,22775554
2019-12-31,303.0931692104103,304.860619541199,301.41636232282787,302.5040283203125,23801635
2020-01-01,303.3650835353448,304.49805736441243,301.0538003277505,303.13848876953125,17379320
2020-01-02,303.18381512373156,308.0329489395735,302.1414846696056,307.534423828125,20324236
2020-01-03,306.31082080242334,306.31082080242334,300.91785421834857,302.4587097167969,21853208
2020-01-06,300.6459432623662,300.6459432623662,287.9566365069415,289.1349182128906,35645325
2020-01-07,294.0747050281869,296.38596062944805,285.87195771722196,288.5910949707031,50966826
2020-01-08,282.88088383528265,291.4008406743793,281.8838614299595,289.8599853515625,44527485
2020-01-09,296.29533966864665,300.37404585831734,294.5732248095517,299.2864074707031,40348407
2020-01-10,300.01146588350616,306.31081135220614,297.3829721676829,301.1444396972656,42377838
2020-01-13,302.73058279301307,304.0448433932872,298.2439957263451,299.78485107421875,23615129
2020-01-14,298.92379910381305,300.64594142420054,295.93275930823347,297.2923278808594,26296117
2020-01-15,298.19870251587196,298.3799893870697,292.17128746520297,293.8934020996094,32625740
2020-01-16,293.6668250597939,296.29531888779803,292.17130509390313,293.0323486328125,26653623
2020-01-17,283.69662072523585,293.21360001474056,281.0681272154709,288.228515625,58396326
2020-01-20,290.9477120174724,291.35559370599475,284.05922483013063,284.6030578613281,30682902
2020-01-21,284.4217314982013,287.2768476006926,282.79026029148616,284.33111572265625,30591772
2020-01-22,287.3221550092219,287.3221550092219,284.331115248402,286.5517272949219,24994911
2020-01-23,286.415771393133,294.3918957348207,284.73896466775193,292.94171142578125,33293610
2020-01-24,293.21359979356725,296.6578288505935,291.0836036601865,293.71209716796875,22706879
2020-01-27,290.8570414995215,291.8540640205103,286.23450265529647,286.5970764160156,23309355
2020-01-28,288.1832531708622,290.04131930848393,281.9292150948765,285.6000671386719,26488426
2020-01-29,288.09259460687383,289.7694014282234,286.00790613745477,286.82366943359375,23914114
2020-01-30,287.09555093115443,287.09555093115443,277.03473840509923,281.6119689941406,35802330
2020-01-31,284.33111317565505,291.58214542586757,279.708574584046,288.63641357421875,92656638
2020-02-03,274.63284098786045,278.12240572062973,267.6990470692753,270.19158935546875,56060158
2020-02-04,274.5422376120334,278.756895106082,269.2852496328646,277.57861328125,51141567
2020-02-05,278.16772103000886,284.285779532108,276.0830603083057,281.8838806152344,35014841
2020-02-06,282.06514204758923,293.2135921372996,281.0681196643288,291.8087158203125,57757656
2020-02-07,291.4008660880433,294.573192779515,288.5910854863554,290.539794921875,37126803
2020-02-10,289.86001389793574,292.57915109270243,286.8689740478899,288.6817321777344,24816396
2020-02-11,290.9929719582071,295.29827228325433,290.9929719582071,293.9840393066406,30188757
2020-02-12,299.0144243353265,299.0144243353265,289.361493589498,290.2225646972656,38930849
2020-02-13,291.85404648438816,299.96614983440907,291.85404648438816,296.7938232421875,62516057
2020-02-14,297.3829759492523,300.82720532268104,288.7270393057636,289.4974670410156,48205947
2020-02-17,290.9023601988752,291.0836194082406,282.47301863933757,284.7843017578125,36950692
2020-02-18,285.8719388225962,289.31619571232187,280.433664675075,287.8206481933594,38588583
2020-02-19,292.12591227233435,293.6667674869244,287.54870983094685,290.3584899902344,39846727
2020-02-20,289.4521921610875,298.3800324772656,288.90835912945033,296.9751281738281,40150409
2020-02-24,295.2529686245857,300.28336117010906,291.71809594444824,292.7151184082031,45273936
2020-02-25,295.38891529794233,297.42826808059834,292.03532954053674,296.20465087890625,39050709
2020-02-26,294.4372572838842,299.8301963530423,293.84811639874863,297.4736328125,43915281
2020-02-27,297.2922974375093,299.1050553487137,288.2285078814877,291.8087158203125,47010040
2020-02-28,282.7902227722772,285.1921213759054,272.91069808572826,274.6328125,59705346
2020-03-02,281.8838663839738,282.7902453755621,257.45694149647136,260.4933166503906,66711413
2020-03-03,265.56904705876775,266.8379721269502,258.58991769302656,262.7139587402344,61949382
2020-03-04,264.48139920524073,265.56906514374714,249.34488546740536,258.5899353027344,73675736
2020-03-05,263.66562986609233,270.4634719612674,244.72231542630252,261.4903259277344,149245973
2020-03-06,242.90960456439177,248.71042540994972,230.1749751411418,245.1755523681641,106043172
2020-03-09,235.70386477061837,238.15109931012452,227.63709662484803,229.7217712402344,101286241
2020-03-11,229.31390789717955,234.29899285146607,220.3407605115627,222.1535186767578,90845604
2020-03-12,210.1893026505019,210.1893026505019,189.0706811978622,192.6961975097656,99767083
2020-03-13,181.27581383571152,225.50711517767456,167.36288959172185,219.34373474121097,155701316
2020-03-16,206.5637873197513,209.73611410773495,199.94723108329745,202.4397735595703,75583409
2020-03-17,205.929316563571,208.3765372226536,192.19767954354052,195.0074462890625,65403057
2020-03-18,200.30975037343973,202.258459607418,181.36643562135285,195.05274963378903,101356399
2020-03-19,183.94964381296197,199.17681614061493,179.59902117216853,184.5841064453125,93533467
2020-03-20,186.3062261740565,195.50596847747815,181.27581941912624,190.2036590576172,77391650
2020-03-23,172.21201263252922,180.82261326415568,163.3748172474389,164.5984344482422,61750037
2020-03-24,173.07308290347368,173.97946198527268,157.3020924122696,166.04864501953125,67491360
2020-03-25,161.3354637249799,176.9705016421479,159.93057349390978,172.12136840820312,71567553
2020-03-26,173.61692241196016,182.18220229093205,167.77077988061413,174.70457458496094,107260359
2020-03-27,183.0885767462592,192.06172423291255,176.74392309663637,177.60498046875,114740377
2020-03-30,172.2120174928266,176.74391269000623,168.81309609494184,169.40223693847656,60081554
2020-03-31,174.02478644284733,179.91625056721455,170.44459177947363,178.4207305908203,59543412
2020-04-01,175.83754342579317,176.290732970705,167.906726389836,169.08502197265625,52954239
2020-04-03,169.99138907094266,170.58052990566992,158.6163295300258,159.06951904296875,64448494
2020-04-07,167.1362776919923,169.76478502132113,160.97291171755637,168.94903564453125,72130500
2020-04-08,165.77672716593523,176.2000865209237,163.55610119983493,165.86737060546875,80435759
2020-04-09,170.39926322195407,172.21202134133654,166.41120089141134,170.17266845703125,62416005
2020-04-13,169.31161028903983,171.0337249619394,165.9580105506188,166.320556640625,51847146
2020-04-15,169.4928858984025,173.9794595237814,163.2841837438221,165.27822875976562,72190004
2020-04-16,164.96099853515625,172.12138799441834,163.37483508770282,170.8524627685547,61165773
2020-04-17,177.6502876627183,179.46304570009298,168.85841394750037,175.15774536132812,89851063
2020-04-20,175.83753487723214,178.87391021262323,172.25734041253372,174.47796630859375,81958510
2020-04-21,170.3992535045247,170.58052654007602,165.86735846451074,167.45352172851562,53042420
2020-04-22,168.13331176455893,171.7588279212071,164.37184428413505,171.03372192382812,61503413
2020-04-23,170.1726632741537,172.12137266104008,167.8160722586314,169.22096252441406,50955312
2020-04-24,166.77374174200278,166.77374174200278,162.2418465859701,162.921630859375,65137305
2020-04-27,166.3205497179275,166.3205497179275,163.60141266531832,163.96395874023438,42996571
2020-04-28,164.96099487634214,167.99737036907706,164.23588883611092,167.04566955566406,49590230
2020-04-29,167.680104674808,173.84348426133644,166.32053625852578,172.30264282226562,57470466
2020-04-30,175.38435952494464,177.55966387842625,171.94011610672564,172.66522216796875,63063889
2020-05-04,165.36885222503773,166.3205529781555,161.33546828398735,162.10589599609375,58118177
2020-05-05,164.05461482570504,164.28120959756376,152.99679272504952,154.44699096679688,91050439
2020-05-06,155.126774564769,157.07549789188764,150.95743908000415,155.0814666748047,73156432
2020-05-07,154.85486462757015,156.39570623063,152.99678482818328,154.76422119140625,42942399
2020-05-08,156.3050665124264,157.52868377851152,150.54956776552777,151.04806518554688,55932236
2020-05-11,152.22635095233193,153.08740824006338,149.5525356566412,149.9604034423828,54591827
2020-05-12,148.8274375294793,152.72487021800595,145.79107600430203,151.274658203125,70752542
2020-05-13,161.83398215117188,161.83398215117188,154.53762803227886,157.80059814453125,81720683
2020-05-14,154.94550138316924,155.67060741519924,151.81849631467756,152.2263641357422,48136531
2020-05-15,152.22634709580564,152.49826355615994,149.28061540749945,150.8214569091797,35495540
2020-05-18,150.82148116126433,150.82148116126433,140.48876464826526,140.76068115234375,77349435
2020-05-19,142.75471492078862,143.07195315271184,138.13217576268286,138.49473571777344,71522334
2020-05-20,138.67599760554378,140.7153505115077,136.999190795208,139.03854370117188,66168767
2020-05-21,139.26514593360326,141.53109372835922,137.31643636221222,137.72430419921875,61147471
2020-05-22,137.76962537120278,141.0325957147251,135.45835586372846,136.727294921875,87064198
2020-05-26,138.13214800317394,138.85725393738718,136.1381170567716,137.22576904296875,48275988
2020-05-27,137.72428058561212,145.74573993582283,136.6819503108369,143.751708984375,88195120
2020-05-28,144.52213394672327,147.19594932619094,142.02959160768205,143.38916015625,76968678
2020-05-29,141.4857610128933,146.74274791018718,140.67001165175623,146.1989288330078,58363280
2020-06-01,148.64617942092335,155.35337954562186,148.05703851019578,154.12977600097656,92740893
2020-06-02,153.99379695275806,155.2627359364789,151.5465762537744,154.31103515625,70419104
2020-06-03,156.3504065869813,163.0576069026712,155.8972170026712,158.5257110595703,113168889
2020-06-04,158.52567811730955,161.01822031305497,155.44399511648624,157.75526428222656,83494674
2020-06-05,160.0212371703771,172.03076056803974,159.52272588593397,170.21800231933594,201321234
2020-06-08,178.55667884456335,179.00986838477797,168.40523590980513,169.31161499023438,151741826
2020-06-09,170.12734196884114,173.11839554802384,166.18460146785864,167.18161010742188,96654191
2020-06-10,167.27226129530212,171.3056454187416,166.59247698808488,170.12734985351562,67333317
2020-06-11,170.39926675120515,172.57457100741954,159.8399560192001,160.56504821777344,91726802
2020-06-12,154.08444451788273,163.1482353718758,153.9031714668523,162.3778076171875,92758901
2020-06-15,161.1995309371927,161.1995309371927,155.8972075888451,157.43804931640625,63613412
2020-06-16,161.33547521201243,162.19653256647658,153.54060964158043,156.7129364013672,63925976
2020-06-17,154.9908186113293,159.70398693755428,153.40465526296774,156.7582550048828,73866905
2020-06-18,156.2597454247501,163.73737271821875,155.0814637033101,162.83099365234375,58261857
2020-06-19,163.420154515327,167.63481179872517,162.69504846919196,167.22694396972656,76895151
2020-06-22,167.68012911358304,173.79818787853807,167.0003448063658,170.12734985351562,80023958
2020-06-23,171.8494756766858,175.0218023934899,170.26331231828377,174.43264770507812,65487085
2020-06-24,176.5626448872822,176.6532744957671,166.68310476612868,167.3175811767578,74668987
2020-06-25,165.14227909545505,169.31162873602267,163.5107938521787,167.90673828125,73620385
2020-06-26,170.39926447018362,170.94309744208087,166.5924751576438,167.3175811767578,49176958
2020-06-29,165.86736626405596,165.95800970121698,161.7886605362513,162.46844482421875,50966428
2020-06-30,164.14522910350288,165.77670010683062,160.6556647047572,161.74331665039062,43613239
2020-07-01,162.64972201428142,168.04267473690834,161.87930809976163,167.4988555908203,54012853
2020-07-02,168.26927048627618,170.3992668540507,166.77375053800705,168.08799743652344,52127276
2020-07-03,169.1756548773074,169.35694176299964,166.22992277802763,167.40821838378906,38048810
2020-07-06,169.13033324511815,172.0760651050716,168.72245161569663,170.444580078125,43773740
2020-07-07,169.49290304520437,171.48693443262766,166.8190872872789,170.943115234375,55124494
2020-07-08,171.2150207974627,178.96456551755034,170.76183120950728,173.9341583251953,143063102
2020-07-09,174.74990672994733,182.18221315738288,174.523311937463,180.46009826660156,89539723
2020-07-10,179.46305446310984,183.54176024636232,176.56264422773523,177.28775024414062,111406477
2020-07-13,180.1881742190957,181.09455335115328,173.66224723433075,174.6592559814453,61949761
2020-07-14,174.29668959542224,174.29668959542224,167.3175738560832,168.63182067871094,62239932
2020-07-15,170.35393569919052,172.1666937568148,165.86736227261977,166.59246826171875,58527305
2020-07-16,167.6801364565856,169.44757296670002,164.6437608859483,168.8131103515625,46546803
2020-07-17,169.31162588530452,171.7588467938908,167.68014066949763,170.58055114746094,47035238
2020-07-20,172.21203085323148,175.1577629599315,171.0790569660392,172.89181518554688,45672856
2020-07-21,174.43265205218808,177.83157361918413,173.57159468793185,176.20008850097656,59281860
2020-07-22,177.3783800439075,178.33008082707724,172.3026655840804,174.0247802734375,62276152
2020-07-23,174.38732837223006,180.46007923455144,173.2543545292965,179.6896514892578,70801412
2020-07-24,177.3783832205074,177.92221620069995,172.80116609966944,173.97946166992188,65265493
2020-07-27,174.93116855014677,175.11244160642897,169.0397043243646,169.62884521484375,50697767
2020-07-28,170.39928445983523,172.66523239148196,168.35993132135317,171.71353149414062,51488617
2020-07-29,170.03672612778558,176.9705207692313,169.49289313109475,173.2996826171875,73763368
2020-07-30,174.47797479105765,175.38435388088132,168.6318324277444,169.08502197265625,48472816
2020-07-31,170.39927051111644,176.6079728676896,169.22097491706452,173.52627563476562,145892485
2020-08-03,174.02477852730817,176.3813696019642,172.25734213643958,174.25137329101562,72454278
2020-08-04,175.24841018035943,175.65627802249043,172.66522412978318,173.66224670410156,43866676
2020-08-05,174.7045712288175,178.42073106461638,173.11840780650658,173.52627563476562,68888892
2020-08-06,174.2966915728104,176.29072268806567,172.438611781,173.0730743408203,59740172
2020-08-07,173.52628405853585,174.11543879928584,171.80416921995496,172.80117797851562,44822338
2020-08-10,173.8888288511499,177.19710690057073,173.75286369348723,175.65626525878906,48784530
2020-08-11,176.74392388457704,178.37540902494572,175.61095001352206,176.78924560546875,43890305
2020-08-12,177.6502912267068,185.12791828089215,176.38136610718607,184.2668609619141,157818228
2020-08-13,186.26089491931432,187.89237997662775,181.9555944284786,182.9979248046875,70443118
2020-08-14,183.99493322784969,184.90131220926764,176.38135531603692,178.1034698486328,56169088
2020-08-17,179.87092455976216,180.05219760860393,173.57159275834172,175.0218048095703,54787889
2020-08-18,175.6562534806939,177.423689769823,173.75285204301883,176.8345489501953,46294169
2020-08-19,178.01283508135356,181.5477215790557,177.55964556859018,178.60198974609375,59296062
2020-08-20,175.83754964297177,177.96754611146773,175.15776530156853,176.517333984375,37504602
2020-08-21,180.36944029006463,182.63538803240215,179.14582297710342,179.8256072998047,68041871
2020-08-24,181.27581051287785,183.8136746261075,180.00688537138643,182.59005737304688,53850253
2020-08-25,184.9013420763738,188.93472642914705,183.72304644415124,188.4815368652344,105394375
2020-08-26,188.98004174443912,190.65684860616503,186.8500453341654,190.2036590576172,66749637
2020-08-27,190.7927858509381,196.23106003196244,190.7927858509381,195.46063232421875,80997993
2020-08-28,196.6842654303101,204.75103391816384,196.5029923756865,203.79934692382812,95974037
2020-08-31,209.87208890594445,209.87208890594445,190.65685424523625,192.15237426757812,119986476
2020-09-01,193.14937920814864,198.40636658281144,191.42725073175336,197.6812744140625,75048313
2020-09-02,197.8171981370518,198.49698232308975,192.4242463605328,196.0044403076172,47608088
2020-09-03,197.13744124668068,197.81722552684164,192.42427300361393,193.19468688964844,38594129
2020-09-04,190.33958707325056,192.4242615072449,186.6234276982936,187.2579040527344,54435758
2020-09-07,188.0736721366871,190.0223817616667,186.17027040465024,188.43621826171875,35687359
2020-09-08,188.4362064565606,188.98003944028625,183.90431102633792,184.9466552734375,34146789
2020-09-09,182.27282475480473,182.5447273940728,174.47795972337622,176.6079559326172,72715826
2020-09-10,179.19113122652948,182.59005258450708,176.9251836545444,179.5989990234375,67789617
2020-09-11,179.96157004997067,184.7653819653769,178.55667970250556,183.72303771972656,48487971
2020-09-14,186.62344405962676,186.89536054533383,178.87391411358027,179.91624450683594,63605531
2020-09-15,181.18519414343675,182.18221678230515,178.64734348131518,181.4117889404297,51761038
2020-09-16,181.1398666825054,181.32113973446985,177.87689642615595,179.6443328857422,52404964
2020-09-17,178.55666944153612,179.46304847423428,176.7439113761398,177.1517791748047,41223296
2020-09-18,177.650317685443,178.7379699256307,171.9401261366469,174.56863403320312,55286316
2020-09-21,174.976475672378,175.38434347254392,167.00033738923108,168.4052276611328,57611375
2020-09-22,168.72245477066943,170.67117802799532,164.19055951676754,168.7677764892578,51210889
2020-09-23,170.53520873890366,171.26031472800264,164.0546042149955,166.59246826171875,44320497
2020-09-24,164.1452353674382,164.77969787408233,159.0695076537945,159.83993530273438,46114798
2020-09-25,162.24184753957047,165.64076892657266,159.6586617533502,165.1422576904297,46550127
2020-09-28,166.77375041722297,170.53521806029516,166.18460954839142,169.719482421875,41921548
2020-09-29,170.85246915733308,171.2603370073089,166.093978637036,167.7254638671875,35688726
2020-09-30,167.72545444761911,169.31161786530487,165.32354154554653,168.0426788330078,37641083
2020-10-01,169.49287892451758,173.29966809153234,169.4022354892508,172.4839324951172,43588724
2020-10-05,174.02478787251655,175.6562730248709,169.53821407622775,171.0790557861328,41694686
2020-10-06,173.20905713945646,174.11543626874666,170.67119281139432,173.66224670410156,31098726
2020-10-07,174.52328809060666,175.06710722011243,171.39628314764678,172.8464813232422,34578053
2020-10-08,173.4356429080525,177.4690270577229,172.71053687625567,173.57159423828125,43351606
2020-10-09,174.0247940313589,180.1881749193525,172.71054705081755,179.7349853515625,64907230
2020-10-12,181.0038979933038,186.6687671958374,178.78327203196005,180.09751892089844,69122798
2020-10-13,180.05217205775395,181.2757891667274,176.83453786424064,177.37835693359375,34948525
2020-10-14,175.88284723082344,182.09153506554733,174.97646823332397,181.3211212158203,40548275
2020-10-15,182.1821957907107,183.54176441601447,174.0247840388878,174.7952117919922,49184123
2020-10-16,175.8375440038331,178.33008650904208,173.66223971320423,177.60498046875,36893126
2020-10-19,177.83157691355183,185.4451696628148,177.69562558045237,184.90133666992188,60220779
2020-10-20,182.18217303038193,185.2185481129865,181.9102565732427,184.04025268554688,39316753
2020-10-21,185.53578571081275,187.89237673406836,180.23347665385737,184.6747283935547,54515523
2020-10-22,182.9979220121468,185.4451564758956,182.2728298468473,184.2668609619141,33721637
2020-10-23,184.90134237464224,186.35155451360137,182.68071627393755,183.81369018554688,32707020
2020-10-26,183.72301819341453,184.90131364445284,177.2877356735443,178.2847442626953,45470123
2020-10-27,178.7832417218029,179.05515816347437,174.25134712809432,176.42665100097656,37794381
2020-10-28,176.7439313964192,176.7439313964192,171.35097830703958,172.61990356445312,46458319
2020-10-29,171.6228765974314,172.84648000215222,168.4958578481251,171.03372192382812,44822673
2020-10-30,171.62288526188007,174.02478430482168,168.72246112593524,171.53224182128906,41519686
2020-11-02,174.20603779968027,178.78325443074988,172.25732851795797,177.6956024169922,52600119
2020-11-03,179.4630569625687,186.53281651805264,179.1005108644401,185.58111572265625,69890201
2020-11-04,184.44814138366405,189.43322628592523,179.5083782011092,187.62046813964844,117577856
2020-11-05,195.77788003806984,200.30977540932147,194.64490619525697,198.1797790527344,138023646
2020-11-06,198.496995403777,201.08018101304768,196.7295591696555,198.6782684326172,73147085
2020-11-09,201.66933237827448,201.80528369946467,196.72956947483345,198.9501953125,60359458
2020-11-10,202.21315978726236,212.99906432076887,202.122516355453,210.0080108642578,135294550
2020-11-11,210.9597246961289,216.9418319811576,206.4278294287577,212.2739715576172,107094861
2020-11-12,211.36760857079997,211.5035737373043,204.52444343085153,205.56678771972656,58859905
2020-11-13,203.93530459555896,209.05634115663713,199.49405238313264,207.96868896484375,70676525
2020-11-14,210.27995988396808,211.09569557555668,206.4278485498868,208.14996337890625,7753219
2020-11-17,210.14399282270892,218.98118875147085,209.373565081436,217.71224975585935,80501583
2020-11-18,216.98714961926825,229.3139108324808,215.62758097796893,228.40753173828125,104514060
2020-11-19,224.78200966175703,228.22625289843015,216.62459802080616,217.30438232421875,82284278
2020-11-20,218.89053998450171,222.42541273786705,212.0473754094131,220.0235137939453,84411129
2020-11-23,220.70328303046844,223.10518181061136,215.80884203950913,216.3526611328125,57538324
2020-11-24,217.98417800964825,222.0628840430928,217.077798891105,221.0205535888672,47636611
2020-11-25,222.47073269439687,226.5041166580236,218.98118168709476,220.25010681152344,74767232
2020-11-26,221.15648679447995,223.1958396440192,217.66692194205856,222.47073364257812,64248318
2020-11-27,222.4707392727672,223.19584529255897,219.38905597646112,221.38308715820312,54355703
2020-12-01,222.06288767888935,225.64308248970352,221.38310332885197,224.8273468017578,37003272
2020-12-02,225.0992459941197,227.36519365329045,221.24713497352943,223.8303070068359,56723083
2020-12-03,225.96032201827248,234.7521968966134,224.7820263720468,232.30496215820312,79266442
2020-12-04,232.93943772144067,239.60132989654605,229.8124324713853,238.83090209960935,79252024
2020-12-07,239.1027721252816,246.036593690368,238.3776799804126,244.3597869873047,76053084
2020-12-08,245.58342971262735,248.07597225288637,240.41705774680153,246.44447326660156,65617502
2020-12-09,246.62575999129447,249.1636104209801,243.997266119014,245.0395965576172,48495641
2020-12-10,243.81595572952693,245.6287137646907,240.68893705467244,244.314453125,38676657
2020-12-11,244.7676763525908,250.38723809993724,244.7676763525908,246.94300842285156,50255223
2020-12-14,248.34787266223896,250.296582189351,246.8523526837807,248.52915954589844,31946501
2020-12-15,248.39316081500132,248.39316081500132,243.04553009792173,245.3114776611328,34890948
2020-12-16,247.26019583683075,248.03062356785136,243.36277695354136,244.1785125732422,24844177
2020-12-17,244.72235617124227,246.6710656975439,241.73131621556948,242.6376953125,25904699
2020-12-18,242.63771447067768,246.48982593678727,240.19047965153865,246.03663635253903,29816205
2020-12-21,243.3174779116775,243.81597534726023,227.54647343865057,230.8547515869141,55160758
2020-12-22,230.945392436801,234.48027914827713,225.0086066945215,233.34730529785156,51189571
2020-12-23,232.89410346446155,239.19342114402423,231.67048623849115,238.377685546875,29056404
2020-12-24,240.19044180554727,243.68000658651889,239.87320361446027,241.86724853515625,28585509
2020-12-28,243.5893457367544,250.16059320314127,242.9095615160937,249.4355010986328,36870242
2020-12-29,250.43253934334157,253.69550970159756,248.98235488233496,251.88275146484375,45032526
2020-12-30,251.97338666543817,252.60786309174324,246.98830167745288,250.9763641357422,30971894
2020-12-31,249.25426174990528,251.2936148005863,247.07895736127804,249.20895385742188,29467966
2021-01-01,249.1635736818262,253.78611196762031,248.7103841961697,253.2422790527344,24531791
2021-01-04,255.46294332987725,257.3210093367652,251.74678365560752,254.73782348632812,31450608
2021-01-05,252.01867056234732,256.0067603014469,251.0669836739893,255.37228393554688,27393072
2021-01-06,256.50527625983915,262.07950199628453,255.0550642188508,258.36334228515625,40765708
2021-01-07,261.94354046745246,264.4813906949815,260.1307824019338,260.7652587890625,30546600
2021-01-08,262.940555209167,264.11883685293355,258.4993036112494,259.2243957519531,32543357
2021-01-11,261.03717851216817,261.2184653947773,253.42359967099551,256.0520935058594,29703173
2021-01-12,253.7861077724359,266.3394618497063,251.8827064320445,265.1158447265625,44307145
2021-01-13,268.2882045179148,279.1647533497221,266.9286359139389,278.07708740234375,78042133
2021-01-14,277.98645743550054,280.2977128800965,275.3579361402438,278.4849548339844,40123498
2021-01-15,278.077091492439,281.7932512633978,273.0920065378709,275.4032897949219,35307601
2021-01-18,275.08605091258386,279.75389764473476,264.8439783678452,266.8833312988281,54969750
2021-01-19,269.7837346954542,274.1796788806815,268.65076081578195,270.6448059082031,35803901
2021-01-20,270.826054085564,276.17371270788016,269.0586315016661,274.2249755859375,33759304
2021-01-21,275.5392432655102,276.5815736865538,264.20950464439545,267.2458801269531,29995203
2021-01-22,267.8349696147341,270.1009169041989,255.96140028584097,257.13970947265625,44440810
2021-01-25,257.8648051524141,261.03713140209226,251.112271071046,254.6471710205078,34034630
2021-01-27,253.96745615331548,258.1821137891831,247.16961233401364,249.84341430664065,39211107
2021-01-28,246.4444505908451,256.82250145867476,244.26914646978045,255.91612243652344,48717297
2021-01-29,258.86187146614174,263.43907476807465,252.97040743052804,255.6895446777344,42300984
2021-02-01,258.40866084534906,284.51236522493195,256.27866464335887,281.6119689941406,103414068
2021-02-02,285.50939022471874,305.81227466415584,285.50939022471874,301.91485595703125,121434166
2021-02-03,302.5040019403347,308.07822745522657,295.2982775714913,304.498046875,66420168
2021-02-04,303.09316613627914,324.4837184727254,300.10212616427606,321.855224609375,145203439
2021-02-05,350.7686897261344,370.1198878309798,349.0918829640788,356.297607421875,214955688
2021-02-08,360.7388482286738,369.62135151784616,357.7931164278115,359.8777770996094,79389205
2021-02-09,359.6058901633061,365.7239487861223,352.58145248525796,357.83843994140625,63869990
2021-02-10,357.1586624282923,360.6482273892608,351.6750801042662,355.5271911621094,54163507
2021-02-11,355.11929919081194,359.78717340653003,351.9016646414175,353.623779296875,36392708
2021-02-12,354.39418620527823,361.9624563276939,349.4544096300361,356.3428955078125,53589755
2021-02-15,360.2856891798072,371.11693039670627,358.6542178779079,368.8509826660156,56608937
2021-02-16,373.42816225930954,376.82708363909694,362.8235164901756,364.6816101074219,80365431
2021-02-17,365.27075202724177,376.0113491512085,362.6875662388711,373.2015686035156,74161370
2021-02-18,385.25639404385146,387.6583205918112,374.9690142242952,376.3285827636719,67154539
2021-02-19,376.14730515761215,376.14730515761215,358.019724186161,362.1437377929687,66155518
2021-02-22,363.0954817536171,363.4580278702664,349.54510281744757,353.03466796875,52535049
2021-02-23,355.30056766860133,362.2796970262885,352.5814306711375,358.56353759765625,45462768
2021-02-24,359.832515249399,372.0686335261418,358.2010438766984,368.2165222167969,39632090
2021-02-25,372.5217851670408,376.056657888352,368.4883873777989,369.1228637695313,46988836
2021-02-26,362.0984289098423,363.4579974789656,350.76869083381473,353.623779296875,64450414
2021-03-01,358.11034706933737,360.46693799246793,354.39418765138055,357.9743957519531,29677890
2021-03-02,358.01970884280473,362.14372227287305,353.9863111853155,357.29461669921875,30534337
2021-03-03,359.379314935539,370.6184102992803,358.9261253832874,367.12884521484375,46268223
2021-03-04,361.373298074676,365.7239059662117,357.521187540955,358.60882568359375,43603653
2021-03-05,358.019738465982,358.019738465982,342.7019374662452,347.7323303222656,72179228
2021-03-08,352.08294430864095,356.5695038986241,349.9076125141722,353.1252746582031,39147858
2021-03-09,356.6148535707426,357.9290866164198,346.46339699612867,351.3125305175781,28054083
2021-03-10,354.48488173873204,356.2069965461691,349.59043999004416,351.4031982421875,22677399
2021-03-12,355.02870556290617,356.3882742168456,342.1581112414152,345.42108154296875,35336355
2021-03-15,346.68999815972404,349.8623249402705,334.77111878776964,347.95892333984375,42722585
2021-03-16,349.4997605046783,351.5391133280401,340.88915969492854,343.1097717285156,38196452
2021-03-17,342.7925671955283,344.1068002195137,331.7800396282238,333.6834411621094,33143064
2021-03-18,336.7198127246577,339.89213935867195,327.2934762585425,332.73175048828125,39405038
2021-03-19,329.8766751520337,337.98875127063246,323.8039242900932,336.402587890625,60309145
2021-03-22,337.17300855756133,337.89810073757366,329.4687865878321,332.64111328125,28461974
2021-03-23,334.1820089771797,342.56601624784713,332.68646122752796,337.8075256347656,41032380
2021-03-24,334.00066483965446,334.4991622304421,325.0728260682871,326.1604919433594,42318999
2021-03-25,326.29643942699124,327.0668671077367,312.88204131474504,321.9458312988281,57495003
2021-03-26,326.2964562189816,328.109214309087,321.35667935924687,323.75860595703125,40718848
2021-03-30,326.3870966806981,330.1938720389263,322.9428397445948,327.02154541015625,39405124
2021-03-31,326.56836195930134,333.4115404105168,324.43839331166174,330.1938781738281,38651025
2021-04-01,333.27560015473773,337.0823757101415,329.10625083744304,335.94940185546875,31883453
2021-04-05,333.094285077262,334.63514045338087,316.3715813336761,320.4502868652344,51743981
2021-04-06,322.39904497453415,323.5773266966268,316.5981968213255,317.7311706542969,44147709
2021-04-07,318.3656520284423,329.1968931047109,315.0573739166869,324.9822082519531,48023602
2021-04-08,327.20282122818486,329.2874818781842,321.1300708226339,322.3083801269531,33370259
2021-04-09,321.22070727553273,330.3751405710539,318.32031111509957,319.9517822265625,46473100
2021-04-12,311.79438066392925,311.79438066392925,292.3525397589146,298.062744140625,75501713
2021-04-13,300.91787460192904,310.20826079069343,299.55830589137815,309.0752868652344,49773360
2021-04-15,310.07231687300805,315.0120667099398,304.63404190064483,310.61614990234375,52992349
2021-04-16,310.88802778060347,313.1539755049519,306.9452732081383,308.0782470703125,37766793
2021-04-19,296.5218839073633,300.96313546911597,291.21956123260605,300.14739990234375,53304377
2021-04-20,303.7276450479078,308.07825370819756,296.1140660621531,298.65191650390625,41296147
2021-04-22,295.47957579432506,306.03888639107254,293.0323412496223,305.13250732421875,49105833
2021-04-23,300.6006270919663,308.07825476918185,300.6006270919663,304.9512634277344,44223940
2021-04-26,307.4891413524987,314.9214618023735,307.4891413524987,312.06634521484375,49234985
2021-04-27,311.79441152719977,321.71927377227814,310.34419942985795,319.99713134765625,46003023
2021-04-28,323.5773228861433,330.1938789285813,322.7162517190275,329.3781433105469,56696255
2021-04-29,330.82838370870775,335.3149714834763,322.21778194094685,325.7526550292969,63692926
2021-04-30,320.3596603770805,328.5623790519747,317.6405234469952,320.40496826171875,53832840
2021-05-03,316.87011023977,319.49860385999483,309.43779122762413,317.7764892578125,43691860
2021-05-04,321.7645814985164,328.9249708786379,317.41397286921335,318.5922546386719,57749307
2021-05-05,323.1241588023508,323.98523003727064,315.4199362222106,322.12713623046875,40872501
2021-05-06,324.48370126950726,325.7073185242703,317.7311662543103,322.2630615234375,36294427
2021-05-07,324.0305123392386,328.1092180889633,319.9518065895139,324.7102966308594,38357618
2021-05-10,326.7496752919672,332.6411396176199,325.208819711829,327.83734130859375,41739324
2021-05-11,323.4413630149227,332.0972717040139,321.5379615161324,330.5111083984375,41892770
2021-05-12,328.8342944438896,338.5325609351442,328.018558865301,333.27557373046875,53436590
2021-05-14,335.36025472715534,337.6262023942307,325.8885824145827,326.704345703125,51722170
2021-05-17,330.28455511475545,349.13725793897476,329.6047707555756,347.2338562011719,106555796
2021-05-18,353.48781628106605,355.79907170793757,344.46933400662135,346.46337890625,70917710
2021-05-19,346.236805136607,353.03464816939385,345.5117129439741,348.412109375,48189573
2021-05-20,350.76870500234344,351.4937972043004,346.2368095888765,348.5480651855469,42898608
2021-05-21,353.48779623994847,366.5396477997869,342.6112486633347,363.6392517089844,192810772
2021-05-24,377.9600676311915,379.95411262533776,367.355421575903,373.4734802246094,142964052
2021-05-25,376.2379648545769,376.60051095757547,370.25585734336846,373.7454223632813,56048127
2021-05-26,375.0596636245344,379.5462512709201,372.3405263019965,374.83306884765625,52357719
2021-05-27,374.9690356228089,388.92726789153824,373.4281801260522,385.3923950195313,73392997
2021-05-28,390.19620702755384,393.05129569321736,380.7245342596671,382.5372924804687,65137568
2021-05-31,381.5856335024104,386.1175293872371,378.8664959715143,384.62200927734375,38291043
2021-06-01,386.1627962299375,394.5921382759125,385.7549422399594,392.05426025390625,59299647
2021-06-02,390.4680835668864,396.9487159009735,388.9725636669023,396.3142395019531,38657806
2021-06-03,399.74450473610744,404.27251429706257,396.5428897096169,402.1685791015625,38909199
2021-06-04,400.2019079820428,404.22679015914537,394.94211147713594,396.6343994140625,36898769
2021-06-07,398.0064794681751,400.1103866882579,394.07305008315626,395.3994445800781,20201197
2021-06-08,395.3994916594576,395.6281784678205,387.8528269834818,390.780029296875,31113823
2021-06-09,391.0544427567875,395.4452183161297,382.5473046421107,385.5202331542969,27784834
2021-06-10,388.6760476315755,396.3599178944927,386.389179820239,395.3994445800781,27397712
2021-06-11,397.77779474308255,398.3723747939299,388.9962167189867,392.9753723144531,26831924
2021-06-14,390.597059760629,395.582443235397,381.175174637669,393.6614685058594,30106015
2021-06-15,392.60952864329266,395.90259639194994,391.5118207831599,392.8839416503906,16413658
2021-06-16,391.5117866843202,395.85683571878405,388.76754518886935,389.6365661621094,19701175
2021-06-17,385.1086068502287,389.6366170757428,381.08372438081153,384.4225463867187,23048331
2021-06-18,387.76134676758494,387.76134676758494,368.3229680521954,377.6991271972656,45748727
2021-06-21,371.70754165462415,385.1085829607002,366.35626478802953,383.9651489257813,33128978
2021-06-22,386.9380793847762,389.17922127096506,381.72400899267575,382.95892333984375,28442965
2021-06-23,385.2000881340052,388.5389101483387,379.6201241002014,383.1419067382813,27564829
2021-06-24,384.51401664762466,386.7094044902972,380.80927349198566,381.632568359375,19214547
2021-06-25,385.10854429582463,394.2560156567706,383.3247762140933,392.2435607910156,29886797
2021-06-28,393.9816095851969,396.2227233583746,388.3558922669538,390.3683471679687,29370660
2021-06-29,391.0544626907946,392.3808574148079,384.6969579204669,385.56597900390625,22275961
2021-06-30,386.938095109136,388.6761093385087,382.6387717749082,383.4620666503906,18337773
2021-07-01,384.46827310620233,387.57843621103075,381.58682473872585,384.5597534179687,16161469
2021-07-02,384.46828047269025,389.1334973034476,383.2791201445572,388.21875,16423811
2021-07-05,390.1396609314686,397.457638158788,388.081479836285,395.7653503417969,16483761
2021-07-06,394.8964087286917,399.28718447061107,391.6947932747464,393.1126403808594,20195278
2021-07-07,392.7467185189113,397.00028744406666,391.1001567984235,395.9483337402344,14473774
2021-07-08,395.9025822201707,398.2809305547424,386.1148038004786,388.2644653320313,21433043
2021-07-09,388.76757956535766,391.054447680448,385.1543167771667,387.6241455078125,16844494
2021-07-12,390.1396765129672,393.56997847527344,388.4016624352391,391.0086975097656,12886781
2021-07-13,393.34130279972993,394.9878366218461,391.78622136649943,392.5180358886719,12831125
2021-07-14,392.4265069014827,395.44516117284,390.0481588522399,394.3017272949219,12767351
2021-07-15,395.8111400579754,396.0398268669029,393.0211442395384,394.8963928222656,11030732
2021-07-16,395.1707723928052,395.62814597196353,391.0086839888114,393.3412780761719,8713863
2021-07-19,387.3039562318398,392.8381935032809,383.1418676668262,391.4203186035156,14426686
2021-07-20,390.59711525138647,390.59711525138647,383.1876561938881,385.01715087890625,14623321
2021-07-22,389.2706766176685,390.3226582758298,385.0171075370059,386.0690612792969,11799761
2021-07-23,386.84659960481434,393.2955843528593,383.73646459295605,392.3350830078125,17704661
2021-07-26,391.3288873011682,391.3288873011682,386.2977771058167,387.2125244140625,14037519
2021-07-27,387.9900123298882,396.31421728358856,387.85280583552577,393.2955627441406,24119619
2021-07-28,393.3412767493207,393.7986503269361,385.1542785436563,389.2249145507813,17636515
2021-07-29,389.6823083744162,405.78186472611054,389.22493477303783,403.9066162109375,35263606
2021-07-30,403.8609135541163,406.5136750135399,393.9816543549279,394.98785400390625,35196813
2021-08-02,397.6863713750025,399.4701396987546,394.98785579104344,397.8235778808594,16926025
2021-08-03,397.8693121846302,409.7152718650125,396.63439786165935,408.43463134765625,40922962
2021-08-04,410.4013253925912,427.5985894893642,403.8608885006136,417.9937438964844,129761158
2021-08-05,421.6984642996832,423.07058511627656,401.0251717465032,404.1810607910156,58595639
2021-08-06,405.8733447640056,408.8919993647804,397.00028573672193,398.5096130371094,38236066
2021-08-09,400.5678090955559,404.1353177330876,394.256058749789,396.4514465332031,22196404
2021-08-10,397.3661872816168,399.195681723904,385.74891432261467,390.0939636230469,27794251
2021-08-11,393.1583638682828,395.9940859768348,387.07530013088865,391.55755615234375,23827946
2021-08-12,393.3412879797034,393.75293537765754,388.7675520729627,390.7342529296875,16847144
2021-08-13,391.1458999286601,395.3994687344166,388.76755167640727,394.4389953613281,20908992
2021-08-16,393.3413138038076,397.0003027694244,387.8528303553823,388.63037109375,17608693
2021-08-17,388.63038797892654,389.5451352600746,379.8488084967309,385.56597900390625,22957877
2021-08-18,386.1605476160816,388.1730027408294,382.3643520959112,383.91943359375,17668574
2021-08-20,379.6201008108056,381.7697623865227,370.60983500356787,372.0277099609375,25541790
2021-08-23,376.0525904034102,377.7906045506143,367.0423246390654,374.5889892578125,26559937
2021-08-24,374.5890454100241,383.0504585236815,373.3998850036435,381.9985046386719,19012313
2021-08-25,383.2790740691864,385.38298144784864,378.9797510934709,380.7635192871094,16410980
2021-08-26,379.162754757696,380.3519150779214,375.04639191955454,375.7324523925781,15897679
2021-08-27,375.36653133773024,379.02552025699,372.7594961495837,377.2875061035156,15090541
2021-08-30,379.07124700345594,387.2124917774755,378.2479800785992,386.6636657714844,20308691
2021-08-31,387.7156306445066,390.5970789222341,383.0046878519208,389.7280578613281,26262421
2021-09-01,391.0544291910187,395.6738913987403,388.9047676812977,393.2498168945313,18776721
2021-09-02,394.6219677974022,396.5429426529436,391.28314583574775,393.1126403808594,14372717
2021-09-03,394.4847417412776,397.27470961796934,391.6947738645858,394.6219482421875,14233624
2021-09-06,395.1707482084861,396.86303593097807,393.38698019258743,394.3017272949219,10694099
2021-09-07,394.3017762099861,394.8963842329604,388.85904702541853,392.5180358886719,14928735
2021-09-08,392.426571283819,398.28094811606775,390.9172439005169,394.57623291015625,22817464
2021-09-09,393.569969897511,396.817311184705,393.341283105008,395.4451904296875,9662128
2021-09-13,393.4327789234805,396.81732683650046,392.24359080603887,395.9483337402344,9567921
2021-09-14,397.91503518613325,399.51584279895104,395.39948036599105,396.0855407714844,9981562
2021-09-15,396.0855461642564,407.062512801603,394.66769913994705,406.0105590820313,22181568
2021-09-16,406.9252841868704,426.36366155076513,405.00430954655894,424.1682739257813,42637448
2021-09-17,428.10169954211534,431.66920812179234,411.9564166703356,415.38671875,41529478
2021-09-20,411.0874330206504,414.83790255192383,398.5096575849526,400.1562194824219,18376916
2021-09-21,402.62596652481625,403.7236743094292,395.7653626606565,401.39105224609375,17279588
2021-09-22,401.4825548085636,405.0500634325616,398.9212737236087,401.4368286132813,14321143
2021-09-23,404.6841539207723,412.6881918856447,404.3639868190037,411.4532775878906,20516770
2021-09-24,412.6424744680537,413.3742610740576,402.4887747934983,403.1748352050781,10731274
2021-09-27,406.97104157222344,412.1393578960577,404.5469669689246,408.526123046875,11746892
2021-09-28,410.90443786149785,416.94174682040625,402.1228594905383,406.9710083007813,19241170
2021-09-29,404.1810947489034,422.88766003726454,401.6655397071341,420.78375244140625,38635938
2021-09-30,420.7380285336128,425.2660108839221,412.9169224298335,414.3805236816406,26530369
2021-10-01,410.26412074001394,416.71307735787383,405.96479771752786,413.14556884765625,14777309
2021-10-04,415.11226920872434,424.8085951356085,413.0998421133248,423.6651611328125,16246765
2021-10-05,422.61320970441886,429.0164401544858,419.5945550871636,425.0830383300781,16487568
2021-10-06,425.35745981885697,430.84594317135833,414.9750732272012,418.2224426269531,19056690
2021-10-07,422.7047428857392,424.4427572135685,418.13100627783433,418.86279296875,9984651
2021-10-08,422.5217321810097,424.442706911845,415.5239215834172,418.9542236328125,16521128
2021-10-11,420.7837356299114,434.45921820423183,419.5488212573886,429.2451477050781,20686981
2021-10-12,429.93122235094785,443.1035776227813,428.19320809908646,441.8229370117187,33763609
2021-10-13,444.70436703068015,444.70436703068015,437.2491825762056,440.6337585449219,17638983
2021-10-14,440.908162183073,451.7936485708089,440.908162183073,448.7749938964844,23431826
2021-10-18,451.8851502124249,458.2883810858803,449.7812426632094,455.4984130859375,20084248
2021-10-19,457.6937939090819,461.2155764185171,442.05161028978694,446.5796203613281,20645100
2021-10-20,447.1284351665764,464.2342195457429,441.914392701496,457.2821350097656,34080545
2021-10-21,461.8558533184021,463.3194544140388,449.82693328352144,460.0721130371094,20808243
2021-10-22,461.5814403261629,465.33190941002294,457.3735976446583,460.0721130371094,24080485
2021-10-25,463.3194580078125,471.5064566355026,455.4069002903594,463.3194580078125,35619415
2021-10-26,464.3256560800584,474.02198139386024,464.3256560800584,468.8536376953125,21107457
2021-10-27,469.9056686189385,481.9345613326672,469.03664757410104,474.89105224609375,29463032
2021-10-28,475.3026608462709,476.1716819222038,455.1782487507156,458.6085510253906,28140401
2021-10-29,458.7457214160472,468.94517504243936,446.7625274967812,459.3403015136719,31355893
2021-11-01,465.1489770841813,472.87860252066,458.2883727024087,471.7351684570313,20679604
2021-11-02,470.91188481580207,480.2423181636151,468.39632981589745,477.2236633300781,26797820
2021-11-03,479.32756253370434,496.06742616576594,471.2777978407081,482.6664123535156,80775924
2021-11-04,486.1881956779355,490.213106178052,483.0323062894061,485.2277221679687,9796046
2021-11-08,488.8866906211392,488.8866906211392,472.4212397273489,478.6415100097656,36802110
2021-11-09,481.3857239162526,486.6455204246011,477.68100884628535,484.03851318359375,25451967
2021-11-10,480.7453767019264,483.4438920909196,477.04066173209947,479.6934509277344,15805538
2021-11-11,478.27555445162017,478.27555445162017,463.86831386915736,466.1551818847656,23086898
2021-11-12,468.35056153596366,469.2653087264636,459.8434238306619,467.7559814453125,19836221
2021-11-15,468.71647784739696,471.9180929806941,462.404699966202,463.36517333984375,13328183
2021-11-16,464.1427684171808,464.1427684171808,451.4277866952607,452.8913879394531,19553216
2021-11-17,451.7479334539905,462.3132529890859,449.1408982172135,455.6813354492187,20488483
2021-11-18,456.5503446929596,463.04505556100526,450.3300468255323,460.8496398925781,22471070
2021-11-22,462.8620638704558,462.8620638704558,436.7917697591753,444.9330139160156,28800269
2021-11-23,443.88112604574,453.1658055308073,439.0787027345806,451.0161437988281,20000371
2021-11-24,453.5316489509367,457.3735983433686,447.3571053733013,451.1075744628906,13963769
2021-11-25,448.2261787138783,453.2115626842898,444.8416025245878,448.7292785644531,12894211
2021-11-26,444.7958494828941,446.3051768594048,427.27844526124056,430.3885803222656,26305817
2021-11-29,429.93116911587015,437.02045967044035,415.56962740671617,425.4489135742187,22407465
2021-11-30,428.10171289395703,436.5631249543611,418.954240396223,421.2868347167969,23026652
2021-12-01,424.85434273313274,436.56309557594625,424.44269533208814,434.7793273925781,17156956
2021-12-02,434.04754363565826,437.3863653112203,430.8002022626874,436.33441162109375,12962679
2021-12-03,435.1909703183897,440.4507665965415,429.9769002328308,432.8126220703125,16653993
2021-12-06,432.8126686828265,436.33445128369937,424.2597760566698,425.63189697265625,14353300
2021-12-07,429.19939361913106,438.8042391343788,429.19939361913106,436.05999755859375,13644942
2021-12-08,439.9019296864058,450.4215226487684,439.30734958040273,449.64398193359375,20397660
2021-12-09,450.3300326137153,451.42774041328664,444.65861675824704,446.9912109375,12560970
2021-12-10,446.85403798071974,453.66891625649777,443.1035686192017,452.5254821777344,13261408
2021-12-13,455.31543011455665,457.78525878227936,444.8873173585926,446.2136840820313,14047645
2021-12-14,444.567185835096,448.5463421556833,440.72523602572784,446.8997802734375,11642447
2021-12-15,448.2261487306438,449.1408959729512,442.2802916556454,443.4694519042969,8639835
2021-12-16,446.716837297836,448.7292645531708,437.47788423781503,440.1306457519531,11107781
2021-12-17,439.1243849600465,440.359299271,426.7295714883093,427.9187316894531,12648603
2021-12-20,419.8689607705104,424.4426967266162,405.2330057109719,410.9044494628906,22336114
2021-12-21,418.08524139876994,419.1829493227561,406.60517397482835,407.977294921875,16617447
2021-12-22,411.6362717126858,418.3139156207875,410.7215244422132,416.987548828125,13102553
2021-12-23,421.69848070301714,425.3574696895943,418.7255521514232,422.4302673339844,14471377
2021-12-24,423.1620599894792,424.076807188801,413.6486946997054,417.9937438964844,13221159
2021-12-27,415.02084125115795,421.2411114261733,412.13936506180016,418.9999694824219,8856482
2021-12-28,421.8814697265625,423.4365234010468,419.9147406811489,421.8814697265625,8832210
2021-12-29,421.69850103215094,422.7504548333301,412.9169214578515,415.6611633300781,11757303
2021-12-30,414.15178807532254,416.11848894021495,410.2641125384477,413.1913146972656,28879190
2021-12-31,415.523959645218,422.0643972353255,414.4720058368856,421.1954040527344,10005842
2022-01-03,422.61319979926327,431.7606716563902,420.87518572958294,430.6629638671875,13124509
2022-01-04,432.2180243633156,443.3779506560804,430.89162984177966,442.2802429199219,23296671
2022-01-05,440.8166932031819,452.7998877344807,438.30113827132374,450.4215393066406,24694169
2022-01-06,446.1222608697689,452.2510509133829,444.0183253703631,449.78125,18190843
2022-01-07,451.3820229037345,459.1573742053209,447.72303405592913,449.36956787109375,22746330
2022-01-10,451.29051774588135,461.9015904033174,450.5129770753696,460.71240234375,15832274
2022-01-11,460.11782987724814,464.5086051590335,456.6875279646444,462.81634521484375,16107950
2022-01-12,466.4295887582183,469.72268424064487,465.1489482694605,466.749755859375,14489616
2022-01-13,466.5210671549638,469.12807431519354,463.776825583464,467.7559814453125,10450974
2022-01-14,465.60635992683945,466.8412743231792,462.08457735797106,465.01177978515625,8724574
2022-01-17,464.6915705936892,474.6623372560519,464.2799231935481,470.1800537109375,17422211
2022-01-18,470.1800631090042,473.3359521308501,461.9473382685742,463.5938720703125,12592506
2022-01-19,461.9473404326443,473.51891495637545,457.6480173850423,471.82659912109375,16079457
2022-01-20,472.0095701312035,474.8910462350493,464.691592299712,467.8017272949219,17724642
2022-01-21,462.2217652954026,464.2342203727261,455.5441216662415,459.8434448242187,16947941
2022-01-24,459.56900352714,463.5938857626072,446.3966489765788,452.0223388671875,20233933
2022-01-25,448.2261469544805,473.38169601825234,447.31139971579785,470.7746887207031,21791739
2022-01-27,460.62101634452966,485.5936078016476,460.3008771051329,483.8556213378906,35409230
2022-01-28,488.4750041539352,490.6704197637269,476.94921178187474,478.8244323730469,24715250
2022-01-31,483.9013087692997,494.78682368111714,482.11754041561625,492.408447265625,28674232
2022-02-01,497.5767490544578,497.5767490544578,475.6685425164396,486.919921875,32245356
2022-02-02,490.8990974544457,497.8511537035552,486.05089272542926,493.780517578125,21661864
2022-02-03,491.35653281557944,498.2628637401656,491.35653281557944,494.0549926757813,22717677
2022-02-04,495.9302424816646,499.8179182828877,482.34621235952267,485.0904541015625,25332894
2022-02-07,486.554054052434,502.19620871242086,480.4709628892515,487.7889404296875,52289545
2022-02-08,489.84715729622576,491.8138862361809,474.7538275195913,486.0509338378906,26567546
2022-02-09,489.34405622756935,490.7619033093655,482.7578648117757,489.6184692382813,14856155
2022-02-10,491.3106942745925,497.5767460360815,488.8409215226681,494.4665832519531,18659370
2022-02-11,490.5331950851254,491.85958971603907,482.1632357174107,484.4501037597656,14607095
2022-02-14,471.0948032167013,471.6436291984334,457.0991823651546,458.65423583984375,26153332
2022-02-15,459.2030716920032,481.9345161552179,454.7208162168285,480.0592956542969,23842951
2022-02-16,481.6144139827795,482.9865348203373,470.1800736697981,472.64990234375,19773807
2022-02-17,475.6685303836558,475.6685303836558,467.57301231222186,469.2195739746094,16408356
2022-02-18,466.61256337439534,476.49185011832066,466.61256337439534,471.3692321777344,15111223
2022-02-21,467.9389379855899,473.3816952128393,461.6271876325928,468.21337890625,16866932
2022-02-22,458.1968716860123,462.2217538249075,453.2572423375559,455.9100036621094,27108772
2022-02-23,460.11788088928967,462.2675425760223,454.8580840401576,456.1844787597656,13899433
2022-02-24,439.0786525777233,446.3509039273894,428.1016862632802,432.3552551269531,32356037
2022-02-25,439.0786453039202,449.96413113557287,438.43831111317127,441.7771606445313,21792287
2022-02-28,436.2429352502415,443.9268061673836,432.7669070473986,442.005859375,18069367
2022-03-02,437.2491495618081,438.8956833101287,427.1869306388376,433.81884765625,22003848
2022-03-03,439.0786459675565,442.1887807933195,424.9915449926043,427.5528259277344,20358590
2022-03-04,421.0581191734027,430.7544449425451,418.6340447100843,422.5674743652344,20684268
2022-03-07,409.34937464261577,415.2495052870526,396.49718756599424,402.76318359375,33720472
2022-03-08,400.6592761865156,404.4097453139011,388.7675625097468,402.76318359375,42510207
2022-03-09,404.3182558349919,415.569635045953,401.1623668798871,413.1913146972656,32331325
2022-03-10,429.8397148310213,436.0142585909613,422.293050235539,428.7420349121094,34553299
2022-03-11,426.63811049833384,434.32198179141335,422.6132281939466,430.2513732910156,22091309
2022-03-14,430.8459441310982,444.56715254291663,430.4342967123957,443.78961181640625,27750689
2022-03-15,447.3114104460001,448.6835313369387,439.67326523660074,444.4299621582031,27204899
2022-03-16,450.97035549401875,452.1595156504752,447.67726009385024,450.7416687011719,16211288
2022-03-17,456.458871892994,460.5752344651753,455.8185376598621,459.1116333007813,22947673
2022-03-21,459.20310667199715,459.20310667199715,447.3113927541965,448.7749938964844,19064060
2022-03-22,448.7749957825625,453.53166462015184,436.56311470170846,451.6107177734375,26157969
2022-03-23,456.0015113556305,459.5690201040249,447.4943729620845,448.82073974609375,15800195
2022-03-24,443.65241995119067,452.6169319096292,442.2802990647437,445.5733947753906,18174877
2022-03-25,449.82695903940345,451.2448061069364,445.11601629710134,448.8664855957031,11541196
2022-03-28,449.0951780929001,456.09298904295355,440.86245275969105,455.0867614746094,16738684
2022-03-29,457.3736325658934,458.6542731539036,449.7812414316479,452.7998962402344,14301429
2022-03-30,456.7332820613425,457.7395096003556,450.3300514332755,452.1595458984375,16461225
2022-03-31,452.15954064106813,455.1324691123894,450.2385938076794,451.4734802246094,10240982
2022-04-01,449.1408496088742,466.2923586316163,449.1408496088742,464.87451171875,18527226
2022-04-04,465.880772188398,471.0033903856303,462.8621173718863,468.7165222167969,16257176
2022-04-05,470.54599302683414,472.3754874696574,464.4171754770284,465.97222900390625,13602384
2022-04-06,463.7768341215432,471.2777723880816,462.8620869142029,470.13433837890625,13738275
2022-04-07,466.5668189709018,475.57711279119303,466.5668189709018,471.0491027832031,19620958
2022-04-08,475.2112067517824,475.2112067517824,468.67074143876727,472.1010437011719,13572638
2022-04-11,469.72271895190704,477.4980706774985,469.4483059397051,471.0033874511719,12370288
2022-04-12,469.036660399113,472.64992326429416,461.352788951858,469.1281127929687,14460680
2022-04-13,470.4545037373942,476.4918691407067,469.9514039117203,473.5646667480469,15440525
2022-04-18,468.3505581452404,471.0947996968727,461.03258067422104,466.0636901855469,14492183
2022-04-19,469.4940277402288,476.5375927567471,462.0388432092619,468.1676330566406,20362934
2022-04-20,468.35056590844295,469.90564731315845,463.7768299132433,465.8807373046875,11881305
2022-04-21,469.6312630416218,473.8390780818529,468.5335551692924,472.2839965820313,10035638
2022-04-22,469.1738621663764,469.7226881547967,456.4588537278355,457.9224548339844,16760456
2022-04-25,452.79988432002824,456.6418338987888,448.2718743104798,452.5711975097656,14057444
2022-04-26,456.45886713437346,464.60011188686263,455.955767324922,462.40472412109375,12137213
2022-04-27,457.373617641167,459.9348987336095,449.91843325679,454.8580627441406,12367342
2022-04-28,456.5960774059972,466.52109050280944,454.1720028130292,464.2342224121094,12154792
2022-04-29,464.78307837439434,468.8079606484952,451.8851367031348,453.9890441894531,12894773
2022-05-02,450.65022703722053,452.7998886574553,440.2678401686684,449.1408996582031,18590895
2022-05-04,450.0556172608926,454.1262534207584,436.7917830123501,438.7584838867187,14645323
2022-05-05,443.65241050720215,451.8851356506348,437.8437599617173,439.07867431640625,14130385
2022-05-06,430.8459374700862,444.6586259742756,430.8459374700862,442.6919250488281,16710020
2022-05-09,436.42589383933114,442.4632309305549,433.4072113357847,435.32818603515625,13544947
2022-05-10,436.3344612164106,441.411297554781,433.1328456728939,434.68792724609375,10884328
2022-05-11,434.7336302694935,438.1639324546815,424.12255659347113,435.92279052734375,14771351
2022-05-12,432.6754334647198,432.6754334647198,417.4448978910489,423.2077941894531,18947096
2022-05-13,429.4280875753913,436.3344178232267,402.26008435589927,406.7423400878906,61403008
2022-05-16,407.06254896226824,422.1558794294085,401.436858644054,416.21002197265625,27940958
2022-05-17,419.2286696957922,429.61105696734813,417.2619686155286,427.4613952636719,16880698
2022-05-18,428.0102154600422,428.6505496756105,418.1309567241316,418.9542236328125,15644497
2022-05-19,410.76724282787416,411.6362638846456,406.5594277964166,409.3493957519531,14201420
2022-05-20,416.0727953538191,424.44272717067,415.43246110768746,422.9791259765625,13596860
2022-05-23,423.61944971034774,431.2118405873068,420.32635408429354,421.60699462890625,13499415
2022-05-24,422.9791331929813,427.0040156085421,420.9667059431366,422.6589660644531,17175179
2022-05-25,428.2795143988733,431.48465442641674,419.9647489283932,421.8692626953125,12728644
2022-05-26,424.4240910264561,436.7336436826211,420.3828359935606,435.6188049316406,17055257
2022-05-27,437.9414028849238,441.2858910982905,434.3182191335806,435.6653137207031,10977001
2022-05-30,439.4278338056184,443.05101746267394,437.66269595746616,440.9142761230469,9365470
2022-05-31,440.3568087023797,442.5864577596815,431.9956034738535,434.8755798339844,15441579
2022-06-01,434.78267534704867,438.4987665893312,431.71691141277614,435.0613708496094,9424008
2022-06-02,433.7607749847262,438.8239609977939,433.0640078279661,436.50140380859375,9370989
2022-06-03,439.66007813288394,441.7503796137059,430.6021050493222,431.5311279296875,11306291
2022-06-06,431.25241425266034,432.5530405601163,424.09892703436145,430.7879028320313,10661432
2022-06-07,429.069211704857,432.8782110846822,427.8150251789779,430.5091857910156,7672515
2022-06-08,433.4820594042959,441.79679674597133,430.3233874434492,437.8484497070313,17168871
2022-06-09,435.66529676149,437.47687439087713,429.6266479604756,433.8072509765625,12635601
2022-06-10,429.20859215347053,431.2059857756537,426.0499198728635,429.0692443847656,8621104
2022-06-13,421.77639544593,421.82283525019136,410.7210286364856,414.2048645019531,13426836
2022-06-14,413.41518936323826,417.3635366773815,411.88230725275895,416.295166015625,11351101
2022-06-15,417.0848343951183,423.1234831307332,416.7596707159718,419.3144836425781,9920926
2022-06-16,422.8447800981645,425.2602453817803,408.9094361752225,410.2565307617187,10780703
2022-06-17,408.77007378472223,415.78418530109855,406.2152608235677,409.6990966796875,14326050
2022-06-20,410.16362760412096,411.97523367594033,400.1301912026617,403.8462829589844,12368534
2022-06-21,408.30554249996754,422.6589568704408,406.54040475559736,418.7570495605469,13801891
2022-06-22,416.8990060056877,419.1751233400902,413.0900066314862,415.8770751953125,11066447
2022-06-23,417.13131246207695,424.0525449114699,414.3442435592123,419.3609619140625,12229833
2022-06-24,423.4486411966232,427.6757125494552,421.0332042538962,422.0086669921875,10833364
2022-06-27,427.304083951668,431.85629038223016,425.5389178027619,428.4653625488281,9509175
2022-06-28,426.32858071866406,432.69239291929085,425.49246582294194,431.2988586425781,13261290
2022-06-29,427.3505192076278,429.85889229141424,425.4924734719425,426.514404296875,11800876
2022-06-30,426.4215043535202,435.9904287315172,426.0499008697052,432.8317565917969,16926328
2022-07-01,430.4627449629893,435.5259025050999,427.86146396152674,433.7143249511719,9405495
2022-07-04,433.71432965875215,440.49618522424714,433.71432965875215,439.8458862304687,9186358
2022-07-05,441.4252524654903,445.9310194784432,437.5698128632224,438.63818359375,12003244
2022-07-06,441.42519486060314,446.8599841215763,440.2639163155887,445.884521484375,12059857
2022-07-07,449.6470912782486,453.5954386706712,447.4174419504805,452.201904296875,11497832
2022-07-08,454.29221717097454,455.12833214576847,450.7154731855187,453.8741455078125,9057231
2022-07-11,450.5760961604987,456.4289289555805,450.5760961604987,453.5489807128906,7704792
2022-07-12,450.57607236923,456.4753730076686,448.8109346632436,450.5296325683594,7364457
2022-07-13,453.130944215749,457.4973634247652,450.1580594328193,451.96966552734375,8208853
2022-07-14,452.0625646992339,454.19930610372376,442.958122948317,445.3271484375,9385630
2022-07-15,448.2999911595239,450.0186892029003,441.0071840415013,445.0948791503906,6945602
2022-07-18,450.1580570267316,456.61477784036623,447.8819678205412,455.49993896484375,9934786
2022-07-19,453.3631749213971,463.1643551697625,453.3631749213971,462.6069641113281,11724183
2022-07-20,465.4404581116844,474.3590833386211,464.8830387190893,472.50103759765625,19280117
2022-07-21,473.6158751794091,476.9603917266901,470.7823666026297,475.7061767578125,13814893
2022-07-22,477.0067884794819,483.27769264870454,474.916487089741,477.2390441894531,14699129
2022-07-25,476.9603680284706,482.16287346167064,473.0119924472466,481.0480346679687,10229778
2022-07-26,480.9551628880995,483.8351111742268,476.6816235598744,477.7035827636719,8862656
2022-07-27,478.7254522151504,492.33565933474154,475.8919439286603,490.7098693847656,15101546
2022-07-28,495.35503134884,499.34981855668167,491.9640750160222,494.65826416015625,12160734
2022-07-29,497.07367724099106,498.885283185348,489.3627987297617,490.8492126464844,11921058
2022-08-01,491.4994873820828,497.0271842295448,489.0376110521217,495.8659057617187,8295631
2022-08-02,494.14730280546866,506.2246004960406,493.4040391236026,503.623291015625,16845027
2022-08-03,503.4375555855905,507.61815882986,496.7021392476007,502.4620361328125,24262125
2022-08-04,505.0633817546269,505.3885171266994,486.9938728807156,495.4015197753906,18072293
2022-08-05,497.53817729899976,504.36652928647766,491.4530889559408,493.3575744628906,21110734
2022-08-08,486.8079911951748,486.8079911951748,477.37838624175544,483.4635314941406,32566317
2022-08-10,484.53187490892833,486.34348087745,476.9603724089837,478.1680908203125,16904151
2022-08-11,483.0919020217961,488.6660393528168,480.49064927459784,487.5047607421875,13862195
2022-08-12,488.3873259134069,494.0543426441956,487.8763746840825,493.0324401855469,12154012
2022-08-16,495.44789392173413,495.9588451685862,487.7370153060781,488.6195983886719,10721167
2022-08-17,491.31372279588953,492.89307301767894,487.1331198751237,490.6634521484375,12054183
2022-08-18,489.4556515735559,496.8413943563711,488.85182076049057,494.5652770996094,9013662
2022-08-19,494.24016170944896,495.7730721102587,481.6983530946415,483.4170227050781,11087222
2022-08-22,482.16288711456264,482.9990304092793,473.801680979628,475.0093994140625,9676954
2022-08-23,472.1759006018143,486.80801163866346,472.1759006018143,484.8570861816406,8597965
2022-08-24,482.16286332109064,485.8789547532378,475.9383988316331,482.4415588378906,11930650
2022-08-25,484.9035056236676,490.8027782555925,481.6983653333934,483.4635314941406,15473450
2022-08-26,486.6221618652344,491.91760349846345,485.13574797309,486.6221618652344,12855886
2022-08-29,475.0094140125052,480.3048560679867,472.6404168754124,478.3074340820313,9421339
2022-08-30,481.41971850973016,494.70473575367646,481.1874627652449,493.54345703125,14835308
2022-09-01,485.1822146806665,502.5085146310031,485.1822146806665,495.4479064941406,16670228
2022-09-02,498.88526289297994,499.6749096222966,493.54338158639774,498.6065673828125,10017930
2022-09-05,498.88531592062736,502.41559173178143,498.23498852574266,500.6504821777344,7819994
2022-09-06,499.8143254440455,504.1807444604695,496.19111341480766,499.6285095214844,8657868
2022-09-07,496.46984649081065,499.30335491557975,493.8220972783756,495.0298156738281,8445359
2022-09-08,497.9562994352245,507.5252244456997,497.4917879618707,505.9923706054687,12240707
2022-09-09,510.63742890591453,517.4657241283614,509.1045185320325,514.0747680664062,18587927
2022-09-12,515.5148315429688,518.952170921536,512.1238752658808,515.5148315429688,9677415
2022-09-13,520.2528211805555,520.2528211805555,514.4464280870226,518.394775390625,16707275
2022-09-14,510.96257592164955,534.0487714434327,510.2658087726655,531.1688232421875,21632641
2022-09-15,531.9120414407419,537.4397389468393,527.5921190475323,531.5404663085938,12749947
2022-09-16,528.7068427636351,533.2590770784519,520.5314536194188,521.9249877929688,14739280
2022-09-19,520.903158514852,533.6307837600242,519.8347594839756,531.6333618164062,11194003
2022-09-20,536.928815145089,536.928815145089,532.1907641678022,533.3056030273438,8484017
2022-09-21,534.1881531589202,536.3248944309445,525.2695562395763,529.2643432617188,9392526
2022-09-22,526.5236557498765,533.2590708432804,522.1107975852327,527.0346069335938,11869435
2022-09-23,524.7120943058618,527.6849787662827,510.49805604238094,511.51995849609375,12563239
2022-09-26,507.0606552468925,510.0335396785257,495.16917422341385,504.7380981445313,16158750
2022-09-27,505.89939922928977,511.7987285538855,495.3550121961274,498.4207763671875,11066799
2022-09-28,495.0763361087725,501.48656022664454,483.4170531154082,487.59765625,12233485
2022-09-29,491.45312862643,497.67759358102506,482.6738506213195,484.71771240234375,17310168
2022-09-30,486.80795573628114,498.79237274765114,479.51514930962094,492.9394836425781,17466950
2022-10-03,490.1524257239612,493.9150135732144,481.69834059531325,482.859619140625,9351162
2022-10-04,495.16919845499825,497.7704511963268,490.3382681050698,494.8905029296875,8745887
2022-10-06,496.6556586150605,503.3446353603367,496.6556586150605,499.1640319824219,9507322
2022-10-07,497.4917419504565,497.5846215553129,489.17697600581823,492.56793212890625,11065307
2022-10-10,488.3873640167519,496.0053633580189,485.13578377256994,493.0789184570313,9649292
2022-10-11,493.0788479661083,495.81947654929985,488.20147829710766,489.9666442871094,10825440
2022-10-12,492.3820782574085,497.02719220323314,488.6659871007489,495.912353515625,8522604
2022-10-13,495.1691983565864,495.912405324953,483.27771675355,484.4389953613281,12972765
2022-10-14,492.5679524866068,496.8878749459658,488.6660449694333,489.7808837890625,8545479
2022-10-17,489.03767889540234,506.0387866822973,486.99381716787735,505.0633239746094,13485349
2022-10-18,508.2683954214711,523.5043933483238,507.94326009440294,522.5289306640625,20440781
2022-10-19,523.039873690099,523.4579453205156,512.4025505311012,514.1212768554688,9540583
2022-10-20,512.8206087382911,517.2799070388827,506.596144356835,515.9793090820312,11225588
2022-10-21,517.6980206478074,525.6411552498403,517.6980206478074,521.04248046875,11767639
2022-10-24,526.7559275246837,531.865552923953,525.7340251260505,530.0075073242188,3692065
2022-10-25,531.8656286557928,544.5932541668578,527.6850254611185,537.4862060546875,19899324
2022-10-27,542.5028431021813,543.4783056434958,536.6035146515724,538.508056640625,13613533
2022-10-28,538.7868289392258,541.2952020481209,526.7559713396231,530.2398071289062,10043644
2022-10-31,534.1417633453428,536.4643207503551,528.056674284823,533.0733642578125,9894639
2022-11-01,535.4423001724173,544.1751376967455,533.8165101750305,535.9533081054688,12069579
2022-11-02,535.0243544746663,537.8578632104039,529.4502166195515,533.1198120117188,10241440
2022-11-03,528.6140117679199,546.2190064529988,527.684988900138,543.385498046875,17557998
2022-11-04,544.4073483880893,554.5801591567704,539.2048435079216,551.7930908203125,25759031
2022-11-07,569.4910492043815,578.5025828570365,564.5672390755263,570.5594482421875,44265903
2022-11-09,576.9232326353217,576.9232326353217,567.2149317922315,571.8600463867188,18939854
2022-11-10,569.5839107900034,571.4419565687384,559.4575953177317,562.755615234375,11618405
2022-11-11,573.4393865971748,575.5761279324214,556.0202071744174,558.6214599609375,15525267
2022-11-14,561.0834383305436,561.0834383305436,549.6564670534292,550.4925537109375,12957268
2022-11-15,552.1182806785682,559.3646477289204,550.5854269638519,558.203369140625,10286417
2022-11-16,557.36727343122,560.6652932272399,553.6976218118226,557.1814575195312,11555749
2022-11-17,556.5775677316582,559.9685238213378,553.8369956817869,556.5311279296875,8167131
2022-11-18,558.3428297161709,562.755689019252,554.7661138043729,559.9221801757812,12933675
2022-11-21,559.3646510750879,559.3646510750879,553.0937466607794,555.6485595703125,7412419
2022-11-22,555.6950493243781,558.0640462892758,553.8370035945674,556.5775756835938,8048595
2022-11-23,558.8536181793718,566.3322398994152,558.3426670127318,564.5206909179688,12435924
2022-11-24,566.4717295081228,567.911703703776,562.8020776073517,566.10009765625,8960032
2022-11-25,567.2149011984452,570.1413459163525,563.2201142032641,564.2885131835938,9994513
2022-11-28,562.6161908483663,567.5400571020017,559.596866716974,565.4032592773438,7934274
2022-11-29,564.0097171277736,568.3761356123507,564.0097171277736,565.3568115234375,6942919
2022-11-30,565.3104578057068,568.0046470072868,555.9273488125881,559.6898803710938,15606230
2022-12-01,564.70646501188,566.5180707442009,558.8536329331158,564.938720703125,14209313
2022-12-02,564.3814166405217,566.3323420662039,561.3620921893583,564.4278564453125,7533838
2022-12-05,565.3103892852598,574.1361061270183,564.4278062604734,573.4857788085938,11585602
2022-12-06,571.1168371932469,575.8083915750034,564.6601165911579,565.728515625,12996244
2022-12-07,567.4936548285287,569.3981972670116,561.5943816888696,563.96337890625,7613892
2022-12-08,566.471711256473,570.2342426474543,564.0562744063031,568.2368774414062,10020015
2022-12-09,570.7917501751427,574.1362102722019,565.8678829446616,572.74267578125,11202267
2022-12-12,571.1632656554611,574.7864776344798,567.6329899879643,569.5374755859375,9285187
2022-12-13,569.9555899098569,573.5788021601909,569.0265669434187,572.9749145507812,7455415
2022-12-14,574.6006605360243,582.2650994194879,573.6716376410591,581.1038208007812,14010673
2022-12-15,581.1502249817225,584.8663163337957,570.6987180540169,572.2316284179688,10622271
2022-12-16,568.5619487387619,571.9064081089458,559.364600416179,560.52587890625,9435071
2022-12-19,561.1297799553664,566.2394054350925,560.2007571408708,561.5478515625,8322012
2022-12-20,560.2007571408708,563.4523369916055,556.9956170902503,561.5478515625,6753785
2022-12-21,562.8950131289239,565.9143376361941,547.7518940838596,551.2822265625,9217253
2022-12-22,554.6266864124063,556.4847322630342,545.847408427578,551.2822265625,8740149
2022-12-23,548.1235847074396,548.7739121655022,530.9366587462741,533.2592163085938,13047046
2022-12-26,533.2591961104321,558.9931442668269,530.1934315849046,554.7196044921875,13201587
2022-12-27,557.7854206062935,560.2937372931399,551.189323417787,559.178955078125,9638618
2022-12-28,558.2499017736284,563.9169189700275,556.0666638645115,558.3892211914062,7988631
2022-12-29,557.413761402815,574.1361742448994,554.7660687173757,568.376220703125,20130392
2022-12-30,571.5813315569454,576.5051415202785,567.9581196143295,570.141357421875,13052895
2023-01-02,571.3026768929869,575.2510244474183,567.8188408155474,568.7478637695312,6726084
2023-01-03,570.884518977408,572.835444204816,566.70391631606,568.93359375,6818062
2023-01-04,568.4225967132537,571.302601512438,561.1297901679545,562.24462890625,7011191
2023-01-05,563.9169608142379,568.1904439316046,559.2254060063962,562.1517944335938,8241475
2023-01-06,564.2885438654469,564.3349836708002,554.6266828234792,558.0176391601562,7972036
2023-01-09,562.0588266606619,565.7749180766002,557.5065919949155,564.5671997070312,8878905
2023-01-10,565.2639512610573,565.774902476049,548.6808597528583,552.907958984375,10622660
2023-01-11,554.1157057067913,556.9492141378572,550.2137982871492,554.3479614257812,7419630
2023-01-12,555.4627887853612,555.4627887853612,548.2163651395716,552.6757202148438,8183715
2023-01-13,555.462786881279,560.1079011495518,551.5144397532472,557.506591796875,7877610
2023-01-16,560.2008056640625,563.0807539572319,557.9711280349228,560.2008056640625,5483191
2023-01-17,560.200804476179,562.987873155165,544.4538550992968,550.8641357421875,13461999
2023-01-18,553.6047441160317,554.7660226892714,545.8938090272761,549.4705810546875,11538075
2023-01-19,549.0524687135959,549.7492358058721,545.8473287485155,547.9840698242188,7475688
2023-01-20,551.6537723185195,554.2550250301911,548.8667036910736,550.1673583984375,6750607
2023-01-23,556.0201811934469,559.0395054856419,550.8641156658481,557.831787109375,6604469
2023-01-24,560.6652540658442,561.687156454172,550.9569545645247,552.1646728515625,7609623
2023-01-25,553.5582645072653,553.5582645072653,527.1276087360154,528.3353271484375,25686294
2023-01-27,527.684995977524,528.1959472210457,494.4724280088681,501.62591552734375,40163464
2023-01-30,497.95626040713466,515.0038074618653,487.92282470969167,500.0001220703125,40797825
2023-01-31,506.3174777560764,517.4657524956598,499.6749413758516,514.2141723632812,21911943
2023-02-01,521.5535036702219,524.8979635888558,463.9076129589701,489.9202270507813,38218810
2023-02-02,483.2777269428903,494.84407346083447,466.8340101694445,490.6169738769531,39287056
2023-02-03,497.95628057015045,507.2000698803014,482.3022671924056,505.57427978515625,32317232
2023-02-06,519.1379591275065,519.1379591275065,498.4672006398264,506.6890869140625,25338586
2023-02-07,509.1045148167841,512.2632151446792,502.64779475723776,508.2683715820313,16195947
2023-02-08,510.9625718765987,515.1431747374072,506.7819690157902,510.7303161621094,15502847
2023-02-09,512.8207105542841,512.8207105542841,504.2736873710996,511.7058715820313,15061047
2023-02-10,507.710993148678,517.6979888967993,507.710993148678,513.7960815429688,13824475
2023-02-13,514.6787012854288,517.3728904535258,495.4479153661014,499.3498229980469,18488732
2023-02-14,501.6259495057949,505.94587216970376,493.0789270880096,502.4620361328125,18559909
2023-02-15,501.6723328903008,505.9923117714112,498.69944846589567,503.76263427734375,12796579
2023-02-16,508.0361326298083,508.0361326298083,500.27881436406693,501.7652282714844,12767016
2023-02-17,500.27882893880206,501.3472279492352,490.29183281792535,493.3111572265625,14192008
2023-02-20,494.2401571444544,496.0517630460272,485.0893047356897,487.8763732910156,12570032
2023-02-21,489.68792700631445,491.4066533197849,485.3215649251401,486.2970275878906,10223218
2023-02-22,483.7886509710897,484.8570499338609,476.12421242954093,479.700927734375,14763050
2023-02-23,480.2583733415285,486.8079730892365,475.05583971454416,484.0209045410156,15535085
2023-02-24,486.9938277019231,490.05959200799634,480.86224238671736,484.0673828125,12253035
2023-02-27,484.11383686759666,492.1963478782813,482.16291135259667,490.2454223632813,11048799
2023-02-28,489.8273396469931,490.9421785031601,484.06738614268016,485.6931762695313,15768010
2023-03-01,486.111198898979,499.2568947085724,485.9718227923683,498.6065673828125,13510198
2023-03-02,497.9097672057026,501.57941850464294,494.7046272938927,495.8659057617187,10376913
2023-03-03,503.5304243172235,524.2476241616192,503.29816858644995,521.36767578125,27656538
2023-03-06,524.80503782157,527.5921064096759,519.3237802504061,521.8321533203125,16162268
2023-03-08,520.252859320986,525.3624856178885,516.9548391426886,524.712158203125,12637578
2023-03-09,524.6656570130145,525.5946798673979,518.3947527459267,519.2308959960938,8993423
2023-03-10,513.8425223260048,515.5612486426553,506.31745982451406,508.5006408691406,11522371
2023-03-13,508.1755305452167,513.8890441091696,490.9421669468635,492.3821411132813,14373729
2023-03-14,490.198913404482,494.9833469032127,483.09186615388154,488.1086120605469,14750800
2023-03-15,492.1962953100218,494.2401569236253,478.957719678139,480.8157653808594,11282329
2023-03-16,481.60550483684807,491.77826045743336,477.79647683963054,487.27252197265625,20040008
2023-03-17,491.12794681882934,493.8685188331115,483.18475617807985,492.1962890625,18787379
2023-03-20,489.2234291835881,489.2234291835881,478.4467863850695,482.34869384765625,14275315
2023-03-21,484.949984035069,486.2970786646676,479.7939179592165,484.81060791015625,29485180
2023-03-22,485.1357784462252,489.5950771058183,483.18479629930033,484.5318908691406,11619538
2023-03-23,482.5345005869124,484.020914495311,475.1951972444368,476.3564758300781,22097792
2023-03-24,477.9822736866617,478.4003453249582,467.7165821618938,469.4817199707031,14416984
2023-03-27,471.01462349240376,477.6571600946743,465.95143720498,473.9410400390625,15674218
2023-03-28,475.1487925684998,475.4274881090459,468.0882125755191,472.03656005859375,15833599
2023-03-29,472.8726301460967,481.2338357871869,470.3642571131588,479.8403015136719,24203789
2023-03-31,483.6958266526176,487.6441742313719,482.4880514425495,486.5757751464844,17356345
2023-04-03,487.5047472431923,490.98858297861295,485.04281397560624,489.36279296875,14210949
2023-04-05,489.5950280621676,490.15241907513473,482.20928527356034,485.8789367675781,13574801
2023-04-06,486.80798790702346,495.8195211611808,484.62480682568594,490.1989440917969,25125879
2023-04-10,491.6853615153094,492.75376051347615,487.17962320768146,488.9447326660156,17335453
2023-04-11,493.1718206534169,497.67761607710594,489.7344810288869,494.3330993652344,26414406
2023-04-12,495.35498352755394,496.09819044978934,488.6660078213281,490.7098693847656,21292441
2023-04-13,491.73178559870985,496.3304600695866,489.7344204831548,495.1227416992187,28597560
2023-04-17,490.52406221277573,506.31745057947495,490.52406221277573,505.388427734375,32476990
2023-04-18,506.6426052589142,509.56905001405534,502.1368669691831,507.1071166992187,22283456
2023-04-19,505.3884765215721,508.6400567933102,500.0465946465739,501.9510803222656,21156372
2023-04-20,502.7872234668011,506.73557093822814,498.56018045565,506.1316833496094,25588577
2023-04-21,506.31745499760086,507.6181096733121,501.3936452162168,504.5987854003906,22599418
2023-04-24,505.2026478818052,516.1186670908221,504.9239523489952,515.236083984375,23335611
2023-04-25,515.6076442134857,527.5920607872357,515.6076442134857,521.9249877929688,38142390
2023-04-26,522.1108120871492,526.7559260736897,516.9547469026996,526.1520385742188,23143882
2023-04-27,524.8979661864694,527.1276439453,521.2747540041349,524.6657104492188,17845169
2023-04-28,527.499226189582,539.2513893335699,525.3624847187829,537.2539672851562,16183423
2023-05-02,538.833215305152,539.6228619911891,532.4694319090614,534.466796875,13667511
2023-05-03,530.1468834254196,534.188109923621,528.613973124418,530.0075073242188,9699527
2023-05-04,529.7288393814246,539.57645889107,528.149489198882,538.833251953125,12533761
2023-05-05,539.0190608734192,546.4976833637962,534.2345705860378,535.5816650390625,18163461
2023-05-08,536.6500935577258,545.8938259243915,536.3713413290757,542.177734375,12990869
2023-05-09,543.4783797193426,544.8254742233607,531.4939619981551,532.7946166992188,18959065
2023-05-10,534.188166838668,534.188166838668,523.2721477771822,531.5869140625,18561315
2023-05-11,531.5868903735,538.8332573209989,531.4010744613989,532.7481689453125,16016715
2023-05-12,533.9094836079651,539.5300609348624,530.9830387279558,537.1146240234375,11319335
2023-05-15,537.6720048826024,542.5493751212783,533.8630336631455,540.5984497070312,11410243
2023-05-16,542.5493549355248,548.495123972205,540.6913091994442,544.6860961914062,22178229
2023-05-17,544.4074006716053,548.5880035777866,538.3687520293435,544.6860961914062,23739774
2023-05-18,548.4021918988014,551.7467082714093,530.8436935790718,533.4449462890625,45656620
2023-05-19,537.9042299383079,544.6396455981572,529.450144687857,534.3275146484375,42293962
2023-05-22,536.5107432551475,539.1119961242575,532.7482117209831,536.1856079101562,21484049
2023-05-23,537.8113856521496,542.2706842826218,535.8604035179653,540.3197021484375,16120548
2023-05-24,538.647485615748,543.7106719449978,537.2075114091327,541.3416748046875,17616658
2023-05-25,540.6912739415322,541.5274171494668,536.046159904234,539.9945068359375,16479436
2023-05-26,539.9944904314373,546.033138496477,539.3441631453613,544.4073486328125,9788076
2023-05-29,548.1235013048188,554.0692704408735,546.3118953412509,552.7686157226562,18432231
2023-05-30,552.7685930459252,553.2331044686529,549.5170130868315,550.7247314453125,15031640
2023-05-31,552.9030104609316,553.8500865520962,546.9364426475817,549.1620483398438,28797643
2023-06-01,551.0089573968075,555.3655428828113,550.2513079485735,551.90869140625,17820226
2023-06-02,553.7554176157541,557.7331488713374,552.1453766545729,556.1231079101562,11323908
2023-06-05,557.3542953022576,558.5854826943589,554.9866050078555,556.1231079101562,12920507
2023-06-06,556.8807464651535,557.7331380766161,552.1453659680009,554.3709716796875,11199940
2023-06-07,556.8807091099941,559.3430836813641,554.9865570381913,558.0172119140625,11113781
2023-06-08,558.7275810477244,562.5158856124281,555.3180722565269,557.3543090820312,15971917
2023-06-09,556.8807949778836,557.9225556560352,546.2261879311128,548.072998046875,18870272
2023-06-12,549.3042256177404,550.7248399943379,547.12596180128,548.0256958007812,8786066
2023-06-13,548.7832236852537,550.630033526752,543.8584167095698,545.8946533203125,12612098
2023-06-14,546.462938992896,547.9308954655977,544.8055557290528,546.0367431640625,8948696
2023-06-15,545.5158387577229,546.1788035949786,535.3347705864633,536.5186157226562,17934877
2023-06-16,538.6495217087493,544.284635958382,537.039480808149,541.0172119140625,12660226
2023-06-19,541.0172073600987,542.4378214713288,535.9503734853528,538.7442016601562,17903691
2023-06-20,538.7442468937137,539.3125272688809,532.7776786865753,537.3710327148438,14549152
2023-06-21,537.3710020274224,539.3598387145792,535.7136188531458,536.3765258789062,14946871
2023-06-22,536.3765181498571,538.8862928995716,531.3570264553653,533.156494140625,14979063
2023-06-23,532.256799763519,532.3514842571589,524.4907637219954,525.2484130859375,12215712
2023-06-26,526.5743072501397,528.9419974805809,525.1536931118749,527.5687255859375,8360264
2023-06-27,528.7052460586985,537.8918960196315,526.2428712590395,536.1397705078125,10694768
2023-06-28,541.9643300759469,543.6217133483505,538.4601367390198,539.6439819335938,18028934
2023-06-30,543.6216923972897,543.6216923972897,540.0228147054731,542.5325317382812,8718232
2023-07-03,544.0952635802307,555.3180931535118,543.5270409961187,554.4657592773438,15421985
2023-07-04,557.0701568811107,564.4099964360767,551.435042694053,558.0645751953125,24799250
2023-07-05,558.5854903048938,562.279110336461,557.0701916178066,559.3431396484375,13598114
2023-07-06,559.1538022952366,562.0897153443927,557.9225570117748,561.1426391601562,11323509
2023-07-07,558.774875477377,563.9837938080983,554.5130332067869,562.184326171875,11707209
2023-07-10,563.1788570435173,568.0562645445196,559.0116988517439,561.2373046875,11417363
2023-07-11,563.5103252653819,564.4100591944411,556.2651693899928,557.4016723632812,13221177
2023-07-12,557.8278061774104,563.0367245712572,557.0701568811107,558.0645751953125,16029716
2023-07-13,563.4156054545575,566.3515182969978,552.4768300528634,554.6551513671875,20024503
2023-07-14,555.6968579794273,560.0060423345998,549.9670595859606,553.4712524414062,12190152
2023-07-17,555.933724407829,570.9448589210546,553.2819226326304,569.2874755859375,19378986
2023-07-18,571.1342759530944,572.0813521283934,557.5910982073067,561.0005493164062,25757209
2023-07-19,563.1789116560258,570.5187525475399,560.6691364872713,569.6190185546875,17556585
2023-07-20,569.5716199279582,578.4741010580569,567.0618450076182,577.7637939453125,34038351
2023-07-21,577.7164436119874,586.7136669141413,576.7693674749186,582.5465087890625,21040281
2023-07-24,582.4991762065254,588.9866825360349,581.7888690919402,584.9616088867188,11756364
2023-07-25,588.8919257906668,588.8919257906668,572.2234090326344,577.3375854492188,18503305
2023-07-26,579.610620027468,583.7303782733334,576.9114760463759,582.5939331054688,9999125
2023-07-27,583.7777730624562,588.3710693551636,580.6523754641814,583.9197998046875,17444742
2023-07-28,583.7778004197922,587.0925671630472,581.1259407812325,583.4462890625,11930586
2023-07-31,584.0145391310097,588.1342973187537,581.9783022582515,587.3766479492188,8605483
2023-08-01,587.3766880801346,587.9922529452766,578.2847216097055,579.4685668945312,13493453
2023-08-02,577.5743429390312,578.189965532909,562.6578941967817,566.7777099609375,14977497
2023-08-03,567.0145102168711,569.0506892838814,554.0395552258084,559.2484741210938,27774877
2023-08-04,563.3208772718776,567.0144973448427,541.1593302489086,542.958740234375,52725616
2023-08-07,546.46297490863,546.46297490863,536.660759225921,537.8446044921875,32736325
2023-08-08,540.7805112426742,543.8585088986088,538.3654784890065,542.7693481445312,25038671
2023-08-09,544.5687939346745,544.5687939346745,538.270714326323,543.3849487304688,15769111
2023-08-10,543.3849066549969,547.0311264796395,539.9280558044107,543.2902221679688,27325801
2023-08-11,544.9949813777413,548.3570901449302,541.7275571034544,543.7637939453125,18221179
2023-08-14,542.6272987876729,542.6746410348028,529.0367211747788,531.1203002929688,28084093
2023-08-16,529.2261668704698,536.4239806444865,524.6802126897423,535.4295043945312,15725767
2023-08-17,535.8083185745926,542.8167050327628,534.1509353531953,541.86962890625,27910162
2023-08-18,539.8333722692773,544.8055217507049,537.370997552831,542.6272583007812,18253227
2023-08-21,542.6272655405768,545.0896402898765,540.543686550049,541.4434204101562,9380810
2023-08-22,542.2010852877467,544.0478953051733,537.4657046302118,538.4127807617188,14073413
2023-08-23,540.7804529868503,547.3626434414606,536.0450724878411,546.3682250976562,18579297
2023-08-24,547.5520913034119,551.198311306055,545.0896586661597,546.4155883789062,24131644
2023-08-25,543.4323533378903,544.8529677459564,537.1816730643789,539.7861328125,12271885
2023-08-28,542.485189493311,544.3793417316292,539.0757385863141,542.5325317382812,9711932
2023-08-29,543.290190743833,545.7999075542886,541.5854076364338,544.4266357421875,13144855
2023-08-30,546.1788293829949,547.1259055366658,536.1397874711188,537.3710327148438,15281416
2023-08-31,539.1703793793449,540.1174554217484,529.7943612425105,531.64111328125,27898476
2023-09-01,532.9197778538285,540.9699253809107,532.3514974630689,539.4072265625,18121168
2023-09-04,541.727551909577,545.8473099953048,538.3654431746227,545.0896606445312,12108655
2023-09-05,545.1369963939355,547.6467712562122,541.11192284817,542.6746215820312,14444729
2023-09-06,543.8584199415603,543.8584199415603,537.9391946483348,540.306884765625,20609936
2023-09-07,537.9392991892722,550.2512901918436,537.9392991892722,548.4044799804688,12390597
2023-09-08,550.2512460973644,557.3543172604112,549.0200586567578,552.5715942382812,14032068
2023-09-11,555.9336794295848,560.9531712774162,554.3709807180713,560.3849487304688,10946134
2023-09-12,562.2318305676972,562.8000531872625,553.7081444445414,557.2122802734375,16093060
2023-09-13,557.2595939653754,566.3515012990373,552.5715557632003,564.883544921875,19377172
2023-09-14,566.7777593769611,571.749909391221,563.6997617490858,565.6885986328125,13178911
2023-09-15,567.6300111292684,568.9085984880269,563.6996801792226,567.109130859375,11756389
2023-09-18,567.1091681687718,576.2011335888857,565.4517849614788,571.9866333007812,19305055
2023-09-20,569.0507065380637,574.6858214384503,567.6774923043499,569.2874755859375,21314600
2023-09-21,568.2457179919575,574.4963977678915,553.7081214953073,557.0228881835938,23453425
2023-09-22,562.0896643296132,570.1398111649995,560.1008276451988,566.4935913085938,18784139
2023-09-25,569.6662630363052,569.6662630363052,559.2010838964593,562.6105346679688,9712784
2023-09-26,562.5631630667496,563.5102390988484,559.9587039784775,562.9420166015625,8327427
2023-09-27,562.0423402102848,562.8473317978076,557.0701905339704,558.5381469726562,9865347
2023-09-28,559.9587875621745,563.6997500083563,557.6857816238776,558.7276000976562,21960816
2023-09-29,561.4740302773386,568.2456473637309,560.0060739159695,566.8723754882812,12189735
2023-10-03,565.0255828135226,572.8863607525196,558.3960500586644,571.03955078125,15322196
2023-10-04,568.2456856343284,568.6718814595422,553.5186631759601,555.223388671875,24914612
2023-10-05,558.7749204115613,562.8946784824502,556.0283764943421,560.8111572265625,13248028
2023-10-06,561.9949962079626,567.2512571455039,560.8584932959413,562.7999877929688,8216780
2023-10-09,556.8807601865917,557.8278363093581,550.7721076337612,554.1342163085938,9189597
2023-10-10,555.9337191138808,563.5103285736951,554.7498738857847,560.337646484375,10373508
2023-10-11,565.3098283343924,565.4045128360046,556.5019730965079,557.2122802734375,14220119
2023-10-12,559.5325470113615,561.6161259874797,554.0395172051866,555.033935546875,11983797
2023-10-13,547.173196531182,550.5353050008061,544.3793105785601,545.6578979492188,19064577
2023-10-16,545.5158407243849,548.1203000333988,541.2539982187257,545.1843872070312,11290293
2023-10-17,547.1258616987968,549.2567828738186,544.8528559901324,545.9420166015625,10765224
2023-10-18,547.173266107088,548.593880385168,539.2178030278637,542.3432006835938,11777454
2023-10-19,539.6439799329851,543.6217113329951,536.9921782679586,540.9699096679688,11441499
2023-10-20,539.7387483748817,539.8334328727063,532.3515077863527,533.298583984375,11110988
2023-10-23,533.2985175092036,536.0450612630916,521.8389200635397,523.6857299804688,11875035
2023-10-25,529.0366808435873,531.1202598029354,524.3013003927678,526.7637329101562,12134624
2023-10-26,522.2650981182113,523.6383699485027,514.4517207238925,518.0505981445312,19424825
2023-10-27,520.8918604785226,532.7303118530344,520.8918604785226,531.4517822265625,10415296
2023-10-30,533.2038964013556,536.7080898747511,527.0479011498302,535.2874755859375,8593704
2023-10-31,536.9921684408466,539.3598587778873,533.3459484437798,535.618896484375,13039696
2023-11-01,536.2818656519717,539.5019476582157,534.0088597881594,536.4239501953125,13575575
2023-11-02,540.8751285057469,544.9949441545303,537.5603622114079,541.8222045898438,11148516
2023-11-03,545.5158870868132,548.8306537618198,543.1008543560113,547.5521240234375,11371371
2023-11-06,551.1983420030499,551.6718800975543,542.911425349224,543.9531860351562,16499138
2023-11-07,544.3793444383654,550.4406547530965,542.2957654048678,549.0673828125,17923281
2023-11-08,551.1036132997641,551.766520334941,548.3570694499737,549.5882568359375,15434808
2023-11-09,550.2512912521584,551.0562829280533,545.9894482045944,547.7415161132812,12434363
2023-11-10,547.2205864297704,550.2512416625661,544.9476383588791,548.8306274414062,6773038
2023-11-13,550.2512491026093,551.6718633429775,544.758218934174,550.5827026367188,11282362
2023-11-15,556.1704647315032,556.8807718384401,551.7665375465191,553.7554321289062,11397676
2023-11-16,553.7554110919988,556.8807506828024,552.0506856611003,553.7080688476562,8622660
2023-11-17,544.0952543037619,544.0952543037619,532.3514867895021,533.251220703125,37173221
2023-11-20,534.1509536100332,536.8027552939175,530.9308715478544,533.9141845703125,12714585
2023-11-21,536.045106882722,536.6607295090693,531.3097260798711,531.7832641601562,14280013
2023-11-22,533.1565296940364,534.6244861641455,525.7693472920832,529.3682250976562,14909071
2023-11-23,532.0200331450485,533.6774164258742,528.7526088304325,530.3153076171875,6376210
2023-11-24,532.2095095129049,532.6830476372504,529.6523920804499,530.6941528320312,6529851
2023-11-28,533.7720990209981,535.2874555553268,531.4044086282419,534.5771484375,8153314
2023-11-29,537.9392847228976,538.8863609283957,535.1927406049756,538.5075073242188,10299034
2023-11-30,539.5966479405728,540.0228437781268,533.8195064246602,534.8612670898438,19758998
2023-12-01,536.992172021036,543.8111317981642,536.5659761965393,541.4907836914062,10614230
2023-12-04,556.880774541967,564.4573837194087,553.6133502732071,563.2261962890625,26077882
2023-12-05,563.5576649909151,578.9476527969288,563.5576649909151,576.05908203125,36430152
2023-12-06,581.5047350018984,581.5047350018984,572.554854148129,576.2484741210938,21439069
2023-12-07,577.7164969433031,580.131529754782,572.9811158208171,579.3265380859375,10725706
2023-12-08,577.7164613742833,584.1565677433689,573.3125340795355,581.6468505859375,17722136
2023-12-11,582.4518232147626,587.0925193997506,580.6523554357004,581.7415161132812,11706255
2023-12-12,584.3459679623248,585.2457018402724,578.4740844380203,579.9894409179688,14494836
2023-12-13,581.9309891613761,587.6607886744899,579.2791873326978,587.045166015625,13977914
2023-12-14,592.8696487197641,594.5270319230541,589.4601978235428,590.64404296875,15813797
2023-12-15,594.763786742552,615.5994608004121,587.0450934582335,613.9420776367188,29813572
2023-12-18,612.4268262567273,620.9505117561671,608.4017525486585,614.1788940429688,16221796
2023-12-19,614.1788360277644,624.6913573620863,606.3654583913279,620.7136840820312,19964008
2023-12-20,623.8390450027288,625.4490859501609,600.398911288317,602.7666015625,22542056
2023-12-21,598.6942371598262,614.6051056049055,594.2903097504551,609.6802978515625,19915516
2023-12-22,610.6273291849556,615.0312562708087,601.5354215427969,603.0507202148438,14998068
2023-12-26,605.0395707400135,607.3599188509928,602.0089733268344,604.2819213867188,10153089
2023-12-27,606.8390745327218,615.0786490253292,605.1816911844077,614.2262573242188,14417646
2023-12-28,615.8362543661124,618.7248250055344,612.2847188738049,616.9254150390625,16982092
2023-12-29,611.3376758557351,615.2206650823382,605.7025610083924,608.0702514648438,13221898
2024-01-01,608.2123370371694,612.6636066637731,604.2346055026524,607.4072875976562,8295548
2024-01-02,607.4072591036456,613.7053385549276,600.3041880555562,605.6078491210938,15164482
2024-01-03,605.5130715344494,613.7053027877732,602.1509629952877,609.3961181640625,14571772
2024-01-04,608.4964462867835,612.1900665146259,604.8502261119448,608.7332153320312,13883388
2024-01-05,610.8640954983638,617.2568592884629,603.9977936497388,607.9755249023438,15984585
2024-01-08,606.1287629585327,610.8641439191463,591.9699623253096,593.8167724609375,14739531
2024-01-09,598.5521938399974,600.7777999197968,591.4491219194277,592.301513671875,13400235
2024-01-10,591.73317522907,592.2067133106882,585.4824956736869,588.8446044921875,12742464
2024-01-11,592.8696781345247,593.9588388441286,585.7666069108683,587.3766479492188,15533860
2024-01-12,590.7861088551372,602.8139878885283,588.2289916110394,600.0674438476562,16620797
2024-01-15,605.0870045162184,611.3376842854633,602.4351449244722,606.2234497070312,16844018
2024-01-16,606.1287229383505,610.7694190953231,599.9253858505162,603.1928100585938,15025543
2024-01-17,590.9755375773763,603.0981011461799,590.0284613953612,592.8696899414062,30016308
2024-01-18,592.6802223057629,599.9253777209321,586.2874585176507,595.0479125976562,14695436
2024-01-19,599.499188239714,601.8668785566165,591.6384679485856,594.5270385742188,11675202
2024-01-23,593.8167982958976,601.2987236611575,568.8613626697149,573.0758056640625,30954343
2024-01-24,577.6690860249656,589.4127951297775,571.1815799753688,585.5771484375,19221835
2024-01-25,585.7665492181922,590.7860408275468,574.1648673622134,580.3208618164062,22684904
2024-01-29,586.240116875537,596.1844161117133,583.0200349532757,589.9810791015625,19572140
2024-01-30,592.3487686641458,599.9727198414752,591.1649235184444,593.5799560546875,16966577
2024-01-31,593.2484841784004,609.1593508832941,589.0813262725044,606.6022338867188,23270745
2024-02-01,608.7332050368398,618.3933934805597,599.7359814695897,613.3739013671875,26587707
2024-02-02,617.493672317934,625.5911621347344,612.4741801008781,615.26806640625,27471811
2024-02-05,612.8530000951133,620.145498565037,604.9449367638961,608.9226684570312,28339525
2024-02-06,610.343212779607,620.3348542139742,603.9504490148065,615.8362426757812,14079390
2024-02-07,620.3822334047071,642.0703008129436,620.3348911572103,639.51318359375,41696232
2024-02-08,644.3906856459379,680.853120253775,642.5912176991574,662.5271606445312,74222434
2024-02-09,666.4101226667173,689.8028561552406,657.4602419368277,686.866943359375,43235061
2024-02-12,687.5772971988666,687.5772971988666,667.215159609644,670.4352416992188,22873137
2024-02-13,671.0508318054963,680.0007134812453,664.9895787916939,675.6915283203125,23351472
2024-02-14,668.2095893122887,708.8865229305478,668.2095893122887,704.0564575195312,36782182
2024-02-15,708.1288729039719,723.5662031109259,702.3990735633622,721.387939453125,33941282
2024-02-16,723.0452778952919,733.6051419871368,713.4797743669861,714.7583618164062,27365121
2024-02-19,718.5466855971592,724.5132537731262,710.3071115422806,719.0675659179688,13979584
2024-02-20,718.878140197099,723.092640626177,714.095417199918,719.87255859375,12528399
2024-02-21,720.3934973720231,736.3517073942173,719.3990211695317,730.6692504882812,21465311
2024-02-22,732.0898793051539,732.0898793051539,716.9366605873241,725.3656616210938,18799244
2024-02-23,725.3656188570327,729.7221458595922,715.0424660921377,718.8781127929688,14143636
2024-02-26,715.0424640283459,725.7917547695781,712.8642005333531,718.736083984375,11355186
2024-02-27,718.7361245980043,722.0034911226533,702.9199410846512,710.1650390625,13969393
2024-02-28,710.1650270994766,716.6998756485756,701.7834263040562,703.2040405273438,11263318
2024-02-29,704.5300165868673,714.0007786982383,698.1372521616919,708.5076904296875,19217113
2024-03-01,712.2012253214909,731.1427472715305,712.1538830776034,728.443603515625,17348526
2024-03-04,733.415788130336,735.8781629797205,728.3015538370722,731.1901245117188,9789141
2024-03-05,728.7751257237001,745.3016167439201,728.3962721270127,742.4603881835938,18088847
2024-03-06,742.1762558623576,748.4742776430227,731.9951871429561,742.4130249023438,26710525
2024-03-07,748.190193930005,751.410276114466,741.5606605660682,746.3433837890625,15497868
2024-03-11,748.1901991756113,750.8420009787892,729.7695554956787,732.7528686523438,16778340
2024-03-12,729.2486473566764,736.5884876385131,717.2681107424115,719.4937744140625,21529705
2024-03-13,718.4993277010051,723.2820505868954,703.6775631743476,707.70263671875,27950252
2024-03-14,710.2124696487804,711.0648035507907,695.2012771081664,701.830810546875,19730882
2024-03-15,700.1260871078978,707.0397318687048,684.7360987203383,693.1651000976562,29792241
2024-03-18,688.6190419826069,698.8475105936745,683.8836612570906,692.2653198242188,18145126
2024-03-19,691.3655971347375,695.4853553107556,682.983996236656,685.4937133789062,15205043
2024-03-20,686.7723283939229,699.8419683708956,681.7054360495005,697.2848510742188,25405455
2024-03-21,702.7304280554747,710.8752589513945,701.3571562240289,704.90869140625,15161161
2024-03-22,704.4825610232863,709.170599460014,702.1622707327812,707.1817626953125,15535921
2024-03-26,703.7248953357582,708.2708491244837,699.4157105756636,700.8836669921875,14678342
2024-03-27,703.6776175097407,706.3767615612527,691.5550536950569,694.490966796875,30088789
2024-03-28,698.7054262433901,719.3516746513696,697.9004346418056,712.53271484375,21705116
2024-04-01,718.87809271021,721.1984406857478,712.2959023406002,718.1677856445312,9949971
2024-04-02,718.0731968840731,728.0648393789514,713.4798425640489,725.8392333984375,15713063
2024-04-03,724.4185584476019,731.7109984397689,719.9199468084377,730.2430419921875,19136981
2024-04-04,733.9840367300943,734.2681480220336,717.9784262265191,719.1149291992188,15889530
2024-04-05,717.8363829672766,727.0703754749767,712.7694908570097,724.2764892578125,9939620
2024-04-08,725.5076285980329,729.248590721814,721.4825552076852,727.6385498046875,9797174
2024-04-09,727.7806889266177,731.5689935781403,720.8196444464801,723.755615234375,7465892
2024-04-10,725.933847345905,739.3823398361972,723.2347035208019,737.8196411132812,14530669
2024-04-12,736.1149412559511,738.2458626040706,724.3238315687016,725.7444458007812,14408722
2024-04-15,719.58848097137,722.9032476518954,709.1233005838425,717.4102172851562,11356572
2024-04-16,711.4909794514435,714.9478306266623,705.003530747474,711.9171752929688,13338991
2024-04-18,712.2485648644453,719.7304891283136,702.7304616816317,705.3822631835938,14589648
2024-04-19,695.6274008930026,712.2012327726861,693.3070528688593,710.7332763671875,10886554
2024-04-22,714.2375393646912,728.301597812964,710.73334586364,725.5550537109375,17452186
2024-04-23,729.580068899774,736.5411130931677,725.0341150661952,732.08984375,12292429
2024-04-24,737.2987433357519,737.2987433357519,729.438023272222,732.1845092773438,7842615
2024-04-25,729.8642999447579,771.2988838816899,728.9172237404853,769.6888427734375,36732974
2024-04-26,772.7194359962122,773.6665121242601,756.6191418193988,758.89208984375,14964358
2024-04-29,764.2904382833768,787.2570344771462,756.4297179512396,782.7584228515625,27302732
2024-04-30,782.7584365175279,790.666499233327,776.5077570611428,782.5216674804688,27449073
2024-05-02,783.1372892528356,789.7668222833302,781.3378214511536,786.1205444335938,19943724
2024-05-03,790.619154131125,791.9450838558431,776.6024387488413,787.4464721679688,22667634
2024-05-06,790.8085783183144,791.755654460013,760.5021417839598,765.048095703125,35283557
2024-05-07,769.0258341813609,771.5356091020818,751.2208141135195,759.4603881835938,16725013
2024-05-08,760.1233071452959,778.4966078740321,757.1873941548523,767.8893432617188,27908322
2024-05-09,768.9310974695414,795.2124588602853,761.0229774672023,776.4129638671875,49290254
2024-05-10,783.2319591393382,788.0146820325868,772.4352681404719,774.0926513671875,20543142
2024-05-13,776.4604199836035,776.4604199836035,756.3350502013341,765.9952392578125,15398505
2024-05-14,769.9728976160259,778.875436405395,765.1428324503737,774.897705078125,10912462
2024-05-15,777.5495004946132,781.6219162809175,774.7556143581575,776.8865356445312,9755062
2024-05-16,781.6219595013043,782.4270089369695,755.1511687191949,768.978515625,20536990
2024-05-17,771.3935410944193,778.9228082130512,768.2682012918576,774.5662231445312,12492509
2024-05-21,777.5495346221023,792.0397884444491,776.2236048637419,786.6888427734375,14037801
2024-05-22,795.9331822307055,796.0295133266376,783.414724155801,788.422119140625,19239277
2024-05-23,794.1517316465437,804.5516696610887,791.5517324493296,801.277587890625,17497488
2024-05-24,799.2553916967729,810.0886726083256,796.3665167870256,797.9072265625,12252075
2024-05-27,801.7590699633794,808.3072335281287,792.5146936444445,802.818359375,12295193
2024-05-28,804.7443027300019,809.5590944673188,792.8035957117308,800.3628540039062,13818893
2024-05-29,797.7146835951445,803.5405695871641,788.9517277526038,792.1776733398438,14518232
2024-05-30,790.9739767920537,805.0331445629747,788.9517290829909,795.2590942382812,17818705
2024-05-31,799.9294778988177,804.0701868667423,786.8332096505334,799.5924072265625,22267336
2024-06-03,831.5626306363492,878.2179721623354,825.0145259321062,872.1032104492188,64269020
2024-06-04,863.7736004371982,863.7736004371982,704.8373437950039,746.4852905273438,122381193
2024-06-05,761.4592351040986,765.5518076607758,716.4890731382206,760.4962768554688,74256082
2024-06-06,770.3666270723245,802.4812623286783,766.5147939369629,786.6887817382812,40555649
2024-06-07,789.5295559574165,800.699849042878,780.4777241722821,799.207275390625,25061284
2024-06-10,803.2516957835098,814.1331129043821,798.4850404060916,800.9887084960938,16725508
2024-06-11,805.0331354685376,808.4997618244676,798.3405635563713,804.5997924804688,14754408
2024-06-12,805.9961215652175,814.2294035252687,802.144288248299,808.018310546875,15071442
2024-06-13,813.6997946256373,814.5664806385139,805.1294419180801,812.6405639648438,12523972
2024-06-14,813.6997089993326,818.4182278630158,804.1663989581385,808.1145629882812,12903496
2024-06-18,810.3775091653368,819.958955574296,809.1256751864971,813.6034545898438,14929083
2024-06-19,815.4331029467074,828.7219161598205,809.8479563816961,821.0182495117188,32925140
2024-06-20,821.4033966290509,821.4996689454273,811.1478676397271,812.4960327148438,13985352
2024-06-21,813.6034982004232,816.6367816070117,797.9072307555297,805.322021484375,18990090
2024-06-24,800.699845971808,805.0331584274583,790.6369197366024,801.8554077148438,12715254
2024-06-25,805.996104620019,814.5182621448073,803.3961054308986,811.0516357421875,20917530
2024-06-26,808.7404727237647,817.3589609223837,805.0331069252793,814.0367431640625,16281760
2024-06-27,812.6404830567203,816.0108369000839,807.199745485568,812.7367553710938,20378887
2024-06-28,815.5294261991826,831.9959899913704,812.736823556385,817.5034790039062,23636388
2024-07-01,817.888612537416,818.9960380974777,808.8368397383734,810.7627563476562,10967797
2024-07-02,812.7368170641629,814.9516094316318,792.6591597257975,795.5480346679688,21142840
2024-07-03,798.292447663417,812.5923552125606,794.440614381567,808.8368530273438,23598009
2024-07-04,811.7738338725269,813.6034781228886,803.3960850421123,808.2108764648438,13372587
2024-07-05,806.9590387546798,829.3478187678616,805.996080474543,827.9033813476562,24873722
2024-07-08,827.903435254619,832.9589665545163,821.8849456118841,824.5330810546875,10359800
2024-07-09,828.0478896992312,837.7256091400944,824.2923287105681,829.39599609375,13585081
2024-07-10,828.2403880397673,828.3848552906051,812.2553041995063,817.5515747070312,17343236
2024-07-11,822.7516382126789,826.5071405152041,818.273858372934,824.9664306640625,8501366
2024-07-12,824.9664106629458,831.0330363694129,823.6182454951478,827.8552856445312,11446064
2024-07-15,827.8552953420664,854.4810581363205,827.8552953420664,848.7033081054688,25392820
2024-07-16,849.6180412132858,855.2031872360685,841.9143753130872,848.0773315429688,11893692
2024-07-18,848.0292284959793,861.7513839164689,844.9958864196212,860.4513549804688,19435183
2024-07-19,861.8477205923227,865.6995539804449,850.5810961772029,856.406982421875,14562742
2024-07-22,848.7996180509505,861.8476914572568,835.8478169663675,844.3218383789062,14614111
2024-07-23,850.2921373240815,851.7365747034543,817.6478290405348,831.899658203125,18279212
2024-07-24,832.188532102206,835.8477617004108,815.8182418384882,820.4404296875,19624845
2024-07-25,816.1071710805719,819.2367856009398,810.04054545749,817.0701293945312,9522375
2024-07-26,813.362711787555,832.2366700338795,812.7367654134732,830.5033569335938,12081506
2024-07-29,833.9699855260068,856.1661615632173,831.2255780072089,839.3143920898438,26582781
2024-07-30,842.2996149354311,847.9328973347123,836.8107410128214,840.469970703125,13528447
2024-07-31,841.4810813734941,842.5403707610664,835.8477988655185,840.0848388671875,11636874
2024-08-01,845.2848286735671,848.7515140014297,827.6145664441017,830.696044921875,11787203
2024-08-02,824.9663688604599,826.5070785961769,814.8071707781978,816.4441528320312,12609331
2024-08-05,799.2554057076235,800.555375930074,770.3666561037335,781.5851440429688,27676951
2024-08-06,792.1776770526977,795.9331791962649,766.1778026885571,768.15185546875,17900930
2024-08-07,779.0332399118962,780.6702807246692,770.8962307809461,778.6962280273438,17692355
2024-08-08,781.9221664085547,787.507312985182,773.06293798995,778.1184692382812,14769069
2024-08-09,785.7739981345145,799.2072786074854,779.5629051443975,793.7665405273438,15320885
2024-08-12,790.2035442003192,792.5146675912324,781.1517715969126,782.4998779296875,16120449
2024-08-13,783.3665819906377,789.6258109801142,765.5999894887229,768.0073852539062,17585172
2024-08-14,771.2814404594144,779.1777100523152,770.7518251641638,773.2554931640625,11788665
2024-08-16,773.255475013765,784.7147017023967,773.255475013765,782.0183715820312,11427335
2024-08-19,784.8109770417955,794.8257663935242,782.4998537223788,783.5591430664062,10151482
2024-08-20,787.6517443817361,792.5146719871843,783.2221009869668,789.9146728515625,10347493
2024-08-21,789.9146891751129,790.588771746324,781.1517920723019,785.3406372070312,14607257
2024-08-22,788.662838830503,793.3813579571615,786.8331945713555,789.9146728515625,7832917
2024-08-23,791.0702271868793,791.5517063269808,784.3295192254573,785.1480102539062,5537747
2024-08-26,787.6998695275697,792.9480038850295,783.6554330147424,784.859130859375,8523795
2024-08-27,787.5073199593448,789.0962247326166,781.0073511539267,785.677734375,12833290
2024-08-28,784.5702603306938,786.9295198766698,776.625854503473,779.41845703125,10371300
2024-08-29,779.5628735084862,785.7739662465469,777.0592054590912,784.3295288085938,18247268
2024-08-30,786.8814263829273,790.2999167148297,784.1850960274376,785.3887939453125,8911426
2024-09-02,787.0257841074723,794.8257813768107,782.9332114506573,791.6961669921875,11813750
2024-09-03,791.69624247498,795.3554725033293,786.1592318819613,794.248046875,10548350
2024-09-04,785.2443376942574,788.325815931437,783.5110245528155,786.2554321289062,10789570
2024-09-05,788.0369123055189,791.6962009160937,784.2332739868236,788.422119140625,8395074
2024-09-06,781.4406841241514,782.7888492947188,748.2186217676717,753.514892578125,40220096
2024-09-09,755.9222308989729,759.0037090727857,742.4408153160613,755.2000122070312,21322103
2024-09-10,758.8111049121503,759.5814597612606,748.7000432350214,753.6593017578125,12824701
2024-09-11,751.1556455515445,758.811176152104,737.0483410564517,740.1297607421875,20060665
2024-09-12,746.2926556518515,760.6407573153975,744.1259995547978,758.5703735351562,17578964
2024-09-13,761.7000092457633,765.5518424151477,756.0185318111974,761.5555419921875,12950936
2024-09-16,761.5555716904744,765.5518722692779,755.344537482079,756.451904296875,9553736
2024-09-17,756.5000258703583,758.3296701716079,751.637098153009,753.9000854492188,10665630
2024-09-18,754.7667043250664,765.3111094724715,753.0333911386886,763.3851928710938,18324412
2024-09-19,765.5999675189145,771.6665929182252,755.0074264560737,760.6889038085938,10645478
2024-09-20,765.4073730812867,765.4073730812867,750.625986843672,752.7445068359375,21372244
2024-09-23,756.8852061006995,775.1814133728537,755.4407686844768,772.1480712890625,17309545
2024-09-24,769.6444158126969,774.4592072785255,766.9962805064912,768.6814575195312,15180653
2024-09-25,768.3444146087945,768.4406869245006,759.4851869144526,763.72216796875,18465571
2024-09-26,766.5147888755175,773.2554968178902,762.277748944874,772.1480712890625,23198842
2024-09-27,772.1481043919451,778.0703215620741,768.8740813727312,772.9185180664062,15193681
2024-09-30,772.1962595176911,772.8702832866289,757.3185425049131,758.71484375,15484573
2024-10-01,758.811137952777,770.7036494096986,758.811137952777,767.4296264648438,13280535
2024-10-03,760.6408027275493,774.2184915699847,755.2482008550121,764.6851806640625,15944135
2024-10-04,762.6629675013947,779.8517495092212,756.1629990283715,767.1407470703125,20097454
2024-10-07,770.3666227637009,774.2184558775194,737.0482898388944,742.1038208007812,24267990
2024-10-08,743.6445559601656,755.3445229531092,743.6445559601656,752.5037841796875,8560960
2024-10-09,757.5593104537433,774.5554892758929,753.0815308248506,767.8629760742188,18758697
2024-10-10,769.4036799200226,774.6518143977434,765.5518467289336,767.5740356445312,10241015
2024-10-11,767.6703227285054,772.9665930626187,763.6258863548668,770.1258544921875,14322720
2024-10-14,772.2925854662725,779.2740334022208,771.1370237082186,775.325927734375,8967564
2024-10-15,775.6629124338771,777.5888290383062,771.9073515455158,774.8444213867188,6252104
2024-10-16,773.0628831824524,779.0332361787332,772.3406644838936,775.61474609375,6494240
2024-10-17,779.5147505956958,789.1443336790275,776.1443965165297,781.00732421875,18580553
2024-10-18,781.0554877623608,792.1295086964368,773.1592763766439,790.0110473632812,11704698
2024-10-21,794.1517285715379,795.8369056109815,779.0332713770955,783.7999267578125,10359618
2024-10-22,783.8480454773676,786.5924530851014,758.329650876446,761.1222534179688,16645356
2024-10-23,760.7370872594624,763.2407554293255,750.9149004539081,756.88525390625,13866198
2024-10-24,756.9333240763132,767.4777287162982,755.5852177848088,765.1184692382812,5607500
2024-10-25,768.4407670601641,771.0889025356221,743.4038498376525,752.0223388671875,9717125
2024-10-28,754.7667145175037,774.1703480481368,754.5259749390806,762.7111206054688,13757251
2024-10-29,766.5148254883454,803.925732845734,761.2185547092174,801.8554077148438,28274791
2024-10-30,797.3294530672716,802.1442444505282,790.6368812896834,791.9850463867188,15977682
2024-10-31,789.625816992613,797.3294834998579,783.4147241162844,789.8184204101562,13402324
2024-11-01,791.9369337915391,795.0183533490626,788.566579722976,790.7813720703125,1637141
2024-11-04,792.2257844782764,806.4775551912725,777.2036001259493,799.1109008789062,14498161
2024-11-05,799.1109232553587,819.8627216790217,795.6442968785319,817.7442016601562,26254561
2024-11-06,817.7441759391488,829.492278606691,814.8553011245552,823.13671875,15002433
2024-11-07,829.1070762299017,830.4552413269911,815.3367846280997,827.7589111328125,15283847
2024-11-08,827.7589523824207,831.5145133583849,803.2998462002181,811.9183349609375,26139105
2024-11-11,814.662682286405,822.366348312754,810.8108492732305,816.2515869140625,12621337
2024-11-12,820.9219490525154,821.7886350304474,793.7665132938048,796.07763671875,11350729
2024-11-13,792.8516675674828,800.9405405398265,774.8443949499054,778.6962280273438,13756706
2024-11-14,778.6962686314655,787.6999054097373,771.3777501381329,774.459228515625,9461484
2024-11-18,780.9592121300385,786.4480864115857,769.6444516583641,784.136962890625,9322451
2024-11-19,788.6628255309678,789.9146595309171,770.4628906628374,773.2554931640625,13677029
2024-11-21,768.9222221753172,768.9222221753172,733.3409003273077,751.8297119140625,29486577
2024-11-22,756.88525712065,789.5777045997442,755.0074765981217,785.8221435546875,20665405
2024-11-25,796.3664717835007,818.1293046973657,795.0665016573014,813.1701049804688,23434605
2024-11-26,812.7368358136894,815.3368350764866,804.5998261173272,808.3072509765625,8893744
2024-11-27,807.4405312232043,811.292364407334,801.2775746188726,803.2034912109375,8375108
2024-11-28,803.2034750413964,814.4700986330259,799.7368487551913,807.7775268554688,13505677
2024-11-29,809.9441653170932,812.7849039261208,800.7479257305017,807.8738403320312,10822949
2024-12-02,807.8738668385488,810.8108778597823,801.8553775432713,805.4183349609375,6651119
2024-12-03,806.9590409400479,824.8700414893754,805.8998103387524,822.3182373046875,12186182
2024-12-04,822.3182752631592,831.995994696608,818.8034538591721,827.8552856445312,10749716
2024-12-05,828.1441384564639,839.1700227524034,823.9070984244045,833.3922729492188,14716036
2024-12-06,833.1996452731378,843.0218314074111,825.2552395250841,831.658935546875,14520568
2024-12-09,827.1811795615839,834.7403787055949,825.2071268017763,826.266357421875,9630346
2024-12-10,829.8773982578593,836.7625731734661,826.2663048631648,835.3662719726562,7379849
2024-12-11,835.3662917047014,837.6292201091063,829.0589268478445,829.684814453125,7006973
2024-12-12,829.588577653526,832.2848491458258,819.6219827317773,822.0775146484375,8845103
2024-12-13,821.0181697348605,830.9366865999768,804.0701282655722,829.6366577148438,9379370
2024-12-16,827.9515344064523,834.3070944496669,826.025617806868,829.0589599609375,6432713
2024-12-17,826.7478560331779,830.6478254844673,815.6738353243519,819.044189453125,8791216
2024-12-18,819.4775061625006,820.4404644541135,805.9960900799213,807.103515625,8295338
2024-12-19,794.0553299104415,806.9589936527981,789.8183489792347,801.9515991210938,9453398
2024-12-20,803.9739498998235,805.0331805750654,779.9962634758409,781.9221801757812,10244198
2024-12-23,787.025851437494,793.4776841679945,782.114787338898,790.7332763671875,4933200
2024-12-24,793.7183788955526,795.5961593356999,779.2258682332135,781.9702758789062,10602771
2024-12-26,782.885145127243,792.3702614447049,778.0703533367926,782.3555297851562,8318714
2024-12-27,786.0628842447148,787.9888009322062,767.6704033888981,770.0296630859375,10649800
2024-12-30,772.292577441985,778.0221912364731,755.9222859001974,759.1000366210938,21515438
2024-12-31,757.7999962148708,769.5962346158304,756.8851741350371,765.503662109375,9086044
2025-01-01,766.0814709969738,769.0666770195652,760.2555849821816,763.8185424804688,7273098
2025-01-02,765.5518634653022,772.6777785343264,757.848196914708,771.522216796875,11398319
2025-01-03,771.5221710853858,779.5147129032193,762.8074105712243,764.0111083984375,13336514
2025-01-06,767.8629940224499,768.0555386685415,744.5112545755807,747.640869140625,11419367
2025-01-07,750.9629781385199,754.8148111917903,746.1481868219319,749.9037475585938,9669152
2025-01-08,751.9741707073787,754.911181809416,731.9445907621887,742.5853271484375,15641490
2025-01-09,742.5853431803976,742.7778878278531,699.3484904504,732.2816772460938,15351029
2025-01-10,732.1853132713054,735.1223830791824,714.5631882955921,715.71875,11779296
2025-01-13,714.0335881192036,716.3928477377098,695.7373801970662,702.4780883789062,10414733
2025-01-14,705.8003381418084,728.9594748276388,705.8003381418084,720.4373168945312,11960975
2025-01-15,725.252061939764,730.7890721249498,722.2187198068513,725.7816772460938,7792299
2025-01-16,732.2334984141427,747.929706597395,732.2334984141427,737.9149169921875,11816079
2025-01-17,737.9149678673344,739.5038726459838,731.2705905527847,735.7964477539062,5766573
2025-01-20,740.5149313492541,755.9222641211501,739.4075057965499,750.38525390625,9198929
2025-01-21,755.7296474236301,755.8259785163474,728.044596835733,730.9334716796875,13751780
2025-01-22,733.7741747049805,734.7371329395015,710.6631770764773,725.5408935546875,9908339
2025-01-23,722.2186740896237,727.6594116108213,715.5742387782767,718.2705688476562,10986405
2025-01-24,722.1224594960153,725.7816893156935,711.6261904172143,716.58544921875,10579213
2025-01-27,712.5891362148737,727.3705224901476,708.6410307266503,721.4483642578125,11433353
2025-01-28,728.9594308479976,731.6075661648166,717.7891381122306,724.5298461914062,14140860
2025-01-29,725.1075785552505,732.6186413192878,722.0261003310969,730.355712890625,9251973
2025-01-30,730.4520203133268,736.6631132188579,726.7927904600431,734.3519897460938,11085824
2025-01-31,736.5668412651819,748.7482287285419,731.3668428360176,744.2705078125,10083763
2025-02-01,746.1000586507049,749.9037555863902,724.2890890176571,737.6260375976562,9363077
2025-02-03,734.5445718854385,734.5445718854385,725.2520596511663,732.7631225585938,7862190
2025-02-04,738.5889944967314,752.3111498703669,737.2890243394788,750.3370971679688,12020807
2025-02-05,751.107474382643,753.0333909836241,736.6630998752845,737.6741943359375,13419162
2025-02-06,740.5149273858113,742.2963767183029,722.2668559769037,724.3853759765625,32745391
2025-02-07,731.6557177630287,731.75204885935,704.6447487163948,709.8928833007812,37240692
2025-02-10,712.5891075604651,716.3446682586824,706.2336065973515,709.5076293945312,12667049
2025-02-11,710.1336193776868,712.7336185765542,699.6373502606822,704.018798828125,13017060
2025-02-12,705.9928588867188,711.3372653768854,690.5855270091603,705.9928588867188,12697743
2025-02-13,707.1965624268578,710.1817094926294,699.2521568630419,700.6965942382812,12370571
2025-02-14,703.8743505061794,705.7521308643177,689.6707161993432,695.4003295898438,10417539
2025-02-17,692.4151383583221,701.7558454140641,685.1929512700127,700.7447509765625,9093600
2025-02-18,700.7447443190354,701.2743596122846,690.7780909672726,698.9151000976562,8562003
2025-02-19,695.3040270429543,707.6298814976512,695.3040270429543,700.3595581054688,6766606
2025-02-20,698.0484664022894,704.4039674105562,696.5558340793757,702.670654296875,7423268
2025-02-21,700.359526366243,704.5965661934869,693.3299428670359,695.255859375,6571602
2025-02-24,684.1818648659195,693.089229046088,684.1818648659195,689.8633422851562,6912148
2025-02-25,692.318880181649,692.318880181649,683.7003916586949,684.5670776367188,8599635
2025-02-27,689.4781266274379,691.1151674539011,675.1300247842662,677.8263549804688,12033139
2025-02-28,674.9375369686069,675.370821210472,657.3153519889653,663.2857055664062,15780609
2025-03-03,664.5856611067829,671.5671084335651,654.811611339565,669.5448608398438,10598479
2025-03-04,667.3300691464701,691.8373684334783,666.4633832092842,689.5262451171875,14386214
2025-03-05,690.970715357852,704.2113919626877,690.4411000485206,703.2965698242188,10409805
2025-03-06,708.7372906926826,709.4595093992308,700.0706662141035,704.93359375,10928847
2025-03-07,704.9335834778076,707.6298548547695,701.0336142741386,705.607666015625,7246729
2025-03-10,705.6076955415114,711.1447057760574,699.6854784765769,701.9003295898438,7400109
2025-03-11,698.0485277239401,706.8595613151393,695.930007610309,702.8151245117188,5538789
2025-03-12,703.5373526546633,709.7003096539208,692.4151953776362,696.2670288085938,5547762
2025-03-13,699.0114994024942,704.3559065637423,697.6633341842002,700.8892211914062,5908337
2025-03-17,701.9002911815586,704.1632195569075,695.5447314737941,696.36328125,5149563
2025-03-18,696.36328125,696.36328125,696.36328125,696.36328125,0
2025-03-19,712.2039126231394,721.5446195922909,711.7224334883822,717.5001831054688,7604850
2025-03-20,720.292765833536,724.8186813309343,716.6335362646441,721.7853393554688,6963197
2025-03-21,722.1705565633118,727.611235450561,719.3298179504133,725.3001708984375,9577327
2025-03-24,729.9223707530908,753.9481914133478,727.1297682523594,751.8778076171875,12095064
2025-03-25,754.8630261504609,756.8852150473521,740.7075275492936,744.2222900390625,15190143
2025-03-26,743.4038006048552,747.3037699282959,733.2446023903115,735.7001342773438,7711852
2025-03-27,735.5075423870684,747.063042059369,732.3297917320479,743.6926879882812,15648616
2025-03-28,743.5000536959915,749.7592824252198,738.5889900489357,742.9223022460938,7628185
2025-04-01,738.3964100364205,753.7556066211873,734.92978367858,743.1149291992188,7011125
2025-04-02,743.6926981564776,748.2186140115384,735.9890316029483,747.20751953125,5458436
2025-04-03,741.4778693122336,755.6333676630561,741.4297331535035,750.3370971679688,7956680
2025-04-04,750.2407674906192,753.9000559499343,736.6630793418844,739.0223388671875,8231194
2025-04-07,702.9595626780941,725.7816862623683,702.9595626780941,719.2335815429688,14923235
2025-04-08,731.8483424817248,745.3297593169144,730.0668930525142,740.1297607421875,12911288
2025-04-09,738.5890580792018,739.5038802710596,713.552140856178,714.7077026367188,11319387
2025-04-11,730.8853451496299,731.5594277102952,718.3668873275676,725.9260864257812,9360327
2025-04-15,741.4778565892068,742.1519391227857,729.0556715859763,735.2186279296875,7859090
2025-04-16,735.2186797710156,746.0519609071307,732.3298048013849,743.1630859375,12536694
2025-04-17,743.4037724463682,771.3295618258302,738.7334484219398,767.9110717773438,27034818
2025-04-21,773.2555185548143,793.8146548472636,771.7148087772562,786.4480590820312,16398507
2025-04-22,790.7332527762891,804.5516812424216,783.8480772367818,791.9369506835938,25117557
2025-04-23,795.4035350043313,800.2183263784495,780.0924749249118,783.3184204101562,12104382
2025-04-24,782.644317299962,788.6628063594819,781.1036076104479,783.270263671875,12713521
2025-04-25,784.8109946884551,788.6628277912206,757.8481629690972,769.066650390625,13131038
2025-04-28,769.0666410567842,792.322047867904,767.8629432267787,787.0739135742188,11317611
2025-04-29,789.6257719721119,798.2923962986351,779.0332311285836,782.4517211914062,11283059
2025-04-30,781.4406459920804,781.4406459920804,755.4407723731201,759.4370727539062,25635764
2025-05-02,761.0740832238849,773.6407362949234,759.7741130041347,767.1889038085938,14720184
2025-05-05,753.0333941109573,769.4036852872824,753.0333941109573,760.737060546875,23986447
2025-05-06,764.5407836505257,769.5481787593242,742.5371503787388,745.426025390625,18869468
2025-05-07,736.9519906088443,753.418613146944,736.229771868778,747.3519287109375,15586266
2025-05-08,750.1444750563841,757.3666619150783,735.7001013389954,740.514892578125,14491673
2025-05-09,728.4779526212103,752.7445134918086,727.5149943229668,750.38525390625,13578216
2025-05-12,769.4037033297868,774.12222264216,763.6259533673605,771.95556640625,15096824
2025-05-13,769.018476685771,777.7332963407931,767.6703703271746,772.0518188476562,13909596
2025-05-14,775.9036380329437,777.5888150314639,766.8036704860727,771.0407104492188,9281719
2025-05-15,774.6517783287684,779.4665695934455,765.0703319571993,777.8295288085938,17058854
2025-05-16,789.7644580739088,789.7644580739088,776.9946347468432,778.0751342773438,14733924
2025-05-19,778.0750903727592,787.2104729702169,778.0750903727592,780.9237670898438,10666184
2025-05-20,784.0180560729261,785.2459236919375,769.9220998339915,771.7393798828125,11324667
2025-05-21,773.0654298291093,776.9946060925355,765.3052827270537,773.1636352539062,8206040
2025-05-22,774.0477442991881,774.2442151084329,766.4840678018166,771.346435546875,7355826
2025-05-23,773.9495383488706,780.874699700136,772.2796264031289,776.5034790039062,5534158
2025-05-26,777.9769427872259,783.4286631605596,775.2265312430146,780.33447265625,4965466
2025-05-27,780.3344684569088,787.1613645883718,776.0614530866071,779.6468505859375,11995043
2025-05-28,780.4326591919574,784.7547771957036,778.6154390963333,782.4463500976562,6873519
2025-05-29,784.8529869834019,786.2282227070898,777.3384131262393,783.232177734375,14034127
2025-05-30,783.8706869171444,800.0785394661832,778.5662748283969,797.91748046875,22037314
2025-06-02,798.4577080916993,807.9859725290632,794.8723707211232,799.2435913085938,26891575
2025-06-03,801.7484370268255,803.9094959854718,790.8940994751483,795.4617309570312,14247597
2025-06-04,802.5342413659282,802.5342413659282,790.9922862422444,792.2201538085938,9607927
2025-06-05,794.3812098308251,797.3280919793597,788.6347536685006,791.72900390625,13595507
2025-06-06,792.3675287830383,801.9939985959651,788.88033690073,798.6541748046875,17163935
2025-06-09,802.9272300169949,809.9014942207324,801.2573180380161,805.5302734375,12793040
2025-06-10,806.4634476687678,807.4948444720902,800.1767415127031,802.5833740234375,6560513
2025-06-11,802.5342598525855,806.0704945433416,798.6541862626485,800.6187744140625,7197825
2025-06-12,801.5519752269744,802.0431222706184,787.0140347260071,791.679931640625,13448521
2025-06-13,772.3287088939938,782.2007522600275,772.3287088939938,778.3206787109375,11377117
2025-06-16,778.4680786132812,781.3167555010375,772.2305350251097,778.4680786132812,8085001
2025-06-17,779.9415184126576,784.7056208342702,776.5525917636725,778.2716064453125,7753156
2025-06-18,778.4680756237817,781.4149579289822,774.3915311197982,777.8787231445312,5710169
2025-06-19,778.320667516001,779.2047561439027,767.8592718430074,771.1990356445312,11824333
2025-06-20,773.5565989033221,785.2950253156704,772.181363190149,782.053466796875,11367669
2025-06-23,776.0123304607985,780.874698193188,774.5388893270122,776.2088012695312,5549253
2025-06-24,784.8529460243278,792.3675194893278,779.5976968381185,781.3167114257812,11402190
2025-06-25,785.3440886452789,789.567941046098,782.0042649119035,785.8843383789062,6528324
2025-06-26,787.7998677833231,789.1259408358321,777.3875743106198,782.9375,24704402
2025-06-27,790.7467068374075,795.1179273319369,788.4383398116579,791.1396484375,19375990
2025-06-30,794.6759369772839,806.4634663267615,792.7604514670988,805.824951171875,19652607
2025-07-01,805.4811416394373,810.2944065895595,798.8506566320394,805.7758178710938,11456405
2025-07-02,806.4634551919074,809.4594402026391,794.6759260051804,798.5068969726562,6661200
2025-07-03,799.0962152227779,800.0785092795976,791.5325389943724,792.8095092773438,7020403
2025-07-04,794.4303152499558,799.4399909377498,789.8626239223718,797.4754028320312,4319538
2025-07-07,796.8369801203829,798.2613185459272,790.8941128494637,792.56396484375,4461783
2025-07-08,793.5953947208753,799.1453201848503,791.0904969053553,798.2612915039062,5935770
2025-07-09,795.6581782931005,798.0648106998194,794.675884245825,796.5913696289062,4099112
2025-07-10,796.9351619351286,801.0608089938022,792.613104027281,793.693603515625,12178137
2025-07-11,793.2515938303184,798.1630643635436,790.3047115103832,794.3321533203125,6202372
2025-07-14,795.4617558456557,801.0608442463658,793.6936384439774,794.528564453125,6938635
2025-07-15,796.6405037947652,806.4634446553665,796.1493567517351,801.9940185546875,9297645
2025-07-16,801.5519699633943,819.4297342255312,800.8643521159136,816.9739990234375,16458920
2025-07-17,823.5553655077234,827.5827471798666,811.7186740978348,814.32177734375,23073718
2025-07-18,817.2686571434967,817.9071722636787,805.7267019494631,808.7717895507812,15387801
2025-07-21,808.4280466091758,812.7010019745913,803.4674733809013,809.6068115234375,8852594
2025-07-22,812.848378561757,813.3886283330482,799.5874080353719,800.5697021484375,7851163
2025-07-23,798.113968917551,810.5891161764496,797.1316748019602,806.1196899414062,15470390
2025-07-24,805.4811769361788,807.3966624575928,796.29675091266,801.25732421875,10118309
2025-07-25,800.569684169264,804.6953313423805,791.2378903047143,792.269287109375,6734439
2025-07-28,792.269295178368,794.6268250025805,781.906104403612,783.0357666015625,7734158
2025-07-29,782.1025562450097,785.8352617474154,779.057408633055,785.0494384765625,7833759
2025-07-30,784.8038487430033,789.1750692870572,782.1025400865564,787.4560546875,8743723
2025-07-31,781.0220116677076,789.5679822929258,778.5171737140591,782.4463500976562,11359112
2025-08-01,781.6114403088707,786.8175871342196,777.9769400877676,779.9415283203125,15468391
2025-08-04,780.4326243068729,783.0848302381428,772.62337460265,781.6113891601562,8820724
2025-08-05,783.8706809392065,789.8135481709712,782.2007690014489,786.4246215820312,7381537
2025-08-06,786.7684568691343,795.8546771264834,784.8529714185823,790.8941040039062,7409396
2025-08-07,786.915765008732,792.3675451267196,779.3521485418682,790.8941040039062,7091392
2025-08-08,790.7467609363763,793.4971724617818,776.0123492419096,790.0591430664062,15708181
2025-08-11,793.6936009259229,810.392599955305,793.6936009259229,808.8700561523438,15236297
2025-08-12,810.3435108131079,810.8837605645641,805.481143141057,806.0704956054688,7986728
2025-08-13,808.0842230461906,810.3434873670307,806.1196349490305,807.29833984375,4447508
2025-08-14,807.4457350525524,813.3394995419872,804.5970582342032,811.9151611328125,7087573
2025-08-18,821.1978592084581,823.1624473883827,810.5399923141568,812.9957275390625,6138124
2025-08-19,812.8483446933888,816.2863739458684,811.1784327798614,815.697021484375,5076681
2025-08-20,814.0271315534591,817.1704846600775,812.7501612160911,814.272705078125,4493888
2025-08-21,814.272717098252,818.4965697939625,809.4594519619582,811.0802612304688,4402511
2025-08-22,809.4103255407733,811.3749137095616,801.2572966311966,801.7975463867188,5097647
2025-08-25,802.9763126407477,805.9722976123364,799.7838568610522,801.9940185546875,5672898
2025-08-26,800.4223233479629,801.404617447895,792.4657651203016,793.5462646484375,6997817
2025-08-28,792.9568789424643,796.6404816628535,786.4737621363677,787.750732421875,7898436
2025-08-29,786.5228982350536,792.4166628378574,784.3618392231308,788.291015625,6861440
2025-09-01,788.8803576581267,793.9882989038185,788.4383732823478,791.7781372070312,5619805
2025-09-02,792.0237296591938,796.1493769160325,788.4383921269514,789.666259765625,5075460
2025-09-03,790.0590972888992,798.8997437933355,788.7821270069304,797.7701416015625,4261589
2025-09-04,800.2258915459101,802.2886851199853,793.6936119705517,795.06884765625,4471950
2025-09-05,797.1316242177459,798.1139182710025,789.4206398814698,792.318359375,5194842
2025-09-08,793.6936078879036,799.4400042107487,792.5148430140074,794.4794311523438,4614227
2025-09-09,797.6228148719179,797.966593827573,791.3361086054234,794.528564453125,4567272
2025-09-10,797.622777526262,809.9996587129843,796.0511310104619,803.7130126953125,7285853
2025-09-11,804.5970423736838,811.0802191569468,804.4988369492515,809.0665283203125,7425055
2025-09-12,809.5085114612542,811.1784233553801,805.2846589910332,808.96826171875,5078018
2025-09-15,808.9682688172991,813.1430186120108,806.561636356512,810.1470336914062,3852494
2025-09-16,810.4908511172532,818.2509986153229,807.1019843806856,816.82666015625,9467531
2025-09-17,819.5279331306582,842.9556827448961,816.2863746805828,841.973388671875,17243938
2025-09-18,843.4468127830675,845.5587090248177,836.0304447176452,839.222900390625,10400847
2025-09-19,836.9145788068039,849.1441524246292,834.262372728141,847.081298828125,15206426
2025-09-22,846.7374795324375,852.8277146939828,838.8791270541783,840.1069946289062,6594034
2025-09-23,839.4684757773939,858.7705779481222,836.1287119616596,855.1851806640625,14357863
2025-09-24,860.4896293435494,864.9099527819579,849.1441445091953,850.8631591796875,12840160
2025-09-25,851.2069400560208,854.7432347874252,844.7238229801568,845.902587890625,8678821
2025-09-26,846.7374895737396,849.0458566598143,837.8968429308584,841.7769165039062,6959545
2025-09-29,842.8574336077328,858.0338893192718,840.8437427101278,855.3325805664062,22641712
2025-09-30,854.5467671830805,862.0612811008727,852.2383400675699,857.0025024414062,12831593
2025-10-01,856.8551164386336,860.9316608640574,847.5233226519999,848.80029296875,10832384
2025-10-03,849.8317681995126,857.5427529354124,848.5056351862063,851.9436645507812,8019442
2025-10-06,852.6312903204407,859.8020253564342,847.5233489405293,858.5741577148438,7820352
2025-10-07,858.67240059065,861.4719147583033,847.7197975329713,849.3897094726562,9242580
2025-10-08,851.4524964349083,852.434790514772,842.0715999631051,843.0538940429688,7156112
2025-10-09,846.3445463246103,850.4701934075276,842.906517081258,846.835693359375,7020501
2025-10-10,846.8357087276893,868.1023997007326,846.0498854486992,865.0573120117188,13713015
2025-10-13,863.4365156616575,872.3753680081057,860.4896333556451,867.3165893554688,11923143
2025-10-14,867.3656576175208,868.4953197717444,856.6586283491738,861.4227905273438,7681973
2025-10-15,862.552413904726,871.7860023052981,861.5210171041608,870.4107666015625,8269225
2025-10-16,872.5718005367993,876.0589324550273,866.8254042739779,871.2457275390625,8493686
2025-10-17,871.7859901135612,878.9076221454748,867.3656667834078,873.4067993164062,8511854
2025-10-20,878.7602670499772,897.4730173879747,875.273135028841,891.431884765625,13546463
2025-10-21,891.9230028558147,893.8875909678319,890.3513563479894,891.775634765625,1783576
2025-10-23,895.8522005767054,901.7459650541836,888.7796712128369,895.41015625,13382769
2025-10-24,894.8207940870866,897.9149844315482,884.9978533977383,888.4849853515625,5313227
2025-10-27,890.8916307113675,911.5689091709564,889.9584393414725,906.411865234375,9150761
2025-10-28,910.6848024520076,919.2798755091706,901.4512742261386,913.779052734375,22066289
2025-10-29,917.3644435934704,925.3701041834124,913.7790463044942,923.11083984375,12314222
2025-10-30,922.8161933430812,928.1697081157838,916.5294871954992,917.8064575195312,13044473
2025-10-31,918.3467523280528,929.9378103922294,913.779060909308,920.4095458984376,12078252
2025-11-03,922.1285723673408,936.5192046955284,920.9007047609928,932.8847045898438,11744735
2025-11-04,934.1616585246088,942.314687296863,924.8298648800412,940.644775390625,19154518
2025-11-06,952.4814547462262,954.2004693430785,938.3854990793552,943.739013671875,23088096
2025-11-07,941.7744580906816,947.7664280534588,927.285620273902,938.92578125,13371323
2025-11-10,939.0731232147144,946.1456524515772,932.2952702055394,934.3090209960938,7343249
2025-11-11,936.7156357136288,938.041768729716,928.3170330963064,936.4209594726562,8648917
2025-11-12,940.7430695871906,944.5248778824666,934.5546287610688,940.2028198242188,7043323
2025-11-13,937.3541550706268,946.8824199346524,935.586037662384,937.1085815429688,8894441
2025-11-14,936.0771717973782,951.8920827784772,935.1439804142634,950.7133178710938,11032927
2025-11-17,953.8075386869532,958.7190090200476,951.3518035204058,956.1159057617188,7415026
2025-11-18,958.3260628811324,959.406622321988,951.6955779628004,955.2318725585938,6594686
2025-11-19,955.231870479262,967.0193991973044,951.6464731790688,965.3494873046876,8291226
2025-11-20,968.5419358569656,969.131288306733,962.009656425432,964.1707153320312,6440857
2025-11-21,962.3535354628224,963.2375641743528,953.8566675716402,955.3792114257812,5377241
2025-11-24,958.2769795122268,960.3889357698928,950.9097738987026,953.4146118164062,9901946
2025-11-25,958.276992765206,971.4397576251991,954.1513455736804,966.1844482421876,9140201
2025-11-26,969.1313331127608,981.311803909848,964.760172340205,966.4791870117188,13943490
2025-11-27,969.2295646138848,971.0467846498852,951.7447422714566,955.624755859375,11909168
2025-11-28,959.5048346119848,965.5950698307024,955.8212318532206,961.6658935546876,8117842
2025-12-01,968.0017293926574,973.6499204475664,952.6779055144808,955.870361328125,8808306
2025-12-02,958.7190050026364,963.0902255716678,947.8155648906452,950.1730346679688,13444314
2025-12-03,953.2672831530164,955.3300766986022,930.7727251822406,934.2107543945312,14051968
2025-12-04,934.210767792634,935.6842089047472,927.7276508811244,931.31298828125,13622724
2025-12-05,932.049720989894,956.0668234213828,929.9378246743456,954.2987060546876,17347847
2025-12-08,953.6601656790197,955.280974862374,934.8492703729216,939.466064453125,15386438
2025-12-09,937.8944043562336,946.9315221602762,933.6214489589804,942.3638305664062,9580294
2025-12-10,943.1005538600858,946.8824221676224,938.3364513940754,942.7567749023438,6989178
2025-12-11,945.0651010209992,949.3872189119578,941.479763637212,946.1947631835938,5979035
2025-12-12,948.8960717352388,949.878365805358,941.0377191742843,946.0965576171876,5681930
2025-12-15,940.3010214625418,951.6956089709226,940.3010214625418,950.1239624023438,4416952
2025-12-16,948.945162920244,951.8429423827886,941.0868104547512,944.1319580078124,4764786
2025-12-17,948.4540382267456,961.1747585707222,947.2261706250966,958.5716552734376,8013382
2025-12-18,960.5854160531444,964.072548087051,956.263298068784,960.2415771484376,4926879
2025-12-19,962.5990921488028,964.6127830145068,959.7504153454842,962.94287109375,5376584
2025-12-22,963.7287212154426,965.595103994373,955.3301186192044,957.0491333007812,5959037
2025-12-23,959.0137084154704,960.2415760284048,953.5128854913132,954.691650390625,5123287
2025-12-24,955.9686342202896,959.9960160658125,950.3695458353262,951.7938842773438,4105643
2025-12-26,951.7938380949544,953.8075289200088,947.6681910665072,949.1907348632812,3286321
2025-12-29,949.7801706470484,951.7447588085236,944.4266559161334,947.962890625,5267233
2025-12-30,945.9491873630988,958.915481049936,942.5111581255384,956.2141723632812,15030644
