Date,Open,High,Low,Close,Volume
2018-01-01,1078.194654324397,1083.2192350699193,1059.1816211560729,1063.4425048828125,1351760
2018-01-02,1069.230705564749,1073.0896225536526,1053.2324219970772,1057.654052734375,1920290
2018-01-03,1057.9755223720406,1072.848278575599,1057.6539296376716,1060.6485595703125,1257120
2018-01-04,1065.2109407632595,1070.0345374761496,1061.1912768358509,1068.06494140625,913082
2018-01-05,1065.210834117191,1085.1081685657955,1065.210834117191,1080.9678955078125,1153706
2018-01-08,1085.3091359720502,1096.1019716342985,1078.013486034764,1091.097412109375,1242220
2018-01-09,1091.3390450884206,1093.7508440830911,1075.883452824844,1088.92724609375,2149396
2018-01-10,1089.730908518686,1131.9373804458207,1083.158718635501,1128.158935546875,3365850
2018-01-11,1129.5259695458085,1134.309332084002,1118.3512801842394,1121.6876220703125,2520744
2018-01-12,1127.5159337509112,1127.5159337509112,1101.609214722121,1115.9996337890625,3360314
2018-01-15,1116.3205736290224,1128.7212721592214,1099.3978527537115,1103.839599609375,1457214
2018-01-16,1107.8194894923236,1150.2872038897715,1105.6287920594552,1145.946044921875,4267752
2018-01-17,1153.643620260017,1175.7517732615158,1150.4881446225431,1161.2608642578125,4280806
2018-01-18,1164.4968849941356,1178.9676781801174,1152.8599751010115,1173.0185546875,2209478
2018-01-19,1177.982650595348,1198.6638022032798,1167.1696955769755,1189.5391845703125,1820000
2018-01-22,1193.0443245607012,1263.03140356174,1177.3304682088378,1255.657958984375,4367110
2018-01-23,1255.074111236335,1266.1141648602097,1245.0414547590788,1249.8563232421875,3239610
2018-01-24,1245.0211287070022,1313.1346829464733,1242.0596313348044,1279.108154296875,5621538
2018-01-25,1279.2693465826846,1281.2033797568326,1241.3949155342525,1257.5318603515625,3833844
2018-01-29,1261.7023889694435,1299.41570266415,1257.9149840984423,1288.87939453125,3141060
2018-01-30,1281.284320501803,1290.873826599493,1266.6583194335872,1270.3450927734375,1574758
2018-01-31,1263.9585381794711,1269.1964919557968,1248.4864679108578,1254.026611328125,3043214
2018-02-01,1258.7204855182592,1285.313171832025,1244.537739158054,1264.6031494140625,2400630
2018-02-02,1257.1086701219676,1285.3130313106017,1250.4403336242824,1270.6668701171875,2456490
2018-02-05,1253.079593841633,1284.5073135585612,1239.722852309544,1250.3397216796875,2757742
2018-02-06,1212.7876139064977,1239.8436171747803,1202.7146270800315,1207.650390625,2657306
2018-02-07,1219.6375034957784,1221.2491817296675,1187.5852329454972,1190.6474609375,2180324
2018-02-08,1200.5993820821366,1219.8791195361723,1192.2388024435077,1198.3631591796875,2755004
2018-02-09,1188.6125016564542,1206.3409593082797,1167.1167074060097,1197.3558349609375,2102458
2018-02-12,1200.0148771029333,1218.1664158739295,1190.848460688699,1195.582763671875,1974562
2018-02-14,1196.6708410425554,1198.4638130329413,1165.4445817224214,1173.220947265625,2847532
2018-02-15,1181.3395854022488,1185.7918647107938,1170.5212578903547,1178.8818359375,2465236
2018-02-16,1177.7339636349047,1208.5976436306337,1177.7339636349047,1181.7833251953125,2515756
2018-02-19,1186.5980245954386,1189.9422763928917,1166.5326121797475,1177.9755859375,1568224
2018-02-20,1179.748533539562,1202.7351153166592,1179.7082022338338,1186.4974365234375,1889068
2018-02-21,1198.2825807115348,1233.9812873930496,1192.6618734179792,1225.802001953125,3089228
2018-02-22,1229.7101379512214,1240.588962893778,1217.8240144028723,1228.98486328125,3463010
2018-02-23,1228.9044620234652,1244.6183223575358,1205.5754625674135,1239.2998046875,3362500
2018-02-26,1238.977315746382,1245.0009418840957,1217.3002295401725,1221.5308837890625,1363882
2018-02-27,1225.2781628983298,1240.4078093451787,1221.6518875066545,1225.8221435546875,1717800
2018-02-28,1222.860449589412,1234.5249472189444,1217.40087173046,1222.880615234375,2706864
2018-03-01,1228.5013736074957,1233.416971105886,1216.8167098375322,1223.9483642578125,1718124
2018-03-05,1228.5014595691944,1254.5501638625046,1222.034582425374,1251.407470703125,2858168
2018-03-06,1257.9144959817654,1259.9290931886549,1220.9063059436048,1226.0032958984375,1906764
2018-03-07,1236.9624763163552,1244.617944410821,1216.212128586618,1219.8182373046875,1917772
2018-03-08,1230.8784555320683,1230.8784555320683,1203.721726882387,1210.3497314453125,1951826
2018-03-09,1210.7728087331548,1234.2226983666,1199.5716296308094,1222.497802734375,1872436
2018-03-12,1226.0839560533263,1242.5633231475815,1223.0620600065304,1229.7706298828125,2091340
2018-03-13,1178.4989983697913,1184.462225591958,1157.1845999262707,1163.1478271484375,88067154
2018-03-14,1165.6254256974446,1177.753336562231,1158.4132092258376,1163.187744140625,3668668
2018-03-15,1166.4519395512668,1169.4940014163008,1150.576950775102,1156.258056640625,2348906
2018-03-16,1155.895409738505,1157.1847323849083,1130.1891275555947,1138.529541015625,7197482
2018-03-19,1139.8592001087293,1147.5146701695514,1136.232924816761,1140.6650390625,3489940
2018-03-20,1136.2330965315218,1157.66839626746,1135.8301769937448,1154.3040771484375,4024984
2018-03-21,1157.3863880801432,1162.1408583646871,1148.320698356278,1151.0404052734375,3907678
2018-03-22,1152.329837494425,1158.7765507987456,1137.2606844931909,1140.806396484375,2326094
2018-03-23,1128.980195513492,1141.9139480216843,1127.388683505536,1135.4873046875,3654122
2018-03-26,1135.8301310351355,1139.2146156679073,1120.7408146297398,1135.0242919921875,2964210
2018-03-27,1138.2474250866692,1153.5583639019944,1137.4617518475784,1147.3936767578125,2494574
2018-03-28,1142.6391010878283,1158.393289168113,1138.247318921711,1147.977783203125,6865654
2018-04-02,1144.2914312439932,1174.107475579224,1144.2914312439932,1172.354736328125,1662988
2018-04-03,1165.283156800096,1180.5134303886114,1165.283156800096,1172.9990234375,1937290
2018-04-04,1180.332575252022,1182.1658787527954,1165.243258811549,1172.8583984375,2841820
2018-04-05,1179.1639205420336,1194.1525042108367,1176.6658396587338,1191.8155517578125,1809424
2018-04-06,1190.224547556198,1192.6420652560414,1179.1644237532244,1188.7337646484375,1129018
2018-04-09,1184.4625841249983,1194.0520891103708,1174.5104908914227,1178.096435546875,1235866
2018-04-10,1178.8215320560664,1191.5336616376103,1178.8215320560664,1183.6163330078125,1184532
2018-04-11,1188.8543819186762,1218.8315550320194,1186.839784307053,1214.4598388671875,3124416
2018-04-12,1212.787529879375,1269.196252199346,1211.9615253430316,1264.8648681640625,6114360
2018-04-13,1269.1964689769995,1305.7815805184582,1261.9842490247072,1270.526123046875,8179118
2018-04-16,1255.4970702205028,1289.3221400990149,1253.3817430001377,1284.3662109375,6270274
2018-04-17,1284.3663870886262,1287.3077193008166,1268.0683119435691,1275.885009765625,3301724
2018-04-18,1275.6430199864385,1286.7031395731003,1267.5242321537748,1272.8629150390625,2433066
2018-04-19,1281.244009921946,1296.2729308309365,1275.5427368706942,1285.77685546875,4820952
2018-04-20,1309.4881599921357,1378.9313637627042,1305.4589656536984,1370.9132080078125,18465662
2018-04-23,1379.5963526271269,1433.5472337283436,1365.715795680602,1373.4114990234375,15185910
2018-04-24,1373.9552927675704,1387.312032878985,1346.758230520705,1364.1441650390625,8314336
2018-04-25,1363.8826757699935,1403.368791641621,1355.8444504270756,1398.2315673828125,8196574
2018-04-26,1396.921903109714,1434.3934165187716,1396.921903109714,1426.0328369140625,12135034
2018-04-27,1420.2914478038942,1427.9469194374471,1377.984894039523,1390.858154296875,4501330
2018-04-30,1390.8580405228486,1429.9614002630176,1385.0762043360994,1423.152099609375,3458558
2018-05-02,1422.507082345307,1423.1920257192296,1398.6542711807442,1410.1173095703125,3158046
2018-05-03,1414.166853572078,1420.694129672721,1398.2917665560267,1402.9052734375,3761550
2018-05-04,1406.994880464205,1409.009477944824,1398.130651549482,1402.4620361328125,2347244
2018-05-07,1406.1887934744916,1406.1887934744916,1374.3178276043036,1378.3671875,3484426
2018-05-08,1383.9077563279477,1404.7790086558111,1368.596813454315,1386.5267333984375,2992820
2018-05-09,1386.1234759555898,1408.1027516861852,1386.1234759555898,1405.9068603515625,2615050
2018-05-10,1411.4069701598287,1414.710890684038,1386.123769254289,1390.5760498046875,3858678
2018-05-11,1391.764286012202,1404.1742242243408,1387.0501483191658,1392.872314453125,2627876
2018-05-14,1392.8927789965471,1398.5336522698915,1374.2779168683153,1383.4443359375,2433894
2018-05-15,1390.072399503362,1408.5261339299948,1383.5047913913234,1403.126953125,1952890
2018-05-16,1402.1394255622258,1413.8442544672237,1400.245723949051,1407.7601318359375,1648450
2018-05-17,1415.4358917682048,1423.5748451544034,1400.5480374535402,1406.9141845703125,2968048
2018-05-18,1402.4823931329347,1417.3500852208088,1393.2958076941122,1411.04443359375,1874996
2018-05-21,1421.7819512025735,1447.2867739926724,1417.4908980827452,1433.0838623046875,3446178
2018-05-22,1433.5878336434405,1440.4173006982044,1407.6800855538734,1413.804443359375,1857416
2018-05-23,1420.2907800960188,1428.349167500819,1402.5623278054586,1408.2435302734375,1507298
2018-05-24,1414.247320343709,1456.5538641146743,1411.1650257879994,1452.0008544921875,2962316
2018-05-25,1460.5831202884478,1480.648530138903,1439.4500131597324,1444.7886962890625,3769772
2018-05-28,1457.1585565430182,1457.1585565430182,1404.577555124834,1411.04443359375,3716798
2018-05-29,1422.26577974193,1427.9469851421704,1405.383488762949,1419.6871337890625,3525312
2018-05-30,1413.86452907663,1423.5144303216518,1403.1669979040907,1415.8992919921875,3779106
2018-05-31,1408.951820842672,1429.3060952997564,1402.532701014013,1414.6802978515625,5049371
2018-06-01,1425.203123540134,1428.0470294308927,1394.5702340489902,1407.6927490234375,1603856
2018-06-04,1417.8900479785143,1421.1402257389234,1391.563588281689,1417.2806396484375,1681483
2018-06-05,1417.077356176516,1423.4964764233107,1390.3852939323742,1398.8763427734375,2449568
2018-06-06,1400.0139161217269,1409.6832137316374,1393.676030511858,1402.2484130859375,2236512
2018-06-07,1401.6394069586584,1421.140476968518,1400.6643931331937,1410.2117919921875,2414762
2018-06-08,1409.7649096651028,1427.8846942885662,1409.7649096651028,1419.5966796875,2582138
2018-06-11,1419.596388642682,1432.515865234148,1416.2649762354622,1421.708984375,2179378
2018-06-12,1427.6405356234209,1450.3917792190132,1424.3903579669077,1447.1416015625,4608875
2018-06-13,1475.5806415928982,1488.2969813868667,1460.9548422819555,1482.1622314453125,5370983
2018-06-14,1486.9563393179687,1488.8252312227344,1449.5792947230907,1452.4638671875,3819998
2018-06-15,1462.5798726124792,1500.8506927749966,1453.316846915091,1495.122314453125,9183574
2018-06-18,1517.7924901457711,1517.7924901457711,1480.5780107971016,1486.1439208984375,4674987
2018-06-19,1480.5779670377028,1494.2693219005848,1479.643521033695,1482.4874267578125,3245034
2018-06-20,1488.581249351117,1492.0752297314891,1477.693135222503,1480.8214111328125,3107695
2018-06-21,1488.5811957301726,1488.5811957301726,1476.8805376729515,1478.302490234375,2910659
2018-06-22,1484.5184469969477,1484.5184469969477,1462.21414547324,1470.542724609375,2949458
2018-06-25,1472.2494970538287,1480.740547967085,1467.4554643482893,1478.2216796875,2083217
2018-06-26,1481.2684870610742,1512.1451752170374,1479.6433982107603,1504.832275390625,4679712
2018-06-27,1511.3330971642897,1531.7686156005598,1504.22333125021,1509.7080078125,4081208
2018-06-28,1515.3954158744275,1520.270682627911,1483.949984989482,1497.275634765625,4888125
2018-06-29,1499.063296443191,1517.3455468218715,1496.9507006813878,1501.3790283203125,3506276
2018-07-02,1504.83237296686,1509.545170613378,1495.97561832085,1504.30419921875,2650290
2018-07-03,1511.2920669117902,1527.5023888111675,1508.935767268261,1522.7490234375,3242233
2018-07-04,1527.50256602868,1527.50256602868,1509.017176951682,1516.330078125,2700614
2018-07-05,1521.8957783266026,1533.6776730333488,1513.039023847468,1527.827392578125,2472571
2018-07-06,1529.8991241228264,1560.8977112079049,1528.9241105685626,1554.356689453125,3713781
2018-07-09,1563.3358130310671,1563.6608507091291,1524.7399444661112,1530.021484375,6151747
2018-07-10,1542.2094617481007,1542.9407716359678,1520.06762411236,1523.6021728515625,5303302
2018-07-11,1543.8340435656417,1623.4633784442906,1539.0806796374322,1608.75634765625,22903802
2018-07-12,1612.088278011324,1617.6948548640974,1592.9934823796375,1601.8095703125,6921701
2018-07-13,1604.7751884554054,1623.3824750350057,1603.9626440561874,1609.731689453125,4148185
2018-07-16,1616.9639181944788,1621.839186289537,1606.7664427539476,1616.3138427734375,2582159
2018-07-17,1619.4072612248565,1635.6908938163583,1612.8938081882557,1630.11376953125,3315492
2018-07-18,1632.4343798455857,1637.8893577190297,1622.7049478603265,1628.5670166015625,2013869
2018-07-19,1630.0730022079797,1636.871398860349,1603.9377920725024,1613.219482421875,1746318
2018-07-20,1616.069207046074,1628.363330312451,1615.336423669951,1625.5950927734375,1934995
2018-07-23,1629.1779016614744,1636.464789552613,1616.9651737629626,1632.9638671875,2086201
2018-07-24,1640.5757322020386,1640.5757322020386,1615.4582526559768,1627.548828125,2038423
2018-07-25,1629.9107217937972,1629.9921201041273,1602.635628874972,1613.3013916015625,1535492
2018-07-26,1607.9680427469734,1616.1506082515234,1591.8065565419402,1599.6226806640625,3503036
2018-07-27,1596.4879146834123,1599.581844410237,1579.7565430206346,1582.5654296875,2033977
2018-07-30,1581.9552635462674,1591.4811510087388,1572.6329215371602,1583.2579345703125,1579251
2018-07-31,1581.1407375986512,1585.2116457799043,1569.742194691143,1579.6751708984375,2204803
2018-08-01,1587.6134185880885,1613.341637426529,1587.4913708543645,1609.22998046875,2425180
2018-08-02,1612.0799311183623,1616.150840035328,1583.5835686996031,1586.351806640625,1509287
2018-08-03,1592.9466480352874,1613.749032210038,1592.9466480352874,1611.632080078125,1505131
2018-08-06,1625.920945795728,1627.508560444517,1605.7699475942038,1608.456787109375,1532249
2018-08-07,1610.61400185238,1611.3875340050556,1596.2030272829804,1601.7801513671875,1353521
2018-08-08,1605.5665826150107,1610.6959679432464,1597.4247642447522,1607.1949462890625,1315062
2018-08-09,1612.0797607252437,1612.7311458380782,1600.68121696254,1607.4796142578125,2060297
2018-08-10,1612.853034801882,1625.513598704025,1605.606897918885,1622.745361328125,2784105
2018-08-13,1626.5724104554345,1631.8238432157402,1620.2217527750147,1628.4857177734375,3559575
2018-08-14,1621.8500671598424,1648.3923726786486,1614.0339421353517,1631.25390625,3311765
2018-08-16,1628.607806970134,1644.6878966579309,1624.2926039065417,1635.2840576171875,2152065
2018-08-17,1639.6394763019068,1646.1936774612614,1631.6198080013353,1638.743896484375,1213731
2018-08-20,1647.9036473209758,1647.9036473209758,1631.375720194167,1636.46435546875,1587032
2018-08-21,1636.6272801415007,1647.9036762303183,1631.6200430659871,1642.733642578125,1376866
2018-08-23,1646.9267868057332,1659.3023089230094,1644.8913325504302,1656.941162109375,3046791
2018-08-24,1656.9407490137244,1665.8153472317822,1653.6026247447458,1663.372802734375,1570533
2018-08-27,1663.3729766349234,1676.3998819830188,1656.8595239608755,1669.804931640625,1532702
2018-08-28,1673.1433716798049,1686.9844603992972,1670.700826611659,1684.7047119140625,1987983
2018-08-29,1687.3914658240828,1690.7296900914905,1665.489959610935,1686.984375,1525867
2018-08-30,1683.7276460195253,1697.5687340187187,1681.692191901997,1695.4517822265625,2408020
2018-08-31,1695.37049607148,1703.2680183518958,1688.6127485955217,1692.195068359375,2504554
2018-09-03,1697.4061101979073,1701.639815438289,1667.7697759655634,1671.43359375,1439711
2018-09-04,1677.0513597475085,1713.6487842287172,1674.7308625941337,1708.8857421875,4420803
2018-09-05,1709.7811065156457,1715.6839222405213,1689.4673183622365,1692.8868408203125,1681106
2018-09-06,1689.4268483390665,1694.719028827839,1677.4584183732643,1689.671142578125,2238097
2018-09-07,1692.9276486970634,1696.7542620282552,1681.6104064752878,1693.37548828125,1312182
2018-09-10,1697.0804486809534,1704.4080848130384,1688.816582997487,1694.1087646484375,1530539
2018-09-11,1700.8256790599228,1700.8256790599228,1662.721933330802,1666.0194091796875,3679745
2018-09-12,1670.9859743998063,1684.4605231833932,1660.9307503960515,1664.146728515625,2307661
2018-09-14,1664.1873097933565,1686.6180542375605,1643.1407338008978,1681.6107177734375,3642038
2018-09-17,1685.3559669706551,1691.706623412753,1672.7769005953292,1688.7347412109375,1033857
2018-09-18,1687.798461339302,1692.5207543869633,1675.260144175502,1685.966552734375,1456507
2018-09-19,1686.902873987856,1700.825459653877,1682.7914156926051,1691.7879638671875,1301268
2018-09-21,1691.0554191060608,1726.8794145035893,1669.1945605864996,1712.34619140625,4508530
2018-09-24,1721.993967751382,1799.748305302331,1708.2749292076069,1789.9373779296875,3032226
2018-09-25,1795.1894344419793,1800.8887072424072,1753.584862263772,1777.521728515625,2868778
2018-09-26,1780.61537179377,1790.3855521602654,1738.3594212186092,1744.0992431640625,1970951
2018-09-27,1743.8955945885373,1799.0971501490358,1738.929205794227,1782.12158203125,3311802
2018-09-28,1773.2877928007752,1783.0579734773632,1757.69629231432,1777.9285888671875,2904371
2018-10-01,1783.7902892993122,1853.0364703054577,1783.3426484639072,1836.42724609375,3772208
2018-10-03,1832.1531541972408,1835.9797685052345,1755.0501854921429,1760.9530029296875,3902322
2018-10-04,1755.8643573435654,1755.9049074092477,1674.2426408208808,1681.1224365234375,4762419
2018-10-05,1669.07285658652,1726.06558827484,1645.3801837192914,1711.939453125,3417624
2018-10-08,1711.9390145474613,1727.85630600329,1667.5661133864846,1691.503173828125,2010154
2018-10-09,1693.783005822603,1716.0100075633477,1671.6778530540198,1703.1053466796875,1867130
2018-10-10,1709.78118555745,1714.6255258282392,1651.9742978552697,1663.861328125,2749573
2018-10-11,1616.150597573945,1638.9476840888424,1580.3266044791071,1612.0389404296875,4700256
2018-10-12,1610.4515839104677,1610.4515839104677,1549.3879495357023,1561.844970703125,9373289
2018-10-15,1579.5122234366986,1592.172786425905,1563.228592267248,1587.2469482421875,2638151
2018-10-16,1594.1676803008268,1605.4848251814656,1575.441502238049,1597.668701171875,2815425
2018-10-17,1603.9380841465183,1619.407537749962,1563.2289957164037,1570.88232421875,2779207
2018-10-19,1570.5563703005448,1570.5563703005448,1522.5604027827146,1557.6922607421875,3428776
2018-10-22,1558.343816327222,1559.97217977166,1536.32016098623,1549.3878173828125,1778496
2018-10-23,1540.4130274277982,1548.5719947340897,1498.8022941657125,1504.22802734375,2752811
2018-10-24,1511.081287124559,1528.990177054453,1477.670262718494,1508.184814453125,2735913
2018-10-25,1504.513254214028,1531.3562709140942,1489.0520542656575,1511.8563232421875,2507233
2018-10-26,1512.5906890072938,1512.5906890072938,1461.3523439640396,1467.8795166015625,2285970
2018-10-29,1475.7120843856874,1532.2129217841166,1455.8450228515824,1526.54248046875,2609483
2018-10-30,1523.2790921674643,1557.87313110551,1505.3293653181424,1545.9610595703125,2404883
2018-10-31,1550.203721344748,1586.021606194119,1530.173417632877,1581.3302001953125,2769190
2018-11-01,1585.8174291607115,1586.3885169357627,1551.2642284480698,1579.371826171875,2769759
2018-11-02,1578.1072232509775,1594.7515344365006,1554.283081473395,1561.1773681640625,1818635
2018-11-05,1558.362106704374,1572.517889167919,1537.7607228330205,1542.7376708984375,1713366
2018-11-06,1545.3082621903886,1580.7997666282356,1542.860572229158,1576.8834228515625,1398710
2018-11-07,1582.839552226376,1590.1826223140242,1580.39186219716,1584.59375,144530
2018-11-09,1599.9738265565725,1600.7488887755967,1554.2835999950385,1557.7103271484375,2570479
2018-11-12,1557.138899933452,1587.8165968794365,1557.138899933452,1562.31982421875,2552008
2018-11-13,1562.4422601950273,1582.0237819938163,1552.651499295633,1578.7193603515625,1418432
2018-11-14,1570.6010112106844,1574.5989246131176,1525.7266966046648,1534.416015625,2422318
2018-11-15,1520.831579597099,1549.3879665530535,1515.6098203486558,1528.05224609375,1829123
2018-11-16,1541.22892402582,1550.040648554564,1525.9308603278405,1539.270751953125,1829729
2018-11-19,1549.3878329431045,1556.2005504671822,1521.076257298332,1552.20263671875,1740628
2018-11-20,1551.8350603745175,1551.8350603745175,1529.1530990434935,1532.45751953125,1190182
2018-11-21,1526.5426893086883,1526.5835239814212,1467.43101464156,1478.40478515625,3840461
2018-11-22,1484.9317832683769,1507.4505090733162,1476.7319827583317,1478.8533935546875,3194219
2018-11-26,1484.115545923294,1517.5672981953417,1455.967120230961,1506.226318359375,4333177
2018-11-27,1512.6725231140888,1548.4904091416993,1497.4560293241432,1542.248779296875,3344839
2018-11-28,1541.2288545443548,1622.8185239220338,1535.9255260348057,1618.657470703125,5313249
2018-11-29,1629.3455939314704,1629.3455939314704,1584.9200616171595,1599.606201171875,4035441
2018-11-30,1604.052904309031,1624.450321708688,1599.0351197093623,1605.888671875,5268901
2018-12-03,1618.739008514934,1623.6343885810072,1605.92947051408,1617.43359375,1610576
2018-12-04,1617.9231706435355,1647.6218307098504,1608.1324101555265,1640.6458740234375,3270615
2018-12-05,1636.688736670962,1646.4794968105691,1619.55490642665,1637.3006591796875,2501539
2018-12-06,1630.1616949267584,1645.663733066703,1615.1491749139848,1625.83740234375,2321216
2018-12-07,1619.5958032700817,1634.9754363270672,1609.7642080804528,1627.8770751953125,1680420
2018-12-10,1611.395704827838,1640.767980966472,1599.157256436741,1612.0484619140625,2010786
2018-12-11,1607.31607421875,1639.9519335937498,1599.973005859375,1631.79296875,2942014
2018-12-12,1632.6904870985445,1649.7427440858423,1619.5137385357805,1645.5001220703125,2219993
2018-12-13,1651.3745717056577,1656.0251420738389,1610.9876935932912,1617.596435546875,3748429
2018-12-14,1617.9229956726465,1630.936506908568,1611.599796874632,1623.4302978515625,2473761
2018-12-17,1630.9773745438815,1635.7911846132124,1619.5548216456252,1627.1427001953125,1227921
2018-12-18,1625.1845482063384,1633.4250844071223,1612.5381502001892,1621.880126953125,1768742
2018-12-19,1619.3915018559132,1619.3915018559132,1599.198062373383,1606.051513671875,2498833
2018-12-20,1594.099126396338,1611.3145280791773,1587.7350918421264,1594.3031005859375,1940277
2018-12-21,1589.3666192886026,1590.9984125322255,1539.2298117169944,1546.77685546875,3729956
2018-12-24,1554.9353967841198,1581.941547667006,1554.2826398263412,1565.2972412109375,1864116
2018-12-26,1567.9902792146397,1567.9902792146397,1525.9307655285886,1541.3919677734375,2446614
2018-12-27,1557.5466940459205,1584.2264744771498,1527.4400879504062,1557.505859375,4968201
2018-12-28,1562.4419128685624,1566.521395669786,1544.4921885431795,1546.980712890625,2239130
2018-12-31,1556.7305722141268,1557.5464687404444,1538.9032530334343,1544.532958984375,1879740
2019-01-01,1546.9399005808282,1558.3624525893365,1537.965038288429,1552.488037109375,1094883
2019-01-02,1554.2827996441156,1578.3109112224906,1550.2033172303516,1569.2137451171875,2100463
2019-01-03,1565.7058365281262,1586.878316990567,1544.574091144427,1550.1629638671875,2611668
2019-01-04,1550.2039491634391,1551.1829855031467,1502.0660370578378,1531.31591796875,4280862
2019-01-07,1543.5135282060753,1557.3837731063,1534.7018033719294,1548.490478515625,1856423
2019-01-08,1554.6092719533597,1555.425168485339,1536.5779785159586,1544.94091796875,1691756
2019-01-09,1556.2412986860456,1565.705679958732,1523.0342450904077,1539.55615234375,2414376
2019-01-10,1542.0449489955463,1554.2834009717017,1527.440376384646,1540.8619384765625,3053461
2019-01-11,1525.726891905948,1529.8063755741457,1497.1705062285637,1503.33056640625,9209862
2019-01-14,1509.4086370779762,1510.224533638559,1476.7727746546686,1479.4244384765625,3615370
2019-01-15,1476.773016017627,1525.1964648831615,1475.1412226297623,1523.931884765625,7711653
2019-01-16,1525.726838738928,1529.806322264968,1506.9612145191445,1525.8492431640625,2359280
2019-01-17,1535.537941679223,1551.890848406371,1530.059757849717,1548.8656005859375,2625816
2019-01-18,1537.9912289079248,1556.9605651192144,1533.9030012925396,1554.0579833984375,1683728
2019-01-21,1555.1617077692797,1579.6910722451355,1549.806089934622,1560.639892578125,2409803
2019-01-22,1559.3317950243134,1568.4485627904096,1545.3500762016808,1555.080078125,2457093
2019-01-23,1554.3435254278986,1558.513495986469,1528.9965242241822,1533.5753173828125,2578169
2019-01-24,1541.0980192786692,1557.8188270189476,1533.0850548014837,1554.7935791015625,1962927
2019-01-25,1555.1617934929814,1582.144095903743,1554.3441479653827,1570.5335693359375,2327080
2019-01-28,1580.5083852002078,1604.2200992047633,1574.3760453714433,1598.49658203125,2769033
2019-01-29,1604.220621857663,1626.3379746366309,1583.4933264455583,1621.186767578125,2557626
2019-01-30,1618.6109618931932,1626.7056720554667,1598.21074722177,1620.082763671875,2429575
2019-01-31,1624.6615301293548,1651.4394189626391,1623.0262392082382,1646.8197021484375,4094319
2019-02-01,1643.0584877941712,1663.704034854038,1633.73730995163,1659.779296875,3064163
2019-02-04,1659.7790793959884,1680.6290350809372,1654.0964843392765,1676.3773193359375,1590764
2019-02-05,1676.1732911798551,1680.2615187193182,1658.1850900062177,1671.7171630859375,1111404
2019-02-06,1676.0914349591562,1706.3035959590857,1668.8553920376346,1696.450927734375,1789812
2019-02-07,1696.4099994983333,1715.379335156047,1690.0732468794097,1703.07373046875,1339945
2019-02-08,1696.614074990756,1708.469932382258,1676.9905868944777,1685.4940185546875,1684474
2019-02-11,1684.3496776029474,1713.7849146872709,1675.2737329870902,1689.1737060546875,1778730
2019-02-12,1692.5266572132984,1692.5266572132984,1650.0090793509353,1677.4820556640625,2422903
2019-02-14,1684.390494175995,1696.6142533301118,1662.3140677471213,1671.7578125,1724085
2019-02-15,1675.3559181760215,1677.8088550986804,1644.2444616161945,1659.5753173828125,1930065
2019-02-18,1666.034566150645,1669.5913043597725,1604.7520716081435,1611.007080078125,2942184
2019-02-19,1610.7616179878623,1611.5792634792267,1546.9852696614394,1557.451171875,4408554
2019-02-20,1565.7908371176882,1581.1626095419406,1538.2362288898892,1565.58642578125,4645778
2019-02-21,1565.5865857305146,1586.232132820054,1551.114301556198,1565.1368408203125,4683919
2019-02-22,1567.5899808462063,1578.0558836254372,1557.696489828013,1574.4991455078125,2271955
2019-02-25,1580.0998717958887,1627.1144863512643,1578.4645808548323,1623.14892578125,2934880
2019-02-26,1622.2085502510922,1672.2075887856463,1612.6012163471355,1666.9337158203125,6453309
2019-02-27,1667.9971644054112,1696.5738406067812,1653.27954236654,1682.796630859375,4732082
2019-02-28,1684.3494599044757,1693.6298146895083,1616.9754615462514,1621.7586669921875,8454295
2019-03-01,1631.2433851069825,1639.3789163638512,1619.2239386519968,1631.529541015625,4148548
2019-03-05,1639.3792643791503,1641.0145554159376,1616.1581116947236,1625.56103515625,2449622
2019-03-06,1626.542300146678,1647.5557504390983,1623.0673066283823,1634.9639892578125,2635047
2019-03-07,1639.3791521518826,1654.9553381350763,1635.4544140081723,1646.1656494140625,2539884
2019-03-08,1655.7323093395892,1662.2734740184617,1643.508547770047,1653.8516845703125,2031071
2019-03-11,1658.9207477829405,1662.2730739119124,1638.2752017346002,1647.3919677734375,3111689
2019-03-12,1646.7787714834344,1655.5684596065014,1637.7437498142365,1645.470458984375,2658550
2019-03-13,1645.9207663904338,1648.2919588425673,1617.7937348219075,1635.7001953125,1833163
2019-03-14,1639.338265753623,1641.668635220599,1619.7556964251285,1624.9886474609375,1905495
2019-03-15,1634.3915244138334,1691.667528806469,1627.93210533969,1667.955810546875,5184318
2019-03-18,1670.449995286884,1688.1112204597075,1644.2853355467075,1653.93359375,2349915
2019-03-19,1659.8206022674372,1659.8206022674372,1631.2847502762563,1653.93359375,2373993
2019-03-20,1658.1847809058906,1671.9212628019818,1635.290710952555,1647.5963134765625,3091165
2019-03-22,1647.555609656193,1648.373255120042,1621.6362883762672,1639.91064453125,3148149
2019-03-25,1641.668800936112,1641.668800936112,1616.648766865895,1622.4132080078125,2429205
2019-03-26,1622.2085376996945,1631.1617152593772,1600.9906786553872,1621.104736328125,2316539
2019-03-27,1630.3850826717908,1633.6556645828678,1603.4027819054072,1609.0445556640625,2266166
2019-03-28,1618.9378912758327,1647.2284021411322,1613.050884322558,1635.5361328125,4054489
2019-04-01,1643.467268495261,1667.9557085171552,1642.0363890326405,1661.1693115234375,2095740
2019-04-02,1665.6257898273627,1705.6086786219212,1665.544045231473,1700.1304931640625,3719663
2019-04-03,1704.791033042524,1708.552282555951,1682.7964468049488,1700.1304931640625,2939886
2019-04-04,1699.189780595966,1700.457170944085,1641.3414658902009,1647.146728515625,4397518
2019-04-05,1658.7164501859,1679.7707205618797,1650.6626625233173,1674.783203125,3152103
2019-04-08,1683.5319483783614,1696.6142753205927,1662.0278335429757,1693.1392822265625,2194294
2019-04-09,1692.526091471432,1715.4201642063113,1682.4280902562516,1710.10546875,2690970
2019-04-10,1703.155640381368,1705.199754208038,1664.7263004399738,1668.2012939453125,3313062
2019-04-11,1672.0851915382636,1680.261647242607,1646.4520228671963,1651.2352294921875,3422442
2019-04-12,1666.3613962347204,1667.179041669575,1641.0143877542118,1647.146728515625,3198471
2019-04-15,1692.526326879948,1733.2451161173915,1668.8146053922578,1727.930419921875,9189201
2019-04-16,1733.4081414334391,1762.8024518322422,1729.7696595512175,1743.056396484375,5771952
2019-04-18,1757.8559931674574,1762.0260650954594,1728.6660885328963,1757.978759765625,3413728
2019-04-22,1756.3026340802453,1779.196709384829,1754.3403646166216,1767.2999267578125,2007135
2019-04-23,1768.5672585570435,1770.611372355653,1744.8964606932418,1762.0670166015625,2163524
2019-04-24,1764.4788059052637,1794.7316862660118,1762.9253594646534,1785.287841796875,3003071
2019-04-25,1778.3795068693053,1802.9088793778471,1772.6969088289352,1794.732421875,4211526
2019-04-26,1801.2729952478437,1834.755537781941,1793.219107409098,1830.34033203125,2716958
2019-04-30,1830.3399650099072,1853.5610121736088,1823.430902002644,1848.1646728515625,3488395
2019-05-02,1843.7907087483984,1847.3882693075143,1807.8961490781687,1811.411865234375,2457699
2019-05-03,1786.5554265635992,1787.4139942670515,1737.4966963147133,1743.22021484375,3780886
2019-05-06,1725.2315503192035,1770.2020409673348,1724.0050823924366,1764.35595703125,2891422
2019-05-07,1766.154867494628,1786.0236893033791,1748.779903912362,1759.5318603515625,2201698
2019-05-08,1758.755708389383,1772.6556837694943,1741.9121289629263,1760.2684326171875,1824895
2019-05-09,1753.849679983683,1785.8197003854289,1746.5727145396402,1776.3758544921875,2264162
2019-05-10,1778.3790579747667,1792.2790322210064,1738.191859340454,1746.327392578125,2039633
2019-05-13,1744.0376149740348,1771.837558203813,1734.757259959441,1740.5626220703125,1701744
2019-05-14,1745.6726620270597,1765.9503047700075,1694.447265399355,1710.8001708984375,2456110
2019-05-15,1714.6031128338932,1736.679547763085,1704.3825411074156,1713.2947998046875,2346876
2019-05-16,1713.784859402786,1736.6789319520597,1698.2905180837108,1724.2098388671875,1946529
2019-05-17,1727.3578219589242,1745.672999813701,1708.8789553211404,1713.3350830078125,1947908
2019-05-20,1737.4969880269232,1759.082753112321,1676.1735649200905,1752.9913330078125,2625116
2019-05-21,1756.343326074264,1756.8747157617008,1719.1404585805683,1725.0274658203125,1863157
2019-05-22,1725.2319069133166,1735.0027301587077,1696.614316040347,1702.1334228515625,2595795
2019-05-23,1715.420594245672,1729.6068262912893,1676.173602575609,1679.485107421875,2541294
2019-05-24,1692.5262880325315,1692.5262880325315,1661.6601685285568,1674.5380859375,2274208
2019-05-27,1680.0980991061222,1691.6677036736469,1668.0786497562913,1680.3841552734375,2329820
2019-05-28,1684.3499025203437,1715.011611910884,1672.0852187641276,1695.592529296875,5872979
2019-05-29,1700.7028279674837,1736.4339003425068,1698.3317356036157,1723.22900390625,3281320
2019-05-30,1735.8611758630318,1763.2932188253735,1728.8293456086203,1754.912353515625,4971725
2019-05-31,1766.1141645129096,1802.867287410508,1759.777412302273,1795.9991455078125,4265370
2019-06-03,1799.6374563515485,1837.780532949892,1787.086520094919,1833.40625,3682419
2019-06-04,1833.1588943743768,1833.1588943743768,1792.7700518274592,1799.4466552734375,2408658
2019-06-06,1812.552594375828,1812.552594375828,1773.812270621547,1785.4344482421875,3735467
2019-06-07,1791.945952575341,1804.9693350721448,1765.6520699201287,1798.333984375,2659446
2019-06-10,1810.6569405226544,1842.926930066104,1801.4252430793815,1839.34130859375,2080593
2019-06-11,1843.8749296800672,1866.0887604006405,1838.9293554386363,1856.8983154296875,3048937
2019-06-12,1850.4686522408913,1868.5199140557,1829.0378348875445,1863.5743408203125,2404448
2019-06-13,1866.1295976060983,1883.4391035909607,1848.8613449779011,1857.969482421875,3320916
2019-06-14,1860.5660376837473,1865.388052532059,1841.401939610363,1858.29931640625,2131408
2019-06-17,1859.5355653263427,1864.481138638381,1847.5425097974717,1853.9305419921875,1489497
2019-06-18,1849.644616259352,1862.8328131667267,1839.0940184862689,1855.2908935546875,1877447
2019-06-19,1858.7111958559076,1876.020701449244,1848.9436086338865,1862.75,1652817
2019-06-20,1838.1051972336268,1882.61536792897,1823.2684736685123,1877.6285400390625,2199377
2019-06-21,1883.438795184488,1889.6207605953784,1847.9955268287188,1854.466064453125,3871804
2019-06-24,1858.010322203036,1879.3175778675015,1855.2491649244416,1875.6083984375,1382424
2019-06-25,1871.075177397044,1874.743103907319,1855.0020646396688,1869.2618408203125,1386077
2019-06-26,1866.9541975303696,1868.437909987512,1854.5902624473867,1858.0521240234375,1762224
2019-06-27,1858.7112967128728,1866.1296566554072,1847.4189446030816,1856.69189453125,2813464
2019-06-28,1862.8323459150015,1864.4396167627556,1831.9225171664125,1835.7965087890625,2372928
2019-07-01,1842.22637265939,1858.7116198420244,1818.8174021544205,1845.976806640625,2769940
2019-07-02,1850.3858308490417,1860.359482338642,1826.9356153263705,1856.3206787109375,1771746
2019-07-03,1856.4037024751824,1861.843914708286,1839.753642552317,1844.41064453125,1656881
2019-07-04,1841.401828390356,1856.2385485832951,1838.1872861762445,1848.5316162109375,984140
2019-07-05,1852.1176961821243,1854.5904834934488,1763.9216154115468,1782.962158203125,4088470
2019-07-08,1771.3397743747278,1804.1454558597509,1757.409821278156,1793.1002197265625,2788062
2019-07-09,1791.9461211814512,1792.275745585193,1734.7011484957648,1758.43994140625,3977224
2019-07-10,1714.465440065166,1753.9064683033312,1707.2943989043802,1737.7095947265625,6343581
2019-07-11,1754.0296754139115,1754.8539374794257,1719.451922012768,1733.05224609375,2400346
2019-07-12,1732.6816458045178,1747.2297930955792,1725.2632860272515,1737.215087890625,1560725
2019-07-15,1751.5575599340386,1775.1315445291712,1729.302475643112,1768.6197509765625,2900415
2019-07-16,1756.4745550056016,1761.844773541602,1734.9936808616008,1739.9508056640625,2735399
2019-07-17,1741.6030059536988,1755.6481914855835,1728.466707226827,1749.2452392578125,1802969
2019-07-18,1748.3777332007312,1748.3777332007312,1701.9460417240057,1706.86181640625,3072096
2019-07-19,1715.9917891777857,1732.5155425641872,1704.012067972645,1715.950439453125,1953177
2019-07-22,1715.9918453162695,1749.4110972923788,1709.2171465474062,1743.17333984375,1920167
2019-07-23,1758.0440960646122,1759.7791702951542,1736.976317265304,1745.279541015625,3538588
2019-07-24,1743.255855829422,1752.1787223521103,1715.5785709145946,1732.3502197265625,2413196
2019-07-25,1742.3467489256132,1763.9103234923664,1728.838704239993,1758.0443115234375,2544464
2019-07-26,1759.613969651357,1759.613969651357,1730.8626077119054,1742.4705810546875,1720592
2019-07-29,1743.91653792041,1769.6935464348592,1737.720131945498,1759.779296875,1647090
2019-07-30,1759.7791995740886,1805.2195075443117,1751.88906939444,1800.38623046875,2851672
2019-07-31,1794.272390732485,1827.2785352697504,1773.9481010886807,1822.3214111328125,3000677
2019-08-01,1817.6125274861877,1832.070808954828,1789.7286989395243,1801.130126953125,2375236
2019-08-02,1795.305316150091,1825.8742515838476,1789.1089103189238,1821.9912109375,2500816
2019-08-05,1817.5297669192068,1860.7807624258623,1813.9773220997204,1857.7652587890625,3039682
2019-08-06,1844.7107463087216,1860.5321498700569,1827.0715696158084,1829.921875,2885467
2019-08-07,1842.398298267726,1849.4208926781637,1823.6025308750843,1828.724853515625,2165362
2019-08-08,1841.489057601059,1884.533502815061,1833.227183410725,1865.6138916015625,2073298
2019-08-09,1867.1838089524208,1873.7106097261176,1851.7754922733084,1855.82373046875,1744550
2019-08-13,1854.7908379303376,1855.8235722498976,1812.9031742701552,1817.157958984375,1647281
2019-08-14,1801.997914454775,1832.3603097558316,1790.6789825968206,1821.2479248046875,1945002
2019-08-16,1851.8161276676592,1851.8161276676592,1770.725925112057,1788.7781982421875,3755507
2019-08-19,1801.0888897617604,1806.0460151464256,1782.6648667408977,1787.043701171875,974884
2019-08-20,1794.479261639705,1821.7434493165515,1789.935230360231,1806.66552734375,1843611
2019-08-21,1805.1783252025105,1819.26486232052,1802.9476593092436,1806.2110595703125,1214408
2019-08-22,1806.8723458520772,1847.0662933478825,1792.8271561495233,1830.831787109375,2131601
2019-08-23,1829.96360490099,1867.1006854219688,1829.096067854466,1857.021240234375,2826425
2019-08-26,1856.4426983314072,1885.3592512649184,1838.2665793446288,1880.6500244140625,2345475
2019-08-27,1875.4455912995336,1879.4526812849017,1841.57190440822,1847.768310546875,3432106
2019-08-28,1850.6600459138103,1860.6981436054768,1830.8315454218769,1850.0404052734375,1294621
2019-08-29,1835.9539252592983,1857.4348014655864,1835.9539252592983,1845.24853515625,1670652
2019-08-30,1851.4858618641256,1872.140545731418,1832.483552706216,1866.85302734375,2583625
2019-09-03,1875.4450507961244,1897.091116327575,1848.1395219400551,1860.2432861328125,2545060
2019-09-04,1871.3150630336024,1875.4460013625949,1844.8770577280504,1855.1217041015625,2228092
2019-09-05,1852.4777835727311,1861.9375911861448,1823.6439172144412,1830.25341796875,2055943
2019-09-06,1830.831711728527,1845.2899946505704,1811.4990026751475,1815.5472412109375,1890550
2019-09-09,1817.612147428563,1819.96686202918,1800.9232035069886,1803.443115234375,1703945
2019-09-11,1806.045415143338,1813.481100750058,1773.4523669083912,1779.607421875,2627440
2019-09-12,1780.43411653389,1788.6959917846273,1751.8067994724606,1762.7537841796875,2118859
2019-09-13,1763.9103807440354,1782.8713442614307,1747.8410735885157,1769.65234375,2291174
2019-09-16,1784.5236257567656,1795.6358071378495,1756.8049951715525,1776.3031005859375,2597948
2019-09-17,1780.392683258006,1781.7146639184557,1739.6204518327272,1753.706787109375,2796530
2019-09-18,1756.804841515829,1770.4782835981605,1745.8578582487453,1766.8431396484375,1454663
2019-09-19,1763.910272931791,1764.57126325815,1727.5580237472482,1736.604736328125,1652691
2019-09-20,1739.0421563677758,1759.2837520767066,1699.4678519702466,1706.4490966796875,6941979
2019-09-23,1734.1672125858254,1734.1672125858254,1631.7199832572678,1665.428466796875,6323401
2019-09-24,1664.7678135676376,1702.7724385920103,1663.115438566578,1689.3055419921875,4620978
2019-09-25,1706.0772368510727,1728.384299996341,1701.9876489489611,1725.4512939453125,4002232
2019-09-26,1733.2588382621404,1740.7772259002363,1704.4249724879865,1724.749267578125,4234281
2019-09-27,1722.6008476025263,1722.7660447527187,1694.840868368865,1698.7652587890625,2046795
2019-09-30,1703.4746048070238,1738.298323718157,1701.9460774046595,1734.415283203125,2620039
2019-10-01,1731.647533144263,1731.647533144263,1685.1744894129924,1701.90478515625,3342877
2019-10-03,1710.2076697306152,1719.4195772209673,1690.5031232716983,1702.15234375,2317618
2019-10-04,1702.4420894229931,1725.0381971381744,1697.7740088976425,1717.93310546875,2163251
2019-10-07,1718.4698294902378,1730.4495470515878,1686.2485201872958,1691.783935546875,2177916
2019-10-09,1701.9459751995614,1701.9459751995614,1665.1806373857846,1668.9810791015625,2066920
2019-10-10,1675.508269868787,1684.637682193233,1649.9790556454589,1656.051513671875,2881452
2019-10-11,1595.3678309686954,1648.2438232949494,1590.410706688109,1641.5103759765625,12593069
2019-10-14,1648.2439795960772,1679.4325561523438,1625.936918218085,1669.724853515625,3510704
2019-10-15,1678.8128167773366,1691.205627924807,1671.1292335247226,1683.191650390625,2261310
2019-10-16,1683.770209559005,1698.641585305846,1665.5940836461991,1690.710205078125,3034082
2019-10-17,1701.3541476258931,1721.6284770911473,1688.9361620766542,1715.6728515625,3818774
2019-10-18,1721.2058472291017,1743.5075239311088,1710.6463021540765,1737.9744873046875,3087901
2019-10-22,1757.1081961703458,1783.7182481796565,1723.3599333623135,1732.9478759765625,5552505
2019-10-23,1740.2132872122493,1760.3609847087134,1733.877559224826,1748.7454833984375,2348134
2019-10-24,1760.4875009850057,1773.1589561264525,1741.3114067858423,1758.7979736328125,2798671
2019-10-25,1768.9352916744936,1799.3467866603016,1752.9270598676942,1795.0806884765625,3954245
2019-10-27,1798.5020005407396,1798.5020005407396,1781.437814259179,1787.2666015625,224405
2019-10-29,1792.1662584679202,1859.9162685650256,1792.1662584679202,1854.1297607421875,5064173
2019-10-30,1879.5990265586372,1909.16575281911,1838.9237413567469,1903.08349609375,5195136
2019-10-31,1900.7184677091968,1930.2429199927155,1889.7365387846544,1917.3179931640625,4879261
2019-11-01,1912.544652034424,1921.837050962153,1854.255967851396,1859.239990234375,4172620
2019-11-04,1864.393470135323,1883.1471828685203,1842.345055255302,1853.3692626953125,2646411
2019-11-05,1855.9457824552285,1867.772473831821,1832.292399702044,1860.04296875,2693475
2019-11-06,1858.4799181088647,1867.6034062278031,1840.7398825269163,1848.76513671875,2540719
2019-11-07,1862.2816350533792,1862.2816350533792,1837.5300166189115,1846.1044921875,1915598
2019-11-08,1849.6942210237048,1849.6942210237048,1794.2776535586052,1799.303955078125,2788759
2019-11-11,1803.5705199738163,1806.9495748121751,1766.400916751874,1774.8062744140625,2983768
2019-11-13,1789.209579241257,1844.7950738955649,1789.209579241257,1840.40234375,3823365
2019-11-14,1847.920633710943,1858.480180189291,1813.454232757386,1855.7769775390625,2995915
2019-11-15,1855.100691210634,1868.194525779744,1832.0808852746184,1836.89599609375,2724180
2019-11-18,1840.233215670163,1848.131838993768,1815.1860537254524,1818.4384765625,1611089
2019-11-19,1818.776134062004,1820.1699115846911,1778.227478959832,1781.4376220703125,2975313
2019-11-20,1792.5464365669934,1803.5706449895165,1769.357712379645,1781.2266845703125,2894129
2019-11-21,1784.1408046208865,1796.4744362401884,1780.2548093871003,1789.2939453125,2052574
2019-11-22,1771.469239659318,1779.916875518447,1740.6353687734977,1750.0966796875,3742049
2019-11-25,1752.5043006634987,1761.2897592713534,1733.6237524284957,1758.3753662109375,2737010
2019-11-26,1765.429398469097,1772.2295808664776,1719.1363091478993,1728.935546875,6561580
2019-11-27,1733.4548297070753,1750.096630634892,1728.8509095411132,1735.3978271484375,2907521
2019-11-28,1746.1687660934626,1769.2729284688687,1740.213141037318,1754.869873046875,2924429
2019-11-29,1761.3322325552858,1761.3322325552858,1728.2175383041506,1734.510986328125,2064271
2019-12-02,1740.213445618328,1746.71808569595,1703.0438380420142,1707.3099365234375,3809860
2019-12-03,1712.927557438859,1741.9029977278617,1697.975279065471,1732.610595703125,4664774
2019-12-04,1734.299593611867,1758.797736921533,1727.96386689385,1755.841064453125,3334301
2019-12-05,1759.6429427041226,1796.6436372842982,1747.2672359012015,1791.9974365234375,3902721
2019-12-06,1794.2781306067209,1797.6571854666206,1774.8485651622975,1793.9403076171875,1829461
2019-12-09,1797.6146833454573,1797.6146833454573,1734.7220738048934,1740.5931396484375,2244747
2019-12-10,1740.2133217928972,1740.9314534755335,1692.272979068748,1700.3826904296875,4520045
2019-12-11,1710.9844940385951,1730.0761338762002,1695.2296297148753,1724.923095703125,4943024
2019-12-12,1732.6949090323626,1760.1918024977156,1676.0111822179515,1707.1829833984375,7137306
2019-12-13,1708.9568295135225,1754.9118886510507,1695.440611385882,1749.7166748046875,5711133
2019-12-16,1770.6247125528976,1804.4152605023803,1757.361963730953,1796.6011962890625,5574177
2019-12-17,1796.3900912983,1832.2925502120916,1790.05436325469,1828.8712158203125,6059673
2019-12-18,1836.5161007236768,1861.3943479604177,1818.7760647921232,1831.236328125,8251081
2019-12-19,1841.4157775161148,1889.3138334540504,1831.067423185772,1883.0203857421875,6251505
2019-12-20,1875.3750972817347,1897.930243014335,1865.4491254830589,1877.8248291015625,5548338
2019-12-23,1866.927340238964,1893.9174928914856,1866.927340238964,1885.2586669921875,2247329
2019-12-24,1891.426081128821,1895.2697975307528,1867.8993276366296,1871.65869140625,1805896
2019-12-26,1872.3343588450905,1882.9784649658552,1854.4254079635432,1860.1275634765625,1880367
2019-12-27,1865.2380227285648,1880.7815904215245,1838.2055876165568,1857.2127685546875,2720261
2019-12-30,1864.3931332316529,1879.5988769553364,1839.1347858759736,1844.2877197265625,2288830
2019-12-31,1849.1879473450429,1855.946057705372,1822.5356083632628,1826.1258544921875,1909289
2020-01-01,1831.4476862619656,1844.879346483023,1819.620994561012,1831.10986328125,1354908
2020-01-02,1841.5426177806585,1841.5426177806585,1815.5661335653608,1822.704345703125,2380752
2020-01-03,1828.0687873854736,1877.9098495184417,1828.0687873854736,1859.029296875,4655761
2020-01-06,1862.7035785805083,1880.4013332376232,1848.2580397603845,1858.85986328125,3023209
2020-01-07,1858.902794327318,1870.8561199379776,1844.795279717671,1863.42236328125,2429317
2020-01-08,1862.7039447019456,1909.165947857776,1860.2119330536327,1905.1533203125,5197454
2020-01-09,1899.6623271853584,1902.365529715672,1866.9277345545936,1870.6025390625,3734173
2020-01-10,1882.1335522148577,1887.2021344919176,1865.2382779579916,1869.9267578125,1915807
2020-01-13,1873.5592487484832,1874.488365070928,1845.555208435388,1850.3282470703125,2843893
2020-01-14,1854.2562328377508,1883.654049440306,1854.2562328377508,1864.308837890625,2948452
2020-01-15,1869.4624544833227,1884.6682042260704,1853.580852392662,1881.20458984375,2620681
2020-01-16,1881.2461831080443,1899.8732609969877,1871.1512997369175,1891.2567138671875,3117214
2020-01-17,1892.9042862294832,1903.7173029831172,1869.462093239249,1874.615234375,3281059
2020-01-20,1854.1718907437437,1894.1292577627437,1821.4795745431627,1833.43310546875,5817599
2020-01-21,1833.0944813818376,1847.1176377166823,1823.0418784157969,1834.0238037109375,1902980
2020-01-22,1842.4295416032503,1866.9276877318584,1836.2627256398923,1864.308837890625,1773686
2020-01-23,1870.9978797955555,1877.728960191243,1848.899397444993,1855.037841796875,2069866
2020-01-24,1855.0378761482093,1855.0378761482093,1837.2999296896437,1848.6453857421875,1319430
2020-01-27,1853.9796456629,1857.1547033540303,1833.0666403458856,1836.6650390625,1549101
2020-01-28,1840.6867446873212,1852.370998116009,1822.0597399112764,1848.94189453125,1743024
2020-01-29,1849.99978697468,1851.6507751909637,1820.3659231100971,1824.2607421875,2306761
2020-01-30,1828.832900861221,1833.0663103539555,1799.1990344120811,1810.0789794921875,2098567
2020-01-31,1811.391447883722,1815.582689289592,1753.986571757206,1760.2943115234375,3287223
2020-02-03,1822.0595603262489,1858.212838327261,1772.274620217078,1780.1488037109375,4728073
2020-02-04,1802.5856168247203,1809.105025576564,1766.6863899014625,1784.5936279296875,3509339
2020-02-05,1790.7325739806186,1826.0391748774875,1781.673117194104,1817.4454345703125,2439322
2020-02-06,1816.1328165775417,1840.8558886361448,1791.1556985873144,1802.03564453125,2640065
2020-02-07,1811.052600816632,1821.212783710414,1794.1189626603289,1808.978271484375,2083442
2020-02-10,1812.661433200342,1834.7599163533623,1794.1191798582258,1830.484130859375,2383032
2020-02-11,1831.3733478785252,1841.3642378126412,1818.3345264673944,1823.2451171875,1335820
2020-02-12,1821.296992250896,1849.9994176952268,1820.3655597458755,1837.9342041015625,1620407
2020-02-13,1839.7972008558224,1860.1599397631624,1838.1462126653737,1855.8841552734375,1645948
2020-02-14,1852.5401867974265,1872.8605544771056,1838.1465930243205,1849.32275390625,1500115
2020-02-17,1860.117888683022,1877.0939033046884,1854.4027854591577,1865.4520263671875,1774724
2020-02-18,1862.657663968176,1880.4803579597944,1850.888869130274,1876.0352783203125,2486223
2020-02-19,1876.035286216479,1888.1005024315689,1854.65656976518,1859.6097412109375,1760463
2020-02-20,1866.5104693628311,1874.8925384806712,1821.424652854067,1826.123779296875,2317278
2020-02-24,1825.4460995554953,1844.87740700062,1783.7046423007662,1791.028564453125,3092877
2020-02-25,1791.1553435734677,1842.929852834637,1787.3452754826708,1825.5728759765625,2674567
2020-02-26,1823.7529652461767,1832.1350340739675,1788.9966290002187,1798.013916015625,2686842
2020-02-27,1794.9234784968644,1794.9234784968644,1766.3479607749568,1782.68896484375,2349001
2020-02-28,1750.9381917091305,1752.208214575457,1684.8970026601398,1693.4908447265625,4298076
2020-03-02,1722.997491254769,1739.0420702859933,1681.2560364883825,1694.46435546875,2667076
2020-03-03,1710.2977084088952,1744.164989763527,1703.524252137969,1724.013916015625,2757585
2020-03-04,1740.7777913593766,1773.3326654249663,1714.530655400164,1763.8074951171875,3237002
2020-03-05,1765.9245586589109,1818.4612166906688,1764.5276160801952,1799.2415771484375,3937056
2020-03-06,1776.3388414022,1798.0561520844574,1753.9865192180112,1791.9600830078125,2595027
2020-03-09,1756.8647910743073,1761.0134493429514,1638.3293352909805,1669.952880859375,4940975
2020-03-11,1636.636321432878,1682.6111958082988,1625.6294553290877,1654.16259765625,6796449
2020-03-12,1612.082533423374,1615.8079549068543,1488.7632790375558,1498.5001220703125,8728786
2020-03-13,1429.1144136544872,1540.9610730671525,1275.1453293049588,1529.361572265625,8029720
2020-03-16,1485.9266945620784,1559.7996883515607,1418.911803307323,1436.3111572265625,7844271
2020-03-17,1464.7596805144565,1465.6063624107076,1374.291740570968,1403.798583984375,5713248
2020-03-18,1419.7163063179903,1450.831867349641,1378.18651617059,1400.7506103515625,7258778
2020-03-19,1330.218337385215,1437.4665012391083,1319.1737371054442,1395.5906982421875,5135111
2020-03-20,1390.1749542096245,1594.0104229556982,1387.6163499994227,1532.9876708984375,8547498
2020-03-23,1381.646429328108,1492.5192909408574,1379.7274759540412,1424.033935546875,7003490
2020-03-24,1409.833823874076,1509.5767185186858,1392.605823716574,1452.5625,6350865
2020-03-25,1449.8757188534498,1543.6912065439672,1432.818357455174,1492.7750244140625,2765520
2020-03-26,1562.1133259460546,1562.497179090106,1469.10811408077,1527.4442138671875,4556067
2020-03-27,1552.2200766155968,1577.8061218345351,1492.8604725296366,1556.0579833984375,4331250
2020-03-30,1506.1648339761384,1624.713481723977,1504.0753490950306,1516.82568359375,8513547
2020-03-31,1567.06005977672,1582.070519354004,1518.105404016241,1557.422607421875,3927593
2020-04-01,1557.2521594152715,1564.8000226102438,1451.5817623559803,1457.338623046875,4941878
2020-04-03,1483.990710494697,1483.990710494697,1407.2325702966957,1410.8145751953125,5735369
2020-04-07,1458.4046313279796,1523.0946638897606,1454.1402903007047,1514.0115966796875,5427577
2020-04-08,1501.0480503750398,1540.2799880552966,1450.7288259590584,1454.5240478515625,6285615
2020-04-09,1492.90299851605,1517.0818936457872,1476.4852867715956,1506.2930908203125,5307397
2020-04-13,1501.9004779147276,1524.075044879965,1489.107458511706,1500.407958984375,2990438
2020-04-15,1522.3695805555358,1545.3970195891488,1473.585566172721,1479.8541259765625,4761399
2020-04-16,1458.3616307687255,1505.226790985501,1428.5966201256836,1463.564208984375,6245533
2020-04-17,1535.1624551664293,1579.4689077146468,1495.0776577259724,1540.4501953125,9895823
2020-04-20,1560.7488813717412,1560.7488813717412,1537.2950047391057,1551.06884765625,3244282
2020-04-21,1505.3120026942368,1530.5568743820374,1473.4999850160173,1481.986083984375,5122541
2020-04-22,1481.9865572839915,1526.6341900077705,1466.2084944263695,1509.150390625,3829836
2020-04-23,1518.1052438793593,1620.449417624035,1501.7727986639625,1601.8995361328125,5934366
2020-04-24,1569.8742209031711,1579.4689867279417,1541.8149445790734,1550.9832763671875,2987102
2020-04-27,1562.7101712534295,1599.1275953816398,1556.4841928381295,1566.37744140625,3374741
2020-04-28,1590.5993047760842,1593.1579095558848,1562.966352332258,1585.5247802734375,2678505
2020-04-29,1598.2750111219048,1631.1531219647657,1577.8488593206253,1625.268310546875,4241510
2020-04-30,1688.6787949418672,1733.0279350110477,1656.4403399399368,1718.06005859375,5915544
2020-05-04,1676.738816507597,1676.738816507597,1632.0911887821817,1646.4193115234375,3729348
2020-05-05,1667.4423175582583,1686.1201488300956,1643.4767459765271,1648.3807373046875,2905528
2020-05-06,1654.393789009578,1666.2485737948612,1614.9912153938913,1623.5198974609375,3517431
2020-05-07,1628.9782353923947,1649.830820897835,1606.2492774116702,1613.328125,3166754
2020-05-08,1653.796588983634,1654.1377570615136,1608.722528619376,1614.820556640625,2686530
2020-05-11,1628.1253119564062,1664.286942640589,1628.1253119564062,1650.5557861328125,2449841
2020-05-12,1648.9353471376187,1668.6365811195578,1629.1914281030593,1662.66650390625,3256595
2020-05-13,1700.6188660787916,1700.6188660787916,1642.3253565615048,1662.794189453125,2656665
2020-05-14,1628.9784427681866,1640.1509966060305,1612.8592111774535,1622.4539794921875,2263146
2020-05-15,1634.0952752037724,1635.2893113625353,1590.769534196382,1614.39404296875,3173682
2020-05-18,1626.419521023343,1665.608769883336,1596.6544025171956,1659.3402099609375,3727694
2020-05-19,1623.007838334093,1677.1222724349172,1623.007838334093,1661.9412841796875,3198693
2020-05-20,1663.0927816241688,1674.0948008476576,1647.485253875746,1666.1630859375,2778505
2020-05-21,1659.6812403942886,1704.0303793976302,1655.5448511361433,1698.2308349609375,3400908
2020-05-22,1686.205376319067,1733.0278524053383,1672.687438745064,1723.0919189453125,3663418
2020-05-26,1718.5290558756594,1726.204868035898,1641.7709342732726,1657.12255859375,4575317
2020-05-27,1670.7685151738392,1714.264785859835,1655.6301072390074,1710.25634765625,3482160
2020-05-28,1695.9282069081696,1717.6763433306785,1681.2589173181138,1709.403564453125,3475681
2020-05-29,1690.3843718062417,1707.9961167845202,1673.668179869686,1682.1541748046875,7237735
2020-06-01,1697.2078847424673,1756.90866460778,1689.617336194755,1744.328857421875,3747773
2020-06-02,1757.0787181457822,1774.8184152618328,1739.893510195078,1745.9488525390625,2443886
2020-06-03,1755.1014085219333,1765.280288250353,1727.8576292020414,1750.2257080078125,3699799
2020-06-04,1750.7390880419011,1796.287814773662,1750.7390880419011,1789.0599365234375,4048593
2020-06-05,1789.1028144749243,1794.5771321078207,1745.2220258653117,1752.022216796875,3573289
2020-06-08,1777.6832289384445,1792.0107612780182,1763.8690051706217,1772.123291015625,2957841
2020-06-09,1764.7244395596292,1792.4385090661528,1762.286537009564,1772.3800048828125,2909439
2020-06-10,1776.6569885092654,1823.6598110088175,1773.620364975039,1803.7723388671875,5168397
2020-06-11,1796.2880504101147,1800.564926720615,1763.6127571642628,1768.6165771484375,2269513
2020-06-12,1720.33055980954,1752.8348173969923,1720.159526535973,1744.5377197265625,2842642
2020-06-15,1744.1954594724216,1761.2174459576229,1711.5628763924042,1736.3260498046875,2399022
2020-06-16,1766.3499211238918,1774.0054879744991,1737.2671621320214,1749.9267578125,2146528
2020-06-17,1750.0976120167068,1761.089266573102,1733.460606591614,1751.6373291015625,2703527
2020-06-18,1749.2418299107308,1761.388112831285,1732.3053635809356,1743.3397216796875,1944389
2020-06-19,1746.6759479748573,1787.7339526285268,1738.1221970053427,1748.89990234375,5681758
2020-06-22,1753.5188990334416,1755.4434929470149,1727.1305989238506,1734.6578369140625,3196138
2020-06-23,1733.8452913415788,1748.3866677366486,1719.3039149465087,1740.9449462890625,4205944
2020-06-24,1739.8330116101292,1765.7081092508404,1737.7800904182627,1746.8470458984375,2560937
2020-06-25,1740.6885853145918,1762.0729659695623,1718.6626732399725,1724.52197265625,3043931
2020-06-26,1732.1348174461707,1823.659965824808,1727.8151308264182,1812.411865234375,6300722
2020-06-29,1803.131057281772,1819.89649599607,1788.846332133244,1797.6993408203125,3076341
2020-06-30,1796.287693970536,1806.4665740369785,1774.9461271823432,1781.0191650390625,3071725
2020-07-01,1778.923218589506,1808.2198102456043,1778.7521853680876,1789.4871826171875,2503466
2020-07-02,1797.9983898250798,1851.887019015841,1794.5768895589997,1845.1722412109375,3758699
2020-07-03,1850.732493353834,1886.10234189212,1847.8243011666452,1881.5260009765625,4185208
2020-07-06,1886.102098560884,1941.6158591082508,1886.102098560884,1935.8848876953125,5190366
2020-07-07,1945.9783412440536,1969.672189610641,1909.325434888337,1941.6158447265625,5630055
2020-07-08,1941.701824392586,1945.4653919732064,1888.3264921358557,1897.9920654296875,2793358
2020-07-09,1906.6313016542883,1919.8896171211532,1874.1698549066216,1885.54638671875,3443998
2020-07-10,1886.3157527272535,1924.465561947142,1861.2960335265864,1900.9427490234375,9610320
2020-07-13,1898.932861328125,1920.274429872632,1890.379109700521,1898.932861328125,2963503
2020-07-14,1890.3790977537085,1915.1849773169924,1851.8872156727507,1857.83203125,2976738
2020-07-15,1868.9951056573,1933.1482557370696,1865.6592253858992,1910.8228759765625,5569321
2020-07-16,1923.7681057899376,2000.067286456294,1903.2788589715772,1915.838134765625,8582118
2020-07-17,1917.766975802372,1923.6822216008095,1877.5170581121815,1886.6900634765625,4509135
2020-07-20,1886.9037260003197,1909.1075525498277,1878.1593707657753,1892.8189697265625,2952646
2020-07-21,1911.765658251411,1919.1811677796663,1887.032642136425,1907.5220947265625,2665286
2020-07-22,1912.6228738470609,1912.6228738470609,1872.5014736292972,1878.2882080078125,2861534
2020-07-23,1878.287999578186,1878.287999578186,1854.3266773002176,1861.3564453125,2265766
2020-07-24,1847.0398101782223,1854.3268087331144,1821.8354518378844,1849.52587890625,3665100
2020-07-27,1856.0415333331932,1898.9062338720664,1854.755592317027,1891.87646484375,4248480
2020-07-28,1898.9059270864336,1988.9217836751816,1898.9059270864336,1980.134521484375,8092319
2020-07-29,1964.9172011416008,2007.7818870303788,1925.524596669858,1951.243408203125,6090431
2020-07-30,1959.6880131740008,2021.4989861657573,1947.986035332969,1954.201416015625,7098496
2020-07-31,1974.47683527032,2001.6103192883236,1935.2985365108568,1955.8306884765625,4723290
2020-08-03,1963.5889291410197,1975.0767939040652,1912.3656145009645,1932.4691162109375,4012337
2020-08-04,1937.4413152447512,1945.757024248175,1907.521841734408,1928.654052734375,2927928
2020-08-05,1937.484555228618,1971.7763172680627,1931.4834968717153,1937.055908203125,3800641
2020-08-06,1950.3432205998365,1988.4927912884923,1942.07041988969,1978.7197265625,4748047
2020-08-07,1978.6344799066217,1995.7803592818957,1960.631306562584,1967.789794921875,3165491
2020-08-10,1987.206848535814,1993.207904592652,1951.2434187409508,1957.0301513671875,2929353
2020-08-11,1957.201517432727,1982.0630347369536,1950.8576277717368,1954.5438232421875,2774423
2020-08-12,1961.7890073167189,1968.690057275446,1925.954072627177,1935.212890625,3415751
2020-08-13,1948.6289169629467,1971.7758508643983,1929.339805378404,1932.72607421875,2695682
2020-08-14,1952.058048066137,1955.7444533898167,1914.4229327040664,1922.1812744140625,2270405
2020-08-17,1940.055787446183,1946.0568437926804,1918.8377667924965,1931.82568359375,2625630
2020-08-18,1939.8847445608276,1962.34580364242,1927.453982589305,1945.8428955078125,3493374
2020-08-19,1951.5010121787695,1958.5736867058783,1931.0544693712045,1934.5694580078125,2843005
2020-08-20,1934.9121778684423,1951.6723141358157,1920.381089283269,1931.3544921875,2895164
2020-08-21,1937.484248554819,1946.9144816230064,1921.2385707201329,1927.711181640625,1975294
2020-08-24,1929.4259498323224,1937.441523109407,1911.7656098063708,1927.28271484375,2167966
2020-08-25,1924.624954032781,1928.911423863589,1914.808979980288,1922.6102294921875,1663419
2020-08-26,1922.0528636227327,1937.398340232176,1900.148963303465,1931.9117431640625,2618149
2020-08-27,1942.6280073741675,1960.9313161416896,1921.8386299783936,1927.53955078125,3579393
2020-08-28,1944.6856821145025,1954.587469960892,1916.13795852922,1919.0955810546875,2941136
2020-08-31,1920.3386310776389,1951.372633166244,1910.0511026968657,1935.126953125,6018154
2020-09-01,1945.1996029800944,1952.9152470641936,1921.45260693686,1925.781982421875,3610908
2020-09-02,1926.339611733236,1944.9857561725769,1921.75300512804,1941.8994140625,2084137
2020-09-03,1944.3426530393835,1992.3511136082573,1944.3426530393835,1971.347412109375,4654146
2020-09-04,1950.343861417558,1992.5655911647293,1940.0134267970236,1962.174560546875,5231303
2020-09-07,1962.3453851962056,2009.067894367544,1957.501759249912,1994.9654541015625,4620401
2020-09-08,2002.5956836957052,2049.3182021754624,1994.9658515539825,2013.0975341796875,7453998
2020-09-09,1993.2087231727448,2022.3567217051632,1988.9222528003304,1995.48046875,3866535
2020-09-10,2001.781378326608,2013.3548466809589,1992.608374898401,1998.480712890625,2308813
2020-09-11,1998.309276486205,2042.93146812207,1997.6233994710933,2035.3016357421875,4145424
2020-09-14,2043.874120019182,2148.163821339894,2041.9452090751472,2135.861572265625,7512131
2020-09-15,2135.861572265625,2175.8115448710573,2112.886267127976,2135.861572265625,7318770
2020-09-16,2133.7616194198476,2149.75027630151,2123.774229163415,2145.806640625,3074003
2020-09-17,2126.089306492596,2139.5916881769745,2100.884944401881,2109.7578125,4828176
2020-09-18,2130.3755260448897,2143.5777695284337,2088.710955175567,2100.284423828125,4183256
2020-09-21,2113.2293422503303,2147.4352831776064,2102.2130325473,2113.486572265625,4598809
2020-09-22,2130.3751648804437,2190.385732905245,2107.228231499449,2162.909423828125,7499613
2020-09-23,2151.807732018691,2160.252160822618,2065.2210463876595,2115.329833984375,7502280
2020-09-24,2100.3701914058315,2100.3701914058315,1974.005146059324,1999.423828125,8424708
2020-09-25,2030.071707777899,2091.7968610549296,2016.4408201493188,2076.622802734375,8228267
2020-09-28,2091.7968852273443,2095.2260604490284,2028.357143626187,2080.052001953125,4347166
2020-09-29,2087.3821185445845,2152.707871314026,2080.0522139013005,2133.2900390625,6995811
2020-09-30,2133.8046771202826,2147.521380548939,2108.943152155844,2136.6337890625,3917166
2020-10-01,2151.807574285382,2177.526389914291,2136.6335149243773,2163.338134765625,2610337
2020-10-05,2246.109679934696,2338.7832202963714,2231.5785923768453,2319.66552734375,17412105
2020-10-06,2345.5566088640235,2345.5566088640235,2271.915130924273,2326.953369140625,9846367
2020-10-07,2350.699853504022,2374.7040824967694,2317.2653916926956,2345.51318359375,9656101
2020-10-08,2400.423152898631,2473.293141468768,2400.423152898631,2422.45556640625,19839329
2020-10-09,2408.996414896471,2426.013786458482,2383.2775919616333,2411.525390625,7739245
2020-10-12,2413.711569375621,2446.71739264714,2401.06648123913,2426.142333984375,4623203
2020-10-13,2439.001849614284,2447.4889779543214,2410.8825597164855,2423.184814453125,4209878
2020-10-14,2446.817273400474,2446.817273400474,2399.9386382621356,2418.922607421875,4395936
2020-10-15,2420.1275694851133,2434.5484648208926,2347.8078555623993,2359.516845703125,6629355
2020-10-16,2367.6960614775485,2386.2493453117218,2351.510177333232,2379.060546875,5273773
2020-10-19,2388.272571696471,2388.272571696471,2330.244692063234,2334.50634765625,3331194
2020-10-20,2346.086360712737,2376.133401035261,2340.0166273556647,2358.1396484375,3406273
2020-10-21,2358.1395015420994,2366.748992237762,2292.7504617470677,2303.383056640625,4570143
2020-10-22,2290.9850853164644,2313.068341126068,2271.2694390463653,2299.7236328125,5262294
2020-10-23,2314.058947114914,2326.284381842546,2298.8201906491454,2313.197998046875,3499091
2020-10-26,2315.9104698312344,2333.129455402489,2299.1650484017287,2314.40380859375,2672752
2020-10-27,2324.3479382988767,2340.18932178905,2259.2172059921054,2264.42578125,3537502
2020-10-28,2281.514992135864,2286.637596966471,2243.633233775872,2257.58056640625,3569445
2020-10-29,2245.35508294559,2285.8196875845633,2238.682727925334,2266.577392578125,3105968
2020-10-30,2269.5477648396854,2302.4790644069135,2257.0640042194286,2294.300048828125,3427003
2020-11-02,2290.124471783228,2294.3001587505646,2238.5106183016787,2242.427978515625,2571196
2020-11-03,2241.9113317918805,2294.429223972873,2239.3715741265737,2267.3955078125,2879269
2020-11-04,2247.0767003622427,2343.373921962473,2247.0767003622427,2284.2265625,4893928
2020-11-05,2311.6483542256274,2333.1720819186035,2296.151270286685,2312.2509765625,2816502
2020-11-06,2323.7015847566868,2335.9701092408595,2308.4628279622434,2330.9765625,3884421
2020-11-09,2351.337893539563,2362.4440515415527,2320.343729598056,2347.463623046875,3646592
2020-11-10,2322.152447954329,2335.8845474756977,2271.485706935115,2281.17138671875,4760020
2020-11-11,2296.9694002948013,2318.364072217216,2275.833055173643,2314.059326171875,3242441
2020-11-12,2312.5088398547027,2335.754461104173,2291.630828176938,2299.6376953125,2437505
2020-11-13,2286.4657136512724,2294.343314326126,2269.4619678752724,2287.412841796875,2548093
2020-11-14,2305.578976784706,2315.0925079317017,2290.1680694553174,2299.035888671875,298819
2020-11-17,2320.2576848595636,2320.2576848595636,2281.558067182159,2295.333251953125,2827273
2020-11-18,2290.985798174845,2293.7407935486212,2244.5376313401994,2261.412109375,2893762
2020-11-19,2270.3232395515047,2304.029319611114,2265.0284855841223,2270.237060546875,4167501
2020-11-20,2285.8198609740625,2303.8997920778124,2262.1868502126913,2290.33984375,2711471
2020-11-23,2315.9524428311693,2350.3903973714096,2294.428721243519,2345.43994140625,3706418
2020-11-24,2354.1787360458343,2361.582981128241,2328.8669208719984,2343.546142578125,3120516
2020-11-25,2349.529393263606,2352.930099155976,2314.4026384199747,2325.68115234375,3302249
2020-11-26,2312.508933127224,2351.2085472853,2307.3432393078774,2342.2978515625,2341099
2020-11-27,2328.8668878007215,2339.800897324147,2297.9158153784547,2307.041748046875,6086808
2020-12-01,2306.482818250165,2355.4707417723644,2259.5179991546897,2347.63623046875,3605017
2020-12-02,2340.9201361692967,2371.6559708726813,2326.6713893666697,2367.22216796875,2509032
2020-12-03,2388.187113427821,2388.187113427821,2325.251847446531,2332.698974609375,2852548
2020-12-04,2333.8605983467037,2358.010259908781,2323.7013580772364,2348.281494140625,2686527
2020-12-07,2337.4767615165097,2362.444284936023,2329.8572780510817,2357.020263671875,1996400
2020-12-08,2359.000342214054,2415.435593169417,2352.5001349989884,2408.332763671875,4277818
2020-12-09,2423.571754785466,2445.0954826254792,2404.759932576233,2419.955810546875,3659996
2020-12-10,2426.154567677844,2434.1614363591725,2393.6537391008965,2397.140625,2127801
2020-12-11,2404.3723519779046,2417.2865876316614,2380.1367204780763,2396.537841796875,1795408
2020-12-14,2412.3788802168074,2414.100778061359,2372.9904670226892,2408.6767578125,2483658
2020-12-15,2398.6041178788414,2406.0943327769764,2371.9146966102685,2377.553955078125,2365509
2020-12-16,2392.577447502868,2427.70421133273,2376.6068003361715,2422.8828125,2565149
2020-12-17,2420.12788119189,2456.890365132334,2414.9621866749385,2443.545654296875,2863460
2020-12-18,2469.201936467799,2495.030408606584,2450.4332046750874,2463.17529296875,6076692
2020-12-21,2463.1749760676994,2485.1291745611375,2397.7428550676486,2428.005126953125,2705195
2020-12-22,2439.929633104874,2482.6756698053955,2426.713980972715,2473.076171875,2881737
2020-12-23,2476.1326515629303,2513.110372629727,2467.006507208422,2504.28564453125,2790988
2020-12-24,2504.500097510233,2515.1328994299097,2482.2875760919424,2504.801513671875,1807144
2020-12-28,2505.3621230484123,2539.5417635820504,2498.474529582987,2522.064453125,2108994
2020-12-29,2513.971265302423,2541.5216353331343,2513.971265302423,2523.01123046875,1994151
2020-12-30,2526.369466293153,2537.8201336792667,2498.4747938844084,2504.759765625,2637968
2020-12-31,2496.7527314071917,2501.0574774958245,2449.4005244322275,2464.682373046875,4040956
2021-01-01,2479.533664518057,2531.1906158621828,2478.672715328988,2521.074462890625,2681440
2021-01-04,2539.799673675922,2626.540289649769,2532.008042807982,2616.8115234375,5113293
2021-01-05,2616.940690227785,2681.2104496331494,2616.940690227785,2662.915283203125,5801309
2021-01-06,2668.942312246538,2680.5651255418056,2614.8746646566897,2627.186279296875,3726716
2021-01-07,2647.418682650117,2652.4553193429574,2583.0627325596793,2611.086669921875,3717827
2021-01-08,2660.3327913201115,2693.0488580094852,2634.5043176179747,2686.93603515625,5879039
2021-01-11,2780.865584960239,2780.865584960239,2709.019424811484,2734.76171875,9508039
2021-01-12,2734.7619140231536,2763.6468003456735,2711.9898508065016,2733.384521484375,3611458
2021-01-13,2733.513588584765,2735.235486908283,2691.5423169490145,2719.6953125,3572801
2021-01-14,2721.463363847344,2817.641863076815,2691.617754288858,2804.012939453125,6931542
2021-01-15,2790.4705484120045,2824.1114607421646,2768.905861020876,2789.04736328125,4131692
2021-01-18,2803.4093564796403,2809.231822066175,2749.411295099311,2779.041259765625,4160906
2021-01-19,2788.745285260134,2828.4243088054377,2787.882697791758,2812.638916015625,2975735
2021-01-20,2820.6607181001477,2870.6476143956615,2818.1592989480555,2854.129150390625,3453446
2021-01-21,2850.8512012581946,2854.4308545355875,2813.8462880568213,2823.981689453125,2778546
2021-01-22,2796.421647648356,2868.102735592998,2796.421647648356,2849.212158203125,3052459
2021-01-25,2854.258273383143,2880.8691764700407,2828.1218354412636,2839.03369140625,2272887
2021-01-27,2846.5384108313824,2852.1020574249364,2783.5695308342033,2812.940673828125,2786662
2021-01-28,2786.1579565493776,2824.974398668486,2746.3064514256275,2757.304443359375,3083938
2021-01-29,2768.948861893027,2774.814498620506,2674.0210717281498,2683.8115234375,5445659
2021-02-01,2674.020968399952,2730.089149995435,2625.8024164648887,2707.9638671875,3985846
2021-02-02,2737.852216059484,2780.981583042147,2717.150119907805,2763.25537109375,2881837
2021-02-03,2771.493708480054,2791.333221488159,2728.062342505683,2760.3232421875,2505866
2021-02-04,2774.1246384838455,2792.929088556471,2739.5779661560728,2750.317138671875,2057261
2021-02-05,2759.3741428830053,2765.3261227769435,2699.0361915221556,2724.008056640625,2366135
2021-02-08,2751.2224052207093,2782.706844095316,2721.5924449468753,2772.442138671875,2526592
2021-02-09,2755.9666755606227,2799.786156526872,2729.226466814964,2740.353759765625,2658751
2021-02-10,2747.3414151555307,2777.014343377286,2723.4477815441405,2771.752685546875,2127983
2021-02-11,2773.218854022487,2776.9280224465538,2747.384400129207,2765.45556640625,1165882
2021-02-12,2746.6515638130354,2799.5282290845175,2744.7539130941104,2752.3447265625,2777404
2021-02-15,2768.043350559288,2768.043350559288,2701.2359892808677,2708.3955078125,2630853
2021-02-16,2717.150376031372,2732.3749597743044,2674.021004983255,2681.61181640625,3435770
2021-02-17,2678.4199325093405,2702.3567302902675,2627.0528162339115,2650.817138671875,3678426
2021-02-18,2643.8303988706775,2672.209440285452,2614.5024270724384,2637.231689453125,4189909
2021-02-19,2637.7923377748643,2662.936676901493,2601.6929699093357,2649.7392578125,3725028
2021-02-22,2670.571335367419,2670.571335367419,2538.7247302611877,2551.92236328125,5366696
2021-02-23,2561.8845121926547,2611.914580107528,2560.159337436969,2570.682861328125,3832829
2021-02-24,2563.610388642447,2590.652594576672,2519.747724236308,2542.99462890625,3774549
2021-02-25,2565.335339405835,2613.5538985691696,2560.547936448802,2583.70849609375,4224073
2021-02-26,2553.2586180761905,2563.9116563447387,2484.251628398456,2496.586669921875,5553153
2021-03-01,2523.930629062453,2557.57153628509,2503.0560569556483,2522.3779296875,3265871
2021-03-02,2553.258494998786,2609.3266714092324,2542.907447046088,2593.239501953125,3306469
2021-03-03,2617.9527702709497,2642.9678049786457,2585.088105952409,2638.7412109375,3509857
2021-03-04,2607.602012509075,2658.02020976572,2601.6070715025844,2630.633056640625,3916760
2021-03-05,2601.650414921177,2642.278162500534,2584.829957559571,2594.70654296875,3203686
2021-03-08,2601.5632931099476,2616.2272771891485,2584.3115471344177,2593.7568359375,2003125
2021-03-09,2593.7568519784845,2645.468918741427,2580.9475568679964,2631.710693359375,1942397
2021-03-10,2652.456411920203,2668.155461410439,2639.517600154739,2648.962890625,3053778
2021-03-12,2652.456425813767,2688.685098946833,2623.430442171593,2637.749267578125,2938317
2021-03-15,2623.128518944657,2673.1585926371235,2623.128518944657,2644.822509765625,3097083
2021-03-16,2639.5176408388097,2709.387225449249,2639.5176408388097,2682.690185546875,4894756
2021-03-17,2678.3338785345964,2721.463248559308,2661.340948863385,2685.19140625,3838390
2021-03-18,2696.4052324647,2714.0882754209074,2576.591918330186,2619.246826171875,3656306
2021-03-19,2613.6402270631115,2673.158766887321,2592.0755387210065,2631.064453125,5776626
2021-03-22,2629.770031169302,2708.0498337575755,2603.8492389926228,2699.596435546875,2821646
2021-03-23,2708.5242784971206,2733.539311642476,2693.730989684413,2710.76708984375,3305973
2021-03-24,2683.6816945112373,2719.134118480695,2683.6385230256433,2692.221435546875,2207104
2021-03-25,2684.5443124607837,2700.6316929172795,2630.8914213311755,2643.700927734375,3179786
2021-03-26,2665.9558856292324,2689.5477372213268,2624.8968483248655,2645.38330078125,3697370
2021-03-30,2659.3573490419767,2750.317161758501,2640.294080434551,2724.52587890625,4694008
2021-03-31,2721.4633767178425,2764.5927487735926,2701.6238655721972,2741.173583984375,3530069
2021-04-01,2752.602726625417,2773.218481175331,2712.837363389243,2730.089111328125,4285076
2021-04-05,2735.264867673802,2814.6229149226165,2718.0131182718865,2793.83447265625,5317862
2021-04-06,2824.9740487941745,2824.9740487941745,2786.157611482499,2816.08935546875,2291562
2021-04-07,2811.1726516221984,2827.1736918038127,2790.298076321503,2821.86865234375,2491268
2021-04-08,2820.6607969198403,2876.728977898369,2817.2536188096706,2861.50439453125,2578118
2021-04-09,2893.1185996171644,2893.420589492233,2853.4395729080443,2865.7314453125,2911129
2021-04-12,2865.7309281284092,2879.403022361947,2771.665732059278,2800.43310546875,3791828
2021-04-13,2772.3560975851465,2772.3560975851465,2650.7744371664544,2677.5146484375,8654596
2021-04-15,2726.035064495398,2792.411124320326,2663.195486735529,2776.625732421875,6062760
2021-04-16,2785.2948606645173,2800.8214346787513,2745.2708874426585,2756.09619140625,3224657
2021-04-19,2733.539933917254,2750.791684841314,2704.2983003380377,2727.329345703125,2679106
2021-04-20,2781.844832915207,2782.1468227930536,2696.7506558291448,2712.44970703125,3141893
2021-04-22,2715.425797353421,2715.425797353421,2678.5501770113437,2690.23828125,1988980
2021-04-23,2678.333689003708,2690.40991175606,2666.3006377368515,2682.21533203125,1615309
2021-04-26,2675.7889274647837,2719.7377074827195,2663.712705484207,2674.710693359375,2490260
2021-04-27,2679.1965065440913,2705.1604719295583,2676.6087443033857,2701.623779296875,1471417
2021-04-28,2717.107083656132,2718.012842526371,2684.371934605543,2694.809326171875,1639037
2021-04-29,2713.3553968122974,2723.4908002083935,2678.765552900048,2687.17578125,1621395
2021-04-30,2673.1589237175226,2701.667485496872,2605.014504558541,2618.513916015625,3072305
2021-05-03,2609.2408297283305,2635.2047975682726,2591.212835317542,2619.67822265625,1545831
2021-05-04,2641.932833516644,2665.3951695899764,2617.952860746142,2630.676025390625,1990777
2021-05-05,2648.143797781496,2673.5037876990805,2632.9621725538914,2670.312255859375,1939289
2021-05-06,2678.7655954933966,2703.349340291839,2651.5940880845924,2683.89794921875,1791671
2021-05-07,2702.4862453182805,2725.6468005693077,2684.1994350905716,2702.39990234375,1912540
2021-05-10,2713.657653585145,2729.3998786512116,2695.5864839155142,2713.26953125,2137153
2021-05-11,2695.586239275944,2698.2603450623756,2666.387564895037,2693.51611328125,2415625
2021-05-12,2691.2724521045225,2691.2724521045225,2648.6607225165776,2663.32470703125,1978558
2021-05-14,2672.726908249209,2672.726908249209,2622.265548193511,2632.185302734375,2043935
2021-05-17,2635.2043269536657,2652.628549124657,2618.8151674734304,2647.927490234375,2890462
2021-05-18,2674.021289586993,2694.7233898934733,2655.044364306053,2664.3603515625,2098538
2021-05-19,2660.2198038763386,2689.5477783678416,2645.6421596161504,2658.49462890625,1986041
2021-05-20,2645.642277920362,2664.3603850643035,2632.7034650661194,2639.517822265625,2329027
2021-05-21,2640.3804706362353,2663.8428097007495,2635.291288366683,2657.200927734375,1685566
2021-05-24,2658.063232421875,2678.3340375368884,2649.8686516306993,2658.063232421875,1652260
2021-05-25,2680.167063689186,2711.5888153252577,2671.5857596156225,2699.23681640625,1841613
2021-05-26,2704.4372637822544,2743.4435704714215,2690.3950356987057,2737.809326171875,1923753
2021-05-27,2740.7998947132687,2789.167759579833,2740.669958334037,2756.44580078125,5959785
2021-05-28,2764.680639631953,2772.048498367451,2718.0030028761844,2724.894287109375,1763701
2021-05-31,2730.441361193668,2748.08096384286,2711.8917807222774,2738.37255859375,1652799
2021-06-01,2746.5640183190408,2747.7340804858504,2714.8388058619767,2733.041748046875,1377441
2021-06-02,2731.177964105431,2738.632374721119,2700.102859389212,2712.628173828125,2240078
2021-06-03,2734.3855066677797,2734.3855066677797,2706.7342420318428,2722.85693359375,1281706
2021-06-04,2711.3719613568587,2736.379424869507,2708.7715406778084,2725.024169921875,1836060
2021-06-07,2726.1070211368938,2765.5033425995257,2716.2255095885403,2759.218994140625,2559821
2021-06-08,2772.0480711734235,2800.6526947971643,2762.6865156629224,2773.91162109375,2574057
2021-06-09,2775.5156913705473,2791.11821555689,2761.8201000379795,2773.998779296875,1710925
2021-06-10,2782.4501531684887,2794.585449786669,2767.7144358464125,2788.344482421875,1874324
2021-06-11,2783.7934729559292,2868.2637548720177,2783.316686882457,2837.752197265625,3452954
2021-06-14,2842.2595999383007,2868.003720504315,2834.761805496382,2839.962646484375,1847360
2021-06-15,2858.7292607486975,2858.7292607486975,2818.46612109576,2828.17431640625,1304985
2021-06-16,2827.6103771033627,2855.8681501125543,2819.722351048015,2838.228759765625,1635552
2021-06-17,2830.5574910607484,2891.7107506550374,2825.7900538533268,2875.84814453125,2273413
2021-06-18,2904.5830353811075,2910.7374487634556,2838.792479065014,2858.122314453125,3380431
2021-06-21,2830.124287870364,2848.327231222669,2818.595714756018,2837.1455078125,1130569
2021-06-22,2863.9295426652607,2883.9094808610066,2847.460214181411,2861.50244140625,1708688
2021-06-23,2885.5998874590587,2885.5998874590587,2822.6696280338883,2827.003662109375,1467104
2021-06-24,2846.5937847773375,2932.407665621721,2841.8263469526496,2924.259765625,4155204
2021-06-25,2925.6899119294194,2946.839915081533,2903.803038282662,2930.500732421875,2722861
2021-06-28,2939.7757961541565,2939.7757961541565,2889.0675891439787,2892.318115234375,1355238
2021-06-29,2896.8683252020114,2917.9317727636685,2883.432819803857,2895.87158203125,1497322
2021-06-30,2900.335598187766,2931.5406434760985,2893.8345470860304,2900.118896484375,1693146
2021-07-01,2910.737862159584,2914.2050901073617,2888.5043475935777,2896.435546875,990310
2021-07-02,2887.333769814837,2894.8749474834935,2856.3020406216624,2882.52294921875,1682274
2021-07-05,2896.8687167421804,2924.606538087408,2862.196440060646,2878.665771484375,1972858
2021-07-06,2871.730503194004,2884.732603268834,2822.4092882259065,2827.783447265625,2159420
2021-07-07,2838.7921619597746,2845.4665317412073,2809.8409005907183,2838.748779296875,2640710
2021-07-08,2858.7286121274165,2858.7286121274165,2801.432602292869,2824.48974609375,2485811
2021-07-09,2817.122141165437,2844.8599591707584,2774.648607344789,2780.84619140625,6365067
2021-07-12,2804.120394943381,2804.987201866084,2763.683936648412,2767.80126953125,1892226
2021-07-13,2785.9172333767738,2785.9172333767738,2752.1117660147033,2762.990234375,1809339
2021-07-14,2762.51347157551,2792.8517117716633,2760.7798578500147,2786.39404296875,2044279
2021-07-15,2803.8107574445103,2807.502725271563,2774.622409319168,2782.397216796875,2232968
2021-07-16,2791.128386115713,2797.0790558997232,2772.8857169254143,2775.318115234375,1256526
2021-07-19,2762.461177532685,2779.66144992292,2758.9863835986816,2766.457275390625,1597058
2021-07-20,2766.4571704217306,2792.8655184842964,2741.7425298362173,2784.87353515625,1811945
2021-07-22,2771.148041204873,2801.5090094588377,2771.148041204873,2794.038330078125,2859334
2021-07-23,2805.8963866869444,2815.929897607345,2785.612190203211,2790.998291015625,1776193
2021-07-26,2779.835544562506,2800.901485798644,2771.8870371361213,2777.707275390625,1259611
2021-07-27,2779.835768935789,2788.5227557137127,2746.086740469698,2765.0244140625,1121367
2021-07-28,2769.411271436074,2783.701321683867,2721.111542094115,2777.924560546875,1660654
2021-07-29,2780.052433568166,2801.943593815388,2771.408925726824,2776.186767578125,1731997
2021-07-30,2796.3407812238056,2800.2499249067837,2747.129090581938,2751.559326171875,2999943
2021-08-02,2762.461591872151,2801.4660747977546,2751.168509892799,2796.688232421875,2608669
2021-08-03,2805.0274846803595,2858.018093712723,2796.297022250731,2853.587646484375,3804735
2021-08-04,2866.705324099397,2871.2225143143883,2832.99977665973,2844.07568359375,2929598
2021-08-05,2844.9876418652243,2879.735582529227,2834.128910407723,2852.762451171875,2534521
2021-08-06,2842.859243449068,2887.553737675778,2836.30052753051,2875.21826171875,2292362
2021-08-09,2887.466712136198,2898.846746739973,2875.391888435514,2886.42431640625,1510489
2021-08-10,2880.257038708042,2910.053229734612,2880.257038708042,2896.154052734375,2040777
2021-08-11,2910.140300921831,2918.8272868947324,2890.2471878777355,2905.101806640625,1929707
2021-08-12,2889.2914124559466,2925.776751999888,2889.2914124559466,2911.660400390625,1310205
2021-08-13,2919.4783348451433,3023.0706256820945,2916.6550648642624,3008.650146484375,4363584
2021-08-16,3005.6966863671473,3035.536563448586,2985.28227245685,3016.9462890625,2083489
2021-08-17,3024.895658268676,3093.2621997032534,3008.3034291964027,3086.52978515625,4336019
2021-08-18,3104.598410915286,3122.9713004918467,3072.239389790579,3093.044677734375,2631309
2021-08-20,3045.656954266312,3105.5971510274003,3040.4447632436086,3092.13232421875,2836148
2021-08-23,3109.9402636052996,3190.7292145872248,3094.2167377739142,3159.803466796875,3744176
2021-08-24,3176.8307793682116,3185.821894709705,3122.4501621886025,3138.78173828125,2511141
2021-08-25,3136.001643795692,3212.229938599867,3133.4390255895655,3178.56787109375,2123263
2021-08-26,3179.436550700011,3203.4127144407685,3168.9252138816178,3189.730712890625,1902533
2021-08-27,3184.648299412498,3239.810647206468,3171.7047782285276,3231.688232421875,3944728
2021-08-30,3227.214847440969,3249.2364387035072,3203.412593965281,3215.313720703125,2033114
2021-08-31,3222.3501843175904,3304.616103294764,3217.181470574093,3289.283447265625,3207480
2021-09-01,3297.578942242385,3315.5609557012417,3220.264788960095,3227.1708984375,2643336
2021-09-02,3243.720232119877,3352.437765671095,3233.295850013439,3332.97900390625,3403717
2021-09-03,3322.771899500522,3350.483297959247,3305.007056859982,3337.583251953125,1746812
2021-09-06,3344.2287575634564,3368.4655743015705,3313.216261819144,3346.226806640625,1723693
2021-09-07,3356.6519257992645,3361.820640876771,3308.221971124495,3314.867431640625,1585039
2021-09-08,3309.7408220937587,3314.08431398627,3262.8311096546345,3278.597900390625,4147175
2021-09-09,3292.1072390835193,3308.6125134716,3270.650424795941,3293.583984375,1441148
2021-09-13,3272.3875762084303,3346.5743506812473,3272.3875762084303,3340.4501953125,1691473
2021-09-14,3344.445625451803,3384.8835815661164,3322.771641085691,3375.67529296875,1991188
2021-09-15,3372.374362683401,3457.419856737662,3358.3882327004526,3435.3115234375,2461369
2021-09-16,3413.985223966324,3458.940372907866,3381.0616345028816,3390.791015625,2946666
2021-09-17,3405.2980386219065,3427.015500602913,3305.3977135092737,3325.24755859375,6477148
2021-09-20,3308.8723784015588,3362.731682014291,3307.8734600232196,3321.468505859375,2002008
2021-09-21,3351.4397297594337,3363.210640071191,3319.8624458128834,3355.73974609375,1568129
2021-09-22,3355.348318794824,3385.188200327856,3346.61785550958,3355.044189453125,1744067
2021-09-23,3361.86343798459,3369.6817250496706,3331.458988287055,3361.2119140625,2003869
2021-09-24,3379.2368053039554,3426.49391383993,3348.8323610402954,3362.9921875,2320754
2021-09-27,3387.9235731251433,3391.3983665334767,3303.5728783040245,3333.152099609375,1673362
2021-09-28,3344.4887714625593,3344.4887714625593,3258.7048062205004,3282.94140625,2253075
2021-09-29,3266.132485042677,3306.2663111425195,3233.425861046127,3294.017578125,2489161
2021-09-30,3305.3973338425376,3305.3973338425376,3257.7058776440495,3279.814208984375,2252412
2021-10-01,3285.200393235141,3309.7411246713523,3235.9017557482384,3240.4189453125,1578374
2021-10-04,3235.728229979652,3286.8510096871387,3220.6562261020495,3277.860107421875,1356860
2021-10-05,3261.0941015516205,3335.802171006452,3250.322325208248,3329.98193359375,1877966
2021-10-06,3332.32761162696,3350.9611529611852,3296.710971356703,3310.523193359375,1678154
2021-10-07,3327.115776555852,3387.055982452028,3318.4722675428216,3381.7568359375,1647233
2021-10-08,3409.6415124864593,3466.019958648897,3387.9240506234883,3418.89306640625,2934339
2021-10-11,3261.963133084061,3264.1348795108815,3179.4367688648904,3201.675537109375,11845402
2021-10-12,3219.3960859971685,3220.2647843474106,3153.8963152227384,3173.224853515625,5752877
2021-10-13,3170.749899527101,3192.858236546606,3166.4064065140506,3175.26708984375,3545655
2021-10-14,3155.0742541878826,3194.2406932053873,3140.4520744563747,3143.28076171875,6442299
2021-10-18,3136.3178613209348,3179.1833532142864,3134.577130685672,3174.352783203125,3590107
2021-10-19,3193.370156269083,3211.7349483513485,3155.248115175907,3163.037841796875,3135441
2021-10-20,3143.7598766054316,3159.426454063598,3114.4286046403977,3141.018310546875,2933693
2021-10-21,3136.88342122576,3139.799017261379,3056.0699243457793,3074.565185546875,4871211
2021-10-22,3098.5008355842356,3099.8935052260636,3033.223430340186,3045.278076171875,2691670
2021-10-25,3048.889547465273,3058.942308854021,3002.760188054579,3040.142333984375,2595594
2021-10-26,3041.49202936193,3071.519637034841,3024.519903285937,3031.134765625,3878763
2021-10-27,3031.482212206842,3056.0700308961455,3031.482212206842,3037.357177734375,2510813
2021-10-28,3061.9457358710383,3061.9457358710383,2972.298092097668,2978.0859375,2424942
2021-10-29,2959.2853297841493,3012.3340478217433,2947.0130950983553,2957.283447265625,3960501
2021-11-01,2992.2725316859896,3034.963994875041,2970.513397796722,3025.738037109375,2020718
2021-11-02,3041.056233416435,3058.115477593055,3019.9498757574916,3032.526611328125,3087414
2021-11-03,3049.9340259076293,3063.5987185482923,3016.729674881842,3039.533203125,1537639
2021-11-04,3057.549497759696,3057.81064982747,3050.6301366669845,3053.806884765625,328991
2021-11-08,3088.0559025051743,3088.0559025051743,3029.9154613914975,3048.671875,2526082
2021-11-09,3053.2416288846557,3076.7414931890703,3042.7972447493607,3051.23974609375,1782692
2021-11-10,3044.5377312978912,3063.4246152630417,3029.045186907905,3032.61376953125,1516489
2021-11-11,3028.871591142207,3055.0261139031104,2990.5755135530526,3036.008544921875,1284514
2021-11-12,3051.500550347196,3076.001247008398,3033.832093367419,3068.951416015625,1747259
2021-11-15,3070.6484191597583,3106.8556964004206,3070.6484191597583,3092.668701171875,1809157
2021-11-16,3106.334120705863,3112.03505658905,3082.834254844541,3095.367431640625,2013204
2021-11-17,3090.319500939084,3100.9814771812103,3051.8491799334315,3065.33984375,1632914
2021-11-18,3059.4650248757885,3064.4262779312917,3004.153470552186,3025.129150390625,2136598
2021-11-22,3027.478349628783,3060.1606067143043,2994.317561657031,3010.071044921875,3167936
2021-11-23,2998.408553382316,3029.6981444091452,2966.0310056960593,3015.1630859375,2153461
2021-11-24,3022.0821816920316,3040.229382169995,2980.1306190967416,2996.9287109375,2161746
2021-11-25,2997.4511638196636,3014.075227111931,2988.8781925600256,2999.19189453125,1849619
2021-11-26,2981.0014741153645,3037.5752247190135,2969.599602458624,3000.01904296875,1941251
2021-11-29,3000.27942498904,3071.823617064497,2964.855602539076,3048.01904296875,2981745
2021-11-30,3038.4450650200015,3101.764136483824,3038.4450650200015,3071.6494140625,5588446
2021-12-01,3076.7414849151487,3124.611578739854,3076.7414849151487,3113.9931640625,2102118
2021-12-02,3123.914991843836,3175.092512337047,3110.7726037312136,3170.653564453125,3152938
2021-12-03,3173.7436764559898,3190.715800719207,3160.16610454034,3168.521484375,2486263
2021-12-06,3168.5220214040664,3183.796978328204,3065.4272710967566,3077.96044921875,1849642
2021-12-07,3100.676911298592,3131.57488473048,3067.4289936532964,3119.824951171875,1484458
2021-12-08,3134.185891998146,3173.7439580228324,3134.185891998146,3156.728271484375,1428660
2021-12-09,3142.018892996894,3163.5604352688256,3103.722817846793,3134.83837890625,1567957
2021-12-10,3120.259277904166,3169.8700948750275,3111.642747321619,3165.34423828125,1510718
2021-12-13,3176.833684068705,3187.278068783452,3134.7949930935406,3141.71435546875,1883864
2021-12-14,3137.6671180553103,3163.7780788158257,3113.035735906248,3154.030029296875,1747007
2021-12-15,3150.722835659417,3153.3339319320626,3096.8906491750763,3107.50927734375,1603233
2021-12-16,3117.649086578987,3140.6702105630893,3107.2047010293086,3117.301025390625,2072320
2021-12-17,3135.491383100008,3178.0088182880068,3110.4248168450613,3119.6943359375,4333992
2021-12-20,3123.741549867795,3138.537762280097,3055.113150241169,3095.802734375,2312310
2021-12-21,3118.213580903767,3169.1735023013334,3104.070147392014,3140.53857421875,2340989
2021-12-22,3154.203891564243,3165.344610059244,3138.754907271951,3160.078857421875,1224328
2021-12-23,3175.0923922335455,3194.6756101132755,3159.4258179297617,3187.88671875,1792861
2021-12-24,3207.295916548583,3224.7032213873817,3172.3072763209016,3195.023681640625,2209923
2021-12-27,3195.1117487776455,3220.3523482640394,3179.5322913326745,3216.9580078125,1534135
2021-12-28,3229.0552079698964,3242.110687247403,3214.998893611058,3226.052490234375,1456218
2021-12-29,3213.606416952969,3237.715494300175,3207.296268256941,3215.73876953125,1456923
2021-12-30,3204.1192633273176,3255.1661012826416,3202.9441852192836,3249.726318359375,1966475
2021-12-31,3257.6035521515405,3272.573794030178,3247.5943503878843,3253.73046875,1207141
2022-01-03,3263.8699085224853,3333.4991332376317,3259.5180819777884,3322.837158203125,2346158
2022-01-04,3334.456116274,3384.980644830997,3317.570904336831,3381.151123046875,2488606
2022-01-05,3363.9620338385444,3368.3138605317376,3318.180732029534,3360.43701171875,1733031
2022-01-06,3317.8325190610126,3337.850920933626,3283.0179071086413,3313.872314453125,1810293
2022-01-07,3324.795641594086,3363.874960866469,3304.2549343090877,3353.952880859375,2460591
2022-01-10,3462.3134841433975,3462.3134841433975,3360.480734609768,3376.88720703125,3937092
2022-01-11,3356.128630733851,3416.1838370410696,3356.128630733851,3408.263427734375,1906106
2022-01-12,3416.1840637185605,3419.6655251847706,3339.200289545301,3359.523193359375,3203744
2022-01-13,3410.091351901108,3414.44317853702,3356.999066942974,3392.596923828125,6684507
2022-01-14,3375.146411994142,3461.4430528434973,3359.653866015669,3453.740234375,3348123
2022-01-17,3475.10802715091,3518.887450996019,3448.6490029439037,3498.129150390625,3442604
2022-01-18,3511.0099926991543,3517.7553236459385,3464.053828155006,3473.27978515625,2389041
2022-01-19,3498.041884432763,3498.041884432763,3409.544563577846,3413.162841796875,3102539
2022-01-20,3409.1087002694794,3417.82764835201,3322.791114252426,3336.34912109375,6176776
2022-01-21,3319.3029944689906,3358.1459444240563,3288.0020610960582,3342.408203125,3112358
2022-01-24,3348.076447569016,3356.4901482873624,3260.9742313837155,3288.220947265625,3258414
2022-01-25,3286.6073819205503,3321.3958985887766,3245.366716144262,3286.9560546875,3330501
2022-01-27,3253.0396093535915,3255.1320717987264,3160.7060320416385,3181.76220703125,5718297
2022-01-28,3178.9284407068867,3251.9932675177347,3178.9284407068867,3217.33544921875,3143862
2022-01-31,3268.7333570748997,3276.5804096792403,3244.668977275617,3257.61669921875,2739393
2022-02-01,3287.0435977296747,3320.1756021630245,3257.747845505784,3313.76708984375,2105169
2022-02-02,3337.525775843539,3369.00126096906,3313.766644280028,3362.200439453125,1984212
2022-02-03,3357.666371624586,3385.1310537087656,3327.193695504169,3334.6484375,1960538
2022-02-04,3326.5400477247117,3334.7357731436837,3286.1712786456783,3326.191162109375,2307366
2022-02-07,3305.352628410604,3340.9259728140128,3274.9670146178178,3294.889892578125,1919149
2022-02-08,3305.8322615249517,3312.9381179027605,3244.320050301402,3263.89404296875,2946443
2022-02-09,3269.605179127238,3293.974593822682,3266.204874886914,3278.8037109375,1638721
2022-02-10,3304.3064532399912,3304.3064532399912,3276.580160242393,3287.34814453125,2112459
2022-02-11,3271.7852545985124,3271.7852545985124,3217.291829305399,3221.607666015625,3851488
2022-02-14,3246.9357944321227,3307.3145011357815,3234.729268889145,3255.436767578125,5951745
2022-02-15,3300.9939159246405,3343.716763753565,3267.861911485883,3328.72021484375,3931683
2022-02-16,3351.5635338648667,3360.3697562876455,3318.431532229366,3324.6220703125,3256906
2022-02-17,3334.9971738861013,3343.7161207459344,3294.8900183308697,3299.423828125,3134372
2022-02-18,3286.1717389925,3327.1071602416628,3276.2322226992383,3307.8818359375,3688883
2022-02-21,3321.919043560008,3337.438812898183,3230.8496782327734,3242.92529296875,7465922
2022-02-22,3182.4154755643576,3198.022304668423,3112.6639034971936,3126.962890625,5408531
2022-02-23,3148.4114396987115,3158.786900421603,3100.1519878434424,3107.258056640625,2426203
2022-02-24,3028.9622839273047,3037.5505321408286,2956.68229614939,2965.880615234375,5039136
2022-02-25,3023.730219946034,3077.7876806255767,3018.4988527834976,3069.72265625,2549723
2022-02-28,3042.91210545842,3107.2143311826494,3013.1804149267537,3098.8876953125,3288942
2022-03-02,3097.405756821156,3114.364065260186,3056.8626554299713,3091.869140625,2761341
2022-03-03,3106.4303788627763,3120.1627215451904,3077.8758250310893,3090.34375,1928039
2022-03-04,3052.939667338102,3104.991744753714,3040.340829947351,3072.862548828125,2370257
2022-03-07,3008.0367797732265,3093.4824622131614,2991.950364784815,3038.4658203125,3054130
2022-03-08,3016.755720684322,3146.6680335114793,3016.755720684322,3138.77734375,3300992
2022-03-09,3143.180493415946,3185.9033350740265,3136.2489729035888,3167.244873046875,2719654
2022-03-10,3212.0604115144542,3212.0604115144542,3151.899670907913,3157.08740234375,2005441
2022-03-11,3141.654687525225,3173.5661198059825,3132.5870674744247,3138.079833984375,1623423
2022-03-14,3121.383371952632,3180.9774664485976,3121.383371952632,3176.312744140625,1765688
2022-03-15,3190.2626259339454,3190.2626259339454,3126.0910925046414,3133.502197265625,3651133
2022-03-16,3174.1322347171863,3198.1093357897653,3152.9887910440943,3187.559326171875,3090475
2022-03-17,3223.0469770967397,3234.730284352452,3191.3971476445004,3202.252197265625,3600452
2022-03-21,3222.52293351387,3238.173401399915,3151.89946013329,3162.1005859375,2413831
2022-03-22,3173.696684055792,3235.6012072887484,3160.618263654463,3226.838623046875,2907611
2022-03-23,3232.985769686814,3251.993118025489,3217.291664008723,3236.822021484375,1596195
2022-03-24,3226.0108118905273,3276.7550474937625,3221.6513378204054,3269.474853515625,1879046
2022-03-25,3278.2366923518357,3295.325913070277,3201.597235823272,3232.505859375,1690133
2022-03-28,3221.651343649219,3237.3454503300545,3192.1812563088843,3232.724365234375,1760990
2022-03-29,3221.433123484478,3245.1922553919017,3218.163518176117,3230.67529296875,2689063
2022-03-30,3259.1422326604416,3259.1422326604416,3231.4159399540727,3253.5185546875,1583455
2022-03-31,3260.8866548924902,3273.659828969553,3243.623094734776,3260.843017578125,2168110
2022-04-01,3267.861263042484,3280.9396832520993,3250.4670067366783,3277.234130859375,1387014
2022-04-04,3280.067738912156,3295.7618429260897,3258.3576468388446,3287.34814453125,1472994
2022-04-05,3288.7866261011463,3344.2392110933524,3288.7866261011463,3326.103759765625,2314947
2022-04-06,3321.3089461528684,3321.3089461528684,3253.1702389534807,3274.270263671875,2051729
2022-04-07,3265.6819935656586,3265.6819935656586,3207.7009890076247,3212.191162109375,2494829
2022-04-08,3217.2920954382435,3230.3705185904314,3175.877088789648,3213.499267578125,2296773
2022-04-11,3217.2917846452956,3236.778718405586,3187.734636322579,3222.871826171875,2291660
2022-04-12,3211.1882999423365,3260.0144049645387,3180.9772326058187,3218.250732421875,4483476
2022-04-13,3232.1133680019534,3234.598352823879,3187.254432214075,3192.83447265625,1621672
2022-04-18,3147.5398627614222,3147.5398627614222,3071.249076614158,3076.088134765625,3820792
2022-04-19,3095.2261642756557,3107.0403799545356,2998.576552281814,3027.131103515625,3170014
2022-04-20,3051.6318495608343,3111.923290814037,3034.1939532776296,3101.155517578125,2640370
2022-04-21,3121.3829461849764,3177.184205558116,3110.3969880999252,3163.800537109375,2280996
2022-04-22,3122.342380367201,3153.64331680634,3113.9721056051544,3149.763427734375,1581465
2022-04-25,3102.2011041167375,3124.8703645740266,3080.4910129016785,3093.656494140625,1960694
2022-04-26,3117.1542787359804,3128.270936257901,3067.456280402688,3092.000244140625,1943469
2022-04-27,3091.738940916967,3111.312936478098,3057.1247601525597,3104.99169921875,1727648
2022-04-28,3128.358292147701,3142.65728057788,3084.8071929445496,3125.13232421875,1703660
2022-04-29,3136.2049751491727,3159.0922091212788,3083.7605984504776,3092.3486328125,2051115
2022-05-02,3068.9822217914025,3093.4389119139187,3045.3103646568115,3088.599853515625,1324161
2022-05-04,3085.1991513609432,3091.2587764725636,3021.376506953671,3033.975341796875,2305825
2022-05-05,3062.181404468486,3080.403918216015,3038.8582216741816,3063.314697265625,1612262
2022-05-06,3015.884148783102,3029.398518342552,2985.803777828197,2992.8662109375,2010812
2022-05-09,2962.6983211124834,3013.2682159401834,2918.1009903888535,3003.7646484375,2481830
2022-05-10,2994.08677114572,3020.941173809357,2983.6240334480644,2998.228271484375,1622685
2022-05-11,2994.9583637197297,3006.6853051327807,2948.878642613765,2974.90478515625,1841769
2022-05-12,2945.2603983861713,3007.7752079636566,2920.934620561456,2971.98388671875,2807195
2022-05-13,2994.958519542189,2999.230718747237,2948.8787960387763,2977.433349609375,2187823
2022-05-16,2977.5206937156568,2990.599115503573,2935.3210712259547,2944.21435546875,1195813
2022-05-17,2938.2851908443163,3022.858978236571,2921.1959692768205,3009.431884765625,1754076
2022-05-18,3021.1151300571946,3047.271971010071,3001.977083999657,3006.990478515625,1866781
2022-05-19,2961.826581603834,2968.801739876672,2816.220152658341,2844.0771484375,4642963
2022-05-20,2885.9713794234453,2889.3716835160767,2851.139229667737,2871.149169921875,3065125
2022-05-23,2881.4379784431057,2911.169463412706,2848.480312420623,2896.216552734375,2293690
2022-05-24,2890.4616510569685,2898.9192000018056,2855.9783857074317,2866.789794921875,1711510
2022-05-25,2890.358139211959,2890.358139211959,2768.5239108215023,2780.46142578125,3548046
2022-05-26,2800.956986475671,2845.284259373515,2791.7843560328024,2832.5126953125,2813186
2022-05-27,2855.554544933507,2878.113137542295,2834.488114923966,2862.66455078125,3103153
2022-05-30,2894.0004601077003,2972.648541346063,2884.6523186812783,2962.685791015625,2094624
2022-05-31,2944.164761122862,2969.83946910257,2918.5779156420817,2953.1181640625,4840965
2022-06-01,2973.877498481216,2973.877498481216,2931.7885726124696,2945.086669921875,1493835
2022-06-02,2944.9109118520396,3012.499031140447,2937.2743749999877,3004.59912109375,2657939
2022-06-03,3036.5498622964137,3052.2620346027693,3011.796853027463,3019.65283203125,1913622
2022-06-06,3000.210585639355,3030.932461150583,2964.3536823588743,3011.57763671875,1084210
2022-06-07,2985.3321578943005,3000.9564672739875,2945.788676454605,2951.669677734375,2308256
2022-06-08,2966.987037508978,2996.6556349491925,2937.450233831093,2988.053466796875,2185707
2022-06-09,2971.244130502211,3016.888058060886,2943.243422200155,3008.1982421875,1279197
2022-06-10,2968.610913701711,2978.2663601980794,2942.2778778025236,2949.212158203125,1527582
2022-06-13,2887.8562958417688,2890.4895994549984,2802.2299971584944,2826.0615234375,3030921
2022-06-14,2800.0795032064775,2843.0022662978668,2786.6496119457593,2818.11767578125,2611493
2022-06-15,2825.095932347547,2838.70133453844,2809.734994390088,2814.38720703125,1404536
2022-06-16,2843.968032652371,2848.2252927417594,2750.090797397265,2757.94677734375,2032028
2022-06-17,2714.0580800045273,2737.5383690213844,2654.2382892194128,2711.3369140625,5240434
2022-06-20,2715.813756717515,2755.0938684218168,2693.869560234665,2731.964599609375,1502769
2022-06-21,2747.413640178998,2841.9931353001757,2743.375821953139,2819.3466796875,2964461
2022-06-22,2808.768875791048,2853.2279399309514,2793.934686861493,2829.00146484375,3336315
2022-06-23,2829.0019403695915,2912.433820057707,2829.0019403695915,2904.3583984375,3692578
2022-06-24,2930.8666036304303,2936.1332102856513,2876.883885414416,2890.5771484375,2132118
2022-06-27,2940.5223579770245,2951.845477755388,2902.3394557167258,2909.537109375,2037686
2022-06-28,2902.778403463079,2922.9670648721058,2872.5832738577947,2912.5654296875,1400046
2022-06-29,2871.178449917376,2925.600053064694,2871.178449917376,2888.294921875,2133994
2022-06-30,2872.0565922599853,2906.2016781293732,2857.1345378380965,2867.755615234375,2719603
2022-07-01,2861.523331111709,2925.600387299179,2854.5451192222854,2909.888427734375,1502879
2022-07-04,2907.166993000027,2912.3896686210524,2830.8451246154136,2839.622802734375,2622535
2022-07-05,2857.134368050925,2872.0564215860604,2814.9575797580337,2823.164794921875,2170627
2022-07-06,2825.0959473592156,2868.9843417565935,2810.832219180068,2862.181640625,2182144
2022-07-07,2871.1785207492608,2913.6623972444418,2865.955845113616,2885.968994140625,1989921
2022-07-08,2896.6338058043334,2901.022644904037,2852.745414807298,2866.306884765625,2136916
2022-07-11,2814.25583951642,2830.801852341889,2726.3474584105143,2733.194091796875,6974600
2022-07-12,2734.158936312343,2752.8554340083,2703.7443666293075,2707.650390625,3734815
2022-07-13,2724.591492698478,2729.858099965292,2664.025509130116,2667.317138671875,3863530
2022-07-14,2689.539151729887,2690.419236530846,2611.21160444456,2639.154296875,4764908
2022-07-15,2656.5799405130747,2665.688689015533,2598.890340539718,2635.501953125,4574806
2022-07-18,2660.496697666323,2707.977235850919,2652.8400018798093,2696.14013671875,3202795
2022-07-19,2666.7016042300606,2709.7376748973434,2666.7016042300606,2705.601318359375,1865074
2022-07-20,2735.1276457438817,2791.5850009840688,2726.54681875147,2785.29248046875,3402251
2022-07-21,2787.228540686377,2802.189982174116,2767.03063765082,2796.29345703125,2420640
2022-07-22,2803.070211178946,2813.6312292430425,2766.5466903739457,2790.7490234375,2075886
2022-07-25,2785.4683965193763,2804.3461725371144,2771.4751341224537,2787.008544921875,1797504
2022-07-26,2785.204780048454,2788.9010938413444,2725.1830298245063,2742.256591796875,2639367
2022-07-27,2741.464863228121,2811.079674914324,2737.064438086503,2806.459228515625,1389808
2022-07-28,2830.351863211164,2872.595920871032,2817.7225641941773,2869.515625,2106333
2022-07-29,2895.4789811618575,2919.5053390848148,2882.2777092112715,2905.951904296875,2430257
2022-08-01,2928.0419799310016,2928.0419799310016,2878.757233650227,2903.2236328125,1306913
2022-08-02,2895.4792807916037,2915.6331387759437,2879.3296371550764,2897.0634765625,1269114
2022-08-03,2886.678166875655,2947.4040185568806,2884.0819596679717,2939.043212890625,2895824
2022-08-04,2948.284247964706,2981.6393778391775,2910.748715052076,2952.640625,2150567
2022-08-05,2958.1408845663077,2972.0462668986875,2952.6844019677515,2961.529296875,1106933
2022-08-08,2961.4854873266017,2973.718580659818,2935.96302696034,2969.80224609375,1068836
2022-08-10,2979.0867750422735,2979.0867750422735,2935.0825390741456,2952.024169921875,1878359
2022-08-11,2992.2884233473337,3017.5468150068145,2970.3303498018386,3012.09033203125,1449248
2022-08-12,3009.0097797642084,3009.0097797642084,2975.7865802362476,2993.65234375,1472354
2022-08-16,3001.969364945804,3005.3577774981677,2981.2873713731783,2985.86376953125,839942
2022-08-17,2979.1752345613872,3008.0858922168222,2966.854046980335,2993.256591796875,1622326
2022-08-18,2983.4876075843345,2985.247777264325,2958.8452320644637,2975.786865234375,1430659
2022-08-19,2980.8476647587777,3011.2105949135394,2966.98632707943,2979.74755859375,1398410
2022-08-22,2961.4856625107705,2978.2953698990436,2945.996082460912,2952.288818359375,1536532
2022-08-23,2921.8374306422184,2941.155248644901,2877.877238729922,2890.7265625,1849256
2022-08-24,2897.2386589564026,2911.32001331342,2860.45107772581,2864.983642578125,1691923
2022-08-25,2883.158010542912,2885.0501070521514,2829.252812696223,2832.2890625,1946930
2022-08-26,2846.4584386730107,2866.4363215518924,2831.05695398552,2835.809326171875,1457962
2022-08-29,2750.2647412404017,2765.8421977619005,2711.5410136837368,2756.909423828125,2539173
2022-08-30,2776.6675527850575,2839.593616184148,2765.314544774919,2826.084228515625,3431525
2022-09-01,2807.4708583776205,2807.4708583776205,2746.74499968544,2756.161865234375,3546935
2022-09-02,2783.708184014529,2783.708184014529,2746.1286065456165,2755.017333984375,2052900
2022-09-05,2749.076887768465,2770.462992067452,2739.0440066723772,2757.65771484375,2147912
2022-09-06,2759.506009846509,2764.214549676102,2733.8516227618284,2752.0693359375,1936453
2022-09-07,2730.023399548026,2782.7403998797736,2730.023399548026,2771.91552734375,1291534
2022-09-08,2789.868906651418,2801.7500518374727,2781.156152794095,2789.560791015625,1346113
2022-09-09,2811.871338156078,2845.75460780209,2788.5490876205113,2831.80517578125,1561185
2022-09-12,2851.386743228349,2877.7014084575,2838.2735652602178,2854.071044921875,1785928
2022-09-13,2872.1125680484006,2872.1125680484006,2838.2733519875155,2842.101806640625,1972678
2022-09-14,2759.065876894723,2764.698333727928,2740.408121912217,2746.216552734375,5090269
2022-09-15,2754.6658898669316,2761.486548220436,2728.263341401753,2732.091796875,2138023
2022-09-16,2707.141882082681,2723.291530296446,2640.25541165411,2647.912109375,5322221
2022-09-19,2671.93739753417,2677.2179062249493,2629.5173540244687,2665.600830078125,2072220
2022-09-20,2684.2589485371036,2710.617448353941,2666.6572505139093,2675.72216796875,1544295
2022-09-21,2664.896370633003,2676.689419220419,2638.6257573875664,2641.31005859375,2253818
2022-09-22,2631.4539421397903,2666.61329213963,2622.0370763565347,2646.767333984375,2017983
2022-09-23,2643.7750963876715,2660.056667387396,2621.772973415071,2624.457275390625,2652374
2022-09-26,2604.9194100878144,2663.00501422092,2575.2165443379304,2635.326171875,2925489
2022-09-27,2648.527090847732,2662.256499568145,2619.1323446991073,2655.61181640625,2227447
2022-09-28,2622.652760305555,2684.214650414333,2622.652760305555,2671.62939453125,2739767
2022-09-29,2687.7786894960236,2689.4069321463035,2631.4532683670955,2637.8779296875,2493902
2022-09-30,2632.2016704566418,2657.591987636285,2596.338215395767,2644.2587890625,2817353
2022-10-03,2635.8541732184285,2658.4723112978595,2617.372391035595,2627.00927734375,1763331
2022-10-04,2666.6127334648536,2726.502543409668,2660.4961874523647,2720.473876953125,2145875
2022-10-06,2737.943814323573,2749.3849167299395,2721.6181983015977,2729.97900390625,1790816
2022-10-07,2725.9748289925205,2732.663560045022,2691.387665003336,2697.3720703125,1939879
2022-10-10,2649.0551349695907,2752.02505217605,2644.6547111573486,2744.58837890625,3064063
2022-10-11,2728.2628948012457,2767.8667110161023,2687.2070246042927,2701.46435546875,4730645
2022-10-12,2714.974150685142,2736.976275848283,2694.8643372047336,2728.923583984375,1665247
2022-10-13,2728.923464967713,2737.0642509230306,2686.3274384554156,2731.167724609375,2054781
2022-10-14,2767.866869127891,2772.267293403134,2702.7405898542934,2727.514892578125,2245977
2022-10-17,2711.19142977343,2760.3831460488755,2710.1326377090127,2745.69189453125,1517005
2022-10-18,2779.4417007596876,2784.162426006963,2760.515069405285,2774.76513671875,1793722
2022-10-19,2787.3831970318834,2787.3831970318834,2745.9121586461606,2754.603515625,1194289
2022-10-20,2739.73545659044,2788.265392214425,2739.73545659044,2785.883056640625,1587601
2022-10-21,2786.324052829806,2788.6180658364588,2759.1472476011204,2768.32373046875,1021913
2022-10-24,2797.1780892342567,2804.148668415452,2783.8543262588896,2789.76611328125,260949
2022-10-25,2806.354036786087,2809.66289628552,2780.4566102689723,2790.11865234375,2069643
2022-10-27,2788.88303065682,2800.618494654253,2765.632908701152,2785.97119140625,2438421
2022-10-28,2779.4419971424763,2804.589329497575,2775.0301844485994,2791.13330078125,1355739
2022-10-31,2822.677776187459,2822.677776187459,2803.9717333524763,2817.515869140625,1919414
2022-11-01,2836.3543177659885,2878.7960411046947,2826.604168845417,2876.237060546875,2991060
2022-11-02,2885.326133003585,2885.326133003585,2843.0168830976345,2860.355224609375,1405955
2022-11-03,2848.3102329584,2848.3102329584,2819.1481100504548,2829.515869140625,1422652
2022-11-04,2838.5607153182427,2841.251964551478,2793.6924872868076,2838.91357421875,1464013
2022-11-07,2849.148593513063,2861.325239443402,2819.2365900807545,2853.295654296875,1474498
2022-11-09,2867.501411108145,2867.501411108145,2825.0155316957184,2837.7216796875,1162267
2022-11-10,2797.0892715513423,2845.6192115940316,2797.0892715513423,2828.54541015625,1573092
2022-11-11,2884.972500644262,2948.502600302408,2872.1340832542387,2925.869873046875,3265394
2022-11-14,2932.972948442887,2955.032010931176,2919.737510949914,2943.1201171875,1342074
2022-11-15,2930.3262749691767,2947.04700361366,2904.737758867368,2940.561767578125,1400708
2022-11-16,2946.120217692935,2971.7087315184385,2930.723034354456,2960.63525390625,1748235
2022-11-17,2947.090720002706,2964.7379698230816,2927.4581545775386,2955.031982421875,1417986
2022-11-18,2955.914282904037,2967.164404428522,2930.3257712012855,2950.134765625,1164540
2022-11-21,2931.649195573928,2941.531611779645,2887.972254962669,2897.237060546875,1304194
2022-11-22,2894.1490222996185,2928.5169988553193,2872.3105502563512,2924.987548828125,1149739
2022-11-23,2938.267096023946,2938.267096023946,2903.8549588633055,2919.119873046875,1150011
2022-11-24,2926.1346994104915,2993.8118614360064,2919.1199604786734,2982.517578125,1296591
2022-11-25,2985.0327653272407,3002.9889309440055,2954.1500734010056,2990.900390625,1588981
2022-11-28,2970.031963168903,3015.0324474593413,2969.6349431563262,2995.841064453125,2195437
2022-11-29,2985.0323478503824,3025.6210229911208,2985.0323478503824,2997.6943359375,1576028
2022-11-30,2985.032567947061,3013.179847701842,2977.973667402108,2991.9150390625,3410702
2022-12-01,3022.0916277039573,3070.6215662510285,3017.679815108769,3066.783203125,2180856
2022-12-02,3051.297846000532,3060.827188659679,3011.5032111008086,3034.576904296875,2411749
2022-12-05,3029.1508470416434,3034.5772909373013,3006.2094191292977,3022.885986328125,1475065
2022-12-06,3000.0768878174986,3007.047465925803,2971.797124472303,2987.106201171875,1166999
2022-12-07,2972.0621794423473,2994.4741047527577,2959.444350368291,2982.915283203125,1167505
2022-12-08,2964.737940576892,2982.914693880783,2946.6053484812223,2956.399658203125,1285619
2022-12-09,2977.1794466521255,2977.1794466521255,2890.928510850785,2905.399169921875,1797896
2022-12-12,2872.5314962917028,2908.2671822385046,2855.413747710101,2899.840576171875,1527610
2022-12-13,2891.67876783143,2943.958753656752,2883.384645278001,2940.12060546875,1378016
2022-12-14,2954.8558406430157,2979.73842222779,2947.88504703309,2969.458984375,1213311
2022-12-15,2963.678961806573,2968.9289751611977,2910.869484401753,2916.296142578125,1415694
2022-12-16,2889.7372933102192,2904.737456359463,2845.7955961171497,2859.0751953125,2703680
2022-12-19,2847.3845359841416,2863.7082465251106,2818.707747195953,2825.36962890625,2120965
2022-12-20,2822.5893692776544,2866.7958175446647,2791.4860905554474,2862.33984375,1529971
2022-12-21,2866.795669040762,2896.8401542703996,2858.854406799651,2884.0458984375,1432566
2022-12-22,2906.502138037383,2906.502138037383,2863.3546970197967,2876.237060546875,1384101
2022-12-23,2838.56029430426,2882.54615313989,2838.56029430426,2848.5751953125,1360281
2022-12-26,2848.574989923709,2887.090025891861,2845.6631506643457,2870.23681640625,870157
2022-12-27,2884.6194199757956,2888.6783736131365,2851.354397062912,2876.060546875,835883
2022-12-28,2867.5020692016337,2881.8846229096966,2846.5017958813237,2873.943359375,910795
2022-12-29,2851.002274250811,2886.6496420142207,2848.2668636472276,2884.22314453125,1037927
2022-12-30,2899.487515031026,2910.9140670266365,2864.32528106923,2873.590087890625,1163131
2023-01-02,2877.3839858359584,2882.5458924019413,2854.61899125398,2877.781005859375,709547
2023-01-03,2869.4429764459805,2929.443629089992,2863.531190519576,2921.811279296875,1245178
2023-01-04,2917.708404852759,2935.929322035629,2899.6199713139727,2924.72314453125,1231668
2023-01-05,2938.4438163122472,2944.708676788832,2895.8698218927307,2921.5908203125,1826057
2023-01-06,2911.7963885995287,2913.1640936237372,2823.560134399543,2833.75146484375,2488376
2023-01-09,2849.148585709542,2935.6201129314486,2842.221953738348,2929.3994140625,2885060
2023-01-10,2898.561165236644,2910.031879132558,2850.119544259817,2899.79638671875,3864655
2023-01-11,2903.0608113950348,2955.4730552710416,2886.3398704670703,2937.119873046875,2720512
2023-01-12,2937.3844994888523,2955.914110329725,2925.516768010586,2942.105224609375,2250391
2023-01-13,2949.649513651844,2981.502886054615,2916.208061086269,2977.576416015625,1742837
2023-01-16,2993.323430799437,3025.8105105428135,2976.2226370534986,3008.709716796875,1843607
2023-01-17,3005.0556687468916,3051.8010232130546,2996.933896669197,3048.732666015625,1688475
2023-01-18,3050.17576252535,3076.300744593618,3043.1820163242933,3059.199951171875,2421189
2023-01-19,3050.175820908443,3056.492753081922,3033.029862151857,3043.94921875,1585044
2023-01-20,3036.6398008661617,3063.3964349074176,3028.157150767711,3034.92529296875,1529349
2023-01-23,3057.395670541336,3085.3706604429835,3028.1573821258276,3081.670654296875,1067916
2023-01-24,3090.784799878651,3115.1049457004037,3083.8362182605956,3100.982177734375,1387863
2023-01-25,3091.055568934269,3099.8089883897333,3072.7364208055433,3095.0712890625,874110
2023-01-27,3091.6874086767493,3109.7357881786565,3052.251743528508,3078.1962890625,1785879
2023-01-30,3086.272646280671,3120.970609015345,3055.1843591556817,3098.590576171875,1953798
2023-01-31,3112.4433186610536,3112.4433186610536,3024.0062513288462,3030.954833984375,2820375
2023-02-01,3034.834977460141,3085.3704394695874,3027.615625744506,3075.759765625,2205161
2023-02-02,3092.5897637316407,3130.491359902265,3086.363161059032,3122.73046875,1813847
2023-02-03,3162.076345772332,3162.076345772332,3115.9626442696253,3142.493896484375,1804469
2023-02-06,3134.2363491995434,3134.2363491995434,3101.4787169293004,3122.324462890625,1138714
2023-02-07,3130.4011068970385,3152.149492409252,3123.632964557196,3133.695068359375,1455647
2023-02-08,3138.658702645944,3194.473190151551,3138.658702645944,3176.60546875,1986946
2023-02-09,3172.0029459457633,3201.421894965321,3163.249525265047,3195.33056640625,1655427
2023-02-10,3176.5147978181903,3196.683950073236,3165.821044818,3192.352294921875,1187821
2023-02-13,3202.6849319015614,3202.6849319015614,3134.461969485681,3142.583740234375,1087939
2023-02-14,3162.978405332995,3180.8915095356965,3153.9542158741274,3158.556640625,1579818
2023-02-15,3146.7345239602673,3181.928859043276,3122.504489757048,3177.100830078125,1429449
2023-02-16,3183.011851730481,3226.147518559538,3182.831412016641,3210.8515625,1618931
2023-02-17,3182.064379197295,3193.570220400415,3149.4420234423537,3159.50390625,1061369
2023-02-20,3160.271619935647,3178.3200015457874,3135.951469779414,3147.006103515625,1296082
2023-02-21,3153.0518176626792,3166.497771917962,3108.6076842854936,3114.247802734375,1139541
2023-02-22,3081.7158621873755,3110.638436535389,3063.712646370074,3069.62353515625,1218430
2023-02-23,3087.175351151494,3115.5112191854573,3075.443904333321,3080.677978515625,1441570
2023-02-24,3088.5289980581183,3098.861651446193,3052.2517986673643,3068.630615234375,977592
2023-02-27,3059.2004305919913,3059.2004305919913,2992.4214241424907,3006.724853515625,1128022
2023-02-28,3003.701381280899,3061.004982816527,2977.8921119899733,2989.57861328125,4116217
2023-03-01,2998.738199575175,3058.297850845702,2991.5188479060203,3055.31982421875,1669307
2023-03-02,3033.030315791083,3041.0617569146098,2994.2262980645087,2997.339599609375,1556538
2023-03-03,3026.713284379806,3030.3229603301693,3006.047977690829,3016.01953125,1043190
2023-03-06,3033.8420446565137,3072.691222785889,3031.2251179450036,3042.8212890625,1334132
2023-03-08,3035.7375059029696,3064.614913806922,3005.8224042793245,3059.561279296875,1844590
2023-03-09,3054.6884491786423,3054.6884491786423,3005.82254630904,3011.237060546875,1648500
2023-03-10,2989.6236484252595,3011.5976379632734,2968.9583426171757,3005.95751953125,1024404
2023-03-13,3007.762627347276,3040.97169171865,2952.7150665107374,2961.694091796875,1901233
2023-03-14,2959.934582962972,2981.9535203922965,2896.223707775991,2901.232177734375,2670334
2023-03-15,2932.8619938769843,2942.2021194305016,2880.5216875247183,2886.748291015625,1780522
2023-03-16,2894.959981480573,2905.608569116776,2862.4728993941326,2874.204345703125,1901060
2023-03-17,2843.0710795687405,2907.0524989935184,2837.2053560273353,2869.060791015625,6739966
2023-03-20,2860.3520931076205,2860.3520931076205,2793.031772654829,2836.573486328125,2289468
2023-03-21,2836.5733568003143,2848.7108468749984,2795.1973623365025,2803.00341796875,1815297
2023-03-22,2824.616642779389,2836.754134299332,2803.003751733395,2825.29345703125,1123939
2023-03-23,2810.9445796742175,2839.3258306983194,2798.4010449295647,2819.7431640625,1372218
2023-03-24,2841.6271470449155,2860.668276380488,2802.9134594441,2815.99853515625,1329577
2023-03-27,2829.083479625092,2845.1014163917093,2802.9133294148437,2817.622802734375,1524217
2023-03-28,2821.8645966386803,2842.21419191868,2806.6587462945563,2811.84765625,1303530
2023-03-29,2823.6686802623394,2842.619476774167,2801.1985382394446,2832.6025390625,1740616
2023-03-31,2878.6711597054764,2899.47195965751,2844.4244061128143,2893.064697265625,2382581
2023-04-03,2910.256278083939,2910.256278083939,2864.052466678619,2887.740966796875,1521830
2023-04-05,2874.6555889687143,2945.8114118907883,2874.6555889687143,2923.656982421875,2655065
2023-04-06,2910.3008553601517,2939.4941939275836,2901.2766666613607,2906.42041015625,1703464
2023-04-10,2905.7894456494955,2952.715237939487,2901.277350236996,2944.954345703125,2203187
2023-04-11,2945.4952314789316,2953.57183641114,2880.656346666499,2900.19384765625,2348779
2023-04-12,2912.962590652069,2942.742409715441,2886.837611628073,2925.32568359375,2417727
2023-04-13,2896.7652748184937,2914.813656593064,2869.692702156639,2877.67919921875,4174070
2023-04-17,2828.2715566379666,2854.7122578378658,2770.6520137188445,2833.14453125,5505048
2023-04-18,2847.08654077672,2848.8012689229336,2807.064393679631,2825.248046875,2617302
2023-04-19,2825.2479750497077,2833.595349886156,2771.7796551513784,2788.113525390625,3298034
2023-04-20,2788.474235136009,2809.229868601423,2777.645208980141,2801.830078125,2419999
2023-04-21,2806.5227991505576,2855.659464544931,2798.2205892743714,2852.410888671875,1929184
2023-04-24,2843.612470588807,2870.5495443318514,2821.09694130206,2864.999755859375,1640676
2023-04-25,2872.399207357796,2879.79899788449,2840.3633380957153,2866.082275390625,2024090
2023-04-26,2870.595133890123,2895.321328903337,2870.595133890123,2886.071533203125,2000029
2023-04-27,2874.2041193174095,2887.018423289877,2861.2543203233117,2876.8662109375,2434446
2023-04-28,2888.101376057115,2912.3314117884297,2884.356425727405,2905.112060546875,2931312
2023-05-02,2919.325628047492,2919.325628047492,2896.765151787465,2905.247802734375,2321159
2023-05-03,2902.1797112754293,2902.1797112754293,2863.5109662368286,2869.602294921875,2468285
2023-05-04,2869.8272809192304,2909.8044809182966,2867.8871684758333,2906.42041015625,1953253
2023-05-05,2905.788985628069,2927.447040179334,2896.809961242115,2915.44482421875,1710027
2023-05-08,2928.3499294526296,2937.238845562578,2915.9868320573555,2933.403564453125,928235
2023-05-09,2935.208375084693,2976.1781130132586,2929.2523210554996,2962.867431640625,1107375
2023-05-10,2968.9582531273554,2983.848165339088,2947.345364010718,2966.070556640625,1559987
2023-05-11,2986.1043045039883,2986.7359537053417,2952.714803365684,2961.874267578125,1719623
2023-05-12,2959.1671272317485,2968.9584613481547,2941.8858917917887,2954.79052734375,1027479
2023-05-15,2963.5439307236315,2970.7632825646147,2931.372782209103,2937.4189453125,1150390
2023-05-16,2938.4563916534416,2964.4461001565937,2933.267482954537,2940.216064453125,986306
2023-05-17,2938.2310945607733,2959.93431554151,2886.161562402632,2895.591796875,1588815
2023-05-18,2911.158964262609,2913.8662216673974,2883.229136099973,2887.60595703125,1369364
2023-05-19,2896.764912019686,2918.87417692451,2890.4931442019483,2908.361083984375,1152449
2023-05-22,2914.8127106774054,2985.6074211504097,2903.1264313342376,2976.808837890625,1333243
2023-05-23,2983.397162487744,3003.2052151323046,2969.048788762343,2975.320556640625,1687418
2023-05-24,2956.3241276278923,2993.503739870415,2956.3241276278923,2981.00537109375,1016555
2023-05-25,2972.568397032033,2983.3974258008197,2948.2934123355303,2972.1171875,1374917
2023-05-26,2972.1169557498865,3012.861085188572,2969.860908265637,3004.0625,1791115
2023-05-29,3032.84972720672,3042.9567756365113,2988.8116372799896,2996.346923828125,1210372
2023-05-30,2991.5187038651916,3002.302565838326,2979.200773799653,2992.6015625,1344224
2023-05-31,2986.1042492714746,3002.9794392550057,2946.5330909329136,2968.507080078125,5815424
2023-06-01,2990.6164353941035,3014.0793283694343,2975.7265225443743,2999.640625,1177314
2023-06-02,3001.670750109788,3010.3790040313665,2975.681042730873,2983.035888671875,2030661
2023-06-05,2991.5192908883414,3002.3483199956295,2964.491883138167,2967.966064453125,1861468
2023-06-06,2959.9342573409676,2967.920753448757,2906.330658002561,2916.888916015625,2022849
2023-06-07,2935.5686573495286,2958.896273847872,2924.739630639355,2955.33154296875,1567196
2023-06-08,2942.7882185183284,2950.9099891306146,2917.520487724549,2920.6337890625,1759366
2023-06-09,2928.349367716642,2932.8614622739865,2892.568546003746,2896.133056640625,1775689
2023-06-12,2901.2771305591828,2936.8323515906563,2897.6674545025,2930.064208984375,2324605
2023-06-13,2941.885742306206,2946.3978370029945,2922.934944579694,2927.17626953125,1371928
2023-06-14,2927.176458412748,2938.140981423725,2911.068411496085,2933.809326171875,1658544
2023-06-15,2950.4006679163926,2952.3552093195044,2918.3083232724543,2924.035888671875,2273810
2023-06-16,2906.489819361,2908.6716434866084,2869.2154738515223,2886.39794921875,4156189
2023-06-19,2900.1259479423184,2922.7632059010452,2886.4889920742507,2918.672119140625,1468186
2023-06-20,2921.9451044006205,2938.764016793717,2910.171910116586,2934.400146484375,1528452
2023-06-21,2954.673593600641,2965.0375906543964,2930.9907039438817,2962.12841796875,1645987
2023-06-22,2963.7648075039565,2970.719565585934,2936.5819000456095,2944.218505859375,1529603
2023-06-23,2943.1277797551047,2954.1281240159633,2917.535626765662,2924.08154296875,1119505
2023-06-26,2913.76261193622,2921.8537828251756,2884.6704423318647,2899.807373046875,1978803
2023-06-27,2911.035228452272,2917.989986483776,2893.1254058850895,2906.807861328125,863542
2023-06-28,2916.4902067752564,2937.354704231224,2903.2168146828576,2923.26318359375,1575872
2023-06-30,2927.4000459558824,3009.2217863707983,2922.0362650887305,3002.176025390625,2672406
2023-07-03,3013.130987303054,3017.2220741820643,2971.720052392161,2974.947509765625,1687264
2023-07-04,2991.0393151357075,3013.767577408775,2979.4934022921266,3008.176513671875,1656681
2023-07-05,3018.312590749799,3026.4947634355667,3004.6756362735196,3018.26708984375,1453008
2023-07-06,3006.08458448995,3025.9944475996026,3001.947997582472,3020.94873046875,1848238
2023-07-07,3001.948608480936,3051.859779118901,3001.948608480936,3026.722412109375,1789326
2023-07-10,3022.6310315390187,3022.6310315390187,2968.492276589758,2974.62890625,1407431
2023-07-11,2995.5842749230624,2995.5842749230624,2964.4920637140776,2975.037841796875,1110172
2023-07-12,2982.810819949394,2990.265643534798,2954.764285186682,2963.673583984375,1515240
2023-07-13,2985.583996893055,3061.4508783669453,2975.356280703942,3036.995361328125,4585146
2023-07-14,3059.223400226424,3204.547964647963,3047.4047065554155,3195.274658203125,6306101
2023-07-17,3191.047775615765,3227.3219906075915,3161.0919726546085,3174.41064453125,2743228
2023-07-18,3160.137072859517,3203.775329331685,3150.136639084645,3179.092529296875,2600090
2023-07-19,3181.956685012128,3197.275622406531,3132.545354564023,3154.728271484375,2405370
2023-07-20,3147.4811227628634,3170.9974981728874,3131.9401001133515,3156.7783203125,1715404
2023-07-21,3102.773187280526,3130.892661714448,3061.7559309462104,3070.187255859375,3770223
2023-07-24,3081.762606135278,3111.3405552900845,3073.6503948838067,3094.295654296875,1680132
2023-07-25,3096.802519593953,3105.279462829651,3081.0336204622276,3098.306396484375,1272980
2023-07-26,3099.4000558754824,3118.085690977951,3085.4085278953876,3088.41650390625,1066803
2023-07-27,3094.477513443153,3109.6994236687005,3085.4538089324446,3096.2548828125,1701769
2023-07-28,3085.408792220562,3093.3387496319633,3036.1880906607657,3058.428466796875,2599831
2023-07-31,3066.63200676874,3123.3725393934046,3063.441776018759,3118.6328125,2743678
2023-08-01,3112.753983723864,3153.7712397319387,3112.753983723864,3146.52490234375,1956167
2023-08-02,3130.9380706417523,3141.3746384347655,3111.477796074465,3136.133544921875,1914899
2023-08-03,3117.311399129482,3129.388702064706,3069.9136819497357,3099.035888671875,2026351
2023-08-04,3100.2203533858487,3163.7970883064404,3100.2203533858487,3138.776611328125,2248493
2023-08-07,3148.2560679609046,3179.2924970791487,3136.6801334786755,3175.692138671875,1853889
2023-08-08,3175.691927520392,3181.0696551602423,3150.6714521754197,3163.432373046875,1634225
2023-08-09,3158.2370582327517,3160.1512856075137,3121.9141376043485,3156.049560546875,1794589
2023-08-10,3144.655550434567,3158.2367274218736,3126.4712824103544,3137.454833984375,1096701
2023-08-11,3133.80930927876,3159.8322990598804,3111.8422029571116,3143.562255859375,1679974
2023-08-14,3136.178979187144,3149.213394617888,3109.1076379281085,3144.519287109375,1190425
2023-08-16,3144.6557916406823,3159.239702558436,3131.165629535196,3152.312255859375,1328445
2023-08-17,3149.2132599891765,3154.499972197025,3111.112748256115,3131.6669921875,1843241
2023-08-18,3108.196040036422,3108.196040036422,3059.431087502126,3069.093017578125,2526749
2023-08-21,3076.293480989737,3107.967910164372,3073.558997895524,3100.584716796875,1375579
2023-08-22,3099.0813009996327,3109.1077405028673,3067.2246127209246,3082.81103515625,1222012
2023-08-23,3088.143265662933,3100.9041882483175,3077.2053320183186,3097.486083984375,1330046
2023-08-24,3106.372799977861,3110.975891033685,3079.119207441882,3087.9150390625,1152881
2023-08-25,3076.2936734488317,3086.137857710432,3053.734186510207,3082.0361328125,1158046
2023-08-28,3093.612439755008,3093.612439755008,3062.712864151854,3076.79541015625,1037485
2023-08-29,3081.8087420423494,3089.556445841185,3067.1792097744474,3077.34228515625,944517
2023-08-30,3097.2581115677926,3106.464294438142,3083.6313141767887,3090.83203125,1188200
2023-08-31,3099.9928470608975,3114.941268101216,3047.7185475864435,3059.704833984375,3417652
2023-09-01,3068.090387808054,3089.054760630272,3059.704683185733,3080.1220703125,1277950
2023-09-04,3079.028080349797,3129.023637156642,3071.7817443830672,3115.943603515625,1828332
2023-09-05,3117.310934204945,3141.9212836855104,3103.775152977507,3125.83349609375,1501842
2023-09-06,3130.0716886126784,3139.0953939260744,3097.3491295124654,3126.33447265625,1314818
2023-09-07,3127.1551675699734,3153.770760697037,3119.407464834157,3149.441162109375,1885092
2023-09-08,3149.441245179643,3158.3283161992513,3131.029101522507,3137.272705078125,1518917
2023-09-11,3155.593978203435,3177.1963534783295,3140.0985716091377,3172.59326171875,1783604
2023-09-12,3182.9381661103935,3272.1733710440712,3174.734717228666,3263.87890625,4476016
2023-09-13,3255.0377963035894,3271.2168221792035,3231.2477030451937,3252.075439453125,1754929
2023-09-14,3254.081009523971,3279.283743631725,3231.79501333232,3244.966064453125,2604721
2023-09-15,3252.0751204017056,3288.079146282796,3247.1529175210694,3279.830078125,2952897
2023-09-18,3263.1954818934582,3298.971636114052,3258.820264386671,3286.9853515625,1395753
2023-09-20,3263.1498144834586,3304.1670607548986,3263.1498144834586,3286.894287109375,1649396
2023-09-21,3270.9433138676945,3285.937352425598,3215.7522827621383,3267.98095703125,2004073
2023-09-22,3266.7962535271386,3312.143104423616,3249.523477440977,3284.70703125,1989083
2023-09-25,3283.6584732834535,3299.6096247844835,3243.689356080608,3260.552001953125,1238778
2023-09-26,3251.847543695411,3276.7767822705646,3223.0442313478416,3268.345458984375,1726062
2023-09-27,3272.2654430863545,3294.141312343756,3241.0011354327476,3271.62744140625,1541134
2023-09-28,3281.37980335937,3283.9320321574332,3215.159824951922,3223.727783203125,1755753
2023-09-29,3224.138279675587,3252.6224826131343,3195.289567953573,3216.299560546875,2243791
2023-10-03,3221.4042508008492,3221.4042508008492,3172.0925252361567,3202.85546875,1948148
2023-10-04,3177.7430606044213,3233.982222159653,3169.539610773689,3224.639404296875,1788138
2023-10-05,3239.450948709078,3303.255553776505,3236.898719999821,3271.67236328125,2990768
2023-10-06,3273.176643439127,3313.2367809094894,3258.638351141779,3300.885986328125,2075691
2023-10-09,3322.4429058385053,3353.388098061812,3309.636364246382,3316.3359375,4233074
2023-10-10,3317.885464751515,3325.13180122624,3282.610673537835,3307.72216796875,1848148
2023-10-11,3326.9545791162677,3326.9545791162677,3285.9373308805875,3290.403564453125,2426417
2023-10-12,3258.592598284596,3271.0344082831,3224.958542716829,3229.0146484375,4241281
2023-10-13,3217.575662499397,3260.4159050312583,3213.018189889624,3254.810302734375,2890357
2023-10-16,3250.389000692715,3258.27333816753,3207.640002736549,3212.15185546875,1671104
2023-10-17,3217.575737682961,3221.3583510243216,3193.2844971184086,3196.656982421875,1672065
2023-10-18,3200.2568789933416,3210.9213191020513,3175.646529881174,3178.60888671875,1408245
2023-10-19,3170.613008079076,3177.3299169246034,3154.529105910934,3157.9560546875,1514545
2023-10-20,3153.158141056141,3198.0284103099434,3147.3553086674356,3193.5048828125,1481211
2023-10-23,3173.8117316083208,3179.2491127864932,3108.288510708511,3116.3759765625,1106272
2023-10-25,3098.418186283159,3129.946110609001,3086.263898370604,3098.052734375,1518537
2023-10-26,3077.9022236248165,3083.065403130757,3043.1300770713924,3049.298583984375,1984471
2023-10-27,3061.407763117545,3072.3739998809515,3049.5276732905218,3062.27587890625,1108851
2023-10-30,3061.407257455826,3091.427414880595,3046.5571476248833,3087.497802734375,910972
2023-10-31,3106.1862890625,3106.1862890625,3061.4532301686027,3078.542236328125,999811
2023-11-01,3065.976774735599,3081.146823579833,3025.7672432636564,3043.724365234375,1563475
2023-11-02,3055.193202126613,3085.1218868690776,3055.193202126613,3070.637451171875,1245384
2023-11-03,3090.6504056818926,3096.0420483703,3056.198197111951,3062.2294921875,1402598
2023-11-06,3084.253541799562,3100.063241613325,3069.631895379179,3089.05126953125,1099852
2023-11-07,3086.9950929939328,3110.892257060667,3076.028858205322,3080.095458984375,1191144
2023-11-08,3081.009254460664,3108.8817673622384,3079.273023228274,3090.2392578125,992899
2023-11-09,3098.0531123476367,3099.3324172908847,3054.14243153224,3059.0771484375,2112352
2023-11-10,3050.441278848814,3059.0771449775716,3036.139568807074,3046.283203125,1338557
2023-11-13,3066.8905352612105,3066.8905352612105,3040.388799408238,3044.546875,1030990
2023-11-15,3091.6556611078686,3118.9797720354964,3066.9358969333903,3111.029296875,2059802
2023-11-16,3134.5614749653105,3225.307120972767,3120.076815913559,3196.520751953125,3951984
2023-11-17,3196.5210191589413,3220.875113994912,3191.6775533131577,3200.724609375,2021292
2023-11-20,3190.4893941274177,3229.4651366518156,3190.4893941274177,3216.397216796875,1475621
2023-11-21,3216.397237175697,3234.171634117577,3199.399481449812,3207.806884765625,1807236
2023-11-22,3198.4850230582065,3228.322229815577,3181.2132931771357,3226.03759765625,1798051
2023-11-23,3225.9007144988595,3238.69465500962,3198.4851276900877,3206.0244140625,2729804
2023-11-24,3193.2303056888272,3202.643034620084,3155.533875808406,3159.28076171875,1989733
2023-11-28,3159.2809411434473,3181.350399374295,3137.25699707058,3171.20654296875,1689195
2023-11-29,3181.12233920591,3214.9349006970383,3176.370348158616,3211.051025390625,1441634
2023-11-30,3197.9830777369875,3213.7013059022847,3181.1225332354234,3187.154052734375,3266235
2023-12-01,3198.4852942750963,3213.9750570070746,3189.3925021316686,3209.131591796875,1172141
2023-12-04,3239.2888137345485,3242.167584431117,3196.657662284584,3209.86279296875,1625213
2023-12-05,3233.2116065096975,3233.2116065096975,3201.044028590681,3227.363037109375,1377656
2023-12-06,3228.276707900282,3301.6134000384272,3221.4683255949626,3293.6171875,1896572
2023-12-07,3294.440248726415,3317.789238800285,3282.285958526859,3303.4873046875,1967653
2023-12-08,3320.027826121142,3330.9940617152665,3291.74412143969,3314.2705078125,1641155
2023-12-11,3310.797648664154,3338.304710750083,3303.5782998526,3329.07470703125,1102503
2023-12-12,3325.464920258755,3379.793429797475,3318.199834425044,3355.75927734375,2236866
2023-12-13,3329.6689659326335,3335.5632728478577,3256.058066070388,3283.976318359375,3850968
2023-12-14,3317.2866102090293,3361.1515571208843,3315.0934521069,3351.32763671875,3290396
2023-12-15,3350.824789993706,3560.3255927142964,3350.824789993706,3528.386474609375,8531230
2023-12-18,3525.73586250062,3590.5279420252045,3500.193496184867,3526.740966796875,2521612
2023-12-19,3513.7645660221524,3522.9945699903956,3463.5026541544753,3487.445556640625,2004435
2023-12-20,3497.5432326471114,3562.929447050241,3442.072410661821,3454.409423828125,2586083
2023-12-21,3432.6598710163985,3478.7637040633026,3420.871258140413,3461.2177734375,1517562
2023-12-22,3472.6412593570217,3514.632758384625,3437.9148467634514,3494.57373046875,2413058
2023-12-26,3490.7813789656334,3503.712309330165,3463.639767096589,3468.57470703125,1285231
2023-12-27,3471.727259647645,3489.2731911736523,3443.3978189924524,3482.876220703125,1293976
2023-12-28,3494.5737504650037,3507.3676920200533,3465.4219300223085,3472.5498046875,1682889
2023-12-29,3465.3303142807017,3493.2943032121766,3441.0217370731516,3466.609619140625,1574996
2024-01-01,3463.5025264784085,3501.884348671573,3447.9670270192705,3482.784912109375,825907
2024-01-02,3482.7854523506976,3482.7854523506976,3442.71290681581,3457.288818359375,1344068
2024-01-03,3442.4842348014154,3446.9165110740164,3369.421732416939,3373.716796875,1803075
2024-01-04,3382.8548848897744,3398.6188470061647,3336.4768514169155,3350.915771484375,3598144
2024-01-05,3358.4093675177683,3424.892165201283,3358.2723788278463,3415.890625,1963127
2024-01-08,3415.890793989658,3417.5815111616193,3356.0334267910252,3361.42529296875,1067805
2024-01-09,3390.349165935751,3429.0966701233606,3365.4924069544254,3372.0263671875,1370944
2024-01-10,3372.11752875156,3407.986258562806,3370.289822773917,3393.181884765625,1292227
2024-01-11,3403.1881186966993,3447.966909732182,3387.6526197660214,3413.7431640625,1777909
2024-01-12,3516.5062216937445,3568.824304124089,3492.3805925763054,3548.308349609375,6813450
2024-01-15,3618.857759851257,3623.4270246995534,3550.318787126801,3567.499267578125,2801505
2024-01-16,3563.1126115927123,3563.1126115927123,3523.405745987789,3528.660400390625,1432672
2024-01-17,3490.0045245140536,3573.1194082779125,3484.1102174250937,3549.953369140625,3458696
2024-01-18,3562.1990189583394,3572.068676049219,3529.3003107278364,3566.40283203125,2239110
2024-01-19,3630.265818585447,3647.3359347309056,3602.705290319906,3628.471435546875,2941975
2024-01-23,3588.855683640575,3620.05103164089,3536.1731226435436,3550.4365234375,2618854
2024-01-24,3570.4511632012504,3573.809874043728,3501.9869317926677,3535.298828125,2657709
2024-01-25,3533.550617096936,3552.9673375819,3477.2332310375527,3506.312255859375,2205154
2024-01-29,3497.5703955598956,3515.2385654063073,3479.212061073679,3497.75439453125,1646747
2024-01-30,3503.6895122527035,3540.820457055553,3484.871069366822,3497.340087890625,1411621
2024-01-31,3507.140432085803,3528.12148113154,3493.5671947757637,3511.511474609375,2459358
2024-02-01,3515.2381710106256,3593.364709605868,3501.4809356666156,3546.66357421875,2363107
2024-02-02,3565.896430136547,3666.522292350957,3563.089715877142,3649.866455078125,2826510
2024-02-05,3665.233700020467,3701.122254954135,3646.001205318622,3656.3076171875,1691523
2024-02-06,3678.1170862666418,3818.818548187844,3671.675550213635,3806.027587890625,4474396
2024-02-07,3821.671387213115,3823.511826118587,3748.927994541734,3757.6240234375,2124267
2024-02-08,3763.697771027623,3826.272697294097,3760.0629489197368,3804.279541015625,2345173
2024-02-09,3806.533642964029,3850.888400846203,3772.8998012950433,3803.911376953125,2100596
2024-02-12,3800.5063475256047,3827.744933247144,3778.006802130109,3791.948486328125,1013716
2024-02-13,3796.3193423865514,3837.3149373465553,3755.8755196115026,3818.450439453125,1257415
2024-02-14,3779.341612396324,3786.611256823303,3726.4289893837145,3772.9921875,1391283
2024-02-15,3798.66574417786,3815.505579737829,3757.255870513131,3775.844482421875,1091582
2024-02-16,3785.093014356531,3817.024812052794,3772.99221729805,3798.942138671875,1307556
2024-02-19,3794.110463901299,3798.941615810459,3731.4897126948135,3776.396240234375,772291
2024-02-20,3756.427991026826,3771.059390745061,3690.0800773274023,3709.08251953125,1193648
2024-02-21,3692.840871691211,3739.174013609637,3663.0258496095257,3673.05615234375,1885939
2024-02-22,3654.191483338692,3768.252640712782,3654.191483338692,3761.029052734375,2982052
2024-02-23,3800.50604486172,3800.50604486172,3723.575614717989,3728.821044921875,2538072
2024-02-26,3714.0053720028695,3726.8884431644256,3665.003690620523,3681.84375,1379284
2024-02-27,3679.957449614321,3794.984876771557,3679.957449614321,3776.948486328125,2960475
2024-02-28,3768.850920451233,3823.4197548467,3762.7773821335977,3790.338134765625,1939225
2024-02-29,3771.979635234801,3807.9603066412583,3740.278119193048,3768.390869140625,3772719
2024-03-01,3779.525838576427,3809.7088594718166,3760.753225340666,3767.700927734375,2043265
2024-03-04,3777.500781504877,3789.371522353806,3750.722306075315,3755.139404296875,1749271
2024-03-05,3737.931557869195,3739.77199684402,3662.4735599013775,3692.0126953125,2070859
2024-03-06,3675.402676918432,3747.1337408010263,3642.642773405773,3740.048095703125,1744204
2024-03-07,3740.692304382967,3794.985255418292,3715.5702668526737,3780.81396484375,2688905
2024-03-11,3762.77763005425,3821.671679534189,3762.77763005425,3793.467041015625,2304068
2024-03-12,3793.4670286122578,3892.482738841845,3792.270473640545,3857.790283203125,4039801
2024-03-13,3869.523014887812,3902.650917036673,3802.254879270354,3817.99072265625,2837260
2024-03-14,3822.085732966261,3887.927256237985,3760.016750056428,3871.91552734375,2919608
2024-03-15,3858.112469995136,3900.8105660856863,3843.75695554138,3882.63623046875,3373143
2024-03-18,3878.9554465113024,3915.3041186273567,3789.326152475134,3821.211669921875,1526904
2024-03-19,3728.0389511805306,3734.250432308693,3650.1424666014186,3659.98876953125,8931209
2024-03-20,3667.994768950826,3697.441791681991,3644.253061941232,3654.099365234375,1817913
2024-03-21,3671.72192758532,3688.6078209191865,3633.0266519750294,3655.986083984375,3829582
2024-03-22,3586.095512991223,3623.8245137694216,3547.4462926818487,3598.886474609375,5852485
2024-03-26,3565.850574289269,3631.8302677248153,3562.5837501208753,3568.151123046875,3440925
2024-03-27,3578.273484829898,3584.2549115114957,3523.8884231366437,3534.470947265625,1968575
2024-03-28,3542.9366841718333,3602.65883138375,3534.1024883599725,3567.04638671875,4311783
2024-04-01,3586.7395487458493,3619.499453254275,3577.8595203158884,3604.269775390625,1569676
2024-04-02,3579.653802211397,3597.9202488822098,3564.0100709420926,3573.948486328125,2142666
2024-04-03,3543.7653833548334,3663.393921354347,3543.7653833548334,3632.382568359375,3973090
2024-04-04,3658.700888118243,3707.242470298033,3621.294052569057,3683.9150390625,3394637
2024-04-05,3660.633416953965,3682.7186864378496,3644.529574621965,3661.78369140625,1636819
2024-04-08,3665.2341685019233,3710.922975565216,3644.0691205793664,3655.617919921875,2302538
2024-04-09,3666.154805277973,3695.463888754638,3611.907905990907,3631.692626953125,1876992
2024-04-10,3640.756241235992,3671.859704425388,3605.419903259126,3666.75244140625,2101965
2024-04-12,3654.1914342233986,3693.162817777665,3630.725838259486,3682.166015625,4354821
2024-04-15,3682.166211852168,3739.956041297144,3606.3862709398386,3626.76904296875,4200329
2024-04-16,3590.6960447365877,3615.265857414064,3554.6695456341977,3563.82568359375,3051420
2024-04-18,3567.5072338688656,3621.9841868688504,3542.8453047370613,3553.887939453125,3476284
2024-04-19,3531.8027277109695,3545.191967455498,3497.662491624287,3520.944091796875,2957749
2024-04-22,3530.8823684558647,3568.6113695261515,3507.8768799983727,3556.280517578125,1728883
2024-04-23,3567.7373128762897,3584.255209151465,3552.599745949953,3565.57470703125,1807586
2024-04-24,3579.6536294557072,3587.015384991863,3519.3332000987416,3525.40673828125,1317312
2024-04-25,3507.1401450879403,3564.6078018941175,3506.95614613986,3544.869140625,2856271
2024-04-26,3547.5837045158246,3567.5065891802196,3499.1802992219073,3516.48046875,2039178
2024-04-29,3531.802085484041,3568.426862829934,3514.5019156929066,3561.43310546875,1110693
2024-04-30,3563.089785398555,3572.061925224906,3506.036178297648,3515.83642578125,2203078
2024-05-02,3476.635273211625,3562.261741296734,3476.635273211625,3555.083984375,2491044
2024-05-03,3579.791498256479,3582.966434995953,3494.6253703944135,3536.771240234375,2962234
2024-05-06,3545.6058231496777,3625.618865765193,3545.6058231496777,3608.226806640625,2053831
2024-05-07,3617.198604098228,3669.8351109068294,3601.278762922236,3661.507080078125,2062112
2024-05-08,3644.989535707688,3666.43069555621,3624.3767082288086,3659.6669921875,1247685
2024-05-09,3645.9096138402,3654.191589237616,3598.1042563399305,3644.253173828125,1726486
2024-05-10,3646.461687676862,3656.584101641413,3575.0986242941894,3583.242431640625,1672489
2024-05-13,3574.5928311660427,3639.4683092448704,3561.2496477313903,3632.8427734375,931326
2024-05-14,3621.983888045264,3631.0020839186186,3582.322338430397,3589.960205078125,1058317
2024-05-15,3592.9972050666793,3613.656088871118,3566.3108383239633,3570.81982421875,1115021
2024-05-16,3606.6906515489186,3623.745662755798,3562.5697543936335,3615.820556640625,2599399
2024-05-17,3632.5515570276343,3633.4784647992665,3550.0567653523444,3553.857177734375,2765804
2024-05-21,3550.613121462056,3563.728776359017,3531.5651208470945,3540.97314453125,1908117
2024-05-22,3554.691612227725,3560.4847863024115,3538.517115470372,3551.910888671875,1311168
2024-05-23,3560.2067218121256,3619.575215874568,3545.886040544983,3608.869384765625,2095742
2024-05-24,3594.7799452001173,3599.9243284199265,3563.311472664004,3568.13134765625,1309452
2024-05-27,3573.229711889253,3622.680335515065,3560.577510431646,3565.86083984375,1841538
2024-05-28,3576.0102759178876,3587.1331694666214,3550.056857637509,3559.233154296875,1801993
2024-05-29,3567.5756380844864,3567.5756380844864,3522.2499334071467,3525.633056640625,1568095
2024-05-30,3500.9307015339277,3517.058806463482,3443.8794821472993,3463.020263671875,2919230
2024-05-31,3466.6351077409063,3475.718849271696,3386.6893114728173,3402.632080078125,10956800
2024-06-03,3459.961773430714,3477.3412961491067,3425.851518249575,3432.200927734375,2156773
2024-06-04,3429.5587856451884,3471.269635740873,3328.989291525593,3443.46240234375,3395997
2024-06-05,3444.389229413079,3507.2336206771465,3429.5587052821297,3472.613525390625,2799670
2024-06-06,3504.638336159672,3559.233114194575,3468.0254786409455,3550.427490234375,4328036
2024-06-07,3556.823043507588,3628.8437281793376,3556.823043507588,3609.332275390625,4552445
2024-06-10,3610.305486125325,3620.4086895219543,3561.086596810267,3576.65869140625,1734661
2024-06-11,3563.9603682346064,3596.355749469534,3560.2527371623205,3570.54150390625,1419898
2024-06-12,3591.211490093849,3608.9155195936296,3547.693214139478,3551.586181640625,2177001
2024-06-13,3574.897910867656,3605.6712033854537,3570.448708339529,3594.687255859375,1932323
2024-06-14,3604.7443844726295,3604.7443844726295,3548.2030094526167,3551.95703125,1860730
2024-06-18,3546.395689059985,3561.179823442644,3517.661546809407,3536.24609375,1774045
2024-06-19,3547.8786522964565,3553.625661858595,3515.714995969622,3523.825439453125,1509050
2024-06-20,3518.5418393437685,3531.4721572718627,3503.757705904956,3510.431396484375,2846526
2024-06-21,3547.275873620781,3594.3628314432963,3520.4419401652044,3532.213623046875,4642195
2024-06-24,3530.359880582307,3575.0831793648726,3514.185385660008,3537.821533203125,1702154
2024-06-25,3538.0067905497995,3566.4164218366413,3515.668223832292,3557.888916015625,1338808
2024-06-26,3563.4970839383795,3584.3061190627222,3560.2529065957383,3574.017578125,1639845
2024-06-27,3550.983551295317,3653.870310416638,3539.0265319698215,3646.593994140625,4526556
2024-06-28,3631.439292021709,3670.554754499888,3612.947527343435,3618.786865234375,2731571
2024-07-01,3600.1101295040166,3709.207139405148,3600.1101295040166,3687.4248046875,2658723
2024-07-02,3701.699295599757,3729.320968607394,3691.456918555691,3723.759521484375,2307449
2024-07-03,3726.1695919826934,3731.8238204391223,3665.9205811670527,3675.42138671875,1821198
2024-07-04,3707.491943384768,3751.520060191937,3691.03933131472,3727.049560546875,2518001
2024-07-05,3716.900124285456,3732.4258292933814,3696.5081535287777,3718.568603515625,1668616
2024-07-08,3728.023360391662,3736.597257975855,3687.2858057778326,3701.328369140625,1758882
2024-07-09,3693.7274640836704,3714.073044379492,3684.551167677433,3694.19091796875,1305801
2024-07-10,3692.5229032169505,3710.690388315747,3616.7945741280314,3623.421875,2669716
2024-07-11,3643.674675535382,3689.093159153096,3610.8622289094983,3636.908203125,4872189
2024-07-12,3689.093428080941,3892.967000953419,3681.0293746405414,3878.136474609375,13509164
2024-07-15,3926.103726954822,3930.089249638286,3853.20206311634,3864.46435546875,4848030
2024-07-16,3867.059349578485,3887.960939474929,3841.940057628319,3873.0380859375,2029521
2024-07-18,3855.936139365209,4008.8759141236847,3855.936139365209,4000.116455078125,5613364
2024-07-19,4011.1260943754664,4049.5428404415234,3981.2568871814256,3997.190185546875,3903354
2024-07-22,3994.914017106796,4013.4952277518023,3962.4431700475134,3983.207763671875,1896386
2024-07-23,3979.166872313722,4052.2841289170647,3963.651377579033,3997.144287109375,2365208
2024-07-24,3983.3469610338807,4031.2865743722073,3965.323277758002,4000.766845703125,1809793
2024-07-25,3990.315092493855,4034.909999231854,3970.990814364529,4015.8642578125,2810342
2024-07-26,4041.414063180722,4108.7246926556945,4029.382545604429,4076.5791015625,3552210
2024-07-29,4101.8026818187545,4116.66765190009,4060.924014095079,4070.3076171875,1746803
2024-07-30,4079.5986064390754,4086.009034659819,4020.324260489949,4055.67529296875,1797906
2024-07-31,4041.4139618583135,4100.87384543508,4036.7686584538783,4074.25634765625,2330091
2024-08-01,4087.309021156136,4105.797235952523,4055.3956995339786,4085.17236328125,2202244
2024-08-02,4055.350087201024,4086.0090912967016,3967.0893178346782,3979.21337890625,2811282
2024-08-05,3938.288283787776,3938.288283787776,3818.90398455052,3860.29345703125,2787771
2024-08-06,3875.0653422807904,3956.172148090316,3865.6350146384816,3875.297607421875,2203067
2024-08-07,3928.06833926144,3943.816098379541,3883.751965802685,3902.472900390625,1237666
2024-08-08,3884.40201233836,3931.784098592667,3864.8917415277633,3876.55126953125,2441283
2024-08-09,3917.8481873983887,3951.8981645067097,3907.210263056336,3928.7646484375,1302536
2024-08-12,3929.926261167776,3938.2878064043034,3889.372857499192,3898.012939453125,936912
2024-08-13,3914.132433056277,3933.642706280625,3886.2606141643496,3899.22119140625,1495593
2024-08-14,3910.415890122992,4000.7207578523953,3891.044886752686,3990.54736328125,3226545
2024-08-16,4041.413561593398,4112.951226936545,4018.280043659057,4102.77783203125,3457058
2024-08-19,4107.376273881194,4175.429952248486,4078.9006616478778,4171.4814453125,2055210
2024-08-20,4185.417806867609,4241.161440255413,4180.772504085293,4202.41943359375,2212298
2024-08-21,4197.495611851862,4236.516155388334,4173.8508391327405,4228.619140625,1896990
2024-08-22,4236.516374666815,4237.39916370202,4178.171549911448,4182.630859375,1829872
2024-08-23,4180.773068059991,4186.347432150737,4138.965337379391,4147.23388671875,1809253
2024-08-26,4170.5527823500615,4229.222864979793,4166.836540173764,4183.048828125,1844164
2024-08-27,4185.4182168111465,4190.06352004845,4168.509131570201,4178.125,930697
2024-08-28,4179.611105918801,4238.838715366386,4141.101365063979,4186.39306640625,1848058
2024-08-29,4143.610677557092,4232.800503800473,4143.610677557092,4191.73583984375,2133641
2024-08-30,4180.77295069311,4266.478796182319,4169.438229236293,4230.7099609375,3637222
2024-09-02,4251.3811612563195,4262.5298880777955,4191.921284875112,4200.3291015625,1216500
2024-09-03,4200.329136859027,4232.706988670382,4176.9633540945715,4192.24658203125,1717263
2024-09-04,4159.357971016076,4168.694848446134,4121.9632824379705,4161.49462890625,1265505
2024-09-05,4163.120774045665,4179.843865751271,4138.1754048562225,4158.42919921875,1688793
2024-09-06,4156.570844055927,4198.378570967705,4125.029055295338,4140.5908203125,1649179
2024-09-09,4138.964928860649,4171.714314661398,4116.202944403391,4133.9013671875,1184938
2024-09-10,4127.305445435125,4217.88885396822,4125.447324234446,4188.06591796875,1385591
2024-09-11,4200.701434505407,4226.622135770557,4154.062408672436,4161.587890625,1325919
2024-09-12,4190.295602177849,4211.0601974701785,4116.94608580757,4197.21728515625,2742216
2024-09-13,4208.644488913913,4224.43851900476,4185.417974074432,4201.76953125,1458786
2024-09-16,4205.857102070119,4223.555524057743,4175.6163626806965,4193.08251953125,1155120
2024-09-17,4193.0829242332575,4214.033060161901,4149.184809090063,4186.02197265625,1699364
2024-09-18,4178.03182491242,4178.03182491242,4014.47088636393,4037.836669921875,2961779
2024-09-19,4078.622243199174,4108.4919039466795,3978.0514347871863,3991.383544921875,2927551
2024-09-20,4010.6610876463974,4023.4823944313503,3927.603171623188,3980.93115234375,5447908
2024-09-23,3994.9609683857766,4003.694048146223,3951.29511594063,3965.695556640625,1702319
2024-09-24,3950.0401935138225,3986.598816855598,3939.216728843565,3968.296142578125,3012026
2024-09-25,3950.691085610406,3985.298594296038,3939.217096029008,3971.501953125,2713073
2024-09-26,3957.798205900553,4010.5686671887433,3957.798205900553,3987.99267578125,3964251
2024-09-27,4027.478305443043,4067.427917238672,3995.007451142677,4003.044189453125,3012477
2024-09-30,3982.790182613972,3993.799642522874,3957.844812350236,3965.695556640625,2503416
2024-10-01,3953.66354966123,3991.011966244493,3941.957749327032,3983.71875,1823365
2024-10-03,3960.213504570964,3975.450006529258,3911.3448299808783,3932.48095703125,3350119
2024-10-04,3925.280999271066,3993.1024224537377,3924.398210251953,3950.597900390625,2965463
2024-10-07,3970.711904413128,3992.4055595878863,3929.368708787632,3969.736572265625,1472619
2024-10-08,3969.5047586663354,3975.8221898436273,3905.724833607358,3951.52734375,1541867
2024-10-09,3957.798231053306,3990.315352669941,3945.441906296137,3951.24853515625,1082504
2024-10-10,3951.527295380479,3989.24724931777,3900.754220484527,3927.510986328125,2378875
2024-10-11,3849.098041297021,3941.028768538948,3820.7154216048502,3854.8583984375,5759183
2024-10-14,3846.3109301040063,3869.908978898292,3829.773832682932,3843.198486328125,2137590
2024-10-15,3837.995705676313,3874.1365268299264,3804.5032516700458,3824.756591796875,2759474
2024-10-16,3795.2124356440127,3823.084252796845,3778.67511210238,3804.45654296875,2359151
2024-10-17,3821.0402585925135,3836.974010815032,3802.5985417542856,3817.510009765625,2522659
2024-10-18,3809.127780700298,3861.4217056150137,3799.81450984284,3839.907958984375,2361000
2024-10-21,3848.802801800323,3855.6481475353057,3790.501629279664,3799.67529296875,1595450
2024-10-22,3786.7764085312,3808.942041444194,3731.2228318055472,3739.744384765625,1928049
2024-10-23,3724.936169449571,3831.060625608979,3720.791581721823,3787.009033203125,1966476
2024-10-24,3729.033775833075,3798.8833095961822,3729.033775833075,3769.9189453125,2676744
2024-10-25,3778.440830569176,3810.990668738502,3755.762923689694,3778.906494140625,1759676
2024-10-28,3789.5232343448033,3850.106105696771,3772.8059589205664,3809.91943359375,1532534
2024-10-29,3814.576544255364,3821.701106275593,3781.2815973687175,3795.39111328125,1445885
2024-10-30,3795.158047833668,3824.960515939356,3781.234752740499,3804.145263671875,1935002
2024-10-31,3790.501613341707,3798.231674391787,3688.0556237919313,3695.92529296875,3740372
2024-11-01,3715.8558850555814,3724.330826071296,3703.003524341036,3710.59375,154895
2024-11-04,3693.923144215517,3717.7649842744486,3644.5161904410857,3691.920654296875,2269192
2024-11-05,3670.45333173397,3712.269827653512,3670.45333173397,3698.6259765625,967590
2024-11-06,3728.661529286281,3864.8212879793314,3702.258313204772,3855.368408203125,3792017
2024-11-07,3883.354926064752,3916.975471746434,3804.517947878227,3865.845703125,3724349
2024-11-08,3869.6642401156896,3883.401315336317,3834.879080725745,3862.213623046875,1648039
2024-11-11,3844.704960664376,3943.518408459811,3834.879186284666,3910.363525390625,1406487
2024-11-12,3926.475364271153,3928.3380186185295,3878.3724067000553,3909.152587890625,1587640
2024-11-13,3891.1780687289943,3908.5472291817673,3847.358853332509,3865.333740234375,1098813
2024-11-14,3851.037346821025,3874.320523041225,3833.761411965451,3861.188720703125,1825432
2024-11-18,3923.6812860911455,3923.6812860911455,3716.181551430071,3743.469482421875,3313944
2024-11-19,3743.8418634756777,3848.383334503383,3738.440347986104,3762.142578125,1776233
2024-11-21,3767.1252292109634,3811.409882209879,3747.660582048356,3793.156005859375,2384347
2024-11-22,3791.433311580051,3962.751144589009,3775.600748009218,3953.11181640625,3096553
2024-11-25,3986.0805866028463,4030.877517790061,3960.189871234577,4018.770263671875,4052167
2024-11-26,4024.3109738880953,4066.733198149224,4014.0199908462,4053.787841796875,2060669
2024-11-27,4059.6083950341376,4076.7911069702654,4027.104715840101,4035.02099609375,1558993
2024-11-28,4022.401811054281,4041.91329602,3942.307679137016,3953.390380859375,2558544
2024-11-29,3930.2002766528776,4003.4958997310346,3907.522371310432,3977.558349609375,2017425
2024-12-02,3976.766970418375,3993.7173066183545,3939.560268502564,3982.960205078125,1670944
2024-12-03,4018.0710631615407,4027.9896055756494,3972.529260073843,4007.267578125,2010905
2024-12-04,4017.32556089458,4085.6853292498736,3994.508048474772,4055.370361328125,3302642
2024-12-05,4098.584281260393,4180.727516616581,4060.586315983135,4157.49072265625,3746747
2024-12-06,4147.199308267314,4158.375232745017,4109.713394915021,4140.21435546875,1842087
2024-12-09,4126.198676219265,4162.473596939852,4112.321537472264,4146.408203125,2066639
2024-12-10,4122.193893602826,4185.198089234919,4109.108928030726,4128.154296875,2087828
2024-12-11,4127.502045111503,4143.148158287083,4104.358476029229,4123.404296875,1635256
2024-12-12,4125.825703197917,4177.002312539005,4122.054010099808,4149.01611328125,1914642
2024-12-13,4130.389630221359,4186.222421425734,4092.624040484277,4166.66455078125,1967048
2024-12-16,4152.787550664486,4167.6887843067,4095.045270300907,4111.99560546875,1646224
2024-12-17,4107.152673369455,4128.52681305927,4021.470576782156,4031.24951171875,3225027
2024-12-18,4015.60312505251,4062.44869495374,3995.020705776494,4049.2705078125,1575404
2024-12-19,3987.94311687329,4064.3119481632502,3969.3165726562265,3978.53662109375,3015763
2024-12-20,4031.7151268140337,4081.075464471955,3867.3358891418975,3883.913330078125,4116989
2024-12-23,3911.620211179341,3927.4063874513017,3832.31779942793,3872.7373046875,2195338
2024-12-24,3872.737372652853,3928.337783494026,3872.737372652853,3892.481689453125,1181886
2024-12-26,3892.48160931481,3911.527430384508,3858.62777832456,3882.7958984375,1208464
2024-12-27,3877.114844483566,3893.8323483767854,3862.4464421773887,3878.837890625,858100
2024-12-30,3865.93846784785,3910.921381105124,3829.616713994305,3873.20263671875,1527169
2024-12-31,3851.0379404710184,3855.6481919731177,3755.157851490963,3813.5986328125,1555429
2025-01-01,3813.2258927424177,3850.1065398065944,3804.8905600046846,3830.03662109375,763161
2025-01-02,3837.067770385559,3895.741379495824,3815.6008619680624,3888.9892578125,1720835
2025-01-03,3892.900907869697,3892.900907869697,3811.269950829448,3818.347900390625,1791953
2025-01-06,3823.563358248198,3864.6813582169702,3787.148378172113,3813.784423828125,2085593
2025-01-07,3832.364669490885,3856.020287112112,3736.065309985075,3751.6650390625,2669054
2025-01-08,3757.811618423141,3842.655608038171,3741.839449635328,3826.26416015625,2181277
2025-01-09,3819.3726136468736,3853.5988861539504,3748.871194392968,3761.49072265625,2392472
2025-01-10,3911.574279957844,4001.91301928068,3883.6344636724302,3972.7158203125,7894300
2025-01-13,3953.48417981758,4026.081320920444,3937.092729252862,3996.41845703125,4003771
2025-01-14,4006.568941317659,4017.651642185902,3929.3151811560374,3942.353759765625,3441709
2025-01-15,3928.3377943076216,3964.1475039910265,3918.512475086078,3957.767822265625,1653474
2025-01-16,3967.4536113637214,3999.118734083526,3903.9837578032057,3917.441162109375,2637705
2025-01-17,3945.5159044693314,3946.1800146177866,3888.7502327632087,3911.75048828125,1761466
2025-01-20,3932.142548432362,3932.142548432362,3858.447160711793,3867.647216796875,1287799
2025-01-21,3884.245525979371,3899.136367766385,3822.310766747393,3827.859375,1971591
2025-01-22,3841.2800960022514,3948.598730011546,3835.7789572073584,3942.386474609375,2409223
2025-01-23,3953.19847178088,3975.3452017162494,3926.6887142484056,3931.810791015625,1822998
2025-01-24,3892.4966488174464,3962.682991900412,3892.4966488174464,3938.35498046875,1910099
2025-01-27,3890.599675788401,3942.148791419916,3832.7908361324735,3855.648681640625,1551782
2025-01-28,3861.007745197988,3890.599779117484,3820.69802052405,3832.07958984375,2468272
2025-01-29,3845.073710249286,3896.148597963248,3845.073710249286,3888.51318359375,1217089
2025-01-30,3888.6078230102007,3917.061745659292,3849.3415023779007,3888.75,1531251
2025-01-31,3898.187401859017,3915.686749530312,3874.7129156799383,3900.463623046875,1492943
2025-02-01,3901.032960408717,3922.7526963272944,3846.970505085766,3863.236572265625,437172
2025-02-03,3823.1639848038094,3866.888274001076,3792.6234860032378,3858.968505859375,1265713
2025-02-04,3873.242663132477,3906.581314014398,3856.502364977536,3895.38916015625,2547132
2025-02-05,3936.1259160718655,3936.1259160718655,3865.939574435886,3880.261474609375,1693912
2025-02-06,3893.8244160755,3926.1671344471406,3842.749763323274,3872.341796875,2284536
2025-02-07,3879.2179810962175,3879.2179810962175,3801.4439286634815,3821.740966796875,1548940
2025-02-10,3831.794717099072,3843.176285565703,3807.46670712509,3828.90185546875,1339511
2025-02-11,3811.308028813468,3831.7949459001434,3751.175497780958,3759.284912109375,1810908
2025-02-12,3766.445947952812,3814.485562859375,3737.090798282343,3746.575439453125,1678002
2025-02-13,3763.505953743432,3779.108143555463,3701.1444324584945,3708.63720703125,2277310
2025-02-14,3722.7215010647665,3744.536174828968,3699.009899147157,3732.06396484375,1681975
2025-02-17,3657.751558260601,3731.2575211194617,3657.4669727378136,3703.27783203125,1799806
2025-02-18,3697.4925589213967,3722.152626882654,3665.3397167799785,3673.59130859375,2149879
2025-02-19,3672.642803918543,3675.251080308744,3573.955063643061,3589.083251953125,4366672
2025-02-20,3567.647585834546,3592.781883594646,3557.973298668796,3584.625,2888572
2025-02-21,3581.495307989525,3620.287396269253,3580.451904877241,3590.885009765625,1833931
2025-02-24,3550.2433706104594,3569.260122487774,3480.8633130033377,3486.1748046875,2508516
2025-02-25,3438.1824887498096,3469.4818051991183,3434.625748244206,3442.498046875,4101954
2025-02-27,3425.5682244971263,3450.5128801402716,3415.1351179326557,3426.37451171875,3823856
2025-02-28,3400.196551952343,3414.4709839051175,3278.8406087111084,3303.73779296875,7085018
2025-03-03,3305.397532195103,3341.6762855972443,3297.0035319217445,3313.03271484375,4990439
2025-03-04,3294.9643171966636,3367.996053645755,3285.7642616440216,3350.022705078125,2797737
2025-03-05,3339.399557163217,3414.8024449405757,3339.399557163217,3364.249267578125,2501894
2025-03-06,3373.6869322947687,3423.4338299242468,3353.8641244726305,3415.988525390625,2786513
2025-03-07,3414.4705108854932,3438.182111655531,3390.1897390735335,3425.09326171875,2051315
2025-03-10,3420.635765390215,3435.4318979249574,3397.9675660982793,3404.654052734375,1004626
2025-03-11,3374.6354690920352,3403.8007419067008,3355.334130882291,3391.0439453125,1995450
2025-03-12,3381.2746199098347,3385.305592458114,3307.15224085139,3325.5048828125,3174167
2025-03-13,3321.805919454559,3342.672130004524,3304.5439188567675,3330.10498046875,1693004
2025-03-17,3309.1912796488264,3348.505070694925,3298.141765391246,3317.44287109375,2690906
2025-03-18,3317.44287109375,3317.44287109375,3317.44287109375,3317.44287109375,0
2025-03-19,3364.202538836237,3364.202538836237,3284.2944294770737,3316.874267578125,3051244
2025-03-20,3331.0059291540974,3394.505554527131,3331.0059291540974,3379.519775390625,2845192
2025-03-21,3295.912959410607,3429.8835221492395,3286.428317800792,3393.69970703125,4161925
2025-03-24,3414.470721860925,3461.6568103088644,3382.792113898217,3441.9287109375,1834751
2025-03-25,3457.1519546868594,3518.802126718312,3450.512705391164,3469.244873046875,3135390
2025-03-26,3459.7598808023267,3490.8220797184467,3438.988609875757,3448.42578125,1734499
2025-03-27,3428.5556939598323,3474.2241497420814,3424.4297823215356,3463.0322265625,2528474
2025-03-28,3462.8426654904715,3472.279837617975,3406.7883407304835,3420.303955078125,2051919
2025-04-01,3388.577667798288,3399.2953585160476,3343.3359762190476,3367.806396484375,2618493
2025-04-02,3361.3567956889556,3380.4210168658315,3348.1257677061367,3361.309326171875,1764313
2025-04-03,3311.087790909474,3321.5208948052064,3221.125888785102,3227.76513671875,4537821
2025-04-04,3189.305420015634,3224.445829064787,3125.663387385046,3129.3623046875,5317367
2025-04-07,2940.2386292720134,3121.7745604042666,2898.5536795332505,3105.31884765625,6623955
2025-04-08,3131.875989149625,3176.4063332063806,3087.535291604866,3123.244873046875,5557558
2025-04-09,3092.514474322123,3101.4774131953245,3046.513968346596,3079.283447265625,2990265
2025-04-11,3120.020055994998,3128.9355257101774,3040.7758359181594,3064.961669921875,7108961
2025-04-15,3143.5893021337306,3143.5893021337306,3071.69590901875,3080.801025390625,3512160
2025-04-16,3080.801013758816,3109.1602290119804,3062.5905495252055,3105.081787109375,2384391
2025-04-17,3078.2405325476193,3133.346394679939,3052.157767289551,3128.888427734375,2932346
2025-04-21,3120.5418377878595,3181.148601343861,3114.851053170071,3150.41845703125,2432946
2025-04-22,3151.3669464223676,3162.0844056249766,3125.189244347029,3143.58935546875,2710498
2025-04-23,3191.5816342442954,3244.6006837766467,3165.3092254984945,3237.10791015625,3543923
2025-04-24,3225.8214222352462,3236.633820616935,3213.1118640484187,3226.295654296875,2252175
2025-04-25,3243.7474467195657,3298.568721809185,3229.5204842339535,3270.304443359375,2742991
2025-04-28,3257.9741879514845,3279.5992157727555,3229.520264912607,3266.0361328125,1593296
2025-04-29,3276.9436254865236,3314.8821913387555,3253.6113148639492,3293.541748046875,1578332
2025-04-30,3293.06738873724,3329.014085869881,3192.53019311335,3275.71044921875,2809332
2025-05-02,3293.067449131084,3311.562499608635,3243.7473145242825,3254.180419921875,1721761
2025-05-05,3272.2013429677813,3323.892639545098,3268.786779377753,3276.27978515625,1284443
2025-05-06,3281.685791015625,3294.01582433447,3259.871116682284,3281.685791015625,1324763
2025-05-07,3244.3163408615387,3281.211501134211,3244.3163408615387,3267.5537109375,1477128
2025-05-08,3270.3039457073255,3297.8094023272533,3251.998543783033,3271.157470703125,2543591
2025-05-09,3223.8296054868374,3268.5970664946117,3222.976080385976,3263.001220703125,2531757
2025-05-12,3324.3664350329263,3443.3986711517946,3321.710689429311,3433.819091796875,2228678
2025-05-13,3433.819342081611,3436.2854413701325,3329.5832299005933,3333.851318359375,3062887
2025-05-14,3339.5422865093847,3377.4808526725133,3327.7814236222675,3365.814697265625,2119499
2025-05-15,3380.3262508294533,3414.4709604337913,3332.997982084671,3395.40673828125,3548330
2025-05-16,3408.6851728219754,3408.6851728219754,3363.3487722739774,3377.765380859375,1666727
2025-05-19,3367.0478467189873,3367.0478467189873,3323.133908772587,3337.455810546875,2537377
2025-05-20,3349.785756293493,3374.6354708973113,3313.933764844071,3318.01220703125,2038374
2025-05-21,3327.212019490534,3354.717478032502,3318.0119641520128,3344.0947265625,1440153
2025-05-22,3314.881923566922,3317.5376692737764,3273.4340900331863,3297.8095703125,2034383
2025-05-23,3297.8098235860703,3352.820743852965,3286.9974249846496,3333.47216796875,1274331
2025-05-26,3339.542185709067,3362.3053247198645,3329.204019365113,3355.002197265625,967470
2025-05-27,3349.9752588067204,3357.5629717372003,3303.5954561426133,3318.391357421875,2467680
2025-05-28,3338.593667057572,3347.129844047208,3312.985136088664,3317.44287109375,1222933
2025-05-29,3324.0824787726883,3350.449830188234,3306.8204764193288,3317.82275390625,3188072
2025-05-30,3310.139637529337,3325.97894134562,3275.1414056184462,3284.910400390625,3404365
2025-06-02,3272.2013652710425,3281.686006909509,3242.41968314971,3272.01171875,1877585
2025-06-03,3268.407343175387,3294.490106360913,3225.252225904789,3229.7099609375,2848125
2025-06-04,3242.9152450223373,3248.465279476926,3224.7342507303856,3235.164306640625,2544807
2025-06-05,3262.0530702216233,3262.0530702216233,3218.7057063727016,3225.786865234375,3584683
2025-06-06,3225.787088056256,3244.733411943636,3213.9214562860475,3238.322265625,2070390
2025-06-09,3253.440835404879,3285.975243758928,3244.7330032516393,3274.396728515625,1718678
2025-06-10,3291.7168496023487,3335.5426613582063,3275.6409764041855,3313.629638671875,2419874
2025-06-11,3320.423693236899,3338.604687522634,3300.424692969312,3322.24169921875,2847013
2025-06-12,3322.2418675324316,3324.9212188125916,3275.641152857228,3286.1669921875,4060134
2025-06-13,3246.934184213111,3301.7642826377164,3246.934184213111,3297.171142578125,2178493
2025-06-16,3291.716884024651,3357.7426005937496,3278.5116939874692,3345.590087890625,1934088
2025-06-17,3358.6994089523137,3368.2683531373627,3337.743514633776,3363.77099609375,2111940
2025-06-18,3367.4071820205213,3385.4923927635227,3294.683207501011,3302.625244140625,2696327
2025-06-19,3301.2857490610854,3302.2426434811027,3265.88065552043,3276.406494140625,2672768
2025-06-20,3277.3633274014865,3297.745224890876,3263.871022884297,3287.60205078125,2351248
2025-06-23,3267.7945867055305,3277.3635313225304,3224.73433592903,3247.317138671875,3123421
2025-06-24,3286.549557502439,3293.726265410323,3236.2168192617623,3244.254638671875,3403048
2025-06-25,3260.4262751214173,3301.2856185170967,3253.440899408153,3296.309814453125,1757699
2025-06-26,3296.3098921986184,3302.625255099875,3268.081507258558,3293.439208984375,2879106
2025-06-27,3306.0702704397795,3316.978773543857,3283.1048040170426,3292.76953125,1778433
2025-06-30,3291.6210940950255,3315.5434551196317,3282.147932576004,3312.7685546875,1468351
2025-07-01,3306.0700701470973,3334.776901436363,3266.35895353028,3281.860595703125,2375183
2025-07-02,3336.882278295821,3339.4658465866687,3272.5790179988544,3275.73681640625,3090585
2025-07-03,3282.147812903343,3287.2193999790024,3251.144527592608,3254.20654296875,2531870
2025-07-04,3261.096050751665,3279.2770439923584,3243.967734776887,3272.387451171875,1109320
2025-07-07,3270.95207089655,3278.415893704088,3261.478676465787,3264.636474609375,1639174
2025-07-08,3258.2253086430815,3277.363195918518,3247.125240576613,3259.37353515625,2325242
2025-07-09,3263.0097947012437,3266.837372173034,3221.8633368794976,3237.939208984375,2034938
2025-07-10,3234.303252109052,3252.484246721499,3211.3377852301705,3236.217041015625,3035012
2025-07-11,3157.655913683438,3191.2430024482833,3120.528595780786,3125.21728515625,7635550
2025-07-14,3125.217267735536,3130.9586344245786,3062.062234156067,3083.78369140625,3924009
2025-07-15,3067.8036497758007,3118.901720676558,3067.8036497758007,3112.10791015625,2590889
2025-07-16,3098.3774165813243,3115.5638600833036,3092.2326031663256,3104.234375,2540733
2025-07-17,3095.593117992358,3112.7795615982277,3076.3902829424,3081.286865234375,2947640
2025-07-18,3096.4574198500977,3100.1060057073505,3059.972030096825,3062.75634765625,3432645
2025-07-21,3062.8521341278406,3070.1493050764375,3026.3667482040605,3032.319580078125,3844346
2025-07-22,3033.6640625,3053.3469689942053,3028.8633535989743,3033.6640625,3198036
2025-07-23,3033.6641973444102,3055.1712804131353,3031.7439136986445,3052.386962890625,1922875
2025-07-24,3038.944885626984,3047.2019644087272,3014.8452328363246,3022.5263671875,2934778
2025-07-25,3014.8450484057557,3031.0713499661365,3001.0191011832776,3010.8125,2568917
2025-07-28,2986.0412502746217,2993.7223853235596,2947.5394670779647,2956.56494140625,3374473
2025-07-29,2938.0339265993125,2951.4759118844077,2919.9832137631183,2934.193359375,4785312
2025-07-30,2938.033974050545,2946.6752504448114,2925.7441118523307,2931.88916015625,2880121
2025-07-31,2920.4631457840833,2937.841805411508,2894.827407662822,2915.758544921875,2968371
2025-08-01,2909.133629601001,2915.7587488570334,2880.4254827204045,2883.305908203125,2053847
2025-08-04,2889.1627911176092,2956.6605722928375,2872.360309577052,2951.85986328125,2519252
2025-08-05,2951.86005402892,2954.8365875722943,2920.7515513874637,2941.778564453125,1927996
2025-08-06,2940.9140476547227,2944.5626330221426,2905.3888045064286,2911.437744140625,1487081
2025-08-07,2895.7876067904904,2929.9687479023937,2890.890789951502,2925.552001953125,2543076
2025-08-08,2926.6083584758467,2937.841970823321,2904.428988797544,2915.37451171875,2762140
2025-08-11,2915.3743566889298,2928.3362704951187,2900.8763567070323,2919.59912109375,1884215
2025-08-12,2919.7909498577897,2972.982707005533,2906.2528579377536,2914.4140625,3358232
2025-08-13,2915.0864995163706,2923.0554886191444,2907.8854362960733,2915.182373046875,2148166
2025-08-14,2913.0702823357074,2934.0972944331475,2898.764262979319,2901.836669921875,3342174
2025-08-18,2925.072254664491,2927.472609378642,2883.6900456286708,2891.17919921875,2945609
2025-08-19,2891.1790271854784,2904.429031301108,2891.083153648401,2895.979736328125,2650784
2025-08-20,2890.891073287546,2979.7041965902977,2890.891073287546,2975.095703125,4952358
2025-08-21,3005.2438266480435,3005.2438266480435,2960.2132701020532,2978.93603515625,3230726
2025-08-22,2962.997732386061,2972.3110613965996,2928.432625981039,2932.273193359375,1593791
2025-08-25,2964.245782645686,3026.366909314735,2954.4523833109183,3015.42138671875,3448370
2025-08-26,3004.283909445262,3035.9685911364395,2995.6426326203955,3031.35986328125,5522097
2025-08-28,3019.645945976872,3021.086158669707,2963.4776509563167,2970.390625,3116051
2025-08-29,2969.7184911417403,2990.841610057071,2954.548204311535,2961.749267578125,2271789
2025-09-01,2966.8382982161247,3006.3002217717835,2966.8382982161247,2988.53759765625,1246862
2025-09-02,2996.6984112924383,3029.2471217848606,2979.4158603599094,2987.48095703125,2185229
2025-09-03,3005.1478080455095,3016.669509959856,2964.9179592917676,2974.039306640625,1799774
2025-09-04,2991.8014698280053,2993.7217531847627,2967.60594641478,2972.310546875,1481391
2025-09-05,2973.655259644998,2979.703965451406,2907.885546409113,2926.80029296875,2802055
2025-09-08,2928.432609909376,2942.7386295513115,2895.7877873726816,2898.668212890625,2626187
2025-09-09,2911.2459361835313,2938.0337976334035,2909.997705008497,2927.856201171875,2489301
2025-09-10,2934.5773210773896,2998.2347696750494,2931.696895660388,2986.041015625,2079428
2025-09-11,3013.885194748687,3013.885194748687,2986.137189714118,2999.675048828125,2263446
2025-09-12,3018.685652923867,3023.198272253378,2996.602392740264,3008.508056640625,1447167
2025-09-15,3009.0844623500607,3009.0844623500607,2972.5990732086116,2987.865234375,1732539
2025-09-16,3003.3238944500986,3024.447016469888,2985.1773061151375,3020.318359375,2573429
2025-09-17,3026.366652151709,3055.5548662005012,3017.149198025987,3046.337646484375,2418271
2025-09-18,3058.0512540844775,3075.333804343039,3035.3918166483045,3050.08203125,2633138
2025-09-19,3043.64975218093,3053.731241896356,3018.6860633617807,3042.881591796875,4901694
2025-09-22,2971.6388949892716,2983.06448873766,2942.8346407567424,2951.283935546875,3634901
2025-09-23,2947.6353061603577,2957.9087764692863,2930.352753876681,2940.338134765625,3177741
2025-09-24,2928.4322252766387,2935.1532172690772,2912.1098161521463,2914.4140625,1625714
2025-09-25,2901.548445826189,2908.845617084501,2833.3783797594588,2839.523193359375,4974361
2025-09-26,2823.7769658283983,2837.026969231378,2776.057966398974,2783.547119140625,3934636
2025-09-29,2799.773476015783,2812.5434087793974,2778.6503565122343,2780.666748046875,3110035
2025-09-30,2794.9727356006983,2799.101392157332,2770.105157137798,2773.2734375,2253458
2025-10-01,2775.7699233020426,2808.222762784315,2752.342557318892,2798.045166015625,1952902
2025-10-03,2807.454578770542,2807.454578770542,2775.8660078142957,2786.2353515625,2899519
2025-10-06,2786.3316788238635,2874.28076699856,2780.1868646812827,2869.287841796875,2112774
2025-10-07,2875.624650921264,2884.745997894136,2837.699050349848,2855.173583984375,3062943
2025-10-08,2856.421663900003,2921.711301932003,2849.70067174965,2906.541015625,4121889
2025-10-09,2913.070135429991,2943.794672125363,2899.628150625765,2939.666015625,3211304
2025-10-10,2928.432687835625,2947.635525132908,2887.0504796961263,2907.59765625,8817365
2025-10-13,2906.348987711864,2914.510192335436,2878.696859281843,2887.338134765625,2866865
2025-10-14,2900.5884226064827,2906.5412549765147,2837.699133735008,2842.307861328125,3611416
2025-10-15,2863.2201408860237,2871.604481316868,2843.945686891503,2862.063720703125,4282226
2025-10-16,2862.1601270799792,2867.075207263124,2836.332545372744,2862.93115234375,3251495
2025-10-17,2862.2568312933195,2880.374867719902,2848.1863837329993,2854.73974609375,4374683
2025-10-20,2877.1943748710046,2913.333979311689,2870.4483153754104,2905.81689453125,3133039
2025-10-21,2921.1404673344027,2921.815026282457,2887.3137006926995,2897.62548828125,310644
2025-10-23,2944.1731825516827,2985.613263353556,2925.958915568601,2961.712890625,5564758
2025-10-24,2968.2660284834456,2977.9032558486515,2947.3532921577225,2952.075439453125,2684318
2025-10-27,2955.256119066933,2981.9511949510156,2949.1846180560947,2972.988525390625,1946312
2025-10-28,2964.4112497423184,2978.0960660621163,2929.9099274122086,2946.9677734375,3470737
2025-10-29,2946.96788369373,2964.4113606511696,2935.596142774,2946.678955078125,2895420
2025-10-30,2938.487165302022,2952.653842834952,2922.778437237614,2925.187744140625,2241536
2025-10-31,2924.898585437403,2956.1231088421955,2915.357824198127,2947.064208984375,1868085
2025-11-03,2936.367047373489,2947.06446508497,2900.80576844531,2907.359130859375,2194877
2025-11-04,2910.0577150577624,2919.405779977123,2868.039303195767,2881.72412109375,2670720
2025-11-06,2881.627605776501,2914.2977142131544,2881.531139384038,2901.6728515625,2542721
2025-11-07,2892.1320716871546,2895.023240036059,2853.1012989769483,2883.265869140625,1830520
2025-11-10,2884.422275161144,2937.3305615709287,2883.4585523829414,2915.4541015625,1556656
2025-11-11,2934.5359333014544,2944.847720230334,2908.5154176367123,2936.46337890625,2806868
2025-11-12,2948.991669923252,3022.619995280987,2946.1969680097523,3018.18701171875,4460315
2025-11-13,3018.186949242595,3018.2831803470704,2989.4679642954256,2993.03369140625,1740435
2025-11-14,2977.9034333434784,3000.1655239975616,2965.6642009169345,2993.322998046875,2210794
2025-11-17,2993.322838009285,3010.187986001932,2974.6267109195564,2989.66064453125,2232853
2025-11-18,2989.4680176661295,2992.3591859617445,2966.338671301208,2975.108642578125,2548350
2025-11-19,2984.6495543039355,3040.5454775036865,2971.639296317787,3033.51025390625,3151053
2025-11-20,3033.79944214396,3049.7008686990343,3024.2586803244717,3030.715576171875,2700767
2025-11-21,3030.715536432949,3055.0013041600305,3021.463703354114,3036.30517578125,4177037
2025-11-24,3043.4366842823783,3063.578397230728,3017.4161679823073,3027.24609375,6703764
2025-11-25,3031.197695489111,3035.534448554938,3001.9968444557608,3006.04443359375,2737920
2025-11-26,3005.658657913636,3062.71099952004,3003.923909850209,3048.15869140625,2508527
2025-11-27,3064.6384631299097,3064.6384631299097,3011.6337098367826,3022.81298828125,2836233
2025-11-28,3026.089482694223,3033.12470593688,3011.6336412163846,3023.68017578125,1616690
2025-12-01,3024.0657566161144,3039.581788202742,3008.935355329588,3019.72900390625,1747647
2025-12-02,3017.416350282513,3029.9447477765,3007.2007935969305,3021.94580078125,2512003
2025-12-03,3026.089516693691,3095.3810901757683,3025.125793917674,3064.638427734375,3952112
2025-12-04,3078.130714428876,3132.0991928283806,3071.7700496468055,3112.0537109375,5025905
2025-12-05,3112.824814585589,3152.9157793761647,3105.5004267906515,3120.727294921875,5244013
2025-12-08,3125.353065437683,3141.6398867746047,3092.2010949656524,3119.0888671875,2544725
2025-12-09,3112.824602659864,3116.390329915732,3065.794883587669,3091.911865234375,2734893
2025-12-10,3108.005961204973,3108.005961204973,3062.8074569989867,3073.504638671875,1386849
2025-12-11,3088.73179730002,3092.0083609433445,3038.714674477584,3076.10693359375,1914362
2025-12-12,3081.696263178982,3106.078496384854,3070.131589906683,3103.669189453125,1146554
2025-12-15,3094.610369719165,3120.727116365754,3081.31094805451,3113.017333984375,1562190
2025-12-16,3103.187255724176,3103.187255724176,3075.3357623562265,3088.827880859375,1734623
2025-12-17,3084.394687896739,3119.474102184826,3084.394687896739,3101.067138671875,1376350
2025-12-18,3110.897128527372,3168.5277977297296,3104.1510690788923,3161.78173828125,2307422
2025-12-19,3179.3215200364916,3197.5357868591873,3159.854366515901,3162.938232421875,3902511
2025-12-22,3189.9226061933546,3207.8479451634685,3171.6118722000997,3204.281982421875,2632816
2025-12-23,3199.463369445318,3199.463369445318,3174.0211805268714,3189.922607421875,2365420
2025-12-24,3184.236571775606,3206.4021959958864,3176.5267894381177,3198.595947265625,1367708
2025-12-26,3192.9103071634727,3199.559900795541,3153.108505919085,3161.010986328125,1176664
2025-12-29,3161.010777477703,3168.7205598617948,3125.2565675579217,3133.544677734375,2079473
2025-12-30,3132.099002526,3148.9641510011397,3121.9799134409154,3129.01513671875,2807593
