Date,Open,High,Low,Close,Volume
2018-01-01,450.5660799805309,456.59059757599346,445.8143595281502,447.9356689453125,4807939
2018-01-02,452.1783031714146,452.1783031714146,434.31687784555885,438.304931640625,5242199
2018-01-03,440.5110922952701,445.8992259380719,436.77760363572605,439.70501708984375,6333269
2018-01-04,440.38384554161456,447.34172133105227,436.56548260348103,443.7779235839844,5953924
2018-01-05,445.47499258974796,460.32415996713837,440.00201318172765,458.2028503417969,8008838
2018-01-08,453.2389888093448,453.2389888093448,436.31094831192956,438.1352844238281,12287843
2018-01-09,439.53529879511626,442.12330158556466,428.2499298314296,432.5774230957031,7541257
2018-01-10,436.9897283550373,439.11103785545964,427.91051449900186,429.6924133300781,6667296
2018-01-11,431.05007389973207,438.43223471546014,426.97717443048134,436.7776184082031,5905519
2018-01-12,437.83824402028023,438.9837586296036,428.0802374826789,432.3652648925781,4847824
2018-01-15,432.5774148621053,434.40172205451427,426.3407402721746,428.0802307128906,2834570
2018-01-16,431.0500897429934,435.8442478652382,416.9645889606932,421.928466796875,6420450
2018-01-17,420.01928910793197,426.9771940724377,417.0070299283659,424.17706298828125,6824337
2018-01-18,425.11038795142105,431.7288817045025,418.3222032279346,420.0192565917969,7912892
2018-01-19,410.6855394336529,424.4740380757976,410.2612545093694,422.4800109863281,9966300
2018-01-22,420.5284118606098,422.98913236900967,414.0796369875503,416.37066650390625,4532165
2018-01-23,419.1707712146934,423.2436708177533,414.7584321850838,417.5585632324219,6150836
2018-01-24,413.14625909382977,413.23110458574985,386.20561741389236,389.8966979980469,29348889
2018-01-25,393.2908020468187,393.2908020468187,377.12642747190006,384.12677001953125,20580178
2018-01-29,376.74456506156906,378.7810004269026,369.1502761725341,373.8595886230469,27139736
2018-01-30,376.2850341796875,385.25232978614076,373.4240247194378,376.2850341796875,10679523
2018-01-31,377.9076501948269,380.89676783261547,372.69806499870117,375.64447021484375,7069368
2018-02-01,375.8153214554905,381.7508158723298,367.3177177361269,374.4061584472656,8096718
2018-02-02,373.8937612967003,376.1996250123179,355.1051232457948,360.6990051269531,6668088
2018-02-05,356.77045813767114,381.5373020413143,351.176576506513,375.94342041015625,15080352
2018-02-06,358.69202660419313,382.39132023795423,357.4536844055694,375.04669189453125,9331070
2018-02-07,380.0000429600409,383.80046530855765,364.755612225444,367.44580078125,10982569
2018-02-08,370.64841087965294,372.3564739362777,362.9621415840223,367.0614929199219,6173490
2018-02-09,362.10817261213793,370.60574768479427,358.43582932302274,360.8271179199219,5393964
2018-02-12,367.06152425379054,368.08636217524975,359.84497529749297,362.44976806640625,3987231
2018-02-14,364.0724037123052,374.49157471047016,364.0724037123052,371.3316650390625,10468199
2018-02-15,375.17475823071044,375.17475823071044,364.4140038811628,366.3355712890625,4583095
2018-02-16,371.45978571285997,371.45978571285997,357.3255876526485,358.4358215332031,4403814
2018-02-19,358.5639122617248,358.69202061370004,344.3443478862939,353.86676025390625,6457099
2018-02-20,354.5072573659813,360.57085963467614,354.5072573659813,357.0693664550781,8022411
2018-02-21,358.69202765630786,360.8270994216333,356.4288475364919,358.39312744140625,4731875
2018-02-22,357.6672224793921,358.05154757804456,353.01278237756935,355.3613586425781,10769504
2018-02-23,357.83800321664313,365.6950648392659,356.2153359840224,363.431884765625,7504250
2018-02-26,367.23230029070703,367.23230029070703,359.41795123905416,361.3822021484375,4071745
2018-02-27,363.64540535558996,369.4955038707044,362.36435069773023,367.6593322753906,5188255
2018-02-28,367.23229967104885,370.2214173710504,363.73077749244425,365.99395751953125,25920217
2018-03-01,366.4209943861147,372.86892234044086,363.60269724010965,365.3107604980469,5837005
2018-03-05,364.62754175941507,364.7556501208624,356.64237118836775,359.9303894042969,3863655
2018-03-06,361.8519494733396,365.22536355404327,350.66418577195026,353.48248291015625,4204736
2018-03-07,350.7068633286542,355.5321238631225,334.1387223495472,344.3443603515625,12064643
2018-03-08,351.4327873320163,353.6532549776986,337.34130242987106,342.7216796875,8664079
2018-03-09,345.7962079321295,348.87072174525093,339.5191008672426,343.4476318359375,5093353
2018-03-12,345.8816084002446,362.5351744992582,345.02759123347073,360.0157775878906,8387164
2018-03-13,361.2540605044983,367.0614746072918,358.82008884421464,364.0723571777344,5712773
2018-03-14,363.73080323117216,363.73080323117216,357.4536961026898,360.9125061035156,4194515
2018-03-15,360.91246695045794,362.36431332315954,356.34342356445836,359.0763244628906,3636202
2018-03-16,354.6354186528853,364.45676117827065,353.2689679796108,355.9164733886719,8030364
2018-03-19,356.983908693432,360.0584219658207,338.7931035647754,341.3125,6000592
2018-03-20,340.75740378371887,344.6005383771814,335.3770269202159,341.9530334472656,8280683
2018-03-21,344.17356319691237,358.820166587388,343.4903667786854,357.1548156738281,9266412
2018-03-22,353.5678451818213,358.905509806771,351.9451780161659,354.9342956542969,5382163
2018-03-23,352.41489866237214,357.79527570411005,346.052396188816,352.4576110839844,5696201
2018-03-26,351.859834806595,361.25413983476807,347.2480782302415,359.9731140136719,4884776
2018-03-27,360.4000615702313,360.7416741816624,348.6144698534018,352.8846130371094,6746611
2018-03-28,351.00578770072156,352.7565344078054,337.6829236510071,340.501220703125,11413279
2018-04-02,341.1844357064324,343.10600313492085,333.4981659924784,337.42669677734375,5533293
2018-04-03,334.1387352355846,345.02759894721964,334.1387352355846,343.4903564453125,5059176
2018-04-04,345.02765336341656,345.7108787872118,335.5906347304113,337.38409423828125,4025117
2018-04-05,339.9887732788996,342.3800325400921,334.053250789856,336.40185546875,9747139
2018-04-06,336.65804514126677,338.62232481522597,327.1783461255745,328.75830078125,9425575
2018-04-09,327.0075771611507,330.2528829066861,321.6699119891834,324.787109375,13296149
2018-04-10,325.42764705967403,330.2529080789184,319.83376474189737,329.2707824707031,13281396
2018-04-11,331.3631146816646,333.75440323827695,327.3919001475945,329.0572509765625,7693575
2018-04-12,327.9469961918087,329.22802186244223,323.8476446417089,324.7016906738281,4967973
2018-04-13,327.0502827992474,329.8258674743285,320.94396759570395,322.7374267578125,7738347
2018-04-16,321.9688221112861,324.7871193566168,319.83375019320937,321.669921875,4140008
2018-04-17,321.9688209975186,327.47730710546887,319.53484885157536,326.28167724609375,6356203
2018-04-18,327.6908014495495,334.6511339318475,326.5378551340272,328.1605224609375,6360948
2018-04-19,332.00360435735024,339.30554832144304,329.18530765907224,337.64019775390625,3848720
2018-04-20,336.1029401894015,344.77133489307124,334.3094812105983,343.3194885253906,7492919
2018-04-23,342.89252486319356,347.16266860185124,338.92128135399753,344.04547119140625,4195101
2018-04-24,343.2341309976938,348.95612118531005,338.7077706235735,346.94915771484375,6982218
2018-04-25,353.95217796309504,365.0118623166108,351.85981853438165,358.5639343261719,22192116
2018-04-26,358.69204927247256,358.69204927247256,346.2659429951466,349.4685363769531,13874130
2018-04-27,346.9490960312966,351.64624743580333,342.4654488798711,349.08416748046875,5013031
2018-04-30,347.5896414652571,352.92733504913065,345.19835312025344,349.7674255371094,3633132
2018-05-02,352.6284563218126,352.6284563218126,346.7356739203709,348.8280334472656,6754394
2018-05-03,346.9918400502521,348.4436865754391,340.7574453688668,345.36920166015625,4124205
2018-05-04,350.8776861165548,357.2829015552637,336.48730036248696,338.83587646484375,15994662
2018-05-07,342.8925281405215,345.4973210513048,337.7683382541363,340.116943359375,6553080
2018-05-08,342.84981413484024,344.1308688301285,338.87859952434206,342.5935974121094,3955811
2018-05-09,344.34437030508843,349.72474792815916,339.2201804842836,343.703857421875,9019801
2018-05-10,345.75350956255795,353.31167158642404,344.9422047991281,351.9452209472656,9023511
2018-05-11,341.7395375155547,343.917321549847,325.81191080094965,330.1674499511719,25555353
2018-05-14,329.65503949914006,336.48726275311503,323.07900401285633,327.2210388183594,9823967
2018-05-15,327.09292698301533,331.4911784276121,323.12171298340166,326.1961975097656,7078344
2018-05-16,327.05027302766655,327.05027302766655,319.40671560450795,320.5596618652344,6766242
2018-05-17,322.1822751758122,323.63412153575337,312.10474657895884,313.94091796875,9999816
2018-05-18,314.32529295481913,314.32529295481913,303.2229237441105,308.6033020019531,12433574
2018-05-21,308.60323306819714,315.3500605990717,303.3509643590017,307.4502868652344,5482372
2018-05-22,304.84546544820387,316.92998538949143,300.27642240830875,309.03021240234375,7236788
2018-05-23,308.9875813399649,312.40367886560534,302.5396535212916,304.7174377441406,6604278
2018-05-24,306.5962795747341,319.3213138805835,304.80282049875535,317.6132507324219,4997302
2018-05-25,317.9548720311883,324.5308791829527,313.4285117947384,321.92608642578125,4145304
2018-05-28,322.48124510856377,325.2141465740292,316.6738584128179,320.3888854980469,6609989
2018-05-29,321.07206111618467,325.9827173724934,317.05813439949276,323.8049621582031,3858054
2018-05-30,323.5914749805264,323.5914749805264,318.55268118841946,320.9439697265625,3737750
2018-05-31,321.2001656784413,327.26376810512073,317.0581306594689,319.0650939941406,11979616
2018-06-01,319.87647616736433,329.56968168635035,318.16841277689286,327.6908264160156,4548210
2018-06-04,327.9469978065667,330.29557379932237,316.0760094914213,317.9548645019531,3958335
2018-06-05,317.1862217251714,317.9121304423616,305.35791771991217,311.12261962890625,5535807
2018-06-06,309.2437426443141,326.1535237160818,309.2437426443141,324.3173522949219,5566018
2018-06-07,324.27474641165094,329.8686290199352,320.26078999339757,324.4882507324219,4036551
2018-06-08,324.10382710943765,327.4772406218346,317.9121169336229,322.4384765625,4298662
2018-06-11,322.6093091408258,334.60843491452096,322.6093091408258,332.04632568359375,6040503
2018-06-12,333.0284852204092,335.974861720175,324.14658545980836,325.08599853515625,6132581
2018-06-13,319.40669246925506,327.0075369180042,318.8088631702611,320.8158264160156,7432828
2018-06-14,318.97969832489497,327.9469936225303,318.97969832489497,321.5417785644531,5218952
2018-06-15,323.42064257710575,324.7443806973449,316.1614102093715,323.0363464355469,6339567
2018-06-18,322.78010441408617,325.2994721036691,314.32521402415244,316.7591857910156,3120256
2018-06-19,316.844650027856,321.0293688634198,315.3073786359514,317.01544189453125,3962117
2018-06-20,318.1256552176886,321.54178151401175,316.3749085648002,317.6132507324219,2785850
2018-06-21,320.21803414479746,320.26071764828805,310.69559321396054,314.8803405761719,4261882
2018-06-22,316.80195084973906,321.5418157461184,312.83070722227075,319.87646484375,3404583
2018-06-25,317.69864904379546,322.780126103314,317.5278571868797,319.5348205566406,3337617
2018-06-26,319.4067093807976,326.87944588125055,318.72348412244764,324.7016906738281,4792013
2018-06-27,325.5984029712436,325.8545907407879,318.63807132389826,320.8158264160156,3786049
2018-06-28,319.1505204808182,325.7265569356904,314.75226834144087,322.7801513671875,6498784
2018-06-29,320.5169204853044,327.34914366633285,320.5169204853044,326.1961975097656,3820380
2018-07-02,325.4703366916453,325.72655341266545,312.19018448200814,314.32525634765625,4872211
2018-07-03,319.9191231512899,319.9191231512899,312.65989071857075,316.6311340332031,3092637
2018-07-04,316.7165163547442,317.61324587903084,309.75618443591344,313.7701110839844,4355428
2018-07-05,311.72048513978905,313.2150442251673,307.1514408618666,310.3540344238281,7104382
2018-07-06,309.158352415854,312.06204523883815,307.36489338293063,309.3718566894531,8008826
2018-07-09,312.5745049834229,312.91611763365563,308.81676583086295,309.2437744140625,5248262
2018-07-10,309.5853647931436,315.8197879818035,309.5853647931436,314.1117248535156,1879352
2018-07-11,315.05119736510125,315.05119736510125,308.21894418918936,309.15838623046875,2085140
2018-07-12,311.7204711782486,311.7204711782486,307.7492564960164,309.2864990234375,2299214
2018-07-13,310.86644500701277,311.5923538224259,305.18713825186205,306.5535888671875,5311215
2018-07-16,304.0342018161489,307.23679494176497,294.46907702601504,296.6895446777344,3618410
2018-07-17,296.34796932681235,299.50787934487687,290.36976196610556,292.54754638671875,5420158
2018-07-18,293.87123494411065,294.7252809473675,282.68347232385565,287.6368408203125,5322210
2018-07-19,289.51570161086767,296.7749337343071,288.32007188417265,294.6398620605469,5027938
2018-07-20,292.9318289932685,296.94575565837636,290.66864896172706,294.9814758300781,4212334
2018-07-23,295.0669248336349,307.45031846869915,294.63988732757144,306.5535888671875,4145242
2018-07-24,308.64596869556436,312.9587957979606,303.39367067311053,304.7174377441406,4350541
2018-07-25,303.265617329846,303.8634178202117,293.3588787081594,300.87432861328125,5175174
2018-07-26,301.5147981334205,307.4502921827052,300.91696881073665,305.4433288574219,3816677
2018-07-27,307.3649122077721,319.3213257717843,300.31918399238884,311.4642639160156,9016962
2018-07-30,306.5962835487339,332.13174841923205,303.43637391326814,327.3064880371094,7476176
2018-07-31,326.2389604783918,335.2489690269386,323.4206632803068,333.5836181640625,8096298
2018-08-01,333.07120662132326,340.75747747035564,326.79409892318523,328.3740539550781,9444961
2018-08-02,329.5774473898289,330.73793904638256,317.3708763423396,320.6374206542969,6186750
2018-08-03,322.18480394466656,323.9900005393513,318.40247202323866,321.9269104003906,3647704
2018-08-06,322.22773568207367,333.2738448755288,322.09881803000775,331.59759521484375,4039536
2018-08-07,331.5976226848887,332.50022096984713,326.01009424543855,328.2880859375,2430919
2018-08-08,326.74075630476733,333.44578466196873,320.9813181991018,331.2107849121094,3321970
2018-08-09,332.07039178893467,332.07039178893467,313.3307292118636,315.52276611328125,12249927
2018-08-10,316.51126453258075,322.1847468556064,313.84646207266,317.88665771484375,4489796
2018-08-13,317.113053145135,323.001437883795,312.04128275984203,318.18756103515625,4235777
2018-08-14,318.1875308835337,320.3795675221303,312.9008885288243,315.479736328125,3215464
2018-08-16,315.09293237255014,321.49710431570185,313.9324696490807,319.7778625488281,3012465
2018-08-17,319.8208042914078,322.3566600302065,314.7490637061917,319.2620544433594,3362891
2018-08-20,320.1216668473629,321.36811331835867,315.73762277588037,318.5313720703125,2837782
2018-08-21,312.9009058738455,318.4024500911619,312.1272544019315,316.5542907714844,3451323
2018-08-23,320.0357463071792,323.8610409292683,316.4253532609268,317.97265625,4746745
2018-08-24,318.0586041011935,318.7463007718764,313.7605144632366,317.156005859375,2318341
2018-08-27,318.05858353619413,329.92130667702196,315.8235840547961,325.9241027832031,6589318
2018-08-28,328.6749087609505,331.5546424473353,322.70056890680036,323.904052734375,4072000
2018-08-29,324.9355240590496,328.7608474973972,320.42253309497556,322.2707214355469,4481303
2018-08-30,324.33376424646696,330.95280699690164,322.91537923076356,329.3195495605469,7796683
2018-08-31,326.5258415458116,331.8125134200058,323.2163340142272,329.9643249511719,8709625
2018-09-03,332.67214311896095,332.8870447084602,327.0416516157826,329.9213562011719,4176986
2018-09-04,328.63188015930126,329.62043309247025,322.9583978433098,325.23638916015625,3202349
2018-09-05,322.3566872517684,324.8066175071297,314.83504509052653,319.8208312988281,6639329
2018-09-06,321.45412291355126,322.0988567895681,316.4253733263647,320.0357666015625,2611929
2018-09-07,321.4110939303397,336.36842194687034,317.0270209059387,334.9070739746094,5463110
2018-09-10,334.649260443602,341.6981078788181,328.5459741296585,333.8755798339844,5613805
2018-09-11,333.96153106594613,337.31403028235127,324.462754178512,325.5372619628906,5815679
2018-09-12,327.42841644593005,328.5029533488172,319.60591819504975,323.8180236816406,4065958
2018-09-14,324.935543445384,333.7036614898664,320.6374537843452,329.7494201660156,3596796
2018-09-17,326.78370544117575,336.1105726400716,324.16186572082336,328.4169921875,3424364
2018-09-18,326.8267560477192,330.78099776108155,320.25067414348746,321.2392272949219,2955053
2018-09-19,321.92688751942,326.99862858650647,309.72031539292067,318.1015930175781,2182182
2018-09-21,313.6745557924514,326.52583259074396,307.0984746523146,318.4884033203125,6106651
2018-09-24,318.40243332699316,320.5514780169925,301.29605971638927,306.19586181640625,7884016
2018-09-25,308.7747425665276,312.60006639110446,295.7085634289385,309.8922424316406,6854558
2018-09-26,312.0413043508046,313.76054620142014,307.0125546838317,310.5799560546875,4398347
2018-09-27,310.75186606661384,312.4281158006466,304.8634814648629,306.711669921875,4483893
2018-09-28,306.71166820835737,308.60281950483244,288.1009242997468,291.02362060546875,12408231
2018-10-01,291.4104490827811,292.2700553351528,276.53904552035857,280.880126953125,10867591
2018-10-03,280.23539532276357,281.35289498646154,271.94007353286037,273.7452697753906,7389608
2018-10-04,271.0805019658091,272.88569843876775,259.73353607428544,266.6104736328125,8969681
2018-10-05,265.19207738083253,271.55325603206325,250.922417366089,256.6818542480469,7954131
2018-10-08,256.8538052122361,256.8538052122361,250.14877795935803,253.75917053222656,10015308
2018-10-09,254.66182964431138,255.22057962352062,246.71035404676584,248.42959594726562,9499251
2018-10-10,248.42956835382108,261.1519278968024,244.3034173585449,253.67324829101562,11334821
2018-10-11,248.3865675290045,253.4153457114456,242.62714439216552,245.29196166992188,5194191
2018-10-12,247.56996400518923,251.52420541450547,244.69023048054578,249.33216857910156,9995231
2018-10-15,249.33217344472763,251.8680586742382,244.17447728240288,250.23477172851562,2892892
2018-10-16,251.35228292428002,254.36096341095197,248.60152509726132,252.72767639160156,3341220
2018-10-17,254.87670901272165,256.467003993523,244.69023438681754,247.99977111816406,4302545
2018-10-19,246.71033765632396,252.03997263998102,244.64724751278763,246.96823120117188,4139025
2018-10-22,248.81640836347916,249.28917436388178,237.98521471363202,245.6358184814453,7247010
2018-10-23,243.31485466059513,249.8049667762708,243.27186270162832,245.7647705078125,7364748
2018-10-24,249.2891774501153,282.5993877077623,246.4094730235128,271.51031494140625,13531404
2018-10-25,263.90268460033116,266.82538094250526,251.13736225157587,254.06005859375,16981629
2018-10-26,255.3924802480235,263.04309915838274,246.71034534138778,256.1231689453125,8719999
2018-10-29,257.1116881105958,260.9369825064512,249.28916060381087,252.8135986328125,6271130
2018-10-30,253.11449536341138,255.47844177055597,248.73042177931885,251.52420043945312,5334354
2018-10-31,251.782076931079,253.5872735142518,239.74744274580127,251.30931091308594,8163543
2018-11-01,251.86804841774577,256.16613808053194,247.01120884525469,252.2978515625,5268238
2018-11-02,252.64169863889467,264.59037736306055,252.29785030328304,259.6475830078125,4910534
2018-11-05,260.7310625589762,264.7183054407481,258.3040655704542,262.8113708496094,4841471
2018-11-06,263.50478585669725,266.9286153045462,262.5513039621654,264.4149169921875,2943744
2018-11-07,267.83875357427416,267.83875357427416,263.4614421152979,265.455078125,307017
2018-11-09,251.19635203577295,262.98473594653103,250.24287009611817,259.8209228515625,9425801
2018-11-12,260.9043902618251,264.37154078441563,254.83684015911047,256.7437744140625,6792319
2018-11-13,256.570449650482,263.5047805747158,251.62972529233733,257.9139709472656,4317488
2018-11-14,260.03760365700106,270.2657705136703,258.30404291738876,261.1644592285156,5418605
2018-11-15,261.16448904877313,265.84513880082886,258.3040724110385,263.8515319824219,4493893
2018-11-16,262.5513078695991,291.9355798463027,261.7711996490757,288.425048828125,25046229
2018-11-19,285.5213218959908,293.7558533099891,276.50668223181736,291.9789123535156,13062401
2018-11-20,288.7284010650348,294.232537872905,284.5677853943646,287.7315979003906,11910774
2018-11-21,286.9081696642115,294.2325692719887,286.17138288745014,288.3817138671875,9406787
2018-11-22,287.6883280428961,294.53598791347054,278.58701539227235,284.1778259277344,9903933
2018-11-26,284.3511300244442,293.7558379987858,284.3511300244442,289.98529052734375,6623860
2018-11-27,289.42188044812616,291.15544122054376,280.9273035208683,284.43780517578125,7734474
2018-11-28,287.7749483721996,288.4683843873581,269.5723263506551,272.2593688964844,10180878
2018-11-29,278.24027894056627,279.10705938315243,270.43913755509055,274.94647216796875,9217365
2018-11-30,276.50666965452695,281.10067612504315,269.31229268485833,271.73931884765625,6595578
2018-12-03,274.33970306311244,278.2402736821338,272.606112860153,277.1567687988281,3368628
2018-12-04,278.2402666171739,280.4072469782128,268.9222305193226,276.1166076660156,7156660
2018-12-05,277.11347840904966,278.11028188088153,268.87894603609755,271.1325988769531,5027352
2018-12-06,269.572342070963,269.572342070963,261.77120112077375,263.5047912597656,6566491
2018-12-07,264.37155688455664,266.7985829435566,259.12746535116634,263.46142578125,5298884
2018-12-10,258.6940847700039,261.467828940276,252.10647171615557,255.6603240966797,5748768
2018-12-11,249.63615559354906,255.18361528209851,244.43538461939193,251.58644104003906,9994368
2018-12-12,254.83685500907023,269.57232630275024,252.6698747997216,264.8482971191406,10299827
2018-12-13,267.4053799465161,271.17592774916113,261.38117948497074,262.7247009277344,7666679
2018-12-14,264.5449647468426,288.9885141231276,264.5449647468426,276.723388671875,22730782
2018-12-17,276.72333080054227,280.1471598536969,271.1325217055245,273.21282958984375,6809035
2018-12-18,272.34605993235806,277.980220608291,270.09240740220434,275.4665222167969,6272518
2018-12-19,276.9400921602177,280.84066303935134,275.68324284807693,279.7138366699219,5789644
2018-12-20,274.7730960962004,278.71701751722816,272.1727254403485,274.383056640625,5987582
2018-12-21,277.37346864267494,281.4907344385669,264.8916776692878,266.8852844238281,12363968
2018-12-24,268.53217890482375,270.6991591676313,263.72147743829254,267.9254150390625,5225655
2018-12-26,267.14534217734627,279.97388111833203,262.29131866082946,277.7635498046875,8367166
2018-12-27,280.1472537790507,280.5806440626178,272.1727668994207,274.5130920410156,8764732
2018-12-28,274.6864239228003,278.24027653770287,272.60611565789884,274.383056640625,5184819
2018-12-31,276.50665785852254,278.15357573637067,269.6589992042376,270.87249755859375,4210832
2019-01-01,273.8629218077795,279.10701305631943,271.56591879552803,276.9400329589844,6117146
2019-01-02,274.68640829973793,278.2402607125116,267.9254214986209,271.0025329589844,6218991
2019-01-03,270.87250911424013,273.4729089639405,266.928617281423,271.73931884765625,6230813
2019-01-04,270.82920942174945,281.4474167160403,270.82920942174945,279.49713134765625,11361086
2019-01-07,281.18738252631886,284.2211435862499,279.1937463122402,281.66412353515625,5511088
2019-01-08,280.6239153982327,287.5582460241484,280.19052523734035,285.3912658691406,7194973
2019-01-09,288.8151596735133,292.8890750576091,283.70109006039354,289.9419860839844,8018192
2019-01-10,291.71887225536136,293.53913447547467,288.1216692224178,292.36895751953125,5748158
2019-01-11,292.23894767461456,292.3689706033766,285.17459356607986,290.4620361328125,5922578
2019-01-14,289.59526430318147,290.20202826665525,284.43784399003493,287.42828369140625,3674704
2019-01-15,286.041396589586,294.14590541892284,283.0076356304411,292.759033203125,5706902
2019-01-16,291.89223620103616,299.25995774172105,287.25490817400646,289.4652099609375,7705383
2019-01-17,288.64178787929336,291.8922438543496,286.21476157555884,287.8183288574219,4569576
2019-01-18,286.4747914402016,288.16503080084004,263.76483424330934,269.7023620605469,16359865
2019-01-21,269.3123192473313,273.47293593677813,265.23840408516105,269.875732421875,8621248
2019-01-22,270.4391215165909,270.5257936855994,261.3811607667712,264.2415771484375,8770625
2019-01-23,265.93182308654673,266.4518854639845,262.03125252884155,263.2447509765625,5617992
2019-01-24,265.84511656461916,266.7985984809618,255.27026071752599,261.46783447265625,10389592
2019-01-25,263.5047830651924,270.43911405496505,261.7711929801124,266.5385437011719,6040052
2019-01-28,266.971994599558,268.1421423627284,255.44365586759642,264.5016174316406,4546062
2019-01-29,264.3716027355134,268.4021966137181,261.5111860075217,266.84197998046875,3210022
2019-01-30,267.8387576045507,271.219236434269,260.12431801083756,263.2447509765625,6553462
2019-01-31,263.9381651399473,269.0955844781555,262.7679881996508,265.5850830078125,9493241
2019-02-01,264.4582859050713,278.1536046365876,264.37158438103654,270.3091125488281,9243929
2019-02-04,268.7055591951991,269.3556739064215,261.94460100289655,265.71514892578125,3895812
2019-02-05,256.050347551144,270.135733267631,253.84004598509202,267.1452941894531,14678663
2019-02-06,266.10517519566343,269.13896542933657,260.90443386729504,267.6220703125,5202682
2019-02-07,267.4920309886055,272.5194276616109,264.5449424597157,269.7023620605469,3852519
2019-02-08,267.83879854291706,272.3461043381365,265.3250997415667,271.5226745605469,3413931
2019-02-11,273.03951535329566,273.42958417296103,269.57236414198996,270.6125183105469,3303611
2019-02-12,270.1790714121032,273.55957945577916,268.40215989789306,269.7890319824219,2226134
2019-02-14,267.8387221712304,268.6188303094584,257.0038216946302,260.73101806640625,8573394
2019-02-15,260.9044085545348,265.2816904319083,257.7406250425679,264.02484130859375,6727458
2019-02-18,266.01850305854333,266.23519816804264,260.0809748767227,262.2479553222656,4440252
2019-02-19,263.41812466940775,271.73932816225584,261.381167219407,263.2447509765625,7593977
2019-02-20,264.8482756954855,269.4422815858472,264.32821340155033,267.8387145996094,6216966
2019-02-21,265.151714964371,269.5723479015022,262.6380165461015,268.6188659667969,5805770
2019-02-22,268.0121006220189,274.33969739443654,267.0152972823702,272.0426940917969,6199607
2019-02-25,272.1726807912538,277.37342124979216,270.0923728676205,274.98974609375,4154758
2019-02-26,273.64629107289403,277.80690792628445,271.65268417689185,273.4295959472656,5562215
2019-02-27,276.46335531469055,281.92414288744436,272.47611219725667,277.5035095214844,4527145
2019-02-28,281.62075570633544,283.39769669064583,273.8629651432883,275.6832275390625,7687680
2019-03-01,275.46652351319676,275.46652351319676,261.8578773968683,266.6685791015625,29577827
2019-03-05,266.97200292499815,268.01212778012984,263.15810417082525,266.84197998046875,11396759
2019-03-06,269.5289766001996,271.52261248886515,267.23197346022386,268.1854553222656,7093395
2019-03-07,268.7055365403684,270.61250039844106,266.10516596637257,266.6685791015625,6466583
2019-03-08,268.48886660529996,270.43915205624467,266.6686040978251,267.5787353515625,4441514
2019-03-11,267.8820961708549,292.1955908826153,267.57869955982414,289.3351745605469,17059011
2019-03-12,288.46840686495,306.8444039974237,285.4779674853808,304.9374694824219,30070085
2019-03-13,302.0770698965603,309.0547523881991,291.6755576286271,292.759033203125,13993813
2019-03-14,292.1089330014285,299.86672338224577,289.98530337309245,296.78961181640625,6931287
2019-03-15,298.1764853262271,298.913242812675,287.0815374639224,292.7156982421875,11536718
2019-03-18,292.9757138019348,297.8730872366033,285.4346192705592,286.6047668457031,5844953
2019-03-19,287.77497669290085,294.23259655075776,287.77497669290085,291.8922424316406,5639437
2019-03-20,292.2389690919136,294.62264469244803,288.07835246880217,289.5085754394531,3309504
2019-03-22,291.2421378273386,301.12355733575504,285.4346330262674,287.3849182128906,9113700
2019-03-25,288.5550785095291,290.2886686793449,280.1472028741089,283.4410095214844,5253505
2019-03-26,284.7845457904423,287.25492291808257,282.7909390038032,284.13446044921875,4247229
2019-03-27,286.90818659112244,288.6417767411798,277.7201734710925,279.5404357910156,5951916
2019-03-28,279.6271587836327,288.64179890560496,275.4231913404707,285.9980773925781,13616927
2019-04-01,289.4218611242159,298.9999128947344,288.8150972840529,295.4027099609375,7080411
2019-04-02,297.3096866398916,311.1783486027631,297.3096866398916,308.968017578125,22251488
2019-04-03,308.57802941370693,314.64555168629175,301.2102776747003,303.37725830078125,12250809
2019-04-04,305.1108371245439,311.61177875675236,305.1108371245439,309.2714538574219,12168154
2019-04-05,310.8316579301881,311.82846130914476,306.4543462543678,309.14141845703125,3728070
2019-04-08,310.65825655009627,315.3389350936001,305.587538582453,307.6678466796875,5656181
2019-04-09,310.7882993563115,312.91195834787874,296.0095053400461,304.76409912109375,10073980
2019-04-10,304.0706782214747,307.1911407226967,292.9757591404534,294.7093200683594,4759411
2019-04-11,296.1828163500387,304.4606975784019,292.2389247889998,300.2134094238281,18189273
2019-04-12,300.7768475707719,303.680614726265,293.8425163561275,296.3995361328125,8349759
2019-04-15,298.95661007533334,302.51046282234984,290.2020158232762,301.3836364746094,10210051
2019-04-16,301.6436464164136,304.3306890254148,295.35940072538966,302.2937316894531,9519380
2019-04-18,302.9438222146862,303.7672811851411,288.3383732434592,300.7335205078125,16138821
2019-04-22,298.17646864229766,310.7882815330204,291.76219997529,302.8571472167969,15339393
2019-04-23,306.8112191052736,307.18881389424865,296.6156314930995,298.78692626953125,11627154
2019-04-24,298.7869541890883,308.03848231694775,297.9373144710441,306.3392028808594,7161510
2019-04-25,304.734343396555,314.26907403790193,303.0350641284111,310.1153259277344,11517967
2019-04-26,311.5313876587253,316.9123998037101,304.26231343502934,307.23602294921875,5000316
2019-04-30,305.8671884812389,308.5104990136818,296.4740439150685,302.374267578125,6139942
2019-05-02,304.82876521222994,310.9649966314768,303.60153066860056,306.0559997558594,7925814
2019-05-03,306.29202129467313,315.16595500672395,306.29202129467313,312.9002685546875,9901409
2019-05-06,312.9002374881579,317.5731969874303,308.22727798888553,314.7882995605469,14870120
2019-05-07,320.9717594790714,321.7742035530448,303.4599291179976,306.7640380859375,17735230
2019-05-08,306.6696313714543,309.1241298066098,302.1854543601653,306.3392028808594,4864438
2019-05-09,303.27108835274413,307.94404789291735,295.10517872742076,297.7956848144531,7998137
2019-05-10,301.0526120030889,310.02096604999923,297.55969110355795,305.96160888671875,7855974
2019-05-13,303.50709543649646,309.02969464457544,297.04046518606714,300.81658935546875,6620278
2019-05-14,298.3148787093574,320.6885070865416,297.5596597877221,317.7619934082031,10954653
2019-05-15,317.19560255903417,319.08366463365974,310.30415250621206,312.71142578125,7782551
2019-05-16,313.41946538615053,314.64672927902757,303.08228976842435,307.0000305175781,4591691
2019-05-17,305.5839990358695,312.19224631942564,304.12075664938584,310.06817626953125,4117918
2019-05-20,313.46665863569126,322.8125771844956,312.4754026149492,321.0661315917969,7858379
2019-05-21,320.9716959777883,321.06611668280857,310.16250641479303,312.1449890136719,4316609
2019-05-22,312.47541742144557,319.0364683388193,310.256956228243,316.3931579589844,6791987
2019-05-23,318.6588588563724,329.4680499311765,315.4963371315112,319.8388977050781,5449864
2019-05-24,321.01896420266655,336.0762950529949,320.9717391685289,333.4330139160156,9756740
2019-05-27,330.1289060963664,332.2057805197452,326.9663840981037,329.9400939941406,4004333
2019-05-28,329.23201013090016,332.01693676356354,322.576568191259,326.25830078125,8643505
2019-05-29,324.5590824504507,325.8335420173827,318.94206230995184,319.8388977050781,4581547
2019-05-30,320.9717400144026,329.987289625473,320.54692015989093,327.2967834472656,14152211
2019-05-31,329.4680490922944,332.6777664928214,325.1727135640521,329.2792663574219,11028688
2019-06-03,331.8281399228868,335.8402718022593,329.326445952,333.0081787109375,5214139
2019-06-04,331.35613900207983,336.0290986786885,330.17607081150544,332.6777648925781,6749428
2019-06-06,333.0553890939041,336.02909871127514,328.9960320033851,333.9994201660156,10510811
2019-06-07,333.9994200761804,341.69331440258895,332.11135793246524,337.11474609375,5879853
2019-06-10,334.94346480471336,344.2422182025285,333.8578466381428,343.109375,5992522
2019-06-11,342.68452447009105,346.41345289244936,338.20037709713375,342.9205322265625,5668149
2019-06-12,342.11813314558674,342.11813314558674,337.11474500052736,339.7580261230469,2868026
2019-06-13,337.0675638217796,344.52542132641344,337.0675638217796,343.392578125,3839377
2019-06-14,342.2597215568004,342.6373457260405,331.9697417752277,333.52740478515625,5170880
2019-06-17,335.69870175557327,335.69870175557327,322.95422349823343,324.7478942871094,7087101
2019-06-18,326.06953436991034,327.9104007569614,322.1045688050709,325.8335266113281,4977568
2019-06-19,327.10797244095124,328.524019060295,315.59075804962885,322.01019287109375,4008250
2019-06-20,320.26373167353984,330.4121249207099,320.2165359876218,329.04327392578125,3563847
2019-06-21,328.05197204300765,330.31765815677863,323.5205998154657,324.5590515136719,9764198
2019-06-24,325.8335409522023,329.0432583504089,324.27587793678305,325.78631591796875,3310679
2019-06-25,326.11677471353266,332.3002023156523,325.2671349260583,329.0904846191406,2848907
2019-06-26,330.41209391846866,332.3001559824426,323.3790275095078,326.21112060546875,4732848
2019-06-27,327.8159790928953,331.2145084169564,321.8213644319554,329.13763427734375,13137225
2019-06-28,328.9016577335576,330.4121251377837,323.3318623783475,327.2496032714844,8737050
2019-07-01,327.57998610361426,330.27049227528,325.83354035665104,328.99603271484375,3469130
2019-07-02,329.4680172497692,334.6602170195866,327.9103837343161,333.8105773925781,3816212
2019-07-03,333.14978111338786,336.54831058997513,330.1760714901927,333.4330139160156,8473243
2019-07-04,333.5746138349576,344.57261736163167,333.24421468654555,342.44854736328125,8565250
2019-07-05,342.4485312474099,350.37843329216884,340.32446134901977,344.3837890625,6878479
2019-07-08,341.74051006950714,344.0061963820753,334.61305199688826,336.45391845703125,3543845
2019-07-09,336.0762929490456,342.92054754296095,334.28262217952994,342.0237121582031,3931858
2019-07-10,342.590134128132,344.4781961855271,333.85781776213145,338.48358154296875,5299464
2019-07-11,338.2003777529746,342.11811825821695,336.3594820282699,340.5604553222656,3513505
2019-07-12,340.6076672439652,340.6076672439652,334.32984887010076,336.17071533203125,4750306
2019-07-15,337.586762495501,339.28601255909285,329.60966469718585,330.978515625,3524295
2019-07-16,331.3561249454932,335.0850533918956,330.08166544200094,331.1201171875,3651688
2019-07-17,330.93130516071926,333.62181121257504,325.5030973755116,326.8719482421875,4765414
2019-07-18,328.52401908247566,331.54492440738966,319.65011519376895,323.33184814453125,3711155
2019-07-19,324.27586368178214,326.63594126773046,317.28999293660746,320.9245300292969,2517348
2019-07-22,320.0276946679174,324.2758636730584,316.8179774108947,323.3790283203125,3120156
2019-07-23,323.7566378349583,328.99603379413514,318.51727122633116,324.3702697753906,3682410
2019-07-24,324.747895214906,325.4559185256088,316.95960944662505,319.9333190917969,4840787
2019-07-25,316.2515856430738,324.22868348522053,315.8267657872042,320.0277099609375,7600173
2019-07-26,319.08371028965996,319.9333500850313,309.83218131980357,316.1571960449219,5089100
2019-07-29,315.9683681048115,317.6204224202353,309.73771629719295,315.8267517089844,5072884
2019-07-30,318.13966172161554,328.80726621731117,316.39318653786,326.39996337890625,12960949
2019-07-31,323.99267569302435,333.9522270611432,314.08029065821586,318.7060546875,11065547
2019-08-01,316.25158867424665,319.7917052561748,303.1767111374454,305.7727966308594,9957404
2019-08-02,313.4194478134222,335.0850539553869,308.8881047224421,324.32305908203125,28586783
2019-08-05,321.0661585503019,341.4100809404876,320.07490244632845,337.68115234375,15513355
2019-08-06,334.2826366036755,354.39058140233783,334.2826366036755,347.8295593261719,17339262
2019-08-07,347.40469355915667,352.07765280037677,342.2124937962647,345.61102294921875,12759435
2019-08-08,345.5166768688677,357.553133216524,344.9502698963101,351.322509765625,16351434
2019-08-09,351.1808937744312,352.83294835537924,343.77023132956106,350.37847900390625,7844936
2019-08-13,340.9852757232056,344.5725877643977,326.7775559014053,331.9697265625,14292351
2019-08-14,335.1322626709747,343.4869846037943,327.86318820919195,340.98529052734375,7813907
2019-08-16,339.85243160718704,344.5725867395985,335.1322471242276,341.315673828125,5827109
2019-08-19,343.10936026260464,345.7526413879353,339.66363511761426,340.7964782714844,4606667
2019-08-20,340.3244480534414,342.0708937170024,337.3979342529944,338.0115661621094,5364922
2019-08-21,337.9643876850556,340.04129145576314,333.3858483035864,335.03790283203125,4122882
2019-08-22,335.1322485294288,337.20912266650777,331.35612440766647,333.0081787109375,3171984
2019-08-23,334.1882321444631,338.86119182004154,330.8841233931217,336.45391845703125,4676421
2019-08-26,337.9171442956459,342.35412533779214,327.48557797958006,340.4660339355469,5024254
2019-08-27,342.2124957290434,347.5934782387017,325.4558869661962,328.8072204589844,32805677
2019-08-28,329.9400644056921,329.9400644056921,321.4437553718852,326.4471435546875,5628194
2019-08-29,323.19023142552425,330.17607314812983,322.0573882609734,324.27587890625,6040518
2019-08-30,325.69192425149544,330.034484806878,319.7917006821241,327.39117431640625,4855098
2019-09-03,326.1638945980523,326.58871439305733,316.723555805374,317.99798583984375,4305439
2019-09-04,317.19561601450795,327.9104157034086,316.34597630466527,326.3527526855469,5241168
2019-09-05,325.6918941543082,329.7984465614514,321.8685451733877,328.24078369140625,3325608
2019-09-06,330.6009064763455,334.1882482020399,325.78633016843753,329.7040710449219,6392799
2019-09-09,331.30889862658125,337.3979339798128,329.98727279728166,336.5010986328125,3782198
2019-09-11,341.5045029500012,341.693315034832,331.54492229248626,335.2266845703125,4900745
2019-09-12,338.3419657699674,338.3419657699674,327.3439631746705,328.09918212890625,5639186
2019-09-13,328.1464083861129,330.1288618172024,321.82136523794594,323.8510437011719,5012583
2019-09-16,323.8038632088693,326.0695495368653,319.46130263863535,324.7478942871094,5104088
2019-09-17,329.2792834727843,329.2792834727843,313.93871898019444,320.8301696777344,8486044
2019-09-18,322.4822090023767,324.8894823895667,315.8739620827684,316.8179931640625,7631530
2019-09-19,319.46130303146043,323.37904375119393,315.9683821675673,318.7060546875,11891538
2019-09-20,320.68853498656495,344.66702400245345,316.29877876242017,336.45391845703125,15819981
2019-09-23,336.0763265004807,341.97655061538137,325.69195436467527,328.5240478515625,5854791
2019-09-24,328.5240023665895,332.3001558435068,326.06953342466886,329.13763427734375,4811334
2019-09-25,329.5152279893469,331.3088691733455,319.08363322294366,322.52935791015625,4697149
2019-09-26,321.9629813633947,327.62716756238655,321.39654513316657,324.7950744628906,4958745
2019-09-27,324.7478633146741,335.03784217686575,320.2636867701572,329.56243896484375,3416220
2019-09-30,333.24418479316256,353.9185346971866,324.983883967788,346.50787353515625,19984719
2019-10-01,349.29277221278664,349.906404121959,327.43838344645036,331.30889892578125,7344343
2019-10-03,331.30891633612134,335.69870194316,322.1990046857945,325.5975341796875,5037665
2019-10-04,328.8072516679684,329.18484648923777,315.54356217705754,320.4997253417969,4794009
2019-10-07,319.0836337029812,327.3439338292964,318.233994111541,322.4349670410156,3566103
2019-10-09,323.898251482857,340.6548616626713,320.0277064887114,339.2860107421875,8848384
2019-10-10,342.5901317953389,363.45329369891687,341.7404921350773,356.13702392578125,48555442
2019-10-11,353.9657430516736,363.7837071611835,351.7472818020815,361.4708251953125,11113337
2019-10-14,362.9340510595386,374.78169315156106,358.9691149188033,371.5247802734375,10930620
2019-10-15,368.17344758967823,370.01431394711017,360.1963502572905,362.1788330078125,8746356
2019-10-16,359.7715298755183,365.152512107466,356.23138449744755,363.68927001953125,9079900
2019-10-17,363.4532921617932,365.8133697074853,357.8362723823884,364.2557067871094,4877679
2019-10-18,363.4060835206901,364.77493442903875,359.20513942977857,362.0372619628906,4053714
2019-10-22,360.4323751410602,374.3096963531168,346.64947464573345,353.163330078125,11570680
2019-10-23,352.5969115338671,356.8450808857387,335.1322772717797,340.182861328125,13588127
2019-10-24,334.14101969523523,355.2873850841059,307.28324312803727,351.5112609863281,74062675
2019-10-25,349.19837889080674,357.22270196918197,342.3069283569425,354.1545715332031,28275934
2019-10-27,351.1808475347819,354.4849856121783,345.13903697975593,352.21929931640625,2033141
2019-10-29,342.6845400466447,345.1862341191744,333.3385913747932,339.7580261230469,36912144
2019-10-30,343.911757935455,350.567200129071,340.46603296075375,347.35748291015625,17185921
2019-10-31,346.1774434322492,355.71220370764627,343.39254604948263,353.3049011230469,13034332
2019-11-01,343.0150107754383,355.3346412209057,343.0150107754383,352.172119140625,13938891
2019-11-04,357.08110055915085,360.33801387210565,353.06893885147196,356.8450927734375,7763797
2019-11-05,355.90104465047625,363.9253383324418,353.58816259072296,362.4620666503906,6766429
2019-11-06,363.45332592837445,363.8309207604369,349.52880841403964,350.6616516113281,8335534
2019-11-07,353.8241423192923,354.48496990549137,348.3959345865812,350.94482421875,4906572
2019-11-08,349.2928004954009,354.81540007347826,346.0830829961483,348.4903564453125,6094415
2019-11-11,350.4728240210509,353.0217137645926,347.64073082834875,350.7088317871094,2826663
2019-11-13,351.27526845035976,352.50250296520187,345.65824839088214,347.97113037109375,6544841
2019-11-14,337.86999401883673,346.5551158444446,330.6953396478984,342.2125549316406,21487581
2019-11-15,337.8227498169436,376.1977398061016,337.25631359633087,371.0527648925781,56210391
2019-11-18,373.83767461896986,397.01371903728676,370.15594179021906,386.2989196777344,43462375
2019-11-19,403.0083452236083,420.70898658264446,397.863369994258,414.7615966796875,63965674
2019-11-20,423.21066473070186,427.6004501552888,408.86135770917264,412.8262939453125,56689066
2019-11-21,417.7352631816693,417.7352631816693,398.5713801582552,402.4419250488281,22595291
2019-11-22,399.3265837398946,405.88763446333405,393.66236834377946,397.10809326171875,17090583
2019-11-25,397.7689893521491,430.14939937274045,397.7689893521491,426.1372375488281,34112216
2019-11-26,420.0953536402892,421.98341565404775,405.8404384755363,408.1533203125,23906748
2019-11-27,409.23893811483737,412.54307598748215,402.53630035968274,409.09735107421875,13586924
2019-11-28,409.0973500415139,419.05690061341824,404.5187820621227,412.212646484375,22352772
2019-11-29,414.9976030194621,424.48513877188674,410.7966295291178,417.6880798339844,20386454
2019-12-02,444.7818475731816,458.4231605821211,429.5829009688783,432.9342346191406,56782244
2019-12-03,436.8991399303739,439.02320960608915,420.3313436288122,433.4062194824219,24319749
2019-12-04,435.05833393237003,438.7872626385432,429.2525309410643,435.5775451660156,16851755
2019-12-05,437.3712345086121,437.65443797981305,420.42581101560705,422.3138732910156,17642464
2019-12-06,426.6092084016499,427.0812239372576,418.0657037267095,419.9537658691406,11629491
2019-12-09,422.54985100427183,426.32600463690676,416.98005594797587,420.8977966308594,8012971
2019-12-10,420.5202171301603,425.75958389228475,418.44334282925456,421.98345947265625,7274085
2019-12-11,419.6233984938043,423.9187343228195,415.94166529719035,417.9713439941406,6931352
2019-12-12,418.1128702987088,419.0097056240306,412.07106012337545,414.1007385253906,7527779
2019-12-13,415.3751851363263,416.0360127365166,402.15872118416587,403.85797119140625,13320154
2019-12-16,406.31248536007297,406.926087951607,396.9193408954981,398.240966796875,7093336
2019-12-17,400.97866603973495,416.79124522366,394.22883212326406,415.3280029296875,23423482
2019-12-18,421.9834299660946,422.07782132976496,409.8525841553887,413.77032470703125,17986000
2019-12-19,411.5990725767353,431.2349716555267,406.17086457595207,424.29632568359375,14236801
2019-12-20,424.7211297737732,434.6334849873404,420.756193558456,428.4028625488281,21689127
2019-12-23,423.9186855146522,433.4534459186596,421.464216566541,429.3468933105469,10630886
2019-12-24,429.06373544154525,434.2559360304129,427.0812524493119,431.5654296875,6974012
2019-12-26,429.8189562173742,430.95179945315385,421.0394431529957,422.502685546875,5997570
2019-12-27,423.87151963073563,431.4709934688933,423.87151963073563,429.630126953125,5997611
2019-12-30,434.25588975661526,438.692841484854,429.63009660098976,434.7279052734375,12141748
2019-12-31,434.2559204318885,436.61599818271253,429.0637200295253,430.29095458984375,5212590
2020-01-01,430.5269632165888,434.7279368420263,424.57954379230694,427.9308776855469,5154996
2020-01-02,428.6861269613628,433.68951563667434,428.11972000027777,429.7245788574219,4933053
2020-01-03,430.19656322365773,433.5006720748392,426.2316267321299,429.630126953125,5154587
2020-01-06,428.4972699869022,431.8486037657992,419.7649532389636,424.4851379394531,7538915
2020-01-07,426.7036135451939,429.8189100963927,418.301696227261,420.18975830078125,4353883
2020-01-08,417.8296940307979,434.9639283356116,415.7056241303646,433.1702575683594,14118818
2020-01-09,442.1857618149476,448.36918856066046,429.8189083235219,434.35028076171875,18180867
2020-01-10,438.78729470592845,439.8729422878878,428.7805467282692,431.423828125,37724966
2020-01-13,433.3118275934288,443.9794310608017,428.8276802020275,442.65777587890625,15206224
2020-01-14,442.6577912357409,446.1979370707375,440.4865256620562,443.0826110839844,8238486
2020-01-15,443.2242279363741,445.5843055950835,438.97605880014805,441.66656494140625,10875259
2020-01-16,442.9409791462255,450.2572489746482,441.80816539138016,447.3779602050781,16290593
2020-01-17,448.51084392206417,475.60463084096733,448.51084392206417,472.06451416015625,61915666
2020-01-20,471.0732405025476,484.0065308670146,466.58909287349843,480.2303771972656,45298836
2020-01-21,481.4576258384358,486.1777810879943,476.17100499805235,483.10968017578125,65202963
2020-01-22,485.9417572663972,494.43809513591793,478.34228408531203,485.70574951171875,20285793
2020-01-23,486.17780818771905,496.56217966612496,483.67611402578825,494.34368896484375,15772863
2020-01-24,491.37001025305955,497.8366409374622,485.37539512150886,494.91015625,23824625
2020-01-27,491.98359894339063,494.7684964965437,483.2512821121124,485.61138916015625,11856786
2020-01-28,485.5641516853771,485.6113767185568,458.8951863353155,463.7569580078125,31674769
2020-01-29,465.5034333643387,473.3389146046724,460.92486513527575,462.81292724609375,20037283
2020-01-30,464.46493550938203,465.3145751151694,453.2309259738721,462.3880615234375,15337903
2020-01-31,465.5978546297623,471.4508827698308,459.74485584024467,468.6659851074219,18356252
2020-02-03,468.2883580503637,484.6201490886266,468.2883580503637,481.5048522949219,15212799
2020-02-04,485.23370311526577,493.3523869697468,475.27415302136166,489.8594665527344,14646591
2020-02-05,489.00992928396926,507.4186248810998,486.93305487026686,503.5008544921875,30647706
2020-02-06,505.10566534467506,521.862245151891,504.20883001350444,516.1980590820312,17180298
2020-02-07,518.1805291489924,518.2749792140736,508.126557460539,509.2594299316406,8967847
2020-02-10,509.9674382044403,513.2244099622677,506.09692256346074,508.5513916015625,8570467
2020-02-11,509.3066100142813,514.1684108226254,502.9343713251613,504.3976135253906,6622800
2020-02-12,506.0025617001601,511.9971769573789,505.0585305746659,509.40106201171875,5160923
2020-02-13,509.49540820150736,512.3747557099133,501.9903555492735,509.7314453125,5729055
2020-02-14,514.4044464983372,535.7868511180919,504.35047399842944,533.3795776367188,37517890
2020-02-17,533.3323064076842,536.8724523397985,525.3552378404491,533.2379150390625,23354434
2020-02-18,531.821809344127,537.0139797537968,507.22969068988664,517.56689453125,21865560
2020-02-19,518.3694159515838,522.6175560125918,508.5986174998328,512.9884033203125,22088140
2020-02-20,513.2715759153944,521.1070568112369,508.4569707836069,515.0652465820312,16010058
2020-02-24,511.66671941547884,511.7139150989649,497.6005860025611,500.243896484375,9834434
2020-02-25,503.17042361823303,507.84338314435865,501.235107151926,505.2944641113281,9804202
2020-02-26,502.8871616899909,509.2122045230506,491.18113636134404,505.9552917480469,18965240
2020-02-27,504.7752236988079,505.8608417235198,497.5061498783187,501.89593505859375,11381143
2020-02-28,495.52374264731156,498.82785140918156,484.7617473035942,494.20208740234375,16934165
2020-03-02,504.1144578498204,506.00251994500655,483.20407035376815,489.3403015136719,10096159
2020-03-03,494.67410355548157,503.5008117263651,485.37537984660054,491.6531982421875,10563605
2020-03-04,495.61811947368994,502.9815851216897,479.003126083444,487.829833984375,18066379
2020-03-05,493.54128853732766,500.9991457596635,487.73545634339206,497.41180419921875,14344961
2020-03-06,488.7738952492081,494.34369051179857,482.82647580420286,490.0955505371094,9503868
2020-03-09,481.45765939362053,483.3457216250324,463.5681758292307,468.4771728515625,15664232
2020-03-11,459.74484125720227,480.04156830921403,459.74484125720227,466.1642761230469,21401999
2020-03-12,451.7205058715334,454.55259886771114,433.5006254145914,438.9288330078125,14471096
2020-03-13,428.40290037333426,480.56082509246534,396.49453705542567,464.32342529296875,24254296
2020-03-16,445.8202978441389,465.36180474931683,430.6213512901726,438.7872314453125,14936276
2020-03-17,438.9760767918313,454.08063312773845,419.4817640905884,429.2525329589844,12629709
2020-03-18,434.2559442136175,452.00378270275297,384.64690759074944,401.73394775390625,29342689
2020-03-19,393.1431841208387,426.3732011393295,341.5045024907214,419.859375,24017236
2020-03-20,420.0953789916805,445.584305767237,412.212672647667,436.757568359375,19758966
2020-03-23,393.09596386787604,420.7561840905409,377.1417693012762,384.5524597167969,14907385
2020-03-24,387.9037948739064,413.3455266335378,377.7554313208659,381.4371643066406,12947855
2020-03-25,383.79719399522213,413.7230990309891,382.9003880537254,405.0851745605469,14093189
2020-03-26,402.6307314830733,465.83382031420086,396.7305081904807,444.3570556640625,22302573
2020-03-27,444.35707412576863,448.22761912288826,413.01511933116154,423.8243103027344,16378409
2020-03-30,419.0097370327794,424.1547416190052,404.04679751332657,406.92608642578125,10210726
2020-03-31,416.3192448862115,421.9834608851645,400.27065734797,416.224853515625,17059457
2020-04-01,415.37516963410394,415.37516963410394,389.31983750905425,397.7689208984375,9646905
2020-04-03,407.8228922833487,407.8228922833487,392.34074266330214,400.2234191894531,14419445
2020-04-07,408.90854970153373,458.56477564644473,408.90854970153373,443.8850402832031,15553539
2020-04-08,447.8027966880518,463.61537571957433,427.6476571494862,435.81353759765625,13639333
2020-04-09,444.64028609819553,464.7482304550126,444.64028609819553,461.3497009277344,11962829
2020-04-13,463.5209625651195,491.74759164614073,463.5209625651195,483.5345153808594,24416550
2020-04-15,504.0672478226584,505.95530986411353,476.78462218122104,481.92962646484375,26277115
2020-04-16,472.0172577931093,484.2897201730859,469.51556376450293,472.44207763671875,17401120
2020-04-17,482.4016574777508,483.8177040543485,470.3180071931295,474.33013916015625,16430317
2020-04-20,479.28634927759407,479.28634927759407,459.65042050675083,462.8601379394531,11688508
2020-04-21,456.9127167724629,475.604614381821,452.33414841339965,472.4892883300781,15781695
2020-04-22,487.1218603952435,488.1131165762898,464.51224993880186,473.3389587402344,18447565
2020-04-23,473.7637493606302,478.9087246446483,463.5681608103361,468.24114990234375,12767355
2020-04-24,467.20271394393444,471.0732591345321,457.33755354917776,466.589111328125,12161869
2020-04-27,470.1763620101886,474.8965463270846,463.6153407368541,466.4002380371094,10074370
2020-04-28,469.6099867322664,469.6099867322664,457.0071251637895,458.4703674316406,11729091
2020-04-29,463.473769442044,470.50683624685354,459.79203646985303,468.24114990234375,8371711
2020-04-30,474.9437844825617,487.07463079185885,467.48592722852857,485.5169677734375,20170888
2020-05-04,474.3301218438844,509.7786273999024,471.9228486216599,502.6983947753906,34658164
2020-05-05,507.8905794527645,522.7119020451277,496.6093439202919,498.4974060058594,30498970
2020-05-06,501.9903388112777,520.5878436359309,500.3855095742065,515.4428100585938,26074684
2020-05-07,514.8292252275542,514.8292252275542,495.0989059920573,498.4974060058594,15823732
2020-05-08,509.7787055244167,515.2541097402597,498.7335057168241,500.3855895996094,13847608
2020-05-11,503.217604098746,517.8029478223705,502.32076876619,506.1912841796875,14490804
2020-05-12,503.17045011669694,532.4354726491785,500.8103136872596,528.5177612304688,23041211
2020-05-13,536.5891871264186,537.8635877886312,518.5580907371719,524.8359375,21509772
2020-05-14,520.2574018706694,531.019366853154,505.15284739095705,509.63702392578125,13428330
2020-05-15,513.0827623231598,525.7328490369698,509.21224669642305,523.0895385742188,14758117
2020-05-18,525.7329308695936,527.7153846746852,505.2473596462516,507.9378662109375,21991328
2020-05-19,527.2432515484188,569.724822725209,525.8272050459686,565.287841796875,73259076
2020-05-20,571.1408536596658,577.7490704909753,555.6586752135721,560.8036499023438,36412918
2020-05-21,557.4523760113387,570.6688690911336,552.6378295136034,561.2756958007812,20673544
2020-05-22,563.5886257615667,563.9662499448174,554.148314685804,560.0013427734375,11630640
2020-05-26,539.9877807606899,544.1887249925284,526.3464669025192,527.9513549804688,77933211
2020-05-27,529.6033642687098,533.8987584427513,522.8535597685276,531.5858764648438,22948762
2020-05-28,533.0491028379752,536.2116244196969,524.8831932837606,531.2554321289062,16574283
2020-05-29,526.7713027437037,532.4354894706644,513.366025602569,521.6735229492188,55206200
2020-06-01,527.7152554929363,530.2169786832466,519.3605637011088,527.762451171875,40024637
2020-06-02,531.4914255697041,540.2709966365546,524.97759949522,526.8656616210938,32573015
2020-06-03,536.2116570566383,536.4948311640869,518.5109859981912,520.7766723632812,29783799
2020-06-04,521.3902125677043,552.637802392635,518.7941567212679,540.4125366210938,30007267
2020-06-05,551.3162366392775,556.9804234416818,535.6924685449866,551.6466064453125,48771843
2020-06-08,555.0923618133205,560.4733745024616,546.784864346455,552.40185546875,20813563
2020-06-09,547.5399796133674,558.5379819299822,534.040312739828,536.0227661132812,15219451
2020-06-10,539.0437323948001,543.7638877061614,531.5386795796259,535.3619995117188,19489440
2020-06-11,538.0997182111221,541.6870598407203,516.1037115886913,520.9654541015625,27803048
2020-06-12,509.77865184024074,530.5473939022874,509.77865184024074,528.7537231445312,19224358
2020-06-15,524.8832099083082,532.1994800214176,518.2749924453507,519.8798217773438,13838935
2020-06-16,526.7712728925856,527.9985367609877,506.9465617705497,514.4044189453125,19430678
2020-06-17,516.2452967372981,533.8515763278358,510.7226972598256,531.916259765625,20916747
2020-06-18,532.6715552393676,540.8374659671954,526.9601725193999,529.509033203125,19692591
2020-06-19,530.4530016324737,545.8407900961308,529.6033619380266,540.4597778320312,41924711
2020-06-22,543.5751184844935,555.09233295113,538.4773388813004,548.5313110351562,12954502
2020-06-23,548.5313259135696,551.8826304887227,542.206282246919,546.4072265625,9944839
2020-06-24,548.4840925745048,549.4281824231763,523.9392240366342,526.15771484375,12619809
2020-06-25,522.9007850702826,532.1523135059468,519.2190519703304,527.71533203125,15881470
2020-06-26,528.6593021257482,534.7011123229914,525.9687961400263,529.0369262695312,11317405
2020-06-29,527.6209095804272,537.1084745872519,520.3518351802719,535.3619995117188,13162970
2020-06-30,539.9877800809577,544.7079355376321,526.2048791865883,528.5177612304688,13182057
2020-07-01,542.8198428852093,542.8198428852093,527.0544893242029,528.8009643554688,13894655
2020-07-02,533.1907827264487,535.2676865884741,526.3937228613295,527.1961669921875,13795692
2020-07-03,530.3586816262109,550.7970566225246,529.2258089808212,548.908935546875,21005887
2020-07-06,554.7146609798953,556.3195489080215,542.8670190437678,544.3302612304688,16114629
2020-07-07,546.5959650617494,549.9945237483746,534.3707572892963,535.4091796875,12759442
2020-07-08,539.9877642820927,541.8758264095219,527.7153017527046,529.8865966796875,9581306
2020-07-09,532.4354706982638,538.3356943480376,528.9425791535631,536.8252563476562,8611659
2020-07-10,537.2499984716313,546.595916629544,533.9930858195983,542.5365600585938,13532330
2020-07-13,542.3478068091421,556.0363150473871,538.0996672976127,553.9594116210938,16660491
2020-07-14,551.7881316104747,563.3997354980786,546.1710830211742,556.36669921875,32935464
2020-07-15,555.9891237428287,555.9891237428287,528.3288742674547,532.057861328125,20062926
2020-07-16,534.2291122827227,534.5123450740323,522.3342742652637,531.2554321289062,11528871
2020-07-17,531.5858595109183,541.7814181617878,530.3114000042855,535.0315551757812,12189475
2020-07-20,539.0437768355282,549.9001936477999,535.8340592189621,543.5279541015625,9789671
2020-07-21,547.5400578044053,551.127399621871,534.6539916345845,535.9756469726562,12005925
2020-07-22,536.2115622203673,543.2917941708512,531.3025661807112,537.2971801757812,11034525
2020-07-23,538.0997315014381,543.5279397643887,532.4354861091367,535.4564208984375,9718786
2020-07-24,533.3796237439825,535.6452516626993,524.3168772646883,528.1401977539062,9960443
2020-07-27,526.9601117332675,532.1994782629048,513.6964224668833,528.1873168945312,10895560
2020-07-28,527.2433163464258,542.1118945011376,524.222440250372,533.001953125,14210206
2020-07-29,533.6155547065755,537.2972877985105,528.8953991274541,534.5123901367188,9979767
2020-07-30,543.7638892976399,547.9648334071566,512.6579424324224,521.7678833007812,45326361
2020-07-31,520.0686200281592,527.9985516616431,515.7260887345753,523.797607421875,13917435
2020-08-03,523.4671481747466,525.355210252433,515.8204497992393,516.71728515625,9392745
2020-08-04,517.3309932896951,522.3815774153912,515.3012852815338,518.2750244140625,12035116
2020-08-05,521.1070692469962,529.1313330566734,515.9620942283287,527.6680908203125,12920232
2020-08-06,532.168426428233,532.168426428233,523.5942122089396,526.1049194335938,10620956
2020-08-07,526.768089895904,533.7790180073202,523.0257705588095,531.3157348632812,7346008
2020-08-10,534.6317127826005,535.2949429225578,525.6312120229165,529.46826171875,9594610
2020-08-11,528.6628883943357,531.0314410121757,521.2729806619179,522.1256713867188,8290695
2020-08-12,521.0835108802727,531.7420269296065,516.6779618500152,518.9044189453125,12613101
2020-08-13,505.9247276503349,519.4728722774847,496.6873429245753,507.2037048339844,37464752
2020-08-14,514.3094345906374,514.3094345906374,497.3978917778641,500.80865478515625,18550546
2020-08-17,502.656094489247,504.5035713438512,490.86063815051756,493.98712158203125,19369462
2020-08-18,494.6030084825692,501.2823802967628,492.8028965998175,498.62957763671875,13771669
2020-08-19,501.1875470060853,511.5145068422037,499.3874352815499,507.6773986816406,17395288
2020-08-20,503.0824547562351,505.5457376648114,495.21877768923247,497.9189453125,13690809
2020-08-21,501.94553893832534,501.94553893832534,488.87107498963474,492.89764404296875,22244899
2020-08-24,490.6712089877618,504.4088447493516,481.48118873271187,499.1980285644531,29714401
2020-08-25,506.3984490205425,507.48796558161604,498.345310983037,500.85601806640625,19881871
2020-08-26,500.61914565722026,500.61914565722026,485.08139842960543,487.449951171875,26386996
2020-08-27,487.35520996387163,491.2396540480382,481.2916738407095,484.27606201171875,22268191
2020-08-28,485.1761360996355,501.70872874991557,485.1761360996355,495.9294128417969,22217757
2020-08-31,491.2396501631969,494.8398737873547,481.81277518684146,486.12353515625,190329697
2020-09-01,490.2922256994346,526.2470103220488,487.1657418991735,517.5307006835938,75732733
2020-09-02,521.0834775803569,529.6102663101618,516.4411030450857,521.6045532226562,35680638
2020-09-03,521.6046350814142,523.8310923838417,507.48798971905694,509.7144470214844,25084656
2020-09-04,503.55615312061747,509.7143896993774,492.1870420633246,495.6451110839844,28610361
2020-09-07,497.3978700421941,500.2401331494716,483.4707454693995,488.3499755859375,16450037
2020-09-08,488.87107969230755,489.67640529309995,468.02775678167365,471.9122009277344,33745174
2020-09-09,467.3171994396414,480.0126835256497,465.28023227498505,477.7388610839844,32068518
2020-09-10,481.29167483710665,481.29167483710665,465.3749477107548,471.20159912109375,21400064
2020-09-11,473.04902119921667,476.03340902995717,462.8642163401294,465.8012390136719,15888599
2020-09-14,469.9226040384784,471.1068804148332,443.67894527942457,449.17401123046875,53032505
2020-09-15,450.1687828057548,462.0115756388024,445.3369176743296,460.0220031738281,31436333
2020-09-16,461.3957735641488,464.90123744495037,455.2848722621479,456.4217834472656,13379581
2020-09-17,454.76379681121824,456.99025401995783,449.07924088249325,453.8163757324219,13750507
2020-09-18,457.6060616069101,471.4858511528448,450.3109133841305,468.548828125,55830089
2020-09-21,469.92256828980214,469.92256828980214,436.99956970791857,443.1578063964844,23162880
2020-09-22,443.86841821387185,453.3426583140204,436.76273077477373,446.1896057128906,18950065
2020-09-23,442.44727254284805,442.44727254284805,401.61328774940137,410.9927978515625,86810146
2020-09-24,402.89228828738476,410.7085416770009,394.2707387597089,397.255126953125,36458719
2020-09-25,402.65542790312,421.5565725253505,399.9552896336129,416.53521728515625,34232784
2020-09-28,422.5513779454294,424.1146345656726,411.2296602877017,420.3249206542969,21445626
2020-09-29,420.65649799830123,421.17757367300914,406.9188341673084,412.6981201171875,18187111
2020-09-30,414.9719726342206,417.2457950518048,396.165587253414,398.8183898925781,27686374
2020-10-01,403.6028771011107,411.7507159570528,401.37641991840565,409.6190185546875,13593932
2020-10-05,409.6190058195024,414.4982359489315,400.7605719822368,402.13433837890625,15282146
2020-10-06,404.55027077823667,407.39253378895137,400.8553170819297,404.31341552734375,11078299
2020-10-07,405.30825315701736,409.05057248752354,398.9604962798993,400.2395324707031,10393534
2020-10-08,403.6028645529694,412.6033938724069,397.06561815063554,402.13433837890625,17018635
2020-10-09,405.49768145760487,412.12965776969656,401.0447675070587,402.8448791503906,20948615
2020-10-12,405.4976821323663,407.9609649006569,390.1967625945273,393.228515625,14326607
2020-10-13,399.00782230012396,405.0239630759711,391.38103054346334,393.4653625488281,28303313
2020-10-14,394.50758145768026,397.44460439454093,389.6757164154692,391.523193359375,14374547
2020-10-15,391.66532761600115,393.6549000915655,374.2327091378463,378.2118835449219,28378188
2020-10-16,383.1858529693145,385.886020561535,377.4065670488051,380.5330505371094,23786283
2020-10-19,382.3331717690543,383.3753525950251,373.28527719934226,376.7907409667969,17237471
2020-10-20,376.79074245738155,391.47582766577676,376.0801766688411,383.7069396972656,26395238
2020-10-21,384.3701630005061,398.10782796797344,382.3331958374733,396.9709167480469,23929199
2020-10-22,396.9708957788693,409.6190140224735,396.0234747216341,408.0083923339844,27014551
2020-10-23,412.03492878684085,414.59297151368946,404.8345111314171,411.56121826171875,18512271
2020-10-26,411.5138346689665,416.34569948236367,405.497693595807,411.2296142578125,11956996
2020-10-27,411.22960683468443,415.8246163131844,405.0239757807921,410.56640625,13021129
2020-10-28,422.5513496984503,462.34318110015136,418.7616360404117,428.0937805175781,125905730
2020-10-29,424.16197606080596,433.0677752724208,421.60393330494827,427.0989990234375,25537340
2020-10-30,430.9834284464382,430.9834284464382,407.866255191257,410.94537353515625,23483928
2020-11-02,412.1297166002969,435.8153328354398,412.1297166002969,433.3520202636719,28703578
2020-11-03,433.92046233109903,436.47850523891907,423.9251459791365,430.69921875,16337850
2020-11-04,429.1833477269463,431.59926563403434,423.64091663379986,429.230712890625,10191499
2020-11-05,432.9730427386013,437.61541801195483,428.8043780255512,433.25726318359375,9407770
2020-11-06,432.9730145652213,436.1468927863007,425.15676137286584,426.2463073730469,12195207
2020-11-09,432.3098180972382,449.789801606494,428.7569890919184,446.9949035644531,24953555
2020-11-10,449.0792324342287,449.22135737575326,440.5524134295248,441.8788146972656,9800899
2020-11-11,443.3473025935748,456.0427857953136,439.65234874721756,453.4373779296875,16032885
2020-11-12,451.7793800100767,457.79552115287464,450.07402806746796,454.62164306640625,14785276
2020-11-13,451.92151890075314,452.8689399487863,445.28954210857484,450.7372131347656,8428163
2020-11-14,461.3957511390496,461.3957511390496,453.81635342529364,456.1849060058594,4014491
2020-11-17,465.0907264675172,468.92780539033726,455.94807184516606,459.0745849609375,19050384
2020-11-18,458.5061047101297,459.5009203832068,446.33169701688894,453.2478942871094,10504589
2020-11-19,450.9740951192285,456.13757548410643,442.44727572572737,443.9158020019531,11541941
2020-11-20,445.76326311649524,460.40095400000695,440.8840328219913,458.2692565917969,12090462
2020-11-23,461.15891588294625,461.15891588294625,450.1214191404541,452.15838623046875,10193531
2020-11-24,453.24791037667325,455.94807815439,446.4264726434249,449.31610107421875,9346208
2020-11-25,451.44779846314924,452.7741702277016,434.53625654166694,439.69970703125,14497115
2020-11-26,444.0578715465013,444.9579274340621,435.9100328531488,443.7736511230469,11535113
2020-11-27,443.6789397630096,447.8002391750512,437.7101633356354,438.8944396972656,18491882
2020-12-01,443.1578152352422,457.1323346037534,436.2890126379209,454.2427062988281,18534936
2020-12-02,455.7112348377453,462.24845230693546,449.1266227480951,459.40618896484375,20948620
2020-12-03,461.4905050547947,463.43274183491695,449.07924176855926,454.6690673828125,20094168
2020-12-04,461.25364690064265,471.62794301620295,457.9850383015937,467.7908935546875,31622330
2020-12-07,471.8174156934466,483.6602376021415,468.5961723759378,482.19171142578125,22541162
2020-12-08,486.9762057810291,489.10790309655204,473.38066688362545,477.12298583984375,19661141
2020-12-09,478.35467535658347,480.2495174885598,472.85960960909506,476.6019287109375,11826802
2020-12-10,475.1333941483557,482.00222621206774,468.1224666008092,478.5915222167969,13441906
2020-12-11,481.7653950983335,481.7653950983335,471.154243466625,477.8809509277344,14019094
2020-12-14,480.34424781277994,485.08138259866723,474.8018169031814,476.6019287109375,14147649
2020-12-15,479.2546943461411,480.1547502360121,471.9121811990005,477.69146728515625,13320211
2020-12-16,477.6914350536597,491.5238285980156,475.70183330672506,489.0605163574219,17707777
2020-12-17,489.8184844385931,495.02932972034654,485.08137914240484,488.0184020996094,20023766
2020-12-18,486.8814855106334,487.8289065593113,478.4967621003208,483.8023376464844,11000487
2020-12-21,480.81796582947,484.32342971937624,454.9059226859251,465.0907287597656,15539470
2020-12-22,468.02771457959625,478.44937509519167,460.02197173664,473.9964904785156,21632475
2020-12-23,473.99653510612063,482.7128150678523,472.1964232439558,480.53375244140625,13326963
2020-12-24,492.6607955325291,495.50305881674325,483.61287105707527,490.1027526855469,21241048
2020-12-28,492.75547373283854,499.292690377362,489.43950025204,494.1766052246094,13124256
2020-12-29,495.5030520177486,497.3505290183273,488.0184136896387,492.89764404296875,11457626
2020-12-30,495.8820466090118,495.8820466090118,486.3130462765253,489.0132141113281,10691466
2020-12-31,489.9132706879047,491.19227740460116,479.68106967459283,482.9023132324219,15816475
2021-01-01,485.3182021914964,489.25001110871534,481.48112359153447,488.06573486328125,10377082
2021-01-04,489.81847874700014,493.13448187174697,484.70239330418616,489.9132385253906,13489114
2021-01-05,486.9762268066406,489.7237596920977,484.2286939211836,486.9762268066406,10689423
2021-01-06,487.9236689601748,503.7930314807466,486.1235570669607,497.6821594238281,30837593
2021-01-07,504.0298337944748,525.2994990606829,499.38740041560754,516.5831909179688,39444841
2021-01-08,520.4202848730529,520.8466302313046,509.05117350615825,511.84613037109375,14538362
2021-01-11,513.030391564107,525.2048288273674,513.030391564107,518.3833618164062,19892197
2021-01-12,520.1361593270988,539.0846413805072,516.3464157868981,536.0054931640625,25857074
2021-01-13,557.0855894327025,570.0652920025868,537.1896902523634,547.8482055664062,85239439
2021-01-14,552.0642200621783,554.0537922537037,540.0793039334459,550.0272827148438,16974338
2021-01-15,577.5026717605421,578.5448821457502,562.5807593253976,570.9654541015625,57451072
2021-01-18,570.9653652674904,571.2969802890028,553.2959224886246,556.0908203125,21359539
2021-01-19,560.0226662585094,566.0388079591307,555.6645409504252,561.1596069335938,11034273
2021-01-20,561.1595404046292,570.8232698936204,558.0330275586844,564.80712890625,13333007
2021-01-21,568.691544822769,572.2917681761338,544.2006354648004,550.7852172851562,17380638
2021-01-22,553.2011630632179,554.7644490260777,542.6373771712147,546.5218505859375,12662954
2021-01-25,548.5587806128111,556.9435333327002,539.6056459679079,550.216796875,12503932
2021-01-27,549.5062262248904,551.1642425612439,532.7842030213201,540.7899169921875,15567653
2021-01-28,536.7159795274688,545.5743832213226,533.163121453763,540.8846435546875,15201598
2021-01-29,548.0850554231005,548.0850554231005,521.6519386398337,524.4942016601562,25521965
2021-02-01,529.610294039554,550.5484046137518,520.3255444828796,548.700927734375,14212955
2021-02-02,554.148568663243,573.8076431704858,548.7956575807787,567.8388671875,21711996
2021-02-03,577.3605532549526,589.7718168440043,567.9336484692435,576.8394775390625,30641248
2021-02-04,582.5713379792184,590.2454956364385,564.3334532568098,569.023193359375,51976676
2021-02-05,572.0548932246886,574.0445244818288,545.9533912915311,550.5484008789062,35465208
2021-02-08,558.0330493558663,571.912808702834,553.9591153564908,565.8966674804688,21646080
2021-02-09,567.4124737114555,575.7972256018252,563.7175202692838,567.4598388671875,20927436
2021-02-10,573.1444702258462,575.7972726348348,549.7430768766272,559.169921875,31642664
2021-02-11,560.8752868936303,571.8180523273207,558.0330239292172,566.6546020507812,19253595
2021-02-12,566.4177434021245,566.4177434021245,553.8643852759208,555.4276123046875,15905053
2021-02-15,560.9701020095324,571.2970630355825,558.9805294160656,562.4860229492188,17972742
2021-02-16,563.7176256355483,569.9706521273284,561.8227834045595,562.7228393554688,15064854
2021-02-17,565.5650451345168,567.3177916933428,559.0278283206329,562.6280517578125,16436661
2021-02-18,565.6123859695668,566.5598069478809,554.4327948607058,558.0803833007812,22193564
2021-02-19,558.9804501475496,564.6649761295643,545.2427867791254,550.7852172851562,19465126
2021-02-22,551.4010820304903,554.1485557915836,538.13712916396,540.316162109375,20227667
2021-02-23,544.769113935618,546.6639560605963,534.3474233363445,535.8159790039062,23764401
2021-02-24,538.231894490143,543.9164208404493,535.4843616384496,542.826904296875,8888950
2021-02-25,549.4114640431175,553.7222827029236,546.7112964637374,548.700927734375,16230241
2021-02-26,544.2954058921566,555.1434419103222,522.7414882541738,527.0523071289062,198547005
2021-03-01,528.662906690261,529.7050580957989,493.60820890927397,504.2193603515625,55091122
2021-03-02,512.0829857083849,515.3989595323388,501.04548874175447,512.7462158203125,30622757
2021-03-03,519.899251588209,521.7940938185565,511.6092873744908,517.5780639648438,24669015
2021-03-04,511.60926585704067,517.2937923090011,509.7144237063872,511.23028564453125,17678275
2021-03-05,506.8721730438153,510.1881468896491,496.82946226691666,504.7878112792969,16658703
2021-03-08,503.08248203138635,507.2985117568242,497.1610707857644,498.0611267089844,15293359
2021-03-09,502.22976787385295,504.0298796364309,487.26043293028135,494.3187255859375,20181762
2021-03-10,492.85027569314906,502.6087068807611,489.2026868784755,498.2032165527344,19013738
2021-03-12,502.65612342112536,504.740426191473,494.12927495653116,496.6399230957031,11624491
2021-03-15,500.05067140433937,500.05067140433937,489.25003038217903,495.3609313964844,10875944
2021-03-16,496.4504769385903,505.6878620129176,496.4504769385903,501.4718322753906,13252045
2021-03-17,500.9981213994753,503.0824831411755,491.71337116802556,495.4083251953125,8482758
2021-03-18,501.9929175473963,504.21937482268606,488.25528203827605,499.4822692871094,12465338
2021-03-19,500.24016943943013,506.6352913506847,497.8716166782054,502.087646484375,49597558
2021-03-22,505.0247029755291,505.9247589230019,495.50306778045865,500.24017333984375,13581706
2021-03-23,501.85075328995686,504.45613152158023,494.69767189066437,501.4244079589844,15239339
2021-03-24,500.2401654117137,505.40367519269444,494.08192828211276,496.1188659667969,10801499
2021-03-25,495.8819883645165,496.1188141580531,473.28589152262174,481.0547790527344,17572322
2021-03-26,485.1761071845143,497.3031497064349,483.7549756023404,495.0293273925781,11148490
2021-03-30,500.0506854239065,500.14541574755117,489.1079191575229,494.0819091796875,10691124
2021-03-31,494.88725277873203,498.2505917738626,489.10793697131396,490.1027526855469,7712521
2021-04-01,492.61340607691534,496.35575478749723,487.49732032932087,493.4187316894531,7111516
2021-04-05,493.41875834065917,501.1876177097609,487.5447118272939,500.4770812988281,9376649
2021-04-06,500.7138670087062,509.57233069146065,496.97154785181584,504.2193603515625,13115141
2021-04-07,508.7669969548113,518.1464772782791,507.1089806355409,513.1251220703125,21391503
2021-04-08,518.0517617999407,519.7097781667246,512.0829853561709,514.4515380859375,11367448
2021-04-09,511.1354909647866,520.8465852201558,508.2932280966619,516.5831909179688,11641539
2021-04-12,509.2880692224044,510.5197401630575,491.2396450395315,494.9819641113281,9869735
2021-04-13,498.7242851109999,511.6092586843121,495.59777204149765,507.961669921875,6657701
2021-04-15,511.6092752750116,517.4359562338573,502.3718901645824,510.99346923828125,9989813
2021-04-16,511.65659416665534,515.541067425224,509.71438699331577,512.31982421875,6273393
2021-04-19,504.26676424845624,506.87220187432575,495.7399738741718,498.7716979980469,7368743
2021-04-20,501.18755282125153,508.7669799985888,498.25055940076936,502.3244934082031,7369109
2021-04-22,502.13498205226875,505.3562254000515,498.39266301891865,502.9403076171875,6675147
2021-04-23,501.1875604420113,504.4561689473746,491.8080802885247,495.1240539550781,7123670
2021-04-26,495.26619616885387,500.7138376025398,495.26619616885387,499.81378173828125,5929161
2021-04-27,499.7190713905527,510.235492309925,498.58218968073066,506.20892333984375,9875033
2021-04-28,507.7721833659172,519.1886596017422,507.4405683375541,515.6831665039062,12195400
2021-04-29,520.7993063399615,521.0835562386178,510.7565954127208,512.4146118164062,8846896
2021-04-30,505.4509711273272,518.2411541831542,505.4509711273272,508.5300598144531,8331737
2021-05-03,502.1350265459247,532.9263311791647,501.2349705787666,529.46826171875,14556346
2021-05-04,536.1949086642288,536.1949086642288,517.9570234708485,523.4047241210938,14196229
2021-05-05,527.6207476159823,535.2474813073322,524.8732147417572,530.5103759765625,12095639
2021-05-06,530.5104169587021,534.7264469199664,523.5468539109646,529.37353515625,9169742
2021-05-07,531.694703251732,542.7795655208238,527.6207689378793,538.6109008789062,12894499
2021-05-10,541.9268003318592,546.6639052036047,539.1792677238693,542.4478759765625,8365615
2021-05-11,535.7686413119375,544.6270463739676,534.3948748097031,538.5161743164062,8033470
2021-05-12,538.1371704169677,539.2266869731964,528.8524203722044,532.2157592773438,6815070
2021-05-14,534.3474105036407,539.4161307397969,526.9101376681441,530.9367065429688,7697716
2021-05-17,534.3000989164399,534.3000989164399,517.104364082709,520.751953125,13677009
2021-05-18,518.7149422900025,523.8310869722051,506.44583303887515,508.1512145996094,34968901
2021-05-19,509.6196453769843,512.1302933165384,498.53478449267726,500.42962646484375,19583966
2021-05-20,503.08249643809904,503.08249643809904,492.66080527793235,493.276611328125,14036583
2021-05-21,495.7399457993862,505.2615219535872,494.5556399696338,503.0350646972656,10492773
2021-05-24,503.0824753412565,504.9773174887543,498.3453110606184,499.103271484375,6386039
2021-05-25,502.04028728112826,502.8929780676724,496.92420147375975,498.4400634765625,9412913
2021-05-26,501.18757905328505,502.89296056702614,497.3978947222108,498.1084899902344,6908901
2021-05-27,498.43999880493743,499.2926894808466,491.42907167574566,492.47125244140625,22783169
2021-05-28,494.79246652636164,500.7138778601642,493.0397492728956,496.0715026855469,10248988
2021-05-31,497.8716064099315,507.81958671380045,497.4926261935726,506.7774353027344,12803471
2021-06-01,509.19335682994,510.0934127582868,502.41925478563996,504.8825378417969,8435896
2021-06-02,502.0402350720757,506.4931492001103,500.2401233569932,501.6612548828125,10567595
2021-06-03,502.1350042515135,505.3562477417065,500.7138726157132,504.0772705078125,6290021
2021-06-04,505.8772987875207,507.6299862771245,503.27186176304366,504.6929931640625,4878809
2021-06-07,505.92472319317176,512.5566705079441,504.9773021482043,508.24591064453125,9674473
2021-06-08,509.80915902921856,519.1886984611738,505.92474436467865,518.0517578125,12822963
2021-06-09,520.9887020437344,522.504622765043,507.20367354762567,511.6092224121094,12674395
2021-06-10,515.3042195910762,519.0465387280478,511.9408806664358,516.488525390625,7018193
2021-06-11,516.820102318254,520.8466715044215,511.6566513612536,512.4146118164062,7777365
2021-06-14,512.4146008774323,512.4146008774323,501.4718342352639,510.99346923828125,5714387
2021-06-15,512.5566516878549,515.0673586031548,510.0933688437649,513.977783203125,7264778
2021-06-16,515.2094306531944,515.2094306531944,506.77737226364223,508.5300598144531,10045600
2021-06-17,511.1355543885495,512.7935707232988,499.3400972191291,500.85601806640625,10214732
2021-06-18,503.4614850398287,513.4094669727685,491.71344988022463,510.425048828125,15000348
2021-06-21,506.872160480407,513.4093776825403,504.9773183297535,511.23028564453125,5742834
2021-06-22,519.2360126359187,520.1360684691074,507.34582617090445,508.1985168457031,9114558
2021-06-23,509.71436460323264,510.8512461970418,504.6930099214869,505.9720458984375,4767421
2021-06-24,506.87215575038795,507.2985011214958,499.67170851558274,500.95074462890625,6419922
2021-06-25,503.3666344927637,507.7248182859936,501.5191576245639,506.96685791015625,5504204
2021-06-28,508.7669771475048,508.7669771475048,502.5613163942447,503.27191162109375,5265796
2021-06-29,503.31930123265494,504.26672230655237,496.45046899095183,497.35052490234375,8713975
2021-06-30,499.2927079361406,502.51395121314795,496.7820598859527,498.013671875,5760552
2021-07-01,501.1875585392307,503.082459539102,494.55561123130235,495.1714172363281,6575188
2021-07-02,497.9663290434035,504.9773156579999,492.6607828320233,497.39788818359375,13309063
2021-07-05,500.24012541619305,500.7138359267495,495.7872701817188,496.403076171875,6373586
2021-07-06,495.97678035802096,499.9559843912615,493.7029578978687,498.4400634765625,10494366
2021-07-07,495.6925074445622,502.7034940697988,495.6925074445622,501.7560729980469,6669192
2021-07-08,502.13501508060864,504.78781775607104,496.0241430236901,497.6821594238281,5400962
2021-07-09,497.87162059266205,509.24073284782475,495.5030678128149,508.0564270019531,7303645
2021-07-12,510.61444472488824,510.61444472488824,500.85598475113665,501.80340576171875,8932790
2021-07-13,505.4984079369015,507.3458849758045,500.42968737088836,502.18243408203125,8138019
2021-07-14,501.18758890486436,503.461411330583,498.961190554921,502.18243408203125,6666859
2021-07-15,504.5036210447951,504.5036210447951,497.3979038812921,497.8242492675781,6886797
2021-07-16,499.2928012513926,514.830579706039,498.2980148774375,512.6988525390625,11251138
2021-07-19,510.66188384556955,516.0622197351751,501.4718633647593,510.14080810546875,9130551
2021-07-20,508.24593092299443,508.5774870636375,495.50305255667377,498.1084899902344,7646460
2021-07-22,503.1772150931076,519.188702233706,496.1188631583595,517.95703125,20220601
2021-07-23,518.9043985418841,531.1735652078161,504.74038988941095,519.4728393554688,33200836
2021-07-26,516.346406071132,524.7311597389479,513.598872984932,515.4463500976562,5214592
2021-07-27,517.1043614820309,517.1043614820309,507.9617063395111,512.13037109375,5835018
2021-07-28,511.1355304728391,540.6951608451559,509.5723034481073,538.0423583984375,32532037
2021-07-29,543.9164305085326,546.3797724336318,535.2949105063661,537.3318481445312,15844335
2021-07-30,536.1474813352612,538.6108229800519,528.4733832815705,532.1209716796875,10125413
2021-08-02,536.2423373148694,539.9846564932078,530.55775189085,535.43701171875,6372299
2021-08-03,538.1371076651019,551.4010600017303,532.5473122251547,549.6956787109375,21680353
2021-08-04,544.7690633609363,556.0434436521499,540.3161494334964,544.2006225585938,21816567
2021-08-05,547.1376039757744,586.4557503050663,547.1376039757744,567.2230224609375,72423461
2021-08-06,563.2438792553801,584.5136056604532,557.5593529239505,575.9393920898438,29055626
2021-08-09,577.9288839700127,580.4869558097399,566.1334875851849,567.7440795898438,10078649
2021-08-10,570.5390684230517,594.9826146259046,566.9388447745902,589.487548828125,34514358
2021-08-11,589.4874731420022,596.1668438814672,581.4343950413605,588.20849609375,18731287
2021-08-12,590.245538782604,595.8827003500415,584.5610120502531,590.3876342773438,8430316
2021-08-13,590.3875404963095,605.2147199396057,585.6030704811005,603.5567626953125,21079044
2021-08-16,605.1673938633755,610.1413837412454,598.7722724363844,600.7145385742188,10506327
2021-08-17,600.7145499965994,604.4568690382999,590.2454943649722,593.4193725585938,11311229
2021-08-18,592.9930180650966,600.6671755876376,588.2085477235955,590.1981201171875,7136872
2021-08-20,586.9295754492251,599.7198197397695,575.0867522978397,581.4345092773438,12770173
2021-08-23,585.8873104723612,597.3511523174774,575.655139558141,589.9138793945312,12790616
2021-08-24,594.935135453943,594.935135453943,584.6082359367598,587.4978637695312,5885050
2021-08-25,589.6297227494076,589.6297227494076,578.8764166105404,580.2501831054688,8127668
2021-08-26,577.9289926365319,579.3501242885195,553.5801760734447,556.0435180664062,26316897
2021-08-27,557.8435998682812,573.5708364319478,554.290741473897,563.8597412109375,16444274
2021-08-30,564.665020914823,592.1403498308214,559.0752248067874,587.82958984375,40506274
2021-08-31,593.1350911898029,632.9743151038333,592.1403050305036,629.13720703125,60781970
2021-09-01,632.8796293330511,637.9009845537123,619.6156754810343,631.3637084960938,30796359
2021-09-02,634.7271046581309,638.3272693568292,629.1372496821692,631.45849609375,18951106
2021-09-03,632.8796505901216,634.3955125661003,619.6156962925971,623.8317260742188,7920313
2021-09-06,629.4688315404746,630.7478675839429,619.047200378316,620.18408203125,10223448
2021-09-07,623.3579799316025,644.722377514275,613.9310757319981,635.2955322265625,28185127
2021-09-08,642.3538530583047,647.8489189242109,630.0373200231464,632.7374877929688,20876941
2021-09-09,632.7374899996408,652.0175857606828,631.9795884750104,650.0753784179688,19784500
2021-09-13,655.6178163104503,660.354921808447,649.7911353095876,656.8494873046875,19704664
2021-09-14,658.4599888303977,662.912902731749,652.8701933310219,657.7020874023438,11694600
2021-09-15,660.3548885453959,696.309641179077,659.5496218896257,687.3565063476562,56796797
2021-09-16,696.3570505186334,698.2518925822944,677.7874922533515,680.8192749023438,45001991
2021-09-17,683.0930838924049,696.1201522829764,683.0930838924049,689.8671264648438,26649321
2021-09-20,686.8827533420691,695.1253513307726,682.4298393265013,686.8353881835938,14330899
2021-09-21,684.8932453195547,701.8047293104755,684.0405545631917,688.446044921875,14216876
2021-09-22,688.7776583335711,693.5621878080127,686.0301254193434,688.5408325195312,16348622
2021-09-23,694.841101539565,701.1888575423541,685.1773720599407,688.588134765625,26497345
2021-09-24,690.719811802401,713.4106686129757,689.7250256372063,700.5256958007812,72175065
2021-09-27,705.5703026095307,706.439017381331,693.1673461626154,697.4142456054688,11282248
2021-09-28,699.199866731194,701.5163410798086,662.1356880344796,671.9326171875,21944239
2021-09-29,672.7530580452183,677.5791201545813,665.1761640982745,669.9539184570312,16729859
2021-09-30,671.594806214826,685.1077804200011,662.9078942257848,664.355712890625,13911568
2021-10-01,663.4387198154268,663.4387198154268,644.4240826580547,652.3870849609375,14952128
2021-10-04,651.518356945118,662.3287473908813,646.4027431100006,657.6957397460938,8917898
2021-10-05,660.5914831294156,678.9787701557833,656.7306329858466,674.9248657226562,25598885
2021-10-06,681.1986752529021,683.3221543899477,664.2592088196398,667.347900390625,10406502
2021-10-07,671.5465473271449,677.7721792751863,667.2513402366735,668.4096069335938,8121590
2021-10-08,670.9674360348135,675.2143353274953,664.9348584214382,671.3052368164062,6297352
2021-10-11,668.9887446762158,671.8361332675845,661.1705471722217,666.8170166015625,8792050
2021-10-12,666.9618334397792,674.1044294610559,660.398400262114,662.4735717773438,8579567
2021-10-13,665.0313706890771,672.5600159333675,659.3365937323529,665.9000854492188,7062149
2021-10-14,668.8922294270446,669.8574418793204,658.1300870194137,661.9426879882812,9820591
2021-10-18,675.6486667055274,677.5308426308704,656.006618316772,656.9235229492188,8574445
2021-10-19,674.6834530826833,674.6834530826833,651.9527133341637,657.4061279296875,7328862
2021-10-20,659.6261892741903,689.0651679896392,657.6957644403905,683.8047485351562,21217306
2021-10-21,686.2176851323512,687.5689469829008,665.2243179541222,671.8359985351562,8908979
2021-10-22,674.2008765421813,680.7643092272144,660.4465995332678,670.3400268554688,6587256
2021-10-25,668.8922157608305,679.5095525189389,651.5183919748349,667.0582885742188,9540441
2021-10-26,670.8226293141803,685.156010131173,665.031354816504,671.9808959960938,10953878
2021-10-27,675.0696623732302,689.7891533538267,669.8574911825552,677.9169921875,11878571
2021-10-28,678.3030723358851,681.4882617469725,660.5914468400048,665.7553100585938,8884507
2021-10-29,668.1200411284135,676.6138985431535,653.4970495708917,661.50830078125,8602343
2021-11-01,665.9482792277242,697.6554816729406,665.6104195547626,687.7138061523438,17121001
2021-11-02,687.713894472059,697.9451232320783,684.8665058634448,689.1134643554688,7725455
2021-11-03,700.502965762166,707.0181500803122,671.7878941377437,674.780029296875,23261507
2021-11-04,679.509527700525,680.2816858359886,674.8765199758539,676.7103881835938,1064714
2021-11-08,682.8394429941198,690.0302863017313,679.509448827574,684.3355102539062,7565546
2021-11-09,686.9416467954013,691.5264054947295,680.6195176344946,688.3894653320312,5278131
2021-11-10,692.5399635241397,712.3268196248295,682.7430331583084,709.8655395507812,15180490
2021-11-11,709.4311059996237,712.9058470356825,699.055072816636,703.2537231445312,7421118
2021-11-12,707.5007065629991,719.0832556472501,700.0203102794204,717.6354370117188,9207508
2021-11-15,714.2572384237396,720.0485133298781,710.5894427655643,711.8924560546875,5454742
2021-11-16,715.5602393051317,716.2358998148444,701.7577128005483,704.8946533203125,4639931
2021-11-17,699.3446153606658,706.8732601122965,691.3333644209577,695.0011596679688,8002927
2021-11-18,695.5320897204606,698.2829806363773,683.3704360337699,689.49951171875,4469597
2021-11-22,714.257196120003,729.6523461160489,707.597206807641,716.2841186523438,36884348
2021-11-23,719.083279166544,734.5266784506578,710.1068151150315,732.499755859375,18240414
2021-11-24,737.4223158164291,754.6030857376269,729.9419192881865,732.499755859375,21653712
2021-11-25,732.6445171895966,741.7657868585246,726.6119392223022,738.5323486328125,8483653
2021-11-26,736.4569967976681,736.4569967976681,707.5971249966755,713.0505981445312,11142921
2021-11-29,725.839721104783,728.7353582900415,701.8059089023822,713.6297607421875,15885643
2021-11-30,714.25720068175,724.1023792843362,697.5107885278196,702.9159545898438,14272616
2021-12-01,707.5007287035685,711.7476870654548,693.2638450086467,697.1246948242188,10488561
2021-12-02,698.7174137729231,710.1069104923474,689.3065910701608,707.0664672851562,11507427
2021-12-03,704.6050383340049,709.0932994717098,691.3816169280987,693.3602905273438,11024093
2021-12-06,693.0225728594079,696.786925162539,669.7126674916487,673.3322143554688,8804487
2021-12-07,677.9169398599123,681.1504369105755,669.9539371571949,674.5386962890625,10238693
2021-12-08,680.4748584494793,693.9878343619512,677.8687727411226,690.2717895507812,8296393
2021-12-09,691.8642963685991,698.7655891901643,686.2660757468547,689.1134643554688,9069515
2021-12-10,686.2659923571653,693.8911936147778,682.4051428924274,685.9764404296875,4251339
2021-12-13,690.1269211838269,693.4086671709972,674.0561098740192,678.640869140625,9896899
2021-12-14,676.6139139686674,681.7295280693617,664.4522609057418,667.5408935546875,9275631
2021-12-15,667.6856848007282,670.7261274578186,660.3017862974457,661.6048583984375,7674319
2021-12-16,665.9000449816989,665.9000449816989,654.0278855700772,657.6957397460938,9633006
2021-12-17,657.3096367003792,661.8461467096172,638.1018866006199,642.8796997070312,13850460
2021-12-20,636.2197889598024,638.1502137960158,622.6585073558904,635.35107421875,11812939
2021-12-21,640.8528057604503,647.5610439426292,636.2680467102269,643.7966918945312,8084499
2021-12-22,643.7966789031124,662.1357147339357,643.7966789031124,660.92919921875,8522226
2021-12-23,665.031304942881,665.031304942881,652.0009383003136,655.1378784179688,5602466
2021-12-24,658.371319858679,659.0952291206165,649.2501102877757,653.4970092773438,3756020
2021-12-27,651.4701513968548,654.7518383620229,645.389324777024,652.2423095703125,3658572
2021-12-28,656.1995849100363,659.7226335110971,651.5665774665856,656.3926391601562,3892590
2021-12-29,656.2961487081748,659.7226407659131,651.5183357966222,653.303955078125,3847574
2021-12-30,653.9314215841739,661.9426729739707,650.7462323462897,655.717041015625,5701612
2021-12-31,656.8270787322289,669.9539446175205,656.3444725024477,660.0122680664062,4598628
2022-01-03,663.8730992598466,668.5061071532501,659.3365890449321,667.2513427734375,2939833
2022-01-04,668.1682012529775,678.7855363396986,666.3825820986,673.1873168945312,6473875
2022-01-05,676.5174574811224,678.3030770220075,667.6857396371024,675.6487426757812,4586105
2022-01-06,677.5790821941794,695.4355109984419,675.6486574585834,685.6868896484375,21642414
2022-01-07,689.0652082357269,690.2717238273206,677.0483011610753,680.1852416992188,4315015
2022-01-10,680.8609321214641,686.6038994602093,679.1718102190339,680.4265747070312,3565324
2022-01-11,678.54434135263,684.8664710152868,670.4365333392785,678.9786987304688,10642484
2022-01-12,683.3221201248771,707.2111266669731,679.702573679105,704.798095703125,12366953
2022-01-13,703.6398243475231,710.058510233144,700.8889926319075,706.3424072265625,5829874
2022-01-14,704.5568767215515,705.4738403796649,693.4569329626632,695.5321044921875,5344096
2022-01-17,694.9529201628967,709.1898029023449,694.5185628054171,703.2537231445312,4340924
2022-01-18,701.70947315897,705.2807711183615,687.7621410366363,689.49951171875,4312058
2022-01-19,689.1616465388852,690.1268589289956,677.289545922904,679.219970703125,5879490
2022-01-20,681.4400402555593,694.6152147402734,680.716130864353,690.5130615234375,4812496
2022-01-21,684.9146778269429,689.1616358422667,665.369127230576,671.0639038085938,6704622
2022-01-24,666.2861350778102,682.4051945967743,653.7866222062829,665.9000854492188,11091633
2022-01-25,660.2052839118747,695.3872877974513,658.4196645303779,687.08642578125,14128764
2022-01-27,681.9226360300818,691.0921548443575,677.0965734962525,682.6465454101562,8937312
2022-01-28,690.0304529672989,727.7702388718916,677.2413870985289,690.8991088867188,21450677
2022-01-31,702.6746180030196,709.4311047145871,694.5185615473926,703.9293823242188,10745370
2022-02-01,707.5007262512629,709.4311511523578,693.3120914458373,697.8968505859375,4814511
2022-02-02,700.840731791298,706.294205662847,695.4355656714469,699.8272705078125,3286577
2022-02-03,700.7442438855319,703.6398812569597,693.5051504569623,696.5455932617188,3651578
2022-02-04,696.0147130353258,698.0899434835819,691.5747590819032,695.1460571289062,3284198
2022-02-07,693.0224887553632,695.0494111883603,675.1660597275439,681.9225463867188,6833983
2022-02-08,686.459112615484,689.8373562219462,676.6139337514157,684.2391357421875,7167684
2022-02-09,682.501708854597,700.8407456470843,677.7239542934375,694.3255615234375,10185173
2022-02-10,697.8002894773804,701.6611389286288,683.9494567238945,698.8619995117188,6074014
2022-02-11,696.5939200703078,700.165218343841,686.1696361487809,690.2717895507812,5646980
2022-02-14,679.5094950506834,679.5094950506834,661.1704603831224,665.7069702148438,7441445
2022-02-15,671.7878338845269,688.2929424453821,662.7148137127098,686.796875,4650249
2022-02-16,692.4434690120708,702.8677521987897,683.3704479742086,696.6903686523438,5433910
2022-02-17,699.2481563944978,702.1920425223507,690.1268871525508,692.0573120117188,5107708
2022-02-18,687.2795397524768,694.5186334067307,686.6038792290342,687.7621459960938,4099366
2022-02-21,683.4186363295555,691.6229418290986,678.5443254327934,685.2525634765625,4307430
2022-02-22,670.05055419878,678.0618064643061,663.5836184259223,674.9248657226562,9148804
2022-02-23,675.745230146178,684.2873958966022,675.166126225967,679.8956909179688,4124469
2022-02-24,658.274931482149,664.5970616370249,622.9964260421344,647.5610961914062,14139461
2022-02-25,653.9315207551431,670.9675462997236,653.9315207551431,664.6936645507812,6452099
2022-02-28,657.3096786910222,665.9965907442075,643.2658493207512,662.6183471679688,8301523
2022-03-02,660.2053160195356,660.2053160195356,642.8314919137583,650.7944946289062,10220908
2022-03-03,651.5184090408139,656.1514170560589,645.341025745892,648.6710205078125,6517030
2022-03-04,641.8663629816789,644.7137518630003,627.3881743429945,630.95947265625,7094874
2022-03-07,617.7359373794139,655.7170218394705,616.7707249772586,651.9044799804688,12615451
2022-03-08,651.5184729200505,662.9562181021096,644.3758764669823,659.2401733398438,8462985
2022-03-09,658.2748788652951,673.718277782956,650.8427313537925,667.4443969726562,9896395
2022-03-10,675.6004689271701,682.8878111721409,666.5756971355686,673.4769897460938,5989327
2022-03-11,672.4634736515881,677.9651959731568,667.4443575176676,670.6777954101562,3353880
2022-03-14,664.2109980802284,680.3299995221115,664.2109980802284,676.0348510742188,4016137
2022-03-15,674.683521548944,684.8182525593359,671.3052778788134,678.640869140625,6006439
2022-03-16,685.3008373131913,690.6095057712513,680.4747750785914,687.2312622070312,3843706
2022-03-17,694.9529964300895,702.6264475480507,690.1269339548804,697.7521362304688,8168953
2022-03-21,696.8833967399712,699.1516224582317,682.2121555525405,683.5634765625,6317305
2022-03-22,683.8530309502764,695.9181867539157,681.2951943551475,694.2290649414062,3000133
2022-03-23,694.2291018987955,694.8082058434414,678.5443985190869,680.4265747070312,7974713
2022-03-24,673.7182708338266,684.1908020520889,673.5734654057105,681.7777709960938,3597143
2022-03-25,687.5207892766488,689.596019527179,681.2951574369483,684.6734008789062,2930336
2022-03-28,690.3682405155712,711.3616123872436,685.3973725766008,707.5490112304688,7960258
2022-03-29,714.6433646127457,736.4571437325963,711.3616185202142,728.6871948242188,15833573
2022-03-30,736.2158232441419,743.1171160795594,718.697193069248,723.4267578125,9938988
2022-03-31,726.8050186509108,732.5962936999221,713.9677040746485,728.6871948242188,7371181
2022-04-01,733.3684118706475,739.9801525376349,723.1854322479993,732.1136474609375,5920139
2022-04-04,731.4862124826328,748.0396291307339,729.8936473290375,741.090087890625,5783224
2022-04-05,741.0900904264321,746.8813649943571,734.5266576984952,739.9318237304688,3990794
2022-04-06,737.4223047233096,753.5413642660012,736.4570922825723,748.6670532226562,7490027
2022-04-07,748.0395819059909,750.7904135779224,733.127039103681,735.8779296875,5818505
2022-04-08,741.6209566722174,741.6209566722174,731.2449229147535,735.58837890625,5583587
2022-04-11,730.6657989993631,738.5805525938877,729.7005865832477,731.6792602539062,4927865
2022-04-12,733.5131674319379,733.5131674319379,714.3536661467245,715.8497924804688,3904026
2022-04-13,716.1875345390657,730.1831130442092,712.2784364631094,714.884521484375,6343030
2022-04-18,711.0237286572712,714.4019720127641,698.2346645257627,704.1224365234375,8950327
2022-04-19,713.2920314153474,713.2920314153474,691.9125511579642,698.3312377929688,9957060
2022-04-20,704.6532972502642,718.6006281416369,698.7655252049944,713.6297607421875,6632292
2022-04-21,718.021595699312,718.021595699312,704.6051185081656,710.1550903320312,6111830
2022-04-22,705.5702026986834,715.1258281878106,703.6397780674969,713.0505981445312,5182247
2022-04-25,704.5567995755114,717.1528095490077,703.7846414418203,713.6297607421875,3571031
2022-04-26,719.0832241767336,732.4996998435784,713.3884475614509,729.9901123046875,4987848
2022-04-27,723.909356506956,735.0575488147842,720.4346151604803,726.3223876953125,4571399
2022-04-28,724.8745504746507,728.0597397795776,718.6971672254226,721.3515014648438,6101866
2022-04-29,725.839691781546,734.5266029863783,709.9619367414473,713.2919311523438,7219115
2022-05-02,708.4658931732008,717.1045558328268,704.9428443903497,715.5601806640625,3938533
2022-05-04,711.3615478697599,713.6297734739236,692.0572996236334,697.2694702148438,6785271
2022-05-05,700.7442502625586,707.5972352058784,689.4030037879235,693.9395141601562,4836692
2022-05-06,686.5073877889814,698.7173494282994,683.1291440529371,685.5421752929688,5912312
2022-05-09,681.5364864390037,695.4355692645654,679.9439212458387,686.7486572265625,4819274
2022-05-10,686.2660619607954,703.1572800821932,685.4456549310848,694.6151733398438,6746893
2022-05-11,694.6151029091943,709.431089165793,691.9607689021115,697.7037353515625,6919703
2022-05-12,690.3682201572793,697.6555625338483,676.8552455579057,680.8609008789062,6754953
2022-05-13,688.1964692326734,688.1964692326734,660.9292178219819,665.9000854492188,11938252
2022-05-16,661.990919428391,673.7182739800495,656.0066495110898,669.0852661132812,5412233
2022-05-17,670.8226322903909,685.3008185988165,666.8169771803033,682.4534301757812,4847812
2022-05-18,695.9181210974632,701.8542007575712,665.2243794111871,671.9326171875,18992703
2022-05-19,661.1705284698565,668.8922280724242,644.617111382095,650.7944946289062,7322668
2022-05-20,664.5487083421099,667.4443454154961,659.2400403742354,663.9696044921875,5577407
2022-05-23,658.081867970572,669.760974518957,655.958388697057,661.990966796875,3788601
2022-05-24,665.2727028368208,665.2727028368208,652.3388320206833,654.6071166992188,4053608
2022-05-25,657.5509780347053,665.9000892471689,655.9101050961301,664.2592163085938,4188088
2022-05-26,665.9966042403704,671.305272824895,652.3871319793465,669.5196533203125,5780597
2022-05-27,672.8012707629418,675.6486590369751,652.4835621557074,660.5913696289062,7131633
2022-05-30,663.5353096480034,679.2682607795963,659.2401024688658,674.7317504882812,4675033
2022-05-31,673.2357721709852,682.019183053187,668.5062069809379,675.8418579101562,44593174
2022-06-01,677.1448555930145,681.6331175346477,667.2031780674811,670.4849243164062,3749781
2022-06-02,664.9348275388152,672.7047753615924,659.288299807812,671.7395629882812,3466993
2022-06-03,672.8013267368241,676.4208734256513,661.4118316050264,662.6183471679688,6673615
2022-06-06,658.4679851497995,665.8035766504065,652.966262068396,659.19189453125,6407024
2022-06-07,654.5588493081806,663.3422590756732,649.877533558692,661.4600830078125,8349903
2022-06-08,658.7574307520575,663.8730444392565,637.4745101562914,640.225341796875,13904149
2022-06-09,637.0401517220245,655.7652948980023,632.3105876369093,652.8213500976562,6774925
2022-06-10,644.761918194487,652.9179751995354,644.761918194487,649.92578125,3221484
2022-06-13,637.1366916872777,649.9257561882464,635.1097691801823,647.9470825195312,5982102
2022-06-14,645.8236074798876,665.4174667603588,645.8236074798876,658.3231201171875,8878530
2022-06-15,658.2266524031423,661.1705386395236,650.0705952901009,658.3713989257812,6005970
2022-06-16,659.3366219442369,660.1088390582455,627.3881124005951,631.4420166015625,9525587
2022-06-17,633.1793837066247,638.7293554388093,615.805559153699,621.259033203125,11085830
2022-06-20,622.5137738858427,624.9268049816776,612.1377401737531,618.6046752929688,3883001
2022-06-21,619.7629091582302,635.2546165746231,618.218592756695,631.5385131835938,3515991
2022-06-22,626.0367881412321,627.7259099736181,619.1355542874778,620.48681640625,4348884
2022-06-23,625.6024780340755,641.4801758340067,625.2163694862313,637.2332763671875,4336533
2022-06-24,639.0671175974996,652.194041813093,639.0671175974996,647.8505859375,5621332
2022-06-27,651.5184407911698,663.1009908496795,647.850645055021,660.1571044921875,5284297
2022-06-28,659.2400871974296,661.0740143722521,652.7731521585026,657.4544677734375,3216376
2022-06-29,653.448765209428,665.1278111558017,651.5183404968446,663.873046875,5011798
2022-06-30,665.8035100516688,667.5408806109858,655.3792277838762,661.1222534179688,6505666
2022-07-01,661.0256634262695,661.9426269537612,642.8314339432318,650.0222778320312,4488771
2022-07-04,647.174900042516,661.6530857257939,642.8796931740993,658.1783447265625,4229588
2022-07-05,659.5296915294279,665.3209665475324,656.3927508946213,660.6397094726562,3494504
2022-07-06,660.6879946985301,670.774477692889,660.3984427140589,669.8092651367188,4697006
2022-07-07,667.927014464568,672.2704704834849,661.6048847083007,662.9078979492188,3485283
2022-07-08,664.0661755757885,672.3669792057284,662.7631623134713,670.9674682617188,2732170
2022-07-11,651.51843838332,657.3097133911717,636.0267895196957,637.5711059570312,18687521
2022-07-12,640.1771551624142,643.7002041570134,637.040214711185,639.9358520507812,7416645
2022-07-13,646.6922625443134,646.6922625443134,618.7011049117983,621.1141357421875,12030163
2022-07-14,627.3881139495362,629.5115931945136,606.8773486858013,619.32861328125,11379990
2022-07-15,626.3746562535237,634.6272112485979,620.8729332861758,629.12548828125,5567877
2022-07-18,634.1445465885439,646.6923077843599,626.5676528158262,639.9840698242188,8982417
2022-07-19,651.5184388025754,653.4488638064348,640.0323864648531,649.4915161132812,7836419
2022-07-20,656.3445380522082,656.3445380522082,644.9550416742703,647.31982421875,4458819
2022-07-21,648.1401494463872,656.2962062962591,647.8505974985587,654.7518310546875,3550107
2022-07-22,656.0549019496624,658.1783810828838,651.7114460047561,655.2344360351562,2415220
2022-07-25,656.3444261247014,662.6665555057306,653.014431592132,654.8001098632812,2913348
2022-07-26,658.8540001608873,661.5083344199636,646.9336498712471,660.3018188476562,5016687
2022-07-27,660.157097327095,660.157097327095,646.4028192818984,651.4219360351562,6237523
2022-07-28,655.1862173825144,655.7653802156542,641.0941387878623,643.6519165039062,7374170
2022-07-29,649.3949160742393,656.9718690546599,647.6575454693675,654.3657836914062,7669970
2022-08-01,657.274324652026,676.5189283288264,656.4017486091443,673.2711181640625,8812526
2022-08-02,678.6517539920574,678.942592909021,660.3766554290518,665.8543090820312,6236599
2022-08-03,667.0177801924349,675.5978544222158,666.0482776049458,672.0107421875,5237250
2022-08-04,676.9066939757273,677.197532906723,659.9403993073412,673.1256103515625,6352142
2022-08-05,676.7128382088306,688.3468698112746,675.1131351939966,682.1905517578125,5811092
2022-08-08,686.3593855300555,688.2014049873479,677.6823253238499,682.869140625,5918607
2022-08-10,692.1279626754729,696.1028998547273,684.4688681022807,693.436767578125,12201239
2022-08-11,696.8784159518815,697.4601529818234,684.1779563102965,688.1528930664062,7142902
2022-08-12,688.2013591160448,690.770564534335,685.0989983055489,688.0559692382812,4540159
2022-08-16,693.194372230728,694.1638748492326,679.1365842624125,682.6267700195312,6679663
2022-08-17,685.4383978877505,702.5501439373328,680.8817234362083,700.9019775390625,8812954
2022-08-18,702.8893615441395,713.5538897882575,698.9144246862827,710.8392944335938,10354897
2022-08-19,707.9308040674225,715.1050877394601,703.8588813488378,709.9667358398438,13743828
2022-08-22,709.5304200316103,712.0026988817559,702.3076733478199,705.4100341796875,8118490
2022-08-23,702.889393304238,719.9526155963331,700.5141000714267,715.1051025390625,8229797
2022-08-24,700.8049170303566,731.1988584499926,696.1028531818422,716.2200317382812,14922081
2022-08-25,722.0855876243851,731.0534874565508,712.8268488216014,718.4014892578125,9849958
2022-08-26,718.8861388850705,718.8861388850705,705.7978544953895,708.5609130859375,5928897
2022-08-29,695.8120739693197,702.7925049866925,693.2913315380132,698.6235961914062,5878942
2022-08-30,699.9809242030022,707.8338721208225,690.0919851842216,704.4406127929688,8894800
2022-09-01,704.3436984739509,723.2490007729764,704.3436984739509,712.6329345703125,11869518
2022-09-02,702.8893856126434,718.3045006355765,697.7025703676197,712.5844116210938,5693707
2022-09-05,712.5843647785283,719.3224192462159,710.8877353385794,717.8197021484375,3660135
2022-09-06,717.8197090528085,741.6694480257081,717.8197090528085,738.0338134765625,10166270
2022-09-07,732.4592151661549,738.6640554829893,665.2726967414533,730.1323852539062,126794211
2022-09-08,735.8525034444268,752.3340483173587,733.9619614624886,746.3231201171875,10648073
2022-09-09,749.4255002053236,751.1705930282332,739.6335477401842,742.3966064453125,4627905
2022-09-12,743.6084779150585,747.8743129311342,741.1847214681385,745.6929321289062,2654087
2022-09-13,750.3949960277535,764.8406081220737,746.5169857123645,760.3323974609375,8335652
2022-09-14,752.334018418928,764.355874341511,752.0916427686642,759.4598388671875,6645392
2022-09-15,763.9680754481936,766.537281097308,758.1510596452887,761.156494140625,5485310
2022-09-16,763.9681265992714,763.9681265992714,752.7703822636892,755.872802734375,20211162
2022-09-19,749.9102143026015,762.028996046341,748.6498728360004,758.8781127929688,5760313
2022-09-20,762.7077150544984,772.6451168061222,761.0595487828951,767.9915161132812,7936714
2022-09-21,767.9915127974243,772.693576765711,755.2425298625958,756.4059448242188,9966193
2022-09-22,767.07045451829,770.5606401431068,752.6733056750024,760.1869506835938,7721133
2022-09-23,763.9680475981654,763.9680475981654,745.2566592823497,747.8258056640625,9271829
2022-09-26,746.4685620806155,747.6319770717967,730.2293930220814,732.02294921875,13144297
2022-09-27,735.7069960036296,741.6694604334732,734.1073522794878,737.4036254882812,5965026
2022-09-28,732.4592307686759,747.4865214065508,731.9744794577766,738.227783203125,5546932
2022-09-29,740.6514755489834,745.5474515298739,736.1432650789496,741.3301391601562,5413233
2022-09-30,742.5905029712595,784.3275766426499,738.2277414200952,775.505126953125,7469164
2022-10-03,778.8984370213025,790.6778584777533,773.7115624438268,778.8499145507812,12619046
2022-10-04,788.2056537557979,791.8412886900959,782.8733891854943,784.0368041992188,5772140
2022-10-06,785.8303380292107,790.9686900884585,762.6592608793967,764.5497436523438,6503205
2022-10-07,767.8460464131937,772.4996469809495,760.7686893858001,768.9124755859375,6025982
2022-10-10,761.0110800120254,770.5606569814813,755.9211913465936,768.1853637695312,3519416
2022-10-11,773.1783252447213,773.1783252447213,752.334019297685,756.5028686523438,3699862
2022-10-12,756.5029036869427,757.5208696316345,745.7414479737794,751.8977661132812,5984299
2022-10-13,751.3645651437752,755.2425758025818,744.2387442277167,745.4506225585938,2842056
2022-10-14,756.163551296034,756.163551296034,739.7789339770782,742.5905151367188,3608210
2022-10-17,737.7915247825046,747.4865513893706,736.6765730532163,742.6390380859375,4566333
2022-10-18,746.3714991854675,761.6411640357185,745.2081434882487,759.2659301757812,4391263
2022-10-19,763.9195868192483,764.5982504751646,755.727278000403,759.5083618164062,5219180
2022-10-20,758.1510260202663,769.7850571100913,754.5638545994884,768.7186279296875,4756732
2022-10-21,765.9070763965433,778.3651615013437,765.6647007394557,773.1298828125,4807736
2022-10-24,775.6020687273686,782.8733381216878,775.6020687273686,777.6380004882812,522406
2022-10-25,781.5645296221171,781.7583827993933,774.3417235563361,777.8319091796875,3184277
2022-10-27,781.9038382158224,797.1250407015173,779.6739940953365,792.1805419921875,8159181
2022-10-28,794.0226256363355,799.2579633210171,786.557443816972,791.9381713867188,3905093
2022-10-31,797.9006363061758,808.3712525055789,794.9921285189115,806.6261596679688,5487233
2022-11-01,802.748198913179,815.7880214669889,796.0101436213687,810.0679321289062,10488759
2022-11-02,804.6871738065153,804.6871738065153,782.6309892232644,785.1516723632812,11729925
2022-11-03,785.0546921842049,799.257928253205,779.67396485054,793.6832885742188,5897840
2022-11-04,790.8232284815851,796.7371702669699,784.5214620132704,791.5018920898438,3768226
2022-11-07,792.0836255817054,798.9186070888798,784.3276047681758,797.6098022460938,7171570
2022-11-09,799.0640680999157,800.3244096662162,789.611417592047,794.0711059570312,3969171
2022-11-10,794.7982201525074,805.3658221687489,792.6168393011152,800.5667724609375,4425290
2022-11-11,805.4143242177956,811.3767891679913,798.6762689845347,801.6817626953125,4325441
2022-11-14,793.053144621161,805.4627663452762,792.0836419993747,796.834228515625,10406576
2022-11-15,797.5613296055412,813.1702976403783,797.5613296055412,809.7770385742188,6229710
2022-11-16,811.9584218320109,818.3086519829337,802.7966104912177,815.5455932617188,3445345
2022-11-17,816.127354347757,823.4956103117197,812.831080698976,820.3447265625,4545534
2022-11-18,824.0286961389444,825.8707154616649,805.753537746138,811.7644653320312,7405949
2022-11-21,811.4737122546646,826.7918421805173,809.5347069685124,825.2406616210938,5527122
2022-11-22,827.3735899877693,834.3054984713065,819.326670607008,821.7504272460938,7601660
2022-11-23,825.8707798839393,825.8707798839393,815.9333780685696,817.5330810546875,4596816
2022-11-24,820.1991706672089,825.0466834962114,812.2007744993549,822.4774780273438,3455310
2022-11-25,826.0162164616546,833.7722372735011,815.933365736757,821.0232543945312,2991065
2022-11-28,814.6245087632167,826.5493781635627,810.552586262827,811.8614501953125,3668846
2022-11-29,813.412660393911,819.0357634939478,809.5346500940592,810.3587036132812,2680296
2022-11-30,809.340782934673,826.0162399898749,807.2078653159127,822.8653564453125,6874390
2022-12-01,826.9857449173451,827.1796572784522,815.9333912454349,822.7199096679688,4506664
2022-12-02,825.4345036232254,825.9677181967162,813.5095747908919,822.7683715820312,3505272
2022-12-05,825.046646739554,825.6283245836238,815.206172465586,818.3570556640625,3311316
2022-12-06,819.132738455612,819.2296650423339,804.3962876757237,807.9349365234375,5567349
2022-12-07,812.0069080151135,815.933381793632,806.6261803057554,808.565185546875,3771882
2022-12-08,807.5956494086569,814.5760798217273,801.0999702857476,807.2078247070312,4822179
2022-12-09,804.9779966778608,811.0858512210834,798.8216788394028,809.437744140625,4615843
2022-12-12,807.2078499538409,811.4252218143943,800.2274784961888,803.135986328125,3149823
2022-12-13,796.9311333632568,814.3821800792405,796.9311333632568,812.4916381835938,3832999
2022-12-14,815.01237655707,816.3211813850431,802.8935941730876,803.9115600585938,7491333
2022-12-15,803.7175817890321,805.6565868114424,799.2093714424335,801.1483764648438,2996482
2022-12-16,799.839645010184,807.3048268650276,794.8952054196182,797.6582641601562,4309644
2022-12-19,797.6098114485801,819.2781711768815,796.9311477848175,814.77001953125,6397169
2022-12-20,814.1398056638297,814.1398056638297,796.931134570608,803.669189453125,2828863
2022-12-21,807.5956591107042,807.6441224055543,787.5754069170345,789.1751098632812,5079337
2022-12-22,794.0226306945407,799.5488073582989,784.8123559795246,791.69580078125,3626834
2022-12-23,789.1751577977439,793.0047051033788,780.4496339400292,783.9883422851562,2804496
2022-12-26,780.4980493093831,790.3385242808026,776.7170247074708,786.2666015625,6023206
2022-12-27,790.1445959428399,794.4588942216933,780.4495702257499,789.95068359375,1782053
2022-12-28,788.2056297832735,789.0782058104647,777.0078863609536,779.2861938476562,2907741
2022-12-29,782.4371011878591,799.5973099131356,736.918939973999,795.7192993164062,6110313
2022-12-30,799.5488368038452,799.6457633980757,780.4011597174627,781.5160522460938,3113243
2023-01-02,781.6615352618892,791.3080987566149,781.0313348507837,788.6904296875,1626846
2023-01-03,785.6363895206073,793.828698130152,783.8428334228406,792.665283203125,1717603
2023-01-04,793.9742039177569,795.4284578870157,781.6130451790569,787.042236328125,2970216
2023-01-05,799.8396550965302,799.8396550965302,779.2377245864681,782.4855346679688,5297349
2023-01-06,782.921803115399,787.47847711381,767.8460497065405,771.7240600585938,3199618
2023-01-09,778.219696230709,796.4463320434561,776.6199933793855,794.410400390625,4340729
2023-01-10,800.9061296998407,800.9061296998407,766.1979460490285,768.670166015625,8392344
2023-01-11,751.3644472979695,755.8726576512522,728.7265872972611,742.20263671875,28389020
2023-01-12,741.6695372569259,745.8383868734246,730.5687199298997,733.8165893554688,12732671
2023-01-13,733.9134873961962,742.5905477279014,729.0659742694048,740.9908447265625,12279288
2023-01-16,743.0268186770844,744.6749257633419,731.635163090786,735.9979248046875,5779293
2023-01-17,735.9979749185353,745.4506259422831,735.6101501813956,742.3482055664062,6594428
2023-01-18,744.7719253189559,756.2120444124987,742.6390077179154,752.8672485351562,5800899
2023-01-19,752.3340039821486,752.8187552733742,742.2996759232751,748.4559936523438,4169463
2023-01-20,752.1885239493029,752.1885239493029,735.1737661627194,741.13623046875,6289718
2023-01-23,744.4810430790232,752.333990183348,740.5545103531202,749.1346435546875,2685320
2023-01-24,749.4255452953789,753.8367704995612,737.7915135443511,751.9947509765625,5012125
2023-01-25,751.3160084771462,756.6967357628129,744.5779539600773,752.8187255859375,6560514
2023-01-27,751.3159876745976,755.1455344529768,742.4450159711201,750.8796997070312,6745926
2023-01-30,748.0682056778247,751.3160749927421,739.7305067288842,746.7109375,5420851
2023-01-31,751.3645355072404,755.2425460130842,744.9658418420958,746.807861328125,8537557
2023-02-01,752.2855373442065,760.7202216087921,733.5256269529096,745.6444091796875,4472974
2023-02-02,741.7664082109526,757.1815230670906,741.7179449161832,754.0306396484375,2841909
2023-02-03,756.1150942490438,770.7060964061176,754.6608403628155,768.7186279296875,5493687
2023-02-06,765.616219647991,770.415269381531,755.0486175750946,765.179931640625,2407975
2023-02-07,769.6882114838102,771.5786943957725,759.1206084627854,761.9321899414062,4126502
2023-02-08,754.273006931597,757.1815146704078,741.6694733967503,751.46142578125,9951783
2023-02-09,746.5169749619331,751.4614143733536,738.0822908126801,743.2691650390625,5913945
2023-02-10,745.4990239855633,749.6194099685804,737.7914666061125,748.4075317382812,2954992
2023-02-13,747.486559083002,755.8242583812254,743.3177094338903,745.1597290039062,3705892
2023-02-14,745.5474222764302,753.8851201044354,742.8328271119916,751.558349609375,3502010
2023-02-15,751.3645366946861,763.1440172943005,748.6499411710541,761.4473876953125,3602838
2023-02-16,765.5677313728419,766.3917848914007,756.7936857374958,760.5263061523438,3399428
2023-02-17,761.9805917331718,763.4348456549831,746.8078521461091,753.109619140625,3093216
2023-02-20,757.4239323489373,769.5911785634418,753.4004727508019,755.3880004882812,3381774
2023-02-21,759.168964814731,763.9680143027769,754.4184377934881,755.2909545898438,2769616
2023-02-22,753.3035656892874,757.8117767210191,743.1237877745673,748.6015014648438,3261898
2023-02-23,750.3949985332204,753.7882575705153,738.6155184913999,739.6820068359375,4062194
2023-02-24,752.043159378597,752.1400859666156,731.974444238244,734.0103759765625,4357223
2023-02-27,730.0354031457465,731.392730353627,715.9291532065624,729.9384765625,6719439
2023-02-28,731.9745010781986,734.0104329746132,717.0926590635243,719.6133422851562,10562614
2023-03-01,719.7586929761912,730.4716839645026,718.4013657816027,727.32080078125,3744982
2023-03-02,728.0964099847284,728.8720001845849,713.3599594925,717.52880859375,4910541
2023-03-03,722.2793955252065,742.5420223711812,720.8736050011814,741.0877685546875,5759333
2023-03-06,743.3176888936347,752.2371250520329,741.7664491591876,743.220703125,4597345
2023-03-08,740.6999604670856,746.4200492763146,737.5006138338476,743.1721801757812,3546995
2023-03-09,770.7545875407789,770.7545875407789,746.7109342547587,749.8133544921875,5240056
2023-03-10,749.4255219639792,755.1940743623575,744.7719212431948,750.1526489257812,4113931
2023-03-13,753.7398693994443,754.0791716674945,739.8759929286113,741.9603881835938,3447889
2023-03-14,740.6999161972583,753.061073175681,740.6999161972583,748.2620239257812,3753502
2023-03-15,734.883023684689,742.2027570066934,729.5507590009611,733.57421875,8101060
2023-03-16,727.1269743148324,735.8524980066104,720.8252072041039,723.2005004882812,7465693
2023-03-17,727.1269291058827,736.288740247365,716.6078498676474,734.1558227539062,9306857
2023-03-20,731.9259666310496,736.6280303590794,725.9635022409798,731.780517578125,3566109
2023-03-21,736.821961270515,742.6389767542296,732.119897424009,733.864990234375,5332221
2023-03-22,737.7914689194583,739.924386446221,730.1808972788135,733.6226196289062,2680654
2023-03-23,734.8829444725153,742.4450526468511,733.7679928529618,740.263671875,2454948
2023-03-24,740.2636948103384,743.6084905988889,735.7070207776568,739.197265625,2336818
2023-03-27,739.7304939893492,746.2261733335719,736.1917857811085,738.5186157226562,2258853
2023-03-28,742.2511400269615,742.2511400269615,720.146493381721,725.6242065429688,4166723
2023-03-29,728.096523786721,731.8776079658984,716.3170423755323,720.9221801757812,4891868
2023-03-31,729.2114276606266,730.0354812275742,719.4194155821455,726.157470703125,5796532
2023-04-03,731.9744361761487,738.6640275404999,729.1143917762091,737.3551635742188,2120667
2023-04-05,744.577972900535,744.577972900535,732.9439420739641,740.166748046875,3197932
2023-04-06,739.3426459800661,745.2566472394413,735.9493869402373,742.5905151367188,1777379
2023-04-10,745.4990679247692,752.6248886694224,743.0753113213163,746.274658203125,1701065
2023-04-11,752.3340224606845,752.3340224606845,744.7234506710112,750.5404663085938,3485481
2023-04-12,750.3950162826383,750.9282308806487,741.7664194284957,747.5834350585938,3794841
2023-04-13,746.5169657525968,747.631917357957,742.1057409715339,743.6569213867188,4292170
2023-04-17,764.9375433569343,764.9375433569343,731.3442549506595,736.482666015625,9083437
2023-04-18,741.6695398780695,741.6695398780695,729.5992198453044,736.5796508789062,4051481
2023-04-19,738.1307334465896,743.4629974042156,732.9439185391218,741.3301391601562,3429794
2023-04-20,740.6999666412795,750.152616739123,739.3426393679902,748.746826171875,2355441
2023-04-21,746.1292406534825,751.6069544781593,741.1363373437194,741.8634643554688,4524208
2023-04-24,741.8633806253393,743.9962981204891,732.6046428887988,737.0643310546875,5271105
2023-04-25,741.6209995670447,753.3034936505582,738.5185795216379,749.0376586914062,5773233
2023-04-26,756.1151201661215,756.1151201661215,743.7054392392857,749.86181640625,5057352
2023-04-27,748.4560062629133,765.1314627967837,747.8258059042053,762.5137939453125,4129769
2023-04-28,765.7615896570142,777.5895329756942,763.1924433225362,774.9234008789062,6572656
2023-05-02,775.8445030744277,782.1947336578447,764.5013101263129,766.1010131835938,6301210
2023-05-03,770.2697757864532,770.2697757864532,753.4973935103067,755.5333251953125,3908267
2023-05-04,755.5333711326754,768.5247297588819,750.0557168977118,765.0344848632812,2457671
2023-05-05,765.0344604810927,766.8280757542876,756.4543863369626,763.2893676757812,1438467
2023-05-08,765.8101630949411,771.0454418746505,761.2534888278593,769.542724609375,2489174
2023-05-09,772.5966226206699,774.0023540098479,766.3917824957996,769.397216796875,2486331
2023-05-10,772.6935612643697,773.2267758520748,764.0165012824242,771.7725219726562,2737334
2023-05-11,770.3182960850698,770.3182960850698,759.799216311197,764.5497436523438,4808171
2023-05-12,763.4833089524111,769.4942369973248,760.5748011087828,767.797607421875,2576010
2023-05-15,768.8155308573095,778.0258051866215,765.4707351871797,772.7420043945312,7569060
2023-05-16,776.426114366628,776.8139390665477,760.0900196295456,763.3378295898438,4846217
2023-05-17,763.9679931563585,773.323716234431,759.9930564553703,768.08837890625,6529233
2023-05-18,773.6145946867207,778.5105708755359,770.4152480110216,774.9718627929688,11383252
2023-05-19,774.9718566519057,783.6973797930737,769.0579146368326,781.1766967773438,3432240
2023-05-22,776.5715763489428,779.4800841255307,775.1173224606489,777.3956298828125,9996762
2023-05-23,784.2791119539954,784.2791119539954,773.6145837367858,775.5535888671875,6516636
2023-05-24,778.413665529164,778.413665529164,770.754571277164,776.9594116210938,9104329
2023-05-25,775.2142566427815,800.3243976960805,773.5176270898219,797.6098022460938,9570396
2023-05-26,802.6512010745422,804.0569324615277,788.5934138147607,793.004638671875,6150206
2023-05-29,804.1054490464463,804.1054490464463,793.053096163908,796.2039794921875,3684829
2023-05-30,796.2040364525558,801.148476205777,788.0117273782038,793.4894409179688,5148256
2023-05-31,794.0226903698606,861.6455019123487,793.0531876954162,823.9803466796875,47342125
2023-06-01,812.3946714705952,812.3946714705952,797.9005965514676,802.6996459960938,9713155
2023-06-02,807.401781059285,813.7035481748123,801.7302143248082,810.9889526367188,6834131
2023-06-05,812.9279371916426,815.6909959562494,806.7716192974345,809.0499267578125,5298053
2023-06-06,809.049906881744,812.6855415741426,800.9545839695002,804.1539306640625,2722174
2023-06-07,803.6207223555764,821.6534469012576,802.0210194089267,818.5025634765625,4110739
2023-06-08,821.847342320553,823.4955085281051,809.0983598261323,810.504150390625,4050621
2023-06-09,812.9764207962053,814.1882990870511,803.669219192008,808.0804443359375,3332436
2023-06-12,809.389251905536,817.3876486516508,806.3838174037664,810.843505859375,1569715
2023-06-13,812.5401760819271,818.2602655890751,807.3533603901685,808.904541015625,3224345
2023-06-14,806.626119478519,808.5166612807947,794.0225863616671,802.6996459960938,5108720
2023-06-15,801.7786324726594,808.3712381721482,799.0640370874277,804.3963012695312,3865201
2023-06-16,797.4158896121849,814.3821851358484,795.7677233551376,812.249267578125,4907797
2023-06-19,814.3821980615268,814.3821980615268,802.2634153522778,802.8936157226562,3017364
2023-06-20,802.845092324834,808.2743424765482,801.6332140553098,805.8505859375,2691557
2023-06-21,806.6261406808701,815.1092881940403,805.0749602336725,813.4126586914062,3022724
2023-06-22,811.1828594058168,817.7754654310934,809.2438541528682,817.0968017578125,4380046
2023-06-23,818.260218408469,836.4383926918325,815.6910127735891,828.7308349609375,7667340
2023-06-26,831.2029906877177,831.2029906877177,820.5384625977553,825.9677124023438,4431992
2023-06-27,830.3789211505406,844.7760101244608,827.5673401298056,838.5227661132812,5533649
2023-06-28,842.982489901243,846.957426793673,837.2624010328767,845.6001586914062,6272649
2023-06-30,853.162317745377,856.0708256467817,840.6072468028977,851.950439453125,5217511
2023-07-03,853.1622493039084,857.1857085809171,847.9269118318657,852.3381958007812,3333167
2023-07-04,847.1513597366053,847.1513597366053,827.2765564438464,838.7651977539062,7397493
2023-07-05,841.528287309829,844.4367952152777,836.7292374310897,840.219482421875,4284477
2023-07-06,837.9895187517784,851.1263258522197,837.1170019471442,843.1279296875,6365222
2023-07-07,838.6197633579131,856.6524883571523,836.1960068164162,843.903564453125,18763997
2023-07-10,840.5587123857246,862.4694463862603,838.6197072821819,858.3975830078125,4310681
2023-07-11,862.857323226275,865.911280118427,859.2701517331698,864.6994018554688,3353977
2023-07-12,862.8088989257812,868.3835391873391,856.1677702403734,862.8088989257812,3033186
2023-07-13,864.1661432922934,866.0566852505353,856.3131956795894,858.0582885742188,4228714
2023-07-14,858.0097354688822,863.0996237301383,852.8229206245261,859.4639892578125,3860080
2023-07-17,858.9792844685993,869.3045105981304,849.2842586845293,851.3201904296875,5614592
2023-07-18,850.3022791884293,853.3562361761226,836.8262279869901,848.7510986328125,4731911
2023-07-19,848.7510097061052,850.2537268069912,840.7526137583769,844.1943359375,6641825
2023-07-20,844.4367921049469,859.6579952554796,841.5282842102112,857.8643798828125,3779959
2023-07-21,851.3202148236536,864.6993981280341,848.1208680579838,858.9793090820312,7001587
2023-07-24,858.0098247940927,865.3780210889284,853.9379019264227,861.0637817382812,4125577
2023-07-25,860.9183013736554,867.4139805723717,852.2897046385892,856.7009887695312,3652262
2023-07-26,859.4640535605098,869.1590795453999,856.3616334105965,862.275634765625,2845581
2023-07-27,862.2270576725728,873.9096105832419,861.0637019670814,867.8502197265625,3445446
2023-07-28,872.455417654135,872.455417654135,863.3905327957872,867.8017578125,2314339
2023-07-31,866.7353129143912,870.4194109108225,858.2521652768063,862.7603759765625,4424817
2023-08-01,867.220028805937,870.0316098634006,861.0637112983309,864.4569702148438,2087412
2023-08-02,856.264689083808,863.4874951276884,845.987926248449,851.3201904296875,3328903
2023-08-03,848.3147641849321,855.1497455930452,838.7166648978001,845.1154174804688,4642067
2023-08-04,842.4978127783252,865.7174133542032,839.7832171610844,862.51806640625,7066276
2023-08-07,858.155208651753,873.0855124670898,857.1371836318807,864.214599609375,4086452
2023-08-08,864.7962761800073,867.0261202143333,853.5985335417967,858.3975830078125,3282856
2023-08-09,858.0097922159422,870.0801112971183,851.9988643227318,856.7494506835938,3185159
2023-08-10,855.1012800568323,856.943358638016,841.7221562172219,848.120849609375,3439922
2023-08-11,849.2896284543091,850.9453655365079,842.4719364827722,847.8773803710938,2812690
2023-08-14,847.8286658209527,847.9260376390342,835.2646101195944,844.468505859375,2665905
2023-08-16,847.3417054901156,851.2375294234035,830.9792568594177,834.631591796875,3962408
2023-08-17,834.8751005617859,837.4560483113703,827.8626054267071,834.3881225585938,3013019
2023-08-18,834.3880601255954,839.5500146840784,830.0539443323734,833.9497680664062,4929835
2023-08-21,833.3653757105167,851.2374423991439,831.8556965342617,849.2408447265625,3220142
2023-08-22,848.3156494929071,857.0325673096432,843.6406727280962,854.79248046875,3333869
2023-08-23,854.1594653878683,854.1594653878683,844.2251016778255,845.5399780273438,1860153
2023-08-24,850.2635620789201,851.9192991175547,841.6927614293203,846.8060302734375,2842728
2023-08-25,846.8060394828711,853.136753358723,838.6734713750204,850.7505493164062,3124339
2023-08-28,851.2862051365809,852.9419421775066,843.2997542798929,847.6825561523438,3094455
2023-08-29,847.341722003566,847.341722003566,826.4016679540526,832.9271850585938,14064286
2023-08-30,837.4559892573654,840.134368086054,834.1445747365004,835.4107055664062,3261665
2023-08-31,833.2193630820558,837.1151871058175,824.9894229427475,834.095947265625,12528190
2023-09-01,830.9305316538671,844.9554614831179,830.540925500741,843.3971557617188,4427899
2023-09-04,843.2023912019934,846.8060402235877,837.3099694015035,842.7640991210938,3102649
2023-09-05,840.6213255914024,845.1989302762921,836.0437803520641,843.3484497070312,2216754
2023-09-06,844.5659279780546,859.4187562534942,843.2510517748638,857.3734130859375,4235096
2023-09-07,857.3734420362485,860.6849161647449,850.4096924081529,852.503662109375,4532834
2023-09-08,858.8343598514836,867.4539058271677,855.2794562391008,862.7788696289062,3741470
2023-09-11,864.8729107295051,869.0609095567643,860.5874806368574,867.5999755859375,2733894
2023-09-12,871.5931898904943,873.15149560806,861.9510023570922,867.2103881835938,4106031
2023-09-13,864.9215544457617,894.0915465293764,862.4866646131653,891.3157958984375,5222561
2023-09-14,896.3316734116396,896.6238483155203,886.3973105608121,891.1210327148438,5513106
2023-09-15,888.8321503511669,923.9919947913129,886.2998887330076,911.7688598632812,14003428
2023-09-18,905.1947209627322,911.4280036319391,894.0915988975468,896.2343139648438,2977375
2023-09-20,887.2738643470045,895.3576867872904,881.2353256094291,886.981689453125,5241903
2023-09-21,886.4946883163486,896.1855615880683,879.8230546117438,894.0428466796875,4896202
2023-09-22,894.0429130298404,898.3282837190831,880.2614119912647,887.6635131835938,6112928
2023-09-25,888.2478810329368,889.562697868085,878.5570068452753,886.6895751953125,5278045
2023-09-26,886.2999334544942,896.9647632241839,884.3520215128359,888.9296264648438,5355047
2023-09-27,891.1210650451779,897.0621729399994,883.8163949553692,896.2830200195312,4713145
2023-09-28,901.8832192063088,907.7269549679048,894.6759213221188,901.5423583984375,7386917
2023-09-29,907.7268953543577,912.0123250763108,897.7925333229574,902.2727661132812,5608557
2023-10-03,894.3350385534674,904.0745979169683,892.1923236043867,901.201416015625,4338272
2023-10-04,894.3837222764186,901.8345089495174,894.3837222764186,900.1787719726562,5603669
2023-10-05,900.9579757130341,905.3894635737631,895.4551600426539,904.6589965820312,7063132
2023-10-06,904.9999309922357,904.9999309922357,900.2275227934304,901.9319458007812,2420855
2023-10-09,894.0916083871303,903.8798543022572,892.6793602974075,900.4710083007812,2248103
2023-10-10,900.4709827828386,929.2026839810675,897.062136877964,923.651123046875,7897875
2023-10-11,923.7972168197974,931.8810393003275,923.3102388457227,930.7122802734375,5645289
2023-10-12,930.7123290543776,931.8810881425253,922.3363312395065,925.5990600585938,5544735
2023-10-13,921.6544793024011,931.0531777503863,921.6544793024011,929.3487548828125,4421671
2023-10-16,933.0011320749472,933.7802849607709,919.2683172493909,921.8980102539062,1881721
2023-10-17,921.8980480582716,935.2412572653051,921.3623841426489,928.8131713867188,3863410
2023-10-18,928.1801137674587,933.9264782290278,925.8913408328247,928.0339965820312,2334392
2023-10-19,921.1675353766442,926.5242931583757,916.8334194641325,918.3917846679688,4306963
2023-10-20,913.3758929916157,922.8232777505742,912.5967401079557,920.5831909179688,3125104
2023-10-23,917.0769399238259,924.3816098768477,912.5967661308616,914.8368530273438,2180066
2023-10-25,900.5196893340426,915.1777746174395,895.0655595394459,898.57177734375,6365249
2023-10-26,897.6465266558724,900.5196491569232,876.6090424319761,881.9171142578125,6595332
2023-10-27,887.0303836933224,894.481170507782,882.8423849869006,890.7800903320312,3508393
2023-10-30,890.9749616211362,907.6783312626092,886.6408454118229,902.1267700195312,3686768
2023-10-31,896.3316314744178,899.4969882503947,888.6374152862979,890.5853271484375,5697563
2023-11-01,879.4821830733935,890.7313618980128,872.1288278725766,889.6600341796875,4821458
2023-11-02,896.0395387054137,901.8345889155006,892.5333208104419,899.7892456054688,6611573
2023-11-03,900.9092746420058,909.3827034926146,898.1822098078761,906.509521484375,3895154
2023-11-06,909.8697218739937,916.2004359768644,905.779094718412,914.739501953125,2760800
2023-11-07,911.6714716549412,914.4959677394264,908.165253949526,912.7428588867188,3616946
2023-11-08,917.2716759689886,917.2716759689886,910.0644378094457,912.3532104492188,1808553
2023-11-09,912.3533013582032,912.8889652798705,906.3147621475856,908.06787109375,3914416
2023-11-10,904.8050894642947,912.5967371668936,904.8050894642947,911.1358032226562,1345614
2023-11-13,913.570671530331,915.8107583027553,909.4800446940695,910.6488037109375,1656368
2023-11-15,923.3102667557565,927.8878717395428,911.8175981093002,925.2581787109375,4816316
2023-11-16,924.2842213561406,929.056629417445,918.68397449334,924.8198852539062,5310736
2023-11-17,924.0893518279148,929.1539344287962,921.3622871799174,922.62841796875,3249469
2023-11-20,924.2842498700766,939.1857648756039,917.4178719155799,936.361328125,4646962
2023-11-21,941.8154786191174,950.9219436982764,935.9717424539523,945.565185546875,5704644
2023-11-22,948.9253233809827,950.8732353901588,940.7928145208957,944.4938354492188,3309732
2023-11-23,944.7373410408093,955.4508572794164,938.601429993264,951.2141723632812,2749555
2023-11-24,949.6070926594117,951.7011218214473,945.711268689527,947.8052978515625,2322104
2023-11-28,948.6818095377297,962.2685073350635,945.9060587755622,959.249267578125,5096984
2023-11-29,969.9627470142691,980.8710060149546,965.1416532092849,969.4757690429688,5647918
2023-11-30,969.0861280210432,991.6819169655184,966.8460413227681,988.2730712890625,9934052
2023-12-01,988.56524617222,995.918601385179,981.9423578899301,988.2730712890625,5544950
2023-12-04,1009.0183240192036,1016.8099713089273,998.4995526216359,1005.9990844726562,5164902
2023-12-05,1011.7455654354088,1018.7092558951329,995.4804284975636,1004.2460327148438,4266159
2023-12-06,1002.2980228524142,1008.0443866122897,987.0556482294245,997.7691040039062,4121251
2023-12-07,988.565333557129,993.1429386164061,972.0080816650391,973.9559936523438,13805235
2023-12-08,972.6897820796194,977.8517365287585,965.4824845461071,974.1994018554688,6630766
2023-12-11,970.1575225968501,978.4361483815986,966.213012788522,974.7838134765625,6195119
2023-12-12,973.2255359257744,974.7838417522364,961.2945748899067,969.3297119140625,7119331
2023-12-13,967.3331253925245,975.9039264301448,965.6773882789307,973.858642578125,4153219
2023-12-14,979.7997217472108,984.8643047626496,973.1281470224825,979.0205688476562,6541673
2023-12-15,973.6151354478703,984.5233950496307,962.5120133121887,966.7000122070312,10119597
2023-12-18,969.086190762769,972.7872115619983,956.5708803185773,964.4598999023438,5750263
2023-12-19,969.5244788758192,971.9593687924065,960.2232112835669,962.706787109375,3912964
2023-12-20,967.0408823161857,967.7713492755003,943.7633114344723,946.2468872070312,3990591
2023-12-21,942.7893915795579,955.9864832605945,934.997743715264,952.4315795898438,4294277
2023-12-22,956.3273489938053,972.9332856686277,950.1426931868274,963.778076171875,4605120
2023-12-26,969.0861519629838,976.3908214501419,963.8755115070319,973.809814453125,2460643
2023-12-27,973.95594292173,997.3796309054401,972.0080310358865,994.6038208007812,4791379
2023-12-28,997.2335085720063,1014.8133419160496,995.5777715885023,1009.7000732421875,5288328
2023-12-29,1006.2425902079136,1016.0795212967884,997.7204758428554,1005.3172607421875,4631749
2024-01-01,1005.0738086978541,1005.0738086978541,980.7736549717309,986.6660766601562,3804406
2024-01-02,990.9028215563916,998.7430957319624,989.5392594285636,995.0908203125,6865791
2024-01-03,1005.0738397989002,1009.9923651218498,994.7499300474296,1008.2391967773438,3604276
2024-01-04,1008.2878326806181,1031.2245413910096,1000.7884199022202,1020.6083984375,4664043
2024-01-05,1026.354900866207,1035.948343879691,1011.8915588642936,1019.3423461914062,4008221
2024-01-08,1022.653787292214,1031.4193911832901,1018.0274963497017,1021.7285766601562,4489695
2024-01-09,1029.4714533213216,1040.087597100681,1020.7545950052714,1036.776123046875,3371125
2024-01-10,1039.1622620410842,1045.346977488517,1027.815770240984,1035.02294921875,3111573
2024-01-11,1037.9935634425103,1045.9313282876392,1029.812309607599,1035.1690673828125,2604325
2024-01-12,1030.5426880846878,1050.4601570732514,1024.2119748939601,1048.3173828125,3394013
2024-01-15,1049.9732827828525,1075.9291143141684,1046.564436882113,1073.6890869140625,3312897
2024-01-16,1078.1691628944131,1087.9087217281476,1064.5337805271847,1067.3582763671875,5025540
2024-01-17,1063.560043408777,1080.0685514711724,1050.703870660285,1056.98583984375,4568700
2024-01-18,1047.1974181694297,1067.455750033071,1047.1974181694297,1058.7388916015625,4407330
2024-01-19,1062.5859372829862,1106.754815664053,1061.4172377040122,1095.700439453125,11753391
2024-01-23,1115.179636268418,1142.0121720163006,1105.440076126336,1127.841064453125,18194595
2024-01-24,1110.4071808376661,1162.903431551066,1110.4071808376661,1158.9588623046875,9546592
2024-01-25,1155.111715446756,1169.3801933828981,1126.91573925768,1130.3245849609375,11424697
2024-01-29,1127.840993587094,1139.2849760349768,1127.840993587094,1131.8829345703125,4015858
2024-01-30,1131.8829670270381,1150.095896314162,1124.4809253501203,1128.47412109375,3902023
2024-01-31,1128.8149678000045,1144.4470086551455,1116.3482838433536,1140.210205078125,5981966
2024-02-01,1134.7074023036857,1139.7231802236747,1119.0266167385205,1121.218017578125,3606209
2024-02-02,1124.9190584123605,1144.5929199294526,1115.4717337899262,1120.8284912109375,4969983
2024-02-05,1124.2861644030943,1129.4481791249268,1081.091236523813,1084.548828125,7809331
2024-02-06,1095.7004217806023,1125.9904274400494,1093.752509919659,1104.5147705078125,9863065
2024-02-07,1109.1409800775912,1118.3448153911254,1102.3232890627967,1104.7581787109375,2770694
2024-02-08,1114.5952094744005,1116.6404931847862,1087.1295804355839,1112.40380859375,6519392
2024-02-09,1116.104840617232,1116.104840617232,1087.1783947151862,1091.07421875,4203171
2024-02-12,1093.655261901001,1099.5963699711601,1082.3573956068903,1089.5645751953125,3887976
2024-02-13,1082.065119492626,1095.7005035366376,1075.052683826437,1088.7366943359375,3211554
2024-02-14,1081.0910778999728,1091.9507102534951,1075.9290639355402,1086.7886962890625,4653070
2024-02-15,1093.0708758983699,1101.9824782632727,1080.5068196104696,1091.512451171875,5056712
2024-02-16,1094.7265123639788,1097.6971256345778,1087.7627033870003,1090.8306884765625,3091952
2024-02-19,1091.8534400094181,1115.1796390514723,1089.2236874298242,1112.4525146484375,4711035
2024-02-20,1115.1795616545007,1121.6076471399647,1105.4400021640683,1114.1568603515625,5397418
2024-02-21,1124.9191132934343,1128.9610542319738,1103.1024764089161,1110.21240234375,4570259
2024-02-22,1107.9722463371231,1109.0923194390366,1069.0627543444195,1105.9757080078125,8642368
2024-02-23,1097.6483531378387,1102.3720157063062,1086.2531161053616,1096.430908203125,6709844
2024-02-26,1088.9800439952412,1096.5769474041383,1075.588150665588,1081.1397705078125,3186134
2024-02-27,1084.0130141569084,1101.5442219330307,1072.6177766588735,1098.1353759765625,7149094
2024-02-28,1103.881702167964,1122.6303542846065,1094.2395144440407,1099.352783203125,5302711
2024-02-29,1089.7105820495756,1108.3131167656215,1070.3775803769483,1094.0933837890625,13818650
2024-03-01,1098.6224775072435,1111.0404177450248,1088.2985666564111,1099.30419921875,5927490
2024-03-04,1102.5181919765935,1119.318932976237,1102.5181919765935,1103.9791259765625,5855090
2024-03-05,1103.540855690301,1149.0245517814026,1103.540855690301,1138.4571533203125,5375008
2024-03-06,1143.3755754449699,1165.4357021756023,1127.207929951227,1162.6112060546875,5464839
2024-03-07,1178.340633151784,1181.9929681218111,1158.471907136613,1168.4549560546875,8903981
2024-03-11,1155.1117596273702,1186.5705844485385,1155.1117596273702,1165.4356689453125,6679208
2024-03-12,1168.7471617448618,1176.5388094898276,1166.60450617144,1172.886474609375,4249548
2024-03-13,1180.4346306818181,1180.4346306818181,1121.7050383810565,1138.31103515625,7528096
2024-03-14,1143.3754581908079,1168.4548221100479,1133.246412147955,1163.4876708984375,8569080
2024-03-15,1159.0076383997182,1190.953442712055,1156.9136092243868,1188.226318359375,10115416
2024-03-18,1193.0960713146433,1198.5015745411251,1183.551255187682,1193.3883056640625,4141080
2024-03-19,1184.525176104975,1208.0949813753457,1182.966870366786,1196.3587646484375,7703719
2024-03-20,1196.26140294043,1206.7314294672847,1191.7812293211134,1199.718994140625,6596032
2024-03-21,1205.7576120456035,1210.5300205564802,1182.4800382448511,1189.005615234375,9952250
2024-03-22,1194.995140116917,1212.575091611989,1190.1741059838155,1203.9068603515625,7840007
2024-03-26,1193.0960814432694,1201.8616853069343,1178.4867416704947,1181.5059814453125,10898138
2024-03-27,1179.0224940614855,1196.261467861563,1179.0224940614855,1192.9013671875,5779169
2024-03-28,1194.9952437744073,1206.2444829155709,1188.5185316112454,1196.602294921875,10518377
2024-04-01,1196.0179184201083,1199.8163704408694,1176.5387992275982,1185.645263671875,5461473
2024-04-02,1193.0961117940785,1195.774490820555,1171.8638232277463,1176.7823486328125,3625577
2024-04-03,1163.877430127516,1208.289800335749,1158.4719267240346,1193.77783203125,9532291
2024-04-04,1199.8649714618873,1200.8876727542518,1170.013317045236,1175.418701171875,7327626
2024-04-05,1174.4935352030195,1179.8015477156234,1157.9849100756255,1159.9815673828125,4227519
2024-04-08,1157.059689922952,1179.0224445566369,1152.2872819017819,1173.32470703125,4827733
2024-04-09,1183.3077140613948,1183.3077140613948,1167.0914428785984,1173.0811767578125,3372798
2024-04-10,1181.6520573424636,1198.647541127975,1177.2692555637361,1197.3814697265625,6442196
2024-04-12,1194.1674404084774,1199.7676874675049,1187.7880998759063,1193.6318359375,7877073
2024-04-15,1179.0710797261943,1202.8356292978308,1178.8275907324091,1192.6578369140625,4281602
2024-04-16,1192.0247199747096,1201.812906011378,1180.483365658374,1184.7686767578125,5235632
2024-04-18,1188.2263036521085,1248.4654576451017,1184.1357360648326,1232.7847900390625,19939924
2024-04-19,1246.6635958107058,1262.7338687254532,1220.7076463853323,1255.42919921875,13103862
2024-04-22,1270.0385601244834,1271.4021222341269,1254.6987538959859,1263.756591796875,7894656
2024-04-23,1275.882199577303,1315.81439055644,1268.187924366518,1307.3896484375,12074766
2024-04-24,1316.7884152681422,1318.7363271250476,1298.8189759446304,1301.5947265625,6277492
2024-04-25,1296.3354252856163,1308.802109539023,1289.8585941609256,1303.8348388671875,8512627
2024-04-26,1303.1530474494486,1310.6524606294493,1287.5697524126838,1291.465576171875,5289771
2024-04-29,1290.0046563442759,1310.9447092785167,1285.6218545673419,1297.74755859375,3195888
2024-04-30,1288.689899364918,1300.0365104919558,1285.5731688443097,1287.862060546875,5272565
2024-05-02,1280.9955391518947,1285.5244580124624,1259.909369452641,1270.0872802734375,7995432
2024-05-03,1271.9864638990962,1276.3692656506628,1225.382695718993,1244.13134765625,11290875
2024-05-06,1241.7938438479712,1264.633063458771,1240.0406755708013,1249.97509765625,5555467
2024-05-07,1252.8483081015418,1260.7373281202838,1237.898106906504,1252.653564453125,5767030
2024-05-08,1242.913968256028,1265.5584451663512,1241.501660726953,1255.0396728515625,2682816
2024-05-09,1249.5854705648264,1261.565176178905,1236.972788702863,1242.2320556640625,4809145
2024-05-10,1241.8424710585596,1274.421247129544,1238.6283691532271,1267.2626953125,5532513
2024-05-13,1267.2629435916142,1268.9673666863177,1248.0273115228179,1252.458740234375,3703942
2024-05-14,1256.9389093085642,1266.0453737387672,1247.345348008193,1250.8516845703125,3262908
2024-05-15,1248.1732849339446,1283.9174204462504,1247.150583638478,1275.784912109375,6891004
2024-05-16,1293.4136129046956,1321.5122207019995,1286.8881550345902,1310.0682373046875,11932181
2024-05-17,1318.346779513014,1324.5801215101071,1304.3705350973612,1309.43505859375,6614017
2024-05-21,1320.684422964219,1327.2586263971161,1300.9618126655278,1309.2891845703125,5422220
2024-05-22,1307.194919656203,1315.8144054920501,1294.923099238124,1312.795166015625,3026723
2024-05-23,1315.5709399906789,1341.4295168506565,1309.288971953605,1338.26416015625,7147341
2024-05-24,1339.6764627689502,1361.3469835225737,1338.264274141451,1352.337890625,5622368
2024-05-27,1359.6425090570644,1370.356024529577,1342.1113019202255,1348.2958984375,6553974
2024-05-28,1348.7341787903242,1350.8280888638621,1331.300344390291,1335.34228515625,2068963
2024-05-29,1320.1973160575162,1354.0422859822663,1320.1973160575162,1341.2347412109375,4445083
2024-05-30,1342.890620562275,1350.3412890724555,1327.98904575968,1341.2835693359375,7100303
2024-05-31,1344.0593503147195,1351.850998722341,1303.1531961747064,1336.9981689453125,24825643
2024-06-03,1378.4397986474246,1383.4555762951754,1348.9288880527201,1354.8699951171875,6017122
2024-06-04,1354.870189542873,1360.6165538132204,1187.3011283910964,1265.8505859375,19924421
2024-06-05,1291.1247179304962,1313.6230764062013,1246.5174882428921,1309.337646484375,12175520
2024-06-06,1323.6061870572157,1340.4069278421582,1294.3875074312286,1334.904052734375,10279789
2024-06-07,1334.9040201086787,1393.3901232870458,1327.6480957353415,1388.1307373046875,12280748
2024-06-10,1384.040254064603,1399.2339442454434,1384.040254064603,1388.9100341796875,5318477
2024-06-11,1388.861168358075,1397.237165651298,1376.1997411570546,1390.07861328125,4416792
2024-06-12,1387.8873201247216,1410.1421912692,1385.062823905543,1400.9383544921875,4876138
2024-06-13,1411.2621512937271,1418.0310974926274,1383.4556617638991,1388.61767578125,7990376
2024-06-14,1396.6528168660566,1396.6528168660566,1383.9426443025695,1390.2247314453125,3978442
2024-06-18,1406.392336136189,1406.392336136189,1381.069482438446,1391.14990234375,8671131
2024-06-19,1396.604067594436,1397.4320252533494,1352.143074205882,1356.0875244140625,8640918
2024-06-20,1369.333233919586,1370.3071898081141,1340.4067915867427,1345.17919921875,8742855
2024-06-21,1348.8802841285958,1386.8645672692987,1337.0954405734203,1379.17041015625,43929578
2024-06-24,1365.4861692913473,1386.71845542878,1353.1656034007622,1382.8226318359375,6195831
2024-06-25,1396.652908438851,1396.652908438851,1373.1318471858735,1378.0989990234375,6353748
2024-06-26,1378.0989825554032,1441.4061220000974,1372.255246606662,1421.48876953125,9579826
2024-06-27,1425.8715298921716,1450.220428968199,1402.5453321337807,1437.3642578125,19675528
2024-06-28,1496.2397248720124,1496.2397248720124,1399.2337427285056,1406.4410400390625,29145832
2024-07-01,1412.236134189359,1428.5986417833064,1411.505667223399,1416.1319580078125,6011806
2024-07-02,1423.9237280538828,1435.0268506691887,1380.095706328558,1381.994873046875,7792632
2024-07-03,1390.7603573419824,1395.0945326731442,1371.7682162337367,1382.871337890625,8261388
2024-07-04,1381.0695120944865,1403.567870353912,1374.73879853411,1385.988037109375,9570938
2024-07-05,1385.4524081159811,1396.2632959230573,1379.9495329452416,1392.46484375,4881198
2024-07-08,1393.7310081213777,1401.3765387902226,1386.085477452533,1397.77294921875,3261797
2024-07-09,1398.6007081957132,1404.1035829497737,1390.955177963254,1398.1624755859375,2897480
2024-07-10,1403.4704700600194,1411.0186283826877,1389.0072485360947,1407.4150390625,3416762
2024-07-11,1412.2360944086286,1413.0639331685093,1390.8090640107046,1400.4998779296875,4178558
2024-07-12,1404.4446006467492,1409.8987306574452,1384.4297565970355,1395.9224853515625,6342135
2024-07-15,1395.9223729896842,1402.4965756882227,1388.909937667686,1400.1590576171875,3324806
2024-07-16,1414.1840352508098,1434.9293444813864,1407.3663436208128,1428.306396484375,6967651
2024-07-18,1427.819539987499,1447.249915229654,1421.05059313541,1445.0098876953125,6470342
2024-07-19,1441.4548726911237,1441.4548726911237,1414.1353594732016,1423.68017578125,3858596
2024-07-22,1412.2361616509463,1433.6631930690987,1411.3109510325157,1427.235107421875,3560584
2024-07-23,1431.7152799188873,1431.7152799188873,1391.2473616953482,1427.5272216796875,2936143
2024-07-24,1427.8194310577016,1437.1693844542099,1399.1364757187496,1417.3006591796875,4529339
2024-07-25,1407.3663841201364,1416.1319878966633,1402.593976063583,1411.4083251953125,4277756
2024-07-26,1412.4795665431911,1480.4129916536117,1411.408238814294,1474.9588623046875,9564987
2024-07-29,1485.2828552167043,1485.2828552167043,1438.5817139812525,1442.7696533203125,4589313
2024-07-30,1445.740158191306,1446.2271361401113,1425.9201794531516,1432.0560302734375,4263689
2024-07-31,1439.3608331912717,1464.9759232339618,1434.7832876037867,1452.7041015625,5634305
2024-08-01,1446.3246733007618,1471.647529533637,1446.3246733007618,1466.290771484375,4531379
2024-08-02,1455.1876232753134,1465.9498845389678,1444.9610853634856,1454.8955078125,3335905
2024-08-05,1443.4027515916946,1449.2464874280981,1413.6970944233094,1427.5272216796875,5111901
2024-08-06,1444.474111886535,1454.0189281905457,1393.828400164758,1405.9542236328125,8249573
2024-08-07,1422.065049527484,1424.9052860027007,1393.2711465147477,1412.0263671875,5700734
2024-08-08,1405.415569185815,1436.2661548508695,1400.5186508262825,1421.8692626953125,5986360
2024-08-09,1434.7969965083105,1451.446517969499,1427.255790491473,1433.91552734375,3615910
2024-08-12,1435.776393395482,1447.0393050762789,1415.2093372827228,1428.5289306640625,4028226
2024-08-13,1437.7351329192459,1447.920746327499,1420.4489883708943,1429.606201171875,4495208
2024-08-14,1423.1422539991775,1449.5856106185206,1423.1422539991775,1441.3587646484375,5891784
2024-08-16,1449.487739979176,1460.2609596682103,1437.8330511321242,1452.964599609375,7176426
2024-08-19,1456.3434786014188,1458.400160343048,1434.1115177044917,1439.3511962890625,4404075
2024-08-20,1449.4877646236089,1454.1398368411508,1416.6784131946285,1419.2738037109375,10046892
2024-08-21,1423.0444195151686,1436.3640130204067,1417.8536384360075,1433.2789306640625,6175510
2024-08-22,1443.3175606828124,1468.9774826849505,1434.7969712008999,1455.706787109375,6781325
2024-08-23,1462.2197544318794,1478.8692760831466,1448.8511440188054,1475.686279296875,6238112
2024-08-26,1477.889947916776,1489.3486889558953,1473.9724132635838,1482.34619140625,4307432
2024-08-27,1486.7043729990971,1494.8822025235036,1471.034234680266,1491.3564453125,3965066
2024-08-28,1496.4491531781878,1532.2456722824425,1490.279108109249,1524.263671875,6225319
2024-08-29,1532.7354741280556,1539.2972970264957,1514.0781670208744,1533.616943359375,8036748
2024-08-30,1543.5085470341537,1575.240599449903,1529.4053993434138,1556.28955078125,37820442
2024-09-02,1571.9106266778504,1571.9106266778504,1533.2249757409188,1538.954345703125,4890314
2024-09-03,1546.4468310879597,1546.4468310879597,1526.4673801004715,1528.4261474609375,4546295
2024-09-04,1525.8797206896243,1533.7147898587623,1510.2095823513482,1529.6993408203125,5213811
2024-09-05,1526.8591433049655,1530.7766779895196,1509.7199290600413,1515.3023681640625,5652812
2024-09-06,1520.7870543536687,1523.529256976365,1498.6528871318862,1507.516357421875,5497805
2024-09-09,1491.8461249392576,1514.861640406891,1491.8461249392576,1510.84619140625,3912508
2024-09-10,1513.2946377345995,1553.302435054624,1513.2946377345995,1545.3204345703125,6163457
2024-09-11,1545.90798806897,1565.9364543236159,1541.990453688051,1545.271484375,5994914
2024-09-12,1563.2431410168394,1618.7252452985024,1557.3178224761496,1612.7999267578125,12204496
2024-09-13,1616.9623870768355,1620.782007177514,1597.4237313112744,1600.7535400390625,5609618
2024-09-16,1600.7535265260701,1618.8721236843983,1596.4932316455206,1601.73291015625,3762063
2024-09-17,1615.9829651769596,1631.7021200233282,1604.7200536014839,1627.49072265625,4223072
2024-09-18,1621.0757257767227,1636.5010178466666,1613.877280054815,1620.781982421875,3171195
2024-09-19,1613.7302810479948,1676.4108303273815,1613.7302810479948,1630.5267333984375,8498240
2024-09-20,1636.5500772464218,1687.869804357462,1631.6531590021177,1676.4599609375,21646275
2024-09-23,1683.560492607718,1718.0837662344907,1683.560492607718,1714.362060546875,5001827
2024-09-24,1715.8800465057552,1731.1095091235463,1710.1016594247126,1720.4342041015625,7579205
2024-09-25,1719.3570687227157,1730.4730495895321,1709.0245230683695,1724.1070556640625,4017103
2024-09-26,1733.5090056407637,1742.3234582118184,1710.1507302382015,1734.5863037109375,7417423
2024-09-27,1719.014146607,1727.0940617756617,1686.9883488508633,1698.8388671875,7116861
2024-09-30,1678.6635070934378,1697.2717956784875,1669.0654998965256,1674.3052978515625,6907288
2024-10-01,1669.849119882148,1687.3310940886556,1661.0346670499255,1663.678955078125,3649090
2024-10-03,1630.6737191643795,1660.0552276177916,1630.6737191643795,1638.949462890625,7200276
2024-10-04,1635.6197364369107,1651.9263788050805,1596.5423043193828,1607.0706787109375,8576527
2024-10-07,1616.9623093920654,1635.570597628558,1608.5885318641795,1627.7845458984375,5387707
2024-10-08,1628.3232687656362,1644.8748767291975,1617.941825755662,1623.2794189453125,5224335
2024-10-09,1632.3876817078933,1669.4573285652077,1626.8052427822563,1643.503662109375,3414614
2024-10-10,1651.8284230480383,1663.9237870893628,1630.6737603381684,1643.503662109375,5047657
2024-10-11,1643.5037444187114,1655.4032801494823,1624.454779491234,1652.612060546875,2367678
2024-10-14,1651.2408849161884,1674.7951102478792,1644.7279595317334,1660.6429443359375,2069815
2024-10-15,1672.7872589373453,1697.0270040536798,1664.9031728053133,1681.8465576171875,5891334
2024-10-16,1684.539795014516,1706.3310801535117,1681.6995586587009,1698.2021484375,3299887
2024-10-17,1700.9445246354699,1702.1197371736191,1659.467651688099,1666.0784912109375,4373392
2024-10-18,1674.7460796655953,1680.7202961560074,1650.4573167706142,1672.640380859375,4154915
2024-10-21,1670.38787153984,1673.7176803855682,1627.7356647532665,1657.6558837890625,3836168
2024-10-22,1657.1170925704498,1677.5862342322007,1652.5629348060213,1657.3619384765625,3070057
2024-10-23,1655.1582851764588,1666.2742651336275,1645.4623636188348,1651.044921875,2764757
2024-10-24,1652.2202135555979,1658.0965154413911,1623.2304814964168,1643.846435546875,3669575
2024-10-25,1646.4417446081984,1650.016518655802,1621.7123087298432,1631.653076171875,3434386
2024-10-28,1623.964992196376,1643.2588019120608,1611.7226968047826,1629.0577392578125,2811651
2024-10-29,1616.4726411800116,1633.562837277717,1576.8076051498447,1603.348876953125,6990747
2024-10-30,1594.24076197634,1616.9624149586525,1584.4469254229866,1599.67626953125,4622628
2024-10-31,1600.3128373142442,1605.0139265182734,1569.119492884427,1579.35400390625,4921681
2024-11-01,1586.6014935253534,1592.8205557157842,1572.2534993182333,1583.1246337890625,279441
2024-11-04,1585.769041276362,1590.372096553199,1540.6194794782016,1558.4442138671875,6094029
2024-11-05,1550.6092399545469,1561.0397002496277,1533.7148711630005,1545.8592529296875,6473278
2024-11-06,1550.364313598837,1577.5422098100612,1534.2044834191904,1565.838623046875,6631728
2024-11-07,1563.0472282862656,1575.387557444631,1537.2895110140255,1543.312744140625,5160994
2024-11-08,1538.6117219378443,1546.936483004981,1526.71218661938,1537.534423828125,3096384
2024-11-11,1528.8178720850538,1548.9931512908813,1519.8075903593187,1528.377197265625,3664301
2024-11-12,1536.457166384607,1562.1169710021709,1518.1426198199647,1523.5782470703125,4479934
2024-11-13,1527.7405989044787,1540.0808091401138,1514.469902457352,1518.4853515625,5816699
2024-11-14,1518.044609948152,1535.6735150959369,1504.871948089745,1518.5343017578125,5139154
2024-11-18,1536.6038808689812,1536.6038808689812,1497.918227927031,1505.3126220703125,4816078
2024-11-19,1505.3125940233479,1525.8796496345974,1487.9775521153313,1494.0496826171875,6238241
2024-11-21,1506.2919644255667,1510.2585157944457,1479.8486074428033,1493.7069091796875,7356679
2024-11-22,1501.3951037772642,1542.5292162095182,1488.858945500254,1536.94677734375,7640321
2024-11-25,1549.3358840882354,1576.0731049816286,1530.3359373284065,1546.201904296875,12155641
2024-11-26,1557.2200520833335,1571.763875828849,1533.71484375,1544.73291015625,4030593
2024-11-27,1536.799872793933,1551.0988501218922,1522.109118096646,1545.1246337890625,4982785
2024-11-28,1538.6116670709862,1555.750880421554,1524.8512793880643,1528.230224609375,6714728
2024-11-29,1519.1709687648715,1614.9057203101715,1519.1709687648715,1593.6041259765625,10775801
2024-12-02,1593.6040315246044,1612.2612171719022,1583.8590930771338,1609.71484375,3790108
2024-12-03,1618.8232966936391,1618.8232966936391,1579.8927956995556,1587.1402587890625,9131055
2024-12-04,1596.1504133252606,1596.8849510212226,1549.7766240309302,1551.4415283203125,8772014
2024-12-05,1567.0138480869002,1588.6093055023152,1552.6658536296206,1582.04736328125,10324005
2024-12-06,1584.6428083636251,1591.155733804408,1561.92115460658,1564.908203125,4296866
2024-12-09,1562.9983056409765,1572.792141606452,1556.289551915358,1569.51123046875,4264409
2024-12-10,1577.346365866492,1578.6194928635823,1537.6813285309088,1546.10400390625,14645786
2024-12-11,1555.261135337031,1555.261135337031,1538.807443262631,1553.3023681640625,3853182
2024-12-12,1545.9570211024627,1584.5447590654203,1545.9570211024627,1577.3463134765625,13120939
2024-12-13,1584.6426646466664,1650.261365840317,1573.6736161491926,1647.078369140625,12900707
2024-12-16,1647.0784097525554,1652.220173778838,1625.9237473837254,1628.2742919921875,4375126
2024-12-17,1616.4726687729897,1624.4546692062916,1575.3385566321442,1581.9984130859375,6182486
2024-12-18,1587.9727378014427,1589.539727793647,1563.1942826397521,1568.874755859375,3905144
2024-12-19,1553.6941612863984,1576.5627443522937,1552.7636751375935,1567.3076171875,5865855
2024-12-20,1576.8076698307793,1588.8541364962953,1540.9622523031237,1545.5653076171875,9738879
2024-12-23,1553.3023687517234,1574.310098868295,1545.8100604015522,1554.183837890625,4363599
2024-12-24,1557.2199436637693,1565.8385672740658,1542.5291894782622,1551.2457275390625,3610076
2024-12-26,1551.2458086805107,1573.722615938572,1548.503486600974,1566.524169921875,3400479
2024-12-27,1566.524182984992,1594.877292461064,1563.3902030568186,1566.866943359375,2559578
2024-12-30,1571.9106569019648,1579.7947425976101,1548.5033652654029,1554.183837890625,4438130
2024-12-31,1550.3642851826976,1564.2714848972985,1531.1193729562094,1555.016357421875,2249626
2025-01-01,1560.158202120047,1573.4288988044955,1551.3927660061897,1562.802490234375,1405565
2025-01-02,1566.915906027072,1586.2097158702666,1555.6529941923711,1576.5137939453125,3728040
2025-01-03,1581.7046435888099,1583.6634109492913,1560.4520655490544,1565.8875732421875,3669685
2025-01-06,1563.2432301014803,1576.660738227019,1534.7920873704866,1555.701904296875,4584188
2025-01-07,1561.1374503989834,1569.9519027538083,1551.3926314503917,1558.0523681640625,2830856
2025-01-08,1565.7895498054065,1580.186441081448,1545.3204084022998,1566.230224609375,3674564
2025-01-09,1567.0138763872626,1586.7973787551834,1559.5705843851574,1573.9185791015625,4684859
2025-01-10,1574.84890484597,1591.4984268499386,1558.9829375813024,1582.5860595703125,4145892
2025-01-13,1547.4261337781222,1581.4106978820362,1545.5652809723395,1564.271484375,3705039
2025-01-14,1571.6168350423754,1599.7252164512684,1545.957032218217,1567.1116943359375,7284572
2025-01-15,1574.89790648964,1580.5782598563335,1560.1581349201829,1574.3101806640625,2960985
2025-01-16,1585.6711544133693,1601.2922758887987,1567.552556796279,1596.5911865234375,5299325
2025-01-17,1596.493273007769,1605.209811452933,1589.5396729640697,1593.9468994140625,2678801
2025-01-20,1604.2304692523621,1611.086155018398,1584.740710092469,1607.3155517578125,3933044
2025-01-21,1619.900566763861,1622.5448548131687,1586.895385383429,1592.624755859375,7958844
2025-01-22,1593.9468724639598,1607.168551590389,1589.0989712724024,1598.1092529296875,3262136
2025-01-23,1591.008815998553,1611.4779591794445,1583.8592671879856,1602.271728515625,2457080
2025-01-24,1600.3618846597449,1627.6376951212437,1600.3618846597449,1610.8902587890625,3620058
2025-01-27,1605.1607516842503,1613.2406666273066,1560.8436424511233,1569.5601806640625,6622807
2025-01-28,1574.5061166137216,1596.6891797430176,1564.075657043929,1584.9854736328125,5216471
2025-01-29,1586.601465377702,1593.3592362705992,1560.3050390752305,1567.4544677734375,5009227
2025-01-30,1573.5756453176868,1611.037069517956,1562.3127334666256,1606.9237060546875,4283637
2025-01-31,1605.3076448713791,1605.3076448713791,1541.7946419255927,1592.7716064453125,8340866
2025-02-01,1593.457234669187,1610.1067570965847,1576.024157482561,1589.7845458984375,2741589
2025-02-03,1586.503594361229,1626.7562383593265,1574.9468195002435,1618.2845458984375,4146970
2025-02-04,1627.8825396936547,1633.9057729850488,1595.4649651491256,1627.1968994140625,6385876
2025-02-05,1635.5706909498217,1640.6634380941864,1615.1015488110334,1626.217529296875,3920893
2025-02-06,1631.5551439002536,1632.926304834808,1579.990574057924,1586.3565673828125,5229162
2025-02-07,1601.3412685835613,1672.3465824915468,1601.292251580089,1642.1815185546875,14873255
2025-02-10,1663.8258611521812,1664.9521762409597,1643.4547533162563,1658.1455078125,6782878
2025-02-11,1670.828463566607,1671.4650868333297,1651.4366199780725,1661.7691650390625,8965266
2025-02-12,1668.8697656618085,1678.369739393697,1649.771784188566,1676.26416015625,7148192
2025-02-13,1674.7459579782233,1692.766640150242,1668.7717419218989,1679.2510986328125,5356002
2025-02-14,1678.663588859265,1688.555339888717,1670.093981856629,1681.6507568359375,5125863
2025-02-17,1676.4598637989536,1681.5037132090663,1631.8979103578247,1641.0062255859375,4906462
2025-02-18,1657.1171467569811,1660.985664378593,1621.6635062140265,1634.493408203125,7529598
2025-02-19,1635.570745505947,1638.949571380284,1604.671142582255,1611.281982421875,7776555
2025-02-20,1606.0421693158396,1615.7871078484175,1593.7019598914164,1609.616943359375,5524503
2025-02-21,1609.6169702047907,1624.5035533216353,1595.611736697941,1605.45458984375,5447583
2025-02-24,1593.4570976951254,1603.7896423701136,1565.0549736427845,1568.2869873046875,4673190
2025-02-25,1564.0756459615916,1615.1505258127734,1564.0756459615916,1607.560302734375,6286808
2025-02-27,1609.5191920486086,1621.859402723816,1604.8671194864478,1616.3748779296875,7568745
2025-02-28,1608.0990279635016,1614.4650220513863,1527.3488892394184,1537.8282470703125,13640211
2025-03-03,1546.4468191727033,1569.7071813990185,1540.3256712184098,1562.9005126953125,6993525
2025-03-04,1556.2406815759798,1557.7097571092486,1535.673624110218,1542.8720703125,5219668
2025-03-05,1545.467381786604,1592.5757108948412,1544.5859126010873,1584.8875732421875,6295425
2025-03-06,1584.642714704449,1598.1092396285444,1557.6606478532499,1593.3592529296875,5174009
2025-03-07,1595.416028168622,1608.5397935019837,1582.2922628352603,1597.0809326171875,3035558
2025-03-10,1606.1891532670866,1620.7819932654293,1593.0653887138053,1597.32568359375,3778450
2025-03-11,1596.3952520780103,1641.838674575503,1590.567967537595,1628.6658935546875,6078564
2025-03-12,1655.1583080000062,1681.2589052292008,1600.3128256047398,1608.9803466796875,9907628
2025-03-13,1616.766517959291,1622.7407340944999,1596.0035136084095,1598.84375,8317331
2025-03-17,1578.9622290826883,1614.4159879653216,1578.9622290826883,1605.356689453125,6405522
2025-03-18,1605.356689453125,1605.356689453125,1605.356689453125,1605.356689453125,0
2025-03-19,1601.2921285732214,1608.1968305270643,1593.9467518366469,1603.3978271484375,6283464
2025-03-20,1625.7767644842215,1674.4031837905209,1612.1633086299164,1670.0938720703125,12074465
2025-03-21,1674.4032671875652,1695.7048613976497,1657.1171219983034,1690.2203369140625,14715349
2025-03-24,1704.1275090711138,1704.1275090711138,1679.4959869689217,1683.3646240234375,4120999
2025-03-25,1689.4367543165135,1704.6172005147198,1670.9263798802256,1694.8233642578125,4857399
2025-03-26,1703.295125819835,1728.61216966309,1690.5631381679254,1702.70751953125,7142394
2025-03-27,1704.0784219460495,1710.395517805376,1677.9289280319506,1689.142822265625,6222339
2025-03-28,1697.5657818317122,1709.7590608367752,1625.776910204237,1697.6636962890625,4133264
2025-04-01,1679.6429856706595,1728.612168926364,1673.2279748426943,1688.6043701171875,6773056
2025-04-02,1684.5398635826323,1724.1069866147252,1681.552695654231,1718.426513671875,6431226
2025-04-03,1711.962673611111,1718.7693423695034,1699.6713605986702,1710.00390625,2341989
2025-04-04,1718.3285846256867,1734.292585669951,1704.1275219428298,1707.50634765625,7817334
2025-04-07,1694.333698317519,1738.161116236426,1634.9830736051072,1651.87744140625,14870388
2025-04-08,1685.2252618936348,1706.380042658806,1671.611925906969,1684.9315185546875,7206935
2025-04-09,1684.1970896124594,1691.2486039536727,1676.3130035396634,1680.181640625,5600666
2025-04-11,1723.7151821461289,1730.5708675296646,1696.6352009704297,1720.38525390625,8340002
2025-04-15,1770.9214425655305,1782.4782172903078,1744.380169944084,1761.71533203125,10313411
2025-04-16,1765.2410351158712,1788.8441561064058,1757.112103365754,1785.0245361328125,6180958
2025-04-17,1796.1895511403925,1858.5762396371617,1788.0606193088586,1850.153564453125,10894325
2025-04-21,1859.2619215563914,1865.040308929045,1830.0762413340394,1844.5711669921875,3501123
2025-04-22,1849.0762634330401,1849.0762634330401,1798.9318702122537,1814.0142822265625,6155127
2025-04-23,1828.5092503490482,1847.0196249997905,1798.2462720538554,1842.8082275390625,6855027
2025-04-24,1835.8546260356482,1839.0866398565374,1801.5761987690448,1807.5504150390625,5180688
2025-04-25,1808.6276562019516,1823.3184102823932,1768.7667912851523,1779.73583984375,4570083
2025-04-28,1798.1484111763282,1800.9886477190944,1776.0143642305343,1784.2412109375,3301891
2025-04-29,1786.1019171638043,1809.7051588045153,1780.1277008012419,1786.199951171875,4684155
2025-04-30,1799.127741000645,1838.2051720240217,1789.3339046315616,1826.060791015625,9139821
2025-05-02,1813.8185074238856,1844.767006641983,1794.3287490111354,1810.0968017578125,3866806
2025-05-05,1829.4886745440615,1834.875284667184,1811.0762139381034,1827.5299072265625,3548839
2025-05-06,1849.3702248690129,1872.5815699385191,1843.7876662389815,1861.808349609375,8597920
2025-05-07,1861.808309777994,1877.4784481033216,1846.6278632753329,1857.6949462890625,5554616
2025-05-08,1857.8906915674736,1866.509315079921,1824.0040428750249,1836.246337890625,5500724
2025-05-09,1816.7566326530948,1832.5246851767095,1798.638035508037,1810.292724609375,3686209
2025-05-12,1830.3701042090893,1844.5711669541938,1815.7772640982137,1832.23095703125,3936019
2025-05-13,1831.4473706707397,1844.8648784525835,1779.1482614157194,1783.0657958984375,8817763
2025-05-14,1792.2721344123156,1832.1330023671208,1782.6741265267808,1796.385498046875,7401614
2025-05-15,1811.7618129469204,1831.3494856755672,1787.3751364890218,1828.705078125,8788351
2025-05-16,1796.1894781581623,1796.1894781581623,1772.7821867839734,1776.601806640625,100662047
2025-05-19,1784.4369038893187,1790.9987261315525,1771.7049171985607,1780.813232421875,5799804
2025-05-20,1772.4885248335593,1787.2771935976427,1762.4008257173512,1771.6070556640625,12512596
2025-05-21,1775.622491413216,1788.8441701964914,1768.0812854101466,1784.9266357421875,6849562
2025-05-22,1782.380276828366,1798.83384993875,1778.8545197014028,1793.6431884765625,6496923
2025-05-23,1787.375067359596,1803.8287596367545,1783.9472247646597,1793.9368896484375,3460945
2025-05-26,1796.189589848645,1811.8597280370739,1793.1535244853703,1809.3133544921875,3254715
2025-05-27,1805.9834265621762,1819.3030201141573,1795.895727279977,1805.78759765625,5847725
2025-05-28,1809.900879115401,1828.5091673747042,1807.0606427861435,1817.8338623046875,3713699
2025-05-29,1819.6947968347397,1828.5092495642944,1812.3494195601106,1825.1793212890625,5786774
2025-05-30,1815.7771666297294,1828.5091532350082,1805.0039471944938,1817.9317626953125,16712960
2025-06-02,1805.983371549025,1820.6741256559856,1793.7410764598912,1815.8751220703125,3199499
2025-06-03,1828.5092225964984,1830.9576816519302,1794.2307958204526,1803.339111328125,5596977
2025-06-04,1816.7566340175993,1845.7463655607316,1811.8597158666082,1836.736083984375,5892170
2025-06-05,1845.158664763406,1850.0555826635211,1830.0761337203191,1840.06591796875,8999675
2025-06-06,1833.5041634496422,1843.1021713352804,1828.8031935177623,1831.643310546875,4644174
2025-06-09,1835.3649759711088,1836.3443596295779,1810.5865215903727,1826.6484375,3649505
2025-06-10,1828.1173764825933,1836.9318287506421,1812.1534957737676,1818.813232421875,7925901
2025-06-11,1819.5968546367014,1828.0195298724475,1809.70510396843,1821.849365234375,8907265
2025-06-12,1833.30819684999,1844.1793309710038,1793.838989688041,1806.17919921875,7346031
2025-06-13,1777.581273695314,1806.5710049919535,1777.581273695314,1802.4576416015625,4613000
2025-06-16,1804.1225208023632,1831.447347382601,1800.8906266274153,1822.9267578125,5722187
2025-06-17,1840.2618268610227,1840.2618268610227,1809.509157200723,1816.560791015625,6561555
2025-06-18,1809.5092379214143,1832.4268396232678,1805.1020114231221,1827.4320068359375,5069427
2025-06-19,1833.406182363812,1840.2618678747876,1825.66902766212,1838.3031005859375,4712312
2025-06-20,1841.2412131370274,1908.8186831936525,1835.3649113929732,1896.772216796875,16228526
2025-06-23,1890.210328725515,1908.8186169357662,1887.3700924037444,1896.3804931640625,2946463
2025-06-24,1910.6795910598546,1922.5301093411883,1889.3289796196211,1893.7362060546875,6837210
2025-06-25,1901.9629865369286,1929.3857278464209,1898.045452064144,1925.076416015625,4152765
2025-06-26,1929.3858384138896,1976.7880321617974,1925.7621666403675,1972.7725830078125,9413241
2025-06-27,1968.5610360301632,1996.9631604305985,1967.1898750794098,1985.3084716796875,6405854
2025-06-30,1976.3961578951812,1982.174545201148,1958.963081525383,1968.1693115234375,5597484
2025-07-01,1967.5817202822354,1988.9323313203035,1965.5250385620116,1977.767333984375,3769165
2025-07-02,1995.0044088316156,2003.6230324006106,1976.6899831895798,1991.3807373046875,6513288
2025-07-03,1999.7055655106897,2002.7416308862903,1971.4013543821982,1977.66943359375,5558647
2025-07-04,1985.2106785867777,1994.5148233556847,1963.7621525245636,1975.6126708984375,2178315
2025-07-07,1976.3961602018137,1994.0250654959825,1969.1486974479224,1991.9683837890625,4165432
2025-07-08,1984.2311472925646,1993.0455995757004,1973.26209893946,1988.148681640625,3624619
2025-07-09,1993.0456522551126,1998.6280910271873,1957.2981503841977,1978.06103515625,2937734
2025-07-10,1986.7776124227605,1986.7776124227605,1921.844549338382,1923.9991455078125,5695845
2025-07-11,1901.9629299796338,1918.7103654420487,1874.736018381942,1882.27734375,13103980
2025-07-14,1875.5195865051714,1887.7618814562495,1861.02466146163,1881.2979736328125,5269381
2025-07-15,1885.1176201785156,1902.9423540574337,1883.5505107597269,1894.32373046875,4163140
2025-07-16,1903.9217791883793,1903.9217791883793,1889.0351958145457,1896.67431640625,4211258
2025-07-17,1903.6279716002293,1904.8033037241096,1887.8599185892729,1890.112548828125,6256455
2025-07-18,1891.297532184274,1892.186370351953,1868.287196150176,1877.372802734375,4643961
2025-07-21,1871.2498968225996,1896.03790902182,1869.0771679217364,1885.4708251953125,5109654
2025-07-22,1885.4709045378984,1887.5449005198893,1859.5965870759885,1883.100830078125,4513541
2025-07-23,1896.1366273100134,1924.776190951675,1883.5945217985336,1919.640869140625,5194282
2025-07-24,1919.640869288336,1945.9102380372574,1909.6663041284937,1912.0364990234375,4150685
2025-07-25,1912.0365326436295,1928.4301900794749,1901.0745166840238,1913.814208984375,3896884
2025-07-28,1906.0124370549743,1906.0124370549743,1861.5717325640553,1866.805908203125,3575044
2025-07-29,1856.6338604698753,1899.6919407829134,1856.6338604698753,1894.4578857421875,3748040
2025-07-30,1909.9627019164334,1915.098023938185,1898.2105805189387,1908.580078125,5044683
2025-07-31,1889.2236775971553,1902.5558885995397,1872.039914861235,1890.507568359375,4674966
2025-08-01,1890.2112083270038,1895.840315741839,1854.6586464148972,1860.9791259765625,5192594
2025-08-04,1868.4846269252325,1896.0378862849125,1855.1524163208508,1890.8037109375,3074380
2025-08-05,1896.1366510069379,1913.5178795305437,1888.3348146343578,1907.7900390625,5167672
2025-08-06,1906.0123840294045,1940.3799094341891,1897.7167619779266,1905.716064453125,5461349
2025-08-07,1904.1359872478954,1909.2714297675527,1885.3721346386885,1898.704345703125,4268534
2025-08-08,1862.8555496510396,1870.262333439792,1832.932094923232,1835.499755859375,93801105
2025-08-11,1839.8450716527227,1842.8077851336448,1822.7600423581562,1834.314697265625,5266532
2025-08-12,1834.3147096906787,1841.820226449231,1824.1426784493622,1827.302978515625,4645011
2025-08-13,1829.9693807079097,1849.227018551301,1828.784343523411,1844.1904296875,6697206
2025-08-14,1849.7207591186288,1859.5964705928338,1843.597866225869,1850.5108642578125,3958631
2025-08-18,1868.9784718755761,1888.828628628729,1847.0544397398173,1868.781005859375,7146376
2025-08-19,1877.4715117278834,1907.7900187292848,1876.3852075604461,1885.964599609375,5706265
2025-08-20,1912.9253388505097,1927.7389062654595,1902.0620560795467,1904.4322509765625,6962619
2025-08-21,1906.0124292991263,1916.7769795648605,1903.7409673020275,1905.9136962890625,3376913
2025-08-22,1909.962613891984,1923.4922904951002,1893.5689568285607,1909.2713623046875,3271920
2025-08-25,1915.8880734007598,1915.9868064073212,1889.4211177737689,1906.70361328125,2451388
2025-08-26,1898.2104956306462,1901.8645812412458,1872.6323785689278,1881.0267333984375,5984656
2025-08-28,1869.472213737456,1876.1877458749298,1854.8561122867761,1857.7200927734375,5494113
2025-08-29,1849.2270046952606,1876.483944712588,1849.2270046952606,1865.324462890625,4339042
2025-09-01,1865.5219814877794,1881.1256545409544,1860.7815915454387,1876.977783203125,3421488
2025-09-02,1880.8292921474092,1893.6677173497806,1854.6586561579597,1863.7442626953125,4423049
2025-09-03,1867.4970827599643,1868.5833869365088,1846.7580881867443,1860.4853515625,3803044
2025-09-04,1875.397731091777,1879.8418015446011,1853.276111838205,1857.0289306640625,5205333
2025-09-05,1863.5467635620546,1886.952151639917,1852.3871613247754,1871.74365234375,2620140
2025-09-08,1874.4100683146278,1875.3976394781234,1860.682805031415,1864.238037109375,2547552
2025-09-09,1868.4846294024633,1880.335483288737,1859.5964889877582,1870.1634521484375,4517793
2025-09-10,1880.3355850574942,1881.3231562681335,1859.5965896340658,1867.8922119140625,3566139
2025-09-11,1860.5840691159176,1892.1863462983536,1858.7076597975863,1889.2236328125,4718266
2025-09-12,1901.0744991418314,1901.0744991418314,1877.9653096909897,1878.952880859375,3192824
2025-09-15,1880.3355601043581,1889.2237008821623,1874.8051855087938,1880.829345703125,3553258
2025-09-16,1879.6442589226012,1917.8632150381059,1878.8541537641588,1915.394287109375,5427586
2025-09-17,1914.0116969342262,1925.8625512000215,1908.5800553957365,1917.1719970703125,4234637
2025-09-18,1920.3321313076867,1925.566306706066,1896.630423335774,1916.974365234375,5080814
2025-09-19,1906.2099003473625,1952.2308151523634,1903.8398258870736,1938.009765625,11287603
2025-09-22,1929.7141103475217,1941.5649646587653,1919.8383984214852,1931.88671875,4469137
2025-09-23,1925.7638508912387,1930.701706919165,1906.111159789467,1914.604248046875,4348633
2025-09-24,1902.0620440339374,1913.2216463037748,1894.9515799410397,1907.0986328125,5237977
2025-09-25,1906.0123501909477,1925.7637735089886,1904.8273130131136,1911.542724609375,7133365
2025-09-26,1907.0987130100048,1920.5296571686774,1888.1373942628345,1892.7789306640625,3239306
2025-09-29,1904.0372461419377,1904.0372461419377,1873.9163249763105,1878.557861328125,5072608
2025-09-30,1872.4349394291717,1883.8907408973337,1851.893410859755,1855.0537109375,5945625
2025-10-01,1844.7829920417032,1853.6711327956514,1832.833404694242,1844.387939453125,5675393
2025-10-03,1828.1917317296138,1876.6815734160555,1825.1302851629223,1873.126220703125,5828332
2025-10-06,1869.0771580670203,1883.2982069178736,1864.0405692488132,1879.4466552734375,2809218
2025-10-07,1876.3852164435102,1921.8134901047742,1876.3852164435102,1905.0247802734375,5713060
2025-10-08,1905.024822261605,1938.2071900783988,1903.642198487338,1919.3446044921875,4957406
2025-10-09,1920.8259948667612,1924.578813669242,1907.2963175714692,1917.86328125,3945737
2025-10-10,1912.9253261820775,1923.3935563086916,1911.3452364455711,1915.789306640625,2512581
2025-10-13,1913.8141953753518,1941.4661881486695,1911.9377860408238,1930.6029052734375,3672419
2025-10-14,1939.5897682426169,1939.5897682426169,1915.0979551270627,1922.406005859375,4454239
2025-10-15,1932.874211233326,1951.4405971194756,1927.3438368905747,1944.0338134765625,3447352
2025-10-16,1937.9109209979117,1962.2051472416201,1937.6146014308795,1942.947509765625,3700674
2025-10-17,1949.0704075960111,2009.016049042492,1945.8114951160508,1986.9931640625,6743801
2025-10-20,2000.819253704416,2031.4339609427361,1994.5975069153783,2026.0023193359375,7387180
2025-10-21,2026.2985734971805,2032.9152521105889,2013.1638287235537,2018.1016845703125,240850
2025-10-23,2038.248079880311,2041.3096470077273,1978.6976095346013,1982.9442138671875,8790128
2025-10-24,1983.0429326806875,2007.7322122210348,1981.9566284915368,2004.0782470703125,3236799
2025-10-27,2004.7694155812908,2067.973968584839,2004.7694155812908,2054.246826171875,5796831
2025-10-28,2065.998867716355,2076.4672184599,2045.9511249374389,2064.22119140625,9891522
2025-10-29,2057.110837700071,2084.170192507201,2055.7283344436864,2074.4921875,2742750
2025-10-30,2044.2723734029337,2062.0486549107854,2033.0141582237939,2040.618408203125,4222189
2025-10-31,2030.4463225731627,2048.0251375948988,2026.1997183270773,2028.9649658203125,4659723
2025-11-03,2029.458803564971,2055.135654607642,2021.75570003092,2048.22265625,2979629
2025-11-04,2080.8124331611193,2109.0570647665995,2077.355934102712,2087.0341796875,12263078
2025-11-06,2088.7130703636412,2096.90995947568,2054.6418642513268,2068.86279296875,9546299
2025-11-07,2022.5457719154097,2022.5457719154097,1970.7970180936684,1976.327392578125,70392750
2025-11-10,1970.2044759274668,2003.584429555406,1967.4392284417588,1994.6962890625,7457061
2025-11-11,1994.9924739178298,2031.3350202322856,1992.3260800101352,2016.9166259765625,14825625
2025-11-12,2034.396616077751,2053.950573521495,2029.359906653702,2048.025146484375,8210277
2025-11-13,2073.800695841544,2080.812547903464,2053.160553911391,2065.801513671875,5958875
2025-11-14,2064.0238564457277,2081.7012848981435,2056.0244330954692,2074.5908203125,6312655
2025-11-17,2085.75028789569,2095.625999486105,2074.7881515878325,2085.94775390625,5998770
2025-11-18,2095.626147902284,2132.1662833746614,2084.0716127444325,2122.488037109375,10972556
2025-11-19,2128.2159089072215,2139.276657985165,2120.0190198303203,2132.956298828125,7419461
2025-11-20,2126.339531775546,2142.338136126123,2123.179111222048,2131.474853515625,7452899
2025-11-21,2123.3768165886067,2147.4734560986562,2121.8954598702126,2135.820068359375,6720938
2025-11-24,2135.227762664242,2138.8817278396996,2113.7972749931514,2125.35205078125,9686848
2025-11-25,2132.166105295353,2143.720639488166,2112.118362800138,2134.73388671875,7102592
2025-11-26,2077.849783725252,2108.3656370532426,2071.4305709903592,2100.366455078125,43174047
2025-11-27,2105.501734810856,2110.340737102211,2077.652276033199,2089.3056640625,4444877
2025-11-28,2091.675807612178,2103.032876444822,2070.3441731883636,2075.479736328125,6263457
2025-12-01,2088.4168196683736,2092.663424153835,2057.209713646303,2063.7275390625,5058900
2025-12-02,2063.8263903680922,2088.5156709469375,2061.1599962868277,2077.849853515625,6591396
2025-12-03,2073.9983364413933,2083.6763411431734,2055.728269568397,2060.073486328125,4357641
2025-12-04,2068.764202928744,2082.2938801798505,2048.3215272611046,2077.65234375,4611819
2025-12-05,2066.5914834930163,2085.65141378975,2064.02370206231,2082.590087890625,2938290
2025-12-08,2088.120455805432,2088.120455805432,2053.061678088443,2060.27099609375,4327091
2025-12-09,2060.863678954721,2074.294502940563,2054.543078455864,2063.7275390625,5139229
2025-12-10,2046.247426070392,2070.837851302198,2036.5691805636764,2041.3095703125,3987451
2025-12-11,2040.3221120043302,2043.4822916429123,2012.670118230796,2027.68115234375,3254850
2025-12-12,2027.5824025977115,2061.1598213348784,2025.1134747493904,2057.505615234375,2706420
2025-12-15,2044.3712473643945,2053.0616810810616,2035.8780385611733,2043.97607421875,3233614
2025-12-16,2044.371089167985,2080.417435351493,2044.371089167985,2075.87451171875,5756692
2025-12-17,2091.280828604945,2101.551472441295,2070.344126689988,2081.800048828125,6412516
2025-12-18,2072.9120220818895,2090.2933722588573,2062.1475920638436,2065.9990234375,3760341
2025-12-19,2087.6265339151837,2088.712958610383,2056.123111029228,2071.6279296875,10127415
2025-12-22,2091.6757556638554,2124.9568561517053,2075.578297236128,2120.907958984375,7670853
2025-12-23,2130.1909203006003,2137.1039181875285,2092.8606834899415,2096.5146484375,4110853
2025-12-24,2084.76282548779,2110.637142983157,2084.76282548779,2097.304931640625,3145464
2025-12-26,2096.6135262076054,2096.6135262076054,2075.6770663009197,2079.232177734375,1297870
2025-12-29,2079.232272760599,2086.441590619533,2053.55542199624,2055.728271484375,2371034
2025-12-30,2051.1852343409278,2076.66461768302,2045.8524466883603,2073.701904296875,6983390
