Date,Open,High,Low,Close,Volume
2018-01-01,1191.9292311776567,1191.9292311776567,1168.430742091652,1172.310791015625,746852
2018-01-02,1172.7470047586996,1176.9323154545204,1158.4037847101915,1167.1666259765625,695988
2018-01-03,1172.4851912608513,1183.0356380742087,1164.027505890174,1177.41162109375,832810
2018-01-04,1177.193930723306,1182.4691554398737,1169.651706869533,1179.068603515625,640189
2018-01-05,1177.978612162596,1188.3981435444286,1175.5808022562694,1182.81787109375,568451
2018-01-08,1175.8858738022761,1195.4171453121085,1175.8858738022761,1193.150146484375,801796
2018-01-09,1198.032951540428,1199.6896413925228,1182.3381967167543,1186.95947265625,708386
2018-01-10,1187.002900954968,1194.5451232027074,1181.466161999758,1190.883056640625,939525
2018-01-11,1183.2100794933476,1205.7931081933054,1183.2100794933476,1202.08740234375,629248
2018-01-12,1203.9620085215681,1207.1009378986003,1183.2100143321563,1198.0328369140625,872539
2018-01-15,1199.4281226705991,1199.4281226705991,1189.3137455355318,1192.1038818359375,1324592
2018-01-16,1193.9349437401927,1211.547904162262,1189.095684995527,1205.0084228515625,896453
2018-01-17,1211.1119646181253,1212.8558263382376,1191.2755375518457,1195.591552734375,1409691
2018-01-18,1220.7030429823894,1226.7193864101741,1177.6296428926391,1183.1663818359375,2465412
2018-01-19,1194.893949622971,1197.0301374367423,1177.1501797240987,1187.9620361328125,1491194
2018-01-22,1188.4417417598934,1190.1856034499299,1174.0112437000928,1181.553466796875,1014403
2018-01-23,1186.4363964244799,1196.5944132394093,1177.1504169930047,1193.106689453125,1284895
2018-01-24,1192.8013703618935,1196.2890936670453,1164.0712922104535,1190.9703369140625,1819330
2018-01-25,1193.586202634551,1201.5207523532827,1185.4336701958716,1196.943115234375,2125894
2018-01-29,1194.5453643247886,1220.7032920107329,1192.103915166015,1218.34912109375,1406390
2018-01-30,1218.3486237694292,1229.4220993949182,1212.0706598253105,1220.9207763671875,1310365
2018-01-31,1220.7029684744175,1220.7029684744175,1188.0927393149448,1193.978271484375,1491912
2018-02-01,1197.1608885383432,1207.4497136948428,1177.9784125384572,1195.635009765625,1563429
2018-02-02,1178.8502993756283,1201.4333256584343,1178.8502993756283,1196.4632568359375,1699619
2018-02-05,1178.937548654888,1187.0900798998437,1169.4771212817514,1182.1201171875,1585136
2018-02-06,1133.5100997332017,1175.7987457617096,1132.6381688872532,1155.613525390625,1540401
2018-02-07,1152.6926940735661,1159.6681415414848,1139.6573691926458,1144.5401611328125,1561287
2018-02-08,1155.9182508942054,1166.2507127334245,1138.0873142870416,1159.2752685546875,1146084
2018-02-09,1150.076843078049,1168.3873917548033,1143.7989832493408,1162.3275146484375,810004
2018-02-12,1168.3875277903026,1177.0196658874743,1162.4148217900956,1172.267578125,1166428
2018-02-14,1176.9322897169195,1179.8967694216858,1161.4118781992684,1176.58349609375,857401
2018-02-15,1179.7225471228787,1189.7061136867494,1167.297531382671,1184.2130126953125,844856
2018-02-16,1189.3134968093884,1189.3134968093884,1175.3626053512137,1178.9375,1091144
2018-02-19,1184.9537097760326,1184.9537097760326,1158.6214476890802,1164.8121337890625,495950
2018-02-20,1161.5427033383094,1171.3082862854394,1157.7933581078396,1161.237548828125,688130
2018-02-21,1167.515402501313,1167.515402501313,1153.5645089688105,1160.191162109375,1406451
2018-02-22,1159.755323127703,1162.981531470951,1145.0633080618773,1156.57275390625,2173259
2018-02-23,1156.6163819066733,1161.0632083748374,1151.12317445743,1153.6954345703125,896708
2018-02-26,1147.6787060144507,1166.9919909965738,1147.6787060144507,1162.545166015625,1109668
2018-02-27,1168.3870896962717,1179.2862229956772,1163.2426774915825,1173.923828125,1316559
2018-02-28,1166.992332770609,1167.0795045728544,1143.1014049271662,1148.9869384765625,1862621
2018-03-01,1150.9488345407779,1158.7962129581013,1145.9352316630434,1154.654541015625,961945
2018-03-05,1150.9485898730525,1151.7768815107174,1128.060407688077,1133.2919921875,842790
2018-03-06,1133.5101049717885,1140.3983799739913,1124.0932092172743,1127.5809326171875,738512
2018-03-07,1127.4503462575055,1140.1368775916824,1125.7500170597884,1128.1478271484375,917890
2018-03-08,1133.5100583047033,1138.349316897597,1119.733508867484,1127.537353515625,739272
2018-03-09,1129.1505816018102,1136.1260292101613,1121.3903748501432,1134.1641845703125,852176
2018-03-12,1137.8695687604709,1157.8803358432413,1128.3219701260728,1154.610595703125,874857
2018-03-13,1155.2211002241686,1160.9321829142714,1145.4554117231414,1151.42822265625,1067772
2018-03-14,1148.681448719309,1155.3081003091847,1143.2318822084164,1148.2454833984375,760665
2018-03-15,1145.629806125467,1150.9485622850189,1128.496346013171,1133.46630859375,536838
2018-03-16,1136.1258331934089,1142.8396577833512,1117.0305273727006,1132.7689208984375,3646692
2018-03-19,1140.4855743266392,1149.3792265975562,1136.3439027073339,1141.706298828125,1244199
2018-03-20,1138.741490725538,1151.3844858369623,1138.741490725538,1145.06298828125,1249242
2018-03-21,1145.0631664469938,1153.651663864743,1137.8697370746827,1147.1121826171875,1698614
2018-03-22,1144.4091835381641,1151.3846299902063,1141.4010648304672,1143.8424072265625,950972
2018-03-23,1124.790836488055,1145.7171776320188,1119.3849076006145,1134.9488525390625,1301609
2018-03-26,1136.1257093729312,1159.5806666404492,1131.7660558450227,1154.6978759765625,1032138
2018-03-27,1167.5153032093463,1168.3872339809739,1151.9513602231661,1162.109375,1040328
2018-03-28,1156.224200654877,1167.8644587765473,1152.8671809941372,1162.5892333984375,1337677
2018-04-02,1146.5892198177935,1186.305717877491,1146.5892198177935,1178.2403564453125,708747
2018-04-03,1174.577873249638,1181.9021127198548,1167.2101011047332,1175.71142578125,979726
2018-04-04,1175.3627135409968,1185.8258830977416,1167.9949408862017,1183.6024169921875,912607
2018-04-05,1203.264534024694,1206.577913722118,1188.1800882335504,1205.1827392578125,588716
2018-04-06,1204.9649340349488,1204.9649340349488,1187.9622805063195,1198.730712890625,633937
2018-04-09,1192.757721096387,1217.5642167553158,1192.3653948026433,1213.37890625,923543
2018-04-10,1219.6566402492358,1223.1443628619738,1209.3678159669198,1213.29150390625,969036
2018-04-11,1214.5995710928426,1238.5776674353071,1208.1037293857198,1228.6812744140625,1015714
2018-04-12,1227.6782759688551,1234.6537207186782,1218.1742112098532,1231.8199462890625,510556
2018-04-13,1231.166234567805,1232.7792851883298,1220.0054782519362,1229.9019775390625,534981
2018-04-16,1228.4633650559488,1240.931912036251,1224.9320026272283,1237.705810546875,325041
2018-04-17,1238.578007364668,1264.735937826435,1237.96769822865,1260.419921875,1176082
2018-04-18,1264.7354736328125,1269.661903349018,1255.5802013314374,1264.7354736328125,765225
2018-04-19,1265.5204494887566,1279.9073084286235,1262.861017837245,1267.9617919921875,682820
2018-04-20,1257.3242111877878,1283.6129460447253,1256.62662397438,1279.820068359375,674146
2018-04-23,1282.610370972751,1282.610370972751,1264.2998218290204,1266.6976318359375,395622
2018-04-24,1276.5066226060014,1281.520224436592,1260.5502472486826,1272.7137451171875,1218174
2018-04-25,1272.1470675434002,1275.6347908265898,1263.4713984512132,1272.3214111328125,504777
2018-04-26,1275.6346800836914,1306.6753933219377,1272.8880769492494,1300.2667236328125,1321586
2018-04-27,1300.2668186137544,1305.7163861687156,1281.65111713338,1285.182373046875,818770
2018-04-30,1286.0978974119137,1319.7108714749497,1285.7055711366008,1315.6563720703125,612159
2018-05-02,1318.3592216890495,1320.1030830934,1277.0733242284198,1283.4383544921875,1047583
2018-05-03,1277.9017897949839,1280.8227367575596,1256.9754500938534,1266.2178955078125,1243694
2018-05-04,1268.6593095165324,1282.6102022672296,1262.2506394465538,1276.6810302734375,586841
2018-05-07,1283.8308298322443,1309.639958186905,1277.3785211343647,1306.0650634765625,887065
2018-05-08,1302.6647695812262,1312.0816659119862,1289.149840579547,1304.4522705078125,906975
2018-05-09,1305.193084111477,1317.487285675212,1295.9070008833778,1304.4083251953125,759263
2018-05-10,1302.6647256953204,1313.8690161383238,1290.457693459889,1296.125244140625,932116
2018-05-11,1298.3050566457064,1313.1278813354156,1294.9045049883396,1311.47119140625,591179
2018-05-14,1320.9752650830774,1326.381193890186,1302.7083559723544,1310.99169921875,1479249
2018-05-15,1334.0542527025425,1344.866216952997,1317.0516004622161,1321.4112548828125,3239290
2018-05-16,1315.7437868877669,1379.7435390946675,1313.6511313468911,1372.5064697265625,2420630
2018-05-17,1372.5063188413462,1391.9504192172956,1360.4300979517413,1368.757080078125,2082393
2018-05-18,1363.0895451895528,1405.9885005861777,1363.0895451895528,1400.1466064453125,2041908
2018-05-21,1406.4243109559543,1412.0046890877888,1371.5907197906547,1376.4735107421875,1510806
2018-05-22,1365.2254919410955,1385.4542415828853,1358.642372588992,1372.6805419921875,1137466
2018-05-23,1366.3157995854701,1383.1441095067453,1361.0842138818882,1367.27490234375,891664
2018-05-24,1369.018642505988,1370.3701779339826,1351.5364923632358,1361.1712646484375,915840
2018-05-25,1365.443621062143,1387.4598735728832,1357.857865742099,1373.9449462890625,968884
2018-05-28,1382.0106592984635,1382.620968434438,1374.163280160491,1380.135986328125,563972
2018-05-29,1373.7704880914232,1393.1709466060665,1363.4380239127918,1371.285400390625,944652
2018-05-30,1368.495371327595,1390.5552628316736,1357.5962364810866,1382.7078857421875,1089156
2018-05-31,1390.7297774001634,1410.479033457516,1377.38919213311,1405.072998046875,3315162
2018-06-01,1406.4244608826818,1416.3644938588734,1378.6098454836165,1385.3673095703125,1444570
2018-06-04,1386.3697371817968,1386.3697371817968,1358.467956307698,1363.001953125,857157
2018-06-05,1363.6997167262725,1371.5470936128047,1348.920532831381,1362.6534423828125,1531015
2018-06-06,1361.1712563062533,1376.7788401257694,1357.98868735171,1369.9342041015625,1085135
2018-06-07,1373.2910765960823,1400.9312417217125,1373.2910765960823,1397.748779296875,1479204
2018-06-08,1395.00227515094,1396.1793605844318,1378.9587252235935,1391.2529296875,760059
2018-06-11,1391.601610803657,1409.9121583142314,1381.4872344185233,1396.31005859375,905198
2018-06-12,1399.2747232488762,1434.326302161601,1386.7188972495696,1428.6151123046875,1707972
2018-06-13,1433.4541604578615,1434.1081085237638,1412.0918569717194,1413.5740966796875,845842
2018-06-14,1410.609490131487,1433.4540312667154,1393.6068419504038,1403.4595947265625,1348038
2018-06-15,1386.3700214355251,1420.2881520523592,1386.3700214355251,1413.6614990234375,2101892
2018-06-18,1421.2035452359664,1429.0945614416128,1398.1410184695706,1402.5443115234375,846403
2018-06-19,1398.228302654449,1405.552543149301,1386.1084424404148,1395.9613037109375,1118708
2018-06-20,1392.4734373282386,1410.4351898724017,1392.4734373282386,1397.181884765625,1535703
2018-06-21,1400.344673499346,1414.8400857407132,1395.0736145024853,1399.8614501953125,1185462
2018-06-22,1398.587702104709,1415.015793649271,1388.924093610267,1412.731689453125,1098709
2018-06-25,1419.6718828046417,1431.0925105747285,1412.1167197278087,1418.9251708984375,1082199
2018-06-26,1418.7934470202424,1432.6739459304242,1418.1345646145053,1424.723388671875,759142
2018-06-27,1431.0927362666919,1455.3835583026414,1404.166384329699,1413.7861328125,2251405
2018-06-28,1414.4006897934214,1423.6250421181612,1402.1015533604352,1408.031494140625,1177218
2018-06-29,1410.4033742879978,1445.1484762948999,1410.4033742879978,1441.7662353515625,1722592
2018-07-02,1441.5467296235436,1447.5645002110205,1427.6223709602666,1443.786865234375,1099574
2018-07-03,1445.1485752051167,1459.292561088919,1436.3634774835052,1443.830810546875,1381265
2018-07-04,1442.512993059181,1478.0048080026604,1440.4485166182026,1472.38232421875,1244751
2018-07-05,1475.0179722501202,1486.7460567756464,1465.7057897041582,1482.924560546875,1449303
2018-07-06,1483.8030883649967,1491.402219768205,1469.21984677755,1474.403076171875,1458899
2018-07-09,1477.6535611536615,1489.9526989991737,1470.6254823847976,1486.350830078125,773248
2018-07-10,1487.5367067130135,1492.4563401048804,1474.2272619036135,1482.0460205078125,1093651
2018-07-11,1480.289119745991,1511.9154748266174,1475.0620289550434,1509.4117431640625,1158397
2018-07-12,1511.0368364609494,1536.8650456949608,1509.4994443308292,1530.6715087890625,1471465
2018-07-13,1530.3640058003098,1537.4360522822258,1514.5508300802148,1530.93505859375,976456
2018-07-16,1537.2164381047642,1562.868880487152,1531.9892406304336,1538.490234375,2218046
2018-07-17,1552.326821658295,1563.7474490955094,1474.3151082681056,1477.389892578125,6188478
2018-07-18,1487.3170206303469,1493.2029931142938,1429.3353765892348,1444.0504150390625,2372869
2018-07-19,1451.2103362100206,1467.1113418806142,1443.9626304791734,1447.3009033203125,1457149
2018-07-20,1454.724266233528,1468.3850280302725,1430.9166742787243,1454.6802978515625,1734748
2018-07-23,1466.1888072329714,1496.0581387913671,1458.8094111105122,1484.3740234375,1382893
2018-07-24,1493.4669951638084,1501.9884992402176,1460.4789018746353,1465.266845703125,1084438
2018-07-25,1467.989834772497,1475.4131994790419,1439.2186396265968,1452.1326904296875,1526620
2018-07-26,1453.9335833534963,1475.588869351133,1445.1924545549969,1467.0672607421875,2088548
2018-07-27,1467.1113616777805,1471.3282516013435,1442.029864065686,1457.44775390625,1030665
2018-07-30,1463.81692696455,1486.4385538928843,1450.4196527642744,1483.5394287109375,1237254
2018-07-31,1484.6815305325224,1526.366776763027,1477.3898564510814,1521.271484375,1877744
2018-08-01,1522.4134133619095,1531.2424791583758,1509.8068200216496,1523.5994873046875,1191134
2018-08-02,1530.5837763632778,1545.9576986398497,1527.7286193690572,1536.074462890625,1127209
2018-08-03,1540.906156110412,1552.6342402405687,1534.6687581123479,1548.812744140625,758933
2018-08-06,1546.1771456557067,1546.1771456557067,1506.6881756555401,1520.08544921875,1629015
2018-08-07,1520.5249712893592,1530.3642392311344,1514.5510610990102,1519.8660888671875,863577
2018-08-08,1518.0650007471565,1548.8128450909937,1512.2228888738334,1543.673583984375,1423256
2018-08-09,1547.4949512908681,1550.5697354688516,1527.0256308671644,1541.081787109375,939345
2018-08-10,1537.3919827097118,1549.3396932416363,1529.9246502222645,1539.763916015625,730724
2018-08-13,1527.7285414212604,1543.1024629134238,1516.088286577194,1518.8116455078125,691024
2018-08-14,1518.9434239706134,1545.5623134520874,1518.9434239706134,1532.3406982421875,850399
2018-08-16,1529.4857343058957,1539.1053748048782,1520.3492099074226,1526.3231201171875,638454
2018-08-17,1529.573434847312,1571.3026515344793,1521.3593894316211,1567.92041015625,1420289
2018-08-20,1572.5326890145786,1588.916919764318,1557.7736800987866,1561.112060546875,924623
2018-08-21,1561.111868368848,1561.111868368848,1537.392104471291,1539.58837890625,1169476
2018-08-23,1550.525731849041,1566.822130518004,1543.9808771434775,1557.422119140625,1375102
2018-08-24,1557.8174269452734,1571.653955621088,1548.1538196161332,1564.5819091796875,866648
2018-08-27,1573.411116972956,1579.56068582768,1562.6054030893813,1574.55322265625,627163
2018-08-28,1571.6541197697811,1573.367171079243,1553.0736150165153,1556.0166015625,991764
2018-08-29,1559.3551025683328,1563.2205676508643,1538.49049204101,1542.5316162109375,777922
2018-08-30,1541.7846861022997,1563.5717718560277,1541.7846861022997,1557.466064453125,1586926
2018-08-31,1561.1120899807913,1572.4887502728989,1550.5699711964528,1563.83544921875,1335542
2018-09-03,1573.850097424195,1573.850097424195,1489.8206247796518,1492.67578125,1744229
2018-09-04,1490.8311285959621,1491.665670008854,1426.568115364354,1450.5953369140625,3852609
2018-09-05,1443.3916884028126,1447.3889511297405,1402.101725313992,1415.894287109375,2693195
2018-09-06,1426.2167480328353,1437.681344269931,1404.4297684795401,1413.1708984375,2008264
2018-09-07,1416.069991905302,1444.8850494863786,1406.4942134761156,1439.657958984375,1571003
2018-09-10,1434.3432107390133,1441.1078019728143,1409.1300170457241,1414.6646728515625,1423511
2018-09-11,1417.0362835800793,1426.699891217637,1384.5753899117228,1397.401611328125,2381214
2018-09-12,1405.5716787655397,1438.0326794608995,1394.634274907135,1429.20361328125,1789295
2018-09-14,1438.9112420342037,1448.662679496099,1416.5970713689871,1431.3560791015625,1920969
2018-09-17,1423.1859253826422,1428.4569843655406,1401.2231796205642,1410.403564453125,904395
2018-09-18,1424.9428528066385,1467.9458633292015,1421.4288137121707,1462.6748046875,2932792
2018-09-19,1467.9898129725073,1474.5786361905168,1438.252278963217,1446.993408203125,1589108
2018-09-21,1450.419701483772,1455.6029308292545,1411.1503557326819,1424.3280029296875,3032792
2018-09-24,1424.9870737777987,1440.3170291487445,1374.0773590287047,1397.22607421875,1817390
2018-09-25,1405.6154066157417,1440.7557917811353,1385.4536535230752,1432.7174072265625,1229970
2018-09-26,1444.6215692700002,1448.6626929934862,1403.8586921792546,1415.0596923828125,980726
2018-09-27,1414.4008755668667,1427.5785234758748,1408.426965618794,1423.2738037109375,1572603
2018-09-28,1423.2736384671884,1429.5989730731176,1405.6595821511444,1412.9951171875,1735076
2018-10-01,1411.3257998418578,1451.649415571044,1407.0210809651562,1442.7764892578125,1721675
2018-10-03,1442.512936165637,1442.5569045468858,1411.457639529916,1422.1754150390625,1213562
2018-10-04,1405.6156921335357,1408.0755624907563,1372.3201489781293,1382.73046875,1544573
2018-10-05,1370.0360795282324,1383.5211839672268,1342.8901043403075,1369.2015380859375,1638027
2018-10-08,1362.5686397459879,1379.611750562821,1350.3573326161975,1369.9041748046875,1998863
2018-10-09,1373.1109893551163,1379.260558725229,1311.1760406989836,1328.7022705078125,1562134
2018-10-10,1328.7458551110556,1355.7160586626196,1309.4626110518693,1342.0552978515625,2294071
2018-10-11,1308.979544643572,1352.9050327188595,1297.7345768003138,1340.6937255859375,1823960
2018-10-12,1366.521969040212,1385.849184288611,1352.99289691834,1378.908935546875,1728063
2018-10-15,1361.4266736342488,1399.4222247021542,1317.7647769215696,1340.86962890625,3913322
2018-10-16,1349.1275750038667,1368.3231016053226,1341.045327032709,1358.3519287109375,1374834
2018-10-17,1368.8058466251066,1386.1125508516493,1358.2198698226264,1372.2320556640625,1223188
2018-10-19,1362.7443616257194,1393.0969181732175,1355.584592533182,1386.639892578125,932433
2018-10-22,1395.073456381295,1396.8304758477702,1376.273326642019,1392.35009765625,614209
2018-10-23,1384.136315655039,1389.8026616132865,1359.4940700673583,1363.4913330078125,989355
2018-10-24,1372.232316064021,1397.7091004211636,1363.7986433799947,1393.2725830078125,690618
2018-10-25,1390.666298900944,1406.3488445206972,1371.8030895427983,1388.501708984375,2397242
2018-10-26,1384.5700179448907,1395.5257337849575,1369.4175643805572,1376.7508544921875,1049382
2018-10-29,1377.8111862665542,1377.8111862665542,1344.7232621488415,1372.024169921875,1478828
2018-10-30,1372.9074630049292,1416.8185466028442,1362.7910521939573,1407.4974365234375,1366068
2018-10-31,1407.453216365025,1434.8424503306971,1380.0197630747325,1432.810302734375,1478902
2018-11-01,1435.284202864888,1435.284202864888,1399.1039516952476,1420.3968505859375,1037308
2018-11-02,1423.0914721210231,1456.223608348948,1420.9268823616012,1447.6092529296875,1332970
2018-11-05,1444.5613552070704,1455.163640382902,1422.4732610907542,1449.023193359375,764645
2018-11-06,1457.8139775392713,1461.3480720302757,1431.3965996486133,1441.8663330078125,656676
2018-11-07,1448.9787047321192,1455.119150614421,1444.0309941400199,1452.3802490234375,114827
2018-11-09,1457.8140035508843,1484.319712706355,1447.4768201210534,1477.7816162109375,1125863
2018-11-12,1477.251484021651,1486.0425008485622,1457.1071024623725,1461.6131591796875,805817
2018-11-13,1452.6014013000545,1483.0829712100544,1445.930861581688,1476.45654296875,673435
2018-11-14,1477.2516548336855,1536.8895057315765,1473.7617792923193,1515.6849365234375,1780843
2018-11-15,1517.6725090730786,1527.0820560235543,1499.0301845852948,1507.3353271484375,997169
2018-11-16,1506.3197041239905,1517.8938439949911,1487.2356121726884,1492.3599853515625,1071547
2018-11-19,1496.0704098159317,1508.1746388203246,1481.6689333929023,1503.2269287109375,910054
2018-11-20,1502.8737525624679,1510.737134742985,1488.7815932615483,1496.6890869140625,740827
2018-11-21,1493.199034340641,1507.2911919688358,1483.1709556622989,1493.110595703125,932133
2018-11-22,1495.7171196199497,1505.2591097607394,1469.2997424870935,1479.9903564453125,808599
2018-11-26,1482.641122151431,1546.166498726661,1482.641122151431,1540.8653564453125,2314140
2018-11-27,1536.359332077745,1538.656472050456,1510.1628336791512,1531.41162109375,1592918
2018-11-28,1529.3793899895013,1544.3992915665212,1516.78917837347,1530.4395751953125,1205956
2018-11-29,1542.54398348336,1572.6721187955013,1535.122363150103,1562.5115966796875,1936534
2018-11-30,1564.6763682676014,1588.840829518597,1539.3192793564485,1549.70068359375,2373749
2018-12-03,1563.3950400242322,1624.181508004631,1544.4435015835024,1612.960693359375,4310053
2018-12-04,1621.2659129841577,1633.591024876667,1591.22610860189,1597.1015625,3155914
2018-12-05,1592.9931915795855,1638.7597612449729,1579.7403364083743,1632.840087890625,2847336
2018-12-06,1625.683631695809,1631.8682976859561,1588.2664240258223,1591.66796875,2399579
2018-12-07,1591.4910911508396,1619.2778650088267,1583.3626093843498,1611.8121337890625,1774240
2018-12-10,1587.5154817381094,1603.595570488704,1581.507477231284,1586.6319580078125,1216028
2018-12-11,1573.555911487225,1607.925009394999,1563.92548035185,1585.8369140625,2237806
2018-12-12,1586.8085775386771,1630.145458501461,1586.7643582125277,1624.888427734375,1449484
2018-12-13,1632.7518381102511,1649.9363313608105,1623.0772964960215,1639.4224853515625,1586900
2018-12-14,1623.032940776791,1648.5225764417792,1619.2779652741774,1643.8399658203125,1573884
2018-12-17,1647.7720076480775,1651.7478650391856,1630.1457496883127,1635.1375732421875,1179613
2018-12-18,1633.5469308687943,1633.5469308687943,1619.4988829812069,1626.34619140625,1521255
2018-12-19,1634.4746213081094,1641.587030214916,1627.4506510526778,1629.924560546875,1687085
2018-12-20,1624.7998864781032,1638.8479331681347,1608.8964618143698,1620.6031494140625,1500656
2018-12-21,1619.4987606834368,1627.9805656829005,1590.3424818495287,1593.434814453125,1439522
2018-12-24,1602.7117912881888,1602.7117912881888,1570.5073995930163,1576.7803955078125,1023418
2018-12-26,1555.0018134077984,1589.1500282101408,1538.4357429524596,1582.921142578125,2212019
2018-12-27,1592.7277844307364,1610.6633547805536,1584.2901996421203,1603.5068359375,1516851
2018-12-28,1606.1576960313546,1621.1775983724274,1604.2138792524802,1609.8243408203125,963189
2018-12-31,1616.8483057775923,1622.9446406320737,1600.2822370708548,1607.703857421875,757071
2019-01-01,1612.2539050420057,1612.2539050420057,1588.8846411597794,1591.3143310546875,807345
2019-01-02,1583.6279785315548,1598.16190096317,1564.985649124565,1576.7364501953125,1598707
2019-01-03,1574.9691479085,1593.3905933994902,1574.9691479085,1580.0936279296875,1182624
2019-01-04,1589.3707440290793,1592.1096458227453,1565.73648596817,1574.174072265625,1454134
2019-01-07,1582.8324103715486,1593.8764545410404,1574.8364792520392,1577.0452880859375,909032
2019-01-08,1583.274438068815,1584.599723591752,1555.973534725909,1564.587890625,1262707
2019-01-09,1570.463051162848,1587.6917597410056,1566.840626314249,1577.0894775390625,1324628
2019-01-10,1577.0897171033075,1589.5473790125454,1571.7885751970778,1578.14990234375,1313981
2019-01-11,1585.9250703263383,1586.2785013831653,1553.7206740167853,1563.306884765625,1113837
2019-01-14,1564.7205066011325,1573.3348628627705,1555.0900764920773,1558.447509765625,1018068
2019-01-15,1561.5396934028936,1584.5113079030887,1561.5396934028936,1581.374755859375,1614600
2019-01-16,1581.50728785674,1585.7482443951467,1561.0095829091194,1566.08984375,2054033
2019-01-17,1569.9334695608554,1572.0097289307266,1539.5402291200176,1547.491943359375,1941204
2019-01-18,1546.1664245114334,1562.8208241421974,1526.1104803171465,1540.95361328125,3234056
2019-01-21,1545.2829905514127,1553.2347040533925,1533.841401486593,1543.4276123046875,1628067
2019-01-22,1542.6321396871647,1550.5838517474078,1538.4354027664808,1546.3428955078125,1776472
2019-01-23,1547.933520030736,1576.2504977131996,1545.6363799846547,1561.363037109375,2321782
2019-01-24,1561.0097026177075,1576.2504863091137,1552.086027044317,1554.5599365234375,1350870
2019-01-25,1556.768718454921,1571.5677400406873,1546.1664343337752,1552.1744384765625,1131790
2019-01-28,1554.029736762083,1565.206332269135,1537.4636686741621,1539.981689453125,1289774
2019-01-29,1541.7488752950999,1558.403275672727,1525.0502555911282,1552.0860595703125,1319822
2019-01-30,1555.0017391331294,1555.6643819196918,1526.8173110409382,1531.455810546875,1259978
2019-01-31,1533.7088172443957,1568.1662416532245,1533.134505267179,1557.8731689453125,1880257
2019-02-01,1557.8730508811952,1619.057062662578,1556.2826651958947,1589.72412109375,2342251
2019-02-04,1590.2541778153918,1610.6635517721088,1585.6597903015481,1592.6396484375,1116390
2019-02-05,1594.7601468583405,1621.2216363482348,1594.7159275361848,1609.2940673828125,1278708
2019-02-06,1615.4346801877675,1622.5469809337212,1608.0130598794606,1616.8040771484375,859789
2019-02-07,1620.3822788997747,1630.1010384787812,1615.3903490001576,1624.8441162109375,927434
2019-02-08,1624.8884377643249,1631.868296662086,1600.0614430184287,1605.627685546875,1222765
2019-02-11,1600.1056412934372,1603.948947821079,1586.5876855319223,1594.5836181640625,797453
2019-02-12,1599.1780168135274,1600.9450643459181,1580.6240177234258,1585.4833984375,990035
2019-02-14,1586.8085746348422,1589.0173838979752,1570.0216242350302,1577.134033203125,1341658
2019-02-15,1581.5072316054134,1581.5072316054134,1543.9574788996981,1566.3106689453125,1177218
2019-02-18,1568.3425507901773,1568.3425507901773,1532.9132798409094,1547.8448486328125,1513430
2019-02-19,1546.1664006749602,1554.6482062168325,1528.8934700294735,1535.5198974609375,1598381
2019-02-20,1539.7167540440341,1542.5882061533189,1521.4278560580112,1531.58837890625,1430235
2019-02-21,1534.6807644536138,1553.2347633330185,1534.1064524417043,1550.319091796875,1225418
2019-02-22,1555.001615824227,1566.4874232138377,1547.8892073383188,1562.5557861328125,1360163
2019-02-25,1565.6041018769029,1568.9615353039035,1554.1182930030882,1563.9696044921875,1490746
2019-02-26,1558.005544707038,1577.8848257950353,1556.7685900911624,1565.82470703125,2190515
2019-02-27,1571.788523464494,1571.788523464494,1527.2147998774803,1534.23876953125,1491740
2019-02-28,1545.2823775532943,1552.0413529191624,1526.3749558230136,1530.8367919921875,1895136
2019-03-01,1532.913581834187,1545.2829133302553,1529.4237064457436,1532.6043701171875,761115
2019-03-05,1537.1544776036746,1537.1544776036746,1517.4518572192103,1523.724853515625,1406843
2019-03-06,1525.049834893936,1528.495597985804,1500.1786277262554,1501.813232421875,2193045
2019-03-07,1507.6007790588005,1519.6609002152156,1501.8137630162882,1506.761474609375,1566441
2019-03-08,1507.2913341913743,1517.8936179019818,1497.660904917171,1503.40380859375,1419614
2019-03-11,1509.7209273770773,1524.9617092335538,1504.6406667582517,1515.19873046875,1427771
2019-03-12,1518.688527399698,1536.4473277311965,1518.6001966223248,1532.736572265625,1861116
2019-03-13,1545.282853109304,1551.025756794387,1538.3029947524167,1544.0458984375,1744331
2019-03-14,1546.8291516658069,1547.6684560583901,1528.6726960921958,1534.94580078125,867427
2019-03-15,1541.748591796349,1543.07387711881,1497.0864332886135,1500.576416015625,3571762
2019-03-18,1510.8255103970637,1511.6648147620347,1490.4161347217516,1499.82568359375,1621113
2019-03-19,1499.8698855286061,1510.2955088436413,1491.5647407685635,1501.68115234375,1456211
2019-03-20,1506.4080474320424,1516.5685709191207,1487.3680668002294,1490.9906005859375,2312268
2019-03-22,1490.9902758538535,1505.3916456442814,1478.7533878638142,1482.5968017578125,1636228
2019-03-25,1479.0185364412177,1490.9461052834856,1466.649205789977,1478.885986328125,2039945
2019-03-26,1484.2314821005436,1494.5245547544491,1479.018670711028,1487.67724609375,1452899
2019-03-27,1487.8539662029089,1508.8818741867265,1479.9022526068127,1485.0267333984375,1520533
2019-03-28,1488.7369909287818,1494.9216549860528,1478.4881406328436,1487.76513671875,1852958
2019-04-01,1510.8256265312962,1520.8535996165238,1489.6210563343657,1493.1551513671875,1283162
2019-04-02,1495.9382273491917,1499.3397721445847,1484.4081995139315,1490.6370849609375,1227869
2019-04-03,1486.0869512041693,1490.1511388938954,1474.2919306826736,1476.1915283203125,1233102
2019-04-04,1473.7174675356923,1490.1509860709043,1464.882230919771,1472.4364013671875,1212398
2019-04-05,1475.4843099804605,1476.8095952888261,1457.8138392022513,1465.8538818359375,1468074
2019-04-08,1470.978271484375,1484.0985736638859,1463.9100836056366,1470.978271484375,1647502
2019-04-09,1474.4241699585243,1487.7653542336113,1468.6370474609084,1484.7613525390625,1232434
2019-04-10,1488.472413224541,1506.0987766859687,1479.9022760206324,1496.82177734375,1720236
2019-04-11,1504.6408581405817,1516.5684280671217,1500.2674589749893,1511.178955078125,2026954
2019-04-12,1516.4797876639293,1523.8129681511589,1511.0018771418627,1521.1182861328125,1437818
2019-04-15,1524.0780308603496,1529.5558333956897,1513.5640796857556,1521.4716796875,1035378
2019-04-16,1524.9617841398401,1539.0981622083439,1516.2590979618187,1536.050048828125,1625738
2019-04-18,1536.0498185606102,1540.9533092568422,1527.8330068992632,1537.2425537109375,1475552
2019-04-22,1537.331036436149,1541.7486543569423,1528.5841313825777,1537.198486328125,717781
2019-04-23,1539.0981612747494,1544.3993030472227,1531.234779408513,1541.0418701171875,802947
2019-04-24,1541.395554923475,1550.584223745706,1532.9137482614244,1548.4637451171875,1169461
2019-04-25,1551.467400074022,1557.298634107545,1526.0218779342863,1532.20654296875,1704890
2019-04-26,1535.5641484443763,1546.8732946347136,1525.0944144572031,1543.8250732421875,772993
2019-04-30,1546.1663934315793,1556.768677272253,1541.7045558411592,1552.969482421875,1171594
2019-05-02,1551.90930255008,1557.210444488765,1519.8815700038572,1522.7972412109375,793819
2019-05-03,1519.6607850240623,1525.8454510096253,1486.0868839595773,1496.2916259765625,1442888
2019-05-06,1490.5045757897615,1490.5045757897615,1463.1153393644606,1474.5128173828125,2373878
2019-05-07,1483.259402492787,1511.6204873288677,1477.69316089838,1499.78125,2212617
2019-05-08,1499.781276226468,1499.781276226468,1479.9019956873838,1492.0062255859375,1243338
2019-05-09,1484.4078694844893,1513.4758153544572,1481.66896809657,1505.30322265625,1204995
2019-05-10,1509.8977364916934,1509.9419558161085,1482.9944838135389,1490.9019775390625,1000696
2019-05-13,1494.9220872961957,1517.0101796025815,1492.0064159709475,1503.75732421875,1160287
2019-05-14,1501.9902024649507,1510.8254389500387,1484.4963910836734,1500.6649169921875,1442817
2019-05-15,1501.9900736651452,1504.640644383378,1472.78957644515,1476.412109375,1235429
2019-05-16,1479.6370059810383,1501.9901973530366,1477.4281968672838,1491.5645751953125,714690
2019-05-17,1493.2432874121262,1539.2748476404288,1488.9139999911747,1534.50390625,1502484
2019-05-20,1555.0016087799718,1569.7122989788882,1532.780967629561,1566.045654296875,1279236
2019-05-21,1566.3989304830056,1588.089369022868,1566.3989304830056,1577.3104248046875,1337466
2019-05-22,1577.0898864234593,1577.0898864234593,1543.82519582009,1562.3350830078125,1162653
2019-05-23,1577.9288332694207,1594.6716691712859,1541.7485872145535,1549.5677490234375,1551172
2019-05-24,1549.700513991654,1554.824994407915,1525.9337057471496,1545.81298828125,1603085
2019-05-27,1545.282988194806,1569.0939093375043,1533.7971798205735,1565.559814453125,1373845
2019-05-28,1568.2545109991402,1577.973271348994,1550.1422758016854,1569.9332275390625,2863139
2019-05-29,1568.2546255076609,1580.9331695012206,1564.1904379077348,1573.4232177734375,899619
2019-05-30,1579.740337819199,1583.2744325346785,1573.5556720671107,1576.4271240234375,1038433
2019-05-31,1578.591743114043,1592.6840107640573,1558.5357983732877,1580.18212890625,1329926
2019-06-03,1585.041468341939,1630.1011756359408,1583.2744209970763,1625.41845703125,1415582
2019-06-04,1617.7317738149225,1630.542866507613,1596.6155373924314,1604.12548828125,842283
2019-06-06,1609.9124885013177,1634.4302674752403,1601.0330335159088,1623.6954345703125,1626007
2019-06-07,1619.4989146193925,1629.8803179182348,1603.5954882892513,1617.510986328125,698970
2019-06-10,1625.506832002982,1647.7273652125627,1621.2658754006409,1636.7275390625,814577
2019-06-11,1639.0246829176697,1640.5267378168041,1618.703639198611,1625.5068359375,591026
2019-06-12,1623.9163777043605,1637.390112611864,1609.8242194173133,1631.9564208984375,709916
2019-06-13,1631.9124736093436,1633.3702014152095,1610.7079050642337,1630.54296875,697830
2019-06-14,1628.3342003933947,1637.3903184368196,1604.7882719100865,1610.6195068359375,632971
2019-06-17,1618.5270647046198,1618.5270647046198,1594.4068248950205,1606.290283203125,669276
2019-06-18,1599.619777920532,1606.3787562990512,1584.1581120196154,1598.8245849609375,995083
2019-06-19,1605.1858666245812,1612.3864983424173,1592.1096730062557,1600.6798095703125,600455
2019-06-20,1600.94669421795,1610.2462021575566,1594.2723750369412,1606.3306884765625,603514
2019-06-21,1610.735622440429,1612.5154408077667,1566.5071794646894,1572.1580810546875,2512357
2019-06-24,1574.2495702684876,1581.9027686124568,1563.3036422967764,1570.200439453125,762144
2019-06-25,1574.8723522196565,1574.8723522196565,1552.8916372538215,1563.0810546875,941132
2019-06-26,1560.0108532361317,1570.6897638116216,1554.1374741459115,1567.130126953125,1075017
2019-06-27,1573.3596125726092,1590.7573825103889,1566.462815628357,1579.0550537109375,1235049
2019-06-28,1581.5914615038398,1593.5162690420163,1568.6877753641265,1590.802001953125,1008229
2019-07-01,1600.8579224569824,1600.8579224569824,1577.4978024424288,1584.216552734375,553283
2019-07-02,1587.597857861084,1600.0565854451957,1575.1391302769723,1592.225341796875,763979
2019-07-03,1595.6074825471665,1599.0336118570078,1581.279963576866,1588.22119140625,815571
2019-07-04,1584.5279846267695,1600.6797508749817,1584.5279846267695,1596.1412353515625,646633
2019-07-05,1601.8367922533528,1616.0753415178272,1589.3780616469378,1594.18359375,1098940
2019-07-08,1588.2657390852346,1588.2657390852346,1556.1844630263688,1560.5006103515625,776755
2019-07-09,1559.1211072178924,1562.6807444489834,1534.2926158047308,1548.6646728515625,1462668
2019-07-10,1547.5518718217663,1561.7014477527578,1515.6041145012202,1529.397705078125,648476
2019-07-11,1519.964808996178,1550.8001823803895,1519.964808996178,1540.34375,813618
2019-07-12,1536.6953823644596,1546.884800129452,1520.18752183008,1524.592529296875,1107445
2019-07-15,1526.1944078649415,1534.8264843868533,1514.6255872805425,1527.9296875,725180
2019-07-16,1533.7584503176715,1557.87496703269,1524.1919267662267,1549.598876953125,1259786
2019-07-17,1548.4420813200315,1571.1793059092558,1535.8498438174797,1566.8631591796875,1278232
2019-07-18,1571.579710196807,1571.579710196807,1520.854883763501,1547.6856689453125,1006299
2019-07-19,1555.5614752513513,1567.9756666841924,1520.988520253674,1531.0,983217
2019-07-22,1532.6908463872296,1534.8265418236847,1476.4040825913664,1495.6705322265625,1729722
2019-07-23,1497.7173171304366,1514.2251777148088,1483.7457848973888,1506.9278564453125,1556691
2019-07-24,1499.496875631351,1541.3226045065283,1493.80143550503,1538.3414306640625,2621818
2019-07-25,1539.5431407998954,1557.252358192046,1537.763322140011,1545.4610595703125,1297267
2019-07-26,1540.521875669465,1550.221908187524,1530.0210117343509,1540.1214599609375,771408
2019-07-29,1538.6531731226728,1548.2642369741907,1512.8458035329925,1524.681640625,688427
2019-07-30,1526.194354615424,1543.4140767735605,1517.2952621686868,1530.554931640625,747251
2019-07-31,1529.7539403580856,1560.0553925769393,1513.7801134038036,1536.561767578125,1371879
2019-08-01,1531.5339636503627,1552.6247714113051,1521.7449609774087,1540.7000732421875,1072498
2019-08-02,1532.601613898986,1550.221859892266,1518.185128000118,1546.1727294921875,1051529
2019-08-05,1537.6742814068514,1560.4113985503272,1519.698048599297,1549.510009765625,1539739
2019-08-06,1540.8779846282812,1566.2404001996968,1537.3628862736182,1552.0908203125,1409075
2019-08-07,1552.090553889229,1590.1787096268686,1548.4419480368197,1581.591064453125,2507314
2019-08-08,1584.4834097161363,1608.0660046936582,1584.4834097161363,1604.5953369140625,1761732
2019-08-09,1606.2860997754028,1643.3508395380702,1602.6374937958406,1638.63427734375,1730596
2019-08-13,1635.6534822032556,1635.6534822032556,1603.7502518419715,1623.8621826171875,1907934
2019-08-14,1624.974166137754,1650.0251313343579,1609.5786938383976,1636.5875244140625,1910376
2019-08-16,1635.6531490255102,1644.1518255429587,1616.1196850672766,1627.33251953125,1468390
2019-08-19,1628.667328968804,1641.8824587396784,1611.6255462208985,1620.4356689453125,905742
2019-08-20,1621.414660476138,1646.0651033545962,1613.4054771916783,1640.458740234375,1231835
2019-08-21,1640.0138192149514,1651.4491316346864,1633.873423511402,1646.3321533203125,1933855
2019-08-22,1646.7324671629415,1673.0293279781756,1639.1238085364064,1665.9990234375,2543055
2019-08-23,1668.3574856173607,1670.671228106344,1646.9106928865995,1655.2313232421875,1278546
2019-08-26,1661.905627919055,1676.3221152146655,1646.3322150737624,1669.9593505859375,855849
2019-08-27,1676.5891010637115,1681.0386475102712,1639.168371995542,1656.4771728515625,2510386
2019-08-28,1632.9834129006174,1644.9082181325668,1612.960455521727,1626.843017578125,2519453
2019-08-29,1616.9651700513189,1640.6812742112288,1614.3844113997845,1631.1591796875,2837369
2019-08-30,1632.2713600835443,1678.72468404806,1625.9975655988635,1674.7200927734375,1766858
2019-09-03,1657.90070129871,1669.2915815610859,1632.9832457773123,1639.0791015625,1195923
2019-09-04,1643.6626261035724,1654.3860775932922,1617.232360950182,1643.306640625,1147464
2019-09-05,1639.2129122404017,1640.9481919033637,1617.9885973994208,1628.3115234375,1059065
2019-09-06,1629.42394361689,1640.4143018489,1614.4734237837497,1618.8785400390625,631575
2019-09-09,1618.7451263393257,1653.4515913900314,1615.5414743686401,1632.1383056640625,1175372
2019-09-11,1629.4237740743085,1644.1518150478955,1617.2320612708622,1623.46142578125,1055039
2019-09-12,1624.9746914722589,1631.7379817148412,1600.5021810585201,1606.642578125,862635
2019-09-13,1607.1761725625454,1624.0844490180762,1596.141275675793,1606.7757568359375,1299932
2019-09-16,1602.726629581165,1623.8619751961305,1601.8367202921138,1616.34228515625,945889
2019-09-17,1614.9627216740805,1639.2127473887072,1612.5154713726045,1629.6016845703125,1424258
2019-09-18,1636.9880078193871,1640.9480603900538,1618.4334223355563,1627.8218994140625,751391
2019-09-19,1628.5339178701645,1640.6366618722984,1609.1783917971175,1613.1829833984375,644684
2019-09-20,1622.3045039374842,1772.6991617353092,1610.958161411317,1752.898681640625,4539742
2019-09-23,1765.5798236609878,1869.3876432225552,1765.5798236609878,1815.1922607421875,3783357
2019-09-24,1819.8645153151526,1840.2433513442836,1787.9167497747615,1824.7144775390625,1784798
2019-09-25,1816.3047567019369,1835.3932664248673,1790.3638806601734,1825.6488037109375,1874109
2019-09-26,1828.7632586604727,1846.5614412265115,1794.9021728759901,1810.43115234375,3907951
2019-09-27,1802.956039815476,1819.5528681274404,1784.7129012092482,1789.5184326171875,1458672
2019-09-30,1786.848702052539,1795.7477940408166,1754.3670162953263,1763.7554931640625,2169407
2019-10-01,1770.029475904193,1797.5276931083408,1764.6900204716012,1771.1864013671875,1080409
2019-10-03,1766.2474055587486,1766.7368991048409,1742.753779344855,1746.0465087890625,1423468
2019-10-04,1749.5618107645148,1759.6178300368758,1725.6232271310066,1730.1617431640625,1723988
2019-10-07,1729.9391873889865,1746.8474645494023,1715.4337305829038,1726.4686279296875,880275
2019-10-09,1735.3232757756352,1746.6250813498757,1727.5365687689496,1733.54345703125,1066739
2019-10-10,1733.5432934027779,1764.245163845486,1722.5083965028657,1752.0089111328125,1492290
2019-10-11,1767.226206148552,1794.85793093434,1758.0156674304549,1783.95654296875,1934337
2019-10-14,1799.7524156073964,1807.8060288129054,1785.3803600790898,1792.4996337890625,2135148
2019-10-15,1824.313933944844,1848.6084995421722,1802.7781738845333,1837.1285400390625,5761733
2019-10-16,1837.929392403462,1851.0110133238773,1826.627589765089,1843.0018310546875,1661705
2019-10-17,1839.88730871484,1875.9286320536312,1834.9482691009996,1872.235595703125,2001245
2019-10-18,1868.8097952433343,1883.0483460642358,1860.5335941260764,1874.90576171875,2202270
2019-10-22,1886.6072746294137,1912.4146382917972,1879.4880018949632,1893.148193359375,1737401
2019-10-23,1895.9216122530445,1912.0232375835626,1876.7338857459642,1908.2662353515625,1535786
2019-10-24,1915.198693564191,1923.2495054474593,1894.6691669403065,1908.3555908203125,973453
2019-10-25,1921.0581436047034,1929.0641859285959,1904.732884437907,1918.8665771484375,1612038
2019-10-27,1921.460477457939,1921.460477457939,1909.384259373357,1914.08056640625,85187
2019-10-29,1909.8313076622885,1935.7280397950012,1888.7202044455234,1932.37353515625,1229516
2019-10-30,1950.0859162566333,1950.0859162566333,1916.0935929457378,1940.603759765625,1195298
2019-10-31,1936.6673829778208,1956.5707775603873,1931.5685795047784,1945.9259033203125,1752830
2019-11-01,1936.7570318010314,1953.9320531696135,1920.029059359137,1949.504150390625,1609685
2019-11-04,1949.5042267717652,1956.2132368186192,1923.0706835087092,1930.5399169921875,1523698
2019-11-05,1926.3802495884627,1946.2836443195254,1917.1217291768946,1943.063232421875,2167085
2019-11-06,1937.5619371376383,1953.6635598839346,1927.7220565704574,1949.5933837890625,1093243
2019-11-07,1959.030938979744,1959.030938979744,1903.5697891090845,1912.73876953125,1970785
2019-11-08,1909.831403244646,1918.9108422310442,1863.3156032592963,1866.35693359375,1537851
2019-11-11,1861.7953174722988,1878.5678449232355,1849.9427314069703,1861.840087890625,1050170
2019-11-13,1864.2101813762852,1873.9605215515376,1853.8782626523007,1870.471923828125,868433
2019-11-14,1870.1140556151302,1870.1140556151302,1844.0382419170512,1850.8367919921875,1291198
2019-11-15,1844.7540140767949,1877.6281612545486,1834.2880027353867,1840.683837890625,958290
2019-11-18,1842.5625752868978,1856.472633222321,1823.0616756083184,1839.3421630859375,1200573
2019-11-19,1842.7863027995063,1842.7863027995063,1815.9054906510703,1822.838134765625,1413218
2019-11-20,1828.4287699697754,1836.3454887426371,1804.3211055510196,1812.7744140625,989673
2019-11-21,1813.221790503702,1842.6966644360539,1804.2764437325936,1832.58837890625,1397175
2019-11-22,1833.796264895741,1836.6587324600496,1796.2258048344622,1814.4295654296875,835864
2019-11-25,1808.8385025446526,1848.9583599490936,1808.8385025446526,1844.88818359375,862520
2019-11-26,1841.8466188834968,1861.3027451393086,1817.9625903306692,1841.2652587890625,3188224
2019-11-27,1845.0225698863196,1878.4333095468817,1839.0292311373912,1872.4847412109375,1259986
2019-11-28,1876.6890949436909,1877.0470398713985,1849.0032887018149,1867.028076171875,1026831
2019-11-29,1864.2102797679001,1864.6575471094952,1816.7999415588317,1820.646484375,1298616
2019-12-02,1823.0617200706374,1844.530552887956,1815.2345414393233,1827.7132568359375,1600494
2019-12-03,1825.7453753858533,1836.5693329251064,1807.0943481918634,1814.5189208984375,1199012
2019-12-04,1813.2218512296677,1835.5852189064026,1808.7491776943207,1832.007080078125,1046309
2019-12-05,1831.8283464490255,1831.8283464490255,1813.4903836563715,1822.56982421875,961085
2019-12-06,1828.4289244786623,1832.901597972984,1808.7491611036473,1812.3720703125,657658
2019-12-09,1815.905424458984,1817.7392642557318,1781.1974347366856,1796.35986328125,964222
2019-12-10,1802.3980055861277,1826.2820386191954,1798.9092983845444,1811.745849609375,1610623
2019-12-11,1814.0268091649202,1815.9053100602407,1787.2802017243157,1798.4171142578125,967708
2019-12-12,1798.0149482392314,1819.9310508421474,1790.8586698382794,1795.6444091796875,955318
2019-12-13,1805.573405818015,1810.5381167632809,1789.0692853392102,1794.6153564453125,1212988
2019-12-16,1789.069423344727,1798.9093051731231,1760.5785146171886,1766.482421875,1683941
2019-12-17,1770.28416470415,1784.5519494375378,1744.3426585008046,1754.49560546875,2189167
2019-12-18,1753.288103400018,1759.1920108885663,1706.190827150581,1725.155029296875,3986106
2019-12-19,1728.1515164419727,1759.0129619431864,1726.4966491746109,1745.3265380859375,2035095
2019-12-20,1744.3424766182673,1753.1983910310912,1727.7488160468613,1738.170166015625,2169685
2019-12-23,1743.6717027450236,1755.0770197695197,1739.3332314415975,1744.700439453125,807062
2019-12-24,1746.131441954294,1757.581527875062,1735.754863011411,1741.1220703125,790621
2019-12-26,1745.0581881493997,1748.1442889237014,1734.0553685959294,1739.8250732421875,862164
2019-12-27,1741.5696917022337,1748.323363411666,1730.030171819331,1744.2532958984375,937907
2019-12-30,1744.2530181872905,1748.1442218130214,1724.2154215400274,1732.9371337890625,1117498
2019-12-31,1735.3972750706903,1741.3011821054167,1717.5960131418221,1720.190185546875,706593
2020-01-01,1726.4520331225906,1735.3079488104775,1715.7176163363363,1732.311279296875,543035
2020-01-02,1735.3971308296675,1746.6682449948014,1726.451784794463,1733.65283203125,663275
2020-01-03,1733.5187290256324,1735.3972299611075,1716.388368550451,1724.1707763671875,1598825
2020-01-06,1724.0812630215078,1725.915102655005,1709.6792776040022,1713.436279296875,683129
2020-01-07,1716.8356588415909,1727.3464411739544,1715.7174905083607,1718.1326904296875,808935
2020-01-08,1708.5616215133782,1731.8642988255688,1705.3859790095914,1725.870849609375,1889685
2020-01-09,1736.78359075757,1741.9271643949758,1727.346207622668,1730.9691162109375,1544334
2020-01-10,1736.2022725683976,1751.0515254790853,1727.9278273011273,1747.920654296875,1003336
2020-01-13,1754.1825466589962,1787.1461285139997,1750.6044078590799,1784.4625244140625,2040089
2020-01-14,1785.043686896462,1802.4423401411625,1773.325306180764,1796.9410400390625,1610737
2020-01-15,1799.0434211331358,1813.2217737954684,1786.6987990243065,1808.43603515625,1559491
2020-01-16,1808.7491734304472,1838.0004146042081,1803.4713968319531,1833.125244140625,2468958
2020-01-17,1838.2690536153086,1846.2303261499626,1824.8958017455675,1843.0101318359375,994719
2020-01-20,1843.1886497663631,1856.964396045184,1833.7960359238264,1845.2908935546875,829399
2020-01-21,1842.5179003257902,1856.159554885794,1835.7193490570126,1838.6265869140625,750000
2020-01-22,1845.4251808386316,1845.8724482115929,1813.4007932561428,1835.31689453125,983169
2020-01-23,1835.3617390886857,1843.502092962331,1820.3782814892045,1839.968505859375,708017
2020-01-24,1840.0577749849156,1859.7375372842193,1833.8408028460851,1854.9964599609375,914993
2020-01-27,1848.1087178102373,1850.5686882719888,1839.8342717116195,1843.94921875,429312
2020-01-28,1844.5304594028257,1847.2140633689794,1827.2658968754552,1843.2781982421875,777052
2020-01-29,1844.5753383109486,1865.8205376259614,1844.5753383109486,1855.44384765625,873433
2020-01-30,1856.0700007500855,1858.8431457353745,1833.3041358342336,1841.0419921875,952768
2020-01-31,1846.319559765577,1850.1213321149005,1807.0048046786706,1819.7071533203125,1930834
2020-02-03,1856.0698658273038,1963.9956028444715,1856.0698658273038,1949.146240234375,4012542
2020-02-04,1947.4019878953554,1971.7332873821565,1914.304204913211,1928.259033203125,1932121
2020-02-05,1938.814689258881,1953.6640546871372,1926.7384691406223,1932.463623046875,1514368
2020-02-06,1937.5622301619883,1964.621905814066,1908.9818891434543,1928.974609375,1302116
2020-02-07,1936.6678350271923,1942.9295786046473,1915.7358081394702,1932.150390625,908152
2020-02-10,1932.2842748733524,1958.6282751384076,1924.7700532055687,1931.568603515625,1389847
2020-02-11,1940.245724519221,1949.772431521991,1921.1920921214246,1925.6199951171875,777506
2020-02-12,1929.6014247703072,2032.3834029962434,1927.7228140215248,2021.962158203125,4753325
2020-02-13,2018.0702809402867,2047.5451555938303,1997.5407532767265,2042.5804443359375,2950407
2020-02-14,2033.2770666099364,2055.2827042697772,2009.3482669918917,2017.22021484375,1728651
2020-02-17,2010.9141055529362,2047.5900300759213,2006.6202951010594,2015.029052734375,1420851
2020-02-18,2015.0285053749533,2024.2868064298714,1987.745203080027,1998.747802734375,1194605
2020-02-19,2012.8820262174606,2064.765041084567,2004.8759839810766,2050.40771484375,1299800
2020-02-20,2041.5071055452484,2048.4397496634165,2005.9941206441815,2011.1376953125,1555224
2020-02-24,2000.8951263026104,2023.437355550721,1977.0110950945855,1981.5283203125,1409245
2020-02-25,2003.6682309333314,2039.2707564493448,1991.0106520087934,1998.0328369140625,2237493
2020-02-26,2002.6841537393416,2017.8017014816182,1970.0784104731233,2000.3582763671875,2896154
2020-02-27,2005.5019089593834,2021.379898949937,1967.9762241812853,2017.130859375,2446802
2020-02-28,1960.0147655268402,1994.275264526677,1927.7219804921003,1945.3890380859375,3837330
2020-03-02,1959.0308353533767,2005.50186560032,1915.9590803713402,1931.7027587890625,1707337
2020-03-03,1942.8398619455863,1958.6733011295182,1915.824957206094,1938.1435546875,1753148
2020-03-04,1949.19123227923,1954.603211228584,1925.0387938801757,1946.37353515625,1515878
2020-03-05,1954.5581167511727,2020.4405032152038,1951.7404200953604,1984.0777587890625,2272645
2020-03-06,1954.5581552497542,2012.7029058635915,1931.5238886604266,1958.0467529296875,2479414
2020-03-09,1914.3040168181417,1940.7823279590616,1889.257048373792,1897.755126953125,2485118
2020-03-11,1848.1087012625073,1940.6482728529834,1848.1087012625073,1927.7222900390625,2861629
2020-03-12,1880.6696224494892,1899.097124200423,1817.3814030835917,1839.1185302734375,3655780
2020-03-13,1762.2335121320434,1896.4137287918436,1688.9710919965646,1818.76806640625,3667035
2020-03-16,1789.0694928257997,1824.135211206731,1729.9407679271342,1737.0970458984375,2948679
2020-03-17,1749.3070907330607,1867.7881487305553,1746.0866789818076,1792.6920166015625,3732382
2020-03-18,1819.5283335614893,1846.1407406429378,1707.9797919746813,1720.9058837890625,3910994
2020-03-19,1694.5172878311603,1698.7215576445046,1571.9660222191028,1644.42333984375,5095006
2020-03-20,1654.889279957086,1859.6481959418945,1654.889279957086,1835.31689453125,4252245
2020-03-23,1744.3426542553684,1775.6961389756923,1654.8891848063752,1672.511474609375,3574673
2020-03-24,1766.7058026876357,1852.536352309381,1726.4517464238668,1813.98193359375,5788124
2020-03-25,1798.0594586020184,1913.3648903036717,1790.545345528566,1867.9224853515625,3959038
2020-03-26,1868.6829281748905,2012.703010241026,1842.7414227095617,1963.4140625,3201540
2020-03-27,2002.8631607539178,2028.4914921355587,1896.8608005264325,1914.7962646484375,2918646
2020-03-30,1899.0969010845752,1979.6050127650328,1881.0721167707868,1953.9766845703125,2809606
2020-03-31,1999.1063145395462,2069.0588887156364,1954.5584400534656,2056.088134765625,2809269
2020-04-01,2051.3466623915283,2079.7033649988043,1930.4504008362649,1949.772216796875,2774626
2020-04-03,1998.3907229060133,2016.3709595603352,1903.5252646509307,1926.91748046875,4121436
2020-04-07,1985.8668585254502,2200.5551675552288,1985.8668585254502,2187.047607421875,8510114
2020-04-08,2175.5085031789818,2338.582231121223,2162.4482085250283,2201.31591796875,9791862
2020-04-09,2236.2915878118006,2236.3363582174097,2097.68350400793,2122.0595703125,4770068
2020-04-13,2129.8869276528217,2167.4573816475377,2070.8476428039826,2098.980712890625,3249551
2020-04-15,2170.0962853644746,2251.1859822308343,2130.3342639443204,2225.19970703125,29485531
2020-04-16,2205.9227721529974,2259.7289519270676,2165.7582478028253,2179.17626953125,5388243
2020-04-17,2235.2636838202957,2235.2636838202957,2105.779766775902,2133.465576171875,4540936
2020-04-20,2164.7738735734956,2164.7738735734956,2076.2149423818523,2090.125,2985268
2020-04-21,2042.2224820297365,2127.203268623177,2041.327947434016,2072.994384765625,3227335
2020-04-22,2073.48714767852,2146.8390101825744,2035.648277366869,2134.494384765625,2837815
2020-04-23,2137.043209782902,2158.512040689051,2064.6306758841524,2073.083984375,4095570
2020-04-24,2067.2691923224083,2091.421623388053,2039.5386233211123,2042.311767578125,2169013
2020-04-27,2061.902383623529,2083.7289418893683,2042.4462548409642,2075.722900390625,2013715
2020-04-28,2092.0037429094014,2092.0037429094014,2027.9104112260231,2048.43994140625,2164023
2020-04-29,2048.4844536544683,2050.0051189590786,1986.7615596360583,1996.3778076171875,3642151
2020-04-30,2032.3827075028476,2032.3827075028476,1932.194827555524,1963.5035400390625,8448047
2020-05-04,1905.3588679208124,1932.1949083140632,1848.1086484152106,1863.0025634765625,8474573
2020-05-05,1879.5960546637643,1897.3078833922666,1818.6782703459803,1826.1923828125,4304136
2020-05-06,1833.7514821913794,1854.370552027204,1789.0695147392223,1798.1937255859375,5127656
2020-05-07,1744.4319702087562,1795.3310127892403,1701.4048760962305,1781.957763671875,185669922
2020-05-08,1856.1146963187,1876.733764434817,1821.2726141035687,1869.08544921875,16100226
2020-05-11,1863.315794825554,1893.3274779261847,1821.2278931794863,1832.007080078125,11158755
2020-05-12,1806.9598967583324,1813.9819715476003,1775.6511856758862,1799.401123046875,14881008
2020-05-13,1856.1595780560058,1856.1595780560058,1767.0639401485444,1785.2677001953125,8432979
2020-05-14,1778.334807755008,1812.8191607085841,1771.7600001993628,1794.481201171875,8510002
2020-05-15,1802.487293027563,1822.748524388909,1794.436481296919,1817.7838134765625,5491136
2020-05-18,1826.1925063894778,1831.8727796350302,1778.8716010880908,1793.765625,7675561
2020-05-19,1805.1709508316576,1811.2538302215328,1760.5336492865356,1767.197998046875,5963193
2020-05-20,1767.1982050481936,1798.014884135139,1766.7061672472137,1780.884521484375,3926496
2020-05-21,1788.1746076163229,1792.1105815683582,1748.9939497239725,1763.0382080078125,4261625
2020-05-22,1766.7060856523508,1784.6415506054016,1751.498995294837,1778.24560546875,5339946
2020-05-26,1793.4973457555832,1806.9601369893282,1766.706074531645,1769.2108154296875,4628932
2020-05-27,1780.123798640493,1793.6312488412054,1754.1822960472396,1787.3695068359375,4261645
2020-05-28,1789.069394145702,1802.4874146017949,1780.1240471749736,1797.969970703125,5500796
2020-05-29,1797.1201334748484,1849.8976784599236,1789.0693215279725,1840.3709716796875,8778345
2020-06-01,1856.1594603954486,1916.9878186156368,1852.7601849341047,1886.171142578125,6592547
2020-06-02,1898.202382091565,1900.885985836275,1869.5772754813245,1885.14208984375,3268728
2020-06-03,1891.9410207254148,1922.3552026188731,1865.1049778782458,1896.8609619140625,4895117
2020-06-04,1891.9404706067642,1907.5052835754384,1883.218759217442,1896.949951171875,3264730
2020-06-05,1899.991638686861,1903.5697773661207,1865.1047865640799,1867.4306640625,2981853
2020-06-08,1884.784743967962,1900.4391023065664,1858.93277669712,1888.989013671875,4298456
2020-06-09,1878.522683231219,1918.597877485266,1874.0947805849075,1884.337158203125,3127904
2020-06-10,1892.7458331186356,1905.3588594039863,1874.944680427585,1896.0557861328125,2421659
2020-06-11,1891.9411318512393,1912.6942958602278,1874.6317958412167,1884.6953125,2566927
2020-06-12,1847.437603026243,1895.518838306553,1847.2139693737765,1885.008056640625,2338438
2020-06-15,1891.8069629877473,1906.8797429646872,1839.8791754360284,1864.4788818359375,2830788
2020-06-16,1887.289081072931,1896.4132900162615,1840.0576120582311,1857.366943359375,2806772
2020-06-17,1857.0540693510916,1877.6283678072934,1844.7989874273721,1859.0667724609375,2293301
2020-06-18,1851.9104764557121,1864.9707705298026,1837.4190578863286,1847.52734375,2326907
2020-06-19,1872.4299249034987,1891.3433584883826,1852.6158516240966,1884.813720703125,4673528
2020-06-22,1900.3496836735726,1908.3652886990092,1879.6349714818703,1892.0638427734375,2487234
2020-06-23,1904.8530986139262,1956.1895651013938,1892.7846137436586,1941.7342529296875,4308814
2020-06-24,1956.1894443190806,1960.6024909318974,1913.859378074607,1918.6328125,3023015
2020-06-25,1904.222820186382,1972.3110588197737,1902.1513046186242,1957.225341796875,8208033
2020-06-26,1963.3495543253005,1963.3495543253005,1925.657913191837,1940.1580810546875,3176048
2020-06-29,1937.5911886722984,1977.7145089601543,1927.368840746092,1966.05126953125,3295039
2020-06-30,1975.8234029931762,1981.3622491534697,1954.3881343176606,1963.39453125,2373109
2020-07-01,1966.0965618172775,1974.0222355437095,1945.4719996257986,1954.7484130859375,1532931
2020-07-02,1952.3617737589361,1961.2780191285055,1931.872219911391,1937.9515380859375,2588838
2020-07-03,1950.335014250054,1970.5994048391217,1942.0942500302506,1957.72021484375,1946252
2020-07-06,1963.3945586098982,1963.3945586098982,1939.0772865537208,1946.8228759765625,2375516
2020-07-07,1959.3412906796225,1959.3412906796225,1937.8609500109799,1940.112548828125,2014667
2020-07-08,1939.6176706342915,1976.0034251497727,1913.859288260377,1968.8433837890625,3349938
2020-07-09,1966.0963458629337,1999.3749367831524,1955.3337460771968,1959.6568603515625,3039571
2020-07-10,1954.3883096187867,2010.227975607895,1952.0916342184898,2002.8427734375,3179516
2020-07-13,2016.532280235177,2048.955309305506,2012.9297214495848,2040.174072265625,4556662
2020-07-14,2039.7686096543312,2044.4068156403307,2005.3642209176583,2012.704345703125,2403256
2020-07-15,2014.955935171897,2063.365313433374,2012.9745720382025,2049.090087890625,2474512
2020-07-16,2049.1806594128248,2063.6359718581493,2015.6318276083514,2060.52880859375,2495150
2020-07-17,2057.9616394227464,2107.496821115635,2054.3590807541727,2102.58837890625,3088712
2020-07-20,2102.5883379572865,2110.468934891313,2072.0116658298093,2099.345947265625,2816219
2020-07-21,2114.702300103807,2116.503579746144,2078.676707257064,2087.68310546875,3037810
2020-07-22,2098.49026195415,2098.49026195415,2018.5584976844373,2025.088134765625,6950011
2020-07-23,2035.445421514757,2041.8849064660242,1986.4056410658654,1991.62939453125,3936886
2020-07-24,1981.4075751553187,1999.4203712930944,1952.632177301775,1989.7835693359375,4203314
2020-07-27,1997.3938411117647,2013.7854408769492,1967.6727288327934,2000.771240234375,2209409
2020-07-28,2009.2825914830823,2021.846474427639,1991.3599449752542,2019.7301025390625,1567837
2020-07-29,2012.9296127592552,2037.4269672019725,1994.9168198039151,2009.5972900390625,2404978
2020-07-30,2018.190300762423,2024.295613464451,1980.925325175373,1985.9000244140625,2044966
2020-07-31,1987.618144833872,2009.7328964104458,1969.9805776783496,1998.833740234375,1715659
2020-08-03,1998.7431847155972,2010.7276840423692,1979.5227612670003,1993.9493408203125,1683773
2020-08-04,1998.8342213315,2006.974638901049,1967.358116720945,1987.8900146484375,1981720
2020-08-05,1991.6887296377513,1998.8341185856557,1972.7396916561506,1984.9503173828125,1715477
2020-08-06,1989.8795520113715,2016.1097824697033,1982.688895067552,2008.3763427734375,1824483
2020-08-07,2010.6827395657785,2021.3557735310258,1994.4019076664606,1999.421875,1777905
2020-08-10,2006.1606290978673,2014.0749237347502,1988.7944496020978,1995.985107421875,1476289
2020-08-11,1998.065276438064,2019.7277850961618,1995.3065355674578,1999.5123291015625,1665204
2020-08-12,1989.9243272719257,1998.0647416024935,1980.8341537715503,1985.4471435546875,1170430
2020-08-13,1989.8797202207054,2005.2560635133198,1981.6940344797538,1988.6585693359375,1453227
2020-08-14,1993.4973510533234,2004.3512386271163,1958.267485134635,1966.2720947265625,1341664
2020-08-17,1972.694255299682,1993.1808817263736,1961.2975839275134,1986.306884765625,1559579
2020-08-18,1993.4974420004105,2005.074966771893,1979.9300819142009,2002.8590087890625,1339001
2020-08-19,1995.3066618022553,2009.3262689001408,1980.8348093141158,1984.091064453125,1585107
2020-08-20,1977.216703879208,1987.8897384855934,1968.3073820032796,1976.9453125,1768939
2020-08-21,1988.9750238841048,1997.7485393974084,1978.5281122680144,1991.7337646484375,1374411
2020-08-24,1995.3065116481919,2000.4167958443209,1981.920004939457,1984.8143310546875,1665474
2020-08-25,1984.8141156778772,1987.9798328279066,1967.2670860897326,1970.9755859375,1774886
2020-08-26,1973.689166324757,1977.2165915853357,1953.6998343203684,1974.322265625,2148146
2020-08-27,1973.6890556241565,1979.0254619135003,1958.2221778074627,1963.875244140625,2172203
2020-08-28,1970.8850949589573,1973.9602747908127,1940.1324133487672,1946.4185791015625,1939520
2020-08-31,1946.4639265480766,1960.483531966987,1900.0182422020675,1915.1234130859375,3534275
2020-09-01,1944.6095207491696,1967.1765170481342,1910.058024003633,1955.1920166015625,1738003
2020-09-02,1963.6491835911593,1976.3120525779286,1932.4895251418698,1937.102294921875,1667810
2020-09-03,1947.3685938690874,1948.6800612981413,1924.8015937154985,1934.84130859375,1590711
2020-09-04,1912.9980703392541,1936.4242940771117,1912.093579525855,1921.726318359375,1590491
2020-09-07,1922.9469484681097,1966.362495752432,1902.8220333206896,1956.0513916015625,2362992
2020-09-08,1948.2729069948725,1963.9659084792677,1927.6052068157367,1937.6451416015625,1804209
2020-09-09,1919.3294333807817,1939.409084513579,1908.4755440308431,1928.6004638671875,2009898
2020-09-10,1937.418991965406,1938.8662653492613,1915.8920701123186,1930.092529296875,2137794
2020-09-11,1922.0426788453747,1961.8402684308787,1921.5904335091757,1953.021484375,1934110
2020-09-14,1960.0312567257954,1962.473337338859,1912.9977424896435,1920.6859130859375,2096908
2020-09-15,1932.806153515137,1932.8966909173525,1907.570950465464,1921.5452880859375,1224058
2020-09-16,1922.0429214253302,1952.7503394642185,1910.9176405861378,1938.7760009765625,2087841
2020-09-17,1931.087347556936,1940.1775218587259,1919.5550929052492,1924.936767578125,1741644
2020-09-18,1917.5202119522698,1924.349160645268,1890.3854919718133,1898.2545166015625,4475166
2020-09-21,1898.2545363833103,1898.5259277505265,1828.9705727268265,1843.171142578125,3483963
2020-09-22,1845.6585489291697,1858.502272752459,1809.0266754426266,1833.2218017578125,2345687
2020-09-23,1840.6384740185401,1863.250740284124,1832.362362483045,1856.5123291015625,2410295
2020-09-24,1848.7790146380135,1882.2451709695235,1840.6838669332203,1864.0648193359375,3798089
2020-09-25,1883.1495264854495,1909.3797552405304,1873.0645441036093,1880.4813232421875,2528873
2020-09-28,1884.0540172804654,1892.5110931571924,1863.250732404109,1866.235595703125,1523704
2020-09-29,1867.773471248214,1871.6175570849234,1831.3677171476133,1839.0106201171875,2298844
2020-09-30,1844.2112689454566,1896.716998254865,1839.734084144204,1870.712890625,2417367
2020-10-01,1890.3855056216437,1907.4802910036005,1872.295692170719,1894.907958984375,2131531
2020-10-05,1899.4305043182721,1920.5051821736274,1883.3305254027982,1909.4251708984375,1646110
2020-10-06,1916.6155325552002,1935.609834671132,1906.7114049021861,1913.8115234375,1679499
2020-10-07,1920.2335847718612,1944.6548314929353,1911.1886785788706,1935.0220947265625,2428544
2020-10-08,1941.9418105160116,1958.2226454434863,1941.2634423940335,1954.423828125,1617365
2020-10-09,1944.6547788762355,1959.985850293959,1918.515089014919,1935.293212890625,2001026
2020-10-12,1940.3135452347944,1942.4844555649183,1920.5052858071897,1934.1629638671875,1741166
2020-10-13,1933.755444754954,1947.5941937444643,1924.7558083307651,1933.9815673828125,1679160
2020-10-14,1928.9169288462765,1958.2223387974952,1927.4696554168418,1952.0264892578125,2123033
2020-10-15,1953.699592087646,1971.5180117953491,1936.559540293862,1946.961181640625,2344437
2020-10-16,1964.463332525298,1964.463332525298,1939.2733981325541,1945.152587890625,1640399
2020-10-19,1947.8660268804658,1976.3122157526864,1946.5545595059937,1969.7999267578125,1605969
2020-10-20,1973.6889992717051,1997.5674624520477,1928.8714464974362,1965.548583984375,5855290
2020-10-21,1980.8347371669145,1986.9400497129768,1931.9922367984152,1956.549072265625,3954242
2020-10-22,1953.6996788705421,1978.3470475044412,1947.5490986798884,1971.20166015625,2632958
2020-10-23,1979.8395351680506,1979.8395351680506,1935.610029825047,1939.0924072265625,2805684
2020-10-26,1944.6548358040916,1964.5536294727847,1937.6903021846301,1959.8050537109375,1646050
2020-10-27,1950.9861454931004,1979.9298435254505,1946.8706692645471,1968.8045654296875,2334808
2020-10-28,1988.1498973865555,1988.1498973865555,1951.8727463760908,1970.3072509765625,1555483
2020-10-29,1949.9607637812724,1966.3469886869973,1926.2917722507807,1931.844970703125,1934367
2020-10-30,1928.2943709964,1929.9330378374939,1882.5950576641214,1885.5992431640625,2414313
2020-11-02,1886.2364501953125,1900.483272706306,1871.6709177613718,1886.2364501953125,1486077
2020-11-03,1904.2611511864955,1904.2611511864955,1859.8362372414638,1871.3975830078125,2227402
2020-11-04,1866.2087689389562,1898.0708698720605,1866.1632072014334,1875.3577880859375,1479878
2020-11-05,1899.891582336824,1922.650226111822,1876.4957409866022,1913.865478515625,2083827
2020-11-06,1916.2779759416285,1933.5289850037823,1898.9814051374049,1906.400634765625,2127821
2020-11-09,1929.933147680146,1946.0006625794483,1919.0545595293156,1941.3580322265625,2194404
2020-11-10,1948.1400086887822,1951.9634165918053,1904.898583262279,1945.044921875,2471703
2020-11-11,1945.0449364641336,1946.8656280746955,1915.9138706951446,1940.0833740234375,2759942
2020-11-12,1938.1261836437259,2006.4021177786622,1932.8916953600474,1995.569091796875,3010512
2020-11-13,2007.312522776291,2019.5110678005942,1982.9607722165333,1989.42431640625,2799165
2020-11-14,2000.0294918355119,2000.0294918355119,1986.3743064110545,1991.563232421875,258276
2020-11-17,2021.2865487807774,2021.2865487807774,1977.2712369036208,1982.3692626953125,2733542
2020-11-18,1975.4505053313367,1975.4505053313367,1935.3041642252535,1940.948486328125,3315051
2020-11-19,1935.2131929828515,1954.8765293878805,1924.9262407431086,1939.7193603515625,2704650
2020-11-20,1943.588367736982,1949.9607886148083,1912.181436267696,1930.1607666015625,2827038
2020-11-23,1948.1399886402487,1948.1399886402487,1907.1744281314584,1938.490234375,3244576
2020-11-24,1940.8569744647941,1967.2569989767449,1932.117567104721,1963.934326171875,1989749
2020-11-25,1968.1673894620321,1976.360500704011,1937.215635881223,1944.3619384765625,1786536
2020-11-26,1948.139907246507,1968.1675137696018,1932.2544183411644,1961.0667724609375,1630887
2020-11-27,1972.7189750889095,1973.1741479027278,1935.3948043558012,1946.5009765625,5687861
2020-12-01,1965.4365388905287,1965.4365388905287,1938.6724618612468,1941.8131103515625,2226742
2020-12-02,1952.6917342086622,1957.1523397121914,1931.8449043621233,1947.5028076171875,1634682
2020-12-03,1959.9743892439749,1963.069475876432,1930.024103130469,1936.9881591796875,3469163
2020-12-04,1949.0506632047475,1998.5733935837104,1942.3141921301392,1988.3775634765625,3712143
2020-12-07,1992.9748971723338,2057.017824495631,1990.9266187579738,2053.876953125,4147649
2020-12-08,2056.926418878336,2073.949841581219,2039.3111380299108,2057.381591796875,2768211
2020-12-09,2057.381490024711,2090.153938538379,2042.133198007935,2086.694580078125,2123890
2020-12-10,2084.691572829878,2146.5039545818377,2071.0819495887313,2139.721923828125,3041370
2020-12-11,2154.1058104800504,2171.174794715233,2123.83681176966,2161.84375,2611218
2020-12-14,2167.487875662938,2177.00094520695,2144.91125445998,2158.202392578125,1575632
2020-12-15,2149.3264682189956,2152.011943921522,2100.4409424266287,2112.0478515625,2207176
2020-12-16,2109.3620396261895,2143.7729281302068,2096.5260767857408,2133.8046875,1748634
2020-12-17,2132.0298207333203,2132.0298207333203,2102.8987557190308,2107.7236328125,1912868
2020-12-18,2113.823408937465,2133.759897407604,2104.7199489506543,2124.246826171875,2229891
2020-12-21,2132.9397752565833,2139.3121945595267,2062.023940771911,2099.21142578125,2003069
2020-12-22,2102.8987362579783,2124.1098372256897,2076.4987088330945,2103.80908203125,1764488
2020-12-23,2112.0023763630975,2164.1652381263393,2096.7540833440967,2157.83837890625,1559556
2020-12-24,2168.89932874413,2193.9338435564964,2148.462105647795,2186.878662109375,2489444
2020-12-28,2189.381754644436,2200.6699542081697,2163.02728691323,2174.72509765625,1532477
2020-12-29,2180.2782535451997,2187.561020154119,2143.1360993892317,2170.53759765625,1749013
2020-12-30,2175.726549120187,2198.166485087767,2162.981707409859,2190.83837890625,1924886
2020-12-31,2181.1883861869846,2200.305646666921,2172.9952745527266,2180.64208984375,1709836
2021-01-01,2180.6424196565604,2188.471483081026,2168.44387383486,2173.496337890625,830096
2021-01-04,2189.381424726812,2212.14006739549,2185.466893737326,2208.953857421875,1614486
2021-01-05,2189.382084777881,2236.6745140505586,2189.382084777881,2230.848388671875,2356303
2021-01-06,2226.523711668218,2230.3471194224653,2186.2864733927872,2200.578857421875,1641627
2021-01-07,2213.9611531092537,2214.598350766986,2152.967979894484,2156.472900390625,2403881
2021-01-08,2175.7262331210172,2184.829690163365,2149.144183007837,2176.818603515625,2797948
2021-01-11,2207.5882945575468,2223.0186095267645,2186.741467192362,2211.32080078125,2787672
2021-01-12,2211.9583998680314,2214.962585635855,2159.3403650713763,2162.890625,2036708
2021-01-13,2168.3523149633156,2183.008969506067,2152.603512292959,2159.65869140625,1702740
2021-01-14,2153.8777272361303,2190.291551872413,2140.359005938971,2183.509521484375,2120413
2021-01-15,2178.0020131750694,2191.20202537613,2132.757877874318,2140.359130859375,2042957
2021-01-18,2161.6160555475894,2161.6160555475894,2112.593846372371,2123.47265625,1733797
2021-01-19,2132.0297237594405,2168.534676846025,2114.960741129001,2151.283447265625,1495269
2021-01-20,2145.685155634146,2161.1154732490027,2135.944499547807,2144.729248046875,1380562
2021-01-21,2162.981603222308,2184.738778764539,2139.3126126146562,2155.380126953125,1521133
2021-01-22,2147.5057958000134,2204.8575826314677,2145.68510415457,2193.341796875,2548089
2021-01-25,2203.037031520348,2214.279892049113,2171.1749256925746,2184.466064453125,2124424
2021-01-27,2207.588272919258,2207.588272919258,2125.657161759368,2176.90966796875,2460297
2021-01-28,2155.607766337781,2195.34449451213,2084.6919162535214,2094.159423828125,3867335
2021-01-29,2107.541520512564,2114.0959654178846,2049.18826943015,2060.931640625,4472694
2021-02-01,2072.538807681937,2080.140284493412,2026.6119036192053,2047.0037841796875,2717591
2021-02-02,2067.4408406842026,2071.0366620865784,2007.312457099299,2030.480712890625,4215607
2021-02-03,2031.4365937187904,2054.6504109447947,2018.7828763671382,2032.6656494140625,2353429
2021-02-04,2038.264333639415,2056.4712504204726,2026.6118624490578,2044.272705078125,2908003
2021-02-05,2044.2727011007091,2080.140238188647,2040.0850213482527,2066.075439453125,4036942
2021-02-08,2082.871224424259,2083.508422044189,2030.344315356696,2036.1248779296875,2780672
2021-02-09,2045.5470894802243,2052.5567079531966,2012.319466531391,2017.553955078125,3131481
2021-02-10,2020.9677644822186,2040.0850271192126,2014.3677571432565,2035.078125,2055520
2021-02-11,2040.9948032461748,2064.6637884756133,2033.7576002899493,2060.112060546875,1824480
2021-02-12,2064.664295565736,2068.533265255399,2031.8918464297722,2040.585693359375,1222094
2021-02-15,2049.1878271561045,2058.9740417904572,2014.5946963556014,2016.597412109375,2449407
2021-02-16,2027.3399210314449,2029.2061742103049,1993.7026910849227,1999.2103271484375,2396356
2021-02-17,1999.1194063091834,2004.1718700242418,1966.3469570254263,1969.897216796875,2447956
2021-02-18,1969.9881951414554,1974.130312737908,1951.0529591665147,1954.3758544921875,3205806
2021-02-19,1959.883609673187,1997.2989152639204,1957.2436954500588,1985.5555419921875,3364030
2021-02-22,2007.3125928508111,2007.3125928508111,1967.8036719877252,1973.2657470703125,2678023
2021-02-23,1989.1050925544196,1995.796221469211,1975.6319335182286,1983.87060546875,2062144
2021-02-24,1992.2918283457914,1992.2918283457914,1962.2959780080625,1983.507080078125,924143
2021-02-25,1981.8228898223053,1989.1056565281292,1966.3470105724298,1969.3511962890625,2099460
2021-02-26,1964.526632059515,1986.7389851521693,1929.9334846923873,1940.9031982421875,3413194
2021-03-01,1943.7703162794419,1960.884861845377,1937.2158709410223,1951.235107421875,1229276
2021-03-02,1968.1674084280671,1988.1038904080515,1948.6405375636557,1982.6873779296875,2095135
2021-03-03,2007.3126052359064,2007.3126052359064,1978.6367108753934,1996.8436279296875,2031893
2021-03-04,1989.1055725164033,2005.9469698123087,1979.0917687188378,1999.9385986328125,2290915
2021-03-05,1988.7415014980393,2011.8186339203562,1980.2296794615972,2003.76220703125,2129837
2021-03-08,2011.8639957507373,2017.4171934182364,1974.5398220739137,1979.59228515625,1440724
2021-03-09,1980.91260376393,2007.3126338692398,1968.2133233878922,2001.3953857421875,1711842
2021-03-10,2012.3195459939066,2036.3525880652292,1996.5705179896158,2028.1141357421875,2696085
2021-03-12,2035.5333918156111,2039.0836518538595,2002.7609400690271,2007.0850830078125,2038930
2021-03-15,2008.3141626739796,2018.646455204097,1987.5582318710988,2012.6383056640625,1632022
2021-03-16,2022.196766698768,2046.0022208794546,2015.7787842473097,2042.861572265625,2633605
2021-03-17,2051.9195384324357,2059.2023052059317,2020.2850202600634,2026.7030029296875,3703365
2021-03-18,2037.3533350401428,2048.186358153052,2007.3119319765483,2016.597412109375,2597091
2021-03-19,2006.4935808145685,2116.781902850185,1995.0231330378156,2104.765380859375,5382214
2021-03-22,2102.989817253521,2145.2297713790863,2095.615927738025,2142.2255859375,2471516
2021-03-23,2151.1473094550515,2160.205206489579,2124.2009825685304,2127.75146484375,1970612
2021-03-24,2127.7509584773006,2140.131526118811,2107.9509403452325,2110.7275390625,1762743
2021-03-25,2110.7278808899414,2113.822967738471,2031.02706089015,2036.4891357421875,2495833
2021-03-26,2052.8301480980117,2116.5543655556,2047.1860475736835,2110.0908203125,1929236
2021-03-30,2116.554131281755,2190.2921461780224,2116.554131281755,2183.692138671875,3327203
2021-03-31,2172.0848850294956,2219.969158738723,2168.1247922518164,2213.505615234375,2709756
2021-04-01,2227.434442276655,2227.434442276655,2177.5930031394214,2184.010986328125,1532653
2021-04-05,2184.8296822828406,2200.487583888727,2136.1261872819523,2160.432373046875,2545447
2021-04-06,2168.716752385082,2194.843631293428,2164.210585315483,2192.3857421875,3683538
2021-04-07,2200.3056934984343,2216.691917115717,2173.314030718697,2189.609130859375,1713970
2021-04-08,2190.2920253876273,2220.333437207158,2180.8245178363695,2193.84228515625,1814515
2021-04-09,2206.678133519285,2260.388533633822,2206.678133519285,2254.01611328125,2604858
2021-04-12,2222.6091523282803,2265.167816211691,2219.058892798317,2241.271240234375,2261945
2021-04-13,2248.5542674776307,2281.235594852962,2229.25497975381,2234.352783203125,1811781
2021-04-15,2273.13339406133,2273.13339406133,2204.0382388256185,2240.042236328125,3352379
2021-04-16,2248.4630226396093,2256.701696653812,2221.2437718769925,2238.44921875,1225517
2021-04-19,2221.2435947713334,2239.17736131143,2197.6201673839746,2218.19384765625,1746316
2021-04-20,2235.8093372118306,2235.8093372118306,2170.082413361539,2182.508544921875,1589508
2021-04-22,2175.72648621417,2175.72648621417,2122.9264292265457,2138.766357421875,1721265
2021-04-23,2130.2092389096524,2139.3126971955908,2093.7954057658976,2100.8505859375,1949756
2021-04-26,2115.643966805189,2157.337855351921,2103.8094695726295,2149.008056640625,1946867
2021-04-27,2151.147398825548,2172.4949660984917,2141.9983779221666,2166.48681640625,1668456
2021-04-28,2166.622999222195,2225.795476091709,2154.1513062401764,2190.792724609375,1951215
2021-04-29,2214.871228501054,2229.3911988860036,2170.4007493361155,2191.74853515625,3151150
2021-04-30,2193.933267019052,2223.8835534230484,2121.333193141554,2142.726318359375,4010778
2021-05-03,2132.940313092102,2198.4852138785427,2130.2092755593335,2192.11279296875,1692239
2021-05-04,2193.2050257329197,2201.398137816454,2159.522231611724,2191.7939453125,1453111
2021-05-05,2215.7819168014307,2215.7819168014307,2156.290723437451,2179.959716796875,1256857
2021-05-06,2184.8295305962342,2199.8957953514414,2163.9371426603784,2175.72607421875,1377740
2021-05-07,2192.8408938597927,2206.678104852285,2182.2352324879316,2195.025634765625,1169518
2021-05-10,2205.7679386518507,2227.570676756349,2199.3955178633396,2214.7802734375,988495
2021-05-11,2207.5885287959086,2208.4988745809787,2179.595395904991,2186.74169921875,1019077
2021-05-12,2174.816464992113,2174.816464992113,2116.5998861959492,2120.150146484375,2053932
2021-05-14,2120.1043540709916,2168.8078568830483,2117.4644400157854,2163.755615234375,1388970
2021-05-17,2171.174754343931,2180.278212433423,2154.33335687837,2163.209228515625,811243
2021-05-18,2186.741893138486,2192.431554799734,2154.7431026041804,2161.388671875,1153722
2021-05-19,2148.4158188433626,2166.622732562374,2133.8502878681534,2148.188232421875,1323590
2021-05-20,2148.4158848729767,2150.236576300835,2130.208970594392,2133.98681640625,856235
2021-05-21,2130.208919677347,2154.014370626641,2130.208919677347,2150.464111328125,771492
2021-05-24,2143.864193639022,2148.3703605509727,2116.7814081779766,2127.068359375,1194864
2021-05-25,2143.8644828698493,2157.3376459387905,2128.388603375672,2133.896240234375,1098457
2021-05-26,2144.547451100313,2157.7019055008936,2134.988818717185,2142.954345703125,811095
2021-05-27,2142.0436561949114,2142.0436561949114,2114.642158857292,2117.828369140625,3755182
2021-05-28,2124.154975904005,2139.312141109225,2111.410137616546,2113.54931640625,1215325
2021-05-31,2116.5543756836964,2134.761295044417,2112.1391088377486,2130.255126953125,1178704
2021-06-01,2136.58169983696,2151.147233368017,2121.652116868588,2146.86865234375,1141451
2021-06-02,2144.77496161368,2160.8424780066343,2139.312886159655,2147.323974609375,1113091
2021-06-03,2156.609489051095,2158.475742641535,2134.7611869247858,2151.375,868532
2021-06-04,2157.5195602810663,2157.5195602810663,2124.7015495233586,2132.075439453125,1283795
2021-06-07,2142.9538149150476,2142.9538149150476,2122.015863452411,2129.57177734375,1128300
2021-06-08,2129.5723326887655,2150.2371413751193,2125.794263631674,2147.506103515625,1106664
2021-06-09,2150.2369776468327,2159.2948747406285,2135.3073940527056,2144.77490234375,1072858
2021-06-10,2152.0578412521495,2184.7847339391483,2144.0923141324556,2165.531005859375,1944339
2021-06-11,2167.5335111765135,2174.40666692871,2148.416247953201,2154.33349609375,1128097
2021-06-14,2162.493550265494,2177.806502329122,2142.504600559841,2168.1787109375,1761632
2021-06-15,2163.9608848323137,2196.0535250734706,2163.9608848323137,2193.2568359375,1215463
2021-06-16,2186.8848951784075,2217.923162375375,2185.6469462595524,2207.882568359375,2153668
2021-06-17,2198.8046344812765,2224.3869674983794,2188.1681255208937,2216.8681640625,1555777
2021-06-18,2218.9771226193857,2289.3058155765816,2205.2231321899267,2276.652099609375,3937751
2021-06-21,2268.445772163649,2318.9229657149617,2262.07313421068,2305.489990234375,2506277
2021-06-22,2308.928266190942,2323.4615148220328,2275.505890986896,2283.3916015625,1945883
2021-06-23,2287.7469393102137,2305.1686594893295,2254.0037733490876,2274.451416015625,1035668
2021-06-24,2283.162354330843,2296.733002654792,2268.583214383539,2283.2998046875,759681
2021-06-25,2281.328211995011,2283.116185717041,2241.9001118680876,2245.246826171875,1112942
2021-06-28,2246.577004232633,2260.2392125655915,2234.8402203445676,2255.837890625,694906
2021-06-29,2251.069382539864,2290.0390154351567,2241.900057152736,2285.500244140625,1354397
2021-06-30,2285.500935624073,2296.916704412817,2258.405526135237,2266.01611328125,1447245
2021-07-01,2277.6610204959898,2277.6610204959898,2258.405432158463,2272.159423828125,735043
2021-07-02,2272.1592486283594,2285.638114653202,2248.3189982391996,2280.686767578125,860231
2021-07-05,2291.4145578168423,2304.6182976574223,2278.6233928724373,2291.46044921875,761700
2021-07-06,2283.162288098774,2290.451857860963,2263.9067025364952,2267.115966796875,461782
2021-07-07,2253.8204913841223,2283.895927579089,2242.6798490445535,2275.505859375,623145
2021-07-08,2257.671253406038,2264.594138849585,2235.8941055984956,2244.23828125,1114426
2021-07-09,2237.3156192738693,2259.780468729693,2235.8943289239505,2247.814453125,538094
2021-07-12,2249.2362831649793,2255.5630302917048,2228.146827595149,2241.121337890625,543898
2021-07-13,2251.0699535494573,2251.574311345782,2228.1466342668764,2234.2900390625,994396
2021-07-14,2237.1325541496094,2238.5538446752757,2208.890980855154,2214.255126953125,1377829
2021-07-15,2223.5615099545735,2223.5615099545735,2201.555128000384,2211.96240234375,693792
2021-07-16,2218.977132140336,2228.146459132651,2206.1400743510944,2216.593017578125,545405
2021-07-19,2200.6840941678415,2216.226056702781,2199.262803889789,2208.569580078125,463873
2021-07-20,2203.389098948698,2255.654258599167,2203.389098948698,2232.63916015625,1061476
2021-07-22,2246.485222826387,2299.667321979012,2178.173733397585,2180.603515625,3546044
2021-07-23,2184.133841775844,2193.0739362163617,2159.101532570285,2162.21923828125,1517589
2021-07-26,2161.439428082877,2163.9609927990623,2143.7884750695794,2153.599609375,1311535
2021-07-27,2153.5999634409563,2163.4569907702407,2138.287230873618,2147.8232421875,1656945
2021-07-28,2154.7921723636605,2171.709538476702,2148.4654253166877,2165.2451171875,912373
2021-07-29,2165.2447603460373,2174.4140872279304,2136.4531634811005,2140.80859375,1012663
2021-07-30,2145.6228975922545,2160.79818123409,2125.450374623438,2139.4794921875,1708251
2021-08-02,2147.45673353707,2157.909678477186,2131.502191499934,2139.02099609375,1229936
2021-08-03,2136.4533375720525,2194.2201016351596,2132.8773893409325,2188.5810546875,1733476
2021-08-04,2188.580718063268,2195.8243962318684,2170.883873689006,2179.640625,1588974
2021-08-05,2192.3862001986304,2192.3862001986304,2158.459688526799,2161.852294921875,921757
2021-08-06,2161.85214356795,2182.9874866991486,2161.6688018033155,2174.505859375,1432661
2021-08-09,2181.7954704787753,2196.0538187504912,2177.5777143707664,2186.426025390625,921476
2021-08-10,2195.1367286899463,2195.1367286899463,2163.1358692653607,2183.9501953125,1061370
2021-08-11,2191.469016879606,2196.0536800948353,2165.9782446308295,2191.881591796875,1300594
2021-08-12,2196.054042913763,2213.0172996126794,2179.961827597547,2193.578369140625,1226064
2021-08-13,2201.555627814547,2209.487006900315,2189.6355015498284,2204.764892578125,1033159
2021-08-16,2204.3062556308605,2234.4275849826727,2193.89897972999,2224.845458984375,1146309
2021-08-17,2230.8973120253363,2280.8242539526877,2229.109337990023,2277.4775390625,1921902
2021-08-18,2278.577459222904,2292.331447910366,2250.1525492688156,2279.540283203125,1545643
2021-08-20,2283.162240091445,2411.53280780743,2270.3251833198465,2401.813232421875,5779927
2021-08-23,2406.94853356205,2450.8238563751975,2378.982083933996,2415.33837890625,2163220
2021-08-24,2415.200624065348,2437.2070078837114,2393.1942402469854,2414.28369140625,1482854
2021-08-25,2413.3667407549624,2444.955025853304,2402.9594656075783,2425.286865234375,1746570
2021-08-26,2412.450334539692,2473.7014938489574,2412.450334539692,2444.90966796875,2117291
2021-08-27,2447.293496703356,2466.5490843507037,2430.880490110069,2455.5,1176229
2021-08-30,2468.016357701591,2480.990866981281,2449.677702120098,2464.440185546875,1168190
2021-08-31,2464.6230232078806,2510.057077889897,2453.3905989617356,2497.816162109375,2535891
2021-09-01,2516.9802289770964,2544.4882096216547,2489.472248332538,2505.88525390625,1775792
2021-09-02,2519.731184794765,2576.581015019392,2503.363845742332,2568.37451171875,1946183
2021-09-03,2569.428549498682,2575.434502946992,2527.0663071195054,2536.87744140625,1561823
2021-09-06,2558.242124344716,2590.334767481657,2544.7632589993036,2549.623046875,1444978
2021-09-07,2556.9588128408677,2575.3890272078484,2539.9037737688177,2546.964111328125,1219915
2021-09-08,2557.233137360592,2576.580503998872,2535.4103214329075,2568.236328125,946711
2021-09-09,2550.9067259695657,2589.0968827002084,2550.9067259695657,2577.1767578125,879454
2021-09-13,2565.1187275966035,2587.996149224342,2544.4877458733067,2554.89501953125,1341412
2021-09-14,2569.244965248703,2571.078830320258,2522.5272973229335,2533.072021484375,1755061
2021-09-15,2543.571371231245,2553.6576311748436,2520.6939445858234,2544.90087890625,1362350
2021-09-16,2523.398915153978,2564.9360132896295,2523.398915153978,2538.299072265625,1259196
2021-09-17,2539.994940874235,2551.8232811997773,2474.8009471642827,2496.11962890625,3095032
2021-09-20,2494.056794307771,2575.663799709753,2484.9333592624603,2567.732421875,2671330
2021-09-21,2576.5809521784026,2621.78578020403,2564.339810779536,2578.827392578125,2277437
2021-09-22,2592.994010187561,2603.9972030857475,2543.571424964087,2553.19921875,1580594
2021-09-23,2566.4946160161967,2583.6412126587056,2542.5169155608255,2551.181884765625,1054473
2021-09-24,2539.995169194678,2549.0727126920774,2504.509697307287,2518.492919921875,1635284
2021-09-27,2535.3189650636073,2535.3189650636073,2479.844535629123,2484.42919921875,1465932
2021-09-28,2498.641541235954,2525.6451637627124,2484.795768288935,2497.587158203125,1078052
2021-09-29,2489.4264678237337,2516.475983329204,2454.6289155303275,2462.239501953125,1503894
2021-09-30,2462.2392637787443,2480.577916584812,2459.167449889525,2477.36865234375,1620199
2021-10-01,2481.2196144220516,2486.7212100194397,2457.4711496375253,2479.431640625,956111
2021-10-04,2475.7184139311576,2497.724799832768,2457.1046344172723,2463.064697265625,1025005
2021-10-05,2463.0648060611325,2489.426623670192,2462.8814642759608,2483.64990234375,562784
2021-10-06,2470.262218323035,2506.893629475423,2453.711540774042,2462.9267578125,862471
2021-10-07,2473.8845220471962,2479.6153516479353,2444.5426744914103,2447.66015625,1082816
2021-10-08,2448.6686008279357,2456.0499533089546,2407.3148494611005,2420.748046875,1579941
2021-10-11,2422.7194230860855,2444.0839987798045,2416.576019052401,2425.378662109375,1086252
2021-10-12,2406.9483469886904,2464.7609987237042,2406.9483469886904,2453.849365234375,1174337
2021-10-13,2464.807105860292,2469.850236171567,2423.0866641942894,2426.891845703125,1660007
2021-10-14,2426.891528144012,2454.399508060635,2402.363579385024,2429.458984375,2158809
2021-10-18,2450.7771938719197,2456.370347721422,2423.4984524076426,2433.538818359375,1758177
2021-10-19,2448.118416627324,2505.0600242932765,2311.128766922109,2335.244140625,5431133
2021-10-20,2355.6005912800233,2369.3545846117477,2264.8242352906414,2272.755615234375,4864654
2021-10-21,2295.449214993159,2296.91639684673,2226.312579458627,2242.588134765625,3254632
2021-10-22,2254.737754220705,2290.7273666050737,2228.146703032254,2250.244873046875,1845622
2021-10-25,2250.24448896833,2258.909457673494,2209.807669863553,2251.84912109375,1560381
2021-10-26,2277.7270467983776,2277.7270467983776,2229.8920521058185,2248.158935546875,1595060
2021-10-27,2264.9034933520934,2265.0879618277268,2205.9974610781574,2211.025634765625,3083879
2021-10-28,2214.162189929185,2228.9232711953796,2184.6400273967956,2204.613525390625,2015791
2021-10-29,2214.1622073582007,2216.0073425309993,2189.252882525421,2207.842529296875,2453400
2021-11-01,2207.7043527236015,2224.2182233118274,2184.8708037349224,2220.712646484375,1941114
2021-11-02,2228.00095308612,2239.994332957805,2216.0075732144346,2231.598876953125,1350154
2021-11-03,2245.5296116490113,2245.5296116490113,2201.430833883266,2224.633544921875,1591607
2021-11-04,2240.916620364744,2241.839187931794,2232.613512261293,2235.242919921875,245719
2021-11-08,2259.3677911050045,2259.3677911050045,2214.2543307768506,2243.591796875,2555533
2021-11-09,2250.8807364317577,2256.785079661651,2229.33869038028,2242.900390625,1696949
2021-11-10,2224.3566591004865,2232.6135940809363,2210.471971660299,2214.300537109375,1794509
2021-11-11,2216.6531194363647,2220.5740317221494,2182.9794021584476,2192.205078125,1282647
2021-11-12,2203.0915274333993,2226.709349145272,2192.2051842187666,2218.72900390625,1651974
2021-11-15,2217.944918240035,2241.8393296425534,2217.944918240035,2236.995849609375,1007999
2021-11-16,2246.1287637344008,2246.1287637344008,2214.2542383600157,2220.296875,1245209
2021-11-17,2217.852643057335,2223.4342224184347,2202.3534614030305,2205.99755859375,956809
2021-11-18,2204.936597102425,2220.0206676833723,2186.4852448254173,2213.608642578125,1236943
2021-11-22,2222.8340299204287,2223.2953136674228,2193.081228239313,2203.5986328125,1629290
2021-11-23,2202.9069368143873,2214.1622163670077,2155.579174392297,2208.811279296875,1932539
2021-11-24,2219.697669450403,2219.697669450403,2183.7175326638003,2190.867431640625,999070
2021-11-25,2202.168866154651,2202.168866154651,2159.7307564591697,2167.157470703125,1363272
2021-11-26,2162.4988489811876,2181.872772116258,2145.154529889204,2154.2880859375,2450902
2021-11-29,2153.641891110843,2160.884137456397,2107.7903226960016,2149.029052734375,1724612
2021-11-30,2142.201816029922,2178.18194989089,2123.7504653319897,2138.096435546875,3931035
2021-12-01,2158.808171914308,2174.261179127797,2143.3551647008185,2163.28271484375,1263139
2021-12-02,2174.4915571066044,2203.091149075338,2163.420747312256,2198.755126953125,1673117
2021-12-03,2198.7554788001476,2204.8442900196555,2156.8707732340426,2162.175537109375,1890178
2021-12-06,2162.498631584652,2180.903811665437,2122.828221534251,2127.90234375,1079171
2021-12-07,2147.645493048849,2160.330800307847,2132.9767551129557,2141.83349609375,895313
2021-12-08,2138.74234043503,2162.913566527393,2138.74234043503,2159.36181640625,839769
2021-12-09,2159.730601998244,2166.742205367051,2141.7867084684403,2158.577392578125,716666
2021-12-10,2165.266186534611,2165.266186534611,2140.356860997144,2152.165771484375,724539
2021-12-13,2169.8789564319695,2169.8789564319695,2122.8280096726025,2125.918701171875,1804894
2021-12-14,2126.5181369952916,2144.923314001436,2125.5955694738186,2138.788330078125,1219031
2021-12-15,2136.666733497352,2144.7853740777527,2122.3669345469166,2141.2333984375,755122
2021-12-16,2141.233521445047,2145.2467811529605,2125.549870082299,2130.670166015625,926493
2021-12-17,2124.673189599155,2130.162421789475,2053.6354841718276,2057.556396484375,2439222
2021-12-20,2053.6354404246763,2098.2416731716976,2030.7095458851932,2093.398193359375,2175705
2021-12-21,2112.6796087992666,2124.3961711894704,2078.313968874475,2096.857666015625,1591415
2021-12-22,2121.9056100305556,2137.958197159767,2093.3060126779696,2101.2861328125,1661605
2021-12-23,2120.936807030046,2126.518386236396,2098.4724203909404,2122.505126953125,1423081
2021-12-24,2131.1311046716482,2133.898807404988,2106.4985953921687,2119.091552734375,895503
2021-12-27,2119.091884308755,2129.378649552307,2101.839912952099,2123.197265625,584302
2021-12-28,2131.1312461712605,2138.88072424466,2119.8297925930797,2130.301025390625,783710
2021-12-29,2135.6513414435963,2142.063365534749,2121.0287822184405,2128.224853515625,1410236
2021-12-30,2129.286398902837,2149.582889706937,2118.815164688941,2145.523681640625,963711
2021-12-31,2158.808301164332,2186.8083194384603,2149.5826246636298,2177.39794921875,1123597
2022-01-03,2193.8658187106234,2193.8658187106234,2170.8016280177026,2178.458984375,879278
2022-01-04,2185.5164514267585,2221.6351077854724,2172.969667320708,2215.3154296875,1484275
2022-01-05,2217.668201674402,2232.6137528237414,2206.781858162971,2228.739013671875,1202512
2022-01-06,2212.3175531134007,2225.233502130743,2184.363704121468,2206.228515625,1198901
2022-01-07,2203.091095381724,2234.3660421940463,2203.091095381724,2229.061279296875,1026186
2022-01-10,2237.226794114822,2237.226794114822,2216.0077358613617,2220.666748046875,919447
2022-01-11,2229.983958212586,2231.0450459867716,2206.7814755188997,2217.529296875,1321335
2022-01-12,2220.8049566008226,2228.923597533129,2212.778662534441,2226.294189453125,1487554
2022-01-13,2230.7682527784877,2234.366175994937,2217.160381923036,2227.262451171875,1586299
2022-01-14,2232.613449166806,2233.536016707784,2177.99749578815,2180.6728515625,1596037
2022-01-17,2180.949836818986,2208.811333680341,2163.421052174502,2204.521484375,912205
2022-01-18,2222.1882824344107,2222.1882824344107,2174.8605248452136,2186.023681640625,1667579
2022-01-19,2180.9495659710296,2185.193466557672,2126.564256993739,2131.03857421875,2145255
2022-01-20,2144.9695542032005,2145.4770114030516,2069.319015087217,2086.663330078125,2829711
2022-01-21,2089.4309234306847,2153.5955382375378,2075.7768793547984,2145.33837890625,4596050
2022-01-24,2157.7932378009095,2163.3748167460417,2091.183903108086,2107.697998046875,2231103
2022-01-25,2106.6830783507557,2152.9959260266146,2067.3816091725157,2147.04541015625,1843543
2022-01-27,2131.1310027894797,2145.5231464092967,2098.841139110851,2117.615478515625,2620474
2022-01-28,2116.923910202673,2139.1576563755766,2101.6553698957737,2106.7294921875,1967721
2022-01-31,2112.6799570076278,2132.8381506220467,2095.1511713381324,2097.688232421875,1639875
2022-02-01,2124.9502650718982,2140.35710088012,2101.9781938043175,2127.1181640625,1270508
2022-02-02,2144.139442850704,2152.3502043716894,2118.7226604993693,2147.64501953125,1246111
2022-02-03,2148.6597848218175,2151.3813139975136,2112.679651027034,2120.198486328125,1448039
2022-02-04,2127.441242299558,2133.6685746436697,2106.222183941843,2127.994873046875,1014561
2022-02-07,2117.523152102328,2137.3121808433843,2063.783592747155,2082.78857421875,1207402
2022-02-08,2092.3833950526905,2092.3833950526905,2072.59436433985,2089.01611328125,1190660
2022-02-09,2091.9683346232428,2103.77724567414,2080.9436961748984,2101.2861328125,1049611
2022-02-10,2103.453865797984,2108.0667032229794,2081.173951129736,2106.35986328125,1195100
2022-02-11,2102.5316351323763,2102.5316351323763,2074.8546061486245,2083.15771484375,2100036
2022-02-14,2048.1000392084215,2063.091762468393,2036.1066606004442,2055.988037109375,1661501
2022-02-15,2073.8858561014426,2125.7341117924484,2050.452728424556,2112.772216796875,1533070
2022-02-16,2112.7725058876135,2125.3654656492595,2098.841642692161,2109.451171875,995668
2022-02-17,2105.299203055527,2133.89879783849,2099.763797613663,2128.870849609375,869374
2022-02-18,2116.369727217686,2147.5525520295096,2116.369727217686,2133.4833984375,890713
2022-02-21,2120.0605700238766,2125.64214964408,2107.836548025262,2117.1083984375,737919
2022-02-22,2103.454222892399,2103.454222892399,2075.869540502473,2094.182373046875,902667
2022-02-23,2094.2285657072484,2097.872662877861,2077.852989918128,2085.371826171875,1324411
2022-02-24,2029.6489542339186,2068.396797905657,1993.0230613343124,2003.263427734375,2997629
2022-02-25,2025.03586922646,2025.9584368206404,1994.7294336631348,2002.617431640625,2193728
2022-02-28,1996.4364136270947,2011.1051493073985,1955.8434366402223,2003.9093017578125,2334036
2022-03-02,1964.1003126435737,1987.948775995453,1958.6572537160741,1982.690185546875,2034688
2022-03-03,1990.808676007574,2000.0805260964498,1925.029781622644,1929.0889892578125,2372998
2022-03-04,1914.3276198543692,1917.0491490136667,1822.3015089722135,1863.1251220703125,6320118
2022-03-07,1826.2226171468747,1826.8223086278842,1777.7878167426256,1793.42529296875,2976453
2022-03-08,1775.5273755035412,1806.3872141713298,1754.3083224259412,1798.0841064453125,3211938
2022-03-09,1811.922691043336,1851.6392696187959,1799.9293127421327,1843.19775390625,2879079
2022-03-10,1893.0161263047496,1950.3076570339551,1890.3407707013123,1939.190673828125,4879791
2022-03-11,1937.3920548449164,1946.8021997783435,1909.715025489989,1932.2255859375,2481643
2022-03-14,1932.7792483556104,1932.7792483556104,1887.6656672426832,1899.8436279296875,1730325
2022-03-15,1886.6507018593952,1919.6786662839345,1868.1993502519686,1880.377197265625,2391023
2022-03-16,1900.4892580005055,1918.940610019928,1874.703538600609,1911.6983642578125,2808685
2022-03-17,1935.6392281162618,1952.7988508350625,1921.108787992415,1939.2833251953125,2995889
2022-03-21,1943.3886385101139,1947.4478458328756,1887.5732990228782,1892.37060546875,1674982
2022-03-22,1894.7232488895797,1894.7232488895797,1816.5356431228643,1839.1385498046875,5356303
2022-03-23,1856.2059088063745,1860.403636202062,1822.3015513766356,1825.3460693359375,3212162
2022-03-24,1817.4581637989966,1837.1549594464946,1800.2522556130125,1813.6756591796875,3054664
2022-03-25,1821.9790361242467,1823.9164058374736,1794.3942384187587,1801.7747802734375,2233647
2022-03-28,1808.1862866220808,1827.4219107941271,1781.7548155020881,1822.1632080078125,1794533
2022-03-29,1826.6837200393122,1840.3838254159855,1821.1944882510834,1833.1878662109375,1249125
2022-03-30,1845.1352295498923,1862.6640142306164,1840.5685649040033,1859.8040771484375,1476829
2022-03-31,1863.0331964412799,1894.9540156615149,1861.741579165013,1890.0181884765625,2540524
2022-04-01,1895.7839472795958,1924.3375928229545,1880.561695492296,1917.233642578125,1714996
2022-04-04,1917.0956651144609,1967.3294309264415,1909.899592065337,1963.63916015625,1693019
2022-04-05,1978.4463745779765,1990.901038162403,1962.301440301868,1974.1103515625,1277652
2022-04-06,1969.6817666546574,1996.8051631829535,1957.0426359627131,1976.1859130859375,1736115
2022-04-07,1974.2485429142564,2006.5845831987992,1969.774225077371,1997.1744384765625,1824732
2022-04-08,2009.075281976827,2023.6518941209981,1995.9748679875904,2014.0111083984375,1693462
2022-04-11,2018.578200563824,2024.2059538317478,1973.2800347619682,1995.5601806640625,1380107
2022-04-12,1975.1248950778788,1997.3588644486824,1960.4561602556353,1967.144775390625,1370233
2022-04-13,1972.1728485640856,1997.3589908165504,1965.7148749217226,1985.50390625,1071601
2022-04-18,1981.6750160936738,2013.8725321731515,1969.7278118586003,2009.029052734375,1828131
2022-04-19,2016.4559648177424,2035.9684047628139,1938.360707318754,1949.4315185546875,1775996
2022-04-20,1950.6770246491712,2000.7263216009515,1930.6573509157095,1997.3128662109375,1511804
2022-04-21,2015.8103620616823,2033.1085059008844,2000.1267116474723,2027.757568359375,2244813
2022-04-22,2013.0426440030271,2019.5006176547327,1955.8434488022078,1962.2552490234375,3520828
2022-04-25,1937.3920586397714,1994.5912527519934,1888.4959733502915,1938.083984375,2437310
2022-04-26,1976.3242431340236,1990.8546826536087,1956.7658553041135,1981.9981689453125,1447088
2022-04-27,1981.4908876629947,1985.7345638053657,1940.621094814331,1979.0,2214481
2022-04-28,2057.325784433154,2075.777136759909,1997.358889371201,2068.25830078125,5865359
2022-04-29,2070.610633368373,2112.6798060639644,2050.452666430418,2061.80029296875,2678692
2022-05-02,2048.099906218477,2077.622067028833,2035.0916140169286,2057.786865234375,1543544
2022-05-04,2068.3502768534363,2076.561263202784,1982.2746792589307,2003.401611328125,1608395
2022-05-05,2009.352018289925,2031.4474649038607,1986.8414613475506,1998.8348388671875,1101451
2022-05-06,1960.4562565466824,2001.9718008029652,1943.1119396768092,1982.7823486328125,1585602
2022-05-09,1957.2272286505406,1973.7410991465922,1946.7559959469559,1952.752685546875,1341414
2022-05-10,1968.7591186034851,2027.711093962965,1954.9206055861223,2011.566162109375,2162232
2022-05-11,2015.8105485676783,2020.1465719772978,1952.1533733497515,1995.975341796875,1858636
2022-05-12,1997.2205530262227,1997.2205530262227,1945.8795310968778,1973.1876220703125,1531515
2022-05-13,2001.9718396525484,2046.2550877185954,1987.3490520195735,2024.205810546875,2057239
2022-05-16,2029.6488184793945,2049.8991332347023,2004.0937397666978,2045.5631103515625,1396818
2022-05-17,2064.6142298134505,2100.686718097508,2049.2997406598984,2071.16455078125,2055096
2022-05-18,2062.953624390855,2123.75074278888,2062.953624390855,2113.971435546875,2137455
2022-05-19,2071.718071115021,2106.9601114235707,2071.57955082135,2089.20068359375,1734602
2022-05-20,2112.6799292669716,2166.188853239672,2105.9451403404,2145.84619140625,2599505
2022-05-23,2130.2087744947225,2203.091621261757,2127.7640602356446,2195.526611328125,2363306
2022-05-24,2195.7108243415714,2195.7108243415714,2123.7967270537633,2130.80810546875,3078655
2022-05-25,2149.5362916112877,2149.5362916112877,2109.4507752396985,2120.7060546875,1884260
2022-05-26,2112.8181747767812,2118.215285524726,2083.157715468132,2103.638671875,2299127
2022-05-27,2119.1376270697115,2154.102846538108,2103.9152627481394,2150.135986328125,1011303
2022-05-30,2160.837367177453,2181.871949411405,2150.504657115427,2167.064697265625,939562
2022-05-31,2177.2598027661215,2184.5479976046063,2125.5036639702707,2171.032470703125,3123979
2022-06-01,2186.485003137357,2226.893505204606,2123.7504123300405,2129.700927734375,2197599
2022-06-02,2117.2929583788755,2128.3175977989986,2082.3736794065308,2107.8828125,1460335
2022-06-03,2107.1443924137075,2144.923490479133,2089.753903108621,2114.478759765625,1845303
2022-06-06,2096.258170795974,2123.7045584032867,2073.5631417313366,2103.91552734375,2131405
2022-06-07,2075.7772157284135,2084.864597189544,2036.1529801465351,2040.3507080078125,2034730
2022-06-08,2043.4871668520366,2047.1312637050473,2016.7327073311749,2026.9271240234375,1506843
2022-06-09,2026.881103168607,2037.3523359672286,2002.6637026414444,2027.52685546875,1497867
2022-06-10,1995.5138617701666,2037.8136793552626,1995.3293932841964,2029.5565185546875,1641981
2022-06-13,2000.126702866766,2045.3325185680906,1989.0558908582784,2026.788818359375,1519441
2022-06-14,2021.207221128956,2042.5183965410713,1992.745921918183,2002.8941650390625,1592475
2022-06-15,2009.1298479420552,2009.3159450730284,1983.3491466196042,1997.82177734375,1432377
2022-06-16,1996.379259225899,2014.062805111816,1987.1187109042944,1997.96142578125,1353485
2022-06-17,2010.3401426333317,2010.712336954986,1954.4973608935168,1964.2232666015625,3252189
2022-06-20,1964.7352388806999,2050.267676864812,1962.0826158113082,2043.752685546875,2022000
2022-06-21,2042.9152809886975,2077.351666135204,2021.6483954879973,2052.222412109375,1606187
2022-06-22,2037.516822816739,2070.743230960725,2034.5851678017711,2050.22119140625,1741378
2022-06-23,2055.014279722326,2100.9450566196474,2040.216034087092,2096.524169921875,1585753
2022-06-24,2108.0646474102273,2158.1370451866132,2103.457664155553,2144.269287109375,1930048
2022-06-27,2155.391646400277,2170.2830533947563,2138.824910673951,2159.85888671875,1450391
2022-06-28,2159.859033532507,2162.977012973852,2120.024698894455,2157.06689453125,1404108
2022-06-29,2137.103420139715,2140.5470132378377,2070.8366914580347,2078.701171875,1682914
2022-06-30,2070.742850878611,2093.173120606514,2060.0396535077907,2076.048095703125,2387212
2022-07-01,2071.7668844626082,2134.124647831429,2050.9190067038585,2124.212646484375,1235612
2022-07-04,2118.3024796740488,2213.5144511606013,2118.3024796740488,2210.629150390625,2410245
2022-07-05,2219.285299796351,2244.879909041224,2207.279192167795,2235.107421875,2463079
2022-07-06,2233.710912238165,2335.251778346921,2233.710912238165,2325.29296875,4770394
2022-07-07,2331.4360868273643,2355.634625053916,2294.6729229831803,2301.606689453125,3333262
2022-07-08,2304.863906518729,2330.318995121599,2282.8526374119147,2323.8505859375,1346970
2022-07-11,2314.6835215769293,2350.0506200167856,2308.168529759061,2318.0341796875,1587197
2022-07-12,2303.5144792515607,2318.033691707686,2275.081154072802,2279.827880859375,1116476
2022-07-13,2293.276670878791,2344.7917226993836,2290.85672635887,2324.688232421875,2528792
2022-07-14,2329.3418469612275,2348.0956221051606,2297.1856689370916,2324.73486328125,1663307
2022-07-15,2354.704166387848,2395.5623809937165,2328.6907804294483,2390.53662109375,2996964
2022-07-18,2402.170291504002,2424.5074038620396,2357.542647883643,2376.57568359375,1566888
2022-07-19,2373.2715799842917,2396.585986188102,2347.9562317110817,2390.0244140625,1473121
2022-07-20,2396.5862002476183,2436.606863009035,2359.916195491061,2424.042236328125,4012897
2022-07-21,2435.676197400496,2447.682305573008,2412.1291103834023,2426.787841796875,1990695
2022-07-22,2435.6759511785335,2460.0605866356937,2430.1382542048914,2457.640869140625,1905780
2022-07-25,2462.2013725511724,2470.1124334722404,2431.0224853916698,2441.81884765625,1253821
2022-07-26,2443.1215914391,2443.1215914391,2362.2427237400657,2370.619140625,1685576
2022-07-27,2359.68287337069,2411.0115952497367,2350.049904653768,2403.053955078125,1404133
2022-07-28,2443.121437616533,2443.121437616533,2405.8929204719,2438.56103515625,1442054
2022-07-29,2457.08229818408,2461.735863142762,2416.130926547679,2454.662353515625,1463059
2022-08-01,2454.75559668609,2455.22095319731,2401.239597895777,2413.3388671875,1559918
2022-08-02,2419.853744456171,2456.2447128108165,2418.923031477534,2452.661376953125,1359934
2022-08-03,2434.0469255488947,2479.419179681581,2417.8989657522525,2444.3779296875,1767904
2022-08-04,2451.498291308233,2460.293484607701,2433.8147425098823,2445.867431640625,1189384
2022-08-05,2455.221212234755,2473.509634165277,2445.4953055690976,2462.1083984375,1176666
2022-08-08,2462.107877139054,2473.8349508660503,2444.0987184027517,2466.715087890625,1024511
2022-08-10,2466.7154054852,2491.239557844071,2448.8921143690263,2459.6884765625,1098949
2022-08-11,2472.0197819408418,2482.9090762737474,2425.996079350291,2432.60400390625,810674
2022-08-12,2443.028125367328,2444.1451625929203,2405.985934863655,2415.1533203125,1473527
2022-08-16,2427.2526617371354,2464.853599226256,2411.058348169555,2461.270263671875,1584117
2022-08-17,2467.320027889315,2507.34068469778,2461.270393720594,2498.638427734375,1711381
2022-08-18,2498.964307798236,2526.885696712183,2480.0242080950043,2496.21875,1465489
2022-08-19,2502.6872877942105,2511.947836813186,2444.5177245784657,2452.010009765625,1324508
2022-08-22,2464.527844179778,2482.0252927480765,2438.5610442643447,2444.70361328125,1410895
2022-08-23,2421.7616327531014,2447.4957544605686,2406.125610033763,2413.10595703125,1305045
2022-08-24,2397.5167342799186,2429.160976890756,2383.835298360793,2408.91796875,1242489
2022-08-25,2420.9705590634285,2446.2859066842084,2387.6975700156136,2395.84130859375,1106593
2022-08-26,2419.760823379198,2433.5354222805295,2384.486888864015,2393.375244140625,1048791
2022-08-29,2373.3181258060654,2427.2063170667802,2373.3181258060654,2397.33056640625,1450034
2022-08-30,2409.3367608835097,2482.2116361409435,2406.4516868427086,2475.55712890625,2227943
2022-09-01,2466.3891105037055,2471.042674863146,2414.269189677967,2425.437744140625,1702269
2022-09-02,2433.8143825228476,2441.260086178749,2405.8929938132164,2423.204345703125,937600
2022-09-05,2417.0612081721674,2440.7012230533533,2406.916529262678,2420.411865234375,1274074
2022-09-06,2411.663395325669,2438.467974227799,2385.4173350938354,2394.817626953125,1250776
2022-09-07,2393.607581856152,2416.968340289085,2383.3697395276185,2386.906494140625,1344964
2022-09-08,2401.2395369991264,2416.1309449805162,2385.4174160188995,2398.5869140625,1004533
2022-09-09,2417.992346167213,2463.597282642268,2404.450426728119,2409.336669921875,1785443
2022-09-12,2411.476730002825,2424.5067084744733,2395.6546132872527,2401.611083984375,1595709
2022-09-13,2417.9923614738445,2428.230204420808,2400.308814565452,2407.38232421875,1342130
2022-09-14,2373.3184260762023,2425.438360139052,2370.247027373951,2393.235595703125,1610054
2022-09-15,2401.239624928891,2418.737075392725,2374.2489469742636,2382.99755859375,1199906
2022-09-16,2377.971421306689,2386.2083212293255,2344.1399170451355,2352.981689453125,2516820
2022-09-19,2355.6346016813873,2408.685242651691,2334.274783788315,2400.54150390625,1166725
2022-09-20,2418.550977759535,2439.8642153192604,2400.867430137537,2404.543701171875,1253333
2022-09-21,2403.101093905548,2463.364763863094,2401.2396678064733,2441.81884765625,1960049
2022-09-22,2441.352943484204,2514.0880610995746,2438.5142238749268,2506.177001953125,2620240
2022-09-23,2510.9704141412954,2535.029435145417,2488.7264651964556,2496.21875,1789791
2022-09-26,2483.6076189345317,2539.9157549456013,2459.921018735176,2476.20849609375,2678551
2022-09-27,2490.5879757336475,2525.7223913106077,2469.553771147301,2493.61279296875,1898501
2022-09-28,2484.957079976139,2521.068789110069,2468.29740849411,2514.879638671875,1526197
2022-09-29,2523.256079212632,2538.05432487034,2504.6418194042685,2513.43701171875,2019666
2022-09-30,2519.439916524358,2526.7924578252405,2483.0489498545553,2509.620849609375,1340054
2022-10-03,2534.331327920192,2544.5691702290874,2436.1876941403398,2440.794677734375,1683197
2022-10-04,2466.3894502184908,2491.0533447206753,2451.6375582772425,2483.095703125,1327939
2022-10-06,2495.520819589302,2505.758662619022,2424.5539531332897,2432.8837890625,1752351
2022-10-07,2430.929360967055,2431.9532362274003,2396.5861397954673,2419.57470703125,1025923
2022-10-10,2391.93244381046,2429.8124180009304,2365.872479442097,2425.06591796875,1043728
2022-10-11,2429.1610048450043,2429.6729424557484,2368.6646579810485,2373.923095703125,1129783
2022-10-12,2385.836435141825,2424.135415291199,2377.227339023146,2411.803466796875,882873
2022-10-13,2404.031468304621,2426.5080943947714,2385.324047754245,2388.58154296875,753331
2022-10-14,2410.5466454265525,2443.0284379054874,2392.118482769441,2397.33056640625,1001536
2022-10-17,2395.283053935558,2429.114334956377,2390.070970275546,2411.05859375,778918
2022-10-18,2438.4679086307524,2458.943593359713,2417.0615109595665,2421.94775390625,1123374
2022-10-19,2434.0938143675244,2436.141337573044,2399.750367485734,2404.03173828125,1241979
2022-10-20,2390.2107958683678,2429.161230628747,2390.2107958683678,2420.691650390625,1428125
2022-10-21,2425.437743172406,2481.9785501170427,2425.437743172406,2470.018798828125,2458302
2022-10-24,2429.254006741838,2457.082233573049,2373.3180665194227,2394.817626953125,719908
2022-10-25,2406.823911204295,2406.823911204295,2326.7825901046936,2331.808349609375,2923789
2022-10-27,2321.19823927991,2354.7039075293396,2315.6139612383386,2344.466064453125,1846329
2022-10-28,2351.0744491848036,2374.15595224941,2337.951303605031,2349.3525390625,1164951
2022-10-31,2368.664464037761,2393.7937137544677,2365.9189062729406,2373.969482421875,1324443
2022-11-01,2407.0440918840513,2413.4623429904373,2386.993290598174,2390.928466796875,1280132
2022-11-02,2402.3594467722937,2402.3594467722937,2343.7058055970365,2359.54052734375,1338284
2022-11-03,2357.103893252122,2388.304623172912,2350.170499380562,2385.82177734375,730444
2022-11-04,2384.509954856514,2385.493805985923,2356.6823627282374,2361.4609375,889055
2022-11-07,2371.533438556047,2391.1157606130273,2358.3222450873786,2373.126220703125,1283685
2022-11-09,2351.7634634725714,2384.4631906481854,2335.5071583906392,2350.63916015625,1436444
2022-11-10,2346.1415910671885,2377.998146217462,2343.3776121790283,2355.136474609375,1459152
2022-11-11,2384.557778288656,2386.244348203943,2337.7098848055784,2345.25244140625,1162847
2022-11-14,2348.7654157270244,2355.2772254587667,2300.3714172362206,2302.8544921875,2137131
2022-11-15,2302.854619380513,2313.348499590698,2290.065009867017,2302.573486328125,1558333
2022-11-16,2308.2420847371077,2326.4658654402274,2275.026981501953,2321.640625,1330395
2022-11-17,2323.6082765871915,2340.520409362297,2299.528508677909,2304.916015625,960476
2022-11-18,2314.285308458912,2331.6659179626067,2294.4687464064905,2327.12158203125,1075675
2022-11-21,2327.121705634642,2353.6376532906284,2314.3323250136264,2343.705810546875,1354881
2022-11-22,2347.922260774859,2364.8812870191077,2339.5834285605038,2357.1044921875,921265
2022-11-23,2362.070141632423,2365.817972083248,2344.267946991005,2349.28076171875,734152
2022-11-24,2358.3222179422173,2398.6113936957,2352.8409246248293,2388.4453125,999929
2022-11-25,2393.927052709918,2394.3017443103663,2359.4469617390005,2377.4833984375,783480
2022-11-28,2367.6919405844546,2382.2147839081817,2362.8198066386367,2366.00537109375,830905
2022-11-29,2367.8795550131726,2473.5215402086596,2367.8795550131726,2468.134033203125,2542932
2022-11-30,2467.946406116617,2527.911694647924,2457.6398721502983,2515.122314453125,3698270
2022-12-01,2511.0465154871617,2513.8573884522593,2479.9864607226045,2494.977783203125,1675569
2022-12-02,2492.3073440103817,2492.3073440103817,2442.789040807247,2450.238037109375,2101890
2022-12-05,2436.089776576181,2459.5137167355674,2422.175864621739,2454.6884765625,1640511
2022-12-06,2442.4612008071144,2492.260407447323,2439.6972215426445,2487.200927734375,1484562
2022-12-07,2492.353981194533,2548.3371949096204,2488.7934967481283,2536.672119140625,2368561
2022-12-08,2525.1478215474913,2540.1391443106168,2516.434069441538,2534.89208984375,1314703
2022-12-09,2552.9280684970827,2568.7627875835333,2540.326035802867,2550.632568359375,1883397
2022-12-12,2531.846740641604,2552.272461746136,2519.1509196139464,2545.947998046875,1163204
2022-12-13,2545.713604847105,2548.524477432509,2527.724066050402,2539.43603515625,1265839
2022-12-14,2548.524865486891,2548.524865486891,2502.9419662859514,2515.4033203125,886858
2022-12-15,2500.130870117913,2514.0914466719687,2481.4852768769233,2495.352294921875,990722
2022-12-16,2499.8030135322433,2518.2610335119625,2486.029781808769,2502.89501953125,1793864
2022-12-19,2502.8949660154867,2548.5247569057906,2502.8949660154867,2546.74462890625,1546941
2022-12-20,2535.4074585596272,2535.454352193079,2485.982941398127,2505.940185546875,827567
2022-12-21,2518.4952840830792,2525.241333452075,2483.0315740758383,2498.116455078125,779092
2022-12-22,2507.766947485057,2519.010438376079,2475.441911173368,2478.580810546875,852567
2022-12-23,2466.072610479893,2482.5162634919075,2443.632519823627,2455.85986328125,1189702
2022-12-26,2455.7190489630993,2471.553770123414,2442.414296397516,2452.439697265625,605144
2022-12-27,2459.5135385661692,2468.7893266975734,2412.899901025725,2429.76513671875,870960
2022-12-28,2429.5311873666774,2438.994551135019,2415.5706098761807,2420.723876953125,822651
2022-12-29,2417.5851352059226,2420.4429019760137,2379.3103211896605,2406.154296875,1345863
2022-12-30,2417.303621302198,2423.39384546772,2394.113921595018,2399.59521484375,696432
2023-01-02,2411.6351479258137,2417.397574589378,2378.0453542016885,2397.1123046875,681703
2023-01-03,2389.2888740055228,2400.4854720460166,2375.1876157832367,2381.793212890625,821843
2023-01-04,2389.710114137013,2397.11198691943,2367.7385064163905,2376.218017578125,1672649
2023-01-05,2377.5768796889943,2428.547283259781,2377.5299860576115,2420.8173828125,2008493
2023-01-06,2417.350414886035,2447.23926843855,2412.5718400080136,2414.024169921875,991782
2023-01-09,2426.1109126079123,2463.6827698458715,2407.980694092328,2458.623291015625,1267078
2023-01-10,2458.6237301691544,2486.076634650193,2450.2380050779525,2477.175537109375,1413088
2023-01-11,2477.315731797696,2480.923109820686,2424.9398968952273,2429.76513671875,1471687
2023-01-12,2423.066153055006,2438.525953532815,2410.5576775322857,2426.76708984375,1703829
2023-01-13,2426.9074485857586,2472.865263078271,2404.842052094002,2458.57666015625,1348015
2023-01-16,2462.277561927778,2462.277561927778,2421.098323118427,2433.37255859375,930068
2023-01-17,2441.1961878922,2506.361636182838,2437.7763840753073,2499.38134765625,1892865
2023-01-18,2499.803128602817,2523.695549809478,2492.3074670477863,2516.855712890625,2038075
2023-01-19,2501.7707935744093,2510.390758482957,2447.2396735834595,2482.70361328125,1649842
2023-01-20,2389.2417535786535,2440.7744188519187,2376.1712415001334,2388.070556640625,4569549
2023-01-23,2398.611388553148,2439.837521793905,2391.1157279639197,2432.716552734375,1388360
2023-01-24,2439.8374568893,2445.459202181672,2418.100087508677,2436.55810546875,1462462
2023-01-25,2436.558147426727,2475.4418863685496,2430.4679232551166,2457.03076171875,1591810
2023-01-27,2469.3519299648224,2479.705357929131,2415.664209926572,2447.473876953125,1581382
2023-01-30,2445.4593254849115,2445.4593254849115,2370.6900635765246,2406.24755859375,2744039
2023-01-31,2406.107041179538,2426.907453495928,2380.996532538842,2414.305419921875,2366794
2023-02-01,2436.276892466349,2438.9004192665343,2386.2903461324786,2411.962890625,2014615
2023-02-02,2407.512646879557,2473.3339208407515,2401.4224222425783,2468.742919921875,1980667
2023-02-03,2473.567978704578,2489.9178425109067,2465.275812730749,2481.766357421875,1638238
2023-02-06,2465.13532458132,2478.2527303373595,2435.8554010187336,2471.3193359375,1697446
2023-02-07,2478.252900765544,2478.7682732055678,2431.6861528791146,2437.214111328125,1495745
2023-02-08,2429.249909780567,2443.1169279305927,2415.8047055476436,2419.97412109375,1061956
2023-02-09,2423.909306857504,2435.995968376085,2404.2331972927545,2423.628173828125,1102484
2023-02-10,2422.035238182741,2423.581126622247,2394.2545386526676,2415.008056640625,1523011
2023-02-13,2398.6114877954283,2427.422934377346,2389.241911671227,2418.28759765625,1146525
2023-02-14,2422.035554089223,2437.963834328881,2408.1685349542227,2416.97607421875,1944364
2023-02-15,2389.2418808116263,2409.6676022484476,2377.0614320074883,2387.78955078125,2009134
2023-02-16,2398.6117054175047,2400.391833542844,2363.803818457803,2367.785888671875,1982857
2023-02-17,2365.8180899516747,2385.7284402136443,2348.859064817002,2356.9169921875,1395341
2023-02-20,2359.259188216002,2382.683127733635,2350.076958175208,2353.1220703125,632091
2023-02-21,2368.6286731708738,2383.573100260027,2353.918485467913,2357.525634765625,862797
2023-02-22,2357.5259633129067,2364.4595873600997,2326.2316684562447,2336.8193359375,885515
2023-02-23,2334.8985292846232,2357.2917262478927,2323.7488244366887,2333.633544921875,757215
2023-02-24,2335.0855039689836,2352.9345906153176,2316.1121140396817,2327.58984375,732783
2023-02-27,2330.2137456869955,2330.2137456869955,2301.1680576627505,2312.552001953125,853991
2023-02-28,2314.0510639785084,2318.361160496719,2282.1007178854966,2305.524658203125,1780454
2023-03-01,2303.0418281566776,2314.285319587874,2293.6722519640143,2310.771728515625,967339
2023-03-02,2310.7715838012773,2314.2851746534843,2289.924278078184,2300.558837890625,827174
2023-03-03,2310.537380093459,2332.9305746375862,2300.8397776918437,2315.22216796875,1176008
2023-03-06,2325.48190441963,2341.3166253465765,2319.532360820119,2328.19921875,1214503
2023-03-08,2330.2132331660277,2343.7053292648234,2311.6614294681463,2328.43310546875,1448340
2023-03-09,2328.199133162967,2334.8513947284646,2302.0109858136857,2306.227294921875,1038910
2023-03-10,2295.546024090945,2314.7536540884407,2290.955023542525,2310.02197265625,772024
2023-03-13,2310.5374534237462,2331.618999531627,2290.8613437230574,2300.32470703125,1314549
2023-03-14,2306.7897357879506,2316.1593122939944,2285.9424280620037,2288.47216796875,1250763
2023-03-15,2297.326294305923,2304.4472637094073,2242.139582051885,2254.413818359375,1738040
2023-03-16,2272.0751636758823,2313.6293224916835,2255.9595395760243,2304.306640625,1628035
2023-03-17,2315.8310843335667,2326.6529900073347,2285.9891230052194,2293.10986328125,2127178
2023-03-20,2293.109759358822,2357.9940680831646,2272.122002260381,2352.8876953125,1561128
2023-03-21,2356.4485412137237,2364.178441995041,2303.744672250196,2307.35205078125,1595161
2023-03-22,2316.7217600971435,2324.9668050696246,2299.668946519059,2320.2353515625,1063244
2023-03-23,2318.96974350057,2342.440573927089,2310.5371262514773,2328.43310546875,1578627
2023-03-24,2316.3466138744157,2340.42637928558,2314.285352832304,2324.404541015625,1449326
2023-03-27,2328.3396249124653,2347.0787768232294,2308.663515406163,2341.45703125,1387736
2023-03-28,2351.5761749174585,2355.0428722060337,2316.065345463075,2326.2783203125,1412387
2023-03-29,2328.339717443786,2379.685041469694,2323.7018229114383,2371.29931640625,2613254
2023-03-31,2397.4873671058185,2406.528917254898,2357.900904964468,2398.939697265625,2146167
2023-04-03,2407.9807854664277,2407.9807854664277,2356.49501636752,2376.218017578125,918048
2023-04-05,2354.1057370660055,2425.361401245285,2344.2676832394613,2419.927001953125,1489612
2023-04-06,2412.6660993765836,2422.0356764615412,2392.053029789677,2403.53076171875,797414
2023-04-10,2403.5302304996508,2406.9969275050007,2365.8176910677785,2372.516845703125,853322
2023-04-11,2379.872610866819,2393.9269766790244,2373.313906821123,2387.134033203125,913184
2023-04-12,2394.86379357632,2394.86379357632,2359.8683332619644,2369.51904296875,1109809
2023-04-13,2365.817888436723,2400.813345533759,2365.817888436723,2376.311767578125,1261711
2023-04-17,2410.792149690721,2416.4138958617837,2381.1841950233493,2390.9755859375,1566977
2023-04-18,2398.6112563232955,2398.6112563232955,2370.5025306632565,2380.85595703125,1474786
2023-04-19,2387.3682119969135,2387.3682119969135,2351.9980589345573,2372.002197265625,1320243
2023-04-20,2359.0722266290345,2372.7516722854098,2323.6551785607594,2335.4609375,1401364
2023-04-21,2334.8982926722233,2351.2950503454836,2328.9485205310198,2340.47314453125,1206288
2023-04-24,2344.2678224853735,2346.9849079181486,2319.0637555419476,2342.15966796875,1735797
2023-04-25,2333.8209652172677,2342.159796485265,2321.8278620036335,2333.446044921875,1701098
2023-04-26,2333.0246619170675,2359.25947739244,2325.7163461418977,2352.513427734375,1245903
2023-04-27,2355.464607365137,2363.0071620979274,2302.1049156521044,2313.301513671875,2743893
2023-04-28,2282.475637067844,2312.2240412567344,2266.500464029124,2302.385986328125,3761927
2023-05-02,2315.971855388902,2321.7809467940324,2295.5461338359078,2297.138916015625,1760370
2023-05-03,2302.0579470910807,2333.0244417566496,2298.0289836305337,2329.276611328125,1258140
2023-05-04,2330.1666992972782,2351.1546871627665,2323.7953417533013,2348.718505859375,1150227
2023-05-05,2342.3937174316457,2361.132867171099,2337.4277970008134,2343.096435546875,1354871
2023-05-08,2347.781312152746,2367.5512073785035,2339.7233859589787,2357.666259765625,972810
2023-05-09,2365.818207331652,2365.818207331652,2342.441158319986,2357.1982421875,1651327
2023-05-10,2362.070059660433,2375.187465783101,2347.875243820309,2363.662841796875,2025658
2023-05-11,2377.0144977012933,2435.1527615560435,2364.506251200738,2428.96875,1749356
2023-05-12,2430.468184568607,2473.5682371862463,2423.3472148102687,2458.0146484375,2170011
2023-05-15,2471.647168570969,2502.3794225240854,2457.6865923198716,2494.415283203125,1561055
2023-05-16,2501.676631857383,2509.5469836938037,2483.4997470807257,2507.20458984375,1477905
2023-05-17,2503.55083738377,2505.424752681213,2480.1737897980543,2493.947021484375,839404
2023-05-18,2497.4608202875834,2500.9275181261632,2456.562707020694,2461.9033203125,1434067
2023-05-19,2462.933411093132,2482.0005890356556,2436.698599279995,2474.926513671875,1174757
2023-05-22,2468.883425701609,2488.044164033545,2457.6868274525827,2471.7880859375,768232
2023-05-23,2466.0724102706818,2482.7503013483833,2459.5137070518767,2462.605712890625,703864
2023-05-24,2454.828849478122,2471.6940858485823,2443.585358564482,2450.09716796875,628872
2023-05-25,2445.4593932735347,2460.5911673681608,2417.866037057171,2433.51318359375,1072231
2023-05-26,2439.6031766906667,2489.2150323160236,2438.9942457939405,2485.139404296875,947073
2023-05-29,2501.6767687989336,2510.6247595458312,2478.29972264562,2483.21875,698267
2023-05-30,2488.090855821525,2496.9919528391506,2483.7340945705564,2489.07470703125,948051
2023-05-31,2489.074813825218,2511.046424287853,2471.69420420573,2499.38134765625,3388305
2023-06-01,2498.8659721401505,2559.065499215518,2487.154001892024,2527.81787109375,1541080
2023-06-02,2539.154803599661,2565.5769591270937,2521.9615421198123,2545.432373046875,1509260
2023-06-05,2545.1984247215364,2550.398585147234,2514.9346485160127,2525.850341796875,1000190
2023-06-06,2529.7853296984927,2537.187202681926,2501.817055942623,2521.4931640625,655372
2023-06-07,2520.416110477185,2555.08354396702,2510.4376028778556,2544.96435546875,1428490
2023-06-08,2536.3442797445905,2549.9770588783986,2506.2678486143086,2510.95263671875,923536
2023-06-09,2519.4323305648973,2519.4323305648973,2454.922930965873,2470.0078125,1413808
2023-06-12,2478.2531114319177,2489.4966038089246,2467.009619054911,2476.80078125,775484
2023-06-13,2463.8236387402744,2526.9744854379633,2461.8559364064695,2507.20458984375,1787924
2023-06-14,2502.613685082793,2531.753157191345,2484.811491141732,2528.6142578125,1536248
2023-06-15,2542.855987016174,2546.1822321862073,2509.312859789837,2520.134765625,1830192
2023-06-16,2520.1347273058177,2552.272417668782,2514.044503108003,2544.44873046875,1748145
2023-06-19,2552.336193173216,2561.2154348328186,2526.8317234412852,2534.624755859375,1068263
2023-06-20,2522.108880091478,2531.932732545881,2501.4220118614003,2527.87109375,1129279
2023-06-21,2537.1749820065465,2556.917467810235,2520.644308318549,2528.343017578125,1201840
2023-06-22,2520.833422303501,2529.6656181838885,2501.9884986425827,2507.32568359375,830052
2023-06-23,2504.4444086804806,2513.1820507253838,2481.915369106827,2495.28173828125,991214
2023-06-26,2495.8016280600636,2526.076429642548,2495.8016280600636,2505.20068359375,758700
2023-06-27,2505.2006451051598,2514.17444143718,2489.9923296006514,2504.4921875,687747
2023-06-28,2506.0034396679093,2538.7343195838625,2495.660004697041,2513.84375,1397573
2023-06-30,2518.283176287608,2537.128101107674,2504.4920076017515,2529.807373046875,1160181
2023-07-03,2538.167147813337,2555.973139106291,2512.143095391975,2551.43896484375,980665
2023-07-04,2551.4393965874115,2556.7763519070545,2526.8322550455728,2550.447509765625,721907
2023-07-05,2550.399774845032,2606.5567943547785,2546.7631646422487,2603.20361328125,1717547
2023-07-06,2607.029245191542,2611.8468488053127,2584.122450947951,2604.384521484375,1265020
2023-07-07,2600.6056448467375,2616.2387544194926,2541.9452769771265,2548.652099609375,1178930
2023-07-10,2559.7991131551667,2561.168982452416,2504.1616640914367,2509.404296875,1518183
2023-07-11,2509.9234410943345,2566.2693379928464,2499.4381773549544,2535.8056640625,2476367
2023-07-12,2555.1232291632496,2555.1232291632496,2496.132370263905,2525.556884765625,2395826
2023-07-13,2536.230703971348,2538.5922290929466,2504.3501148297614,2507.65625,1495067
2023-07-14,2507.939597697386,2537.694813263287,2504.2084342499597,2528.62646484375,1419016
2023-07-17,2522.1087534206954,2553.4697599614165,2522.1087534206954,2533.16064453125,912701
2023-07-18,2536.797628873859,2551.486361639526,2529.0045957679067,2534.199951171875,1215904
2023-07-19,2534.152426227333,2547.51856520983,2513.5126058978612,2523.6201171875,1166542
2023-07-20,2521.2117136611337,2565.844542304715,2510.9626015033023,2553.517333984375,1430764
2023-07-21,2503.2169605729764,2528.1075308997233,2448.429570492511,2459.764892578125,5198952
2023-07-24,2459.7643203934936,2461.6062636803936,2432.370631725517,2437.329833984375,1777469
2023-07-25,2437.2827434233677,2443.328385961522,2420.3743162018372,2425.900146484375,1653775
2023-07-26,2436.6216173368666,2454.852637375737,2429.8204711189323,2440.211181640625,1300033
2023-07-27,2419.1464560588693,2439.927878172612,2411.5895752902356,2427.50634765625,2276136
2023-07-28,2427.647567350259,2450.0820536244105,2423.113393474477,2441.43896484375,966450
2023-07-31,2432.4179675637956,2439.833017513151,2412.5338814230513,2418.957275390625,2003252
2023-08-01,2427.6482064933307,2431.237771365776,2404.0329515663525,2409.795166015625,1758897
2023-08-02,2397.420128964642,2430.906506628262,2395.530909004859,2426.65576171875,2082908
2023-08-03,2416.2652071007064,2419.193590473485,2396.664548759299,2409.983642578125,1475310
2023-08-04,2409.9837745344507,2417.2099494932445,2394.6338605350475,2404.977294921875,1359318
2023-08-07,2399.3095225583493,2431.426264198894,2398.128759998035,2426.89208984375,803823
2023-08-08,2426.8920884923928,2442.005849255998,2413.9982535880167,2423.727783203125,1002061
2023-08-09,2423.727805877062,2426.655958681791,2400.254153724417,2410.833740234375,1212549
2023-08-10,2407.858409737453,2410.0781050909627,2387.5965693152134,2396.1923828125,1313334
2023-08-11,2394.586595022939,2396.1451094353415,2360.5806315433233,2363.2255859375,1472199
2023-08-14,2363.225649246567,2399.3097097819514,2350.284536699237,2392.7919921875,1060479
2023-08-16,2393.6418310067957,2413.525918386328,2384.5734824149445,2411.211669921875,1155882
2023-08-17,2411.211835360745,2418.8157621774308,2392.697385139432,2402.379638671875,1532873
2023-08-18,2391.8471070850114,2425.5223618143514,2391.8471070850114,2413.242431640625,1970819
2023-08-21,2413.2424362847983,2432.276235843633,2398.412105169986,2420.79931640625,977004
2023-08-22,2431.0486690370512,2432.371030942716,2411.589608542429,2423.6806640625,960025
2023-08-23,2432.3709662687493,2440.400151982646,2420.563340218901,2431.4736328125,1136112
2023-08-24,2441.8167013468524,2448.1928184586864,2424.766445761304,2438.2744140625,1143934
2023-08-25,2424.8140343786336,2437.755146132379,2410.1725783860866,2421.55517578125,802955
2023-08-28,2422.9248122900835,2425.7586424798965,2398.364950645038,2414.139892578125,619841
2023-08-29,2417.1627886442957,2417.1627886442957,2382.40132007785,2386.226806640625,958564
2023-08-30,2386.226537961375,2395.5310390153495,2380.41727851683,2391.705322265625,1227377
2023-08-31,2391.7998810565846,2399.120608815014,2353.118146314614,2366.29541015625,3235414
2023-09-01,2366.295478687051,2375.221997637154,2361.5251517569636,2366.059326171875,813413
2023-09-04,2374.7498359805163,2374.7498359805163,2353.9684133903925,2362.84765625,1143301
2023-09-05,2370.9713681447347,2383.676327958066,2363.509040547854,2368.184814453125,844088
2023-09-06,2374.2302550029017,2386.1797113664225,2368.5625942948077,2383.7236328125,1094146
2023-09-07,2370.971057439671,2382.164777985807,2361.5249576092338,2368.562255859375,1894798
2023-09-08,2365.303323208558,2381.408969036846,2362.989074946364,2374.560546875,1018234
2023-09-11,2374.56064166783,2398.2702140730084,2370.073744210262,2395.76708984375,1121083
2023-09-12,2407.8110675906596,2407.8110675906596,2350.1898533407457,2360.43896484375,3946716
2023-09-13,2355.857499915505,2370.026650877306,2353.9682797872647,2367.71240234375,1231305
2023-09-14,2371.915982844162,2374.749813170141,2355.007554146237,2362.281005859375,2081195
2023-09-15,2337.721168306451,2352.079195989755,2329.408553136842,2332.903564453125,3750697
2023-09-18,2334.462383994481,2354.865824842396,2325.6301868541846,2350.803955078125,1499641
2023-09-20,2313.963705767782,2342.63271041856,2309.571361682814,2330.211181640625,1795159
2023-09-21,2329.4083423668044,2345.466712934621,2307.587758348168,2336.351318359375,2223720
2023-09-22,2331.2976959839657,2352.0791179092685,2321.851595108828,2344.947265625,1176741
2023-09-25,2344.9471786006093,2361.241702005508,2323.7407290464666,2338.712890625,1122778
2023-09-26,2336.9653395056166,2351.13449071523,2324.921560977445,2341.64111328125,1263548
2023-09-27,2338.8545135592585,2366.059329468946,2332.242243125125,2363.17822265625,1086791
2023-09-28,2361.5252311216345,2362.4698412140833,2317.317432671498,2324.071533203125,1612346
2023-09-29,2328.9832409544006,2335.831663481838,2314.7668142739085,2329.030517578125,1249567
2023-10-03,2352.079069763762,2360.580560377366,2325.441111964675,2332.147705078125,1585626
2023-10-04,2330.4002931408627,2371.963135754009,2328.6053956574083,2368.9404296875,1587335
2023-10-05,2378.5282398571253,2384.951634682424,2357.1329132667297,2379.992431640625,1909928
2023-10-06,2380.3697883347777,2380.417064955631,2355.857206348946,2360.9580078125,1083342
2023-10-09,2347.355928792562,2377.111144791341,2343.5774886657327,2372.19921875,1468771
2023-10-10,2373.049440469926,2381.2204561827293,2364.6897794788897,2376.827880859375,1092373
2023-10-11,2378.858797693367,2421.932877349777,2376.8750243529425,2414.801025390625,1697398
2023-10-12,2413.478699804611,2425.33360216398,2398.553814754688,2415.367919921875,1625010
2023-10-13,2411.636419138906,2433.9763516550925,2401.859614151901,2427.1279296875,1531977
2023-10-16,2418.20149393103,2438.9829130195003,2411.2114724847024,2416.595703125,954899
2023-10-17,2416.5959914300765,2427.6478831402897,2405.402269838559,2414.56494140625,1253538
2023-10-18,2427.695084097668,2428.8285700243123,2398.8844778222215,2407.1025390625,1084689
2023-10-19,2385.1405952351524,2412.9120410078367,2385.1405952351524,2406.961181640625,1272343
2023-10-20,2380.417254803117,2402.6628669388015,2347.403180666586,2356.943603515625,3608160
2023-10-23,2355.8576151427546,2370.924100278848,2342.963779383942,2345.939208984375,922707
2023-10-25,2337.9569030030048,2352.0787756327695,2328.4635268814363,2340.082275390625,1435836
2023-10-26,2324.6850329487324,2352.078720862391,2319.6312775865636,2339.23193359375,2650560
2023-10-27,2330.6365808936484,2356.8022349334974,2327.377722123193,2344.569580078125,1784812
2023-10-30,2334.1316662487516,2353.9684792763614,2326.007926761789,2341.593994140625,875135
2023-10-31,2333.375469284453,2353.9680124672905,2331.108497635082,2346.4111328125,920414
2023-11-01,2347.3560343050044,2355.8102483452603,2330.1641770787037,2335.312255859375,1267131
2023-11-02,2355.056473471797,2375.0387708224666,2343.923525695381,2366.28466796875,1595123
2023-11-03,2375.990630954531,2390.7394714750735,2365.3334507176373,2387.64697265625,1125583
2023-11-06,2393.1180109195598,2395.7347403549593,2370.376346204631,2376.370849609375,1338677
2023-11-07,2375.0391394655244,2383.7932436780143,2364.810104710214,2375.46728515625,1473411
2023-11-08,2376.942137312586,2402.6336656182066,2376.6566294251475,2397.257568359375,745022
2023-11-09,2397.923585100202,2399.779037894486,2353.2012953376957,2356.67431640625,1823094
2023-11-10,2356.9598837849217,2367.997818715793,2345.874557796132,2366.047119140625,771062
2023-11-13,2357.1497963341376,2366.6651759675783,2351.250307423219,2358.0537109375,760809
2023-11-15,2380.6528921237327,2381.7473002380734,2356.008150196764,2365.904052734375,1457029
2023-11-16,2360.004517474422,2384.363983366674,2355.3896975279267,2370.471435546875,1420578
2023-11-17,2345.54109856521,2410.7214495801054,2345.54109856521,2406.249267578125,1756043
2023-11-20,2411.6254864138623,2411.6731097766415,2378.8450481126865,2384.982421875,944231
2023-11-21,2383.60293578797,2395.021392965398,2376.9421691011376,2383.8408203125,1088806
2023-11-22,2386.2196667193302,2401.9200453459357,2382.6513988496476,2399.683837890625,816610
2023-11-23,2384.744493416554,2405.250183815159,2384.744493416554,2397.780517578125,1023670
2023-11-24,2393.2133351940906,2397.68551736679,2385.9339300524603,2393.308349609375,735137
2023-11-28,2409.05634834171,2409.05634834171,2378.8450166305024,2388.8837890625,1880641
2023-11-29,2390.2635345737363,2406.1065498709017,2386.5526291753827,2402.68115234375,1265214
2023-11-30,2394.212385917684,2430.7039632772917,2394.212385917684,2422.187744140625,3095684
2023-12-01,2424.0431539867304,2456.8235929635157,2418.80969477302,2439.410400390625,1345599
2023-12-04,2452.1132992420225,2481.991497973885,2450.210223340399,2476.187255859375,2188039
2023-12-05,2509.205964012819,2509.205964012819,2432.416885978685,2439.030029296875,3108717
2023-12-06,2445.4527600494966,2458.488784721016,2438.791993776988,2443.216552734375,1573754
2023-12-07,2427.4685638863816,2435.746897612477,2377.5128213731346,2396.21044921875,3925967
2023-12-08,2396.924574941433,2411.15002367428,2386.743163304061,2400.064697265625,1605805
2023-12-11,2400.064684982732,2407.3438587936876,2377.8937999697705,2382.318359375,2012243
2023-12-12,2378.8451843597045,2395.9728696870943,2375.990570138473,2381.4619140625,1677929
2023-12-13,2386.3146698320634,2394.735641759348,2376.9895509561466,2390.168212890625,1513205
2023-12-14,2399.1607668413926,2402.443526941537,2379.987134057767,2394.403076171875,2166569
2023-12-15,2397.8761303443325,2409.2945881078767,2385.506134433826,2400.635498046875,2543337
2023-12-18,2398.0185536861045,2421.188598416162,2393.118225591137,2412.624755859375,1969036
2023-12-19,2412.196656790322,2442.5506286265395,2412.149033424489,2436.603515625,1656220
2023-12-20,2448.2595647317107,2448.2595647317107,2423.5672009599525,2433.558349609375,1468642
2023-12-21,2419.0477452371683,2454.968308668264,2413.100632086325,2429.467041015625,1945695
2023-12-22,2435.17613073748,2454.7302841239025,2423.3771518428653,2450.781494140625,1174984
2023-12-26,2450.781556654719,2466.053556897237,2442.6458596590815,2459.488037109375,893776
2023-12-27,2460.67738365646,2485.4173728192854,2455.82444670473,2481.896728515625,1073278
2023-12-28,2487.177993887164,2512.0606226614736,2480.517227084653,2506.1611328125,1635216
2023-12-29,2506.160831590294,2537.8470934613206,2494.218983225006,2534.849609375,1305681
2024-01-01,2534.754792526063,2540.0356429919357,2510.157440378096,2526.095703125,526353
2024-01-02,2519.672928160282,2525.334533481902,2480.6598654508516,2487.13037109375,1310629
2024-01-03,2473.0472868784123,2501.2129048853863,2469.7645272072045,2480.2314453125,1008270
2024-01-04,2480.231444237614,2495.884198026478,2462.6279910681556,2466.909912109375,1376844
2024-01-05,2469.2413172160113,2502.4499032792064,2469.2413172160113,2493.077392578125,1150738
2024-01-08,2497.739759008787,2498.738920423555,2442.1224064230973,2453.302978515625,1189828
2024-01-09,2457.394333140588,2463.5317063411544,2446.927415886918,2454.72998046875,1017205
2024-01-10,2454.9679881557595,2468.5750277302213,2440.6949184571795,2452.493896484375,881278
2024-01-11,2454.9681848045034,2463.5320273096354,2409.1517203256853,2413.290771484375,2399600
2024-01-12,2410.7219838556252,2431.180054766577,2390.1212751410385,2420.713134765625,2979841
2024-01-15,2422.616012767572,2453.778885673361,2408.342941207669,2448.497802734375,1391204
2024-01-16,2448.497846598297,2459.34552056362,2432.46456864424,2444.5966796875,1599406
2024-01-17,2425.4704913619616,2446.7374597198636,2416.6687643925234,2438.69677734375,3047652
2024-01-18,2445.452880859375,2445.452880859375,2414.5755164325237,2424.51904296875,1273095
2024-01-19,2440.694917184992,2449.2111356388905,2409.2941638644834,2441.075439453125,1323064
2024-01-23,2332.219769208468,2360.29014178768,2250.8156422669326,2260.42626953125,4369332
2024-01-24,2272.272831171449,2327.3667905613916,2252.433170186705,2323.32275390625,1551469
2024-01-25,2335.835384346178,2348.395638707272,2302.912078659475,2310.61962890625,2364765
2024-01-29,2293.206638020459,2330.3166209593796,2293.206638020459,2325.939453125,1587091
2024-01-30,2335.074220580043,2373.6591324226742,2328.698962527643,2339.498779296875,1793711
2024-01-31,2331.268234546181,2365.428357794056,2323.418045593117,2361.289306640625,1445004
2024-02-01,2355.1521607362297,2389.835679735102,2348.7292782435084,2353.724853515625,1727534
2024-02-02,2356.959868303827,2366.380002548617,2323.656034880075,2333.742431640625,1956115
2024-02-05,2344.5897815922713,2345.3034351378046,2295.8234559808247,2302.246337890625,1315445
2024-02-06,2307.4321116623337,2323.0374748228087,2300.8665921440406,2308.764404296875,1557511
2024-02-07,2321.65739200059,2321.65739200059,2294.681430030404,2307.90771484375,1149076
2024-02-08,2323.465605276218,2323.465605276218,2282.739731180173,2299.9150390625,1758661
2024-02-09,2299.9148741619647,2310.7623139893262,2289.4955799550644,2306.670654296875,886474
2024-02-12,2306.623196324474,2312.094539439261,2266.563356421278,2270.036376953125,1292460
2024-02-13,2274.176025390625,2284.59532096982,2264.755891263485,2277.982177734375,957865
2024-02-14,2269.4183508854835,2277.9821937190136,2255.1452794962665,2272.225341796875,1397975
2024-02-15,2253.575255883098,2269.1327637686886,2233.021940876607,2236.92333984375,2553695
2024-02-16,2255.0976707552395,2266.563751307428,2243.3463146207005,2260.140869140625,2363302
2024-02-19,2273.7003188151566,2278.886155064171,2258.7612169173226,2271.464111328125,576683
2024-02-20,2255.240478966608,2291.731824668169,2253.432417243069,2287.5927734375,1032995
2024-02-21,2287.592651559068,2305.386366108225,2278.077271339296,2290.447265625,1127778
2024-02-22,2303.0076435378983,2303.0076435378983,2251.101195216598,2272.3681640625,2258516
2024-02-23,2272.7958226639685,2288.924343076047,2268.418655544485,2278.076904296875,1210775
2024-02-26,2275.2227191568054,2289.923935534392,2264.6605539019442,2287.7353515625,831596
2024-02-27,2287.5451965256293,2292.2076402527696,2273.3671395694214,2288.734619140625,1120424
2024-02-28,2294.2534952803453,2307.4797813093674,2284.6428680098106,2304.197021484375,629152
2024-02-29,2307.4799957614687,2311.0958871651037,2281.074812304817,2295.3955078125,2848084
2024-03-01,2299.8197932900557,2320.610992152407,2287.4974222733213,2292.921142578125,2326244
2024-03-04,2299.1060332243937,2310.2389811886724,2287.8778385379705,2304.625,1501261
2024-03-05,2288.4489118074393,2302.721981943452,2275.222626405034,2283.548583984375,1587199
2024-03-06,2287.4972676039697,2292.1123196573326,2260.188174473341,2284.452392578125,1354111
2024-03-07,2288.401396798682,2308.4313192997674,2286.545944054963,2302.2939453125,1820704
2024-03-11,2292.25506306885,2296.0612151038335,2268.038467208084,2274.033203125,2040761
2024-03-12,2264.6605848205845,2269.4182751248295,2246.3911005141035,2262.900146484375,1012157
2024-03-13,2259.9027333065187,2259.9027333065187,2192.200898030252,2200.52685546875,2322669
2024-03-14,2193.15243804242,2228.216473730242,2190.297824060878,2221.460693359375,2292515
2024-03-15,2217.1314712060007,2223.696991393977,2203.6670672510463,2214.895263671875,2751403
2024-03-18,2208.329652394355,2212.3260659225875,2185.6829993222295,2188.489990234375,2487402
2024-03-19,2172.599473723718,2192.248643531876,2137.9635781031657,2157.08935546875,4220638
2024-03-20,2140.9607093608674,2155.661926436658,2131.445328430375,2133.30078125,2995013
2024-03-21,2125.7357177713375,2149.666803586275,2125.7357177713375,2133.68115234375,3504486
2024-03-22,2130.541442521405,2156.18534801412,2123.8806757799666,2147.193359375,3507809
2024-03-26,2123.928254544735,2149.667173922062,2123.8330078125,2131.4453125,3027027
2024-03-27,2140.960556087323,2153.3305504113832,2127.6390237383353,2131.15966796875,2168861
2024-03-28,2136.20288054334,2177.023769167726,2131.540437113006,2154.615234375,3186360
2024-04-01,2159.991244302335,2183.779694129453,2152.378940357657,2175.12060546875,1427873
2024-04-02,2186.6345068390233,2186.6345068390233,2166.699830533969,2175.882080078125,1221495
2024-04-03,2171.267075188301,2171.267075188301,2151.4750383541527,2155.423828125,1175309
2024-04-04,2159.9911040304573,2171.4095592059484,2140.24669195617,2155.185791015625,1890255
2024-04-05,2155.1862791751128,2169.9827438199663,2148.6683822548757,2157.08935546875,1153449
2024-04-08,2166.6521151770908,2178.022948283286,2157.3269959314625,2158.9921875,1127294
2024-04-09,2160.942933319301,2164.368563257449,2146.431977910618,2154.4248046875,1189343
2024-04-10,2166.556884127424,2166.556884127424,2148.287400105084,2151.332275390625,2308993
2024-04-12,2151.33275123527,2155.0915131958272,2120.5982513970916,2124.118896484375,3388551
2024-04-15,2119.7413313923703,2119.7889547581244,2083.868392288314,2087.72216796875,4909564
2024-04-16,2077.2073559454366,2123.1190622781746,2066.7880617990954,2113.175537109375,2821129
2024-04-18,2107.704437250615,2129.256681498311,2101.995208860857,2107.466552734375,3392171
2024-04-19,2112.414458340636,2135.0134868927034,2089.5775452774938,2123.452392578125,2337694
2024-04-22,2140.9608771591984,2144.338884116097,2121.026199009252,2132.872802734375,1804108
2024-04-23,2143.8150341424634,2163.3215624158415,2139.7233744330624,2153.092529296875,1991778
2024-04-24,2156.232834312824,2158.4214182791357,2136.8213188005566,2150.7138671875,1404398
2024-04-25,2129.589797086767,2131.3026120529203,2107.752045118327,2122.73876953125,4951866
2024-04-26,2136.2030043143795,2145.7183851799227,2111.0824917529876,2114.93603515625,2307512
2024-04-29,2125.735806975703,2125.735806975703,2112.4142755085322,2118.21875,1395292
2024-04-30,2123.8804638974716,2131.683029125793,2117.172074458158,2122.35791015625,2119102
2024-05-02,2098.1887545770787,2134.4898336062874,2098.1887545770787,2118.408935546875,2140383
2024-05-03,2123.832868867289,2127.305889730108,2097.1898042040793,2109.607421875,2595307
2024-05-06,2117.171925883484,2151.9030608474154,2104.801932608659,2146.85986328125,1619256
2024-05-07,2156.185274976806,2273.7954738082717,2149.5245084609905,2264.089599609375,8277810
2024-05-08,2251.719247345545,2257.2858371169455,2212.3256702695326,2227.597900390625,1813439
2024-05-09,2227.1700153936445,2247.6280831254676,2207.0448465882805,2212.9443359375,1558987
2024-05-10,2208.519701911903,2256.096601996175,2208.519701911903,2248.05615234375,2610266
2024-05-13,2258.95117187298,2266.230344520043,2234.1159375905095,2246.248046875,1170617
2024-05-14,2246.200805229027,2257.333753909957,2233.0219103629047,2235.73388671875,689430
2024-05-15,2235.686124115199,2241.6332365347407,2205.3319229404124,2210.708251953125,812282
2024-05-16,2223.7443255783614,2234.306490394986,2189.822088503335,2229.59619140625,1880021
2024-05-17,2237.9224537333207,2237.9224537333207,2202.90603610386,2207.901611328125,1264582
2024-05-21,2195.198349707812,2212.1357739870573,2190.2027747897514,2198.718994140625,1663959
2024-05-22,2199.0044285495906,2258.9513255632746,2198.718920673421,2252.1953125,1914851
2024-05-23,2252.1954633173386,2271.131211122761,2240.8722527134705,2267.03955078125,1614718
2024-05-24,2263.23319883726,2267.7530044687405,2250.101927593456,2254.2412109375,974100
2024-05-27,2254.241167032986,2283.643598592014,2248.0085466112523,2268.9423828125,1116934
2024-05-28,2274.175797760931,2292.255019584135,2263.2807342292895,2279.83740234375,1631747
2024-05-29,2265.802414530094,2278.9336864083803,2254.5742187991223,2258.38037109375,1592495
2024-05-30,2253.2419122833867,2257.4762097868,2220.9372446734023,2237.4462890625,1837380
2024-05-31,2238.969223428317,2262.2342842817607,2205.28486649673,2216.179931640625,5529186
2024-06-03,2265.612214845417,2271.749589125197,2230.6908130565757,2241.728515625,1207445
2024-06-04,2258.951313785197,2388.408110980156,2228.597343141122,2375.324462890625,7826048
2024-06-05,2410.7695720321726,2591.9423462982745,2402.633874233833,2476.615966796875,11061076
2024-06-06,2473.999177643706,2473.999177643706,2395.9730497334044,2426.041748046875,4102547
2024-06-07,2431.4656344161417,2470.668962205369,2402.633980192011,2452.875244140625,3974253
2024-06-10,2454.0164768149452,2467.9564154482496,2422.6157231372044,2441.028076171875,1449122
2024-06-11,2441.6466046084306,2451.8280151494614,2427.6590419168024,2432.46435546875,1402423
2024-06-12,2443.5497898876715,2443.5497898876715,2395.021347798781,2406.154296875,1754677
2024-06-13,2367.378861098653,2384.3639068951125,2327.8900350917966,2366.85546875,3123098
2024-06-14,2376.0794838583147,2412.013628887546,2373.5812878627453,2382.56494140625,1729552
2024-06-18,2382.709074497223,2400.0998034109475,2376.223616661745,2388.810302734375,1820933
2024-06-19,2397.2172668730286,2397.2172668730286,2355.4220960878674,2360.70654296875,986976
2024-06-20,2360.706616671376,2392.4132989465716,2350.76215431065,2384.9189453125,2163310
2024-06-21,2378.0010255446114,2380.88345103012,2331.4499008681246,2345.621826171875,3646215
2024-06-24,2339.568797683873,2371.1314520893884,2331.9304166962634,2346.486572265625,1945519
2024-06-25,2343.7483395788545,2350.8101414046546,2332.7468944491416,2336.87841796875,833789
2024-06-26,2341.4903708409693,2370.314626534539,2337.070557805665,2349.75341796875,1738656
2024-06-27,2353.932967227559,2385.879852968175,2340.5297342598874,2365.65478515625,3402726
2024-06-28,2366.4712693367455,2392.8935023480167,2366.327241894727,2376.12744140625,2129791
2024-07-01,2364.5977267940966,2424.1197644648755,2354.0769209852706,2406.92138671875,3312865
2024-07-02,2416.4334016689368,2416.4334016689368,2382.1806721302996,2387.753173828125,1305210
2024-07-03,2389.194712015857,2421.093746537667,2377.328866049406,2411.966064453125,1406405
2024-07-04,2416.4816646495015,2437.4273385959004,2395.1996138713343,2398.130126953125,1977010
2024-07-05,2398.12987938707,2453.9048585805604,2398.12987938707,2447.17919921875,1754286
2024-07-08,2459.6699998848726,2493.2983006645486,2436.850795784378,2485.755859375,2818809
2024-07-09,2485.755514072415,2511.553315058721,2467.356125887833,2488.637939453125,1479529
2024-07-10,2479.846813854659,2523.0831976684753,2472.160345621092,2508.142578125,1764036
2024-07-11,2514.4359645699687,2514.4840519117424,2488.542221172962,2506.60546875,1432671
2024-07-12,2499.0630428864465,2536.0541721256345,2499.0630428864465,2519.480224609375,1912642
2024-07-15,2525.004868370629,2526.2058790576393,2511.2171718547897,2517.606689453125,920101
2024-07-16,2523.035159123248,2618.203292695142,2521.6901209853186,2583.085693359375,3298003
2024-07-18,2594.1831693098893,2643.3765217541727,2550.9467831547245,2631.078125,5569762
2024-07-19,2631.654457755346,2635.4976917206695,2609.5077751156914,2620.124755859375,1668862
2024-07-22,2599.6593416638,2642.175115010656,2599.611254327465,2628.099365234375,1911629
2024-07-23,2638.3800709030206,2701.1209112005877,2624.928752260398,2657.9326171875,3906259
2024-07-24,2640.3019193843998,2649.3815133498983,2570.259069282093,2610.56494140625,3611927
2024-07-25,2610.5648880170047,2618.0592415362944,2565.358799338894,2601.100830078125,2166670
2024-07-26,2617.2424725522474,2620.1248981828116,2581.9327585778365,2604.800048828125,2135309
2024-07-29,2604.943905005056,2613.3990665465953,2587.2651227956057,2605.328369140625,957011
2024-07-30,2609.1716754019894,2646.403005047723,2580.15507083308,2585.919921875,1560399
2024-07-31,2598.9868964520315,2603.4545619829696,2570.210729854959,2599.611328125,1751085
2024-08-01,2607.63447908741,2618.155286095555,2589.571230917644,2609.123779296875,1886392
2024-08-02,2605.7128261438243,2651.3512329439095,2576.0717881089126,2587.025146484375,1738872
2024-08-05,2571.075464055805,2634.5369125284533,2561.707581161147,2609.459716796875,3118731
2024-08-06,2613.4955579562597,2663.1212281514763,2602.4941118650904,2642.271728515625,2296031
2024-08-07,2672.6806902344133,2672.824952238418,2628.29138888837,2636.50634765625,1713875
2024-08-08,2646.066651142138,2651.1108958474742,2613.783391199029,2626.081787109375,1464161
2024-08-09,2647.988365284219,2649.909982385296,2612.0542193230376,2639.533203125,1284031
2024-08-12,2630.693760855518,2655.098203741582,2615.7050539259953,2640.974365234375,1297178
2024-08-13,2634.5367839801565,2649.573342474069,2623.103257193001,2633.960205078125,1051237
2024-08-14,2633.5761711471446,2635.0654712777045,2600.524451664369,2615.368896484375,946995
2024-08-16,2630.5975302627953,2645.682411553872,2604.4635856599443,2640.5419921875,1727926
2024-08-19,2642.271493522543,2651.591289168054,2629.7809828751347,2635.0654296875,1130327
2024-08-20,2635.065549158341,2648.2285794460054,2627.8594849965834,2643.232421875,1097889
2024-08-21,2641.7431673730434,2685.5561320629663,2635.449824315157,2681.808837890625,1417729
2024-08-22,2693.0983044544705,2699.8720517122147,2673.0655867359187,2683.34619140625,1552947
2024-08-23,2689.495284360127,2710.4409579614417,2662.736906606856,2705.252685546875,2111401
2024-08-26,2705.252661115509,2723.84416591014,2693.7229584562397,2710.5849609375,1152244
2024-08-27,2698.910821212185,2713.4191220188113,2651.398892295778,2658.460693359375,1357212
2024-08-28,2651.83161941354,2672.729205544788,2638.1400974654807,2656.01123046875,1723549
2024-08-29,2661.3916231371236,2699.8720528691883,2637.419496486093,2676.092041015625,2129934
2024-08-30,2686.1324855620223,2705.925236031188,2651.9278410437555,2669.126220703125,4029712
2024-09-02,2684.499119525131,2698.815073255556,2670.086991109642,2679.7431640625,957950
2024-09-03,2671.0479873535805,2717.118714177803,2666.243944210858,2684.78759765625,2022116
2024-09-04,2671.0476947453803,2732.3954127863854,2663.0248497469543,2729.897216796875,1640986
2024-09-05,2728.7444187868173,2743.1084599551136,2712.9870175378533,2727.20703125,1945173
2024-09-06,2717.262624333097,2754.109489722698,2717.262624333097,2727.687255859375,1672730
2024-09-09,2741.2830254850464,2823.0476940661742,2731.7708798965596,2807.29052734375,3342754
2024-09-10,2819.0120375659517,2822.4710418704444,2774.3344439235466,2784.99951171875,1536584
2024-09-11,2797.4902425402506,2834.3851966953944,2784.5193272333395,2790.33203125,1913665
2024-09-12,2796.913567246111,2847.2598392446016,2780.7719373945893,2840.5341796875,2454564
2024-09-13,2840.534331776925,2840.534331776925,2804.1197811969887,2818.00341796875,1902001
2024-09-16,2795.9527214811214,2795.9527214811214,2697.3736760288116,2754.734130859375,1489057
2024-09-17,2754.7339764439957,2799.6996238481406,2748.0083173535195,2760.883056640625,1098661
2024-09-18,2761.363767778583,2780.1476218120856,2749.5457757201657,2763.141357421875,464796
2024-09-19,2763.5255740396533,2819.3005569204092,2760.7393230916587,2797.63427734375,1713010
2024-09-20,2810.1725874904714,2872.192819543821,2781.924678457614,2860.9033203125,3641632
2024-09-23,2863.209388903986,2916.05385749114,2853.5532163658545,2909.856689453125,1300470
2024-09-24,2901.64167780885,2901.64167780885,2830.6380232967213,2834.91357421875,1929308
2024-09-25,2834.913608154621,2844.3295785071546,2791.244908103834,2833.376220703125,1055354
2024-09-26,2835.4422567851584,2875.5560144698934,2825.9301112254557,2869.070556640625,1902889
2024-09-27,2869.0704340908233,2911.2498345646336,2837.027375911129,2849.998291015625,2977081
2024-09-30,2848.0287842912826,2880.407986959027,2827.27545942713,2842.360107421875,1627702
2024-10-01,2846.5875094664507,2846.5875094664507,2778.0818113655655,2809.1640625,1184642
2024-10-03,2794.7521699770873,2808.5398679793866,2748.969731481379,2779.955810546875,1233447
2024-10-04,2777.6974314563677,2799.7960274174525,2706.6456883133583,2737.103271484375,2456486
2024-10-07,2733.500208864578,2754.1095044738768,2714.3321260191797,2722.354736328125,1280975
2024-10-08,2732.5392303091903,2772.893185187174,2689.014560633461,2708.326904296875,1761488
2024-10-09,2712.746640266062,2715.1008087621585,2652.5039938931,2660.4306640625,1476282
2024-10-10,2661.4396754977797,2678.1576503885535,2626.081874049611,2646.7392578125,2065078
2024-10-11,2656.4435309289793,2680.65585951984,2629.781093616551,2674.122314453125,679307
2024-10-14,2682.1932811757006,2694.7797326210543,2656.6356795435354,2679.791259765625,874010
2024-10-15,2683.6344784180606,2689.591444565931,2656.8758662364426,2672.44091796875,1082666
2024-10-16,2679.8390730118053,2687.9100055740655,2647.6041338219375,2672.248779296875,1170797
2024-10-17,2670.5191491058513,2672.969257705141,2616.713872890363,2631.318115234375,1368242
2024-10-18,2631.318027881403,2632.61521314749,2587.889531863665,2610.61279296875,1137277
2024-10-21,2608.5953817990226,2630.693979876878,2575.399397337152,2587.986083984375,792345
2024-10-22,2579.8669872871565,2603.7910250164714,2568.961717025015,2576.60009765625,1272253
2024-10-23,2518.2791120453326,2587.5054123069553,2518.2791120453326,2555.078125,1431962
2024-10-24,2543.2600144821745,2543.2600144821745,2356.478942154974,2406.92138671875,9216267
2024-10-25,2404.231347131683,2440.45378353982,2402.117615178531,2428.97216796875,2761166
2024-10-28,2444.2968286647133,2488.1097901772814,2421.3335992998454,2474.8505859375,852829
2024-10-29,2484.3625217211766,2484.3625217211766,2436.6103856054533,2447.8037109375,1695654
2024-10-30,2456.7875756265485,2462.840716685124,2434.112398972091,2454.81787109375,1200637
2024-10-31,2454.817848962692,2463.0328092843833,2425.1770448391885,2429.164306640625,1901355
2024-11-01,2444.248681442397,2446.170298398986,2412.9264657934314,2438.051513671875,118532
2024-11-04,2447.17951346124,2447.17951346124,2405.3843392030676,2425.849609375,1097260
2024-11-05,2421.23748263124,2431.08577001099,2408.7469718081425,2422.53466796875,702046
2024-11-06,2444.7447080070283,2451.4515690636567,2425.1105935476853,2430.65087890625,1219166
2024-11-07,2430.650546317653,2439.5927892011046,2397.019901101359,2406.156494140625,1322446
2024-11-08,2414.3698717211782,2444.793147696757,2398.1863642528074,2437.45458984375,1700877
2024-11-11,2438.7181349716725,2444.452769822316,2405.719186544309,2421.27099609375,1175577
2024-11-12,2425.11043110781,2427.005760537496,2387.202893306927,2392.548828125,1624222
2024-11-13,2393.1320758129814,2403.5323013697825,2381.7596248219456,2395.902099609375,1262017
2024-11-14,2391.479431181601,2395.6590274804553,2316.9279912203806,2322.27392578125,2443393
2024-11-18,2333.8890447659433,2357.0710550111958,2309.20064286303,2355.02978515625,1374215
2024-11-19,2363.7776960673323,2371.8452445208204,2337.728605593575,2342.83154296875,1133370
2024-11-21,2356.828074767604,2356.828074767604,2309.540950041982,2316.05322265625,1291829
2024-11-22,2323.9749048547187,2383.4121196689493,2311.242003100475,2376.75390625,1696471
2024-11-25,2400.8106354018087,2435.5105635219556,2388.758077739939,2402.219970703125,4368045
2024-11-26,2416.6054934792924,2425.061742768364,2391.4795053433168,2409.7529296875,982442
2024-11-27,2405.816200610109,2423.1176358895655,2389.1466999635395,2417.237060546875,948232
2024-11-28,2416.3626141787777,2468.0236909972373,2384.4813544315857,2393.229248046875,2540530
2024-11-29,2386.328105245208,2437.2601873197295,2386.328105245208,2426.22802734375,1795164
2024-12-02,2415.3903266283905,2420.73626095292,2391.625266046063,2409.7041015625,1006993
2024-12-03,2410.530520207273,2421.659736640615,2396.922686625458,2413.30078125,1641588
2024-12-04,2411.5999422845357,2423.1665065809493,2387.7375852627792,2395.46484375,1321495
2024-12-05,2396.5342652703143,2444.5503887204804,2381.4198008936087,2424.721923828125,2071795
2024-12-06,2425.110340492518,2425.8879784428123,2405.670578244081,2414.22412109375,1308086
2024-12-09,2395.9507252372305,2407.5659358566236,2316.5393429808005,2333.50048828125,3385021
2024-12-10,2341.2279687941573,2345.4075655839893,2321.3995041053026,2330.196044921875,2063838
2024-12-11,2337.631401911156,2341.859645105597,2318.191639733101,2334.083740234375,1718225
2024-12-12,2318.240493440362,2332.723022634481,2272.508401375754,2279.263671875,3231056
2024-12-13,2279.2632797765305,2327.4739809067287,2268.0854174497326,2323.148681640625,2260902
2024-12-16,2323.343038096719,2325.9673583202207,2296.8077173885004,2299.869384765625,1247552
2024-12-17,2287.4284375010757,2313.3318271150692,2287.4284375010757,2297.051025390625,2131569
2024-12-18,2284.220661696739,2316.2476218485995,2284.220661696739,2293.1142578125,988403
2024-12-19,2281.2561952032424,2320.087074457144,2270.5643255197165,2293.746337890625,1655915
2024-12-20,2286.21332261703,2307.013773197231,2259.532059224196,2268.52294921875,2069691
2024-12-23,2271.5363740214907,2285.8731996598376,2250.3956311310467,2273.383056640625,1066199
2024-12-24,2265.801409676823,2290.9271580711243,2265.801409676823,2270.126708984375,683646
2024-12-26,2266.919279380392,2276.25046019758,2259.5807216577036,2267.4052734375,1033769
2024-12-27,2277.368215575781,2279.9438892300855,2263.031390488396,2275.667236328125,556816
2024-12-30,2275.910271731068,2293.0657677973463,2259.87246712566,2277.854248046875,924180
2024-12-31,2274.4522031674646,2286.7477579775477,2258.171402140518,2261.670654296875,1878762
2025-01-01,2259.872381567988,2271.681942318693,2255.255437992742,2257.0537109375,559893
2025-01-02,2264.7320520586104,2312.9911615948636,2250.6382259835673,2303.611572265625,1650744
2025-01-03,2315.129778453579,2346.962386357394,2298.5573351226903,2338.84619140625,1274239
2025-01-06,2350.2670870956954,2351.1904282758464,2295.4954659724062,2309.637939453125,900419
2025-01-07,2310.5615649077026,2334.958562700219,2308.714882320198,2323.829345703125,922768
2025-01-08,2324.023527285994,2341.51931293683,2301.667801176593,2333.743408203125,953351
2025-01-09,2337.679991498679,2404.358231754575,2319.5522713307405,2367.1796875,2425267
2025-01-10,2367.179935005387,2387.2029865724408,2346.1851325534217,2373.643798828125,1651911
2025-01-13,2349.344066488188,2391.5769052431565,2341.5681610860565,2382.343017578125,2595013
2025-01-14,2395.950631825166,2398.8665960829653,2297.8771288752246,2301.619140625,2052741
2025-01-15,2307.4027706605693,2318.0946412201524,2284.269640564014,2306.528076171875,1215150
2025-01-16,2310.3672303924936,2313.3318417677237,2260.8931275207856,2279.312255859375,2762596
2025-01-17,2284.172106072775,2312.6514057492745,2277.368189161069,2288.06005859375,1333005
2025-01-20,2290.441458627697,2301.6679693677006,2270.224057382351,2279.506591796875,1382273
2025-01-21,2287.5740781905074,2310.7074432888235,2267.113680466325,2274.938232421875,1842885
2025-01-22,2276.930879740294,2295.836001726839,2266.870707504643,2277.319580078125,2658047
2025-01-23,2250.152278472374,2275.7156109970133,2190.71530564855,2256.66455078125,3408925
2025-01-24,2267.5025558634734,2314.1093382473864,2257.9283780654696,2301.76513671875,1688664
2025-01-27,2298.7518143345746,2342.199634147266,2295.0095652975047,2325.82177734375,2477358
2025-01-28,2333.7433982337784,2339.575326759144,2312.7970074864847,2321.933837890625,1892156
2025-01-29,2318.3372366543103,2328.8834020727195,2297.779784014987,2317.1708984375,699576
2025-01-30,2317.2196613907627,2357.0711740237416,2317.2196613907627,2341.2763671875,1419960
2025-01-31,2334.229440018275,2409.558518344911,2334.229440018275,2399.644287109375,2116148
2025-02-01,2405.670552055616,2529.113040989379,2366.936731276553,2435.850830078125,2970999
2025-02-03,2434.830286295242,2449.410108368866,2348.809336060859,2373.54638671875,2528480
2025-02-04,2381.370825473779,2381.370825473779,2335.5416818552712,2369.755615234375,1992474
2025-02-05,2384.28688281628,2384.28688281628,2320.1356662382636,2324.072265625,1357416
2025-02-06,2332.7714061901434,2341.470652098705,2294.1835266397707,2306.236083984375,1132113
2025-02-07,2313.3315451962494,2315.226874422086,2270.6613649765723,2297.634033203125,855602
2025-02-10,2304.4867548065286,2330.8277302484084,2286.1649194081388,2295.301513671875,1326354
2025-02-11,2304.5840958345143,2311.3393665799927,2232.2196194927346,2250.395751953125,1389260
2025-02-12,2260.5525432249356,2274.354725969566,2240.5297319283436,2267.162109375,1341909
2025-02-13,2264.8296518793604,2279.8954679957756,2248.5488505922667,2256.470458984375,1334967
2025-02-14,2256.9563530266864,2299.7238291391645,2248.597160502172,2253.40869140625,1135380
2025-02-17,2253.4088903821407,2270.5643868259226,2235.5728123714134,2264.149169921875,1409168
2025-02-18,2264.149124063214,2273.042958104678,2223.908909176285,2231.684814453125,1035705
2025-02-19,2234.357783007968,2241.1130532602374,2185.029383883377,2187.362060546875,1521343
2025-02-20,2187.3619104978293,2191.2985097365113,2164.1314899859503,2185.077880859375,2206196
2025-02-21,2185.078044378828,2190.4239792926655,2164.034358200554,2178.857177734375,1781509
2025-02-24,2167.533381788587,2187.945131123816,2156.6471629368198,2178.66259765625,1627949
2025-02-25,2180.169242301758,2206.024219899787,2175.2606550849946,2196.0126953125,1988040
2025-02-27,2206.072509704585,2206.072509704585,2170.546537494994,2182.064453125,1699658
2025-02-28,2182.1619689131203,2186.584562304575,2124.620319863376,2128.89697265625,3683249
2025-03-03,2137.4017551745787,2137.4017551745787,2098.0362385376666,2115.872314453125,1306470
2025-03-04,2118.8854906754163,2118.934137542599,2076.166659537152,2096.918701171875,1800330
2025-03-05,2091.7184776027166,2130.500709473983,2089.7745013224167,2109.651611328125,1145673
2025-03-06,2114.074138785248,2167.3391346618955,2103.139272550152,2156.79296875,1856868
2025-03-07,2164.3258279458114,2164.3258279458114,2127.876274648227,2142.79638671875,1738356
2025-03-10,2146.149847764431,2203.642852252801,2133.173710965246,2184.786376953125,1242387
2025-03-11,2177.2532491423776,2199.0743335763295,2149.3085924848583,2154.848876953125,1325891
2025-03-12,2155.237955656902,2167.4848636040488,2123.794045012546,2131.47265625,1526212
2025-03-13,2123.794114513715,2148.0451714730893,2103.819710507243,2113.8798828125,1845629
2025-03-17,2100.4663210186386,2133.951264191827,2096.0923744917604,2110.42919921875,1111886
2025-03-18,2110.42919921875,2110.42919921875,2110.42919921875,2110.42919921875,0
2025-03-19,2145.177877700536,2150.8641033799995,2132.007390619496,2138.422607421875,1341405
2025-03-20,2142.1646370243157,2185.9041047576643,2127.1474672295594,2179.586181640625,1426689
2025-03-21,2182.1134468098517,2192.027678706935,2163.451321362083,2183.27978515625,2152415
2025-03-24,2187.2162299631173,2202.525042593678,2178.225340005486,2192.99951171875,1454404
2025-03-25,2187.702353641122,2227.7968652873274,2180.509736169552,2207.6767578125,2229340
2025-03-26,2208.3569585052783,2216.035569558241,2175.1150130163032,2183.03662109375,1416907
2025-03-27,2181.3358461347175,2197.5680014294758,2138.3740156444046,2181.773193359375,3752627
2025-03-28,2184.057042557216,2231.684454700208,2177.5447703980153,2195.5751953125,2280152
2025-04-01,2195.7212865784686,2220.652688338022,2157.8137477663568,2171.27587890625,2495962
2025-04-02,2180.8497368615344,2180.8497368615344,2128.7026682002793,2175.212158203125,1351493
2025-04-03,2163.110957010432,2189.791983972201,2158.3969569161945,2181.676025390625,1310088
2025-04-04,2167.5335505043304,2203.5457585235163,2159.7576453904135,2181.676025390625,1120226
2025-04-07,2089.7743723315093,2198.248336997428,2089.7743723315093,2186.389892578125,3435185
2025-04-08,2204.760675866648,2241.598930289759,2189.2575129830993,2225.123779296875,2774874
2025-04-09,2229.691898350817,2288.2055304117403,2225.366599069149,2284.171875,2989089
2025-04-11,2327.522634090619,2327.765631098383,2278.6802355299874,2299.869384765625,3836083
2025-04-15,2332.77164275884,2332.77164275884,2279.5066427888187,2295.35009765625,3042779
2025-04-16,2285.14401964844,2309.443722111737,2285.14401964844,2300.30712890625,1131979
2025-04-17,2291.07343035452,2313.2345709818287,2277.465595856165,2308.471923828125,1962402
2025-04-21,2301.765134543979,2305.9444935688916,2283.005716590514,2285.14404296875,1478430
2025-04-22,2303.612042656163,2338.603617987649,2289.1295133424655,2331.508056640625,2352346
2025-04-23,2342.491544775146,2369.707214175023,2326.356445853068,2355.905029296875,2226066
2025-04-24,2355.904893997615,2417.723197131752,2252.193807236699,2260.1640625,7065430
2025-04-25,2266.5789615776075,2276.2988426038023,2230.129407729378,2266.87060546875,2859858
2025-04-28,2279.3122481174555,2283.2002007794895,2250.1526031522,2253.65185546875,1555660
2025-04-29,2262.7881228007286,2267.1620689143897,2247.81960213246,2256.66455078125,1896387
2025-04-30,2255.012376420818,2286.601989452575,2251.1244240476785,2276.493408203125,2083807
2025-05-02,2268.7176720341317,2279.3122481174555,2245.2926623246576,2253.65185546875,1424284
2025-05-05,2258.997571548763,2288.9346143049693,2254.1376311920053,2282.811279296875,2074103
2025-05-06,2274.646499038448,2323.148847500318,2274.646499038448,2315.081298828125,1888125
2025-05-07,2302.640022235044,2320.038515916267,2289.3238314916816,2304.3896484375,1610400
2025-05-08,2295.5443813766215,2305.458613110968,2275.4242740006657,2288.934814453125,2323073
2025-05-09,2264.73235471963,2277.0765565746965,2237.8083308384716,2267.551025390625,1805685
2025-05-12,2293.891985834208,2320.135665333158,2280.381445753612,2315.76171875,1274873
2025-05-13,2309.0549545191607,2330.8273923712263,2286.893579057945,2293.891845703125,1929665
2025-05-14,2303.611726353103,2303.611726353103,2272.994102142081,2284.657958984375,1568111
2025-05-15,2285.727303591603,2303.514495923454,2274.4521467468458,2289.226318359375,3236681
2025-05-16,2293.891932245899,2320.135611131763,2283.2000630701764,2314.6923828125,1473000
2025-05-19,2308.4717935959884,2337.6314373045693,2308.4717935959884,2315.9560546875,936655
2025-05-20,2327.523098554208,2327.523098554208,2272.994464209847,2275.521728515625,1617408
2025-05-21,2280.2838825043114,2309.1518790807786,2279.3118944896037,2297.682373046875,1570754
2025-05-22,2289.0322024287943,2296.9054017400363,2248.305991922015,2265.412841796875,2423653
2025-05-23,2271.438875913527,2298.2658421573706,2264.3435526876015,2293.1142578125,844118
2025-05-26,2301.6676387693788,2330.14693530741,2297.876980399881,2327.03662109375,892618
2025-05-27,2327.0369005720772,2342.0054230052847,2294.183653984274,2313.526123046875,1865258
2025-05-28,2321.107628598645,2321.107628598645,2286.1160563082135,2295.8359375,897517
2025-05-29,2302.6399170703785,2309.4438340900037,2289.518077103958,2300.404296875,1111275
2025-05-30,2293.891989062484,2308.374517293052,2277.8541849016656,2282.519775390625,3288892
2025-06-02,2282.1309268833143,2317.2197947019963,2277.9515675984035,2305.167236328125,1178205
2025-06-03,2298.8492103092544,2312.84574439433,2276.9794774877073,2286.40771484375,1643913
2025-06-04,2293.405928626477,2301.2791271801098,2276.4934305579545,2298.265869140625,3287896
2025-06-05,2298.2659555931978,2313.3317717537793,2283.1028456979607,2309.83251953125,1787978
2025-06-06,2306.8196167541355,2329.369695281899,2303.709302009238,2322.857421875,997488
2025-06-09,2326.939503171982,2331.799443654797,2311.679337516298,2326.161865234375,1293622
2025-06-10,2326.3563309102015,2332.965897755389,2311.776508737784,2328.10595703125,1778782
2025-06-11,2328.1059440121844,2335.590205225147,2304.875522401424,2309.83251953125,1977707
2025-06-12,2320.038399244325,2321.107681120332,2258.997733820115,2267.356689453125,3339584
2025-06-13,2240.4326931985097,2259.7751625270976,2237.5167287388153,2254.04052734375,1740682
2025-06-16,2255.0122175216065,2271.147313653889,2248.3055950712346,2262.204833984375,1105297
2025-06-17,2255.012389459953,2267.745528476323,2248.3057664982202,2263.37158203125,1119284
2025-06-18,2262.496584614853,2266.09289301594,2221.4787354933574,2232.9482421875,2056563
2025-06-19,2235.6699307829094,2243.154191716161,2226.144399912506,2229.93505859375,1214549
2025-06-20,2230.712900802916,2248.2086882601934,2228.1856365828094,2241.59912109375,2685864
2025-06-23,2242.777637332428,2245.3314785900775,2218.517104573964,2234.62548828125,842856
2025-06-24,2254.171508269237,2260.0647671143856,2220.0888759075924,2222.839111328125,2440747
2025-06-25,2238.455843673713,2249.751254907696,2230.9909542436453,2238.1611328125,1047270
2025-06-26,2248.179631450258,2250.242367688747,2231.187595893491,2240.223876953125,1874722
2025-06-27,2240.223846681488,2269.395425704689,2238.7505321874146,2265.859375,1050745
2025-06-30,2268.8061816314857,2275.7799667017143,2247.295884252707,2253.778564453125,1403754
2025-07-01,2259.082297140465,2261.636138264844,2245.9207831543013,2254.662353515625,759914
2025-07-02,2254.171318752975,2267.9222549022306,2246.9030627072866,2266.05615234375,1128034
2025-07-03,2268.9044793168537,2285.503727857006,2263.011220929018,2272.243896484375,1060039
2025-07-04,2276.7619917524657,2299.7456018762664,2269.1990253303456,2297.68310546875,1242346
2025-07-07,2299.353049094105,2372.7240702364506,2299.353049094105,2367.518310546875,2701583
2025-07-08,2362.607071634493,2375.474114379278,2343.552299734942,2350.133056640625,1471046
2025-07-09,2356.3210447333263,2396.29693113012,2354.45494224249,2380.286865234375,1741690
2025-07-10,2380.287101883039,2390.6986215441034,2354.9462812164356,2365.553955078125,1053695
2025-07-11,2455.524228892195,2484.9905196389013,2417.218050921477,2474.775634765625,7242235
2025-07-14,2455.524324131349,2487.4461403450564,2445.7022268348237,2471.8291015625,2427712
2025-07-15,2475.8561480958347,2484.8924301255456,2465.3465513939755,2481.94580078125,1700294
2025-07-16,2481.356455874828,2487.8388961282812,2462.890865236824,2472.811279296875,1284379
2025-07-17,2468.2929253596812,2480.472229470397,2461.613851577524,2465.14990234375,807474
2025-07-18,2470.1590393490687,2470.1590393490687,2437.353331809416,2445.309326171875,771112
2025-07-21,2446.5862827986753,2449.2384410834075,2411.717835071157,2421.048828125,1169960
2025-07-22,2426.0580626810415,2440.7912088106837,2408.967709089577,2435.58544921875,861632
2025-07-23,2436.8623544586453,2442.755612873297,2398.5561747634065,2406.806640625,1320795
2025-07-24,2412.2087602925917,2422.1291744035116,2377.9297369143965,2394.430908203125,693984
2025-07-25,2382.9390347834888,2385.3945590187477,2362.6071022777146,2372.42919921875,769388
2025-07-28,2372.429243771511,2404.7440871927433,2369.384537540986,2398.163330078125,987995
2025-07-29,2401.3064573670335,2413.7804732980653,2386.4749941452433,2409.949951171875,732282
2025-07-30,2398.5561023639793,2409.262092241855,2355.829980147422,2394.037841796875,1224146
2025-07-31,2377.0459063535795,2503.652646914568,2377.0459063535795,2476.34716796875,5505507
2025-08-01,2504.634914777358,2678.9771490412722,2491.767870864873,2508.26904296875,4259653
2025-08-04,2501.688117328015,2537.2440606709806,2489.9999177635377,2498.44677734375,1293028
2025-08-05,2492.357168773925,2507.5814194600316,2472.516580355361,2489.60693359375,756361
2025-08-06,2493.535672934169,2517.501733064876,2481.65107965462,2490.490966796875,885487
2025-08-07,2490.5890589949863,2498.741447368421,2450.613172635303,2472.712890625,847151
2025-08-08,2471.2397680498043,2484.892387860569,2442.362896885792,2454.1494140625,839794
2025-08-11,2445.800338508461,2479.588254454568,2434.4066106815794,2473.5966796875,992436
2025-08-12,2473.2040732697083,2491.47326996814,2435.9784208260676,2439.612548828125,1406211
2025-08-13,2440.7912554195577,2456.9977164716393,2429.397526276142,2450.711669921875,969803
2025-08-14,2454.44372812859,2464.3641420365734,2429.200986749531,2436.469482421875,1104362
2025-08-18,2493.8306848086754,2550.798853268267,2476.445619289953,2522.4130859375,3089136
2025-08-19,2526.439827717028,2568.47845225644,2512.8852854397333,2558.4599609375,1400717
2025-08-20,2552.763210757331,2632.3222027047505,2542.45000809748,2622.3037109375,3156954
2025-08-21,2619.651659128844,2619.651659128844,2580.559664029887,2600.891357421875,2235686
2025-08-22,2599.9091636055095,2611.20457553655,2572.4072910777595,2583.11328125,1223445
2025-08-25,2595.9802980489717,2595.9802980489717,2568.67481978843,2584.783203125,667598
2025-08-26,2577.9077368329176,2656.877302702266,2577.9077368329176,2644.697998046875,4348648
2025-08-28,2699.112419661415,2699.112419661415,2599.7128399390217,2607.177490234375,3198743
2025-08-29,2617.392493882605,2674.5570512791683,2594.4086426961376,2612.4814453125,1972773
2025-09-01,2612.4815545305705,2625.741386224198,2592.346254551359,2602.36474609375,1096729
2025-09-02,2601.8736154116664,2644.5014224406004,2598.043093323752,2629.37548828125,1525106
2025-09-03,2633.304255827349,2639.099197248745,2611.00814317238,2617.294189453125,1010692
2025-09-04,2701.0768426775303,2701.0768426775303,2608.2580202655204,2619.16064453125,2494678
2025-09-05,2620.1425429211836,2625.3480621978892,2577.1217125435624,2586.55078125,944879
2025-09-08,2583.2115458729263,2597.5519036054347,2572.210845043877,2577.219970703125,903410
2025-09-09,2590.0869983381435,2599.123279686501,2564.844256818159,2594.998046875,1610956
2025-09-10,2594.9981209437656,2605.704111140776,2572.407297029418,2596.471435546875,1031486
2025-09-11,2596.766224743345,2610.4188445583272,2567.496325786017,2575.35400390625,1212707
2025-09-12,2578.300371116456,2582.130892891774,2523.2966298659717,2534.592041015625,1368380
2025-09-15,2534.5921470999765,2547.262556392294,2522.7073137348634,2535.083251953125,752745
2025-09-16,2542.1552867248165,2543.9233122758214,2526.8329581431617,2534.985107421875,1040928
2025-09-17,2540.9764060412954,2545.0035615909655,2520.8411078875088,2523.984130859375,970247
2025-09-18,2525.162751622593,2563.468928857849,2525.162751622593,2540.780029296875,1550153
2025-09-19,2553.745139554843,2558.3614770399663,2509.3493104728077,2514.06396484375,2214708
2025-09-22,2523.2969180781097,2541.173088066885,2514.653424077742,2526.43994140625,1174161
2025-09-23,2523.1984923690093,2529.484778551504,2473.400506763053,2477.329345703125,1430474
2025-09-24,2477.3294242524616,2530.1723576313984,2465.3465130647555,2504.143798828125,1882881
2025-09-25,2500.7060335521905,2521.8235432620777,2486.7587030055865,2493.14306640625,1624258
2025-09-26,2489.901473834488,2500.1163583210514,2454.9347142199126,2467.1142578125,885612
2025-09-29,2450.613113672247,2472.614514244821,2399.538211102725,2453.46142578125,2403556
2025-09-30,2453.461508732884,2481.3564080346573,2447.273779473271,2469.66796875,1678088
2025-10-01,2470.650311487506,2504.6348647874647,2453.4616408468078,2491.080322265625,1483899
2025-10-03,2491.080311445024,2503.2598561816244,2463.6767554329513,2499.62548828125,1242611
2025-10-06,2490.0981302259243,2504.2420946178245,2475.364983857677,2496.580810546875,818923
2025-10-07,2494.812642046405,2513.8674143383946,2463.676642465363,2472.418212890625,1291750
2025-10-08,2466.328548368669,2480.0794841222178,2441.8716228402013,2455.62255859375,1225128
2025-10-09,2456.506502076689,2478.1151158494545,2453.854583800399,2472.811279296875,1259173
2025-10-10,2465.3464877788733,2489.8034147865233,2461.9087536325683,2483.91015625,1018875
2025-10-13,2474.3826327864285,2486.5621769669815,2441.183896906515,2448.452392578125,1114750
2025-10-14,2448.648848847169,2464.560598461446,2438.139252730148,2457.783447265625,1461017
2025-10-15,2458.07813584284,2486.75861164498,2458.07813584284,2474.186279296875,881070
2025-10-16,2473.0076593520143,2522.8056437611326,2462.498063399367,2515.93017578125,1446646
2025-10-17,2519.85903126701,2568.478412302955,2514.4568778185712,2557.37939453125,2050690
2025-10-20,2562.58498576505,2578.005629364242,2539.601375794003,2548.24462890625,1011485
2025-10-21,2547.852148012694,2560.326164154914,2539.1105769627225,2545.593017578125,82020
2025-10-23,2554.727472782394,2619.7497080594576,2549.914741090149,2555.31689453125,3386744
2025-10-24,2538.029794005612,2538.029794005612,2430.4778348556065,2471.63232421875,3110800
2025-10-27,2471.6322783442465,2480.0793772907623,2461.4173938576832,2467.1142578125,2127832
2025-10-28,2474.186322669988,2481.0617908155573,2437.7462455795494,2452.676025390625,2294976
2025-10-29,2467.9000740374127,2468.8822836920012,2439.8087819972766,2443.8359375,1870143
2025-10-30,2446.6842295799647,2452.577487459322,2411.2263654202525,2425.6650390625,1195631
2025-10-31,2425.0756732953823,2435.3888748221552,2409.262001702085,2421.637939453125,1401937
2025-11-03,2412.405317967791,2430.8706683206365,2396.8863568906377,2416.23583984375,1049185
2025-11-04,2416.2358320421877,2419.4771719714577,2397.8685588393732,2402.190185546875,1251588
2025-11-06,2420.066396652233,2420.066396652233,2389.3234247182095,2392.662841796875,1329256
2025-11-07,2392.662907838229,2400.582354781839,2376.4281382767645,2389.693115234375,817896
2025-11-10,2380.7836246996762,2404.8389919884094,2379.7936938785956,2384.54541015625,780558
2025-11-11,2397.8104470854564,2409.194651815599,2378.9029129343594,2403.05712890625,1422399
2025-11-12,2406.126077343887,2410.283738675327,2391.870927758796,2400.08740234375,1680827
2025-11-13,2404.542090020514,2406.5219517661053,2380.7837490734196,2383.357666015625,1256059
2025-11-14,2380.882834280137,2405.729954130381,2367.91464319838,2403.255126953125,975973
2025-11-17,2406.9177360630524,2413.847251909541,2391.672897873711,2400.582275390625,920038
2025-11-18,2391.474933232895,2398.503297074712,2377.7147497683018,2379.793701171875,1229034
2025-11-19,2387.7133295616327,2426.023607035294,2386.7233986621463,2417.015380859375,1465143
2025-11-20,2420.480036715518,2434.239978963932,2400.5823298037967,2403.947998046875,1396929
2025-11-21,2411.6696515110984,2418.5991679296735,2388.703302574577,2409.19482421875,1840712
2025-11-24,2417.312010655888,2420.281803162537,2388.703106181435,2399.790283203125,4092327
2025-11-25,2397.612593614541,2399.7903932161203,2381.7736995196474,2389.792236328125,1240672
2025-11-26,2387.713234421413,2403.2551005876053,2384.7434418412868,2400.7802734375,1242683
2025-11-27,2401.6713428676044,2434.932874570679,2400.5823222546774,2427.013427734375,1872248
2025-11-28,2425.3307221458876,2445.129340285854,2422.5588672698223,2441.763671875,973225
2025-12-01,2441.7635217623283,2462.9479451967945,2434.042012825968,2439.6845703125,1924828
2025-12-02,2446.119251627908,2459.3842290026473,2435.2300117380223,2452.850830078125,2179406
2025-12-03,2453.2466947597763,2459.879183417393,2378.903029581739,2423.350830078125,3535932
2025-12-04,2415.431298091029,2457.9983250655837,2398.8004113086886,2437.40771484375,2587753
2025-12-05,2397.6126302941066,2397.6126302941066,2263.674931718664,2315.052490234375,4008271
2025-12-08,2326.4365509724244,2331.3862051452247,2278.8207811571547,2290.699951171875,1898154
2025-12-09,2294.659840185007,2306.934886746879,2274.960311827886,2283.275634765625,1471488
2025-12-10,2283.2756424827394,2293.570827267341,2271.891437024881,2278.52392578125,2857290
2025-12-11,2273.1783599753567,2289.710157566845,2268.9216087951613,2282.384765625,1108032
2025-12-12,2283.6714979780418,2285.750449542293,2222.097844295659,2237.837890625,3203114
2025-12-15,2237.83786456232,2275.8511140306505,2229.32436224316,2270.406494140625,1274115
2025-12-16,2270.3073037063286,2279.513708903146,2253.0826036728013,2258.13134765625,1256042
2025-12-17,2258.230235399214,2263.179889712154,2245.460223944765,2252.686767578125,808100
2025-12-18,2247.1431656574155,2255.35964054673,2232.5912296171614,2242.6884765625,1057295
2025-12-19,2240.906558258753,2261.7941971851546,2240.906558258753,2257.04248046875,1237214
2025-12-22,2257.0424338692947,2271.8913972500136,2257.0424338692947,2266.44677734375,790773
2025-12-23,2266.2486667249427,2286.7401862916095,2257.7351650294536,2279.414794921875,1128801
2025-12-24,2279.414949884213,2281.790687332576,2255.161643229268,2259.22021484375,519380
2025-12-26,2259.3192987304974,2266.9417181800486,2252.092754960529,2262.387939453125,533626
2025-12-29,2265.8526552878384,2275.554026080165,2257.0423672814736,2270.20849609375,1086695
2025-12-30,2270.208530832208,2274.8611576222947,2260.0121944524367,2267.1396484375,1556717
