Date,Open,High,Low,Close,Volume
2018-01-01,8962.646469192332,8999.420072512437,8853.060951739813,8873.37890625,426354
2018-01-02,8916.677439632878,8934.696142049588,8756.712301526257,8783.4189453125,451227
2018-01-03,8822.904939623118,8823.824279514713,8643.63366076238,8657.0556640625,658281
2018-01-04,8687.762216590092,8722.697133439871,8611.641051012832,8629.154296875,562919
2018-01-05,8695.117458511995,8763.148616466096,8653.333277209975,8672.9150390625,732512
2018-01-08,8722.697898917135,8729.133278901581,8664.779479057124,8686.7978515625,294549
2018-01-09,8701.369228070174,8725.869998681886,8605.94191370266,8626.6728515625,427590
2018-01-10,8630.57906496822,8692.22062664247,8564.479063828288,8619.5927734375,394826
2018-01-11,8650.990984378324,8669.37778774576,8573.766410235095,8586.453125,368996
2018-01-12,8629.843099388097,8728.901967392685,8600.515799302559,8696.173828125,685141
2018-01-15,8733.684267061815,8741.590231993965,8586.635653585554,8603.59765625,385462
2018-01-16,8615.13468266969,8649.748190949436,8549.861546134684,8570.1328125,364816
2018-01-17,8564.570879756546,8613.11184902269,8509.410483364813,8562.640625,390461
2018-01-18,8595.829645525342,8751.106542303436,8579.28152428262,8613.021484375,686971
2018-01-19,8572.845986871218,8638.119130578227,8533.314364626129,8571.880859375,542339
2018-01-22,8594.908186799827,8602.033070578595,8523.750923879266,8559.1455078125,454188
2018-01-23,8593.071753231834,8668.733262481503,8540.669368516501,8635.7294921875,561948
2018-01-24,8659.264080765199,8752.071639976979,8587.050098146918,8673.927734375,568489
2018-01-25,8719.940637585352,8719.940637585352,8503.895719310965,8529.8212890625,705224
2018-01-29,8716.261359825761,8930.467550822428,8697.874562315317,8853.88671875,1546624
2018-01-30,8844.05099259106,8895.074363702162,8779.697191189669,8799.5087890625,573988
2018-01-31,8787.097189210535,8811.873580871834,8695.94517018745,8742.6474609375,462650
2018-02-01,8775.099968901564,8792.291805811483,8560.893756983905,8643.49609375,550971
2018-02-02,8604.10318894279,8604.10318894279,8218.899723170056,8265.41796875,984189
2018-02-05,8136.296072715644,8384.37957639344,7987.224754353751,8348.1572265625,651062
2018-02-06,7998.256630540758,8378.403655452092,7962.953621468142,8259.900390625,840339
2018-02-07,8430.347347498442,8430.347347498442,8157.303382154162,8202.1669921875,509440
2018-02-08,8263.854973990445,8329.21968324845,8195.91539471964,8302.283203125,465683
2018-02-09,8187.643649365515,8261.696321362735,8154.5474028601075,8215.3154296875,364892
2018-02-12,8237.28586977081,8411.960458527112,8237.28586977081,8382.4033203125,408523
2018-02-14,8411.869108540834,8418.855733160708,8261.188929094416,8275.5302734375,357737
2018-02-15,8319.106803528866,8356.799739648292,8274.978488071978,8292.67578125,250781
2018-02-16,8310.740850724145,8338.412621696652,8096.487975765901,8124.16064453125,632659
2018-02-19,8141.67432864508,8150.729467736727,7990.581171963589,8021.1025390625,436138
2018-02-20,8039.627943659612,8061.646315242286,7952.290647530663,8019.0810546875,517802
2018-02-21,8063.531250945123,8085.595411248701,8005.7968777093565,8074.33349609375,471756
2018-02-22,8061.6930513465995,8061.6930513465995,7907.703590051064,7937.6279296875,638857
2018-02-23,7966.080299275751,8034.065665000679,7956.932687636645,7997.15380859375,567960
2018-02-26,8051.579164858388,8324.623126032508,8044.270232803732,8278.9775390625,869374
2018-02-27,8359.55826918711,8379.737960898854,8156.93538257309,8174.03564453125,684609
2018-02-28,8154.544494637924,8213.382245219302,8064.449189060188,8137.03125,680125
2018-03-01,8158.221765948785,8215.266623642547,8100.624765673591,8157.71630859375,609369
2018-03-05,8151.787425681604,8151.787425681604,8067.208149357853,8085.6865234375,388180
2018-03-06,8141.262216659305,8168.3369627404545,7906.325028651425,7921.494140625,543686
2018-03-07,7926.365939501215,8010.991012356195,7862.196182954786,7979.0439453125,598715
2018-03-08,7998.44201216935,8067.208464306498,7953.210304810885,8025.240234375,533856
2018-03-09,8053.417905758997,8066.2886649691145,7952.29051196522,7962.03515625,323450
2018-03-12,8015.7260524486,8114.830732214911,7980.8827047561135,8099.66162109375,438339
2018-03-13,8099.384701091154,8134.3196180765635,7989.98325053158,8049.7861328125,521943
2018-03-14,8030.434961000091,8158.223221970786,8021.287348372011,8132.75732421875,411769
2018-03-15,8126.872413028366,8159.140881510238,8091.063947572927,8124.71142578125,313431
2018-03-16,8153.625381340036,8153.625381340036,7951.738703165231,7976.6982421875,622932
2018-03-19,8008.829054646093,8090.190630877073,8001.520123324408,8065.828125,571830
2018-03-20,8057.5097925730915,8132.022121401766,8030.435049510421,8092.39892578125,408924
2018-03-21,8126.873736914188,8223.496008370488,8113.220999722573,8158.82080078125,516020
2018-03-22,8154.546134888488,8191.779406417573,7983.916982998328,7995.08642578125,471749
2018-03-23,7917.86206886217,7943.557803145377,7853.094381956583,7912.98974609375,644482
2018-03-26,7912.7596678887485,8088.353614277356,7910.920987821852,8058.291015625,447858
2018-03-27,8103.981748265673,8170.174225392743,8059.991690292146,8138.27294921875,423455
2018-03-28,8101.225017704886,8351.285526649022,8091.112276534352,8146.3642578125,1194227
2018-04-02,8264.866465526147,8354.961784060248,8231.08072107586,8281.5986328125,552649
2018-04-03,8282.289477347183,8329.221611615601,8232.690897573699,8298.3779296875,339709
2018-04-04,8345.768130356548,8411.409362409107,8256.224059419954,8286.470703125,488280
2018-04-05,8320.025776905406,8418.993072473797,8320.025776905406,8395.962890625,236956
2018-04-06,8425.750942835422,8485.50804172078,8313.177582376646,8463.6279296875,429514
2018-04-09,8476.314087683122,8557.354260990005,8443.861567968901,8543.1044921875,426170
2018-04-10,8540.66802141067,8564.065402384203,8493.781684586995,8525.453125,299119
2018-04-11,8540.667431260079,8595.827823711705,8465.787018948427,8552.1591796875,318010
2018-04-12,8540.669877013677,8540.669877013677,8440.55337692692,8462.0205078125,300797
2018-04-13,8519.524107814203,8519.524107814203,8371.740197127774,8388.0126953125,366224
2018-04-16,8365.992839952069,8499.29712146779,8333.815944413793,8487.345703125,271057
2018-04-17,8495.620714083007,8496.54005405856,8400.514814053486,8421.4755859375,342578
2018-04-18,8437.700510127172,8483.162041856762,8362.223073223196,8385.7578125,452854
2018-04-19,8406.445116644438,8442.98888232539,8336.575275342493,8345.447265625,256088
2018-04-20,8349.446328125,8373.487429532503,8285.966077276531,8297.0439453125,303913
2018-04-23,8310.742870401475,8388.978353241606,8279.531094668337,8333.6796875,302205
2018-04-24,8361.397704984227,8405.112144542942,8302.55994213442,8333.49609375,312103
2018-04-25,8328.300822163661,8337.310174347782,8189.480486128037,8213.9345703125,488641
2018-04-26,8227.172262043092,8256.591137044252,8172.931211259704,8224.828125,614321
2018-04-27,8287.849237004053,8400.008705325128,8012.138840595997,8074.8837890625,1873816
2018-04-30,8080.9997840804235,8185.988607022659,8053.695202520986,8103.9375,497504
2018-05-02,8195.915923658711,8272.221142016946,8021.241327416966,8039.16845703125,806846
2018-05-03,8058.013204859686,8089.270757508314,7998.256118913779,8049.693359375,406825
2018-05-04,8075.484274814417,8081.000315985739,7966.0827915832115,7978.21826171875,490244
2018-05-07,7991.823845605804,8062.613036461855,7961.485620953211,8038.4345703125,342702
2018-05-08,8076.402419427085,8095.8926082391745,7989.065113810059,8067.39306640625,404969
2018-05-09,8085.596195893852,8085.596195893852,8002.855586726092,8015.12841796875,314057
2018-05-10,8051.579890505458,8051.579890505458,7989.0647691815975,8002.80908203125,298598
2018-05-11,8033.191323243724,8058.013498309824,8000.140877254563,8044.4990234375,264405
2018-05-14,8045.14382852204,8053.417887996009,7987.316987081251,8004.69287109375,276620
2018-05-15,8021.240841019253,8044.5457489874625,7942.17760751465,8022.71142578125,506107
2018-05-16,7975.273870674081,8029.009468992419,7975.273870674081,7994.2119140625,288597
2018-05-17,8021.241811920631,8059.348635961079,7962.588097198368,7995.9599609375,379606
2018-05-18,7998.9938720612445,8021.242081231979,7810.713205976722,7824.45751953125,603507
2018-05-21,7830.93717001839,7837.188501701438,7589.610449294062,7748.65625,872463
2018-05-22,7737.165065537652,7893.820953073026,7696.024602528762,7870.14794921875,410467
2018-05-23,7869.550816207806,7873.963468882591,7775.962178816649,7812.00048828125,399631
2018-05-24,7814.48054973184,7831.2127150954075,7722.4549869215,7732.337890625,292331
2018-05-25,7733.488235644909,7882.42131864235,7717.997715450333,7858.65673828125,519151
2018-05-28,7869.550335864714,8076.401834178915,7865.045210784242,8006.8076171875,446264
2018-05-29,8014.806137857912,8126.965618107816,7979.871217780073,8011.95654296875,665121
2018-05-30,7969.75856766364,7969.75856766364,7881.363666352324,7895.47607421875,508262
2018-05-31,7942.178972872973,7942.270547764005,7829.008567832227,7848.59033203125,679959
2018-06-01,7915.517240519177,8134.688251220536,7897.176228330116,8098.32763671875,1002010
2018-06-04,8126.964789350174,8126.964789350174,8022.205827241094,8044.0859375,380690
2018-06-05,8044.22492338046,8117.772122679938,7979.8711239934155,8099.75341796875,400886
2018-06-06,8116.852171158727,8154.545107959895,8099.384712641114,8129.125,328784
2018-06-07,8158.22333426848,8214.119027903878,8149.949274091738,8192.46875,267961
2018-06-08,8176.60920850275,8228.092243771038,8155.464390446132,8211.9580078125,287823
2018-06-11,8237.285806532474,8316.349040836245,8201.89121908253,8294.8828125,337828
2018-06-12,8309.914299472162,8333.817139585703,8232.689739105346,8289.458984375,343452
2018-06-13,8301.639977322244,8361.35128827918,8221.657399467644,8244.04296875,369407
2018-06-14,8211.590214382673,8292.400555041306,8189.480268161141,8235.447265625,269078
2018-06-15,8269.462209857307,8269.462209857307,8183.044261249572,8229.5625,496572
2018-06-18,8225.795289337155,8320.395741807015,8217.015771213373,8249.65234375,305144
2018-06-19,8246.4791667539,8260.0852181505,8108.62396478119,8147.74169921875,350407
2018-06-20,8157.3041482107665,8246.48013179878,8148.1107478408685,8226.5302734375,325981
2018-06-21,8253.834068496499,8261.18878809418,8138.870787343846,8148.15576171875,313349
2018-06-22,8149.949444029852,8170.17492488362,8099.385741895431,8159.05126953125,319027
2018-06-25,8153.6266778039,8153.6266778039,8071.805415618248,8083.7568359375,254954
2018-06-26,8083.755969416016,8260.590645067103,8044.224352597537,8210.9462890625,387769
2018-06-27,8215.176008245135,8285.09163190519,8157.303378816551,8180.5625,501622
2018-06-28,8174.769671506114,8176.654138576726,8030.479107338594,8063.80517578125,376404
2018-06-29,8044.500441614679,8182.125816079688,8044.500441614679,8113.7265625,458807
2018-07-02,8161.900537986473,8214.302918101952,8090.237805269955,8109.5439453125,298529
2018-07-03,8113.175582233672,8269.463383817776,8044.2250815348025,8251.21484375,375718
2018-07-04,8286.929524039093,8503.204226782625,8230.390122471708,8477.048828125,656141
2018-07-05,8483.66897058407,8637.198740641239,8481.600455718031,8593.1162109375,887919
2018-07-06,8563.651845380837,8654.620715234694,8513.088146884224,8565.9501953125,508241
2018-07-09,8637.197120219402,8660.042354336732,8595.826830660075,8618.71875,331872
2018-07-10,8623.409152944994,8775.928017229939,8623.409152944994,8762.2294921875,485745
2018-07-11,8760.39105413118,8760.712464021115,8605.94193070857,8627.73046875,328446
2018-07-12,8685.924632402108,8741.085034386033,8573.075643343327,8593.0712890625,336960
2018-07-13,8649.150214110534,8729.132789432346,8607.090411570614,8670.3408203125,511150
2018-07-16,8668.456586290042,8732.718809378124,8600.425428438151,8628.28125,216426
2018-07-17,8596.886386837145,8715.0673613466,8593.070766814619,8683.5341796875,457123
2018-07-18,8717.458192467424,8764.988253788235,8547.013081651708,8611.2744140625,430624
2018-07-19,8649.151276860905,8673.054118399848,8595.829553427877,8631.775390625,199983
2018-07-20,8634.441461994229,8700.633943389414,8582.039080889706,8640.8310546875,272916
2018-07-23,8685.924551914752,8963.565239327776,8616.054710049222,8918.517578125,607813
2018-07-24,8989.306989203578,9128.12733644941,8940.58196666034,9039.365234375,749626
2018-07-25,9058.255727289603,9079.262284174554,8918.516067231953,8971.7919921875,384750
2018-07-26,9027.73593795003,9038.676444503908,8605.942870119396,8638.349609375,1261317
2018-07-27,8643.634030113753,8680.591674893623,8540.66795785543,8559.4228515625,672141
2018-07-30,8568.248745246467,8645.932974750043,8488.266165757579,8625.15625,539464
2018-07-31,8641.796779437735,8778.640191662995,8600.426475706385,8752.623046875,426388
2018-08-01,8765.907165821398,8814.402352291989,8549.862259269952,8588.1064453125,700719
2018-08-02,8574.685415268701,8574.685415268701,8384.382007853603,8404.9755859375,875157
2018-08-03,8411.959037311555,8485.506220151437,8411.959037311555,8445.974609375,470958
2018-08-06,8501.595717244028,8549.861061948577,8457.927072035152,8537.3583984375,237693
2018-08-07,8564.571196558067,8660.182553840381,8523.20089773399,8652.3681640625,381947
2018-08-08,8686.844631600472,8686.844631600472,8442.345951695352,8464.732421875,638498
2018-08-09,8493.781930809226,8493.781930809226,8329.220077187098,8408.3291015625,651728
2018-08-10,8411.96138413597,8467.121786654892,8370.591082246776,8410.3525390625,427827
2018-08-13,8383.875736217049,8444.138296488038,8285.276516587399,8348.388671875,348201
2018-08-14,8420.873655737483,8494.88886369276,8390.49766584593,8470.587890625,344056
2018-08-16,8462.610540746598,8566.445580519747,8426.437610991106,8533.611328125,465479
2018-08-17,8572.985934217195,8613.33267100595,8468.177169685492,8488.6748046875,477538
2018-08-20,8505.925803826325,8549.611212159456,8405.105171104937,8416.5595703125,449317
2018-08-21,8449.627870453329,8468.178096294061,8394.348559757047,8452.6884765625,380824
2018-08-23,8482.088953132135,8585.042684547954,8440.443342709868,8554.712890625,751705
2018-08-24,8570.202896907424,8607.210953544016,8479.399194381152,8499.5263671875,401110
2018-08-27,8541.450959931282,8601.739190183811,8533.103358819395,8575.0732421875,326945
2018-08-28,8605.03029073442,8761.733469795234,8547.014653486802,8744.5283203125,684054
2018-08-29,8738.082302348792,8781.953397375264,8662.629634693269,8689.0166015625,433440
2018-08-30,8690.779942035098,8690.779942035098,8517.011081063449,8538.482421875,674292
2018-08-31,8540.52257621651,8584.1155997919,8422.07922249652,8437.0126953125,634522
2018-09-03,8440.352467067625,8457.928986601391,8231.662433541229,8256.8447265625,992161
2018-09-04,8265.977585696566,8346.6710383397,8194.97680363459,8225.630859375,530967
2018-09-05,8227.951278134313,8301.2246577953,8153.379020575359,8251.2314453125,491163
2018-09-06,8317.640639891455,8317.640639891455,8107.373713418132,8124.85693359375,687535
2018-09-07,8138.908739423289,8151.893892967669,8008.3615707539075,8087.15380859375,636918
2018-09-10,8069.346458008403,8115.722012364773,7999.783126473847,8013.1396484375,577299
2018-09-11,8039.666184293247,8069.254150579998,7864.922731407293,7899.658203125,552622
2018-09-12,7920.018575721116,7920.018575721116,7792.022023027649,7878.234375,634678
2018-09-14,7970.103532070954,8069.347227861899,7958.370153390355,8001.36083984375,754169
2018-09-17,7964.538516445765,8031.968760503007,7899.612733733385,7918.90478515625,422191
2018-09-18,7918.811656837389,7973.349128068198,7772.728659376708,7790.30517578125,507455
2018-09-19,7814.745307079551,7835.985675030059,7597.2901336699915,7615.19091796875,959340
2018-09-21,7661.242028304359,7721.530252498038,7048.759955476399,7457.32861328125,1646047
2018-09-24,7485.015020520464,7485.015020520464,7040.459105103058,7228.140625,1801469
2018-09-25,7188.211268669954,7437.016129679078,7123.2854894690645,7419.5791015625,1159438
2018-09-26,7489.652389851485,7503.4722151390915,7255.502023456347,7274.05224609375,754963
2018-09-27,7280.962709987674,7306.933022838586,6965.794594472925,7005.5380859375,1594739
2018-09-28,7067.634888609586,7093.790883918802,6764.014026275588,6815.3056640625,1413254
2018-10-01,6820.917903569043,6942.42188036637,6683.646235126261,6922.89794921875,1034603
2018-10-03,6863.582817243997,6873.507368147784,6688.2832020468195,6720.74609375,1148091
2018-10-04,6631.704244850452,6759.700774331482,6512.055315118185,6676.92041015625,1104174
2018-10-05,6543.405599748578,6696.630625690368,6308.791921789455,6403.86181640625,1481376
2018-10-08,6413.739970381726,6482.375799421242,6283.192768526163,6390.3203125,1393849
2018-10-09,6325.394354943569,6436.927574076522,6178.151955464513,6213.81494140625,1079041
2018-10-10,6258.8450040018815,6538.9533607310705,6235.889103905698,6479.45361328125,1162309
2018-10-11,6307.075934250236,6446.202609270462,6219.148056791979,6377.10302734375,869569
2018-10-12,6446.202064219784,6794.946233449516,6446.202064219784,6758.958984375,1053651
2018-10-15,6789.381298297828,6807.931520424325,6609.490338071612,6661.384765625,682234
2018-10-16,6691.065596324982,6750.426311346439,6607.4039074370885,6632.53955078125,637012
2018-10-17,6713.000814050684,6719.8181114076315,6356.6513109856605,6386.470703125,1021019
2018-10-19,6334.901371736065,6460.115381279897,6228.70134141926,6266.68310546875,903940
2018-10-22,6323.770496350685,6404.463959709809,6234.775627732869,6318.39111328125,774016
2018-10-23,6287.598560517441,6359.944435679023,6182.78979265515,6280.45654296875,734440
2018-10-24,6353.450685417529,6385.913572131341,6205.048917582959,6277.6728515625,681526
2018-10-25,6214.324334884583,6356.882971303535,6140.309130677334,6235.8427734375,2101936
2018-10-26,6260.699911245378,6302.43791065368,6028.822136754808,6230.3701171875,874526
2018-10-29,6234.7303149484715,6316.35130092221,6206.023662022494,6305.87060546875,505428
2018-10-30,6305.2206156324655,6371.027710979262,6191.322430855875,6211.5419921875,771389
2018-10-31,6269.974860496604,6269.974860496604,6028.821981246735,6136.7841796875,1315746
2018-11-01,6166.97465632354,6251.378160221207,6121.572810160353,6225.22216796875,842039
2018-11-02,6279.064202457197,6640.051688716973,6260.745858994121,6618.208984375,1834118
2018-11-05,6620.574679053171,6728.81541288989,6548.275002769452,6656.9794921875,1040315
2018-11-06,6673.442446651391,6713.325424442359,6538.953335495804,6562.14111328125,667413
2018-11-07,6622.429029193779,6625.211562399322,6576.053475768052,6611.2060546875,127507
2018-11-09,6613.154384696574,6784.743944467804,6530.466857686779,6755.52734375,986090
2018-11-12,6770.831225861671,6819.5255600202645,6540.80846640774,6574.01318359375,687443
2018-11-13,6538.906721317852,6649.094853126053,6512.05509521158,6632.12158203125,572295
2018-11-14,6659.622061958556,6871.929246941421,6659.622061958556,6834.875,1112945
2018-11-15,6844.012024025418,6970.339225468723,6801.949302243338,6936.20654296875,1048278
2018-11-16,6956.333508881874,6997.190193202855,6773.1962542168585,6809.044921875,806420
2018-11-19,6826.482321466699,6909.030816930088,6761.556538517968,6874.38818359375,577408
2018-11-20,6874.387160838036,6904.855989308871,6781.636056139146,6802.31982421875,637243
2018-11-21,6807.931464503081,6924.797862940055,6800.047620164079,6886.30615234375,701156
2018-11-22,6857.9707169942685,6937.782864109362,6827.594729186838,6873.87744140625,668352
2018-11-26,6886.769987330684,7028.447309292267,6851.802637351609,7007.068359375,899481
2018-11-27,7021.2594190439,7102.694717016467,6957.029271782502,7093.234375,783389
2018-11-28,7102.880528201396,7123.749529492143,7002.338408115688,7025.1552734375,686734
2018-11-29,7061.141945803451,7088.039767480621,6985.08603623352,6999.6943359375,725583
2018-11-30,7024.968691457124,7166.877882082017,7021.30484165577,7106.21875,869715
2018-12-03,7131.16964483525,7234.5871404974905,7077.003082975968,7215.99072265625,772869
2018-12-04,7216.036871016134,7220.628232442064,7142.763488906844,7161.91650390625,551195
2018-12-05,7138.775655700147,7178.843867929056,6974.884245011891,7006.4658203125,704296
2018-12-06,6910.0040853346,6943.626363662965,6659.529886831882,6687.0771484375,1339030
2018-12-07,6718.889953047506,6817.159928587067,6679.006978450455,6783.76953125,688881
2018-12-10,6678.079509897286,6858.944163290337,6650.254178606047,6817.669921875,785024
2018-12-11,6715.6442702690665,6813.496693515167,6692.502686650189,6775.79345703125,843166
2018-12-12,6807.932167799859,6963.10460948905,6766.194164046317,6930.224609375,643037
2018-12-13,6935.464949038727,7141.836189581839,6935.464949038727,7114.474609375,881204
2018-12-14,7126.995211789283,7132.560278326338,6998.952487037037,7106.72900390625,676653
2018-12-17,7134.322975790302,7234.587022408897,7095.460348901033,7173.41748046875,712296
2018-12-18,7151.1105108736,7220.673842691436,7100.097400873853,7208.94091796875,658919
2018-12-19,7216.963808059692,7373.481304860884,7216.963808059692,7360.72802734375,856358
2018-12-20,7280.962762897467,7344.961034316566,7200.872081928331,7241.1259765625,824303
2018-12-21,7262.412660675784,7267.050216653227,6970.246634096873,6990.00244140625,1257227
2018-12-24,7011.984905801339,7045.0505906065855,6928.50889501799,6983.37109375,611297
2018-12-26,6945.203076060233,7049.084318650877,6865.437121928131,7020.42431640625,594156
2018-12-27,7094.532458744193,7112.9436447987755,6937.133642702911,6956.287109375,704523
2018-12-28,7000.85398552087,7030.534341580313,6947.058340163132,6961.48095703125,616845
2018-12-31,7002.709164631263,7023.81004323992,6903.558313526525,6924.33447265625,547975
2019-01-01,6909.725460320421,6950.767824375481,6858.944230218399,6934.814453125,625360
2019-01-02,6905.3202214886205,6919.23288815381,6718.890488175093,6741.01171875,891844
2019-01-03,6752.280689102184,6817.206464958936,6664.72373338119,6681.74365234375,715168
2019-01-04,6714.253390127708,6779.179172322617,6642.0932019284655,6710.07958984375,774445
2019-01-07,6780.106526436318,6870.075108250863,6770.831414909046,6828.38330078125,687845
2019-01-08,6845.032808929532,6914.410467085014,6791.329999826986,6900.2197265625,516841
2019-01-09,6919.696776877121,6983.231289204187,6876.567509385024,6949.748046875,740580
2019-01-10,6956.333621944832,6966.536244590351,6826.62109709704,6855.79150390625,452699
2019-01-11,6847.536588179578,6863.582349544942,6754.13603640355,6789.84521484375,488399
2019-01-14,6798.656548749893,6894.5149141311485,6730.948236599997,6871.65185546875,424152
2019-01-15,6891.407203857151,6928.5076464081985,6786.59845365044,6821.98291015625,491196
2019-01-16,6816.742209709023,6848.741339749838,6762.575656970806,6780.33740234375,424769
2019-01-17,6807.0042689209195,6862.608743020229,6777.787667957436,6804.45361328125,462725
2019-01-18,6812.569116353604,6844.985810866397,6787.5263163343325,6824.58056640625,334555
2019-01-21,6824.626350023095,6845.031593255021,6641.906671991762,6685.87060546875,654537
2019-01-22,6659.529781194384,6659.529781194384,6543.12713669022,6556.43701171875,896521
2019-01-23,6538.953653616101,6615.241446241623,6515.76587470257,6534.68701171875,702474
2019-01-24,6548.136136311021,6583.474403101042,6505.934377316784,6530.2353515625,520703
2019-01-25,6542.66306126875,6615.936435501842,5945.345934609114,6041.25048828125,3062762
2019-01-28,6040.4163613838555,6130.848698464074,5859.737370607847,6039.0712890625,2398091
2019-01-29,6010.27201969239,6139.335100649114,5980.035066793841,6053.81884765625,1101399
2019-01-30,6083.54496251384,6110.4427829000115,6036.241899076089,6073.57421875,583773
2019-01-31,6098.385949272391,6177.270593210736,5991.768359012336,6159.74072265625,926270
2019-02-01,6194.84710645153,6681.790470860431,6170.3142548424985,6457.61083984375,2545419
2019-02-04,6469.3904603700685,6528.7511757053635,6354.981866095794,6481.6337890625,658776
2019-02-05,6487.939896582341,6608.5163349748655,6479.035699785333,6579.392578125,681498
2019-02-06,6603.879476628074,6696.630592872851,6554.7213850183425,6662.68359375,567827
2019-02-07,6679.0081955133655,6789.382029045666,6664.260857912787,6773.19677734375,690174
2019-02-08,6743.005825633169,6770.8311591639795,6585.328935625241,6617.09619140625,576159
2019-02-11,6631.704561371,6687.309034617012,6539.973801442022,6657.58203125,502244
2019-02-12,6671.587428760363,6705.905339905105,6611.253012077971,6643.29833984375,494592
2019-02-14,6526.617965752738,6595.717547225952,6483.303013392858,6508.8095703125,622311
2019-02-15,6517.9910449623085,6547.022412482316,6399.826228081931,6427.69775390625,768798
2019-02-18,6459.8370232357465,6490.537279686006,6322.843446590337,6346.6806640625,509963
2019-02-19,6358.0895096327295,6414.57485321106,6280.1785659698335,6311.29638671875,493861
2019-02-20,6346.031151088188,6388.696663065688,6311.156642024973,6353.3583984375,534284
2019-02-21,6371.027796446271,6380.951893866055,6228.237275956895,6308.51318359375,722938
2019-02-22,6332.118761608988,6436.0000127149215,6324.744866648282,6411.328125,764535
2019-02-25,6444.3474731520755,6478.572544025493,6372.047797821934,6422.921875,495728
2019-02-26,6385.914157674331,6469.390159735434,6318.762442149104,6403.81494140625,673415
2019-02-27,6439.709794241498,6537.098463173567,6356.419475680779,6463.361328125,961829
2019-02-28,6501.852623958461,6529.677956157998,6308.00280963502,6334.62255859375,1031563
2019-03-01,6378.308346023221,6446.202341770196,6332.350350769866,6432.4287109375,768822
2019-03-05,6446.202008458168,6639.263349256536,6394.678949099029,6601.7919921875,838538
2019-03-06,6620.434738577659,6626.973510226651,6501.852362053401,6545.3525390625,557197
2019-03-07,6564.923823941019,6578.372735419847,6494.432977569231,6519.52197265625,396771
2019-03-08,6469.389301569393,6515.764852118277,6447.129037305928,6462.61865234375,486432
2019-03-11,6474.028202812091,6605.363879853281,6469.390646792885,6568.54150390625,720905
2019-03-12,6582.546461557437,6707.760463573818,6581.618950431391,6638.3828125,828847
2019-03-13,6656.747103213158,6680.816197190349,6538.953194601194,6577.02734375,534982
2019-03-14,6588.111198214645,6629.849196795479,6536.40245552839,6572.62158203125,584482
2019-03-15,6593.67703751963,6638.197574557321,6548.228989293654,6570.4892578125,861945
2019-03-18,6564.414317672275,6564.414317672275,6285.372482826753,6394.26220703125,1336134
2019-03-19,6399.8263772883265,6401.635205027718,6315.654747760947,6330.44873046875,816763
2019-03-20,6362.72663112231,6362.72663112231,6167.949285271628,6189.7919921875,1017560
2019-03-22,6090.964886627576,6229.4421011748445,6058.8267202653315,6077.70166015625,1715983
2019-03-25,6042.735004530896,6141.051184190186,6020.660420818516,6049.7841796875,1093184
2019-03-26,6082.617819859168,6121.573286226061,6010.271953749223,6108.31005859375,909087
2019-03-27,6147.543802978291,6158.67393659865,6028.8223776944615,6045.517578125,887601
2019-03-28,6061.284675093566,6144.760669088734,6029.93498294766,6118.0947265625,949713
2019-04-01,6242.891365806275,6372.001088670079,6214.324205835449,6344.8251953125,1142386
2019-04-02,6362.216712727713,6400.476548709809,6293.6270801580085,6390.27392578125,866805
2019-04-03,6396.116731591112,6583.473979239227,6396.116731591112,6560.193359375,1491021
2019-04-04,6603.878739635667,6650.254292582547,6549.7583787694075,6597.47900390625,1388375
2019-04-05,6580.69113122116,6626.09297987014,6538.953132503056,6592.470703125,729603
2019-04-08,6591.820751348151,6631.703724797985,6534.036996550909,6612.6435546875,498374
2019-04-09,6616.864796859757,6710.543426588217,6566.77919284652,6693.4306640625,741669
2019-04-10,6695.655895305776,6695.655895305776,6626.695360017434,6665.4189453125,590107
2019-04-11,6665.97734214813,6696.631408646739,6631.70561936623,6666.81201171875,609539
2019-04-12,6667.784197570557,6823.698898009909,6641.952923860292,6810.57470703125,929935
2019-04-15,6818.18031836999,6854.260862616494,6766.193502157004,6819.525390625,585205
2019-04-16,6835.664409809315,6933.1459233354135,6817.20702829636,6917.88818359375,707823
2019-04-18,6987.034009157034,6992.830953574488,6895.163762297452,6907.5927734375,713163
2019-04-22,6883.988259107692,6886.677951062277,6770.831890526294,6790.54150390625,479609
2019-04-23,6795.87454852046,6853.2874011059375,6498.143453928531,6537.93359375,952628
2019-04-24,6552.866479886643,6587.138199106536,6409.102247136122,6508.06787109375,1063510
2019-04-25,6506.258262703055,6627.020384882392,6367.363480303144,6404.69580078125,3075510
2019-04-26,6311.712950696928,6387.629823789178,6260.699840882331,6346.8193359375,1999920
2019-04-30,6214.325111788531,6260.700672324267,6149.399327038502,6183.16064453125,1640025
2019-05-02,6075.196762749925,6223.5523213398055,6052.0089888463,6198.78759765625,1337101
2019-05-03,6191.137205939712,6288.525881089326,6191.137205939712,6223.60009765625,795679
2019-05-06,6176.2960700477815,6244.004376567303,6158.023921243492,6223.2744140625,480317
2019-05-07,6255.969825002977,6293.394990243118,6195.774442330648,6216.1796875,586684
2019-05-08,6194.846676608779,6207.8318320920125,6136.413476934224,6168.087890625,552749
2019-05-09,6155.8916605210325,6193.919618646897,6121.573747090374,6144.71533203125,570000
2019-05-10,6142.906126318584,6181.768751533679,6098.38559271398,6150.8828125,608669
2019-05-13,6145.688668367957,6176.574607445354,6028.822267490449,6069.40087890625,555672
2019-05-14,6039.024631687805,6132.703250609701,5982.446455903293,6099.49853515625,843313
2019-05-15,6112.29833674206,6158.673893166507,5994.782495607995,6023.025390625,612357
2019-05-16,6034.386783652516,6054.14258751059,5974.46948031413,6009.94677734375,555991
2019-05-17,6026.039445008307,6297.8001895654,6014.909312125422,6220.677734375,782196
2019-05-20,6376.638987678284,6631.704547185415,6362.726320796077,6571.04541015625,1286198
2019-05-21,6589.966207331629,6620.342195127563,6323.7705280206965,6376.96337890625,973836
2019-05-22,6378.67923737146,6428.1615900698935,6345.103155874513,6399.640625,645280
2019-05-23,6488.867911333748,6538.11884326204,6334.901062665737,6426.95654296875,1364516
2019-05-24,6460.068928909957,6603.879350751795,6387.53737623454,6578.9755859375,1002742
2019-05-27,6580.691646266496,6672.422408940222,6399.873165402368,6556.06640625,1022289
2019-05-28,6554.720965982447,6613.154165481087,6521.794321820514,6543.26611328125,915732
2019-05-29,6493.5061352488265,6500.926225104845,6372.002163856511,6391.8974609375,768022
2019-05-30,6390.55246017611,6419.30530869069,6330.264229419732,6369.869140625,850456
2019-05-31,6391.479563917659,6456.683418947054,6330.263825821799,6371.86279296875,1084204
2019-06-03,6269.975283842291,6543.591069157894,6269.975283842291,6513.81787109375,1157809
2019-06-04,6492.57766502706,6584.401263432443,6466.375476593201,6540.62255859375,575281
2019-06-06,6548.414213278638,6584.401463704873,6425.797061635069,6482.09716796875,720856
2019-06-07,6483.302690594304,6483.302690594304,6365.184059581113,6444.5791015625,470376
2019-06-10,6474.027359917974,6532.738630322607,6420.231717099171,6464.7060546875,395116
2019-06-11,6483.256550477581,6509.458739682565,6427.652077541161,6472.45068359375,387309
2019-06-12,6459.00171372164,6462.851247153294,6330.309546670021,6355.30615234375,494886
2019-06-13,6346.958974286268,6366.158636774672,6275.818685967083,6292.88525390625,561159
2019-06-14,6283.887972254937,6343.248685203176,6239.692157019954,6258.28857421875,449930
2019-06-17,6260.143206671644,6277.44119777479,6084.936453847957,6104.55322265625,567397
2019-06-18,6125.7472319859935,6167.021477095143,5926.796095448633,5972.244140625,1048826
2019-06-19,6014.90996021108,6085.076089909834,5917.521286992551,5958.9345703125,715496
2019-06-20,5926.7966942029225,6167.02210011819,5880.653011020357,6137.10986328125,992450
2019-06-21,6074.269893889516,6074.269893889516,5908.431098554869,5952.0703125,1345890
2019-06-24,5946.2741883048775,6026.132991659096,5864.514168181928,5991.62939453125,911826
2019-06-25,5990.794448902837,6065.922851188195,5961.438811920447,6049.69140625,580392
2019-06-26,6046.445155441816,6082.432406720359,5991.814839567854,6010.55029296875,572239
2019-06-27,6025.298172416994,6098.385870593692,6005.634754691127,6016.48681640625,1022011
2019-06-28,6028.822279490722,6075.197835486805,6005.634501492681,6060.96044921875,618701
2019-07-01,6121.573577343528,6138.268778009011,6019.54735105447,6036.103515625,754667
2019-07-02,6038.143296866882,6111.184794074152,6012.126792349466,6084.47265625,518084
2019-07-03,6104.87858328634,6112.298672722118,6042.781528666145,6060.17236328125,517709
2019-07-04,6065.922687355714,6110.443220840893,6038.283037304846,6070.05029296875,576449
2019-07-05,6072.600965352628,6102.095637713738,5843.320036114387,5898.970703125,866460
2019-07-08,5824.8625133471205,5827.691241029961,5551.756690501461,5600.96142578125,1927495
2019-07-09,5620.717409468671,5629.9925207054175,5481.590740917466,5514.47119140625,1337999
2019-07-10,5527.039047262189,5560.429449292972,5472.315888378405,5498.193359375,809385
2019-07-11,5540.952520009476,5611.443378985156,5500.142022707765,5594.00634765625,779113
2019-07-12,5581.484306889534,5648.5431852246165,5520.500445735426,5538.5869140625,719883
2019-07-15,5546.516222579206,5654.1075071643545,5523.328445728959,5638.9892578125,675004
2019-07-16,5639.221893937422,5724.599118626962,5617.007819573053,5711.66015625,627259
2019-07-17,5720.888389117959,5726.453455644339,5611.4420807658325,5635.279296875,598778
2019-07-18,5615.523927520767,5616.729963857411,5432.897056026897,5455.94580078125,1097857
2019-07-19,5458.4032392569625,5482.4723352897745,5296.181626088083,5350.90478515625,1228672
2019-07-22,5361.0144407373145,5509.416224563954,5328.597744928162,5483.90966796875,897510
2019-07-23,5481.591030006384,5539.4676365987325,5398.300707862336,5447.96875,841517
2019-07-24,5439.852858290758,5439.852858290758,5310.27937034967,5349.88427734375,800687
2019-07-25,5369.4547827168535,5421.256369995844,5287.787155844745,5339.44970703125,990461
2019-07-26,5312.7840234429505,5523.32906068484,5271.880689947769,5384.80517578125,2346714
2019-07-29,5351.739542067037,5351.739542067037,5138.411969332996,5158.12158203125,1548125
2019-07-30,5158.816947570732,5235.661335901719,5093.891167935717,5107.94287109375,1189163
2019-07-31,5125.241021936438,5177.645402835971,5051.272006418956,5073.2080078125,1053202
2019-08-01,5073.20811531726,5207.975309491149,5054.935963798177,5168.64892578125,1134178
2019-08-02,5138.040754925025,5309.073717006032,5087.398556565005,5276.935546875,1391678
2019-08-05,5194.062487702229,5282.176047761463,5056.790836241527,5259.31298828125,1122496
2019-08-06,5231.162484918301,5425.012300405521,5231.162484918301,5410.4501953125,1125521
2019-08-07,5411.053917203631,5441.707979910714,5319.925945663453,5356.376953125,955090
2019-08-08,5310.0019498986085,5515.909449091184,5310.0019498986085,5474.4033203125,831725
2019-08-09,5507.235940287433,5708.830559223284,5497.543721467785,5657.724609375,1445079
2019-08-13,5657.540581986042,5679.151413068064,5371.727626513978,5393.8955078125,909354
2019-08-14,5447.077187392538,5580.0565006446395,5369.960417819646,5469.64794921875,1030939
2019-08-16,5459.303006185716,5637.988203631932,5257.106598549208,5619.22607421875,1207075
2019-08-19,5641.750346099357,5665.637645289012,5559.555242032528,5626.27978515625,902389
2019-08-20,5645.511587446583,5861.814713402391,5604.178697740226,5822.26904296875,2198337
2019-08-21,5852.409942801428,5902.253704165477,5775.293179936296,5857.95849609375,2128640
2019-08-22,5830.779662936459,5923.41382371053,5800.685316289045,5838.8203125,1551394
2019-08-23,5793.161675205905,5905.63938658465,5680.307876338258,5881.89306640625,1232405
2019-08-26,6075.295828719592,6081.597015814582,5751.922598998874,5883.02099609375,1552155
2019-08-27,5922.473268298131,5962.442321716578,5883.444663195412,5903.8994140625,1078065
2019-08-28,5875.921046503042,5875.921046503042,5708.5212471628465,5739.93212890625,1242304
2019-08-29,5739.932312478132,5828.8988173752105,5703.819188025275,5746.32763671875,1006756
2019-08-30,5778.114880587875,5792.456718466939,5692.439940827037,5759.07080078125,794518
2019-09-03,5675.605402304769,5764.947989416443,5644.805720958377,5689.43017578125,1173373
2019-09-04,5700.998732306896,5714.353284513276,5454.601228535137,5483.52001953125,1964992
2019-09-05,5459.302273557435,5640.808791868647,5446.3711096881125,5613.20654296875,1149196
2019-09-06,5640.526993860308,5849.588468798601,5607.046942294696,5818.5068359375,1524051
2019-09-09,5722.6281403987205,5987.787733149128,5680.30796516159,5958.21044921875,2061193
2019-09-11,5953.038253250805,6235.172767622881,5910.81221277378,6204.419921875,2492039
2019-09-12,6174.043802352135,6244.577432995913,5990.656362678309,6011.39306640625,1892862
2019-09-13,6050.845190698652,6124.9523432043015,5962.443038394382,6066.17431640625,1929801
2019-09-16,5971.753562507906,6102.570034656909,5962.537351314898,6030.86083984375,1377371
2019-09-17,6028.27416820582,6061.98933476258,5746.13965175313,5765.32470703125,1706567
2019-09-18,5797.864136271574,5841.8769358145055,5630.088240778763,5732.07958984375,1955137
2019-09-19,5773.413050574057,5807.269194868024,5588.520792950221,5616.123046875,1721431
2019-09-20,5656.796813762998,6535.927745876468,5626.185403713977,6199.388671875,4892962
2019-09-23,6278.528299791846,6583.139475990205,6278.528299791846,6487.07275390625,3140286
2019-09-24,6522.008978004808,6750.443778847263,6446.773113802878,6591.6962890625,2354230
2019-09-25,6583.138589642803,6583.138589642803,6208.840138403112,6243.16650390625,2296343
2019-09-26,6301.003862273995,6488.999393130139,6283.182182594158,6449.07763671875,1893865
2019-09-27,6451.475941893257,6503.200603234966,6333.919893389371,6370.3154296875,1457894
2019-09-30,6369.657114264854,6404.077618091655,6244.577475080264,6315.86328125,1264165
2019-10-01,6319.813292539074,6442.071585400693,6253.981904075125,6378.12109375,1473158
2019-10-03,6382.446830089571,6390.299665611068,6282.194944670783,6351.8349609375,850852
2019-10-04,6388.466169730455,6438.215799717956,6224.263782404003,6253.60595703125,1065056
2019-10-07,6277.210939655742,6300.063651440908,6167.601406248186,6235.03173828125,696713
2019-10-09,6233.291784015828,6342.195521364836,6197.5547460266,6319.3896484375,1017731
2019-10-10,6301.003676680936,6340.596642370587,6167.695128745187,6212.08447265625,985523
2019-10-11,6231.693080538899,6319.813279742833,6231.693080538899,6299.9697265625,835065
2019-10-14,6299.0764512200185,6465.159268838941,6297.289231923817,6414.892578125,963217
2019-10-15,6405.393949429419,6601.007213484818,6403.513052659656,6569.7373046875,1276061
2019-10-16,6586.383381461482,6596.210791496872,6484.391571110551,6559.62744140625,876844
2019-10-17,6561.508858584045,6729.425746237117,6526.712265812423,6699.66064453125,1248295
2019-10-18,6659.5969427657565,7006.340444837919,6641.11722390292,6867.43603515625,1463126
2019-10-22,6896.3078296592375,6951.794282945736,6801.322545219638,6824.12841796875,959552
2019-10-23,6772.215940014921,7027.030624180975,6771.228652851047,6997.17138671875,1278695
2019-10-24,7015.744830401305,7029.851555931603,6838.0000887195565,6951.22998046875,1658859
2019-10-25,6956.025609154746,7061.826039227066,6915.915582394648,7026.22998046875,1353615
2019-10-27,7031.732083388787,7053.362394732633,6951.840814983136,6980.1015625,128351
2019-10-29,6974.365180227028,7296.657023463881,6942.248959917642,7261.48388671875,1396732
2019-10-30,7282.832068006519,7291.90730280019,7090.69865257966,7106.92138671875,1243366
2019-10-31,7159.539083903583,7189.72756749264,7055.243454719396,7109.22509765625,1067275
2019-11-01,7147.361642769808,7193.490457248752,7095.777951559271,7164.94775390625,1151035
2019-11-04,7100.384669468321,7170.918292012709,6966.323947900264,6981.88818359375,824953
2019-11-05,6987.4851807195355,7092.815407661612,6888.784931702743,6948.9736328125,1207089
2019-11-06,6954.614980329902,6973.423945793946,6860.570153009688,6875.75830078125,923041
2019-11-07,6918.878396280696,6918.878396280696,6809.7863894887205,6853.18798828125,877885
2019-11-08,6852.529997031073,6931.104272229646,6750.585029517871,6771.7451171875,983936
2019-11-11,6733.61056947334,6806.448482010214,6652.7320067673745,6712.26220703125,864507
2019-11-13,6705.397104040294,6742.8740646882525,6672.48140998119,6728.5322265625,687017
2019-11-14,6733.610328898827,6837.0596495942,6733.610328898827,6815.5703125,802462
2019-11-15,6865.273080736789,6920.759534403018,6692.4188545223,6721.57275390625,1049492
2019-11-18,6724.206005162054,6749.598111754974,6653.6723757372765,6675.72607421875,537228
2019-11-19,6720.4437313475655,6728.907766273696,6613.232622283247,6625.8818359375,755114
2019-11-20,6695.992794510852,6788.156740277996,6624.518714120006,6726.79248046875,1289948
2019-11-21,6724.205604251933,6771.228021064884,6587.652322145809,6601.0537109375,763454
2019-11-22,6615.114213320487,6655.976881017852,6583.138966909782,6639.9892578125,685503
2019-11-25,6653.860656288662,6830.946905074539,6621.038639998204,6805.1787109375,952419
2019-11-26,6806.96450095943,6840.820638294956,6662.135469024122,6700.69384765625,1249810
2019-11-27,6739.816752564235,6865.272461597152,6739.816752564235,6860.005859375,1070680
2019-11-28,6865.084666537631,6885.116491870515,6790.930681665991,6828.83056640625,602077
2019-11-29,6822.012707165827,6859.489667821015,6707.278002137673,6814.34814453125,792083
2019-12-02,6856.808840186113,6860.429658132205,6683.53123371179,6714.18994140625,703838
2019-12-03,6717.293181197131,6808.845918082727,6639.565218461886,6713.67236328125,668269
2019-12-04,6705.208834930715,6743.015044383903,6632.0421329142655,6654.70703125,737723
2019-12-05,6667.778147495282,6700.834811914781,6574.250384580074,6595.22265625,602894
2019-12-06,6595.222909652415,6630.160471929803,6455.3312259361655,6476.58544921875,770911
2019-12-09,6589.721175158713,6684.706452551467,6538.325767895267,6578.20068359375,1479832
2019-12-10,6601.007033524746,6629.173645565385,6493.795920571074,6548.953125,790378
2019-12-11,6583.1385175080095,6616.054210095549,6541.006614677278,6576.74365234375,603048
2019-12-12,6611.728006744749,6626.352254150689,6560.097484024027,6582.9501953125,932863
2019-12-13,6624.471416205096,6817.310168948509,6611.492953301202,6785.2880859375,1199360
2019-12-16,6808.8471322430105,6825.493254355394,6700.695554866223,6714.84912109375,727854
2019-12-17,6780.538605633977,6843.172558866864,6739.253014064447,6766.6669921875,939918
2019-12-18,6790.036865297251,6822.905717737862,6737.371759416828,6809.45703125,841740
2019-12-19,6817.263027822102,6874.677214033643,6739.252656055415,6809.45703125,1001697
2019-12-20,6809.456990506903,6869.363731768754,6797.090187022847,6829.0654296875,679779
2019-12-23,6841.762445321341,6939.19299617717,6818.345370854312,6922.546875,914067
2019-12-24,6956.496692283919,6981.606847803014,6867.154095857399,6891.41748046875,850537
2019-12-26,6897.248216258514,6906.135636869699,6791.918000793426,6809.6923828125,556360
2019-12-27,6835.178636855731,6929.693696432507,6819.5671023387085,6907.4990234375,665383
2019-12-30,6938.6284339183385,6989.365809794018,6904.396203314625,6974.6005859375,739631
2019-12-31,6971.074169533903,6971.074169533903,6917.23349550951,6929.78857421875,560622
2020-01-01,6937.687460607671,6968.675417344028,6848.3917063170675,6876.2763671875,634725
2020-01-02,6891.2292061223225,6929.2232264353015,6876.558120479767,6893.34521484375,616838
2020-01-03,6892.499235210516,6895.367419045301,6795.679892256048,6822.24755859375,571967
2020-01-06,6771.227432054794,6780.631914599315,6608.059659907362,6623.0126953125,748516
2020-01-07,6677.183213081928,6738.876716018104,6607.966123426787,6652.35546875,590500
2020-01-08,6639.565122094601,6692.84142744469,6564.752642112652,6616.2421875,793313
2020-01-09,6714.801475591781,6808.846314185504,6679.064436926166,6797.466796875,798184
2020-01-10,6828.971470960417,6912.2011488886255,6803.579365829777,6893.95654296875,747847
2020-01-13,6895.367008957833,6931.104044738029,6846.275423494253,6914.83447265625,537399
2020-01-14,6916.997248047119,6970.978888638539,6889.348159861589,6946.9033203125,548522
2020-01-15,6948.9259805938555,7058.064827320337,6915.116678918912,7037.328125,692726
2020-01-16,7012.45266299155,7073.111577597995,6979.255022089795,7018.236328125,640207
2020-01-17,7024.208174236574,7119.099313455029,6989.928650891202,7072.31201171875,750738
2020-01-20,7073.347883147828,7081.106582836838,6979.114765061782,7005.96484375,407828
2020-01-21,6970.133528289676,6991.904817570227,6853.799873995183,6867.765625,442561
2020-01-22,6902.8911318817145,6935.759986552041,6684.66026826697,6710.66357421875,1048435
2020-01-23,6719.880057908662,6790.037601980316,6698.955080534138,6721.47900390625,589326
2020-01-24,6723.077700013414,6780.633328871861,6687.764044374483,6703.93994140625,645723
2020-01-27,6678.594124054641,6794.739498175707,6640.505964929919,6723.0771484375,573149
2020-01-28,6752.373137646035,6789.991076233154,6548.342659552805,6580.36474609375,1614448
2020-01-29,6592.543244475519,6692.46588637645,6559.627550672859,6592.8251953125,1001252
2020-01-30,6601.947708292501,6629.220711645847,6565.27022102421,6602.37109375,579174
2020-01-31,6616.055016975957,6643.328022731793,6484.909293548019,6501.79052734375,868935
2020-02-03,6376.240095682597,6625.31794406331,6376.240095682597,6593.765625,1010531
2020-02-04,6601.947434824566,6785.334863569693,6584.078916126323,6770.85205078125,973311
2020-02-05,6785.334684765624,6800.946218847044,6607.213863329134,6621.6025390625,718489
2020-02-06,6653.671997895445,6696.321421906358,6561.3197873316785,6603.4521484375,875714
2020-02-07,6619.815952479538,6630.160884355838,6522.009323830885,6556.57080078125,645814
2020-02-10,6559.626913138583,6572.887326050959,6443.105460242626,6482.416015625,593773
2020-02-11,6536.115388139772,6666.837695902568,6500.660305158779,6614.8779296875,743160
2020-02-12,6635.897878016547,6686.587953644442,6590.615380550883,6623.85986328125,599364
2020-02-13,6630.161033383981,6635.803723625158,6512.604986692775,6587.8876953125,723169
2020-02-14,6583.184955139643,6666.791176580616,6490.033734473809,6502.0712890625,614859
2020-02-17,6507.902346436457,6564.3292453939985,6470.284413798096,6495.44140625,463548
2020-02-18,6512.604341484219,6517.306582886013,6334.671343159042,6377.27392578125,830678
2020-02-19,6442.071182279306,6446.726585282126,6230.094216530803,6354.2333984375,1033939
2020-02-20,6358.371260657398,6402.148947436604,6319.812878511716,6355.173828125,682513
2020-02-24,6310.408167331113,6310.408167331113,6056.298849996618,6085.07666015625,1091346
2020-02-25,6117.992558169641,6122.318712387716,5996.8156973441655,6032.552734375,964897
2020-02-26,5971.847226867814,5989.574770712644,5817.660530927438,5863.5546875,1580738
2020-02-27,5858.993305132705,5960.608567136712,5799.5567848728315,5915.23193359375,1492657
2020-02-28,5796.030051781044,5988.163926268626,5739.7445850854765,5908.93115234375,1468843
2020-03-02,6019.763579029698,6056.064521169595,5877.802704430947,5910.859375,1219764
2020-03-03,5941.753156561505,6039.700768306765,5906.486340580015,6005.75048828125,849199
2020-03-04,6009.465297106748,6041.440542819053,5839.244136108889,6004.15185546875,904360
2020-03-05,6030.0609845678955,6079.058437889694,5953.22662605901,5986.84765625,645853
2020-03-06,5827.3947937259545,6094.106071020549,5736.876628705008,6062.083984375,1140899
2020-03-09,5925.765153029724,5994.41788373456,5717.361703323425,5831.814453125,1082030
2020-03-11,5793.161669455914,5935.1225274885865,5741.437011692915,5780.27734375,937029
2020-03-12,5585.604497135473,5585.604497135473,5224.7074560256715,5307.0908203125,1345964
2020-03-13,5008.075762017274,5702.40859859537,4517.02028625906,5490.90185546875,1480205
2020-03-16,5302.8116760877765,5349.269728513754,5078.420628335842,5153.8916015625,933412
2020-03-17,5174.346695315543,5404.709696702699,5174.346695315543,5270.2255859375,1238640
2020-03-18,5333.282440511403,5350.022236981934,4996.17855540154,5033.890625,973395
2020-03-19,4579.982906533631,4793.08856852223,4375.482254058549,4532.537109375,2554559
2020-03-20,4579.043153170838,4913.842775789203,4526.001956484321,4776.7255859375,1614552
2020-03-23,4302.551151895283,4504.74754482588,3894.396572677238,3969.021240234375,1531965
2020-03-24,4082.486499061301,4297.849182379669,3790.0070470437786,4219.27490234375,1746431
2020-03-25,4174.650049170002,4852.148920028618,4053.4263538202954,4707.83740234375,1728819
2020-03-26,4725.236176951296,4815.095838458385,4467.12992825729,4587.50732421875,1338787
2020-03-27,4796.2869249485,4830.613292156466,4283.74253787067,4369.41748046875,1339426
2020-03-30,4314.259183913217,4363.632713327636,4015.7137257060785,4070.68310546875,1528082
2020-03-31,4184.994992278909,4201.969900644932,3959.2873971897097,4032.92431640625,2140261
2020-04-01,4034.523378590874,4161.342929080245,3940.5726812657444,3993.472900390625,1323842
2020-04-03,3996.9055791990604,4012.8932015158566,3762.828071354393,3772.608642578125,1724808
2020-04-07,3902.8612060530513,4338.194717171887,3874.647751551463,4282.47314453125,2688172
2020-04-08,4144.085492504502,4631.707942944439,4144.085492504502,4418.3203125,2798833
2020-04-09,4508.933082662986,5077.4809877257985,4454.151962541662,5009.439453125,3786650
2020-04-13,4970.269218054045,5025.191306409108,4703.181903403648,4968.529296875,2192268
2020-04-15,4991.430059169227,5031.399117579908,4740.800551723424,4790.92626953125,2094519
2020-04-16,4718.229597736098,4916.664209081986,4674.028523170901,4825.25244140625,1752169
2020-04-17,5007.887744539765,5269.285561760028,4901.335124191731,5177.16845703125,2192902
2020-04-20,5183.751276651184,5242.012235294138,4965.567260652803,5013.859375,1555307
2020-04-21,4825.7229686660985,4825.7229686660985,4593.620473884017,4703.27685546875,1843169
2020-04-22,4710.706113569343,4935.708396993473,4693.778042089158,4872.322265625,1991584
2020-04-23,4861.177341064875,4932.275325531668,4744.561749984967,4849.28076171875,1454061
2020-04-24,4796.287295358365,4833.905234929803,4730.4559011083475,4745.173828125,1070808
2020-04-27,4843.403365049196,4913.842857908503,4694.294996681006,4755.236328125,1432313
2020-04-28,4786.882251812682,4815.095703198611,4693.072525954466,4751.8037109375,1172062
2020-04-29,4796.287176356956,4796.287176356956,4712.6341016291535,4766.6162109375,1038094
2020-04-30,4816.977269426329,5101.933168027691,4816.977269426329,5039.67529296875,2341081
2020-05-04,4792.524698860074,4824.735054224273,4551.7699259189085,4595.3125,1742771
2020-05-05,4697.539564393102,4730.03187159262,4514.15213395133,4542.224609375,1570620
2020-05-06,4552.898924640071,4702.241945136272,4429.511912318369,4554.82666015625,2214528
2020-05-07,4607.726718093518,4641.441883481203,4453.022963602982,4466.47119140625,1530808
2020-05-08,4583.745463846477,4588.447705807747,4361.329419078383,4376.98779296875,1828141
2020-05-11,4467.13006152514,4715.972809003609,4448.462068269469,4643.74609375,3176473
2020-05-12,4621.363353530708,4688.135188716032,4410.749754500746,4656.44189453125,3124672
2020-05-13,4937.353699117495,5000.787122228422,4689.310453757068,4736.19189453125,3304845
2020-05-14,4612.89944387656,4838.607061925566,4563.196653644687,4809.5,2590674
2020-05-15,4805.690504315732,4818.104604759646,4665.704692011797,4796.662109375,2182462
2020-05-18,4777.853435064124,4791.584072037604,4401.81509176042,4439.8095703125,3164086
2020-05-19,4553.650868273495,4608.196872065288,4472.537198841733,4519.13623046875,2108177
2020-05-20,4470.890957462206,4627.005366157772,4462.897147378396,4600.6259765625,1518296
2020-05-21,4598.7929955751,4771.647239825599,4562.162344168268,4749.35888671875,1868166
2020-05-22,4711.646871540077,4843.30965836954,4637.116329709827,4828.54443359375,1935875
2020-05-26,4890.330827620516,4971.021102594958,4853.324097690086,4933.732421875,1508751
2020-05-27,4956.162972761775,4975.912388782268,4829.578528713573,4932.08740234375,1534655
2020-05-28,4953.341792047115,5167.764030244712,4909.140716629189,5142.701171875,2325084
2020-05-29,5054.90994061571,5329.285749950526,5054.90994061571,5276.66748046875,3386733
2020-06-01,5351.15196312472,5515.401201751486,5329.427510941659,5448.58251953125,2340994
2020-06-02,5452.484785265149,5500.682766420742,5290.116458637266,5351.24560546875,2110719
2020-06-03,5388.769068494121,5484.69480060344,5272.153472596517,5289.08154296875,1652859
2020-06-04,5321.057220601826,5379.318184561754,5240.178655566167,5351.33984375,1642049
2020-06-05,5387.170488768822,5440.494097747,5333.377114785006,5404.0048828125,1236658
2020-06-08,5501.622542437677,5501.622542437677,5361.965970206566,5393.28271484375,1176769
2020-06-09,5411.339388378625,5442.374181534081,5285.319319201924,5325.10009765625,1336806
2020-06-10,5318.235558361334,5398.173670202309,5280.617623377346,5337.60888671875,1432292
2020-06-11,5301.307296345506,5350.210610060241,5078.702990428074,5103.013671875,1766481
2020-06-12,4891.271834316846,5274.3162609253295,4891.271834316846,5230.53857421875,2064628
2020-06-15,5191.274996575811,5252.40414055723,5070.003995719046,5149.66015625,1530562
2020-06-16,5257.106834748102,5278.3137636112315,5078.421629273659,5174.53564453125,1184933
2020-06-17,5120.741063256219,5467.249427792764,5120.741063256219,5385.1953125,3454833
2020-06-18,5355.853051129826,5415.101293837671,5305.068843094529,5374.09765625,1580214
2020-06-19,5408.5186086872145,5581.561109817182,5367.138880156135,5546.1533203125,1854589
2020-06-22,5548.645582677875,5619.1792129661535,5460.5726814985765,5544.8837890625,1497563
2020-06-23,5548.644782088783,5649.461020115835,5513.42481076524,5535.94873046875,1398070
2020-06-24,5584.381666447073,5584.381666447073,5388.76843192013,5412.60888671875,1268449
2020-06-25,5338.925444806837,5498.613395796678,5314.473786965552,5419.1455078125,1266203
2020-06-26,5454.600346936014,5464.0048302928,5355.853271689758,5412.18603515625,1063057
2020-06-29,5388.768739717307,5454.600120481741,5313.532875986524,5340.52392578125,1102655
2020-06-30,5407.5772583019025,5524.663061546874,5343.109716582048,5490.61865234375,2015814
2020-07-01,5490.619129658839,5534.538248977745,5431.0889359127395,5457.515625,1284965
2020-07-02,5501.622640679287,5605.07195529035,5419.615363960842,5594.2099609375,1470941
2020-07-03,5594.2099177601895,5631.968825461141,5532.704231094431,5578.83349609375,1059779
2020-07-06,5608.316498495126,5781.594094685997,5572.1560783224295,5758.92919921875,1385081
2020-07-07,5774.353113896194,5877.802436783585,5729.822790794458,5855.93701171875,1799721
2020-07-08,5855.937148813577,5863.6958482117725,5663.944697364357,5684.4462890625,1204072
2020-07-09,5717.926115039739,5732.973289026686,5578.1285560579245,5644.900390625,1043427
2020-07-10,5623.881455790035,5722.722674888816,5568.394999955318,5600.9814453125,1168821
2020-07-13,5642.690008654592,5698.411572490057,5574.789455202466,5632.2041015625,1035069
2020-07-14,5596.608080051138,5603.896554697483,5407.577963416912,5428.03271484375,1602929
2020-07-15,5464.003860092642,5529.646958585965,5412.279210814656,5455.82177734375,1246705
2020-07-16,5463.0640554415095,5567.453814462685,5409.458503511717,5525.462890625,1018658
2020-07-17,5546.764247633616,5601.310250747001,5502.563176145182,5566.98388671875,810152
2020-07-20,5581.560334669259,5582.500782914359,5465.885200521943,5518.080078125,912610
2020-07-21,5566.983718317191,5783.757051719018,5548.644976445887,5765.74755859375,1854694
2020-07-22,5752.722722793066,5764.008103318408,5585.981409212462,5645.8876953125,1140092
2020-07-23,5654.915482458196,5727.329999695728,5612.548471314164,5704.71240234375,701651
2020-07-24,5652.094618840868,5687.220456773658,5578.833783758449,5643.3486328125,793324
2020-07-27,5650.2134908898815,5701.797172939478,5575.024464233096,5683.4111328125,902597
2020-07-28,5689.712255387235,5943.962546937632,5671.9847129657455,5908.6484375,1774828
2020-07-29,5896.564259687299,5920.122306949444,5754.556560187798,5816.81396484375,2057197
2020-07-30,5815.779589111325,6012.897660330766,5802.613311862742,5892.28515625,2217867
2020-07-31,5891.908977560776,5999.919563587047,5839.243869381462,5889.79296875,1613555
2020-08-03,6000.0608696272,6054.08981458754,5760.293363263823,5798.052734375,1836582
2020-08-04,5829.8397403696345,5997.098583270913,5816.673462523986,5980.2646484375,1223516
2020-08-05,6008.430878878544,6204.796786463368,6000.060979697376,6137.6015625,2278663
2020-08-06,6145.783583116882,6193.652315832069,6051.221219007635,6165.3447265625,1233252
2020-08-07,6111.033721891844,6347.556495215297,6095.845572026052,6281.2548828125,1567980
2020-08-10,6291.600050003594,6327.995588234278,6184.388928075283,6215.32958984375,1601750
2020-08-11,6268.088882209606,6313.700631765069,6217.304666209708,6253.22998046875,880808
2020-08-12,6216.316917201332,6374.405921604692,6199.529821874512,6329.49951171875,1114981
2020-08-13,6386.101978554832,6426.003364615568,6314.981156455494,6387.71484375,1087096
2020-08-14,6395.638249729445,6400.525031986427,6217.290852372658,6251.59423828125,905793
2020-08-17,6319.7258904275905,6443.03664324779,6251.594496341819,6422.58740234375,1028536
2020-08-18,6422.5870354686795,6571.0910963328715,6415.470227440044,6540.916015625,1322527
2020-08-19,6570.2375015489515,6656.303622958542,6533.277357999726,6633.14990234375,1326450
2020-08-20,6539.018386218818,6641.40544130411,6528.53267742461,6618.34716796875,958157
2020-08-21,6687.901476005665,6704.032906921116,6595.857429017506,6616.7333984375,971836
2020-08-24,6628.120654245168,6737.245045832598,6599.653421657144,6720.63916015625,961177
2020-08-25,6737.245681633725,6809.0781906432985,6714.139683002468,6746.6875,1047620
2020-08-26,6746.73439733198,6792.281971322407,6615.785122109503,6650.5625,992395
2020-08-27,6683.157242040562,6763.529913303516,6605.15684013798,6735.34716796875,1158891
2020-08-28,6760.967332080252,6790.383470647899,6669.350479391001,6741.13525390625,1019984
2020-08-31,6773.303711150126,6794.1796822408105,6443.510998639711,6490.48193359375,1580774
2020-09-01,6509.934354758334,6660.099006102119,6454.470511471903,6552.82470703125,1117127
2020-09-02,6552.6824771040665,6623.376104581332,6502.295382839405,6567.1533203125,776392
2020-09-03,6571.1857610296665,6753.281054289484,6567.152903342392,6711.24462890625,947751
2020-09-04,6628.121101571613,6949.800851526197,6609.190205289399,6822.7421875,2185292
2020-09-07,6855.858150845764,6927.026228536204,6765.000238327635,6840.81787109375,1348919
2020-09-08,6851.114036923363,6906.150687081473,6772.971390109687,6854.90966796875,1145062
2020-09-09,6832.135602543224,6885.606645377121,6757.361859337819,6846.6064453125,1273303
2020-09-10,6892.866205068202,6926.457448257623,6801.771056983601,6862.1689453125,978701
2020-09-11,6908.00126642349,6974.377086558766,6808.41321119243,6826.06298828125,1383019
2020-09-14,6850.164540131651,6869.7121310013135,6723.010911044847,6764.62060546875,1003491
2020-09-15,6797.974776473273,6808.412761194268,6647.098451869804,6692.4560546875,894418
2020-09-16,6712.573534305355,6802.7197720434115,6681.259578038452,6697.34375,920570
2020-09-17,6689.32498275027,6749.485639626923,6586.368494966965,6723.81787109375,1133411
2020-09-18,6782.793120322427,6783.74202814564,6577.449560046038,6608.90576171875,1143550
2020-09-21,6608.904590051396,6629.922801942534,6253.301446346057,6288.36376953125,1290480
2020-09-22,6333.959406443216,6344.350131926662,5989.838094054316,6111.48779296875,2665724
2020-09-23,6131.841899704251,6215.298521911673,6054.031463960557,6169.1337890625,1456226
2020-09-24,6106.2213721992075,6155.374608323304,5949.793836920619,5975.9365234375,1237674
2020-09-25,6068.264766905959,6185.5021283982605,6007.5346738517,6165.7177734375,1316468
2020-09-28,6242.8647238759695,6376.660730270029,6208.03962056608,6360.529296875,1099583
2020-09-29,6404.178720605001,6465.1933066057045,6330.163912454581,6398.248046875,1199391
2020-09-30,6367.170960015744,6433.547242018901,6330.163558012672,6398.912109375,812841
2020-10-01,6488.82112862889,6556.003611656217,6429.229444229382,6449.0615234375,1255993
2020-10-05,6514.251962673841,6526.208293465845,6400.3830281478595,6470.4599609375,833476
2020-10-06,6507.609617845743,6585.230089662931,6481.040199750135,6540.251953125,756192
2020-10-07,6566.442089208249,6708.778261662185,6514.773873273913,6686.8583984375,1101957
2020-10-08,6727.756321531184,6775.201711668921,6662.2816831411055,6718.125,851205
2020-10-09,6699.289120179041,6793.230993110729,6643.303559542984,6701.56640625,839682
2020-10-12,6746.734161844336,6789.4350109699335,6647.098847217943,6772.0224609375,799712
2020-10-13,6770.456321047998,6817.9017052179215,6663.229752823972,6673.57275390625,819414
2020-10-14,6680.310757834999,6713.522530068553,6573.511372743218,6644.58447265625,779630
2020-10-15,6669.872823797317,6689.704903846058,6507.32510548647,6540.44189453125,681316
2020-10-16,6542.719495168637,6623.376660808859,6512.354444574671,6542.62451171875,657914
2020-10-19,6618.631565816472,6623.37610457333,6476.295403110742,6501.86865234375,548457
2020-10-20,6468.703610232205,6593.959423133871,6462.0612565177225,6494.8935546875,659864
2020-10-21,6551.259555332718,6592.632028737114,6419.029158634129,6511.26318359375,911967
2020-10-22,6479.14243342714,6509.507482910102,6429.040287113805,6463.53271484375,584523
2020-10-23,6507.60947151172,6760.683358515169,6482.93786954915,6740.3291015625,1758998
2020-10-26,6737.244818223408,6795.412676179601,6580.722304331284,6694.35400390625,1559351
2020-10-27,6705.931057284032,6841.387638354826,6692.646348807738,6792.6611328125,1461819
2020-10-28,6827.34408724854,6957.391710691627,6746.73418753648,6818.8984375,1645177
2020-10-29,6750.530359572067,6831.187525802546,6629.734577127512,6754.04150390625,1434852
2020-10-30,6717.364670873366,6746.733548658511,6529.433691746724,6609.2841796875,1360249
2020-11-02,6684.959641844905,6693.025357148649,6500.017627135224,6517.43017578125,1059351
2020-11-03,6585.4196459931845,6607.481750714992,6502.342959567835,6560.13134765625,926491
2020-11-04,6560.1311991087905,6693.594975640179,6556.477811764363,6598.75146484375,901404
2020-11-05,6661.332299879927,6741.894473916831,6623.043780104871,6730.41259765625,843221
2020-11-06,6729.653790106784,6770.456823521137,6537.9744238347075,6554.67529296875,1378439
2020-11-09,6632.817740871301,6673.288562695147,6466.806148969569,6521.0361328125,1479540
2020-11-10,6616.828102189666,6617.682026417622,6415.991888448158,6446.35693359375,1695413
2020-11-11,6508.558280907668,6551.25912981288,6408.069042484177,6506.99267578125,1481918
2020-11-12,6506.660437545873,6575.930703251116,6444.9814338357255,6487.5400390625,1418041
2020-11-13,6528.485320978815,6528.485320978815,6439.287992465442,6461.35009765625,970632
2020-11-14,6500.018277812489,6509.412372145764,6485.784661145746,6502.1533203125,128193
2020-11-17,6514.2524246381145,6639.4132780470445,6512.354608928095,6624.7529296875,1243068
2020-11-18,6623.328960925175,6708.777920104413,6593.01117240247,6693.8798828125,1400300
2020-11-19,6671.77053830918,6765.712407643927,6561.887203754206,6607.529296875,1305695
2020-11-20,6603.970821856174,6661.332481334546,6551.259181073177,6609.94921875,923474
2020-11-23,6680.310409287682,6684.106040202049,6578.397811903671,6630.72998046875,735755
2020-11-24,6689.799625562818,6840.675957543595,6689.799625562818,6792.6611328125,1910670
2020-11-25,6879.581585533749,6881.811611542044,6658.486066991768,6695.208984375,947742
2020-11-26,6718.266787785503,6735.347127076483,6550.310118090865,6636.89794921875,1068945
2020-11-27,6680.595280336649,6747.683245938496,6575.930937189393,6676.3251953125,2123905
2020-12-01,6776.909228799101,6776.909228799101,6618.821567262197,6738.8583984375,1076695
2020-12-02,6746.734594663889,6851.114454778239,6741.990055567782,6838.30419921875,1106734
2020-12-03,6879.581031840586,7385.206607654426,6879.201561415944,7343.69189453125,3846792
2020-12-04,7399.582456153305,7479.90740258802,7250.841169925807,7404.46923828125,2393536
2020-12-07,7428.8090932336345,7434.692506843183,7297.100877807795,7347.7724609375,1037296
2020-12-08,7352.137296428924,7603.7400953661945,7306.589724122705,7366.08642578125,1885285
2020-12-09,7377.757873050232,7401.433307121091,7298.998528553361,7315.3671875,822760
2020-12-10,7363.5247644939245,7448.926469236767,7316.079372970124,7340.7509765625,1186739
2020-12-11,7382.4554741364645,7397.400772088077,7306.590109677106,7338.42578125,706875
2020-12-14,7410.969273324458,7425.202889086285,7263.888577118915,7303.552734375,1038032
2020-12-15,7303.552454985116,7391.9908362023525,7250.176397920112,7368.50537109375,891801
2020-12-16,7420.458175885464,7495.421883800419,7373.012791129163,7398.0166015625,963504
2020-12-17,7401.3857259550805,7431.750775019286,7235.421847330305,7300.896484375,734075
2020-12-18,7319.874391695121,7332.2101924589315,7156.425031574628,7173.50537109375,1078328
2020-12-21,7173.742817626581,7210.7502210508455,6906.245807080535,6999.23876953125,970306
2020-12-22,7002.939646749104,7057.976299799436,6836.9757632347955,7017.552734375,1138240
2020-12-23,7022.296772992329,7169.56744013095,7016.223856100129,7069.3154296875,951805
2020-12-24,7123.6880888467895,7147.885237771575,7035.392403299903,7065.61474609375,589281
2020-12-28,7083.59690526391,7157.611715526547,7073.158919201231,7100.67724609375,521320
2020-12-29,7135.786782863234,7159.509478284987,7039.282672553986,7071.59326171875,538719
2020-12-30,7113.962103283906,7244.911385697295,7050.3852777643615,7223.9404296875,1029800
2020-12-31,7225.60062406225,7303.743273382666,7192.721061743616,7258.76513671875,908515
2021-01-01,7262.939910671695,7352.611692950042,7259.144279675786,7298.333984375,767574
2021-01-04,7343.597562999586,7358.97005489996,7252.122942515679,7308.7724609375,598645
2021-01-05,7268.633262837024,7280.96906341364,7198.414090323977,7264.31591796875,562668
2021-01-06,7262.940055262074,7353.086293209539,7169.472640127071,7238.837890625,840678
2021-01-07,7283.8159923641215,7310.764880179779,7166.246413137472,7179.4833984375,642968
2021-01-08,7211.699133358494,7648.196712482823,7211.699133358494,7605.40087890625,2557157
2021-01-11,7685.203708250775,7864.547269290335,7479.670201186286,7812.1201171875,2182019
2021-01-12,7744.035844980829,7903.45234074811,7724.1087830099195,7769.70361328125,1514072
2021-01-13,7769.657103276326,7828.489387155556,7696.5912023295405,7723.96728515625,877225
2021-01-14,7747.641534649249,7762.065117266706,7613.513799653043,7733.076171875,718274
2021-01-15,7740.382853541271,7799.547345133658,7591.3093515527025,7614.74755859375,751177
2021-01-18,7601.700060191414,7613.988601008606,7349.290596203034,7430.564453125,771183
2021-01-19,7496.370999079534,7582.057180988639,7434.6919971883735,7517.81640625,779892
2021-01-20,7479.2906809709675,7752.576105497691,7458.651937972855,7728.80615234375,999226
2021-01-21,7785.787745605151,7844.620023512222,7611.6159211025115,7664.09033203125,769494
2021-01-22,7671.919133319522,7883.5255608681,7591.26197483688,7637.6162109375,1172914
2021-01-25,7702.284524968384,7747.547611846964,7543.911907617023,7573.70751953125,753043
2021-01-27,7584.572279770359,7676.663590288173,7420.932955234692,7468.7578125,1080785
2021-01-28,7439.436421064769,7576.600844744615,7175.640078583136,7200.7861328125,2085637
2021-01-29,7292.356947545802,7292.356947545802,6803.669396734339,6838.44677734375,3069968
2021-02-01,6894.004923742989,7093.085588780841,6786.588378723823,7021.7275390625,1611478
2021-02-02,7149.925543983139,7372.776641410066,7107.461918422071,7263.60498046875,1700845
2021-02-03,7287.610825467574,7322.198694992285,7093.89141943392,7201.4501953125,1491567
2021-02-04,7211.699448830171,7368.269239495562,7144.374253510493,7249.65576171875,1198036
2021-02-05,7287.612432588206,7340.751273242495,7079.801609315183,7111.2578125,1128089
2021-02-08,7131.041685562375,7247.757337900922,7092.610921987489,7187.5966796875,912372
2021-02-09,7193.669682484178,7287.611550122476,7187.027328206723,7237.36669921875,925127
2021-02-10,7216.634036381549,7282.772634336875,7122.549454078781,7232.291015625,1015600
2021-02-11,7211.698880698029,7348.341596332308,7181.001622400917,7275.60791015625,818869
2021-02-12,7230.77232827943,7282.867273175828,7141.385029312893,7181.80859375,756833
2021-02-15,7211.699441680546,7258.290908371868,7192.721285255072,7208.5205078125,470093
2021-02-16,7248.706130811331,7400.531367220522,7235.658649557416,7303.7900390625,1321126
2021-02-17,7287.564169288566,7298.523868331182,7089.574199046976,7119.8447265625,1023548
2021-02-18,7187.833755112613,7191.818889547173,7078.851610506609,7114.48291015625,821462
2021-02-19,7067.4655297308145,7103.90349779734,6912.793553180583,6948.85205078125,1013887
2021-02-22,6948.851139836216,6950.748955250619,6695.492782013429,6724.38720703125,1502068
2021-02-23,6755.0846577383645,6758.453558426917,6583.52231292254,6614.36181640625,1589884
2021-02-24,6552.207698058702,6676.514607319482,6526.11273619098,6597.7080078125,1225254
2021-02-25,6704.03352462705,6707.829155780412,6561.697356375945,6576.26318359375,1740066
2021-02-26,6547.4638837281655,6713.52275034446,6473.639041503165,6515.34326171875,2687534
2021-03-01,6620.529395992961,6673.525986691296,6563.642190838607,6656.587890625,1417600
2021-03-02,6699.288367364882,6865.347214997864,6670.821136342085,6845.51513671875,1395296
2021-03-03,6875.406454200905,6891.252936474065,6738.384260431013,6760.68359375,796258
2021-03-04,6718.2672218997795,6808.603429765094,6652.792583720247,6767.23095703125,906310
2021-03-05,6765.712301238749,6941.260236123625,6708.777835870681,6878.63232421875,1821165
2021-03-08,6893.719712227893,6963.843901186708,6847.318216647152,6888.595703125,977572
2021-03-09,6954.924733478464,6954.924733478464,6885.274993657034,6928.49755859375,678485
2021-03-10,6946.0048353413,7009.581655555489,6880.530199598329,6900.55224609375,659270
2021-03-12,6927.0258662034275,6939.361665691187,6700.616407553632,6733.638671875,946720
2021-03-15,6779.946146005967,6796.9792261359935,6652.792502399977,6727.091796875,700250
2021-03-16,6737.245706617142,6832.136491217384,6737.245706617142,6784.9755859375,796357
2021-03-17,6794.179125367188,6803.620942306506,6683.63137842511,6703.70068359375,688581
2021-03-18,6760.967692614984,6871.98989893582,6699.2886891034095,6750.29248046875,984545
2021-03-19,6699.241938936353,6784.6436426062455,6552.682941027076,6750.10302734375,838756
2021-03-22,6741.041137123746,6777.574088106187,6689.990081863659,6738.431640625,533767
2021-03-23,6773.30357956275,6855.858554544812,6765.712317495434,6819.08837890625,757590
2021-03-24,6771.405448113536,6792.660888243537,6689.752124645201,6705.171875,457147
2021-03-25,6689.800218267332,6698.3403887587365,6410.109634673814,6440.09521484375,1338767
2021-03-26,6537.025502941657,6546.467320406755,6425.0543882157,6437.8173828125,911299
2021-03-30,6463.0103371562245,6523.740429885339,6395.637890534863,6501.7255859375,1088817
2021-03-31,6502.20070070127,6585.32511624017,6448.018436254242,6508.74853515625,735382
2021-04-01,6594.90867407792,6634.288344577811,6504.762440403474,6570.14208984375,660759
2021-04-05,6555.529319744134,6555.529319744134,6381.025273755492,6422.7294921875,668129
2021-04-06,6469.890400354764,6497.12423867701,6376.660211987535,6406.36083984375,628262
2021-04-07,6443.0843520973685,6533.230598555285,6428.897994294899,6514.25244140625,598115
2021-04-08,6529.434041782258,6584.755176698087,6459.072626790526,6478.05078125,604553
2021-04-09,6500.018470306721,6523.978392405296,6431.697108283059,6478.28857421875,641327
2021-04-12,6395.49627561731,6395.49627561731,6169.940708088701,6187.4482421875,1020746
2021-04-13,6186.878227991345,6495.652702101936,6138.29396822941,6467.56494140625,995718
2021-04-15,6496.791847961529,6497.029074897355,6216.294626374544,6304.7802734375,1267365
2021-04-16,6333.959119106295,6438.196726265024,6268.531745568651,6308.43359375,1000325
2021-04-19,6168.232349418086,6196.367370462529,6087.242983387002,6179.0498046875,772219
2021-04-20,6277.024779503361,6337.470388639531,6223.4587515692165,6307.0576171875,914142
2021-04-22,6287.415513393032,6333.864269917349,6210.601245428857,6310.33154296875,667911
2021-04-23,6224.835130387643,6371.63135149421,6224.835130387643,6335.00341796875,709306
2021-04-26,6348.3823671459095,6442.134260907631,6262.790708792218,6299.703125,937344
2021-04-27,6329.167839401855,6366.222504088369,6207.754899649144,6233.13818359375,1610651
2021-04-28,6233.137888614708,6310.236644610894,6210.601329169669,6237.9296875,1406270
2021-04-29,6296.003136440984,6307.817223665822,6217.243790499069,6230.1962890625,757075
2021-04-30,6203.105130125257,6224.4555551367785,6092.936844399032,6125.81640625,849997
2021-05-03,6101.477196828956,6283.66749570783,6073.009962629132,6260.75146484375,834923
2021-05-04,6300.700342747186,6308.813318860017,6150.820174904208,6175.72900390625,507170
2021-05-05,6222.652454632492,6261.842158852001,6151.768861318006,6253.39697265625,499160
2021-05-06,6253.301959475142,6366.221979684177,6239.732764228943,6326.03564453125,520125
2021-05-07,6337.755124875382,6409.444923025035,6300.74772109186,6360.576171875,605050
2021-05-10,6334.149285348331,6427.094522740275,6319.820685459268,6418.412109375,541534
2021-05-11,6338.846183344685,6404.178576349535,6319.963011280485,6392.45947265625,406046
2021-05-12,6386.149383104926,6490.529239292377,6343.448532846423,6469.22607421875,770204
2021-05-14,6490.52910497402,6492.5691639995985,6357.871984916432,6392.22216796875,647029
2021-05-17,6373.338999038898,6489.010762842434,6355.357011571532,6374.6201171875,995827
2021-05-18,6441.185607736337,6513.302594505336,6372.342537937102,6463.10546875,805827
2021-05-19,6451.623963837253,6504.71553919532,6414.6165606030045,6429.7041015625,432774
2021-05-20,6434.353454192811,6466.52179742655,6385.674672190981,6393.59814453125,470476
2021-05-21,6433.59456014562,6486.2589403945985,6399.671108003258,6466.47412109375,434363
2021-05-24,6454.471059089804,6609.14303536614,6454.471059089804,6520.51513671875,1027484
2021-05-25,6585.37276935222,6593.011291689667,6536.07682457663,6558.66064453125,438736
2021-05-26,6572.135327551675,6690.748800832639,6558.850618544207,6674.90185546875,691574
2021-05-27,6663.230848944043,6707.829517400376,6596.000635848938,6612.84375,922091
2021-05-28,6631.536984353804,6686.953105875067,6585.894427604073,6613.88720703125,393809
2021-05-31,6599.653229899629,6737.244850077263,6570.284350466104,6724.24462890625,718277
2021-06-01,6744.40867315156,6778.047636127642,6686.999757851865,6728.8466796875,642841
2021-06-02,6702.562611447765,6829.953476493293,6702.562611447765,6817.61767578125,598862
2021-06-03,6832.1357670434845,6860.6029994061655,6798.971256007417,6841.150390625,401590
2021-06-04,6832.135831614408,6900.457189930552,6785.734335091466,6846.0849609375,575591
2021-06-07,6852.063180164519,6954.402978409574,6842.66908567112,6903.9208984375,520482
2021-06-08,6943.632938617554,6990.082161511116,6922.472479669435,6961.8994140625,538816
2021-06-09,6936.704989119877,6964.223311369583,6832.1351792374635,6869.142578125,443778
2021-06-10,6887.172157951686,6907.526413661093,6807.511170377857,6832.04052734375,278027
2021-06-11,6873.887848746501,6873.887848746501,6819.23066882299,6854.7197265625,253689
2021-06-14,6827.39135124148,6844.424430912037,6732.547835045308,6811.11767578125,322353
2021-06-15,6814.248984761873,6859.51207102262,6790.668533855247,6800.1103515625,207625
2021-06-16,6799.8735586806415,6826.205751152506,6708.778406345539,6750.767578125,283007
2021-06-17,6699.288905124411,6736.391291869142,6576.974785344935,6613.2705078125,595255
2021-06-18,6632.722936407303,6632.722936407303,6472.4997699742,6603.78125,797389
2021-06-21,6518.9964025887775,6571.186330120419,6492.4269849363045,6547.36865234375,443795
2021-06-22,6585.419377576147,6926.978886390737,6575.930300663213,6894.19384765625,1757310
2021-06-23,6894.858654455268,7096.881020577223,6870.139329712602,7052.94677734375,2227399
2021-06-24,7068.224473658677,7164.254131590511,7031.502018560667,7142.8564453125,1041762
2021-06-25,7154.764368708328,7273.377836359328,7154.764368708328,7258.1953125,1216123
2021-06-28,7304.692485112926,7304.692485112926,7184.560661007422,7208.14111328125,433364
2021-06-29,7207.9037635642735,7212.648302639816,7071.7827521534,7104.947265625,480219
2021-06-30,7122.0274477031535,7255.91843010025,7109.786629827612,7131.89599609375,729267
2021-07-01,7116.808272995087,7216.443588817017,7112.110994201361,7196.89599609375,584331
2021-07-02,7235.42179399526,7244.436417869746,7160.979793613982,7186.88525390625,434905
2021-07-05,7208.187815989278,7297.100658237894,7195.567528142777,7211.17724609375,484183
2021-07-06,7211.699543189234,7266.688937539613,7104.900151735171,7130.9951171875,425103
2021-07-07,7143.377700502957,7193.669812368878,7053.848159637132,7068.79345703125,395336
2021-07-08,7074.107695265324,7114.91073093218,7007.684148830907,7023.056640625,391940
2021-07-09,7003.887839057159,7067.369672475328,6968.208816333684,7046.30419921875,400686
2021-07-12,7116.808775087401,7202.020513487552,7070.3595511484355,7088.4365234375,496478
2021-07-13,7135.7862840439375,7144.51642068243,7025.712984981557,7050.716796875,350032
2021-07-14,7056.078332394991,7068.414133675402,6936.515950754086,6952.41015625,460178
2021-07-15,6981.11482454485,6982.063732363872,6896.662028651893,6933.66943359375,430055
2021-07-16,6958.341518632247,6958.341518632247,6901.217078638691,6930.39599609375,281552
2021-07-19,6881.195068961182,6924.1804081568125,6785.734848973507,6799.4462890625,386598
2021-07-20,6813.157416977608,6893.814573028178,6779.423932927642,6863.1650390625,413816
2021-07-22,6928.92510721779,6950.749987725324,6876.070754742069,6926.60009765625,439934
2021-07-23,6927.027096685222,6998.195183295002,6905.202216791557,6921.19140625,436330
2021-07-26,6933.669354874627,6983.961468711818,6813.158063227018,6866.10693359375,431758
2021-07-27,6871.326246036424,6946.005479351542,6794.98688731357,6870.330078125,417171
2021-07-28,6908.048321039726,6938.413368604736,6702.135342239503,6798.97119140625,739427
2021-07-29,6765.712932516578,6765.712932516578,6581.624810650068,6636.18701171875,1519226
2021-07-30,6642.354795165682,6732.501038814359,6609.0480377402855,6621.1943359375,715546
2021-08-02,6737.245185700662,6744.314733940334,6671.770549388923,6715.373046875,433760
2021-08-03,6760.920501812288,6852.062906447484,6724.055342822917,6831.56640625,470570
2021-08-04,6851.1142655408885,6878.253121087786,6645.675728353963,6739.9970703125,484122
2021-08-05,6753.462225051489,6761.054326822523,6690.435004059776,6711.01416015625,495133
2021-08-06,6737.036295400692,6845.6151869102005,6725.338062013003,6780.96435546875,517575
2021-08-09,6813.623964244581,6842.272698502092,6720.9930568119635,6762.7724609375,264983
2021-08-10,6727.86980160711,6784.88051031168,6679.930726958463,6686.56787109375,356726
2021-08-11,6686.615137574103,6775.426221235112,6613.2265305600595,6705.23681640625,414311
2021-08-12,6705.713640455648,6765.684803501919,6670.380202019752,6696.1640625,330283
2021-08-13,6713.353794489539,6732.357362755454,6659.733003599122,6686.80615234375,431784
2021-08-16,6667.993597417252,6701.894603175693,6503.263358168491,6519.3544921875,750966
2021-08-17,6493.713777716506,6630.272758630251,6442.527940563957,6575.26708984375,752517
2021-08-18,6630.988612737601,6630.988612737601,6512.812578055149,6532.00732421875,434144
2021-08-20,6508.037906388182,6603.1993652027095,6474.614380823459,6542.32080078125,657982
2021-08-23,6593.984037489906,6606.398489696621,6494.6684198361845,6518.44677734375,537302
2021-08-24,6483.685447393281,6543.370304961891,6436.98810808919,6496.7685546875,646993
2021-08-25,6530.002078711973,6530.002078711973,6398.217889349256,6409.15234375,722194
2021-08-26,6398.217624953517,6399.506911314656,6294.127218816214,6310.9345703125,1199429
2021-08-27,6331.1323255913885,6393.061440503601,6302.722327222469,6326.453125,1428388
2021-08-30,6388.668028586964,6503.26297080377,6354.146395501754,6490.7529296875,819447
2021-08-31,6512.812324078496,6562.470130655048,6458.904768693175,6537.73681640625,938326
2021-09-01,6493.666341885943,6512.813061806092,6400.462354957912,6479.2939453125,1108476
2021-09-02,6544.040357422645,6550.008844452308,6406.048937296837,6486.93359375,741052
2021-09-03,6465.065005628706,6644.597091457095,6447.493873464812,6553.9716796875,1196077
2021-09-06,6613.08278595518,6640.776562242934,6530.001457091917,6538.50048828125,897444
2021-09-07,6570.013829164251,6617.761717377901,6544.994215513081,6567.3876953125,743783
2021-09-08,6543.466964333355,6549.435451066505,6451.69541906682,6475.80810546875,847767
2021-09-09,6445.965754954702,6511.332809014603,6436.416176058473,6495.8623046875,515702
2021-09-13,6527.614660349847,6584.864572399107,6506.4144086660635,6564.09423828125,508397
2021-09-14,6598.758587388492,6641.731689621846,6542.511664611768,6583.9091796875,817280
2021-09-15,6625.4974882739,6625.4974882739,6570.109933601099,6597.8037109375,310138
2021-09-16,6601.909758043943,6636.001938978706,6560.5602706553045,6618.76513671875,556648
2021-09-17,6641.731962841216,6746.538588710637,6636.957173507757,6698.50439453125,980793
2021-09-20,6665.510123422124,6699.459154352246,6595.130010500291,6637.3388671875,550405
2021-09-21,6601.146303638167,6627.121344324654,6437.3710282567645,6471.74951171875,1085249
2021-09-22,6512.812358469203,6537.641261888587,6479.388834635417,6523.31689453125,548623
2021-09-23,6558.650474160611,6570.014379249327,6513.767455481877,6538.31005859375,432740
2021-09-24,6541.461513274705,6720.802417590586,6539.551597504405,6639.10595703125,1649962
2021-09-27,6659.876073272953,7112.5260960334035,6659.876073272953,7069.98291015625,2646138
2021-09-28,7112.526005809638,7182.762968559647,7003.183332922259,7089.4638671875,1346961
2021-09-29,7057.616207806179,7128.760569822492,6962.597898804526,7051.45654296875,643556
2021-09-30,7052.124547388045,7074.3748774041005,6972.194393762743,7007.52783203125,625717
2021-10-01,6894.795589700028,6894.795589700028,6770.651070771912,6839.6943359375,901588
2021-10-04,6856.597261898617,6889.973224779189,6810.568107692117,6847.333984375,466994
2021-10-05,6842.081275097457,6971.1917527038195,6833.3435047198145,6931.322265625,546004
2021-10-06,6943.403107108319,6953.525753822013,6841.556943187442,6874.98046875,726695
2021-10-07,6909.072283729602,7214.706348275359,6899.809006337066,7155.021484375,1646727
2021-10-08,7208.690598787562,7230.893369077192,7067.786286488516,7095.3369140625,630622
2021-10-11,7085.978174635092,7462.8041558959685,7085.595818478196,7353.93896484375,1069536
2021-10-12,7341.6202365699255,7400.923211301309,7286.375832631837,7347.25439453125,406814
2021-10-13,7391.373667132119,7400.875684136723,7101.591524636136,7145.1376953125,1084436
2021-10-14,7200.38290176063,7219.482060651242,7109.661897030224,7159.22412109375,831546
2021-10-18,7071.462924932864,7358.236582625265,7071.462924932864,7312.1123046875,913963
2021-10-19,7324.71864840232,7418.686417345131,7243.356044615996,7310.82373046875,658869
2021-10-20,7272.004408763339,7321.996548087756,7176.508618759881,7248.8466796875,488082
2021-10-21,7305.428025787103,7305.428025787103,7147.85997032895,7234.044921875,563128
2021-10-22,7257.6790464013175,7281.5529906329,7053.84312403687,7075.1865234375,224520
2021-10-25,7023.714820175701,7062.915652473309,6894.461184985975,6933.56689453125,248058
2021-10-26,6937.768642004238,7007.433002288773,6885.437139382229,6968.66162109375,292203
2021-10-27,6956.868428074554,7125.179761011842,6917.715153462192,7024.9091796875,1218064
2021-10-28,6923.443810190401,7190.5456841139,6909.167005059716,7037.75244140625,961511
2021-10-29,7018.940139800724,7209.931708230675,6966.2743080637665,7145.37646484375,819875
2021-11-01,7067.642795701076,7320.706616922638,7067.642795701076,7272.52880859375,1005690
2021-11-02,7303.470213832764,7553.716736652549,7287.092313364472,7440.79296875,1302733
2021-11-03,7440.792889329524,7489.018261153715,7364.2531102760595,7385.8828125,656492
2021-11-04,7424.511059032606,7467.72290218815,7387.07652441359,7398.4404296875,53365
2021-11-08,7410.425406035578,7527.550893893082,7326.436676030166,7338.46923828125,428433
2021-11-09,7361.7701194716965,7414.77028053418,7199.140982942925,7236.24072265625,632879
2021-11-10,7229.030966157452,7238.580544712481,7123.985602052126,7173.30908203125,562432
2021-11-11,7173.643061957596,7226.643220362634,7106.79601532061,7117.73046875,486991
2021-11-12,7190.832448088233,7204.201857686272,7106.796159186272,7142.94140625,349666
2021-11-15,7116.345605582693,7238.437054942512,7116.345605582693,7165.14404296875,314414
2021-11-16,7205.157526024714,7762.614213343061,7195.655508179615,7687.74560546875,2619355
2021-11-17,7673.086449399434,7973.898177036126,7654.034853467236,7902.03759765625,2377268
2021-11-18,7863.122557172576,7991.086902892897,7640.712977905825,7751.53564453125,1337493
2021-11-22,7790.54612772115,7819.051712755226,7454.926005365347,7510.17041015625,672298
2021-11-23,7495.559569438875,7595.686990807673,7453.4458360315,7500.23876953125,567198
2021-11-24,7511.221260360167,7542.209830309196,7292.631493278768,7324.001953125,571078
2021-11-25,7295.877620501816,7371.701176860427,7100.111270737042,7231.41796875,1007618
2021-11-26,7181.283165399903,7181.283165399903,6808.849596981557,6847.525390625,1154876
2021-11-29,6843.227506621966,6885.245649280544,6675.823592954235,6827.470703125,733010
2021-11-30,6827.470923886348,6923.444184652916,6699.554137573321,6749.45068359375,1287938
2021-12-01,6867.101691866923,7047.588720063675,6808.896826152823,6945.64697265625,1669583
2021-12-02,6956.867802802093,7024.144768549609,6919.290118873214,6995.0185546875,618573
2021-12-03,6975.967137826755,6998.886126369923,6826.754972832172,6884.0048828125,603798
2021-12-06,6869.011828194277,6875.696533157068,6704.759077679969,6725.625,609507
2021-12-07,6807.894239136055,6934.712450005802,6771.797020371502,6862.89990234375,637151
2021-12-08,6899.570551351493,7160.13089719543,6828.999258623648,7100.01611328125,930339
2021-12-09,7132.579763580229,7132.579763580229,6995.065841240485,7087.4580078125,615037
2021-12-10,7047.588399610699,7138.309388494576,7026.531767127052,7091.18212890625,431682
2021-12-13,7147.859144850385,7234.664715756701,7090.561676755392,7177.8447265625,883009
2021-12-14,7178.227238833109,7215.948075266334,7121.88472365437,7155.642578125,749704
2021-12-15,7139.264683858392,7295.877766810877,7117.348215308073,7227.0732421875,529018
2021-12-16,7249.56246199843,7277.733718354743,7072.41778219856,7115.19970703125,595582
2021-12-17,7143.084483174788,7143.084483174788,6914.849564527893,6967.9453125,1081907
2021-12-20,6875.696552633636,6991.77149333685,6718.940314069738,6958.39599609375,867425
2021-12-21,6977.399863711247,7071.415655041677,6955.913311061757,6985.66015625,415744
2021-12-22,6976.444401085515,7118.2556383124265,6976.444401085515,7089.3681640625,368978
2021-12-23,7144.039387772382,7162.183586190732,7023.714703524378,7054.41650390625,249919
2021-12-24,7105.841153545169,7114.29262352752,6925.497275601773,6987.52197265625,357447
2021-12-27,6949.323655334795,6999.840830829017,6862.518082627544,6961.1650390625,190180
2021-12-28,6990.291437144476,7027.534793162049,6928.31476615745,6968.75732421875,214533
2021-12-29,6968.9951527017665,7033.263620861944,6914.323823130232,7018.98681640625,287776
2021-12-30,7018.940585413162,7062.056841465949,6928.601474552822,6954.2421875,296041
2021-12-31,6961.690635353147,7113.95885865095,6961.690635353147,7091.947265625,313398
2022-01-03,7085.787296172802,7263.361896127811,7085.787296172802,7185.00732421875,456599
2022-01-04,7257.679504199451,7304.472437844947,7181.282877839457,7286.423828125,495182
2022-01-05,7281.4101963528365,7456.310627090055,7263.027258395423,7425.13134765625,710043
2022-01-06,7431.481869675908,7543.641853877237,7337.848440498265,7527.0732421875,739981
2022-01-07,7527.073572662339,7586.949151754379,7482.572442353661,7549.89697265625,523116
2022-01-10,7591.914779851896,7861.212889024001,7567.229026586852,7759.60546875,827930
2022-01-11,7735.15869582618,7794.796000928344,7705.841302895928,7777.03369140625,688923
2022-01-12,7830.654196179971,7830.654196179971,7749.482780731764,7802.7216796875,288174
2022-01-13,7806.780990494504,7887.95241363726,7593.825374484684,7713.24267578125,684931
2022-01-14,7592.869742424127,7778.131562324804,7592.869742424127,7720.0703125,299536
2022-01-17,7758.841345681879,7991.947116187678,7735.254166582435,7893.2041015625,862249
2022-01-18,7877.399476657773,7877.399476657773,7536.049618213243,7558.63427734375,785199
2022-01-19,7571.86073029042,7696.960207610138,7505.968639183088,7654.65576171875,681632
2022-01-20,7639.662677731706,7773.356774592011,7637.322844521448,7674.37548828125,522850
2022-01-21,7611.01382571181,7872.672268402529,7502.196195603152,7820.72265625,1041476
2022-01-24,7820.149858620796,7957.472611374081,7594.588627215344,7689.60693359375,1153538
2022-01-25,7630.1123978920805,8273.753919316268,7532.611118673939,8215.119140625,2162832
2022-01-27,8266.115646955204,8567.54848347471,8021.693984026149,8422.919921875,2899559
2022-01-28,8398.854650028043,8527.773965292829,8138.485008057293,8165.79736328125,1045088
2022-01-31,8236.512091312281,8327.23309405717,8167.563942710946,8210.0595703125,561419
2022-02-01,8301.448696585649,8394.843388999012,7974.853107694323,8173.86669921875,819689
2022-02-02,8193.251315980064,8291.898266506232,8060.082269247867,8131.7041015625,580433
2022-02-03,8164.889933951507,8401.719489930452,8138.819770151295,8206.57421875,810019
2022-02-04,8250.74009972239,8289.033533685186,8109.596593721686,8165.4140625,404421
2022-02-07,8160.1145600641585,8226.9616073672,8021.645676365001,8128.26708984375,446099
2022-02-08,8228.585327268998,8393.219497755304,8056.071822102491,8212.1123046875,998182
2022-02-09,8233.646523982301,8584.8798321923,8233.646523982301,8546.34765625,1403525
2022-02-10,8642.36974924865,8642.36974924865,8393.985550811756,8408.8349609375,811887
2022-02-11,8344.422669361995,8465.702330498292,8282.636702724574,8343.611328125,671572
2022-02-14,8117.141067425344,8227.008772652187,7950.023457213646,7989.55908203125,995540
2022-02-15,8031.194751317862,8273.992761487014,7980.104511223271,8234.314453125,682766
2022-02-16,8327.232252440881,8342.893933835963,8159.159674868679,8196.35546875,422704
2022-02-17,8188.76311573038,8268.310913767995,8141.01522584274,8167.22900390625,305313
2022-02-18,8164.888610033462,8256.516990950131,8136.287439439859,8183.1279296875,385273
2022-02-21,8159.207395855715,8331.290986183309,8063.2816937303305,8224.765625,626049
2022-02-22,8112.366732591545,8269.743595815142,8007.177755017889,8234.41015625,620828
2022-02-23,8298.583176295537,8394.031393704947,8265.350831794034,8307.0341796875,557954
2022-02-24,8023.555449178406,8200.461381927787,7787.680872179231,7840.34716796875,947351
2022-02-25,7887.951582898252,8084.672893561332,7839.773774426973,7979.72265625,1344343
2022-02-28,7926.15054694263,7964.301301451864,7748.623967106667,7939.66357421875,961303
2022-03-02,7828.4582747425075,7829.699533451532,7414.292862265849,7462.23193359375,1783011
2022-03-03,7567.086279576484,7582.318044355104,7218.049172662652,7253.43017578125,1050154
2022-03-04,7144.9945127731435,7180.519130707105,6808.849355262298,6920.86572265625,2511658
2022-03-07,6677.064760664601,6713.2100056943855,6426.865823694617,6464.15673828125,2469925
2022-03-08,6402.992447541491,6546.236126457407,6242.129609603709,6499.7294921875,2840376
2022-03-09,6564.380301590113,6759.287293240871,6471.749389565929,6710.345703125,1827539
2022-03-10,6928.219209430942,7066.544947414399,6854.018797888475,6886.96484375,1535070
2022-03-11,6875.69657188749,6875.69657188749,6761.101629022698,6782.6357421875,1024452
2022-03-14,6732.4525062356915,7004.615479892029,6696.164109748181,6987.1875,1023874
2022-03-15,6991.246396621824,7276.778792823152,6988.3815230813425,7085.8828125,1586111
2022-03-16,7229.030681659115,7253.620845470571,7104.886165329434,7148.623046875,584457
2022-03-17,7232.850738775308,7393.23609581828,7190.832593474791,7346.49072265625,1133271
2022-03-21,7490.690189434537,7582.366152997224,7305.428346401608,7358.47607421875,1354525
2022-03-22,7367.4522014498525,7457.265800118558,7197.1829381758125,7416.8232421875,1093502
2022-03-23,7448.671385895823,7508.642553615776,7268.184348468348,7300.509765625,808597
2022-03-24,7257.01093921795,7310.20227751073,7187.347044445438,7216.56884765625,565485
2022-03-25,7176.508250365679,7202.578413183139,7052.363729733937,7081.4423828125,686637
2022-03-28,7090.562547192488,7199.427749937262,7079.103052166723,7140.5546875,599515
2022-03-29,7195.607017062063,7222.441424477517,7067.642671967662,7104.07421875,446257
2022-03-30,7182.237951416447,7286.280795132398,7152.634258224862,7256.3427734375,589206
2022-03-31,7256.294836416506,7308.0537387713,7188.922746133135,7220.72265625,434317
2022-04-01,7232.850891792375,7380.869361323378,7178.752621831068,7353.22314453125,449386
2022-04-04,7305.427886695737,7442.94182338648,7287.904316088997,7424.6064453125,491029
2022-04-05,7430.527095823555,7544.167080967239,7381.82424504769,7412.23974609375,488132
2022-04-06,7390.418798291716,7495.464161751089,7329.301495915353,7395.384765625,393628
2022-04-07,7314.737917890911,7399.012942696404,7277.780864973763,7296.35498046875,458566
2022-04-08,7361.5789455581835,7382.301717581639,7176.890189170836,7217.52392578125,849846
2022-04-11,7271.860545354382,7273.483693852475,7147.859180935203,7224.6376953125,496254
2022-04-12,7200.382085272754,7364.157354188441,7162.183771823032,7275.203125,598047
2022-04-13,7275.20368356457,7357.9031317901945,7104.886847136689,7133.05810546875,527991
2022-04-18,7042.336440771069,7256.724471275253,7023.714763288523,7232.373046875,551783
2022-04-19,7238.58082489196,7332.166698353624,7018.94050962479,7100.20751953125,425990
2022-04-20,7161.2288713453745,7352.220440123755,7136.018077524231,7321.37548828125,542622
2022-04-21,7362.53396379723,7543.975958214643,7339.853714495054,7524.30419921875,772708
2022-04-22,7438.166723353292,7655.56278551633,7382.779167832109,7548.46435546875,960818
2022-04-25,7458.220907004002,7637.752985175161,7458.220907004002,7555.9609375,701521
2022-04-26,7639.662610269706,7704.122263543857,7477.319779801475,7550.61279296875,801963
2022-04-27,7497.373713460956,7510.7431227067145,7372.274241232783,7437.59326171875,570519
2022-04-28,7490.689290594927,7582.365243157027,7416.871236140856,7532.8505859375,561932
2022-04-29,7561.3560835614,7588.572381664646,7282.5083977316535,7370.17333984375,1162749
2022-05-02,7319.751732032197,7400.923147194981,7204.488135985844,7290.8642578125,544053
2022-05-04,7305.42708059766,7398.057986064062,7025.146969727672,7064.68212890625,599211
2022-05-05,7114.436211852625,7198.472505361757,7047.7323106221465,7073.99365234375,524174
2022-05-06,6984.561738524745,7028.394210730402,6834.29902706139,6951.376953125,650559
2022-05-09,6877.128763111908,7090.08435766498,6808.849278759689,7028.77587890625,570578
2022-05-10,7019.083888240468,7233.806270599639,7019.083888240468,7177.3681640625,663616
2022-05-11,7180.3277441868295,7219.05109670964,7015.693111670015,7063.2978515625,605312
2022-05-12,6896.22885912433,6994.064487946179,6886.01062250973,6926.9306640625,571754
2022-05-13,7009.390514571743,7009.390514571743,6744.246564727049,6782.06298828125,703097
2022-05-16,6834.633072572178,6976.30115749054,6827.9483678763545,6921.15234375,369545
2022-05-17,6952.093188292295,7243.021005723325,6928.2668032815,7193.50634765625,811448
2022-05-18,7225.211287808555,7296.021321036676,7171.351756874725,7225.736328125,576970
2022-05-19,7114.436225404593,7186.0580665999405,7052.411524414209,7071.033203125,363255
2022-05-20,7181.808055166441,7304.376988179092,7114.435965524895,7244.88330078125,742204
2022-05-23,7448.766695184474,7596.546420014692,7425.847707165571,7541.73193359375,1161175
2022-05-24,7562.311097548178,7584.227566382957,7440.36279546827,7451.20166015625,581609
2022-05-25,7486.8691410639185,7505.490818136718,7349.402779439521,7436.4951171875,454335
2022-05-26,7448.671011671204,7486.821763175668,7276.778603709561,7453.44580078125,476799
2022-05-27,7568.040937318999,7607.098620002891,7480.184815396809,7585.1826171875,431411
2022-05-30,7620.754724074974,7696.960173019693,7592.869768694736,7652.9365234375,389517
2022-05-31,7652.936378124559,7735.158339659279,7544.1667757170735,7607.5283203125,2494005
2022-06-01,7615.836145075216,7705.459029377356,7525.163180205723,7581.7919921875,522004
2022-06-02,7568.040473423469,7612.923489480366,7501.76649616301,7568.42236328125,352848
2022-06-03,7591.914662930953,7634.887764796601,7335.031009556309,7357.99755859375,591905
2022-06-06,7343.625802867748,7426.611546056077,7249.51489408092,7363.25,606990
2022-06-07,7272.051316490588,7467.7701070255935,7214.706286263217,7457.6474609375,991192
2022-06-08,7471.589981970755,7564.220890489563,7372.943025702521,7536.95703125,813596
2022-06-09,7494.508972445331,7649.212139307735,7477.415320722455,7572.67236328125,687937
2022-06-10,7473.500523318905,7628.394881170987,7473.500523318905,7577.6865234375,442921
2022-06-13,7496.371831029213,7608.483793398196,7442.703011411665,7545.6953125,565826
2022-06-14,7453.446010281494,7545.50385365312,7400.923328594692,7459.79638671875,553462
2022-06-15,7463.950995363926,7571.861238771823,7463.950995363926,7499.71435546875,604566
2022-06-16,7580.455812311411,7663.537149634552,7453.446411576035,7480.75830078125,1319566
2022-06-17,7453.445801488708,7496.132602651767,7301.75065819056,7341.85888671875,1317656
2022-06-20,7352.984015517405,7433.48723929282,7282.508315112164,7315.88427734375,1043423
2022-06-21,7367.452615122298,7486.869913645523,7281.697116185526,7430.1455078125,954884
2022-06-22,7400.923372452298,7514.563357138985,7369.027873369268,7432.1982421875,796824
2022-06-23,7458.220964887672,7943.148384770666,7451.5362597975045,7898.45654296875,1676430
2022-06-24,7935.700445835709,8012.097080693333,7867.229775329341,7986.50439453125,1156788
2022-06-27,8063.664145491197,8161.738503932262,8013.290118528304,8068.2001953125,921090
2022-06-28,8036.208867207311,8155.244733573905,8003.54912295366,8107.3056640625,691242
2022-06-29,8012.049173496217,8145.790840106074,7992.997576985679,8125.6416015625,655413
2022-06-30,8117.1419906830115,8245.678948469758,8055.642330099649,8089.20947265625,1130302
2022-07-01,8059.844704868355,8069.394283902559,7931.497989618219,8024.12890625,530569
2022-07-04,8024.127950539269,8086.200206868503,7945.248810142043,8063.04248046875,625431
2022-07-05,8115.708739746982,8125.3058789756815,7959.573141823981,7972.65625,610290
2022-07-06,7999.682081743128,8262.725413706128,7992.997376649157,8241.333984375,976098
2022-07-07,8303.358896460824,8308.1336859355,8189.910085057746,8218.75,547662
2022-07-08,8231.736290167504,8267.022167624893,8064.618674067816,8094.1748046875,686327
2022-07-11,8071.017674181987,8141.0159000389585,8037.020614220944,8124.44775390625,536114
2022-07-12,8112.3661403518745,8114.705973370164,7998.964906783094,8040.4580078125,424358
2022-07-13,8073.214854852586,8105.827043271413,8003.502921518751,8060.03662109375,413855
2022-07-14,8083.670849014458,8200.557133347398,8069.3940422706155,8181.84033203125,606496
2022-07-15,8208.818070375513,8402.674523177542,8189.910090558314,8382.66796875,631246
2022-07-18,8405.538885189844,8444.692156525085,8292.85386037135,8312.716796875,478682
2022-07-19,8308.086260018612,8402.57953177836,8277.05012792718,8323.26953125,478458
2022-07-20,8380.23245398189,8466.131097477966,8327.423472392116,8354.9736328125,398132
2022-07-21,8396.943840718071,8434.092071749588,8329.189399056859,8400.763671875,421090
2022-07-22,8451.376329455628,8488.619682771874,8395.033820592591,8433.1845703125,415294
2022-07-25,8430.844810759858,8459.588667078046,8107.591600311627,8233.263671875,623462
2022-07-26,8233.647707855362,8236.894938019517,8089.782915062849,8141.828125,429454
2022-07-27,8170.188412028857,8315.246864097837,8078.942387535876,8268.119140625,1298855
2022-07-28,8308.133674417199,8375.124343684449,8240.14048587687,8328.2353515625,725196
2022-07-29,8369.9191133878,8540.187908658783,8336.781890035914,8378.3701171875,821432
2022-08-01,8451.378211921234,8675.79333958242,8425.211989963465,8597.869140625,1009408
2022-08-02,8580.295381671194,8782.602807929308,8550.691691428367,8759.875,848311
2022-08-03,8790.348060630595,8790.348060630595,8512.403603377958,8612.2294921875,753729
2022-08-04,8674.27642619976,8697.346310311994,8487.794862959207,8619.197265625,643264
2022-08-05,8619.292558520117,8636.97984422321,8468.569511373034,8498.560546875,558385
2022-08-08,8498.562059890313,8649.285133870917,8498.369623088773,8576.1826171875,520993
2022-08-10,8592.187098994764,8650.72731485845,8483.95125072956,8535.5703125,445375
2022-08-11,8608.624692966381,8649.28518128097,8385.903969937228,8472.271484375,508318
2022-08-12,8473.376459828552,8473.376459828552,8338.80213148187,8362.064453125,712782
2022-08-16,8398.544896933743,8689.657665701461,8367.688359028289,8654.7646484375,963726
2022-08-17,8660.819011740783,8718.493722140833,8574.306946140709,8597.712890625,623749
2022-08-18,8579.113140651867,8663.126343980612,8532.973372500463,8600.93359375,442229
2022-08-19,8608.38340853223,8620.446847901112,8377.251815283029,8438.7236328125,572597
2022-08-22,8411.857189279273,8427.66986139726,8268.824083711463,8293.6240234375,488485
2022-08-23,8273.43772844877,8417.624513538502,8232.104183389714,8382.5390625,558231
2022-08-24,8324.383919659782,8432.0433883667,8260.941732743207,8366.6787109375,442582
2022-08-25,8383.019843694561,8492.601802435665,8343.608788357848,8397.3427734375,525721
2022-08-26,8458.95801226756,8490.438793506395,8368.793397561825,8382.634765625,398063
2022-08-29,8269.208043830324,8516.537198575317,8257.09672912037,8491.8330078125,459057
2022-08-30,8540.47051661834,8808.850343819675,8526.244276481943,8730.2685546875,1016312
2022-09-01,8603.097166410662,8875.802633272524,8594.493833626517,8674.7578125,888864
2022-09-02,8676.680345414276,8795.298386067063,8557.101059500821,8573.9228515625,632909
2022-09-05,8555.082248472998,8667.355499676047,8531.051118561556,8603.1923828125,386455
2022-09-06,8636.115348848427,8673.075415756617,8526.245206590142,8544.2685546875,397902
2022-09-07,8520.478464801887,8529.658169808985,8420.508952128219,8444.4443359375,496785
2022-09-08,8486.834081975856,8540.759563551264,8439.733066003853,8449.970703125,428924
2022-09-09,8492.265524098359,8640.633349467465,8391.670835560237,8599.2998046875,632296
2022-09-12,8622.274723921582,8663.030962035695,8558.928282195611,8581.662109375,383641
2022-09-13,8624.58050846112,8640.681366285917,8565.560613753889,8580.5556640625,405093
2022-09-14,8516.488468714979,8651.207367823687,8483.66250621005,8619.6787109375,509547
2022-09-15,8680.092172001223,8963.611636105757,8680.044297483646,8852.828125,1392132
2022-09-16,8852.588155280833,8954.86502566078,8670.480054402491,8833.5078125,1056382
2022-09-19,8819.712634884883,8981.346385969342,8718.493706062656,8921.171875,727024
2022-09-20,8977.0683619503,9064.541669685334,8891.517544495158,8940.396484375,747257
2022-09-21,8939.581482283245,9033.783523709457,8854.463396880647,8889.5009765625,440725
2022-09-22,8842.495172367804,9069.349054385284,8829.998983951587,9037.4833984375,511112
2022-09-23,9033.7355255096,9084.72940133008,8917.808778193546,8981.34765625,574213
2022-09-26,8911.03144526751,8911.03144526751,8458.958002491216,8492.5537109375,865432
2022-09-27,8545.470246010213,8563.68603118446,8334.476914289264,8434.013671875,686285
2022-09-28,8382.059445455066,8507.021340857493,8324.43259902433,8388.5478515625,663740
2022-09-29,8430.505699967853,8458.958183827028,8270.649864225636,8290.595703125,817007
2022-09-30,8332.073776778961,8528.167806597017,8226.529236708337,8486.017578125,658982
2022-10-03,8622.369413472928,8622.369413472928,8180.19662303842,8215.7626953125,1123076
2022-10-04,8361.872733359165,8419.114702331835,8295.546808700952,8353.7021484375,503140
2022-10-06,8395.515397438383,8482.988708769604,8353.7012321317,8365.716796875,474445
2022-10-07,8410.895328237631,8502.789991994605,8373.4067662032,8438.8671875,428616
2022-10-10,8338.802691166531,8532.44573794554,8322.461521627645,8518.9404296875,411218
2022-10-11,8469.532221956082,8507.020788141112,8329.190410083924,8347.5986328125,422610
2022-10-12,8360.910719164014,8382.058113487032,8257.672609573423,8349.9521484375,380365
2022-10-13,8329.190294405451,8444.972475335182,8259.019389443929,8314.3388671875,355605
2022-10-14,8420.508758102087,8426.852601542982,8272.765168975271,8283.3388671875,274160
2022-10-17,8276.322382052242,8410.608543868955,8235.036706932804,8385.7119140625,304671
2022-10-18,8425.362948957016,8543.788557940445,8412.86676002745,8466.0234375,369973
2022-10-19,8508.366782993804,8511.826890489387,8358.027646844179,8381.43359375,385416
2022-10-20,8362.833675288328,8400.514676832841,8277.282848035378,8369.947265625,328270
2022-10-21,8391.670316540994,8453.190007292269,8306.119496590003,8366.0048828125,356203
2022-10-24,8448.191770630296,8448.191770630296,8406.906100840377,8425.7470703125,30052
2022-10-25,8478.184253105914,8667.549592999549,8456.460483000532,8656.0146484375,727441
2022-10-27,8699.270063571956,8725.175812443718,8557.00575755995,8691.5322265625,849108
2022-10-28,8742.52512584139,9179.843818917365,8700.230336887347,9124.66796875,1873029
2022-10-31,9276.017151855905,9390.40534264045,9084.82508605815,9158.3603515625,1932020
2022-11-01,9261.598481022073,9263.42522258158,9011.67470260321,9088.189453125,805517
2022-11-02,9078.961885241479,9088.189464662211,8853.069239076127,8871.7177734375,788679
2022-11-03,8853.069153070795,8949.193682420098,8809.236743173957,8881.041015625,616860
2022-11-04,8899.113218508057,8962.651157209897,8834.853407116712,8871.8134765625,465775
2022-11-07,8917.471925488571,8990.33412558109,8895.65147120353,8971.58984375,469017
2022-11-09,9112.94091931926,9113.421541938405,8862.681097017345,8894.8828125,617256
2022-11-10,8844.417672686972,8892.239624563526,8719.455788386429,8744.6884765625,445700
2022-11-11,8843.456476070294,8881.906286835816,8699.269685699583,8735.3642578125,461074
2022-11-14,8747.331531797994,8807.937855382244,8644.045544813942,8797.65234375,282822
2022-11-15,8833.843522975098,8846.868207890902,8776.168810093866,8807.12109375,359888
2022-11-16,8805.005761589808,8893.920939859137,8747.186489099087,8780.9267578125,350737
2022-11-17,8748.293073502044,8814.23412256701,8622.369944985534,8638.1826171875,409572
2022-11-18,8660.818363156694,8674.227920063699,8493.561715521924,8505.14453125,515615
2022-11-21,8482.989587974838,8583.1515337993,8445.501022090302,8521.6318359375,520644
2022-11-22,8531.051165877236,8588.678003467689,8515.719117165498,8529.849609375,455948
2022-11-23,8593.53294287593,8640.633962361491,8557.005621642229,8588.24609375,621006
2022-11-24,8621.313023698047,8646.305400561821,8575.269000066432,8619.58203125,455343
2022-11-25,8651.207864730584,8728.107490194856,8600.742485519655,8669.9521484375,545439
2022-11-28,8678.1234832981,8751.273882853595,8603.146341993577,8637.1748046875,439956
2022-11-29,8636.788652949432,8674.998151998374,8543.547862817422,8564.8876953125,606692
2022-11-30,8578.152550565697,8670.432093915575,8526.245307431393,8626.359375,1087650
2022-12-01,8669.51876454971,8675.238361517413,8583.920062975123,8610.9794921875,694489
2022-12-02,8478.18290255366,8582.862883265487,8415.461651488851,8474.193359375,971612
2022-12-05,8501.2532864663,8510.096930816879,8425.314909077015,8451.31640625,519621
2022-12-06,8437.041832514558,8458.95803604656,8357.979412234465,8379.5107421875,551379
2022-12-07,8382.057798774553,8408.828101005578,8306.119431102168,8323.56640625,546450
2022-12-08,8329.190847911137,8373.408133428034,8272.525247532667,8346.205078125,476001
2022-12-09,8369.562991790313,8424.113663638724,8214.27399826287,8279.5419921875,790406
2022-12-12,8275.361329083547,8356.394125431581,8185.2924508379165,8324.14453125,445039
2022-12-13,8326.305683188755,8360.285324546128,8276.320934224796,8286.6064453125,330236
2022-12-14,8314.77112436911,8341.397804614631,8262.911757185473,8306.6962890625,343670
2022-12-15,8306.119065729104,8337.455281093646,8242.67688793277,8251.47265625,472176
2022-12-16,8227.779023901257,8255.174514546878,8118.677683961682,8156.93505859375,624222
2022-12-19,8169.429594029194,8287.326679961077,8123.482266409181,8270.408203125,464106
2022-12-20,8251.713760236484,8251.713760236484,8105.267489191916,8193.990234375,694906
2022-12-21,8193.990575186668,8234.940186085476,7967.0888215611685,8026.78271484375,800720
2022-12-22,8032.790034446745,8059.079715044127,7966.800176322247,8011.353515625,580858
2022-12-23,7978.04718271388,8007.124850773914,7808.050870778905,7826.07421875,503012
2022-12-26,7831.264548112156,8022.552340560213,7763.0640142675,7936.80908203125,315102
2022-12-27,7977.32661278285,7992.754411606836,7911.817372215117,7983.57470703125,423308
2022-12-28,7992.754462258883,8125.886932856942,7966.415966235359,8094.6943359375,538632
2022-12-29,8045.623292841764,8121.561672786148,8010.057216158951,8108.873046875,452134
2022-12-30,8141.74780335665,8160.972709621956,8038.17362085232,8069.26953125,433976
2023-01-02,8040.816817507632,8126.367647962883,8014.478321184406,8077.63232421875,398159
2023-01-03,8055.234993597343,8076.382388568601,7982.324918694218,8057.87841796875,493207
2023-01-04,8051.390373993023,8206.198736838582,7988.957306021673,8096.37646484375,566744
2023-01-05,8117.667372112121,8146.552600965863,8064.8946381840815,8133.19091796875,417716
2023-01-06,8132.134018107362,8155.156027332078,8026.397050968851,8058.166015625,368978
2023-01-09,8098.347263886164,8119.591348701408,8002.463043154944,8052.35205078125,613406
2023-01-10,8055.23474638921,8084.072102283205,7942.673309369389,7971.7509765625,493677
2023-01-11,8011.64239034103,8011.64239034103,7929.455928729555,7963.3876953125,327536
2023-01-12,7992.753838041526,8052.351040441836,7939.885352041251,8044.853515625,283772
2023-01-13,8071.575922722942,8170.632052573714,8027.358643641693,8125.79052734375,705220
2023-01-16,8151.359337865866,8184.329860652001,8020.245116426049,8055.33056640625,500575
2023-01-17,8083.92783143725,8164.143933717315,8018.85228026335,8150.734375,409248
2023-01-18,8144.631209094326,8206.535780245305,8136.26818746475,8164.865234375,402883
2023-01-19,8150.397831475736,8188.847638441065,8128.769815057738,8172.17041015625,184776
2023-01-20,8134.1054810415035,8170.584927372226,8085.995342241785,8112.7177734375,346337
2023-01-23,8151.3596740266685,8153.282164515826,8053.216910041616,8090.89697265625,410827
2023-01-24,8122.523014410999,8380.136762086993,8090.801918615075,8361.6806640625,1039571
2023-01-25,8408.878474397423,8490.68007723917,8343.89772626777,8443.6748046875,1131883
2023-01-27,8486.305320952473,8544.508529707618,8286.029321547305,8398.8798828125,743546
2023-01-30,8438.77151095717,8521.4385971791,8380.135554450919,8475.298828125,1036998
2023-01-31,8513.653199753797,8597.232721006016,8487.987764530326,8550.564453125,643670
2023-02-01,8590.64840529921,8680.476957535555,8337.745167108296,8429.0146484375,707460
2023-02-02,8425.31530323458,8593.53323570076,8411.953617683668,8526.390625,456995
2023-02-03,8593.53248774287,8615.641128371291,8502.358751768174,8595.7431640625,351157
2023-02-06,8580.988245687304,8589.68732722693,8478.182881170716,8562.7724609375,205161
2023-02-07,8562.773326658307,8574.308270519994,8413.347553640155,8422.8642578125,318669
2023-02-08,8433.00348799948,8511.344965746197,8336.926849939917,8492.3125,391645
2023-02-09,8461.16929902888,8490.679717421352,8362.834092784531,8460.1123046875,392186
2023-02-10,8456.842503290718,8531.050817582349,8432.955936487879,8469.8671875,276298
2023-02-13,8446.462823071415,8520.863588054375,8416.376031599655,8468.04296875,253037
2023-02-14,8473.376744024537,8504.13659153546,8425.31448228872,8434.3984375,227030
2023-02-15,8434.399052369961,8550.950045575917,8403.206454486259,8502.55078125,452568
2023-02-16,8535.857997773397,8535.857997773397,8449.34592347164,8463.8603515625,247514
2023-02-17,8446.4623633572,8530.09070358846,8410.65597630416,8466.408203125,214587
2023-02-20,8466.408180561919,8506.059548669344,8339.04317997443,8356.73046875,298434
2023-02-21,8357.066010237077,8382.05838615911,8303.66902557763,8333.8515625,323478
2023-02-22,8339.282443202228,8381.096607951153,8252.289755621132,8323.3740234375,363931
2023-02-23,8356.537216825871,8408.44445728512,8282.088588831393,8359.228515625,317544
2023-02-24,8373.407141597447,8401.28325307791,8275.64831462792,8324.8642578125,242982
2023-02-27,8295.546205596256,8308.090267909021,8199.421684094563,8297.6611328125,220225
2023-02-28,8314.77253040141,8371.486007776402,8271.80467420627,8290.1162109375,370998
2023-03-01,8285.934166732593,8436.12873907041,8285.934166732593,8424.498046875,333441
2023-03-02,8431.081066882038,8431.081066882038,8179.330590903534,8217.4443359375,603893
2023-03-03,8259.066512795422,8294.58471016204,8218.646340466503,8267.91015625,437977
2023-03-06,8305.158888761292,8327.267529321653,8258.009997396432,8296.9404296875,275417
2023-03-08,8290.74052794288,8374.416741701973,8276.36972328456,8356.970703125,348171
2023-03-09,8386.863940225156,8398.39888203406,8203.31399094775,8210.908203125,431466
2023-03-10,8199.421337701793,8293.623364793795,8151.454828012428,8268.1982421875,516128
2023-03-13,8268.198459498142,8302.562975386429,8152.41628745441,8188.271484375,479314
2023-03-14,8213.793306890924,8213.793306890924,8117.716650325901,8182.2646484375,349510
2023-03-15,8314.771159237776,8367.59177185961,8112.90966288634,8146.50537109375,509229
2023-03-16,8132.231115816333,8202.691148394948,8085.034346325424,8110.45947265625,340261
2023-03-17,8173.467907124256,8181.109994180834,7972.134912942482,7994.53173828125,471602
2023-03-20,7994.53237231946,7994.53237231946,7814.924068567056,7901.05126953125,488199
2023-03-21,7925.467037753437,7954.304395076979,7896.6296804298945,7909.5107421875,287497
2023-03-22,7916.815769038791,7968.3381382367415,7898.552109542466,7932.58056640625,218120
2023-03-23,7943.730855864676,8050.429080090352,7913.5473791108025,8029.47412109375,540553
2023-03-24,8029.4738922450715,8061.48317085726,7892.784631957188,7923.44873046875,391840
2023-03-27,7930.27348611483,7994.484482477367,7910.615832578759,7957.5244140625,364326
2023-03-28,7984.006906022248,8031.780041632179,7824.53595137935,7890.66943359375,360349
2023-03-29,7930.128599288335,7996.69483158385,7870.195334577998,7973.8173828125,339851
2023-03-31,8003.280430485616,8045.623097875178,7937.050254348803,7970.79052734375,478757
2023-04-03,8086.8120883836555,8246.523369314984,8065.184069289403,8173.5166015625,627265
2023-04-05,8191.684660956355,8216.724913549815,8103.2979669191545,8119.68701171875,272888
2023-04-06,8135.980390434637,8204.228808171034,8052.447796620117,8186.59033203125,309551
2023-04-10,8128.866478975933,8224.222198725238,8077.391981850948,8204.373046875,308275
2023-04-11,8247.485267067079,8334.910721131964,8213.841679147807,8323.9521484375,409240
2023-04-12,8335.918011362768,8372.397452857256,8258.057153553682,8286.9423828125,408458
2023-04-13,8293.672388102048,8366.679156954033,8285.934551119459,8334.765625,480202
2023-04-17,8507.019786009927,8507.019786009927,8314.77075129784,8338.4658203125,489356
2023-04-18,8356.057125640387,8409.74229763572,8353.221264395452,8394.21875,276111
2023-04-19,8353.268748007951,8403.013187617058,8326.738755702838,8343.560546875,280819
2023-04-20,8333.99701270826,8401.188436774684,8329.335348343318,8376.9169921875,369060
2023-04-21,8343.032331042958,8366.678588515804,8218.646821209804,8226.76953125,424157
2023-04-24,8244.60004114501,8244.60004114501,8117.475364050289,8138.04638671875,543745
2023-04-25,8180.196744084572,8194.615422246883,8093.684675110705,8140.68994140625,906406
2023-04-26,8196.538427903082,8218.64706914171,8108.008113907886,8177.2177734375,959058
2023-04-27,8237.871612889876,8237.871612889876,8142.94864652198,8211.8701171875,536521
2023-04-28,8259.980546401144,8278.676954512974,8204.324070177296,8256.6640625,387567
2023-05-02,8288.529684641904,8484.911903362605,8272.476701069285,8436.705078125,865562
2023-05-03,8430.12147170957,8485.87370037082,8377.300853536419,8456.36328125,537008
2023-05-04,8455.73801209875,8481.01857325915,8404.166831339395,8459.5341796875,271926
2023-05-05,8459.534546438997,8639.672281238289,8449.345722305803,8601.84765625,951591
2023-05-08,8695.424285136345,8767.469802325824,8612.757195978516,8724.501953125,678780
2023-05-09,8730.991204286884,8785.782187292978,8701.04803721026,8758.4345703125,415394
2023-05-10,8775.015257327863,8824.231200787885,8708.881773326604,8812.8408203125,366827
2023-05-11,8884.742529248095,8954.000066117187,8787.752501945088,8901.9970703125,644550
2023-05-12,8902.04409416639,8968.225451974859,8874.841042225571,8935.1591796875,403028
2023-05-15,8883.828052109213,8946.789612097653,8829.42194980408,8850.47265625,259316
2023-05-16,8861.815982257756,8871.620871853542,8706.094246952298,8719.7919921875,448981
2023-05-17,8728.44406245843,8778.092761546952,8682.016098604785,8765.9814453125,290482
2023-05-18,8790.539908617173,8795.394009370935,8693.59776223507,8702.44140625,272497
2023-05-19,8708.881377250216,8764.826034767806,8613.285355846141,8753.05078125,543472
2023-05-22,8737.719734951863,8814.331172736413,8722.195247945127,8801.787109375,182115
2023-05-23,8813.657245643137,8877.099428892396,8801.881991933995,8844.12890625,269008
2023-05-24,8812.696889410243,8957.076120869588,8804.045681730848,8911.46484375,470365
2023-05-25,8863.403050297466,8933.237900377007,8858.885009414695,8922.134765625,218979
2023-05-26,8971.302640711714,9050.124757559282,8950.395554840561,9035.658203125,346760
2023-05-29,9069.348616019413,9121.063420914452,8951.163328929139,8971.7822265625,236834
2023-05-30,9016.48039922777,9038.493290827448,8939.580779618153,9019.7001953125,372004
2023-05-31,9083.719647588247,9083.719647588247,8908.436014765362,9004.6572265625,1614766
2023-06-01,8975.627824028423,9014.125509843687,8864.603993915944,8966.7841796875,378706
2023-06-02,9025.131467853695,9156.005381453679,8951.788644520406,9117.7470703125,445105
2023-06-05,9182.295561996601,9266.404524223737,9120.82373843138,9210.748046875,434649
2023-06-06,9255.83030037807,9391.365877525572,9238.527886274132,9358.8759765625,542318
2023-06-07,9408.667342422095,9420.202283994335,9276.49613690687,9331.287109375,453747
2023-06-08,9355.799242720674,9386.559088170901,9252.465386911315,9284.2822265625,273746
2023-06-09,9300.52834362204,9337.440536419723,9238.62377451986,9254.6767578125,161389
2023-06-12,9251.985843374327,9324.079239556464,9168.021443440635,9180.3251953125,316879
2023-06-13,9216.420138888889,9245.305373045287,9137.261962181194,9148.65234375,561014
2023-06-14,9151.053771636507,9226.992138018784,9122.697039886163,9163.0693359375,328167
2023-06-15,9184.698657299663,9321.96429564356,9173.163713930997,9223.00390625,459978
2023-06-16,9223.19559569659,9269.672364483162,9181.814177457847,9231.5107421875,682099
2023-06-19,9264.481841592793,9268.471384919294,9141.442447971307,9162.58984375,395006
2023-06-20,9160.667901245999,9169.223360081989,9054.930916027,9124.236328125,612713
2023-06-21,9133.752201153771,9167.395784298413,9031.908081005568,9074.9716796875,356331
2023-06-22,9073.241546825333,9126.398219986733,9010.520295938792,9038.63671875,288487
2023-06-23,9054.92988439618,9061.658600870784,8944.386685170537,8965.822265625,309138
2023-06-26,8965.823216221825,9151.055375697926,8939.581406931798,9103.185546875,405168
2023-06-27,9122.216931060737,9131.829383042887,9030.946511747015,9094.3408203125,339375
2023-06-28,9108.231892636531,9203.923673741452,9066.994094110558,9170.9052734375,482586
2023-06-30,9198.155902436825,9471.63017918918,9171.241035129036,9409.677734375,845006
2023-07-03,9364.499778138164,9406.602135393743,9282.313303311732,9298.1259765625,398066
2023-07-04,9324.078701577033,9339.939247821983,9247.226957937835,9273.517578125,247673
2023-07-05,9321.195244971348,9647.970757405497,9300.04784934493,9605.05078125,815044
2023-07-06,9612.404589450378,9628.120573742544,9434.814530178543,9477.3017578125,652120
2023-07-07,9472.110528999898,9559.583845230767,9434.621964900954,9468.505859375,457050
2023-07-10,9472.11043021088,9548.384863191812,9343.063258985407,9358.9716796875,272008
2023-07-11,9416.358586724436,9570.974511633538,9358.972056838771,9516.47265625,568772
2023-07-12,9511.521137259766,9564.38962261088,9425.009070321577,9454.615234375,552967
2023-07-13,9471.101276451673,9515.31855656378,9239.489052990806,9273.6611328125,519564
2023-07-14,9325.954093113476,9350.321286157183,9219.303738568648,9231.4638671875,498441
2023-07-17,9273.133380043879,9323.118135487259,9184.698812720977,9314.0341796875,444583
2023-07-18,9333.884816178375,9387.81030500523,9229.589695358494,9291.0615234375,320985
2023-07-19,9276.977228296717,9291.395905990681,9156.485520520551,9235.2109375,450254
2023-07-20,9247.179625543618,9405.785097291508,9204.356335914907,9393.76953125,466813
2023-07-21,9343.303924991586,9463.459582463185,9326.962755575449,9391.4140625,328483
2023-07-24,9391.414765903091,9434.62293130932,9304.854811520552,9319.0810546875,358506
2023-07-25,9251.023032369487,9396.123170937297,9244.101879764177,9380.40625,240998
2023-07-26,9383.195905921444,9429.816302524137,9348.350764130771,9378.2451171875,209861
2023-07-27,9391.366360536365,9446.301903628191,9316.053168535798,9375.6015625,256672
2023-07-28,9361.567030050432,9372.14072728121,9176.431579477929,9295.529296875,381151
2023-07-31,9295.529876539918,9456.442709009174,9233.721993888896,9440.1494140625,600060
2023-08-01,9381.754525046956,9508.638910016853,9276.065412095844,9340.1806640625,1394528
2023-08-02,9338.497340698606,9413.907216180136,9151.390582570195,9279.6689453125,672815
2023-08-03,9313.67797569376,9372.96332807518,9232.901244832257,9260.1669921875,614897
2023-08-04,9275.98262266581,9330.318922547534,9146.933910446714,9189.044921875,540470
2023-08-07,9208.061774926324,9256.382078186783,9142.081985601246,9240.857421875,366329
2023-08-08,9256.528403509545,9337.110886673187,9222.616541393396,9259.05078125,430636
2023-08-09,9256.576698925328,9256.625023968285,9137.716044248353,9181.9609375,404602
2023-08-10,9181.960309994127,9217.764426629057,9064.506774888987,9118.40625,523490
2023-08-11,9118.406546721926,9187.685704844816,9066.399326863446,9078.8671875,498504
2023-08-14,9081.923169033782,9085.804332781232,8982.85684340001,9044.712890625,336864
2023-08-16,9056.696866421948,9157.364565146105,8979.219503339498,9139.705078125,336363
2023-08-17,9135.19362552758,9193.265166103542,9072.22135708785,9096.76953125,402798
2023-08-18,9072.219979458834,9188.654888286113,9059.266974871685,9175.119140625,400745
2023-08-21,9174.63518730227,9187.685791205702,9133.59206611755,9158.3828125,375347
2023-08-22,9140.336190290245,9225.575882358864,9130.14813398484,9209.90625,435930
2023-08-23,9236.200281181478,9353.605495387063,9165.369036247532,9315.7158203125,546842
2023-08-24,9374.612675922182,9374.612675922182,9271.130758918092,9289.275390625,385559
2023-08-25,9270.160767023322,9338.808859368613,9203.210684029329,9223.2958984375,346449
2023-08-28,9232.270916475503,9382.71435265101,9227.46778631966,9312.5625,325938
2023-08-29,9314.794400415747,9397.026569731917,9223.587038578342,9335.4130859375,317224
2023-08-30,9373.011300188586,9526.268957075858,9324.496748945374,9505.359375,543634
2023-08-31,9479.840442753728,9765.97965948681,9479.840442753728,9706.59765625,1581818
2023-09-01,9701.940136966878,10089.037938002293,9655.705389757473,10024.3193359375,1193178
2023-09-04,10091.997304250464,10156.958480157857,9980.704730277697,10054.5927734375,819552
2023-09-05,10042.51161214991,10103.349045918978,9941.40710283454,9957.22265625,507107
2023-09-06,9955.186768058998,9955.186768058998,9829.194846705428,9876.447265625,663758
2023-09-07,9848.454750079032,9994.872057353865,9848.454750079032,9975.3203125,445805
2023-09-08,10090.056373705478,10091.026664730933,9993.997562185443,10025.046875,439721
2023-09-11,10037.66033875911,10236.56999264462,10036.690047764545,10220.8994140625,598050
2023-09-12,10230.747985763066,10254.42346444654,10095.877540958336,10191.5478515625,568773
2023-09-13,10188.056434259333,10223.375408918057,10129.838968920709,10162.2470703125,301707
2023-09-14,10154.143327248075,10265.678463772267,10121.153434264308,10176.5576171875,501196
2023-09-15,10177.673512022136,10236.570367056305,10166.12761729441,10212.5556640625,544616
2023-09-18,10188.104295409697,10308.032837076504,10182.282549140917,10209.4990234375,430213
2023-09-20,10182.28207314479,10182.28207314479,10030.431531732707,10039.3583984375,545106
2023-09-21,10035.769251009324,10037.661508179137,9903.276189775772,9978.7646484375,577252
2023-09-22,10069.679530225916,10252.821947968268,10002.195983820739,10222.1611328125,986206
2023-09-25,10222.161992211102,10401.519911288335,10217.164614353187,10273.6357421875,756801
2023-09-26,10316.037839336816,10318.02674648818,10213.817108235358,10243.0234375,452503
2023-09-27,10236.570963861679,10387.936373374705,10212.31368669613,10363.4365234375,458359
2023-09-28,10334.084526705905,10386.965387389017,10219.153365674574,10251.4638671875,598144
2023-09-29,10227.83823728373,10387.451119366377,10198.292684494627,10295.3701171875,481725
2023-10-03,10391.622937679576,10391.622937679576,9997.199624340154,10039.5048828125,623006
2023-10-04,9978.376436976747,9978.376436976747,9790.236624703099,9828.90234375,407793
2023-10-05,9879.454986135454,9965.810888187581,9808.67206567377,9906.8173828125,377196
2023-10-06,9977.501499104348,10025.967719916467,9955.184808014257,9995.9853515625,335700
2023-10-09,9945.483202939753,10027.376146089266,9881.395668981024,9940.4375,230083
2023-10-10,9984.294792921686,10107.521754894578,9964.985622222533,10066.76953125,348342
2023-10-11,10042.463584087334,10129.838099641813,10032.857324110853,10102.7666015625,193526
2023-10-12,10149.244169873451,10308.905369288213,10110.626776404359,10266.552734375,569237
2023-10-13,10221.09534138661,10425.826774882671,10216.971603982069,10408.8466796875,625954
2023-10-16,10411.174565301839,10489.670542142745,10348.15397255535,10386.48046875,304196
2023-10-17,10411.223408251148,10477.057279767056,10251.416276025515,10431.4052734375,474718
2023-10-18,10435.480098752889,10488.700183091074,10392.83561818386,10467.9365234375,267435
2023-10-19,10382.113540608116,10477.881450347795,10382.113540608116,10451.68359375,286284
2023-10-20,10443.339572692983,10478.173401580216,10377.942522252037,10407.0029296875,232512
2023-10-23,10363.678488300757,10406.032070767402,10217.60136328833,10240.1123046875,227925
2023-10-25,10207.461467703257,10331.125246952648,10189.607734024989,10274.265625,401105
2023-10-26,10225.897510476068,10279.26351892812,10083.749869781055,10114.4599609375,506129
2023-10-27,10129.887128012788,10522.806687567048,10129.838802969109,10246.953125,1116713
2023-10-30,10382.113701713448,10382.113701713448,9940.631296640588,10088.794921875,991168
2023-10-31,10178.353290799461,10178.353290799461,10014.374100509174,10083.5556640625,439996
2023-11-01,10081.419916016492,10112.566824954123,9885.95555645061,9923.8935546875,699116
2023-11-02,9984.586528543836,10037.661642349278,9897.939720986466,9997.4912109375,569194
2023-11-03,10011.462299809815,10061.9174306094,9936.749894587354,9971.0009765625,517582
2023-11-06,10031.790185907497,10031.790185907497,9947.423195108551,9979.296875,490459
2023-11-07,9993.998330758419,10019.225899360334,9931.753777668735,9948.685546875,264935
2023-11-08,10013.402309453091,10033.244948306865,9955.766649698557,10015.6337890625,287006
2023-11-09,10042.465082047594,10139.154026659366,10010.251226342865,10091.3671875,310536
2023-11-10,10066.769353094072,10106.939780424182,10013.4033468849,10080.1591796875,206395
2023-11-13,10119.165135825991,10119.165135825991,10055.756996135959,10089.474609375,261891
2023-11-15,10185.145719597329,10185.145719597329,10066.818529943983,10145.412109375,436538
2023-11-16,10168.650291799799,10230.45802172844,10099.95387437662,10173.0166015625,488715
2023-11-17,10188.056557570557,10291.683457617579,10187.232189154904,10210.8583984375,403772
2023-11-20,10188.056108038565,10278.632399274375,10188.056108038565,10252.337890625,234246
2023-11-21,10303.519650363172,10303.519650363172,10188.055026726934,10222.1611328125,312242
2023-11-22,10236.570405453202,10237.783269245318,10110.43257107321,10182.767578125,378891
2023-11-23,10176.218067707016,10212.313083507383,10085.253283709028,10176.8974609375,453820
2023-11-24,10193.82919847131,10252.580130610753,10151.18471835042,10203.2412109375,380306
2023-11-28,10226.819311908097,10242.78078914367,10193.87774134742,10224.490234375,268026
2023-11-29,10255.976408634455,10318.608506463874,10212.992704586952,10284.357421875,343341
2023-11-30,10266.650090870102,10332.629885424412,10232.786552586238,10293.52734375,665660
2023-12-01,10292.847261428462,10439.361207174663,10220.123759112683,10271.2099609375,591519
2023-12-04,10377.262879016886,10377.359529102869,10115.284293010849,10284.5517578125,625235
2023-12-05,10334.473591475911,10450.034879507899,10249.57312239913,10403.3642578125,580996
2023-12-06,10403.36319227905,10429.609373664052,10275.38143355322,10310.0693359375,464163
2023-12-07,10469.440549346913,10608.046248406134,10319.045434875294,10378.8642578125,704413
2023-12-08,10411.22311292839,10428.68835207403,10237.541012535643,10303.083984375,548373
2023-12-11,10314.194597522945,10321.956926476865,10188.105077067701,10228.56640625,579749
2023-12-12,10304.491405203711,10308.372569574787,9995.065196699812,10031.2578125,1088687
2023-12-13,10052.214800194672,10103.543573319837,9955.185699806692,10071.6689453125,603469
2023-12-14,10129.838258607577,10183.204264759246,10005.931905723648,10045.6171875,635475
2023-12-15,10148.273606003224,10165.496271316022,9540.48294236714,9980.8017578125,1244681
2023-12-18,9989.145868800551,10043.385514849706,9922.390037351457,10013.0146484375,652498
2023-12-19,10013.015344499561,10068.71043092387,9902.984905718435,9929.5703125,585734
2023-12-20,9935.780781153131,10002.779191539503,9693.20800817576,9781.7470703125,964051
2023-12-21,9702.910069268415,9799.211451705904,9605.88096857573,9715.3779296875,739806
2023-12-22,9751.425810921091,10011.754730373306,9732.019988411796,9913.6103515625,652545
2023-12-26,9964.888463086849,9975.755911680213,9814.202461913517,9965.51953125,395273
2023-12-27,9980.414116033679,9999.188869538051,9926.077815188073,9982.83984375,397675
2023-12-28,10004.621948198155,10004.621948198155,9884.35419197617,9966.4404296875,584234
2023-12-29,9975.028538872019,10087.776545276756,9967.799681239281,9996.27734375,705227
2024-01-01,10037.661093689623,10037.661093689623,9911.184032055879,9977.7939453125,411724
2024-01-02,9977.793362721228,9988.855059265241,9849.47237653172,9894.78515625,776837
2024-01-03,9896.969624732328,9906.672536129125,9765.980320875577,9778.2548828125,521046
2024-01-04,9799.939701630328,9819.345522821675,9688.889700352871,9717.755859375,711733
2024-01-05,9713.245280343972,9775.683135544574,9673.802566886294,9719.40625,673131
2024-01-08,9707.761133290416,9828.028888264773,9617.427423203944,9651.193359375,600153
2024-01-09,9678.653034707957,9744.293601978316,9596.178297068842,9726.2939453125,666469
2024-01-10,9751.376686262061,9752.152729588814,9654.395906714293,9712.8076171875,481699
2024-01-11,9727.264739199414,9823.323556239016,9702.910812081043,9713.6806640625,1024815
2024-01-12,9727.167447539037,9746.524942842358,9640.763221966372,9669.5810546875,850190
2024-01-15,9688.452135312082,9798.774409816637,9652.454718788465,9787.228515625,463380
2024-01-16,9787.179505660242,9935.77995302051,9761.127571033821,9881.0068359375,536823
2024-01-17,9823.22705201555,9859.903865919854,9699.46661227972,9753.0751953125,610250
2024-01-18,9650.562902484002,9751.424844489962,9448.354820507264,9629.6533203125,614860
2024-01-19,9664.09843359094,9753.025983438034,9653.473557550073,9739.490234375,377018
2024-01-23,9569.01059759628,9676.71290710076,9539.998515385481,9567.5068359375,956269
2024-01-24,9567.069439456734,9702.910182004802,9465.188882545684,9691.4609375,459092
2024-01-25,9691.461683732636,9702.716681390455,9524.910838614349,9587.4462890625,718817
2024-01-29,9636.106370305026,9736.870717142105,9581.672473700206,9694.56640625,446516
2024-01-30,9713.437541026111,9735.415011790405,9636.445327113808,9655.9970703125,399869
2024-01-31,9663.419011351745,9931.510226378055,9618.494727354544,9884.2578125,997024
2024-02-01,9906.671945159489,10381.920327514264,9900.8501986687,10321.908203125,1869594
2024-02-02,10283.144286397595,10393.368967854618,10227.25590235879,10338.8876953125,814940
2024-02-05,10287.024694547672,10440.282340245494,10091.025921835106,10118.7275390625,365105
2024-02-06,10188.00829853549,10534.207976005855,10147.304397086535,10522.6611328125,829040
2024-02-07,10537.361274716903,10647.489313821909,10466.335777167395,10610.8125,560808
2024-02-08,10625.656850080451,10625.656850080451,10372.362571440153,10424.7099609375,557082
2024-02-09,10393.030372856841,10450.03497403834,10295.855341780254,10413.98828125,645489
2024-02-12,10382.1143543843,10429.610291337929,10333.648126369515,10391.5263671875,190655
2024-02-13,10411.22286848916,10508.251972575732,10324.042597487314,10473.806640625,397979
2024-02-14,10386.965607452867,10721.716017034487,10385.413520805181,10700.3212890625,354676
2024-02-15,10712.012409548928,10802.249470607629,10653.79495080138,10760.76953125,447248
2024-02-16,10789.635655462336,11138.940406898168,10768.289253985702,11042.2998046875,716486
2024-02-19,11042.300700188074,11268.03834558032,10996.356850208711,11142.19140625,581383
2024-02-20,11100.12912880247,11138.892444072542,10979.667121168837,11106.3876953125,355044
2024-02-21,11115.652974227985,11178.721885132734,11032.207953646315,11125.2099609375,348461
2024-02-22,11158.346280533915,11347.553021812533,11052.8271363593,11311.4580078125,584406
2024-02-23,11357.208024063226,11371.810714352836,11134.28366300328,11192.888671875,472884
2024-02-26,11163.198207270727,11191.28832186548,11077.279126789053,11126.3271484375,277700
2024-02-27,11075.871736109355,11219.378153654949,11046.03528793718,11158.9775390625,307585
2024-02-28,11130.208717997259,11157.328542558056,10799.33946746661,10821.4619140625,358812
2024-02-29,10823.596445104233,11011.83290501909,10798.854023826765,10952.984375,943841
2024-03-01,10959.437540530964,11328.148143930854,10959.437540530964,11275.7041015625,487355
2024-03-04,11255.376018853796,11330.379326434982,11201.185643507095,11249.7001953125,369936
2024-03-05,11251.54292409917,11381.513594942686,11218.31045686756,11323.8779296875,320702
2024-03-06,11323.878725494578,11332.029549605439,11176.201180815937,11223.4052734375,639542
2024-03-07,11227.285406832436,11287.880268864905,11081.839355488428,11168.09765625,255325
2024-03-11,11173.04737826401,11212.586738604014,11012.851757166376,11057.0,525344
2024-03-12,11061.317761594171,11231.99233309344,11042.882231991514,11167.953125,283816
2024-03-13,11168.050729822933,11211.567907295805,10932.851784607565,11051.76171875,385204
2024-03-14,11063.016299447438,11119.535754745335,10966.278089453332,11065.78125,523058
2024-03-15,11041.912395156947,11178.771761300477,10977.92150947293,11135.69140625,972333
2024-03-18,11096.8796149206,11318.83369458661,11028.619070414708,11290.59765625,311049
2024-03-19,11199.195017042817,11332.95019568239,11115.799266276475,11252.5126953125,409259
2024-03-20,11305.007190970779,11667.750128846397,11305.007190970779,11586.3916015625,1031037
2024-03-21,11642.52263565871,11643.492926735938,11474.031211078118,11554.3720703125,544311
2024-03-22,11536.808985825566,12058.097855884904,11536.808985825566,11971.16015625,1062263
2024-03-26,11920.558818990368,11955.829466593572,11780.497687302437,11886.5986328125,507568
2024-03-27,11924.877403068927,12344.722543946515,11920.705340924455,12138.6806640625,878986
2024-03-28,12196.509581416714,12348.699346201705,12017.53921642179,12226.005859375,860324
2024-04-01,12238.620155029925,12312.023051493752,12134.60571320219,12196.169921875,314676
2024-04-02,12249.876375679272,12272.241395226856,12092.009829828106,12179.5302734375,333508
2024-04-03,12080.123184462063,12153.380156383902,12043.78559629683,12058.630859375,271935
2024-04-04,12118.934668203814,12273.210938199363,11952.092940167218,12193.8896484375,491166
2024-04-05,12120.875272234809,12184.81782868351,12016.568988872237,12052.56640625,231600
2024-04-08,12080.12320153346,12543.583086353587,12080.12320153346,12482.890625,570422
2024-04-09,12482.89030874286,12599.907971344624,12400.31892403544,12505.1103515625,314466
2024-04-10,12548.774322991614,12573.031599576689,12226.541039855409,12305.958984375,464239
2024-04-12,12283.885243684254,12283.885243684254,11861.80861801264,11902.1240234375,973366
2024-04-15,11837.065178769779,12138.340537432676,11675.463400533186,12053.779296875,831257
2024-04-16,11942.341960037538,12177.055738483297,11910.661578986796,12131.2578125,579183
2024-04-18,12196.557977346583,12227.60728961986,11954.033550252072,12036.4599609375,679117
2024-04-19,12031.511492907093,12380.331099955734,11861.807221612333,12333.3203125,635535
2024-04-22,12403.375468663851,12496.52340235827,12282.913464975583,12405.6552734375,342212
2024-04-23,12463.388016074348,12637.555252266278,12396.728834216834,12610.14453125,397281
2024-04-24,12613.783088528475,12685.536297992028,12516.753987847487,12559.4951171875,296364
2024-04-25,12578.853015573612,12595.057065416817,12361.847045923234,12538.5859375,640725
2024-04-26,12538.10080372195,12657.446601497668,12283.884551549289,12325.9462890625,704626
2024-04-29,12419.773920811038,12608.738105168522,12228.578256520537,12312.84765625,613937
2024-04-30,12406.141885331333,12609.90301437244,12361.702742888538,12436.7060546875,528776
2024-05-02,12371.210785470366,12462.564066094386,12142.998142882543,12424.916015625,814923
2024-05-03,12437.14211282869,12448.833930244633,12042.670483605923,12121.021484375,834990
2024-05-06,12177.152619167939,12270.689054959814,12004.925958617954,12069.7412109375,342231
2024-05-07,12101.858163626845,12136.88529062214,11875.391859289632,11996.7265625,604375
2024-05-08,12023.846142287866,12186.806706200447,11958.836644907838,12170.8935546875,399669
2024-05-09,12167.449800316475,12361.313763127337,12067.26724912966,12133.150390625,504590
2024-05-10,12133.489209159648,12319.736760020927,12129.60804507835,12298.923828125,328670
2024-05-13,12283.88411423559,12330.84657786286,12106.85433099401,12297.322265625,281421
2024-05-14,12297.322987277255,12458.537226119612,12275.540710992662,12433.50390625,331037
2024-05-15,12439.131599549171,12489.975230972897,12322.696670380225,12387.9970703125,232030
2024-05-16,12466.299490982447,12466.299490982447,11934.579992145398,12126.3583984375,914201
2024-05-17,12143.33867254892,12289.610051457641,11956.21747103361,12265.9345703125,809226
2024-05-21,12225.813436391169,12302.223858351857,12072.167276528224,12102.7314453125,443136
2024-05-22,12058.582221181601,12189.765753030953,11995.804204383485,12159.0556640625,280015
2024-05-23,12192.725739390446,12589.623106488694,12102.48867114802,12550.6181640625,768732
2024-05-24,12482.794588468654,12646.773778942901,12430.398870802326,12614.220703125,624801
2024-05-27,12636.537073993188,12670.54558554178,12397.408656925936,12522.6728515625,464953
2024-05-28,12507.051620851842,12600.15123650772,12419.967999209372,12437.7724609375,333806
2024-05-29,12437.190553635739,12468.28819196506,12371.210762900271,12408.712890625,353706
2024-05-30,12343.0723608162,12429.428263662883,12177.152592425386,12223.7265625,524559
2024-05-31,12223.726709618417,12258.026119389155,11963.688706905466,12030.9296875,908304
2024-06-03,12443.982724304138,12443.982724304138,12034.083080456367,12105.4970703125,485936
2024-06-04,12222.368223661653,12222.950966838838,11217.971982015355,11814.3125,825928
2024-06-05,11818.144651479513,12239.34760523522,11764.875295335918,12131.16015625,447581
2024-06-06,12139.844576239091,12312.99320047121,12097.588591290389,12296.9833984375,447536
2024-06-07,12208.540984463556,12446.893355435686,12208.540984463556,12430.3017578125,532480
2024-06-10,12385.910051128094,12536.159227556102,12252.737616609356,12339.7236328125,293471
2024-06-11,12364.903530706451,12555.128894395766,12279.227023723193,12481.484375,358807
2024-06-12,12481.484317907123,12566.820654115416,12421.665498177726,12467.6083984375,302719
2024-06-13,12555.56560331319,12555.56560331319,12361.118906912745,12465.1826171875,297240
2024-06-14,12450.289830679854,12511.903313456472,12399.155301920624,12463.5830078125,216967
2024-06-18,12495.796421768679,12497.348508401961,12169.438464201432,12187.77734375,823306
2024-06-19,12235.370868169923,12249.925234785509,11837.55151401055,11878.400390625,694871
2024-06-20,11882.184849267202,11939.917169905075,11774.482536816715,11788.5517578125,907751
2024-06-21,11856.957221256096,11998.86229438283,11724.51248633781,11839.0068359375,947800
2024-06-24,11819.114282031729,11923.905706583031,11683.273546502262,11821.443359375,550862
2024-06-25,11838.909367173615,11874.227392179602,11713.401653757252,11756.6279296875,594272
2024-06-26,11757.016392992464,11957.720713228988,11709.181234794703,11835.8525390625,447931
2024-06-27,11837.551302858461,11864.040060116355,11653.195995682798,11816.9326171875,1230852
2024-06-28,11822.94846452961,11839.006592366162,11647.520027075705,11676.3369140625,1160395
2024-07-01,11687.15466360971,11895.767220909509,11648.876495562652,11748.9140625,1134926
2024-07-02,11788.987480630305,11788.987480630305,11638.640698685056,11684.826171875,687181
2024-07-03,11755.076329775107,11789.036517273427,11604.681213711126,11763.4697265625,467532
2024-07-04,11774.481277893334,11847.253102849412,11713.158697220386,11730.4296875,299684
2024-07-05,11710.588582824405,11776.85927190322,11664.74233079922,11744.451171875,406926
2024-07-08,11744.402401332145,11752.164729422913,11610.502241766397,11666.390625,496933
2024-07-09,11958.83704469507,12574.923528852434,11899.69761641235,12446.6025390625,2114130
2024-07-10,12565.317091899418,12904.870625421896,12354.376391710013,12393.3330078125,2070520
2024-07-11,12419.725806457807,12539.847652482164,12317.893568245663,12337.4453125,608983
2024-07-12,12245.072985074627,12293.490887228894,12104.38078358209,12189.28125,674746
2024-07-15,12225.667042932542,12389.161082355886,12215.964132581008,12268.3115234375,697186
2024-07-16,12267.390662632846,12417.785786630955,12207.960331375529,12264.04296875,347810
2024-07-18,12257.686676670652,12303.290355432904,12092.737200296551,12268.408203125,391216
2024-07-19,12274.182579287468,12332.400046066698,12125.194568398274,12152.216796875,351955
2024-07-22,12128.637799119944,12282.865746883519,12031.657021768215,12265.69140625,249631
2024-07-23,12342.101672676625,12356.607712816032,11992.796908355589,12253.853515625,332258
2024-07-24,12258.656809476917,12286.989496916021,12088.079836797075,12116.2666015625,285860
2024-07-25,12020.014285722744,12152.89583932014,12020.014285722744,12137.5654296875,396789
2024-07-26,12099.52904883383,12364.515148020517,12021.129723737078,12287.474609375,537693
2024-07-29,12331.428175129142,12394.20619160667,12228.577330329103,12372.7138671875,388263
2024-07-30,12380.914513338701,12583.511106774262,12332.303307945007,12491.1884765625,526539
2024-07-31,12594.377249111896,12977.642196215069,12512.048436330037,12726.142578125,836405
2024-08-01,12995.108564192387,13273.582106932865,12722.45676799004,12962.1669921875,2040384
2024-08-02,12856.336432001819,12904.232201736035,12412.691749853531,12464.9462890625,1333355
2024-08-05,12233.40239737403,12233.40239737403,11780.55141100469,11950.1923828125,1131415
2024-08-06,12135.457467997334,12296.97011342799,11861.209841601914,11881.8759765625,623565
2024-08-07,12144.271947416315,12194.224191090661,12013.906768583756,12117.3369140625,433514
2024-08-08,12116.8478262885,12138.102208666829,11902.494304856154,11967.8232421875,358577
2024-08-09,12135.457052764428,12135.457052764428,11944.560739608924,11973.0634765625,320211
2024-08-12,11949.360333957997,12115.867814021347,11851.414757450146,12021.10546875,291212
2024-08-13,12083.546151976823,12086.533300853855,11872.963155893902,11926.0986328125,464483
2024-08-14,11987.558998113867,11987.558998113867,11880.798320706039,11954.89453125,449827
2024-08-16,12061.9497630159,12090.353982081326,11862.189555219604,11962.3876953125,552732
2024-08-19,11944.462997919445,11992.505111666474,11877.6639237611,11900.19140625,277319
2024-08-20,11910.67137402624,12057.100005284572,11900.48465186055,11964.0029296875,471927
2024-08-21,11964.004124423262,11997.305622483114,11926.882366044847,11969.880859375,295984
2024-08-22,12027.716997765172,12071.792507936134,11930.75087538905,12024.1416015625,501316
2024-08-23,12047.306036766659,12120.814001406485,12002.643236010752,12049.55859375,440809
2024-08-26,12071.792744510116,12081.097574617446,11970.908797030641,11992.2607421875,232805
2024-08-27,11993.435842997318,12272.58073603564,11973.94429067298,12240.1611328125,477609
2024-08-28,12243.196463117034,12262.736795972114,12076.688991218643,12103.6240234375,313227
2024-08-29,12089.422779160885,12223.608221982326,11998.333390968228,12197.9462890625,608598
2024-08-30,12204.019410941404,12311.759550203327,12063.173856551692,12148.1904296875,2271179
2024-09-02,12118.80609136282,12267.68336654969,12096.670773836257,12172.0888671875,331514
2024-09-03,12217.730683919106,12218.024329335945,12105.975168568448,12142.41015625,445514
2024-09-04,12071.840451582757,12143.291937189684,11982.758763131062,12082.810546875,735076
2024-09-05,12083.546055167295,12115.86809616758,11978.744285863339,12045.9345703125,595865
2024-09-06,11998.33278813407,12052.05555275288,11846.223503352614,11935.794921875,733354
2024-09-09,11946.911444155492,11968.801897446296,11853.373420550914,11896.224609375,415790
2024-09-10,11900.484906316351,12035.601018111278,11849.455644423406,12011.4580078125,285122
2024-09-11,12008.127874125488,12080.607601913847,11915.079574937728,11991.0849609375,349799
2024-09-12,12010.18449313708,12171.697135954175,11901.70976409492,12146.083984375,547830
2024-09-13,12110.970919710251,12140.354593595517,12038.539972283112,12063.0263671875,361093
2024-09-16,12068.805486205305,12109.99141095441,12004.210185430058,12036.5322265625,170114
2024-09-17,12032.614538701564,12032.614538701564,11902.004489983958,11994.1708984375,568161
2024-09-18,11988.58760337281,12084.476707432072,11919.976916856353,11953.3759765625,182282
2024-09-19,12008.079061662678,12155.046209911246,11955.629396029457,12097.748046875,465608
2024-09-20,12106.466356590681,12444.13375768881,12106.122973146514,12355.345703125,875654
2024-09-23,12365.629158327234,12487.081674416942,12365.629158327234,12422.53515625,235586
2024-09-24,12324.590128025151,12516.41712399162,12324.590128025151,12476.8955078125,425916
2024-09-25,12465.778525687956,12552.90130826725,12351.91679172255,12522.6357421875,341172
2024-09-26,12571.315649071716,13135.482210338978,12566.418369894049,13108.8408203125,1471069
2024-09-27,13108.05643744988,13263.447476390027,13001.736705990723,13218.3427734375,865698
2024-09-30,13069.416518866214,13222.652561517978,12937.33729421273,12966.03515625,415743
2024-10-01,12966.035463771505,13027.202667816024,12732.973772350351,12895.5146484375,388888
2024-10-03,12675.185881760992,12877.884444353846,12333.600682493545,12387.51953125,863520
2024-10-04,12429.196981730664,12613.284940697778,12255.441134021801,12346.775390625,679362
2024-10-07,12366.657992476976,12388.157239074037,12123.704167082418,12270.1328125,465500
2024-10-08,12245.401182598354,12370.624223077895,12206.026868437273,12274.4912109375,387060
2024-10-09,12297.018958534754,12586.00720504399,12282.86563072795,12498.5419921875,465231
2024-10-10,12535.957606790673,12698.644837574551,12450.352784637787,12678.173828125,492698
2024-10-11,12678.173167508661,12713.336012577876,12463.57478891013,12514.1640625,274243
2024-10-14,12512.547857043493,12536.054796266119,12206.271836788737,12280.26953125,488067
2024-10-15,12447.903289419175,12447.903289419175,12101.175949388144,12191.041015625,532135
2024-10-16,12159.012438781287,12199.072561479732,11979.723255385923,12129.482421875,418138
2024-10-17,12145.251158003088,12164.937835748018,11822.030764282037,11894.265625,875937
2024-10-18,11822.031639880597,11891.817866420903,11601.115572988756,11856.41015625,506871
2024-10-21,11896.029777066557,11998.334131635864,11699.15915172298,11925.7568359375,375275
2024-10-22,11964.982838667867,12037.315264282477,11596.756252672621,11678.3447265625,904901
2024-10-23,11678.345832194474,11870.907427642032,11511.985637429885,11710.5703125,412638
2024-10-24,11752.441391578493,11752.441391578493,11397.82960961739,11522.0244140625,552495
2024-10-25,11521.925314174621,11551.99479709372,11204.973815082167,11266.5322265625,624582
2024-10-28,11268.442040524124,11393.66602894127,11204.973500805521,11247.3349609375,613830
2024-10-29,11214.768487673706,11247.09052785652,10521.754753781212,10819.068359375,2268683
2024-10-30,10753.445112416015,11283.330694510656,10720.143615574578,11025.1953125,1672966
2024-10-31,10994.391524723635,11016.47806205463,10822.986757077608,10848.8935546875,838211
2024-11-01,10920.932138135688,10979.258539555547,10852.370232335734,10881.75390625,65670
2024-11-04,11062.953537681522,11062.953537681522,10636.890254025793,10825.38671875,444462
2024-11-05,10815.151231900314,11043.364439383811,10785.669994134352,10940.619140625,321159
2024-11-06,10988.514927470716,11195.180107049673,10943.06779447996,11120.986328125,416027
2024-11-07,11072.895325966107,11151.10449045116,10956.780073516096,11067.998046875,530194
2024-11-08,11029.162190416815,11110.946750862604,10897.033218545786,11070.7890625,269993
2024-11-11,11098.702879384591,11281.518678516917,11077.644580668026,11165.501953125,450681
2024-11-12,11158.009547218846,11280.2951809503,10879.060719375622,10914.173828125,549747
2024-11-13,10911.13791594895,10913.928982456777,10641.101753066656,10822.5947265625,507710
2024-11-14,10827.883025537712,10889.295090713842,10668.329305546586,10779.9384765625,431348
2024-11-18,10725.041321877554,10953.205748422395,10690.760367880686,10866.0341796875,333440
2024-11-19,10862.164474324969,10965.252193975348,10672.5422201143,10734.1494140625,864067
2024-11-21,10696.784250296074,10733.072896920517,10548.739121345965,10638.310546875,540201
2024-11-22,10680.965335719631,10878.472977370246,10604.81264843378,10836.306640625,493678
2024-11-25,10971.863836005637,11016.870021169592,10764.267988569149,10798.6474609375,635726
2024-11-26,10798.647234710788,10850.362308399648,10667.693806119074,10719.115234375,406586
2024-11-27,10711.328034617507,10888.511961608621,10646.683955403467,10831.1640625,343332
2024-11-28,10833.173157019086,10852.957398694525,10664.314596929218,10724.8935546875,607669
2024-11-29,10724.992071753726,10901.440457644878,10695.657179672524,10846.689453125,338207
2024-12-02,10921.911704474473,11097.234293937385,10921.911704474473,11008.3974609375,446880
2024-12-03,11018.877286243269,11076.665176011122,10972.84286558074,11047.5263671875,258644
2024-12-04,11049.240433287245,11067.850092735207,10877.835675213912,10901.1953125,554674
2024-12-05,10906.190491151723,11038.46579278125,10804.375879340723,10952.5185546875,545501
2024-12-06,10969.905607458975,11142.241056940413,10892.528594692078,11085.4326171875,417214
2024-12-09,11089.398656077241,11135.335516063671,11021.375258924552,11048.0654296875,254485
2024-12-10,11043.364595332485,11081.905800034217,10940.5217321387,10968.142578125,410569
2024-12-11,10999.190067470956,11088.270799153524,10990.080364162266,11046.056640625,226584
2024-12-12,11067.213031382864,11067.213031382864,10850.655745990221,10937.974609375,396561
2024-12-13,10908.5909947505,11058.055561547597,10806.922721376315,11040.9638671875,263579
2024-12-16,11024.31372362453,11096.695891060643,10974.802423402585,11045.3232421875,223389
2024-12-17,11031.611130221962,11040.86717921354,10832.487949172279,10880.333984375,295445
2024-12-18,10857.266966635361,10870.048672846875,10744.727118589686,10776.4130859375,497103
2024-12-19,10664.31431062771,10808.68647219405,10629.494849673547,10730.2802734375,435360
2024-12-20,10715.246675192102,10849.432122587103,10642.718162991338,10677.0966796875,404608
2024-12-23,10703.492229370726,10764.022402252249,10534.438552784184,10599.669921875,237165
2024-12-24,10599.670319233332,10663.775890536412,10504.66310975582,10516.0244140625,151149
2024-12-26,10549.228687796123,10749.331316320382,10548.738959896407,10672.150390625,349811
2024-12-27,10704.961891163002,10904.28114134386,10688.408705968219,10716.2744140625,257973
2024-12-30,10716.274027991296,10725.04034816029,10529.246763222744,10577.09375,335481
2024-12-31,10543.840719697684,10669.896860893132,10529.736174871729,10635.322265625,198997
2025-01-01,10634.931006502487,11042.335835134803,10578.318652934531,10978.0341796875,383202
2025-01-02,11053.158249014412,11615.51315608677,10995.37035918793,11598.029296875,1417042
2025-01-03,11606.502380344884,11802.246238225356,11545.77612110153,11689.0703125,701315
2025-01-06,11683.927924204667,11733.782605684788,11450.52380463716,11514.1396484375,383268
2025-01-07,11514.139997934453,11582.995549614081,11433.873403545198,11480.4951171875,308104
2025-01-08,11485.098223749947,11616.296513896164,11484.41241341907,11579.1259765625,303100
2025-01-09,11579.126475640356,11606.551238059401,11420.112208999863,11499.349609375,266413
2025-01-10,11449.83778756543,11518.399690484983,11332.303096846195,11392.1474609375,218246
2025-01-13,11232.888956860854,11415.018956028303,11232.39922895586,11261.4892578125,253524
2025-01-14,11296.994073094904,11543.424762301236,11294.104487272578,11499.9375,627463
2025-01-15,11646.267561144068,11941.916857859547,11617.324834573552,11701.9501953125,692822
2025-01-16,11735.300755256472,11884.71654457919,11710.569496582448,11843.873046875,551211
2025-01-17,11853.276092256992,11939.468199483941,11757.680635796332,11887.017578125,285370
2025-01-20,11897.497320795528,11897.497320795528,11737.846039663767,11773.1064453125,251731
2025-01-21,11770.16863660401,11890.396831013222,11618.352993969162,11639.55859375,300038
2025-01-22,11655.57205671404,11830.698551263722,11655.57205671404,11773.400390625,396590
2025-01-23,11758.36744765724,11857.586133695684,11715.56503582727,11798.2802734375,480876
2025-01-24,11684.907539944497,11844.558833239631,11669.333810329901,11722.029296875,310343
2025-01-27,11657.385118819699,11799.406206776399,11568.400987396612,11747.4453125,251783
2025-01-28,11771.441738217156,11914.785662442275,11640.782913870418,11874.6767578125,533451
2025-01-29,11871.004507813463,12067.58148168093,11640.881172197427,11731.82421875,817549
2025-01-30,11774.0373203125,11862.04103497823,11678.148221827189,11753.46875,418442
2025-01-31,11753.468993517903,12135.456735807235,11753.468993517903,12057.7373046875,709009
2025-02-01,12066.895250261294,12879.84355040065,11977.422347056716,12651.140625,1101170
2025-02-03,12723.130416402922,13184.650165224746,12656.184997312213,12870.0,926127
2025-02-04,12977.788798599346,12987.534574695228,12705.010369889163,12840.6162109375,530749
2025-02-05,12840.664971106755,12879.843201377103,12736.352933011953,12817.94140625,271633
2025-02-06,12791.691916566277,12860.253818109893,12739.584680093178,12805.404296875,414134
2025-02-07,12791.692488816621,12839.196094154111,12744.678611369209,12781.408203125,355223
2025-02-10,12781.897639036248,12791.692196614053,12621.9039236027,12635.7138671875,294142
2025-02-11,12634.930505119099,12749.820474308992,12438.549625509431,12462.9375,354195
2025-02-12,12439.088759771663,12503.09581421513,12349.027606939339,12395.5517578125,425735
2025-02-13,12414.602693510056,12483.115820384857,12355.590479523154,12410.978515625,186742
2025-02-14,12439.08839225863,12517.44485457207,12325.56908488212,12419.744140625,233454
2025-02-17,12342.70930993698,12511.567865387426,12319.692099600625,12500.6962890625,192210
2025-02-18,12502.704142978511,12620.238835570446,12473.516552284804,12523.517578125,267936
2025-02-19,12465.533823871967,12506.818267969189,12391.095183924275,12425.5234375,288694
2025-02-20,12390.116075340842,12390.116075340842,12125.663004958073,12185.0673828125,423739
2025-02-21,12164.840677465385,12183.058172208539,11993.435917517201,12070.2744140625,477013
2025-02-24,11996.716286466277,12177.083442926207,11969.046661912673,12091.5771484375,399571
2025-02-25,12134.232286426772,12250.445092457972,12096.278376540864,12220.0322265625,363355
2025-02-27,12274.246344121906,12292.170193821703,12059.059715245643,12126.25,236805
2025-02-28,12085.015341609067,12085.015341609067,11569.038219462527,11700.431640625,605149
2025-03-03,11641.811993716483,11811.698798705675,11516.196783536932,11533.6796875,186884
2025-03-04,11449.838381375766,11483.384742758326,11352.872256503551,11377.603515625,255726
2025-03-05,11366.584767310746,11586.962326349514,11330.687328982945,11378.6806640625,349730
2025-03-06,11460.612421204256,11488.526911760988,11244.152687413458,11426.7236328125,315309
2025-03-07,11410.659849348089,11501.063426639961,11362.666516076151,11424.51953125,259055
2025-03-10,11361.687036917629,11457.576140286012,11296.700528577932,11348.0234375,153894
2025-03-11,11341.608366955305,11451.797143783533,11273.53618927031,11407.6728515625,245822
2025-03-12,11382.05958529063,11483.090832026863,11285.289545115374,11400.962890625,249361
2025-03-13,11395.77196234278,11444.940833990733,11253.702092198975,11277.2578125,260736
2025-03-17,11277.25819747886,11511.49543877674,11220.988269477255,11316.3388671875,275569
2025-03-18,11316.3388671875,11316.3388671875,11316.3388671875,11316.3388671875,0
2025-03-19,11459.63320484907,11473.78653288494,11309.776462939504,11376.91796875,476555
2025-03-20,11459.534596436795,11523.296782518748,11349.933116517403,11489.2119140625,379421
2025-03-21,11537.989294002266,11676.778371801389,11465.313482531255,11491.7587890625,560565
2025-03-24,11537.941008147636,11743.675515940522,11500.81924922959,11677.3173828125,359033
2025-03-25,11705.86858110057,11827.17380088901,11557.578588475626,11625.0634765625,514283
2025-03-26,11564.435146763175,11625.063846089177,11469.427929922653,11493.228515625,478517
2025-03-27,11531.280163017378,11653.564834169869,11398.906332162458,11481.1318359375,645787
2025-03-28,11458.702664357977,11504.639525896833,11165.894149416436,11285.4375,541795
2025-04-01,11244.152473418013,11308.600473124232,11058.055873248204,11245.2294921875,498244
2025-04-02,11245.229261179526,11490.975096534334,11175.639120003452,11475.4013671875,452994
2025-04-03,11391.5602929462,11560.467631188983,11372.509686986705,11447.9765625,326624
2025-04-04,11361.687110803867,11391.070784366291,11097.234048742053,11246.111328125,355785
2025-04-07,10877.443859467427,11125.148611828441,10832.24254857302,11096.9892578125,602353
2025-04-08,11293.125252153714,11313.056794868742,11058.10464417949,11223.486328125,629968
2025-04-09,11224.661343658801,11301.647145583232,11190.28282672106,11222.017578125,255114
2025-04-11,11244.49427225254,11438.818672806829,11244.151845344955,11360.755859375,231420
2025-04-15,11547.783616650411,11694.701983274463,11440.043481126108,11611.4482421875,458593
2025-04-16,11526.235470116384,11526.235470116384,11376.378737712594,11424.3720703125,470494
2025-04-17,11424.372222370672,11487.057392315091,11288.227868897633,11454.7353515625,302146
2025-04-21,11454.735219358638,11527.214946270355,11349.93345206737,11503.7080078125,318493
2025-04-22,11528.194979766331,11545.825184493246,11376.379327951227,11492.9345703125,516753
2025-04-23,11556.598659385629,11725.065052250646,11488.036755312658,11662.3798828125,493839
2025-04-24,11694.702428417164,11792.648009894694,11614.387051605589,11649.6474609375,387863
2025-04-25,11657.482809227538,11798.524442946979,11359.728249153168,11457.673828125,906266
2025-04-28,11193.22125117392,11651.606580675967,11057.076890488483,11602.6337890625,457303
2025-04-29,11569.332109434381,11694.702453999875,11499.79074643321,11597.736328125,455596
2025-04-30,11582.064557657104,12071.792445930132,11557.578163243452,12005.189453125,967250
2025-05-02,12005.18995309666,12465.534187244937,11998.333762375301,12150.1494140625,707908
2025-05-05,12233.40313296426,12233.40313296426,12108.032788607221,12202.060546875,270014
2025-05-06,12182.471026187803,12340.163407214997,12116.847488741703,12322.533203125,414921
2025-05-07,12101.176137459926,12408.725251758788,12101.176137459926,12373.46484375,303619
2025-05-08,12301.9645865276,12338.204450357338,12076.689757315708,12137.416015625,485326
2025-05-09,11885.695595902424,12106.073140943878,11866.106480787628,11998.3330078125,278112
2025-05-12,12170.717849915285,12370.526834414137,12170.717849915285,12356.814453125,185165
2025-05-13,12341.142182242429,12439.087755117369,12174.634708355032,12225.56640625,378269
2025-05-14,12228.505753779844,12456.718956874012,12156.026024041781,12409.705078125,306050
2025-05-15,12341.142701778683,12755.452492481252,12290.211001739595,12685.9111328125,561496
2025-05-16,12683.952808622305,12817.158799508225,12646.733487639476,12728.0283203125,425275
2025-05-19,12723.129846348353,12777.97936685609,12664.362502947206,12722.150390625,244277
2025-05-20,12737.822580508066,12742.719859470199,12350.937542499554,12378.3623046875,361111
2025-05-21,12414.602309146478,12544.86993100971,12335.266389064358,12355.8349609375,209104
2025-05-22,12351.916807468488,12351.916807468488,12140.354359572746,12189.3271484375,434848
2025-05-23,12194.223742208203,12238.29924971016,12167.778437707027,12197.162109375,169465
2025-05-26,12199.121809209202,12281.396095196642,12136.436638933057,12165.8203125,214703
2025-05-27,12165.820057542769,12222.628491915,12037.51135232273,12158.9638671875,344679
2025-05-28,12158.963773182173,12159.943228939639,12052.203095618386,12077.6689453125,178181
2025-05-29,12086.48431510753,12172.676423675557,12014.004587448051,12137.416015625,191097
2025-05-30,12137.416289116405,12233.402957639115,11999.313021139855,12065.916015625,351353
2025-06-02,11911.161921213894,12065.915936800753,11882.75770316314,12037.51171875,264972
2025-06-03,12020.86093357056,12096.279029544237,11812.236849903118,11878.83984375,369114
2025-06-04,11878.840140179233,11993.436470687227,11878.840140179233,11913.12109375,205846
2025-06-05,11949.360587528863,12005.189567323056,11769.140722930068,11876.880859375,319783
2025-06-06,11889.614283515637,12277.47879099337,11851.415506264042,12205.978515625,456129
2025-06-09,12248.094648279854,12399.910295659573,12209.895872487537,12377.3828125,323443
2025-06-10,12399.910926891973,12482.185217402157,12204.99921484999,12262.787109375,325292
2025-06-11,12213.81282013557,12301.963834875924,12171.696224204068,12196.1826171875,306061
2025-06-12,12203.03947960805,12233.402608580507,12054.162202065678,12135.45703125,347339
2025-06-13,11949.361078789892,12169.738639669215,11925.854138962766,12153.087890625,385493
2025-06-16,12149.16962508729,12308.82091893518,12082.566631334796,12272.5810546875,184242
2025-06-17,12271.601037970797,12355.834232101652,12213.813148974046,12336.2451171875,226597
2025-06-18,12360.732196655848,12615.39070466936,12292.170290652211,12486.1025390625,467738
2025-06-19,12488.061607321519,12561.520793246938,12452.801198077317,12542.9111328125,339117
2025-06-20,12545.848953854273,12625.184871198499,12466.513036510045,12528.21875,652128
2025-06-23,12508.629211469039,12523.321047517275,12405.786359131378,12438.1083984375,192037
2025-06-24,12566.41781062292,12590.904205421482,12295.108556254832,12351.9169921875,332717
2025-06-25,12423.418054726051,12543.891124793168,12357.79451249437,12504.712890625,316536
2025-06-26,12517.444899294633,12584.047892499017,12428.314423094647,12453.7802734375,354735
2025-06-27,12488.06150026326,12536.054834656428,12361.711701554714,12382.2802734375,346403
2025-06-30,12406.76565484816,12414.601300639491,12078.64798733619,12145.2509765625,448956
2025-07-01,12194.224318023127,12203.03941993977,12066.895068116059,12186.388671875,283481
2025-07-02,12125.66213908503,12383.259000359616,12105.093568412914,12362.6904296875,609735
2025-07-03,12370.526898813667,12556.623502992177,12331.348666355032,12490.0205078125,606221
2025-07-04,12453.779711562698,12486.101750924205,12348.977947572355,12386.197265625,225607
2025-07-07,12387.178000979682,12409.705485286042,12214.79377324406,12262.787109375,220116
2025-07-08,12267.68345710677,12297.067130057923,12105.093800110384,12158.9638671875,241050
2025-07-09,12179.53252454328,12282.375380600943,12174.63524568339,12213.8134765625,174203
2025-07-10,12243.196871912056,12409.70434937006,12146.230752686512,12390.115234375,277325
2025-07-11,12380.321819826626,12424.397332634553,12263.766574845664,12315.677734375,194420
2025-07-14,12331.348798720433,12356.814650091897,12175.615323025711,12256.91015625,246737
2025-07-15,12224.58696610013,12339.183286509851,12224.58696610013,12278.45703125,147377
2025-07-16,12278.457075398957,12312.738026072135,12183.449869247577,12305.8818359375,204480
2025-07-17,12310.779818110146,12367.588253900614,12206.95750442412,12219.6904296875,189207
2025-07-18,12267.68364077346,12269.642552332867,12115.86799491958,12163.861328125,124068
2025-07-21,12175.615265313256,12221.649688728083,12088.443697570285,12150.1494140625,232066
2025-07-22,12193.245703734765,12272.581626459683,12065.916445040451,12235.3623046875,169006
2025-07-23,12282.376209276252,12457.698804289048,12282.376209276252,12367.5888671875,342005
2025-07-24,12388.156844165604,12400.889769448191,12261.80704713071,12299.0263671875,157163
2025-07-25,12287.273191706054,12299.026661478909,12103.135498597983,12149.169921875,260700
2025-07-28,12116.847504305106,12277.478252886953,12049.265055206644,12086.484375,292879
2025-07-29,12086.484190166613,12250.053303599176,12015.963374794492,12212.833984375,285115
2025-07-30,12175.614238541295,12383.258854305976,12164.840225459166,12358.7724609375,203847
2025-07-31,12249.074025730191,12497.855794683932,12207.93688283233,12348.978515625,709783
2025-08-01,12396.501149378022,12651.935802883296,12150.96706383807,12179.6787109375,346024
2025-08-04,12203.440517905883,12301.456144327487,12103.444777819197,12242.052734375,255693
2025-08-05,12276.704018604929,12451.944067902758,12247.002315334112,12412.341796875,233560
2025-08-06,12445.014293649941,12493.527078088195,12358.87934985141,12399.4716796875,151608
2025-08-07,12400.461383648051,12528.178710473649,12305.415931126678,12506.3974609375,173393
2025-08-08,12504.417702696832,12598.473101093998,12439.073952231432,12464.8154296875,247048
2025-08-11,12459.865411593533,12607.383881702985,12357.889556417202,12471.74609375,187230
2025-08-12,12494.516609168128,12830.145858812184,12480.655814197577,12712.3291015625,504476
2025-08-13,12712.329012535063,12796.483838552624,12625.20401618747,12706.388671875,252065
2025-08-14,12736.09090909091,12827.176136363638,12697.478693181818,12807.375,318580
2025-08-18,13566.748406595421,13984.552378541948,13528.13619117856,13928.119140625,2154781
2025-08-19,13930.099344161184,14128.110706551535,13840.004174273576,14108.3095703125,906623
2025-08-20,14219.195664092715,14219.195664092715,14058.806463592575,14079.59765625,391425
2025-08-21,14077.618251323967,14257.808596759016,14015.244670211834,14138.01171875,513460
2025-08-22,14206.3251953125,14227.11638836439,14088.508434685125,14206.3251953125,458935
2025-08-25,14257.807884775895,14334.042257883857,14138.0110127491,14308.30078125,357110
2025-08-26,14308.301397956453,14677.59259788987,14247.907930943213,14567.6962890625,962974
2025-08-28,14746.896486096164,14746.896486096164,14479.581141937322,14605.318359375,666635
2025-08-29,14603.338333778776,14702.344017397614,14545.915037279849,14643.9306640625,621560
2025-09-01,14642.940076309238,14789.46848275236,14508.292351469612,14738.9755859375,572927
2025-09-02,14711.253816963159,14785.508076083708,14636.009501054335,14694.4228515625,379167
2025-09-03,14727.095170454546,14841.941761363638,14603.33806818182,14778.578125,561656
2025-09-04,15088.465724534512,15088.465724534512,14484.531072830703,14516.212890625,784369
2025-09-05,14593.43767570913,14808.280007841347,14554.825459335138,14746.896484375,473806
2025-09-08,14772.63795772607,15166.680575993947,14702.343922808937,15106.287109375,691077
2025-09-09,15097.376068021886,15231.03373535633,15049.853341858527,15212.22265625,605860
2025-09-10,15213.212977887337,15231.034000508836,14922.1362750695,14957.7783203125,489062
2025-09-11,14960.748135182905,15039.952678284924,14888.473989602311,14944.9072265625,657161
2025-09-12,15009.26171492659,15220.143822134993,15002.331317037113,15172.62109375,420101
2025-09-15,15197.37162345439,15225.093213386424,15097.375888342409,15113.216796875,170587
2025-09-16,15147.868794849259,15438.94548933852,15132.027886305626,15418.154296875,381944
2025-09-17,15436.965821486774,15660.718661126077,15415.184571610382,15643.8876953125,624986
2025-09-18,15757.744139513658,15780.515446073647,15546.862039632002,15659.728515625,642175
2025-09-19,15840.90944906707,15900.312859501071,15653.788706199965,15706.26171875,652443
2025-09-22,15721.111859380928,15840.908731664138,15622.106179808026,15658.73828125,302234
2025-09-23,15959.715642375133,16162.677286710548,15871.600587029514,15936.9443359375,873114
2025-09-24,16027.040126507785,16212.180755594574,15903.283021503246,16087.43359375,663647
2025-09-25,16087.433238636364,16207.230113636364,15907.242897727274,16107.234375,490262
2025-09-26,16073.572531682215,16271.583896408822,16040.900656502326,16124.0654296875,490957
2025-09-29,16137.926317430713,16177.528590602322,15791.406427179132,15825.068359375,627326
2025-09-30,15826.058592775204,15894.372514758406,15762.694954993683,15869.62109375,390006
2025-10-01,15866.650300828962,15948.825015353408,15692.400303765071,15806.2568359375,426075
2025-10-03,15790.416014018609,15865.66033134668,15579.533914138618,15648.837890625,470216
2025-10-06,15682.499736295162,15897.342062227994,15551.812238492703,15838.9287109375,268497
2025-10-07,15854.769621582638,15998.327857821521,15818.137519921682,15947.8349609375,330326
2025-10-08,15947.835495204768,16074.562770061128,15820.118163513596,15852.7900390625,306518
2025-10-09,15910.213425183765,15915.163709385752,15695.371090817564,15826.05859375,300499
2025-10-10,15821.10821621388,16152.777255790328,15752.794294629475,16103.2744140625,423031
2025-10-13,16102.283913994057,16268.613457621148,16056.741300858068,16160.697265625,337617
2025-10-14,16187.428530951163,16187.428530951163,15960.705525838759,16099.3134765625,307925
2025-10-15,16137.925779322415,16217.130323024612,16038.920099694671,16050.80078125,266435
2025-10-16,16084.463333667283,16169.608221436296,16038.920719279206,16135.9462890625,265727
2025-10-17,16135.946022727274,16384.45028409091,16135.946022727274,16237.921875,411608
2025-10-20,16335.93767837844,16353.758701300307,16217.130858899323,16260.693359375,374246
2025-10-21,16289.404918632497,16312.176225575216,16167.627929330134,16232.9716796875,28990
2025-10-23,16494.34613978718,16494.34613978718,16177.527966634005,16230.0009765625,481753
2025-10-24,16229.011274214237,16259.703035408762,16038.920366170732,16112.1845703125,208520
2025-10-27,16187.428622982517,16246.83203077328,16113.174363244065,16225.05078125,209829
2025-10-28,16235.941404334115,16330.986856789514,16099.31356642948,16148.81640625,383383
2025-10-29,16197.329725453897,16264.653589838425,15886.451881090052,15977.537109375,232815
2025-10-30,16029.019442909841,16113.174270127094,15917.143025550433,16044.8603515625,230383
2025-10-31,16042.880592941045,16351.778318502487,15790.416105703329,16025.0595703125,719402
2025-11-03,15856.74963660469,15939.914407426044,15375.582033995432,15495.37890625,942850
2025-11-04,15451.817031735296,15477.55850945844,15202.322709187894,15221.1337890625,748848
2025-11-06,15379.542078139157,15379.542078139157,15156.77930180458,15298.357421875,429800
2025-11-07,15305.288706927531,15344.890980572469,15108.267395543962,15325.08984375,227247
2025-11-10,15227.074126502037,15491.419301519985,15227.074126502037,15428.0556640625,274191
2025-11-11,15484.488192613455,15524.090464205818,15357.760923517897,15489.4384765625,181524
2025-11-12,15518.15039087387,15574.583628865435,15400.333630856388,15539.931640625,244015
2025-11-13,15505.27929985138,15642.897192877326,15504.28924306702,15592.404296875,250711
2025-11-14,15568.643109867142,15578.543677822541,15417.164420149515,15528.05078125,253698
2025-11-17,15533.001332732889,15733.982865688766,15499.33940110481,15720.1220703125,301069
2025-11-18,15720.122513045355,15839.919390742702,15593.395237464689,15771.60546875,392903
2025-11-19,15791.406160196879,15791.406160196879,15558.74280924727,15611.2158203125,286434
2025-11-20,15652.79820662557,15665.668945188892,15462.707298613419,15643.8876953125,249492
2025-11-21,15632.997071351592,15989.417523896656,15580.524060282458,15818.1376953125,586351
2025-11-24,15845.858840760708,15925.063383544892,15752.793502989292,15799.326171875,525788
2025-11-25,15799.326615381513,15890.411842140198,15684.480025120563,15731.0126953125,214525
2025-11-26,15791.405724121458,16048.820488276415,15791.405724121458,15995.357421875,314946
2025-11-27,16005.257981247642,16010.208265171077,15717.151456903768,15744.873046875,339986
2025-11-28,15747.843661188088,15889.42178538964,15692.400479682585,15741.9033203125,352340
2025-12-01,15816.157406137887,16016.148880068395,15693.390362735001,15936.9443359375,434052
2025-12-02,15966.645865987648,16099.313475961131,15934.96404868055,16077.5322265625,383165
2025-12-03,16057.73153409091,16086.443181818182,15850.80965909091,15922.09375,264397
2025-12-04,15898.332386363638,15974.566761363638,15729.032670454546,15834.96875,248812
2025-12-05,15840.909439872252,16175.548651789553,15820.11824623242,16120.10546875,332032
2025-12-08,16038.920543395163,16094.36372552048,15933.974520086527,16026.0498046875,220513
2025-12-09,15891.401721785756,16064.66166205817,15826.057972883018,15860.7099609375,276388
2025-12-10,15930.013758685973,15964.665746352475,15766.654388258181,15859.7197265625,293374
2025-12-11,15889.422050382162,16133.966087172268,15824.07829966092,16086.443359375,268701
2025-12-12,16086.443181818182,16371.579545454546,16085.453125,16357.71875,404711
2025-12-15,16335.937053809397,16335.937053809397,16197.329103049802,16251.7822265625,225221
2025-12-16,16236.931284013086,16287.424180079224,16157.72674116424,16191.388671875,156134
2025-12-17,16226.04066080372,16326.036396159212,16194.358843661385,16234.951171875,257406
2025-12-18,16276.53400152719,16322.07661491346,16059.711559536043,16166.6376953125,213981
2025-12-19,16166.638137365588,16311.186435978814,16166.638137365588,16250.79296875,360190
2025-12-22,16300.294576626224,16527.017575778762,16250.791738383312,16483.455078125,271590
2025-12-23,16542.85883834696,16553.74946299367,16393.360263651266,16420.091796875,215650
2025-12-24,16474.544393222775,16553.748933574807,16377.518831291534,16536.91796875,258486
2025-12-26,16536.91849798615,16536.91849798615,16351.77787898816,16430.982421875,212925
2025-12-29,16434.94282545944,16516.12748279002,16334.94708899128,16377.51953125,251796
2025-12-30,16410.1924685191,16650.776285704633,16318.117180460444,16481.4765625,1055843
