Date,Open,High,Low,Close,Volume
2018-01-01,121.54810689047608,121.85944938225569,119.55551684337034,119.7734603881836,5899565
2018-01-02,121.89060413640682,122.9803030239609,121.42359032745507,122.5755615234375,12878378
2018-01-03,122.91803160723751,122.91803160723751,120.17822104207949,120.45842742919922,8032715
2018-01-04,121.61040943844728,124.53702768885104,121.54813712403438,124.2256851196289,12740860
2018-01-05,125.12853545345558,125.12853545345558,122.2330543140134,123.57182312011719,6812787
2018-01-08,123.29163697747342,124.47473474386112,122.4821445313778,122.91802215576172,4858711
2018-01-09,123.60294206493397,123.91428448827133,122.35757237158451,122.66891479492188,4598757
2018-01-10,123.47842690869179,124.5369894184651,122.8246058139612,123.2293472290039,7673209
2018-01-11,123.29161952428045,124.35018203405374,122.66893457718811,123.2293472290039,5701402
2018-01-12,123.85205713547255,125.75124850712373,123.07370079474832,125.0040283203125,9291346
2018-01-15,124.2256588172126,124.75494487339245,122.0462612941036,122.41987609863281,4500523
2018-01-16,123.04259019940065,123.44733174882825,121.42360499884745,122.79351043701172,5778244
2018-01-17,122.2330507849378,123.69635463517699,120.86314587143511,121.85943603515625,6306388
2018-01-18,122.29533476137041,122.98029208748876,120.33388073877065,120.86316680908203,6247782
2018-01-19,120.89428868553031,122.13965868281177,119.55551973902035,120.61408233642578,5046015
2018-01-22,123.2916374307909,128.24198157886448,123.2916374307909,124.97288513183594,23165754
2018-01-23,125.78238531623995,129.9543734239698,124.78608539435511,129.11375427246094,15755015
2018-01-24,130.26570064155464,132.0092205490906,129.5184805387304,131.2931365966797,16132441
2018-01-25,132.25827081021308,132.53848662026834,128.95804839516484,129.82980346679688,10247173
2018-01-29,129.5184761887761,129.7986825302469,127.18340750748807,127.74382019042969,7620080
2018-01-30,126.9342997315138,129.51843783976975,126.71635625189012,127.52584838867188,7323876
2018-01-31,126.40505061800535,127.40135038403496,123.78977560895105,126.68525695800781,11990243
2018-02-01,127.05889478193741,128.92695005586518,120.80090771399531,121.36132049560547,10015459
2018-02-02,120.8008941001222,123.13596292937714,117.06478397331429,119.99140167236328,12239774
2018-02-05,119.8045958734802,119.83573202523864,117.06478554428807,117.53179931640625,7607002
2018-02-06,113.32866741031152,116.44209233916624,112.14556973791427,115.4769287109375,5935676
2018-02-07,117.09593894854372,119.24420071652061,116.44211767096269,118.31017303466797,8644010
2018-02-08,118.31014851807399,119.3064483061622,117.0647785336732,117.50065612792969,4540513
2018-02-09,116.69117609024636,118.4346961532533,114.94766552865939,116.66004943847656,7314145
2018-02-12,119.55553112729058,121.11224377217718,118.52810458223341,118.93284606933594,14960914
2018-02-14,118.93286978925703,119.55555497139974,114.76088096918527,115.66377258300781,4960527
2018-02-15,116.50436681744489,117.68746451197117,115.19672452229983,117.2515869140625,5046557
2018-02-16,116.81571653299497,117.87427919371919,116.13075919295127,116.37982940673828,4167034
2018-02-19,116.69117014707193,116.69117014707193,113.23527585167922,115.38353729248047,4265576
2018-02-20,115.69488038973233,117.37612806921975,115.0721953601874,116.44210052490234,5328584
2018-02-21,117.06478024213447,118.80830014602455,115.00991783760043,118.40354919433594,4651807
2018-02-22,116.75344624372246,117.31385898512441,115.35240488879779,115.8816909790039,8629189
2018-02-23,116.47321674258303,118.83942135016807,116.13073813466372,118.18560028076172,4880302
2018-02-26,118.52808380126953,119.52437401847017,117.9987977942373,118.52808380126953,2721955
2018-02-27,118.93285719975236,121.01885613968808,115.88170393079825,117.37614440917969,6611097
2018-02-28,116.87797211504417,118.43468460858877,116.00621691922682,117.2515869140625,6147245
2018-03-01,117.00250950381765,118.43468692618818,116.66004034967143,118.12334442138672,3450224
2018-03-05,117.68746887901972,117.93653908666153,114.69857888022105,115.5392074584961,5082390
2018-03-06,116.13075044027451,116.37982063528932,114.88538046236272,115.44579315185547,2906142
2018-03-07,115.19670050334666,115.35237172024308,111.336056224599,113.01730346679688,4482279
2018-03-08,113.3286832210911,113.76456087165742,111.70969823165031,112.17671203613281,3288627
2018-03-09,112.2701139561187,113.92022550190671,111.77196402674622,112.02103424072266,2053847
2018-03-12,112.64371582398557,114.76085058356288,111.460618091736,114.48064422607422,4161129
2018-03-13,114.98496730941,116.11968934334094,114.44913302890203,115.741455078125,2457755
2018-03-14,115.23713612056467,116.0566581453545,113.31441395986516,113.85025787353516,4846612
2018-03-15,114.16543945814855,114.35455175556494,112.68399566745182,113.66111755371094,5145739
2018-03-16,113.6611275022453,113.7556836592298,111.01344929612704,111.67536163330078,8194541
2018-03-19,112.02205543368659,112.46333342066505,111.04493370735943,111.48622131347656,5782668
2018-03-20,111.20256748170199,112.0536114160629,109.43745499718419,109.75265502929688,3020586
2018-03-21,110.76128131379909,111.7699251909387,109.46895935219553,110.6667251586914,4055822
2018-03-22,111.58080821262342,114.54368650687047,111.29713011557213,112.778564453125,8348549
2018-03-23,111.07649149794747,113.1883356007855,111.04496957031044,111.83296966552734,6884971
2018-03-26,113.12528640247271,113.12528640247271,110.95040816622442,112.778564453125,4169998
2018-03-27,113.81874207379619,114.16546405900644,111.73841978167698,113.21986389160156,3823981
2018-03-28,112.5264068873607,112.84160690665303,111.01345064241401,112.08512878417969,6229049
2018-04-02,112.90464884104796,114.03936119591997,112.4633611262188,113.44048309326172,2235832
2018-04-03,112.02208180351143,112.96768183497463,111.20255985241513,111.89600372314453,3552271
2018-04-04,112.5263949439296,112.5263949439296,110.1308731277378,110.57215118408203,3353172
2018-04-05,111.26560098347605,112.14815714362071,110.60367905379721,111.8644790649414,5375271
2018-04-06,113.06225176611878,113.06225176611878,111.20256394056062,111.54928588867188,3633964
2018-04-09,111.64385886195676,112.93617134043947,111.13953687030545,112.46337127685547,4046065
2018-04-10,113.09376914372734,113.85025692593962,112.3372909806568,113.59809112548828,5180326
2018-04-11,114.41760588711996,116.87616216596362,113.6926496974751,114.82736206054688,11607043
2018-04-12,115.45775142873663,115.99359525447043,114.1023953318432,114.5751953125,4277125
2018-04-13,114.60674125856197,115.67841951553136,114.16546310794425,115.04801940917969,3050131
2018-04-16,114.85888828384591,114.9534540637345,113.34593199704358,114.41761016845703,2308502
2018-04-17,114.57521175578275,114.79585562607775,113.03073352114247,113.97633361816406,2721706
2018-04-18,114.13392310108264,115.33167926578086,114.10240117692938,114.79584503173828,3279393
2018-04-19,115.52079621805993,117.41199615614549,114.57519624901714,115.96207427978516,5004280
2018-04-20,116.62400160997583,116.62400160997583,114.1654454236921,114.95344543457031,1618027
2018-04-23,115.61535294968547,115.83599679122968,113.09375301953625,114.13391876220703,3930421
2018-04-24,114.79582772204324,115.39470571408945,114.4175839275197,115.14253997802734,4080212
2018-04-25,114.48064038873646,115.01647460106237,112.65247467248831,113.12527465820312,3629856
2018-04-26,113.12528968318797,114.60673368284512,111.76993339178034,113.97633361816406,6742459
2018-04-27,114.07086903047123,115.36319085181958,113.18831294811325,113.91326904296875,4687951
2018-04-30,112.52639607776024,114.70127407812419,112.40031800598297,113.81871795654297,3335191
2018-05-02,114.41757211610374,114.41757211610374,112.99917246177188,113.50349426269531,4157973
2018-05-03,113.44048523258571,114.95345109951582,113.28288522264349,114.16545104980469,2796713
2018-05-04,114.60669936824088,116.71853318112939,113.18829964739419,113.62957763671875,5325720
2018-05-07,114.26002364116702,116.30882406507762,113.97634550630023,115.93058013916016,4799480
2018-05-08,116.529469776724,117.3489822637619,113.12530324777573,115.42626953125,5730645
2018-05-09,116.24575087113575,117.09679468012789,114.85887285797169,115.26863861083984,3075560
2018-05-10,116.27726879473009,119.36623431964819,115.67839076636163,118.67279052734375,10328901
2018-05-11,118.86191885498042,119.14559692382812,117.44351889160151,118.19999694824219,4926216
2018-05-14,118.19997362205598,118.83037348137361,116.52941784251965,118.04237365722656,3255344
2018-05-15,119.1456298828125,121.03683035714286,116.11970720005533,119.1456298828125,5877427
2018-05-16,119.11410887104368,119.11410887104368,110.82435057552776,117.38050842285156,8348946
2018-05-17,117.22288204789047,119.39776019775107,116.5924820265314,118.89344787597656,4519306
2018-05-18,119.14561893828021,120.87921921383719,116.37186234504588,116.6555404663086,4488003
2018-05-21,117.5380874987545,118.92496568610714,116.75008743558354,117.09680938720703,3380355
2018-05-22,117.38049929609197,118.83042148203546,115.99362096920173,116.7500991821289,3796268
2018-05-23,115.93055094331677,116.8446385975572,109.878716986724,110.57215118408203,5590802
2018-05-24,110.69826038766766,111.01346043476336,97.80657076613976,105.71809387207031,34819270
2018-05-25,104.64641954182584,111.07649881876014,102.660663018659,110.60369873046875,12361678
2018-05-28,110.32001355216775,112.71553577027176,109.50049152766614,110.69825744628906,8087040
2018-05-29,111.0764813230126,111.83295942129685,109.21680319248108,110.6667251586914,11015160
2018-05-30,110.57217729276036,112.52642151405071,108.87009889116624,109.68962097167969,12554659
2018-05-31,112.02209237892214,113.69265836370094,110.35153601328518,112.1481704711914,23822373
2018-06-01,110.95037854043336,110.95037854043336,107.5462230465074,109.18525695800781,9847581
2018-06-04,110.5721704806578,110.5721704806578,107.42017007221098,107.86145782470703,5294603
2018-06-05,107.48320615150249,108.61792814027328,106.6636841807713,107.92448425292969,5918946
2018-06-06,107.95601009015408,108.5864101490747,107.04193192854751,107.35713195800781,3331408
2018-06-07,107.23103458706866,109.53199054069938,107.23103458706866,108.83854675292969,5086661
2018-06-08,109.68959493756064,110.25695106371954,108.49183884049621,109.50047302246094,4323567
2018-06-11,109.72108321944917,109.8786831638554,108.74396164030306,109.24828338623047,3192749
2018-06-12,108.96466311327649,110.69826341978765,107.6723409609579,108.05057525634766,4564556
2018-06-13,107.67232118795955,108.4287992589614,106.28544312126607,107.16799926757812,5321172
2018-06-14,106.85278148254937,107.67230326435542,105.27678175566811,106.22238159179688,4188442
2018-06-15,104.89856839263516,106.09633430388315,103.73233402803524,104.29969024658203,7589493
2018-06-18,103.9529596621468,105.52895971535789,102.91280347468386,103.76384735107422,4390244
2018-06-19,104.26815732848522,105.15072310992491,103.07040116263082,103.88992309570312,4413184
2018-06-20,104.01601061842958,104.01601061842958,102.2193665873637,102.59761047363281,5768211
2018-06-21,103.19651233616439,103.19651233616439,99.76083311938861,100.67491149902344,12638114
2018-06-22,101.27377186048531,101.27377186048531,100.01297166492799,100.58033752441406,5371207
2018-06-25,101.08463907443003,101.30527329252729,98.4054392009421,98.75215148925781,5899032
2018-06-26,98.59456957569732,100.17056979026499,98.37393531714301,99.7923355102539,5960446
2018-06-27,99.82386704345794,100.13906711670012,97.36530070068315,98.5000228881836,7034207
2018-06-28,98.53151741184685,99.98143926927976,95.69471754175034,96.76639556884766,17670403
2018-06-29,97.80653192833027,100.45421896788281,97.17613208446313,99.85533142089844,7079407
2018-07-02,99.50866585497975,99.60322202823554,96.76642140084908,98.0272216796875,9196529
2018-07-03,97.74352911296866,101.87265134049812,97.52288524908381,99.4140853881836,12087830
2018-07-04,99.47712923377418,99.60320731921074,97.74352910638285,98.3424072265625,5194030
2018-07-05,98.34238733715583,99.35103105493626,97.2076655594377,98.59454345703125,6807718
2018-07-06,98.90978297493271,99.19347074717633,97.86962654051688,97.9957046508789,3633191
2018-07-09,98.3423814530672,99.85533732007426,97.83805962435191,99.22493743896484,4379183
2018-07-10,99.91840008574677,100.73792201027818,99.1934439327809,99.5716781616211,5276248
2018-07-11,99.60320828333128,100.07600832265089,98.65760820469207,99.66625213623047,6653936
2018-07-12,100.61183789077826,100.99007209689994,97.55439422414264,100.20207214355469,8165181
2018-07-13,100.26510807736751,100.26510807736751,96.82943047565755,97.1446304321289,3523600
2018-07-16,98.15329993717816,98.43697807653172,96.4827434127629,96.9555435180664,3680440
2018-07-17,96.60881709592252,98.87826134518025,96.10449508284944,98.43697357177734,3952416
2018-07-18,98.90975766975455,103.88992351764148,98.87824536458362,101.0531234741211,16571981
2018-07-19,102.56607931632323,104.14207933537902,101.36832314949712,101.96720123291016,8472466
2018-07-20,101.96720008750499,102.12480008764024,98.72064393237515,99.5716781616211,5475594
2018-07-23,99.63472509109462,100.0760031812942,97.58592502596576,98.68912506103516,4553137
2018-07-24,99.098876953125,99.72927694598093,98.2478427342538,99.098876953125,3943002
2018-07-25,99.44561467399484,101.33681495305656,99.13041462748456,100.26513671875,4063454
2018-07-26,100.35969061744476,103.38561291940196,99.72929053866791,102.4715347290039,8778489
2018-07-27,102.43998781283473,102.62910971416325,100.9585441414241,101.68350982666016,3542015
2018-07-30,101.77807322417105,104.93007307390779,101.58895130935882,103.44863891601562,9599714
2018-07-31,104.52031923666043,105.11919729743543,102.75519735821274,104.457275390625,6815180
2018-08-01,104.17361481540834,106.38001512919914,104.1105709587861,105.40289306640625,4618179
2018-08-02,106.78976739887825,107.67233326330981,104.17361097101472,104.89856719970703,7825776
2018-08-03,107.42016064172076,107.79840450518483,104.7724824548953,105.15072631835938,12172870
2018-08-06,105.33984193139389,106.97887613009345,105.15072001100613,106.69519805908203,5159560
2018-08-07,107.16799794400228,107.16799794400228,104.99311990955503,105.62351989746094,4300164
2018-08-08,105.6550470499322,108.99615945588474,105.6550470499322,108.74400329589844,7991348
2018-08-09,108.77549055968817,108.99612472458652,106.12781324694306,106.47452545166016,4437178
2018-08-10,106.78975420970569,107.73535419250405,106.00175422404038,106.69519805908203,4341382
2018-08-13,106.47456715340353,106.47456715340353,104.33121077960602,104.67793273925781,3731211
2018-08-14,104.86705233664637,105.2768085221599,103.92145226010003,104.80400848388672,3791016
2018-08-16,104.5833437145334,105.02463135736477,103.29103156353703,103.66926574707031,4184404
2018-08-17,103.70079064015322,104.01599061170384,102.43999075395075,102.78671264648438,4754545
2018-08-20,103.385587254904,107.10494294873561,103.385587254904,106.34846496582031,9674107
2018-08-21,107.04193408999281,107.95601227005692,105.1507338750429,107.2940902709961,5181397
2018-08-23,107.7984046265289,108.74400466711249,106.47456072205547,108.36576080322266,6635245
2018-08-24,107.79839930718549,111.265599284902,107.67232123182391,110.16239929199219,9867693
2018-08-27,110.60368970632081,111.51776787860942,110.32001160031975,110.98193359375,3612496
2018-08-28,111.07648247401684,112.52640445525164,109.21680432421483,110.0678482055664,5439278
2018-08-29,110.32001797088795,112.65249642701542,109.75266172612312,111.58081817626953,6288920
2018-08-30,111.51775713804861,114.66975716590912,111.04495713386953,111.8644790649414,11296260
2018-08-31,112.68397253858701,114.25997215451132,112.0535726922173,113.50349426269531,8916222
2018-09-03,113.94481395035412,113.94481395035412,111.36016978625783,111.76993560791016,3168480
2018-09-04,112.05358069768066,112.30573680658806,109.43742499599517,109.91022491455078,2874936
2018-09-05,109.7841510855404,110.31999490846616,107.6407950321177,109.50047302246094,3735722
2018-09-06,109.68961410741069,111.04497043406965,107.54625767940539,110.00481414794922,6809374
2018-09-07,110.3200047347518,110.3200047347518,107.8614484768909,108.36576080322266,5309239
2018-09-10,107.48321483380542,107.98753682723523,105.9702584726579,106.31697082519531,5569685
2018-09-11,106.3484764439289,107.16799835517895,105.52895453267884,105.78112030029297,8750333
2018-09-12,104.77245991923832,107.67230326435542,104.77245991923832,106.22238159179688,5610743
2018-09-14,106.852805923682,109.24832798031254,106.15936203758275,108.77552795410156,4720460
2018-09-17,107.86144320294439,109.40592126988457,107.57775550932755,108.23967742919922,4012086
2018-09-18,108.64944408962083,110.06784409277964,108.27120024112222,109.62655639648438,6426239
2018-09-19,110.07130816831427,113.53386686156875,110.07130816831427,112.45380401611328,10038603
2018-09-21,112.64439066703264,115.34455226937133,112.26318750423694,114.6139144897461,9298030
2018-09-24,114.99512631252195,117.79058406887856,113.91506352912963,114.74099731445312,13799885
2018-09-25,115.59865957740891,117.31405409961204,113.97856098084033,115.82102966308594,8363857
2018-09-26,117.40939057177532,117.40939057177532,113.6926933850195,114.74099731445312,6680285
2018-09-27,115.05865323712915,115.47161524608181,111.21489189115832,111.69139099121094,7853039
2018-09-28,112.45378420989137,114.99511266661207,109.49949375671302,112.58084869384766,8598293
2018-10-01,113.91505837423581,115.05865820259501,110.9607580097746,113.72445678710938,4582462
2018-10-03,113.02556751954153,116.58343086792952,113.02556751954153,115.28099822998047,8893914
2018-10-04,114.6774598558416,115.97989277923391,103.78151671682767,109.53126525878906,7866152
2018-10-05,101.68491640820665,101.68491640820665,92.50436843092432,93.42559814453125,35255036
2018-10-08,94.66449234020008,95.8398607201704,91.93256209888489,95.17276000976562,11709162
2018-10-09,95.61748802447732,96.5069491515965,92.40905874657018,93.17145538330078,6818577
2018-10-10,92.82204685599656,96.22106862274796,92.82204685599656,94.4103775024414,10873198
2018-10-11,92.82203730024507,101.39902190807224,92.82203730024507,97.17405700683594,15633772
2018-10-12,98.2858642872922,100.60483204139373,97.8729023405715,100.00125885009766,6089606
2018-10-15,100.98605450720824,102.22495039827389,99.52478846121271,101.74845123291016,4679911
2018-10-16,102.89205296152221,106.22754717718823,102.3520263813404,105.21102142333984,8912396
2018-10-17,105.84632959726156,106.2910601193882,102.00256853111306,102.98733520507812,5347724
2018-10-19,103.24145079846406,104.03561580460608,99.74712477143912,101.93901824951172,7258192
2018-10-22,102.28846905176043,102.79673667536939,98.63530944276899,99.08003997802734,5476435
2018-10-23,98.69884722910027,100.00127029991059,95.87161158228126,98.73060607910156,8239765
2018-10-24,100.35071256419529,101.4625438423237,97.58702348948718,100.22364807128906,8342857
2018-10-25,99.74711585815878,103.43204309625662,97.23755660188051,98.69882202148438,32100452
2018-10-26,99.11182128922692,99.62008897830805,95.07745801924524,96.44342803955078,9427229
2018-10-29,96.88815528818031,98.95298482710875,95.68102805087426,98.41294860839844,5954637
2018-10-30,98.47648994171931,98.47648994171931,96.63403045927937,97.17405700683594,4156028
2018-10-31,97.84116899947747,98.47650126570785,96.1893012295181,97.36466979980469,7562821
2018-11-01,98.79412685994005,98.98472840047852,97.42816692580902,97.99996185302734,5220182
2018-11-02,98.79413710023864,100.66836477194234,98.5400081494442,99.9695053100586,7789972
2018-11-05,104.82978325625814,104.82978325625814,97.96819550424179,98.44469451904297,15261029
2018-11-06,99.08005573601694,100.5095532016695,97.7140953688201,99.14359283447266,7749980
2018-11-07,100.09657356839784,100.2871751358961,99.49301001665206,99.74713897705078,491522
2018-11-09,100.38244839182698,100.38244839182698,98.57174845130452,99.36591339111328,6478458
2018-11-12,99.71538794297363,100.63661770418082,98.69886222848301,99.14359283447266,4686739
2018-11-13,99.14357637018024,100.3824720291284,98.92120625691328,99.42947387695312,5499454
2018-11-14,100.19186955254658,104.13092660698867,99.90597204836259,102.28846740722656,15008061
2018-11-15,102.5426128474091,102.92381604385002,100.446024350184,100.92252349853516,3468318
2018-11-16,100.38247687954409,100.38247687954409,97.07875173124901,99.33418273925781,7515249
2018-11-19,99.11181962265425,99.4294857111884,97.26936018691606,98.19058990478516,4614296
2018-11-20,98.1905931516517,98.98475839924772,96.98345615866576,97.26936340332031,5480470
2018-11-21,98.47648884554867,98.79415493859884,96.12576169585748,96.41165924072266,4573137
2018-11-22,96.88814974379265,98.03174951571394,96.3481135559857,96.72931671142578,4477092
2018-11-26,97.20582393398212,97.58702712128705,92.18670356939916,93.13970184326172,8093330
2018-11-27,93.647953136531,93.9338603537628,91.64666078230273,92.82202911376953,9231112
2018-11-28,93.26675411745111,94.15621517872442,90.24892664573304,90.72542572021484,14201939
2018-11-29,91.42429375131104,91.42429375131104,87.45346775977738,89.32770538330078,28991042
2018-11-30,89.96303393170045,91.29722559467459,87.99350044117803,89.13710021972656,23675557
2018-12-03,89.5500765421583,90.85250956217448,89.07357736613291,90.53484344482422,8371191
2018-12-04,90.59834656334334,93.9973669274056,90.47127240854729,92.85376739501953,9753442
2018-12-05,92.72672325733156,94.0926931655904,90.47129223694061,91.29722595214844,9774733
2018-12-06,90.59835752892687,90.59835752892687,87.99349215067824,89.04178619384766,5771659
2018-12-07,89.07356765904333,89.86773286587217,87.70760738105751,88.56529998779297,10571838
2018-12-10,87.99349548235244,89.74065875005257,85.86512907848562,87.10403442382812,33096556
2018-12-11,86.40516337068735,88.27939107845128,85.61099826617735,87.73936462402344,14884397
2018-12-12,88.62883673213804,90.53483322100122,88.21587470397746,90.02656555175781,14020937
2018-12-13,90.85250448047232,91.61490118058929,89.89950618172611,91.04310607910156,11251819
2018-12-14,90.85251276968883,95.55396759469558,89.32771923033552,93.29854583740234,23355616
2018-12-17,94.02914763220647,95.23627470377959,92.82202056063336,94.18798065185547,12767531
2018-12-18,93.96560864887907,94.63270925681188,92.94908316029391,93.77501678466797,10474177
2018-12-19,93.71148159290848,94.5374152339629,93.58441711606892,94.18798065185547,7008346
2018-12-20,93.9974057177252,95.7763379806236,93.64797103662715,94.4103775024414,21204077
2018-12-21,94.66449072224525,94.8550923068746,93.77502958650736,94.3468246459961,17767999
2018-12-24,94.3468251194137,95.10922176735737,93.58442847147002,93.96562194824219,8200455
2018-12-26,94.0927001171243,94.95039274696076,92.59966561031304,93.13970184326172,9247671
2018-12-27,93.6161901431366,96.18927742918389,92.75848791818842,95.10921478271484,44356763
2018-12-28,94.15621921643259,96.25281717294078,94.02915473000155,95.61748504638672,10732729
2018-12-31,95.39510773891307,95.8080794067064,94.72801681179753,95.23627471923828,5778308
2019-01-01,95.29982287474354,95.36335996775308,94.02915856974695,94.3468246459961,4496586
2019-01-02,94.02916177107376,94.25153190977872,92.5996643792838,93.42559814453125,17436694
2019-01-03,92.12315798869436,92.53611999157378,89.96303264465004,90.4712905883789,26599483
2019-01-04,90.24891315566052,92.88553709592101,90.24891315566052,92.56787109375,7395898
2019-01-07,93.74323635618353,94.2832627269715,92.59963684393144,93.933837890625,12700566
2019-01-08,94.72803724902741,94.72803724902741,92.9491051059921,93.67973327636719,6163846
2019-01-09,93.96559324548195,94.1561947728465,92.02783851806544,92.31373596191406,4951441
2019-01-10,92.69496372567383,93.39383302059474,90.85250423091868,91.01133728027344,7131028
2019-01-11,91.48783294805723,92.44083120793283,91.26546280965975,91.90079498291016,7665486
2019-01-14,92.1231563005291,92.25022078413286,90.53482601948551,91.13838958740234,6028078
2019-01-15,91.93255494124179,92.44082257123485,91.5195929449717,92.21845245361328,3680774
2019-01-16,92.25020496966609,93.55263751572537,92.25020496966609,92.98084259033203,3667241
2019-01-17,93.07617495306607,93.6797386538133,91.77374189709522,92.12317657470703,5142302
2019-01-18,92.1866912679585,93.83854890558901,92.1866912679585,93.2349853515625,4904282
2019-01-21,93.3938297230883,93.52089421920577,91.55137029338587,91.93256378173828,4087312
2019-01-22,92.44081783511884,92.75848387578935,91.51958825605399,91.71018981933594,4113351
2019-01-23,91.93256728017136,92.47260352722088,90.85250448047232,91.04310607910156,4946218
2019-01-24,91.1066282899004,91.45606291840521,89.61360352359725,90.02656555175781,3820645
2019-01-25,90.28070781190559,91.77373263738562,89.99480057172445,90.21717071533203,3871762
2019-01-28,90.53484064286633,90.82073820075323,88.7241399522489,89.99480438232422,2910523
2019-01-29,90.4077822659797,91.29724354955412,89.0100532370481,89.61361694335938,7282910
2019-01-30,89.86772876074497,89.89949730644685,87.99350089712289,88.75589752197266,8511453
2019-01-31,89.07357610401954,90.72544376859524,88.47001242848624,89.74067687988281,28107358
2019-02-01,89.58183547732945,91.04310139917288,88.8194388164023,90.09010314941406,5260578
2019-02-04,90.53483229417067,93.67972452971988,90.50306374746827,92.91732788085938,9532350
2019-02-05,92.75849718163381,94.15622602220317,90.40777008234905,90.82073211669922,5413425
2019-02-06,91.1066336124094,93.87033256047789,90.53483851010559,93.20323181152344,5075180
2019-02-07,93.3302897925559,94.2197606271563,92.44082865235484,93.96562194824219,6080631
2019-02-08,92.94909988665476,94.21976424684307,90.94779770271835,91.5831298828125,4510762
2019-02-11,91.0113236475352,91.26545261067642,87.10403509644756,87.80289459228516,6424512
2019-02-12,87.99350144311846,89.55006324817828,86.75460570825041,87.32640075683594,6816203
2019-02-14,84.81684692206598,85.26157751386351,81.06838605120136,83.95914459228516,25346334
2019-02-15,87.67583279079861,89.51829206588918,84.75330115334579,85.76983642578125,37975666
2019-02-18,86.91343285574477,88.24762444353127,86.27810075839928,87.10403442382812,10614715
2019-02-19,87.1675754083254,89.16887764365123,87.1675754083254,88.4064712524414,9077045
2019-02-20,89.96305305512581,92.3455490608823,88.94651754824261,91.51961517333984,14236359
2019-02-21,92.12316475287147,94.41036444518537,91.61489707742399,93.362060546875,13876243
2019-02-22,94.4103775024414,95.61750491597911,93.45737911457451,94.4103775024414,18273813
2019-02-25,94.66448835188967,94.88685847745575,92.56789036226331,93.87032318115234,20216077
2019-02-26,93.71148681640625,94.79154947134272,92.75848864539195,93.71148681640625,12458860
2019-02-27,94.50567400133288,95.1410062635267,93.07617641139674,94.0291748046875,11868751
2019-02-28,95.11600685878854,99.29874404455545,94.25970732237029,97.91547393798828,48854712
2019-03-01,98.73884928627969,98.93646074271106,97.38852611102703,98.21189880371094,9764801
2019-03-05,97.98133511697093,102.52634764992212,97.3885108912589,102.09819793701172,11194669
2019-03-06,102.16406496464617,103.41558715829012,100.6490575374908,101.9664535522461,15648948
2019-03-07,101.96647980104787,102.42756651472105,99.79277380694687,100.15505981445312,30210637
2019-03-08,100.18797863822948,100.5173276672165,96.82861452218785,99.06818389892578,17986042
2019-03-11,99.82571239158925,101.63713240840782,99.52930021720628,100.78082275390625,15880368
2019-03-12,101.43951239403506,102.4934334262955,99.52929183036589,100.0233154296875,10818012
2019-03-13,99.62810006881993,99.62810006881993,95.97232314701641,98.64005279541016,21001041
2019-03-14,98.80471811243984,100.45146341431385,98.47536905206505,99.49635314941406,6328309
2019-03-15,100.05624577421874,103.71202254648624,99.59515907567513,102.75691223144531,15483879
2019-03-18,102.09823182546431,103.61323985628782,101.1760582680611,101.86768341064453,7575127
2019-03-19,102.72396103117931,107.49952199334606,101.96646227824404,103.41559600830078,18289779
2019-03-20,103.18505842459705,103.44854370813007,99.1999427641515,100.0233154296875,28675956
2019-03-22,100.74787396846361,101.07722302364063,97.78373247187042,100.3526611328125,26751005
2019-03-25,100.12212533155287,105.75399689164007,99.26581567050354,104.5024642944336,22638399
2019-03-26,105.39732355792052,108.0819743884657,105.19845866034517,106.09334564208984,16694599
2019-03-27,106.15966161033587,106.98825718991918,104.40304302749612,106.12652587890625,10063152
2019-03-28,106.06023532009495,106.22595443778259,102.87842623755365,103.34243774414062,25492224
2019-04-01,106.39165279709857,106.68994512779723,103.27613601538638,104.2373046875,20605152
2019-04-02,105.52991051271425,105.86134868022573,103.67385475171199,104.40302276611328,10435568
2019-04-03,105.09903362232495,105.46361759026222,102.48067440390308,103.04411315917969,8283863
2019-04-04,102.91156768798828,103.64073582054318,101.61896064817897,102.91156768798828,10752094
2019-04-05,103.40872373853288,104.17102759201079,102.04982502544075,103.77330780029297,6797106
2019-04-08,104.60190104238016,106.22594624756375,103.77330551782819,104.80076599121094,13120469
2019-04-09,105.13221772664272,105.33107258636537,104.10475712107373,104.43619537353516,8487177
2019-04-10,104.03842918329454,106.02705800533147,103.93900178806838,104.73445129394531,9363447
2019-04-11,104.73447225854122,105.6624951820442,103.3424277585955,105.1322021484375,5279154
2019-04-12,105.3973450966716,105.8282107005615,104.23731142422395,104.46932220458984,5631030
2019-04-15,104.93332599975794,104.93332599975794,103.47500008366247,103.70700073242188,3902646
2019-04-16,103.7401532069943,106.72309690943183,103.30928760696298,106.35851287841797,8394765
2019-04-18,106.62365822500723,107.5185351723067,105.43047884725154,106.45793914794922,9606055
2019-04-22,106.52425389605126,107.0545571307832,104.00532111709425,104.66819763183594,5543020
2019-04-23,104.73445877191674,109.37459302130546,104.46931228925622,108.5459976196289,10137024
2019-04-24,109.83861459429536,112.98727741223055,109.83861459429536,111.79409790039062,33596281
2019-04-25,111.5952661468601,112.68900835858089,110.40208638836006,111.92670440673828,134264338
2019-04-26,112.35754789529281,112.65584024729786,111.29694162739595,111.62837982177734,8708111
2019-04-30,111.36322655216922,113.45128300414625,110.13690126152215,112.15867614746094,9844317
2019-05-02,112.22498024596236,114.01474456207995,111.62838539746215,111.95982360839844,22056708
2019-05-03,111.92669047368348,113.94845551550907,111.82725293928259,112.8547134399414,12720120
2019-05-06,112.68898658858663,113.81587443153428,111.46266121806971,112.78841400146484,18962836
2019-05-07,112.9541308771912,114.34617531824618,111.76096148736217,113.81587219238281,9042790
2019-05-08,113.61701466307983,113.61701466307983,111.19751976912158,111.95982360839844,8603091
2019-05-09,110.96550694612675,112.75528134420244,110.96550694612675,112.291259765625,6869953
2019-05-10,111.62839315645219,112.2912696243995,109.83862871593286,110.23635864257812,6195094
2019-05-13,110.83294133878192,111.2969528347024,108.04886224856706,108.77803039550781,7792358
2019-05-14,107.3859770096565,109.63975272818023,106.62367319404467,108.8111572265625,7268915
2019-05-15,109.10945830719915,109.50717807408799,107.25340238431133,107.88313293457031,5412275
2019-05-16,108.31401172451173,110.6340793817722,107.38598870748446,110.00434875488281,5197438
2019-05-17,110.36890127148973,111.36321569735901,107.45224966814894,110.9323501586914,5532072
2019-05-20,112.68898617137562,117.06397438625837,112.09240146693297,116.66624450683594,7103649
2019-05-21,116.06968784010908,116.99771096334607,115.20794630299278,115.83767700195312,7135887
2019-05-22,115.90394421650943,117.99200086000948,115.43992263822827,117.3291244506836,10347293
2019-05-23,118.32344266156049,118.58858918747445,114.67762229943958,115.43992614746094,9247879
2019-05-24,115.34050531441595,116.5999665564551,111.89354970726839,115.60565185546875,9263195
2019-05-27,115.34048550103046,116.13593510223741,114.37931681145996,115.10847473144531,7461458
2019-05-28,114.77704206369391,116.93139031582272,113.74959175827753,116.20223236083984,16628505
2019-05-29,115.27420709342165,115.77136441575905,112.92100385944458,113.7164535522461,7205487
2019-05-30,114.01476189940185,114.01476189940185,111.06496339645477,112.32442474365234,21945960
2019-05-31,111.36323807571536,115.30735073462533,110.40206929383348,113.98159790039062,17113729
2019-06-03,114.67761523599228,114.81018849078355,111.03179509843183,114.11416625976562,17756361
2019-06-04,114.61133876150046,115.00906869334862,112.72214687195249,113.08673095703125,8578302
2019-06-06,113.02042786222556,114.08103416370068,111.92668583201603,112.291259765625,14152285
2019-06-07,112.42382838123046,112.75526654259649,110.40205357395973,111.03178405761719,5052519
2019-06-10,111.42952501718987,112.0261097213086,108.18142464284621,109.14259338378906,10866149
2019-06-11,109.27517387822705,112.92099392116262,109.27517387822705,112.19182586669922,11282418
2019-06-12,111.39640790394465,113.65018416152105,110.03750893333522,113.2524642944336,9478876
2019-06-13,111.89354590679201,112.82156888364867,110.70036628319644,111.99297332763672,6678516
2019-06-14,111.99298764290471,113.35188655140107,111.66154937813454,112.2249984741211,7153585
2019-06-17,112.35754896595711,112.65584132080463,108.01570655524887,108.97687530517578,4603627
2019-06-18,108.7117292750004,110.66721262621614,108.21457197648668,110.13690948486328,5808715
2019-06-19,110.56776617960146,112.0923836555389,109.10944037793107,110.9323501586914,4625698
2019-06-20,110.23633918344775,114.51188962404117,110.23633918344775,114.01473236083984,5793816
2019-06-21,113.84902876176909,114.97591668872889,112.55642172453017,113.3187255859375,11402911
2019-06-24,113.45128391324873,113.91530545268668,109.27517097583086,109.50717163085938,6585159
2019-06-25,109.70602494031674,111.66150795407937,109.70602494031674,110.17003631591797,6697367
2019-06-26,110.10374997151487,112.12551445696539,110.10374997151487,111.0649185180664,5978575
2019-06-27,111.06495568040569,113.88218070603526,110.8660907144816,113.08673095703125,36738164
2019-06-28,112.88783876690249,113.55071508366095,110.46833414192021,111.19750213623047,5325984
2019-07-01,111.49579079720475,112.95411662328178,105.56304997983186,106.72308349609375,15160240
2019-07-02,108.04884737875825,110.20319556269055,107.05453283232796,109.80546569824219,10975678
2019-07-03,109.90492040860447,111.33010076881433,108.38030250938719,110.23635864257812,8253849
2019-07-04,110.30265617003211,111.95984757952594,110.10380129264777,110.76667785644531,8827834
2019-07-05,110.7666387761649,111.39636926665462,106.06021278782896,107.05452728271484,14509056
2019-07-08,107.02139534327848,107.05454118701769,100.12748466256072,101.0223617553711,10273814
2019-07-09,101.02237283986172,103.0441481534925,99.86233898454648,101.68524932861328,15033604
2019-07-10,101.45325599882685,102.34813325485538,99.19946970447663,100.52522277832031,5310646
2019-07-11,101.42008222005305,102.14925025574661,100.75720586567363,101.48637390136719,6576542
2019-07-12,101.42009154458192,101.6521023358219,98.10570946796159,99.23259735107422,13015538
2019-07-15,99.43145062283098,100.55833837361835,98.63600104078637,99.89546203613281,8465078
2019-07-16,100.09433238964363,102.34810801346791,99.89546745467307,100.92292785644531,12865346
2019-07-17,101.02237218029758,101.85096778582724,98.76859617913392,99.36518096923828,8046201
2019-07-18,99.39829133623265,99.96174019274703,94.82444927221638,95.05644989013672,15971004
2019-07-19,95.78563881734307,96.64738015144077,93.06784155934827,95.38790893554688,25660025
2019-07-22,95.45419709840561,97.70797270624169,93.23355721725393,97.2108154296875,12077069
2019-07-23,97.11139751824143,97.93999306020595,95.55363385347147,95.85193634033203,5519598
2019-07-24,96.3822181161326,96.6805205680838,94.72502722613933,95.18904876708984,9202665
2019-07-25,95.65307448632525,95.98451271384911,93.73072669787165,95.35478210449219,28004780
2019-07-26,95.71933990573964,95.71933990573964,93.73071087627395,94.06214904785156,10055490
2019-07-29,94.12844812196766,94.39359463418128,91.7089533252724,93.03470611572266,19155260
2019-07-30,93.73071657586844,93.9958731980684,91.54323260219148,91.9740982055664,11943745
2019-07-31,91.27806097140679,92.60381352034426,90.31689239636498,92.04037475585938,9857785
2019-08-01,91.80838618737349,92.63698173058083,89.55461035572618,90.7477798461914,9105690
2019-08-02,90.15118364357834,90.38319441206664,87.99683550503694,89.05744171142578,9912972
2019-08-05,88.02998195176218,88.09626351843646,86.24021781650882,87.0356674194336,9551686
2019-08-06,86.73737395004119,87.83111587544417,85.74305943069653,87.13509368896484,11765339
2019-08-07,87.13510165731797,87.4002582888722,85.11332659349131,86.50537109375,13083927
2019-08-08,86.50537780456763,87.96370398982883,84.78190002452821,86.73738861083984,10164125
2019-08-09,87.26766129175935,87.76481851928101,85.94190868503493,86.80364990234375,8847432
2019-08-13,86.80365152837648,88.49398815655196,83.19097763031664,84.68244934082031,12944927
2019-08-14,85.51105408161185,86.04135721513369,83.35670581986581,84.08586883544922,14449993
2019-08-16,84.6493125573953,85.5773455675761,83.78757628910537,84.78189086914062,12017531
2019-08-19,84.84817843528431,85.17961663229714,83.55557148987249,83.7212905883789,5695238
2019-08-20,83.9201324629701,84.08585152591331,82.42866089648126,82.8926773071289,6214250
2019-08-21,82.85953868852215,83.22412268168961,79.31315144412238,80.34060668945312,9765538
2019-08-22,80.84087007049826,81.04097327461189,77.50585059417678,78.006103515625,8867462
2019-08-23,77.60589783973963,82.34162421250365,77.20569654281397,81.54122161865234,10008179
2019-08-26,82.70847611860795,83.40883218579162,79.7736582063096,82.5417251586914,11056410
2019-08-27,82.77517479088041,84.30928564478596,82.14152318404378,83.77568054199219,18829260
2019-08-28,83.40884290197181,84.00914236372815,80.3072736312743,80.84087371826172,11763326
2019-08-29,80.04045900418357,82.87522526058174,79.70695709166614,82.20822143554688,30777971
2019-08-30,82.37498478212727,83.87574361419033,79.70696908068186,80.84087371826172,9910931
2019-09-03,80.37396539973565,80.37396539973565,77.70594995078177,78.1395034790039,8243808
2019-09-04,78.37294554510036,79.64025376742644,77.07229018648167,79.37345123291016,8873226
2019-09-05,79.67360754771676,86.64379571850296,79.67360754771676,83.47553253173828,32226347
2019-09-06,84.3092867454265,85.74334602517514,83.04197842637339,85.3431396484375,15759526
2019-09-09,84.90958560500128,86.6771416003832,84.04247863120872,86.31028747558594,9454697
2019-09-11,86.17690929919148,87.31081399174545,83.47554632381186,83.87574768066406,11398745
2019-09-12,84.20924227811658,85.60995453757377,83.54223837888397,83.97579193115234,8659474
2019-09-13,84.20924430628705,86.2436082834783,83.60893976475225,85.9434585571289,13251256
2019-09-16,87.34414199541324,88.87825270808489,85.70998478790925,87.1773910522461,18224041
2019-09-17,87.21075495537127,88.04450978286049,86.07685042552019,86.5103988647461,11879210
2019-09-18,86.51041183568992,86.67716282618957,84.00914697819499,84.70950317382812,12238136
2019-09-19,84.70948524605257,84.87623620126134,82.47502346402219,82.90857696533203,8680319
2019-09-20,82.97528593794978,90.01217400931003,81.10767298781325,89.11172485351562,30270009
2019-09-23,91.6796708481654,93.9474898889588,90.01216133773072,90.9126205444336,17685955
2019-09-24,90.87928957706981,93.24715567130966,88.57812794991891,89.04502868652344,16012272
2019-09-25,88.04450458965117,89.14505682595356,87.1773975846735,87.67765045166016,5824582
2019-09-26,87.91111705829898,92.07989148085042,87.51091064266528,91.41288757324219,19764328
2019-09-27,90.64581902978674,90.77922794175558,87.01065008739849,87.71100616455078,11359611
2019-09-30,87.4442168512884,88.6448157496115,85.74335484176804,87.91111755371094,11625597
2019-10-01,87.71101016280605,88.94497141107001,84.542741734872,85.50989532470703,10259184
2019-10-03,85.50989343759657,86.61045592119362,83.64228566933191,85.44319915771484,7082143
2019-10-04,86.67715209495678,88.54476499286412,84.9095958855652,86.41035461425781,20137433
2019-10-07,86.41036709075019,86.54376585036066,83.6422995737228,84.40935516357422,9194007
2019-10-09,84.34264518919974,84.8095509950306,82.6751353587384,83.94244384765625,15309757
2019-10-10,83.9424576600944,84.77621271251655,83.44220462864111,83.7090072631836,6169256
2019-10-11,84.24258684956148,86.6437945618861,84.10918302854203,86.04349517822266,11840486
2019-10-14,86.34365549789614,91.01268294273208,86.04350576911968,90.2122802734375,19460416
2019-10-15,91.37954244760893,92.81359688940377,90.27898998554987,92.48009490966797,17145941
2019-10-16,93.38055712410433,95.51496782283496,92.24665239456051,94.48110961914062,15149481
2019-10-17,94.11425328789565,94.6478482596737,92.81358755558954,94.31434631347656,9372042
2019-10-18,93.4472407894355,96.38205357461855,93.31383188110566,95.71504974365234,17597233
2019-10-22,95.71506382563705,97.48262016667921,94.84795668227453,96.21531677246094,11582273
2019-10-23,96.21532103998922,96.68222177553261,94.21430916394091,94.64785766601562,7500868
2019-10-24,94.64785293119175,94.84795614432082,92.74689785064608,93.84745025634766,6919238
2019-10-25,94.447766365055,94.447766365055,92.11325246654548,93.08040618896484,6636201
2019-10-27,93.61398896612242,93.94749087169795,92.71352975000028,93.28048706054688,698557
2019-10-29,93.74739797520418,95.94851282895914,92.17993477600874,94.8145980834961,8236221
2019-10-30,96.04854411830964,96.04854411830964,93.24713028372626,93.74738311767578,7064774
2019-10-31,93.78075189389143,94.847952021403,93.14709005024847,94.51445007324219,22281969
2019-11-01,93.74741979896775,96.54883472968284,93.44727001669007,96.14862823486328,8049866
2019-11-04,96.14859802607326,99.81711909117405,96.14859802607326,98.31636047363281,11733406
2019-11-05,98.84998670413641,99.21684092460231,96.71557602734342,97.61603546142578,7883507
2019-11-06,97.61600839215897,98.71656057069667,95.94849892305936,96.48209381103516,6207456
2019-11-07,96.68220128629507,96.74890573909617,93.6473318819143,94.74789428710938,7332352
2019-11-08,94.68117978192576,95.71503762455414,91.77971959119776,92.24662017822266,8252930
2019-11-11,92.31332447510819,93.21378370179303,91.14606779190149,92.78023529052734,7032172
2019-11-13,92.78023354360757,93.64733034981275,91.71302338227297,92.17992401123047,7969923
2019-11-14,92.17993210744105,92.88028820122513,90.47907021615725,90.8459243774414,8178628
2019-11-15,91.5796177178089,92.58012335162837,90.1455535360659,90.41236114501953,8390855
2019-11-18,90.34567137964272,90.77922999802004,88.84491268503845,89.31181335449219,6851414
2019-11-19,90.04551441987057,90.1122188719905,88.57810807226602,88.87825775146484,5821375
2019-11-20,88.61148138266448,90.2122868377363,88.21127493006009,89.17842864990234,7657346
2019-11-21,89.17840846395595,89.71201355408687,87.1107027339957,87.47754669189453,7946555
2019-11-22,87.37749284826232,89.81205250922618,87.24409413135616,89.27845764160156,6323556
2019-11-25,89.27847167902985,89.74537235044794,87.04400465326076,87.34415435791016,11930938
2019-11-26,87.9444686158519,88.97831652259129,86.21025439828004,86.87725830078125,16115025
2019-11-27,86.97729917796671,88.74486551163955,86.41035200418844,88.47805786132812,5343104
2019-11-28,88.31132385275666,89.07838454480164,87.44422681135308,88.81157684326172,6663638
2019-11-29,88.74486892677639,89.01166640968368,87.04400698464555,87.87776184082031,9434148
2019-12-02,87.41085852347338,87.67765599834287,85.07634499651583,85.44319915771484,15010167
2019-12-03,85.44320596385197,85.64329899710722,84.04249366503258,85.14305114746094,7809967
2019-12-04,84.64278761166871,87.14404690208572,84.60943538441119,86.74385070800781,5821599
2019-12-05,86.24359137284796,86.97728942920838,85.67663408494532,85.9767837524414,4185400
2019-12-06,86.37701485642933,86.37701485642933,84.24260416964289,84.40935516357422,5097809
2019-12-09,84.64279316709016,85.24309767527804,83.77568608983702,84.24259185791016,3841176
2019-12-10,84.30929599710142,85.57660445522254,83.3087901231378,83.5088882446289,6125011
2019-12-11,84.10919450668689,85.71000495553017,83.3754912018776,85.37650299072266,6878932
2019-12-12,85.44320356276562,85.57660230707778,83.60893775104005,83.97579193115234,9804404
2019-12-13,84.34263959135897,85.0096434792743,84.0424898773314,84.37599182128906,6663052
2019-12-16,84.37598501042633,84.6761347002257,83.37547925931456,83.77568054199219,6241723
2019-12-17,83.47554805691077,84.04250041495868,82.90859569886287,83.57559967041016,8062616
2019-12-18,83.77568638855398,83.80903861811946,82.8085327971841,83.44218444824219,6687482
2019-12-19,83.44218303455219,84.60943980586761,82.84187853439427,83.8423843383789,6223102
2019-12-20,84.04248478434174,84.57608989787177,83.27542934195564,83.47553253173828,8515990
2019-12-23,83.3087874115547,84.24259388129387,82.74183511919603,83.14203643798828,10466423
2019-12-24,83.3087924175262,84.44269707037917,83.17538857735539,84.04249572753906,9979742
2019-12-26,84.04249513149261,86.41036111716039,83.04198923707008,85.37650299072266,23164167
2019-12-27,86.37699594239783,86.64379340319793,84.84288509862031,85.6432876586914,8435235
2019-12-30,85.64328934215526,86.21024667958844,84.7761873998398,85.3431396484375,4023932
2019-12-31,84.84290008656257,86.21026021447365,84.84290008656257,85.91011047363281,5102473
2020-01-01,85.87675064528098,85.97679715748838,84.60944223935044,85.0096435546875,2574894
2020-01-02,85.14304849756462,85.81004730594611,84.77619431856071,85.40985107421875,4759843
2020-01-03,87.3775130228333,88.97831835065608,85.40985350556345,85.67665100097656,31381588
2020-01-06,86.51041307000185,86.57711753822254,83.44219581879868,84.2092514038086,14611204
2020-01-07,83.77569606924193,85.1764033626428,83.64229731323664,83.87574768066406,7193304
2020-01-08,83.37547165356948,83.67562131598835,82.1748628262241,82.34161376953125,6236192
2020-01-09,83.34213962314405,83.44219123113778,81.90808523429975,82.50838470458984,10135017
2020-01-10,83.0086308255304,83.50888373550066,82.50837791556015,82.80853271484375,6550218
2020-01-13,82.87524121232998,83.84239490925323,82.87524121232998,83.67564392089844,5737187
2020-01-14,83.67562618911286,83.80903000482874,82.57507397025942,83.40882873535156,12432511
2020-01-15,83.40883901346173,83.70898873034696,82.87523386251482,83.14203643798828,5714614
2020-01-16,83.37549416415662,83.50889291928475,82.74184244404356,83.0419921875,7322878
2020-01-17,83.075343501129,83.7423474470591,82.70848929533294,83.64229583740234,8561603
2020-01-20,84.04247257189246,84.54272538482039,80.040450068469,81.97476196289062,16106541
2020-01-21,82.07480559493993,83.04195890407213,81.64125218128837,81.87470245361328,6497799
2020-01-22,81.37447237395621,81.37447237395621,77.37244914245017,77.63925170898438,23639592
2020-01-23,78.20622010012511,79.34012488054105,77.63926770991715,78.57307434082031,21105999
2020-01-24,78.70644532676533,79.90705415541946,78.23954472053036,78.93989562988281,11172364
2020-01-27,78.93991824859795,79.03996986112614,77.90606515603696,78.20621490478516,12078165
2020-01-28,78.40631610551883,78.50636262662759,77.10565535390596,77.77265930175781,11611352
2020-01-29,78.27290400337306,78.80650914088359,77.67259949588264,78.47300720214844,15562740
2020-01-30,78.40630478997667,78.40630478997667,76.70544293288714,77.10564422607422,21142714
2020-01-31,77.2390472400657,77.37244597345125,71.20266041091311,72.6700668334961,83360147
2020-02-03,69.6018532717817,70.00205457863103,67.7342454768729,69.00154876708984,18445537
2020-02-04,69.43509978834688,71.302712604449,69.23500168658735,70.80245971679688,16896688
2020-02-05,70.96919755253603,71.63620127936656,70.1020906721225,71.23600006103516,11348275
2020-02-06,71.23599843659366,71.90300214821407,70.90249658078346,71.53614807128906,10750236
2020-02-07,71.56951512163931,73.20367251817368,71.06926223427139,72.87017059326172,21415595
2020-02-10,72.80346439660036,72.80346439660036,70.53565050216791,70.83580017089844,32081049
2020-02-11,71.46945034765893,71.8029522110742,70.90249819761989,71.23600006103516,20946852
2020-02-12,71.36942237258874,71.90302756604915,71.03592039888505,71.16931915283203,13053367
2020-02-13,71.36940956741296,72.16981212515822,69.53514904114768,70.26885223388672,17702073
2020-02-14,70.40226328313013,70.90251620530631,68.70140131219674,68.90150451660156,26644685
2020-02-17,67.7008960474163,68.63470252790646,65.89998754769918,66.66703796386719,36666416
2020-02-18,66.66702309997811,66.86712626148154,64.39921441005804,66.23347473144531,35575369
2020-02-19,66.90048823128093,68.16779147598437,65.89998245567156,67.83428955078125,21806183
2020-02-20,68.03438808472666,69.43509505693929,67.83428490776691,68.5679931640625,28378025
2020-02-24,68.36788386824685,68.36788386824685,64.8327619839158,65.39971923828125,20167769
2020-02-25,65.8332734484026,66.86713138059423,64.86611996770863,65.06622314453125,18255196
2020-02-26,64.96617283300066,65.69987601437894,63.69886456216435,63.89896774291992,16192058
2020-02-27,63.83227060217092,64.16577254907638,61.39771046082974,62.26481246948242,29616674
2020-02-28,60.23046025142611,61.83126570104512,59.69685504232883,61.33101272583008,30416954
2020-03-02,62.698350089887285,63.36535381424779,58.863078674814396,59.430030822753906,24442896
2020-03-03,60.63065496518001,62.69836601822669,59.79690009791636,62.26481246948242,24098468
2020-03-04,62.83176587434537,63.29867166158447,60.49725220465769,61.89796447753906,22998427
2020-03-05,62.26481362913808,62.96516976621773,61.36435937348993,61.76456069946289,16357817
2020-03-06,59.696842387571174,61.03085003869008,58.46288632805325,59.02983856201172,17823038
2020-03-09,54.794376324913074,55.027826693116594,49.358293033825795,49.72514724731445,86655504
2020-03-11,51.192544378710814,51.626097889587506,47.39062455159154,47.82417297363281,63562895
2020-03-12,44.4224550735415,45.623064030462416,41.354238403320316,41.687740325927734,76137223
2020-03-13,39.62003335296968,44.68926206159202,33.350195568352255,43.95555877685547,73051747
2020-03-16,42.35474302259227,43.48864749317477,40.02022962764623,40.12028121948242,49829392
2020-03-17,40.753928641758584,42.02123680114746,39.78677522710738,40.020225524902344,46722476
2020-03-18,41.08743331934382,57.89593223782665,38.35271873999796,45.4563102722168,178094829
2020-03-19,41.45428675365462,42.688242752965515,38.752919356409485,40.7205810546875,61258526
2020-03-20,42.05459314596979,49.625088534358554,41.85449249551226,48.257728576660156,128780492
2020-03-23,43.45703873592325,46.93216761072001,42.99129857470535,43.27790832519531,36058875
2020-03-24,45.49911813354492,46.358941801386884,43.062943785825276,44.782596588134766,38808651
2020-03-25,43.85112055232977,45.14085882936329,42.99129412320313,44.10190200805664,28639475
2020-03-26,44.31686157710189,47.00381768080604,42.74051618291259,46.394775390625,46474588
2020-03-27,47.290420107983465,47.290420107983465,44.99755070760052,46.1798095703125,33298637
2020-03-30,43.74364066897761,47.03964148328054,43.062944640662984,45.391639709472656,32929981
2020-03-31,46.57389989832688,49.90572613822459,45.53494312316319,48.93842315673828,45891607
2020-04-01,48.006949653190354,48.18608006234405,46.64555745029702,47.111297607421875,21883386
2020-04-03,49.439988066032,50.87303119838075,47.648684150596054,50.04903030395508,39757833
2020-04-07,51.016330891986264,53.30920307437217,50.299809359982945,52.23442077636719,30982061
2020-04-08,51.876165716092885,54.706423892148706,50.87303436763128,53.34503173828125,30555738
2020-04-09,54.45564282038471,55.63790458020513,54.45564282038471,55.387123107910156,19209747
2020-04-13,56.46189610218531,56.46189610218531,52.05528780606152,53.774940490722656,22311833
2020-04-15,53.810767630528034,54.778070635434624,52.66433423706002,53.27337646484375,22311032
2020-04-16,53.02259979440576,54.813903841514055,52.592687916424985,54.061553955078125,24473640
2020-04-17,55.74537941369844,55.74537941369844,53.84659619117436,54.670597076416016,14561017
2020-04-20,53.989893562263475,54.20485219744276,52.87928852483762,53.02259063720703,15698459
2020-04-21,49.94155831664962,50.693908258371465,48.150254137908576,49.69077682495117,27607022
2020-04-22,47.21876935177418,47.54120184974166,43.56450795278671,46.82468032836914,73840707
2020-04-23,48.36521173297821,49.475822485349006,47.68451834709055,48.25773239135742,38207377
2020-04-24,48.114426597082506,49.798251265988576,47.7203375299099,48.436859130859375,31588097
2020-04-27,48.72346213356891,49.798244386515286,48.47268070120647,49.045894622802734,16723889
2020-04-28,48.58017175766915,49.941558567036566,48.07860330513108,49.58329772949219,20422626
2020-04-29,49.726612897611275,50.83721838271616,49.22504436888845,50.51478576660156,18023637
2020-04-30,52.019473418052065,58.07408495727239,51.23130065514441,57.250083923339844,54290691
2020-05-04,54.455634798489314,55.78119849960116,53.05842003965187,54.84972381591797,28640967
2020-05-05,56.533562460792965,58.68312753179934,55.99617119304138,56.211124420166016,61865481
2020-05-06,58.28903033795116,58.28903033795116,55.494595039561716,56.78433609008789,38948167
2020-05-07,56.103644692793566,56.103644692793566,53.81077224270734,54.16903305053711,20794229
2020-05-08,54.74224476976164,55.315458701058034,53.55998317818892,54.45563507080078,18523649
2020-05-11,54.455635146822026,55.99615749759008,53.380852874187376,55.207984924316406,15701754
2020-05-12,55.13633171593788,55.422941432538316,53.38085608502685,54.670597076416016,14186736
2020-05-13,56.60520954981692,56.64103781846099,54.6347750401714,56.03199005126953,20493531
2020-05-14,55.17216792923209,55.42294941740331,53.88242675202803,54.56312561035156,13344652
2020-05-15,55.35129834458674,56.24695042135998,54.38399519499691,54.56312561035156,16835999
2020-05-18,55.13632970100536,55.13632970100536,51.876160010365524,52.23442077636719,13014456
2020-05-19,53.309202202282016,56.390241459518016,53.094243559547365,55.27963638305664,42315983
2020-05-20,55.315456316486234,56.24693643129789,54.67059135490518,55.888675689697266,12969847
2020-05-21,56.4260855588046,56.60521598915001,54.742260606883114,55.17217254638672,17999828
2020-05-22,55.136339659510575,55.136339659510575,54.025734364287615,54.56312561035156,12443419
2020-05-26,55.17217254638672,56.031996425393935,54.885562764508684,55.17217254638672,11837966
2020-05-27,55.315475824542624,56.03199756043892,54.38400084785366,55.852867126464844,11655865
2020-05-28,55.53041588570596,58.002412857838934,55.45876482950106,56.497718811035156,18645811
2020-05-29,55.92451172752033,60.00868256307319,55.45877160534743,59.614593505859375,40559441
2020-06-01,60.904335023039046,61.97911740579856,59.937031971880664,60.15198516845703,25047349
2020-06-02,60.510252502078266,60.832690531727664,59.18468851341246,60.40277862548828,15367928
2020-06-03,61.656692639405236,62.659818616294054,61.119301380374836,61.83582305908203,23936651
2020-06-04,60.90433462829348,61.656684477999214,60.18781304443121,60.83268356323242,15120972
2020-06-05,60.97599913393315,63.62713285857281,60.90434805307847,62.30156326293945,18202925
2020-06-08,64.48695486736932,66.70817110836444,63.913735304119726,65.16764831542969,32511374
2020-06-09,65.88416108493563,66.2065990954411,64.02120595742211,64.48694610595703,16702413
2020-06-10,64.91685692057351,65.56172746436792,62.83894315351423,63.2330322265625,17382514
2020-06-11,63.2688554517984,64.16450739496301,61.979114466991106,62.265724182128906,14275999
2020-06-12,58.432340443262,60.33111836769279,58.432340443262,60.11616516113281,20601082
2020-06-15,60.187817008832766,61.54920920116732,59.471295377775235,60.25946807861328,17274210
2020-06-16,61.26259866266446,61.441729068110845,59.00555446071475,60.11616516113281,13467530
2020-06-17,59.90120386175835,60.72520478401111,59.61459413228444,60.33111572265625,15440371
2020-06-18,59.47128372505012,60.151976954530156,58.61146012290427,59.90119552612305,18460298
2020-06-19,61.262588678921624,61.83580806958502,60.40276505955177,61.44171905517578,21920473
2020-06-22,61.69251565739956,61.76416673219355,60.25947229501338,60.7968635559082,19227535
2020-06-23,61.26258827806127,61.97910977838948,60.474415721025295,61.37006759643555,23440997
2020-06-24,61.7999821521742,62.086591858378945,59.14885466968764,59.542938232421875,33080229
2020-06-25,58.933894988301134,60.187807647626684,57.321721569168275,58.46815490722656,121277435
2020-06-26,59.54295335814747,60.7610435522933,59.113041422942345,60.29530334472656,23684852
2020-06-29,60.15198705294062,60.25946638790894,58.468162360523856,59.0413818359375,14299071
2020-06-30,59.82955453994938,59.865382807162646,57.78746904119248,58.289031982421875,25762293
2020-07-01,56.60520707856105,58.00242202865993,56.103644139198906,57.644161224365234,35344784
2020-07-02,58.28903607473662,60.29529891376057,58.10990565934614,58.64729690551758,35154027
2020-07-03,59.07720463650957,59.72207517969341,58.468162360523856,59.0413818359375,16786174
2020-07-06,59.50711554943223,60.832679293207036,59.32798516604035,60.0086784362793,17510294
2020-07-07,60.008685651710444,60.04451391934699,58.61147067990316,58.71894454956055,20123433
2020-07-08,58.7547595502092,59.39962995567062,58.03823809227982,58.253196716308594,18626174
2020-07-09,58.46817365672628,58.93391388715383,57.250088869417716,57.46504211425781,17348038
2020-07-10,57.32173004940118,57.42920938656904,55.67372812383043,56.28277587890625,17773167
2020-07-13,56.74851110159818,56.99929804624875,56.17529707563201,56.5335578918457,9360631
2020-07-14,56.246936282668926,56.569368762607446,55.2796333762283,55.422935485839844,9303879
2020-07-15,55.888682180936215,56.031984307570376,54.34815971980321,54.634769439697266,14377090
2020-07-16,54.74225602570622,54.957209244155926,53.73912460639489,54.56312561035156,10604062
2020-07-17,54.67060055053218,57.78746843339159,54.67060055053218,57.572509765625,24934060
2020-07-20,58.03824887065013,58.21737926839905,56.748507820207536,57.536685943603516,15570346
2020-07-21,57.751638018996374,59.39963983292138,57.572507624727386,59.07720184326172,20976092
2020-07-22,59.29216408980629,59.82955530512176,58.53981420171419,59.18468475341797,17882873
2020-07-23,59.11303305489352,60.0803361388302,58.79060051578998,59.22051239013672,14673501
2020-07-24,58.82641490817143,59.041373547932984,57.500851207309296,58.03824234008789,10000280
2020-07-27,58.32484354350108,58.75475529378928,57.39336352902292,57.89493179321289,8510736
2020-07-28,58.03825668624751,58.21738710811864,56.82017200417445,57.250083923339844,10616766
2020-07-29,57.178421479747946,57.823286496971164,56.820160707234805,56.963462829589844,9905015
2020-07-30,57.32173482030271,57.608344587729555,55.53043060716825,55.67373275756836,9668266
2020-07-31,55.85286218074594,56.49773277927531,55.27964812276269,56.1036491394043,10963756
2020-08-03,56.13945912199676,56.24693844164342,54.13320217730184,54.38398361206055,11874183
2020-08-04,54.67059793811008,55.673723762083974,54.38398821699222,54.52729034423828,13360346
2020-08-05,54.81390852558847,55.53043020566152,54.67060637622449,55.1363410949707,9077292
2020-08-06,55.78120336124403,57.285897571124984,55.20798938285526,55.92451095581055,26386380
2020-08-07,55.996158941469204,56.89181085842608,55.96033067814074,56.35441970825195,11786462
2020-08-10,56.963461861039434,57.14259224425025,56.533550034658575,56.641029357910156,7067852
2020-08-11,56.99930265283635,57.32173522683664,56.03199399758215,56.211124420166016,10835360
2020-08-12,56.21111623962728,56.67685636389039,55.67372505008352,55.96033477783203,10481019
2020-08-13,56.2827654621608,56.927630432564804,56.17528614488508,56.31858825683594,7316635
2020-08-14,56.390242098453285,56.569372480553355,55.13632942375276,55.24380874633789,11635634
2020-08-17,55.530418962460104,57.17842067960911,55.45876790228525,56.820159912109375,13610411
2020-08-18,57.14260119731828,58.683123827624534,56.712689303579076,57.787471771240234,28329507
2020-08-19,57.93076906165463,58.53981131566072,56.676856287737316,56.99929428100586,12081197
2020-08-20,56.60521078814012,59.65042782421095,55.817038060364716,58.86225509643555,37457277
2020-08-21,59.43546036267255,59.79372113753284,57.78746407829055,58.074073791503906,17027574
2020-08-24,58.253216424744146,58.64730007995815,57.75164795452621,58.21738815307617,9797861
2020-08-25,58.32484782305372,59.11302033418454,57.465018792763374,57.67997741699219,22479622
2020-08-26,58.18155582378711,58.82642640244974,57.85912326776897,58.32486343383789,15967425
2020-08-27,58.61147635793804,58.71895023800705,57.3217351308434,57.42921447753906,16308382
2020-08-28,57.572509765625,58.61146937099547,57.321728297647994,57.572509765625,14666431
2020-08-31,58.03825119747518,61.262598486223794,57.96660012882821,58.71894454956055,93192019
2020-09-01,59.29215013408409,59.327978393322596,55.88867323816989,56.85597610473633,38005204
2020-09-02,58.14572820262466,58.575640063896884,56.963466484156605,57.536685943603516,31151170
2020-09-03,57.6799833938827,58.2532028068075,56.46189897469934,56.641029357910156,19975929
2020-09-04,56.282771978048565,56.67685556484927,55.42294280692506,55.81703186035156,12855650
2020-09-07,56.03198901853843,56.13946835586339,54.41981535854259,54.778076171875,16573385
2020-09-08,54.84973149428669,54.921382562042645,53.0225992000664,53.34503173828125,17905003
2020-09-09,52.986773734454594,52.986773734454594,50.80138598590612,52.091121673583984,28166106
2020-09-10,52.664340728649115,53.30921130028437,52.05529842579272,52.771820068359375,18646363
2020-09-11,52.62850428240998,52.80763466521821,52.01946207418706,52.52103042602539,11510019
2020-09-14,52.91512221022219,53.55999278185743,52.485210318007454,52.771820068359375,11989916
2020-09-15,52.843470895205,53.27338278543395,52.48521007557649,52.87929916381836,8883202
2020-09-16,53.20172739720161,53.3450295267727,51.983642895969886,52.34190368652344,10284798
2020-09-17,52.34190407993958,53.237556063055415,52.19859648266552,52.41355514526367,16070680
2020-09-18,52.87929566161866,53.5958172534204,52.270247935286456,53.23755645751953,25690567
2020-09-21,53.022604024352724,53.09425509862789,50.80138792206326,50.98051834106445,13686080
2020-09-22,50.87303842228951,51.087997109315985,49.26086466947048,49.798255920410156,18042069
2020-09-23,49.94154882016483,50.26398679100191,48.29355256906875,48.47268295288086,17014238
2020-09-24,47.32625269475198,48.2577274717111,46.932163637860064,47.75616455078125,32950752
2020-09-25,48.723461472831886,49.6191133381413,47.397897805498985,49.36833190917969,20235576
2020-09-28,49.76242184193976,52.80763857515082,49.61911971173311,51.48207473754883,28336496
2020-09-29,51.94781637686185,52.09111851125106,49.36833969147391,49.54747009277344,20797874
2020-09-30,49.72660088646671,50.47894529788587,48.43685980028236,49.61912155151367,20069170
2020-10-01,48.36520835087138,49.72660049407296,47.756166079778204,49.54747009277344,20869186
2020-10-05,49.43999558112505,49.941558567036566,49.0100836693971,49.58329772949219,12608039
2020-10-06,50.15651700474915,50.29981915239782,49.43999533325273,49.69077682495117,10028285
2020-10-07,49.65496181254441,52.556871757457856,49.51165417578329,50.51478576660156,50074263
2020-10-08,50.801375582590275,50.873026639461656,48.90259250905997,49.045894622802734,21348017
2020-10-09,49.43998738056959,50.58642077722869,48.90259621338949,50.37146759033203,25747313
2020-10-12,50.37147103207645,50.58642423366027,49.296688624279305,49.54747009277344,10564850
2020-10-13,49.51164245605469,49.97738259868666,49.29668925173491,49.51164245605469,9070661
2020-10-14,49.08172504937471,49.29668369609515,47.7561613055999,48.00694274902344,24825690
2020-10-15,48.00694528990889,49.081727647145655,47.075465060320056,47.32625198364258,17333956
2020-10-16,47.75616903620907,48.401039614134426,47.29042887067263,48.18608093261719,18590744
2020-10-19,48.25772137012159,50.47893690094926,48.25772137012159,49.65494155883789,25987617
2020-10-20,49.798246524069434,49.97737690724954,48.18607307544848,48.29355239868164,18530340
2020-10-21,48.72346799401622,49.153379853579416,48.006946405868916,48.58016586303711,19589424
2020-10-22,48.29356148527561,49.51164613343682,48.221910411847276,49.332515716552734,26354156
2020-10-23,49.58328930664119,49.86989902131482,49.15337746794356,49.43998718261719,13177360
2020-10-26,49.79825586663549,49.79825586663549,48.472691875741,48.86677551269531,14224945
2020-10-27,48.79512334683864,49.045904831399675,47.648689798397946,47.899471282958984,17088331
2020-10-28,48.18607688360096,48.29355621532822,47.362075962526475,47.54120635986328,15025477
2020-10-29,47.32624731802435,47.54120048830527,45.929027111384876,46.143985748291016,29901005
2020-10-30,46.5739017345763,47.21877223653404,46.00068229580816,46.50225067138672,25849220
2020-11-02,46.8605129595309,47.32625308516546,46.00068377375343,47.07546615600586,12847852
2020-11-03,47.290427676450165,47.82781890004619,47.07546900036127,47.50538635253906,10809489
2020-11-04,47.50538395261476,47.93529581644762,47.0038155559548,47.612857818603516,12479581
2020-11-05,47.93529619684514,48.79511993133411,47.43372779620491,48.436859130859375,17947631
2020-11-06,48.50851011395314,48.86677091380989,48.15024931409639,48.72346878051758,10496588
2020-11-09,49.189202203170716,49.189202203170716,48.58016001982615,49.045894622802734,8473527
2020-11-10,49.475812856997315,50.87302762628023,49.08172383662248,50.69389724731445,33795453
2020-11-11,51.19546532283155,52.09111730865174,50.55060026634173,51.840335845947266,23531793
2020-11-12,51.94780979872261,52.234419497833734,50.69389714840862,51.26711654663086,16446681
2020-11-13,51.0163341496225,51.94781438735646,50.192338708503016,51.6970329284668,16264536
2020-11-14,53.02259707944893,53.02259707944893,51.94781470621686,52.055294036865234,5387569
2020-11-17,52.091111735934966,52.521029016436735,50.873027352180756,51.08798599243164,18852045
2020-11-18,51.33877299933782,51.66120552807763,50.801381807020874,51.55372619628906,14032869
2020-11-19,51.23129280959982,53.16589888289243,51.195464544061664,51.6970329284668,27903903
2020-11-20,51.91198965602024,52.09112006265471,50.658076809578915,51.338775634765625,14790440
2020-11-23,51.58954216452206,55.74536858109173,51.44624006738156,54.81388854980469,44111534
2020-11-24,54.99303045772658,55.92451068470319,54.02572743225133,54.52729034423828,31379070
2020-11-25,55.31545035823474,58.61145319923471,55.27962756790835,57.89493179321289,87040163
2020-11-26,58.14574105615257,58.39652257511291,56.927650802216895,57.46504211425781,30469713
2020-11-27,57.894938406855566,58.14571983428638,55.888676054158786,56.2469367980957,44245938
2020-12-01,56.24695666223404,58.75478275545466,55.2080023245506,58.432350158691406,42923229
2020-12-02,58.396517017236675,60.940171172122774,58.002427905929835,60.7968635559082,52652362
2020-12-03,61.19095129789113,63.7704281991377,60.904341538502294,63.55546951293945,53618786
2020-12-04,64.30781213076298,65.20346411030008,62.516508171688805,64.37946319580078,44126894
2020-12-07,65.31095492011453,67.35304069904753,65.02434514296344,65.59756469726562,46638129
2020-12-08,66.63652706934401,66.95895969109307,64.52278995648355,65.02435302734375,34326971
2020-12-09,65.5617299184207,66.52903303700656,65.13181802867433,65.34677124023438,25763702
2020-12-10,65.20346458583293,66.06328830580894,63.555462744815365,65.66920471191406,25329334
2020-12-11,66.34987526792702,74.80482930190676,66.34987526792702,69.35926818847656,146821189
2020-12-14,70.39824871946439,73.47929385261556,69.82502924044172,72.72694396972656,75021883
2020-12-15,73.44345004497129,73.44345004497129,71.07892702760516,71.97457885742188,33553433
2020-12-16,73.01355043812035,74.23163494318887,72.11789845891529,73.73007202148438,34618175
2020-12-17,75.30642069207637,75.66468149980902,72.1537244907039,72.72694396972656,41881430
2020-12-18,72.72694242843474,73.30016189530924,70.32659616082145,70.93563842773438,36480527
2020-12-21,70.86398571429964,70.89980851350562,63.7345926772089,64.37946319580078,58724337
2020-12-22,63.806259924524774,66.13495546240338,62.05077846984022,64.88104248046875,58602960
2020-12-23,64.84521433640487,65.41843388735529,63.268868771231375,65.06017303466797,29216106
2020-12-24,66.27823275214247,68.42779705761737,66.02745134316201,66.74397277832031,46351620
2020-12-28,67.35301126010752,68.17701195927415,66.85144846928841,67.20970916748047,17759262
2020-12-29,67.49631700526169,67.81875493105775,65.91997203456333,66.74397277832031,17678810
2020-12-30,66.99477372156711,67.71129536564804,66.45738248850641,66.81564331054688,15960705
2020-12-31,66.85145550221831,68.463628813687,66.31406439839542,66.67232513427734,43701316
2021-01-01,67.17391244287163,67.6754754691276,66.63652114332865,66.77982330322266,15130377
2021-01-04,67.3888507067679,69.7175456317055,67.13806380308974,69.46675872802734,39545073
2021-01-05,69.14434031487906,69.14434031487906,67.6038176497715,68.03372955322266,26998014
2021-01-06,70.8639789629651,71.15058866243635,68.96519585392168,69.46675872802734,50306161
2021-01-07,70.21911199927618,70.9714618144901,69.57424151003934,70.1474609375,25285200
2021-01-08,70.8998220871336,72.58365250432995,70.61321777211259,72.11791229248047,36022114
2021-01-11,72.72692883809867,73.73005998436297,70.25493196571969,73.47927856445312,36301647
2021-01-12,73.08520658513011,74.87651066809897,72.18955454364567,74.12416076660156,28353142
2021-01-13,75.19895121264504,77.31269353528832,74.58990885299849,75.41390991210938,42401579
2021-01-14,76.66780658508601,76.99023909902724,74.66154403919987,75.27059173583984,24455634
2021-01-15,75.41388774376911,76.02292992438426,72.11788994282966,72.65528106689453,28185982
2021-01-18,72.65528549291466,72.97771800034546,68.82189633438766,69.2518081665039,33623461
2021-01-19,70.03998240261848,70.93563435150106,69.86085201284196,70.29076385498047,26085121
2021-01-20,70.93563484551768,71.50885428344488,70.11163395348198,70.82815551757812,18486566
2021-01-21,70.97147259257466,71.79546812807526,67.28138495113721,67.85459899902344,26939349
2021-01-22,67.78294614466118,68.3919884461804,66.27825179190006,66.45738220214844,27311961
2021-01-25,66.6723365108167,67.1738994399849,64.4869434623855,65.4542465209961,28522112
2021-01-27,65.49006241596776,65.74084383317805,63.698758769287146,64.27197265625,34022621
2021-01-28,63.770420791610476,65.49007368156335,63.627118661875166,64.95268249511719,26810222
2021-01-29,65.02431992547214,66.60066488853067,62.87475563041521,63.26884460449219,33858273
2021-02-01,63.77041408927912,65.34675921719547,63.3763250739874,65.09597778320312,24228098
2021-02-02,66.2782407774505,67.31719479758202,65.34676061230645,66.52902221679688,22141489
2021-02-03,67.78294296380135,68.28451136893541,66.63650948533582,66.88729095458984,25912911
2021-02-04,67.53217074983156,70.6490390757292,67.35304032343944,69.96834564208984,49670027
2021-02-05,70.89982057935282,71.61634228492133,69.35930328568196,69.96834564208984,30514219
2021-02-08,71.29389548916362,72.2253757073306,71.00728577075641,71.40137481689453,29096831
2021-02-09,71.50885911299248,74.05250755735065,71.50885911299248,72.36868286132812,39638657
2021-02-10,73.08520385742187,73.44346466064454,70.64902930218261,71.65216064453125,21467230
2021-02-11,71.65217631458422,71.90295783835982,70.86400346844924,71.25808715820312,11287104
2021-02-12,70.86399388268228,71.22225471579328,69.18016906038585,69.50260162353516,18187705
2021-02-15,69.50259554412348,71.11476915210572,68.49946420583154,70.54154968261719,26118576
2021-02-16,71.11477162924157,75.12729165555113,71.11477162924157,74.33911895751953,76236798
2021-02-17,74.33912043116786,75.43234279044974,73.46454476790895,74.52132415771484,21014091
2021-02-18,75.57809082688182,84.17810749658676,75.32300676473284,80.67979431152344,110000964
2021-02-19,80.679796220439,81.77301842158542,75.68741594728685,76.59843444824219,48225988
2021-02-22,77.18149540252587,79.11285590903472,76.7442075951165,77.4730224609375,36592043
2021-02-23,79.98743132014776,83.37642154966778,79.76878463679184,81.77302551269531,90860972
2021-02-24,83.08489252929812,84.06879146032502,80.89844798905342,82.79336547851562,26071364
2021-02-25,84.54251639406561,87.82218297831817,84.06878566425712,86.7654037475586,62038881
2021-02-26,84.17811976252375,86.2916840547916,80.20608083772271,80.89845275878906,55154985
2021-03-01,83.30354408819476,85.74507285576586,82.72048995246897,85.30778503417969,41672980
2021-03-02,84.46964633918782,85.01625750329764,82.1738783378433,82.72048950195312,36303917
2021-03-03,83.12132760659962,84.39675346735595,82.50183059732846,83.08488464355469,19434630
2021-03-04,83.0484468119507,85.2713342450697,81.84590680298109,82.1374282836914,38272786
2021-03-05,84.72472129977011,86.18235091352959,82.72048058085082,83.77725982666016,57756103
2021-03-08,86.69251062031482,89.17048183472012,85.41708483235482,86.18234252929688,63866178
2021-03-09,87.02049469175985,87.12981803195822,83.23065411418426,85.0891342163086,26817643
2021-03-10,85.19846396917013,85.27134434798255,82.79337254544505,83.37642669677734,23841269
2021-03-12,85.08913408794818,85.5628648544825,83.08489324219352,83.85015106201172,20691698
2021-03-15,84.54252675275417,85.16201829360058,82.21032134236196,83.33998107910156,19679802
2021-03-16,82.93912552784391,84.76116250727445,82.68403590239117,83.88658142089844,20680669
2021-03-17,83.66793608432654,83.70437348582132,79.25860459313976,79.69589233398438,31017863
2021-03-18,80.1696231840552,81.77301342357018,78.34758629350848,80.31538391113281,26710696
2021-03-19,77.43657919076773,82.53828323157124,76.1247102132518,80.53404235839844,50386785
2021-03-22,80.5340396301108,81.08065075882196,79.11285291962817,79.87810516357422,15825065
2021-03-23,79.87810823639924,80.38828197907172,77.69166363744444,78.09251403808594,15815643
2021-03-24,76.52555963572846,77.25437448940205,74.958606588247,76.37979888916016,31083656
2021-03-25,77.25437852448108,78.4933616162732,73.82895075746781,74.33911895751953,37295495
2021-03-26,75.06792589920869,75.79674071376411,73.06368515918128,74.6306381225586,26637085
2021-03-30,75.83318528054161,77.47301864793079,74.7764004408635,75.43233489990234,31843017
2021-03-31,74.92216365438456,75.94249992591884,74.26622922238707,74.44843292236328,19587582
2021-04-01,75.06792003692526,76.70775324161536,73.71961384737422,76.05181884765625,22299747
2021-04-05,74.44842583934599,76.16113934409182,72.44418533029094,75.39588165283203,24878516
2021-04-06,74.81285880372432,76.08828501863297,73.82895969287821,75.76031494140625,15156974
2021-04-07,75.72385856743769,76.78063779957812,75.39588857233451,76.27046966552734,10330347
2021-04-08,75.6509695260976,77.03571303415934,75.28656216915188,75.50520324707031,26105970
2021-04-09,75.0679240271089,76.45267325231345,75.0679240271089,75.6509780883789,17645822
2021-04-12,73.50096698063061,74.52130875042116,71.0229956998294,71.46028900146484,27005598
2021-04-13,71.46029757405617,74.70352140095565,71.46029757405617,74.37555694580078,25505623
2021-04-15,75.9789429796757,77.80097998158638,75.65097854349803,76.59843444824219,28659714
2021-04-16,76.23403220099514,78.60268046359079,75.94250514890017,78.20183563232422,21627285
2021-04-19,75.76029131687233,77.21792082223142,74.26622441012844,75.10436248779297,19166492
2021-04-20,75.28658057233768,76.52556366464637,74.48487974275594,74.95861053466797,23082015
2021-04-22,74.6306551021643,76.12472247567645,74.0840438668854,75.14082336425781,14844968
2021-04-23,74.33911108465327,75.54165664075286,74.04758404674794,74.6306381225586,12790334
2021-04-26,76.70775117146084,77.03571557938177,74.70351064204026,74.92215728759766,11797791
2021-04-27,74.9221702142719,75.79674582656581,74.9221702142719,75.21369171142578,8886250
2021-04-28,75.61453835812054,76.08826910811001,75.28657390989022,75.72386169433594,6887787
2021-04-29,76.45267476567653,77.18148957648295,75.468775883171,75.83318328857422,14990087
2021-04-30,75.90606780688775,82.13743144366336,75.28657629592166,78.82132720947266,81358264
2021-05-03,78.82133246767727,80.67980712455515,77.25437932217255,78.49336242675781,33975507
2021-05-04,78.71200514610133,80.38828155393476,78.49335846319572,79.91455078125,30811922
2021-05-05,81.9187825459959,83.0848850842176,80.53403334917583,80.97132110595703,47588366
2021-05-06,81.84590982385993,82.24675465483945,79.7687830544307,80.35183715820312,26083818
2021-05-07,80.78912212978459,81.88234436580446,79.91454656513504,81.22640991210938,28016564
2021-05-10,82.97556570202039,83.77726088765804,81.99166681235528,83.01200866699219,33477142
2021-05-11,82.02810967627603,86.51031634149717,80.71624078472814,86.07302856445312,48355326
2021-05-12,86.51031355919528,88.29591313528655,82.86623960033423,83.88658142089844,49718697
2021-05-14,84.5425287927751,84.5425287927751,81.29930469687402,82.31964111328125,23626454
2021-05-17,83.0484584010791,84.10524337758011,81.80947525391693,83.26710510253906,19960145
2021-05-18,83.81371456298979,85.63575183609825,83.303546350686,84.61540985107422,29395737
2021-05-19,83.4492948055776,84.39675627207794,82.64759963568575,83.7408218383789,25295575
2021-05-20,82.68403871729276,83.59505723802282,81.04420537997868,81.48149871826172,21131045
2021-05-21,80.93489088710943,83.12133542550501,80.93489088710943,82.17387390136719,20562816
2021-05-24,82.53828547162209,83.04845366538173,80.78912864093493,82.39252471923828,24785960
2021-05-25,83.37641029156299,85.34420793439504,82.86623661942534,83.52217102050781,25820379
2021-05-26,84.10523291140002,84.10523291140002,82.35607619863781,82.61116027832031,12045621
2021-05-27,82.35606715586195,82.82979785777961,81.11708429892218,81.51792907714844,22821449
2021-05-28,82.50183861600004,84.21455795809958,81.51793968272791,81.8823471069336,19331994
2021-05-31,81.99166533132684,83.3399716046922,81.18997016017033,82.82980346679688,16430926
2021-06-01,83.33997751588045,86.32811730781692,83.2306541756014,85.70862579345703,51620011
2021-06-02,86.00015874324077,87.0205007217693,84.54252893403331,85.81795501708984,27162991
2021-06-03,86.58321045618979,90.2272848767295,86.32812079841898,89.27982330322266,64241347
2021-06-04,90.81032571306326,92.34083572724661,89.89930718552368,91.42981719970703,72354379
2021-06-07,92.52302184649734,92.92387214658972,91.02895508156574,91.2111587524414,28709907
2021-06-08,91.64848007242544,91.75780342713993,89.38915483679891,90.95610809326172,15261479
2021-06-09,92.55947864759776,93.28829344009853,89.68066244138595,90.40947723388672,29718157
2021-06-10,90.19084050693404,90.956098347523,89.24337894814926,90.33660125732422,12245640
2021-06-11,90.3366036006275,92.26796417568538,89.27982423184565,90.04508209228516,18360366
2021-06-14,90.66458100082869,91.68492304413587,88.36881279349173,90.95610809326172,19547491
2021-06-15,91.53912200358289,93.6526856716804,90.99251099771705,91.35691833496094,32779493
2021-06-16,92.55948224169562,93.47050076769656,91.90354779089178,92.34083557128906,31654780
2021-06-17,91.5391587653267,92.55950083145765,90.00864844633874,91.17475128173828,18124616
2021-06-18,90.7738980556811,90.7738980556811,86.6560927569414,87.6399917602539,87912730
2021-06-21,87.02049442956609,88.91541193243643,86.6925244099591,88.15015411376953,15669821
2021-06-22,89.42558374519915,90.51880606756303,88.55100811147454,88.95185852050781,23629008
2021-06-23,90.0086458637888,90.6645804275111,88.73321970782418,89.89932250976562,21978870
2021-06-24,90.70099930271323,90.70099930271323,88.44167454309425,88.9154052734375,24358397
2021-06-25,89.60777546701749,91.06540503499119,87.71285814073477,88.11370849609375,34557609
2021-06-28,89.31626038305096,90.73744708919732,88.76964925600761,89.17049407958984,23728169
2021-06-29,88.7696570554103,89.24338229213717,86.8018534889112,87.02050018310547,20857415
2021-06-30,87.71286994907156,88.1501577662504,85.30778417437982,85.78150939941406,19094044
2021-07-01,85.81794138005831,87.27557095763892,85.48997694926891,86.61963653564453,16012542
2021-07-02,87.45777489105328,88.07726635111513,86.00014530953572,86.32810974121094,20014124
2021-07-05,86.83829071658977,88.51456153972215,86.65608700361346,88.15015411376953,12050022
2021-07-06,89.64422475555797,91.10185442638006,88.22303805067281,88.5510025024414,30193164
2021-07-07,87.38489532470703,87.74930272342523,85.85438536217373,87.38489532470703,18479814
2021-07-08,87.02049891230172,87.02049891230172,85.16201872004007,85.30778503417969,17151883
2021-07-09,85.34421489775131,86.47388010069855,84.97980748524134,85.9272689819336,11240925
2021-07-12,86.72896542838583,86.98404950873908,86.00015059285317,86.4010009765625,8420962
2021-07-13,86.72896386170038,88.04083276612772,86.43743682067031,87.74930572509766,8580799
2021-07-14,87.67643270718423,88.73321206406823,87.53066639423784,88.04084014892578,12709481
2021-07-15,86.87472660437828,87.02049290846098,84.68828208688136,85.19845581054688,28589465
2021-07-16,85.41710133636995,85.56286764797896,84.36032198918168,85.12557983398438,19691248
2021-07-19,83.66793730986802,84.94336314958909,83.23064400220278,83.52217102050781,14395883
2021-07-20,81.66369228522626,82.53826773239689,81.33572232222596,82.06453704833984,18634406
2021-07-22,83.37642817216516,84.3967701748439,83.04845812108098,84.1781234741211,11710140
2021-07-23,84.17811701122017,85.08913559359269,83.63150586179667,84.03235626220703,7841690
2021-07-26,83.704397072234,84.25100829241893,83.15778585204909,83.48575592041016,8149770
2021-07-27,84.06879244209331,84.46964283665243,83.08489349957628,83.55862426757812,9704729
2021-07-28,83.74083149045786,83.95947261994797,82.68404656979867,83.33998107910156,11020097
2021-07-29,83.30353580068285,84.39675802609645,82.57472098374045,83.63150024414062,14142749
2021-07-30,83.30354139630901,85.08913559359269,82.93913396336002,84.03235626220703,12236156
2021-08-02,83.77725490878032,85.63573478139374,83.66793714249808,85.34420776367188,10895726
2021-08-03,84.65184303814871,86.14591009319007,83.92302821312877,85.9272689819336,15163353
2021-08-04,85.78150467586852,86.36455877361203,84.97980946178316,85.52642059326172,14304543
2021-08-05,84.68827945008002,85.45353723154373,83.59505722536944,85.1620101928711,11033147
2021-08-06,84.65185079384955,86.14591798577555,84.65185079384955,85.0162582397461,6606584
2021-08-09,84.54252027428669,85.27133510423744,83.30353728753677,83.81370544433594,8294214
2021-08-10,83.88657226937431,84.32385998464905,83.01199683882484,83.7043685913086,14300982
2021-08-11,84.17810205312875,85.48997080279813,83.70437136239175,85.27132415771484,11308648
2021-08-12,84.61539286000614,85.92726165738297,84.0323443859395,84.72471618652344,13519139
2021-08-13,85.12558362379448,85.2349014118478,84.06879866914167,84.61540985107422,10342014
2021-08-16,85.19846547679983,86.25524488932129,83.59506931247138,84.1781234741211,14771886
2021-08-17,84.54250819246876,84.54250819246876,82.13741737317214,82.97555541992188,16025745
2021-08-18,83.01200473806753,83.99590358116511,82.28318995645222,82.5018310546875,10074307
2021-08-20,80.6433538876804,81.4450490074379,79.07640104972718,80.31538391113281,23878081
2021-08-23,80.4247037447042,81.62724915233501,79.07639761632454,81.4450454711914,16886027
2021-08-24,82.46539365185605,83.95946061791814,81.70013590699376,82.5018310546875,17368602
2021-08-25,82.72048441937801,85.41709710579929,82.57472367540453,84.28743743896484,18637317
2021-08-26,84.25099887008952,84.72472965335281,83.3764232397698,84.21456146240234,8779246
2021-08-27,84.17812000210078,85.2713423397904,83.77726958744805,85.0162582397461,9706825
2021-08-30,85.08912905906485,87.74930422738427,85.08912905906485,87.56710052490234,15933414
2021-08-31,87.45778454539759,88.18659941660924,86.765412641913,87.85863494873047,13376290
2021-09-01,88.76964361966857,89.09760805090444,87.02048701210757,87.23912811279297,10964080
2021-09-02,86.65608065274793,87.56709915086257,86.00014622202225,86.473876953125,13031666
2021-09-03,87.42132685170473,90.00862143284742,86.58319433932621,89.71709442138672,21326802
2021-09-06,90.22727707408863,90.62812188943413,88.2959166861388,88.66032409667969,12505630
2021-09-07,89.27982107463349,89.46202479111233,87.12981944434958,87.42134094238281,8530847
2021-09-08,88.08755094440939,88.45766670468002,86.9772036635975,88.050537109375,7801721
2021-09-09,88.16156517924051,91.64065640697116,87.49535574009907,90.41927337646484,27242637
2021-09-13,90.45628607939686,91.34456725846488,89.64203256755641,91.08548736572266,9921031
2021-09-14,91.27054776042195,92.82503280734142,90.90043200413074,91.75169372558594,16593684
2021-09-15,91.97377051814192,96.74826177898974,91.97377051814192,95.0827407836914,42437332
2021-09-16,95.9710170994334,97.1553921117631,94.30550173932177,95.2677993774414,22431820
2021-09-17,95.26779286926448,96.00802437764267,92.34388067017797,94.5645751953125,25968166
2021-09-20,92.56594704938345,95.7859471483167,92.56594704938345,95.11974334716797,29857432
2021-09-21,95.9339955367718,100.67147205672116,95.56387983068092,100.07928466796875,51537119
2021-09-22,99.56113948166468,100.11631312189701,98.04366260602232,98.93193817138672,16424387
2021-09-23,99.783207776674,102.4110318427118,99.48710840167698,101.96688842773438,18688982
2021-09-24,102.81814533988054,103.55837680034055,99.5611314318708,100.7455062866211,33667173
2021-09-27,102.18898157135949,104.18760476793561,101.78185190473283,103.63243103027344,34196564
2021-09-28,104.96483718777132,106.29725625123416,104.37264968233926,105.26092529296875,46109879
2021-09-29,104.26162277347214,110.14646158745636,103.15127540120956,107.14852142333984,68003697
2021-09-30,107.14850543857033,108.11080860997917,104.63172295491879,106.96344757080078,26714630
2021-10-01,107.48159723768775,110.77562471532192,106.66734947306702,108.25884246826172,42893182
2021-10-04,109.40621511869232,109.924374896233,108.81402767505894,109.25817108154297,16099471
2021-10-05,111.03473661361724,121.84212216202432,110.29450503619313,121.1388931274414,131238378
2021-10-06,122.87843166159584,127.87499439482337,122.7303876173964,124.43292236328125,101221817
2021-10-07,125.9504049222098,125.9504049222098,118.066942731213,118.73314666748047,59769140
2021-10-08,121.3239394756396,123.32257358050867,118.8071568699298,119.1402587890625,30561341
2021-10-11,121.21291703888865,123.02648208824932,120.43567164772347,122.1382064819336,18143592
2021-10-12,122.21221850435722,122.76739209908622,120.4726700561921,121.06485748291016,11619888
2021-10-13,121.13889054776956,121.24993205904103,118.21497813821698,118.43704986572266,16690451
2021-10-14,119.17725172185429,119.73242525472007,117.43770346752774,117.73380279541016,14821875
2021-10-18,121.21291654327538,122.50832175824168,119.3253238281742,119.99153900146484,22899876
2021-10-19,121.02786419774466,121.02786419774466,116.95659047855447,117.4007339477539,10331930
2021-10-20,117.88187706951645,117.95590474424694,113.73657577543061,114.661865234375,17118996
2021-10-21,116.66046881835396,118.65909126500013,114.40276087333162,114.7358627319336,31555789
2021-10-22,116.21632021945452,117.21563704508758,114.36574187201097,116.25333404541016,27317028
2021-10-25,117.69680709354091,120.62071922459334,117.62277942641101,119.47335815429688,34568006
2021-10-26,121.06488297382619,121.36097110201045,118.65913022345529,120.73178100585938,33022684
2021-10-27,120.73178970266818,121.10190553707852,116.21637200484649,116.88257598876953,21652522
2021-10-28,111.0347333526557,116.10532402710852,110.0724300712586,111.18277740478516,24815027
2021-10-29,110.960694805429,112.4041552335907,108.0737965391777,110.33150482177734,18736450
2021-11-01,111.03471531571995,113.69955300131136,109.8503405010048,113.36643981933594,11444653
2021-11-02,113.9586305045816,114.58783176081639,112.03403549410491,113.21839904785156,20609479
2021-11-03,111.92297988660376,114.14367397679445,110.8866604958618,112.51516723632812,11591857
2021-11-04,112.51519411075984,113.14439543794663,111.96002045560806,112.55220794677734,1114216
2021-11-08,113.21841593742921,115.1430225300485,112.29312647848481,114.661865234375,16568525
2021-11-09,115.84622992468306,117.06760738351022,114.73588267300877,115.95726013183594,13601954
2021-11-10,115.99428078447183,117.47474387373128,115.80922289831439,116.73451232910156,13900618
2021-11-11,115.92024063460335,116.1052984828099,113.29241693106324,113.62551879882812,14158749
2021-11-12,113.99567583759556,115.18005101366401,113.47751593370515,114.47682189941406,10552485
2021-11-15,115.80921567391809,120.10256062395102,115.47611375862164,116.80853271484375,45750584
2021-11-16,117.9929214333067,118.21499318908607,116.06832590497586,116.32740020751953,12956283
2021-11-17,116.2163554351828,117.881876452566,115.92026732788516,116.51244354248047,11420415
2021-11-18,116.21634277588319,116.21634277588319,113.77357662413449,114.21772003173828,18351511
2021-11-22,116.0982960915115,117.97889424767891,112.0684378800706,112.49061584472656,21558590
2021-11-23,111.91496079272872,113.373381492185,110.07273222693598,112.60578918457031,21216047
2021-11-24,114.37124236774646,119.62925383275136,114.37124236774646,117.78702545166016,36294271
2021-11-25,118.20920979545353,119.74439433825164,117.09620334443063,119.0535659790039,11554142
2021-11-26,116.86591410982551,116.86591410982551,112.26036084441367,112.9128189086914,23135841
2021-11-29,111.3008593631039,112.10683344582476,108.92131906412351,110.61003112792969,18736522
2021-11-30,110.03434220178634,113.4117430631572,108.3072598201139,109.0748519897461,22980651
2021-12-01,109.30512132416095,110.26461154544933,107.19424283732653,109.18998718261719,14278744
2021-12-02,107.84671409924826,111.0322173395883,107.76995018711993,110.53328704833984,8561767
2021-12-03,110.5332711686685,112.72091351222582,109.88081314689826,111.99169158935547,10690334
2021-12-06,111.91493833862057,111.95332028880634,109.57377992760938,110.03433990478516,7749262
2021-12-07,111.30086332956205,112.26035353067896,110.91706724911528,111.99169158935547,10253663
2021-12-08,112.83602800748791,115.40746598382495,112.68251194454051,113.91065216064453,12266948
2021-12-09,114.75506291984968,115.06209519248259,112.33715156340682,113.10474395751953,7989291
2021-12-10,112.26035234616674,113.60363861355677,111.72304018171607,113.25822448730469,10324085
2021-12-13,114.33285937365712,115.52262966285656,111.56953439594933,112.03008270263672,13595587
2021-12-14,110.72516291796255,113.18145535076047,110.49488294027265,112.75927734375,12331999
2021-12-15,112.29873455387866,113.37335888524473,110.22623807908593,110.49488830566406,10361033
2021-12-16,111.53115234810097,112.26036261746957,110.9554581808319,111.56953430175781,12156709
2021-12-17,110.686810604216,111.37765072224713,106.31153670680291,107.00236511230469,17667617
2021-12-20,105.54391804026133,105.65905217493105,101.05349938771965,102.85734558105469,17238729
2021-12-21,103.66333881825602,105.04500725225637,102.70384847694031,104.4309310913086,8615570
2021-12-22,105.4671476491215,105.88932563779674,103.85521130035106,105.00659942626953,4968143
2021-12-23,106.31152571817309,108.23050632680437,105.27527150450095,107.84671020507812,6324169
2021-12-24,108.65268986971817,108.69107182632749,105.31365875769592,106.31153106689453,5657495
2021-12-27,104.81471874956357,105.96610706600872,104.39254069102815,105.42879486083984,4404298
2021-12-28,106.8104472436782,107.84670137248159,106.31151701130747,107.07910919189453,8738089
2021-12-29,107.6164099743811,108.11535186641859,105.50553170140365,106.61853790283203,6571286
2021-12-30,106.50342377903623,108.38402243298925,106.31152571817309,107.84671020507812,11556524
2021-12-31,107.80831995838717,109.72730041942121,107.04072777397356,109.30512237548828,6393760
2022-01-03,109.26676489909315,110.11110937305466,108.38402675639374,109.8040771484375,3765911
2022-01-04,109.84244574122877,114.06420273500373,109.84244574122877,113.45012664794922,16351836
2022-01-05,113.98744331616352,115.98318774947104,113.14308719918088,115.4074935913086,12977680
2022-01-06,115.59940593945001,116.21347041407184,113.8723232513857,115.75292205810547,9012777
2022-01-07,116.290192990401,120.89574518804065,116.17505887046998,120.55033111572266,30889365
2022-01-10,121.47147674959572,122.35420317524488,120.051426364826,121.5482406616211,16418985
2022-01-11,121.893649576171,124.08128042406946,120.97254123429121,123.5439682006836,14457548
2022-01-12,124.8872666653713,127.19004359852207,123.88939431850012,126.61434936523438,21220614
2022-01-13,126.61433293409365,127.03651099288975,125.15591241737364,125.84674072265625,7445346
2022-01-14,125.0791248922016,125.34778680048362,122.96824670935139,123.6207046508789,11646259
2022-01-17,124.73372965548535,129.1090027532031,124.58021356149173,127.30516815185547,32577835
2022-01-18,129.1857876984272,129.2625399016619,125.42457836405283,125.77000427246094,11175409
2022-01-19,126.88299238221327,131.2582655583184,126.57594847619785,130.6825714111328,36648534
2022-01-20,131.18150834847253,131.18150834847253,127.80410719763043,128.07276916503906,14474454
2022-01-21,126.88301231661671,127.72735683762622,124.58023536608839,125.6164779663086,8625926
2022-01-24,126.8062444419369,129.18578523488895,125.69323795976082,127.1900405883789,28783449
2022-01-25,125.11752663474162,127.957615387626,125.11752663474162,126.7678451538086,14249846
2022-01-27,126.72949224016581,129.53119942418098,126.26893217942384,127.1900405883789,25936832
2022-01-28,128.61005943008152,134.09833829133294,127.61218735189235,129.56954956054688,32790065
2022-01-31,131.71884264074413,134.21351760202694,130.1452760918907,132.48643493652344,24031034
2022-02-01,133.5610531429848,134.25188149147166,129.3392957160514,131.2198944091797,14220953
2022-02-02,130.9128313317453,133.59940360651717,130.87444938531488,131.488525390625,12478192
2022-02-03,130.49068166248833,131.45017196883015,127.42031268219449,128.5717010498047,12529302
2022-02-04,130.49068701075834,132.56318381489407,129.7614766905569,130.18365478515625,17434362
2022-02-07,131.02797930545444,133.02372360548975,129.87659106601717,132.1026153564453,11723574
2022-02-08,132.02587971101983,132.7934720349211,127.8041219295628,128.1495361328125,13231599
2022-02-09,128.87872761532844,130.18364374479415,125.19429437045105,125.84674072265625,17938632
2022-02-10,127.3051607568805,130.79769561433596,126.7678368903244,129.79983520507812,26763203
2022-02-11,128.91710158550543,130.8744639459711,128.2646552737015,129.07061767578125,12884995
2022-02-14,129.64630312406518,135.36487373255628,126.80621465014899,127.57380676269531,44604164
2022-02-15,130.49067861317263,130.49067861317263,120.05141963910766,126.00025939941406,31146458
2022-02-16,126.2689045801081,129.64630524556856,126.2689045801081,129.37765502929688,15960268
2022-02-17,129.37769122987856,132.33291471091246,129.33930927037846,131.833984375,24640791
2022-02-18,131.41179525560267,131.83397334973782,127.95763001499817,128.8787384033203,11829998
2022-02-21,129.84832881718154,129.9646874720784,126.47414087123057,126.74562072753906,14222260
2022-02-22,129.15023119910404,129.15023119910404,126.62928074026266,127.94792938232422,29399172
2022-02-23,128.95631015949635,129.07265698317798,123.83683687143903,124.6900863647461,21301826
2022-02-24,124.69008437531109,125.9699467589589,121.00561842953985,121.50980377197266,28766189
2022-02-25,123.6429094379683,124.4185864403041,121.6261563334303,123.7204818725586,20225258
2022-02-28,124.49614861595701,125.54331721717652,120.85046937257444,124.61249542236328,20210070
2022-03-02,128.49090940103108,130.58524708082678,125.5821202189743,126.3965835571289,41103406
2022-03-03,130.54645468086525,133.26132445565966,126.35779135536093,132.09780883789062,42345653
2022-03-04,131.94265629545293,132.6407608286155,127.09467527101523,128.1806182861328,32658756
2022-03-07,129.61563554592936,147.2235016372949,129.61563554592936,145.0128173828125,132538155
2022-03-08,147.3786585522741,151.21825807895715,137.91539968609635,138.9237823486328,73127816
2022-03-09,141.94889140630886,142.56943537526342,134.85145157035012,136.05374145507812,51977091
2022-03-10,130.50765394310375,137.2172551915575,127.98670371834841,135.23928833007812,62112814
2022-03-11,133.80428909196308,136.82942480664184,133.18374509421318,136.2864532470703,26187452
2022-03-14,134.96776283330306,136.13127803014189,132.33046645482386,133.2612762451172,20214021
2022-03-15,130.54643771836805,131.47724772446028,125.38817871495911,127.01710510253906,42333127
2022-03-16,128.762369583187,130.19737662916307,125.54331507796354,129.770751953125,25545119
2022-03-17,129.22780601457225,133.0286189649273,127.67645185754685,132.09780883789062,66314748
2022-03-21,133.18374838017493,135.74348503661534,132.09780523423905,133.84307861328125,20614652
2022-03-22,136.67427173146837,140.59144256742155,134.8126518470008,136.09251403808594,39742745
2022-03-23,136.90699742321118,137.8378075031027,135.62713504284687,136.20889282226562,10994784
2022-03-24,138.768635121497,139.93215082738735,136.90701472643,137.64390563964844,20332589
2022-03-25,138.45833912336957,139.04009685077867,135.82104216013806,136.364013671875,13608989
2022-03-28,136.13130401684688,137.9929239528064,135.47197387842033,136.79063415527344,15253027
2022-03-29,135.7046996152862,135.89861888076555,132.2917252772063,132.64077758789062,14210783
2022-03-30,126.43534493152006,127.87035204700113,125.00033781603898,125.65966796875,95239532
2022-03-31,125.54333254929635,128.1806297276413,125.00034915737925,127.13346099853516,33523683
2022-04-01,127.13346883386733,130.5076688703708,126.86198895706949,130.27496337890625,28335224
2022-04-04,129.49925920005978,131.12818546356363,128.25818323176728,130.35250854492188,17745513
2022-04-05,132.05902181087768,133.99821449532521,131.32213095796618,133.30010986328125,20054934
2022-04-06,132.3305153448227,134.5799741554265,132.09780985230327,134.03700256347656,12969222
2022-04-07,132.3305030085819,134.81266708031043,130.46887107786657,130.9730682373047,24550313
2022-04-08,131.0894202570655,132.87347982300878,130.85671477700467,132.56320190429688,9529874
2022-04-11,132.64078064750566,133.9982155371731,131.51605124895977,132.79591369628906,9724979
2022-04-12,132.64079815485186,133.5716084063035,130.46889967753506,131.01187133789062,13184429
2022-04-13,132.9510585558594,135.62715418765072,132.4080869189358,135.1617431640625,23458303
2022-04-18,136.5191466986725,138.84617760830898,135.82104216013806,136.364013671875,23916912
2022-04-19,137.52753724275055,139.46672978188724,136.5191547552211,137.4111785888672,17880666
2022-04-20,137.21724485283045,137.56630894174785,135.58833039340902,136.1313018798828,10076403
2022-04-21,136.2864386101764,137.0621155650845,134.8902177241636,135.08413696289062,12246720
2022-04-22,135.0841507758549,136.75186350097312,134.7350984776323,134.96780395507812,10267952
2022-04-25,132.6407968497008,134.19215119882008,130.5464708455686,131.5936279296875,12583497
2022-04-26,132.71833410028273,133.18373318004288,128.52967136709398,129.499267578125,20086229
2022-04-27,130.27493743997894,131.01182815298418,126.7068306795727,127.87034606933594,13981957
2022-04-28,128.76238353021154,128.76238353021154,126.00872778030876,127.83157348632812,13030499
2022-04-29,129.15023871042166,129.88712959714627,123.72049894481835,124.45738983154297,15964743
2022-05-02,122.67331641097653,123.52656587034042,120.92804310982572,121.27710723876953,23405519
2022-05-04,123.33264917217895,126.2802242868686,122.51818591424082,125.85359954833984,23661920
2022-05-05,127.36614896557084,130.62398968972977,126.74560505718566,127.87034606933594,26878516
2022-05-06,127.13345045603106,129.84831984691792,124.96156441203456,129.499267578125,16768573
2022-05-09,128.18063179676017,129.77077210755957,126.2414391825883,127.79279327392578,9952775
2022-05-10,124.45736843572845,125.3881784397779,118.60100489957576,119.80330657958984,22602956
2022-05-11,119.45425807748886,124.10832008050791,119.26033882736307,123.02237701416016,15084514
2022-05-12,123.33263258278942,124.88398645175532,119.45424791037465,121.39344024658203,21459069
2022-05-13,124.10831583615828,124.34102129552934,118.63979080244928,119.1052017211914,12934346
2022-05-16,119.6094160433305,121.19955659300963,117.74779558841955,119.06644439697266,13205775
2022-05-17,121.0056037121647,126.97831383590746,120.65655145325009,126.55168914794922,17843200
2022-05-18,125.659682155304,127.59887478115745,124.26346109751101,126.59049224853516,12616832
2022-05-19,122.98360796181369,125.69847784248996,122.4018501302402,124.10833740234375,8932407
2022-05-20,125.38815781425983,127.05587013991673,124.18586816790577,125.58207702636719,7235654
2022-05-23,125.46575781774337,127.36616414703155,119.95844624872827,120.30751037597656,18029557
2022-05-24,122.09155554956111,122.36304723499387,116.46789727727138,116.8557357788086,19141394
2022-05-25,118.60100264065797,118.87249431145166,114.4899242147497,118.3683090209961,19366472
2022-05-26,118.5234337003141,118.91127215362934,114.87775460632895,117.8253173828125,12824105
2022-05-27,120.22993047488895,120.61776896029181,109.44802531504574,111.54235076904297,52469252
2022-05-30,112.9773585374154,114.25723278209152,109.48681178339565,111.73628234863281,40261336
2022-05-31,112.78342166834257,118.67857111150568,112.78342166834257,117.32113647460938,57675204
2022-06-01,117.28236020488185,118.60100873963805,115.38195391927219,116.15763092041016,22780094
2022-06-02,114.6450525089913,118.60099774658578,113.24883166917945,118.25194549560547,25429955
2022-06-03,119.4154776762185,119.60939693578882,117.24357960185257,117.59264373779297,16747177
2022-06-06,118.75614799035317,121.0056064528771,118.52344253384247,119.41546630859375,30327268
2022-06-07,120.07479481088662,126.39655724976163,119.60938390426777,125.54331970214844,61411715
2022-06-08,126.82319316413695,129.07265179477093,125.73725006711891,126.74562072753906,45994327
2022-06-09,128.76236706166236,129.80953562453203,127.59885169664734,128.41331481933594,31122996
2022-06-10,127.2110094599862,129.2665484760507,126.70682421782396,127.71519470214844,17812698
2022-06-13,125.65967602784511,127.17224383507597,122.90602026622938,123.75926971435547,12237777
2022-06-14,123.75927716960925,124.53495422885356,120.4626496678209,120.96683502197266,12844437
2022-06-15,121.74250206230519,121.9752075281063,116.9720932748949,117.43749237060547,16223385
2022-06-16,115.69223435125063,117.5538664866817,110.61155883162641,111.34844970703125,25130676
2022-06-17,110.49518996530418,112.5895155679236,109.09896895159386,109.71951293945312,22922034
2022-06-20,107.50882919673947,107.74152281127867,100.83800274249498,104.2509765625,28656582
2022-06-21,105.56963665201198,108.74990501603506,104.71638728055483,107.89666748046875,20581784
2022-06-22,106.22895103948645,106.22895103948645,101.61367576687151,104.60003662109375,31824106
2022-06-23,103.9407200586173,105.80234016113127,102.54449906378584,104.56126403808594,26829020
2022-06-24,106.2677539085717,109.37046205188766,104.87153287690106,106.53924560546875,25461812
2022-06-27,108.59477767674746,110.61154256795793,106.46166597238278,109.75829315185547,24188349
2022-06-28,110.7666722487308,117.70897867314848,110.26247512322549,115.84735870361328,54387675
2022-06-29,115.84735496856857,122.09154482617275,113.40396552195365,119.57059478759766,165860322
2022-06-30,118.67857751640886,119.80330676621617,115.76978885179099,117.55384826660156,38725546
2022-07-01,115.53706970413882,117.2435564847077,100.8379950941335,101.65245819091797,125788305
2022-07-04,100.79922768764663,100.79922768764663,96.26151824545113,97.73530578613281,85993413
2022-07-05,98.51099414303246,99.75208226816824,97.73531702379599,98.8212661743164,44595740
2022-07-06,95.40827070543295,95.79610920423552,92.96488697938757,93.81813049316406,59092334
2022-07-07,94.05083127349978,96.30029563806332,94.05083127349978,95.79610443115234,36229792
2022-07-08,98.00678306240818,98.00678306240818,93.85691249517747,94.2447509765625,42778692
2022-07-11,94.24474267845609,97.65772219772582,93.89569044312132,97.34745025634766,31521678
2022-07-12,96.88205671217986,98.31705795235285,95.79610774844637,96.26151275634766,25216226
2022-07-13,94.98164318199409,96.8820553207196,94.16718590935086,96.53299713134766,27166975
2022-07-14,96.49420785407389,102.85476200530701,96.0288028961654,98.6273193359375,38464081
2022-07-15,98.97638356504957,99.59692161145222,96.64935257566151,98.16192626953125,18088858
2022-07-18,98.54976467540682,101.38098097548568,98.47219224147658,100.76043701171875,21010247
2022-07-19,101.22585802203983,103.32018375186898,96.53300936341803,99.20909881591797,33778758
2022-07-20,104.71640064801791,105.95748864931433,102.54450256369536,102.81599426269531,60317150
2022-07-21,103.16504231075147,103.5528808156791,102.23423226610352,103.24261474609375,20853780
2022-07-22,103.78557957970557,103.78557957970557,102.04030642030209,102.73841094970703,11630255
2022-07-25,102.38936361329057,102.7384158947939,99.59692168948051,100.68287658691406,21705935
2022-07-26,101.49733884411874,102.07909658643683,99.09273544151402,99.44178771972656,22172845
2022-07-27,100.13989840931569,100.9931359479241,99.13151601287765,99.75205993652344,20187969
2022-07-28,101.14826819330682,101.22584062162608,99.48056750746011,101.03192138671875,25736737
2022-07-29,101.18707267296743,104.32856721272242,100.76044791198218,104.05707550048828,19738642
2022-08-01,104.0182821074013,107.81909436877892,103.32016576175243,107.35368347167969,20592826
2022-08-02,106.03504943847656,106.30654113795406,104.40613474928868,106.03504943847656,15037928
2022-08-03,105.49208039003109,107.39248682399649,103.78559322148853,105.22058868408203,15853543
2022-08-04,104.21221536332143,106.38410161296333,103.94072366417002,105.68599700927734,14311959
2022-08-05,104.79397778655317,107.431275112725,103.63046217161391,105.87992095947266,66480753
2022-08-08,105.724787911326,106.65559803609884,104.75519156554329,105.87992095947266,12451233
2022-08-10,105.80233656597272,106.07382824648121,103.51409181558526,103.78558349609375,15829467
2022-08-11,104.3285668768695,105.49208249259667,102.42816040502703,103.00991821289062,19479706
2022-08-12,103.86314508645668,108.36207403287862,103.55287902224484,107.97423553466797,40876891
2022-08-16,108.20693984896907,110.06855988620761,105.56964282356586,108.55599212646484,31230003
2022-08-17,108.55599343028983,109.21532361250536,107.58639718343856,108.32328796386719,15694770
2022-08-18,109.79248126140821,109.83219163481243,106.97321440037341,107.64825439453125,42597708
2022-08-19,109.19685492111796,109.99101386599882,106.45700898485977,106.893798828125,35382493
2022-08-22,106.81438332972012,106.81438332972012,103.08183852913979,104.74956512451172,31231393
2022-08-23,104.74957379920356,106.57614203693659,103.3200972041916,106.2187728881836,24268146
2022-08-24,106.97321375104966,109.11744060491122,106.81438437630149,108.00562286376953,22730039
2022-08-25,108.79979010924309,109.71306817175703,108.12475006797246,108.44242095947266,14620592
2022-08-26,108.40271631023369,109.79249472446746,108.08505751985699,108.52183532714844,12105053
2022-08-29,106.5761330201288,108.4821218487321,106.21876390161079,107.92620086669922,9198908
2022-08-30,109.51452120562298,111.06314094927905,109.23657282648561,110.07044219970703,21720398
2022-09-01,107.21146331563865,108.20416205004273,106.53642332908211,106.97321319580078,20349294
2022-09-02,106.973229418977,107.80709890591896,105.06725240702936,105.42462158203125,17495310
2022-09-05,105.54373163697024,106.33789067748289,105.34519187684207,105.94081115722656,14865879
2022-09-06,106.49672712427672,106.53642538009356,104.59073824678464,104.90840911865234,10870488
2022-09-07,104.03483564268869,105.58344336798731,103.2803869680976,105.22607421875,12042788
2022-09-08,104.55104312549588,106.5364409221662,104.43192410485825,104.70988464355469,14629497
2022-09-09,105.22608159193352,106.57614964915443,104.78929165985745,106.41732025146484,12327341
2022-09-12,107.21147935781906,107.52913815319823,106.09966145608567,106.41732025146484,13500202
2022-09-13,106.57613311412908,107.33058172453347,106.02022424951028,106.33788299560547,10846178
2022-09-14,105.18636313783527,106.4967328334659,104.82899399099252,105.781982421875,8597956
2022-09-15,106.09966296284722,106.73498056262795,104.82900352747284,105.30550384521484,10810473
2022-09-16,104.11424891803237,104.82898716517857,103.24066917782739,104.23336791992188,20909579
2022-09-19,104.90840858851632,106.69526633581418,103.00241972065582,103.67745971679688,19411428
2022-09-20,104.35249371659859,106.09965331077274,104.27308508280316,105.781982421875,13080582
2022-09-21,104.9878307023771,105.7819898031786,103.28039348281635,103.9554214477539,11156865
2022-09-22,103.55833454105824,103.9157158053572,101.73177843328966,102.1685562133789,11366882
2022-09-23,101.85089234545137,102.52593234655973,101.2552730919692,102.12885284423828,10407849
2022-09-26,101.09645000559138,102.2876885866834,97.40360919241553,98.03893280029297,12848954
2022-09-27,98.7536770423195,101.5729441044377,98.35659751576496,98.83309173583984,14465123
2022-09-28,98.43600598935936,98.43600598935936,96.4903188557664,97.32418823242188,15267018
2022-09-29,98.07863628595416,101.81118115422736,98.07863628595416,100.58023834228516,20597761
2022-09-30,99.66695458404457,105.14664684150348,99.66695458404457,100.6993637084961,33530494
2022-10-03,104.59074331634693,107.21147057623598,103.71717564165411,105.14665222167969,50966493
2022-10-04,107.13204197874788,107.21146272422388,104.67015640174908,106.33788299560547,14137567
2022-10-06,108.40270126015862,108.44241163291905,105.14664458027414,105.34518432617188,14570735
2022-10-07,104.86871302804673,106.61586064861406,104.19367293655404,106.45703125,13532236
2022-10-10,105.62314604281485,106.41730503561797,104.98781642499145,105.82168579101562,10183057
2022-10-11,105.82167943857903,106.02021917486154,103.43920260318887,104.11424255371094,13176461
2022-10-12,104.11425778106654,104.82899608905696,102.52593965850507,104.31279754638672,9401804
2022-10-13,104.1936434808713,104.70985402781652,101.37438306928483,103.12153625488281,13320136
2022-10-14,104.8290107371771,105.46434049855964,100.89792525811443,101.33470916748047,13205955
2022-10-17,100.85819302033396,101.81118139694516,100.06403402017385,101.49352264404297,9320940
2022-10-18,102.00973506418175,102.5259457554553,101.33470103374118,102.2082748413086,6490293
2022-10-19,102.20826089702521,102.20826089702521,101.17585783218847,101.49352264404297,7381712
2022-10-20,100.85819352193792,104.03482953837691,99.90520514058717,102.92301177978516,18748363
2022-10-21,102.72447878142773,105.94081326517657,102.24797850047689,104.47162628173828,11945173
2022-10-24,105.62316197951071,106.41732109213861,105.14666166477141,105.4643325805664,2154912
2022-10-25,105.186364046785,105.5437331967159,103.12155778168115,103.83629608154297,10232002
2022-10-27,103.83629658315432,104.98782479089692,103.47892743149704,104.670166015625,13865026
2022-10-28,104.90842976461758,107.68798682147671,104.67017959330538,106.1790771484375,22918037
2022-10-31,106.73497966809802,107.3703093804606,105.4643323612792,106.45703125,8753855
2022-11-01,106.4967244275253,107.76737152910616,106.4967244275253,107.33058166503906,11630848
2022-11-02,107.88650321163651,110.54692854686358,107.48942371820819,108.36299133300781,21117499
2022-11-03,108.32328033447266,108.56153045273454,107.41000235202385,108.32328033447266,7561534
2022-11-04,108.32327520457113,109.91159309389272,108.04532684468214,109.47481536865234,7498344
2022-11-07,110.03073120117188,110.38810032540702,108.60124258632669,110.03073120117188,9987481
2022-11-09,110.3484109951953,110.38812137610621,108.79980308292483,110.11016082763672,12033732
2022-11-10,109.19686987532201,111.85730755217386,109.11744912279595,111.06314849853516,15908521
2022-11-11,111.65876583129047,112.2146747355109,110.54693590494432,111.53963470458984,18492513
2022-11-14,111.65875888841236,111.97641763738498,110.07044090774023,110.58663940429688,12743505
2022-11-15,111.18228222595012,113.84272025494819,111.18228222595012,113.0485610961914,24636519
2022-11-16,113.40591241231152,113.80299192907879,112.13525311149421,113.48532104492188,11460200
2022-11-17,112.73087298019881,114.20007204713542,112.53233322076981,113.72357177734375,13368536
2022-11-18,113.68384677637368,113.76326751708984,111.34108034009114,112.57202911376953,19958908
2022-11-21,113.40589495081082,113.69775344645373,112.07170286187002,112.947265625,16348881
2022-11-22,112.5303485586298,113.32251966002174,110.82091867217314,112.73881530761719,11198874
2022-11-23,113.03067435402997,113.94792041941905,112.19680735433045,113.82284545898438,9010911
2022-11-24,113.82283289902227,116.74136707592028,112.98896599133712,116.2827377319336,11803087
2022-11-25,115.90752332651365,117.82542014214438,114.86518948364932,117.20001983642578,9789098
2022-11-28,116.32443750159857,117.74200874718069,115.9491999253856,116.40782928466797,8925344
2022-11-29,116.78307350851935,117.65863638538902,116.32444412313043,116.94984436035156,13558920
2022-11-30,116.4078375088763,118.24234235181376,116.4078375088763,117.65863800048828,17720938
2022-12-01,117.95046669976514,118.40909602490304,116.5745914481502,116.7830581665039,27727625
2022-12-02,118.28402793189552,120.74393280613462,117.19999838893267,117.4918441772461,24518337
2022-12-05,117.99216197138247,120.03513325580921,117.24168687875179,119.86836242675781,18440387
2022-12-06,119.11790195702827,119.36805186941443,117.70031792657217,118.78434753417969,10977472
2022-12-07,117.40847391237074,118.20064500254837,116.82476956822936,117.28338623046875,9731670
2022-12-08,117.78371735244755,119.24298464707964,117.03324211901432,118.95112609863281,10150945
2022-12-09,118.82603624477615,119.20127381447344,116.9915315633009,117.3250732421875,9438307
2022-12-12,116.74139596207544,118.8260637471125,116.0742997261031,118.70098876953125,8946335
2022-12-13,119.28465342981164,120.61883273307964,118.86772001182824,120.36868286132812,12593054
2022-12-14,120.36869084314557,123.91262513100779,120.16022412033016,123.0787582397461,17692988
2022-12-15,123.12046043446355,124.12111103767486,122.28659341432143,122.95368957519531,11426194
2022-12-16,123.70417102667776,125.49697993624687,122.57844551912486,122.7452163696289,20540447
2022-12-19,122.62016134343541,123.03709489936426,120.91073121936665,121.57782745361328,10635055
2022-12-20,121.32764829690578,121.91135265116857,119.32637258977604,121.6195068359375,6714207
2022-12-21,122.16149748160865,122.41166008947067,118.99280080422014,119.65989685058594,10011408
2022-12-22,120.91072632265008,121.03580129484243,118.03388744800947,118.61759185791016,9123323
2022-12-23,117.24170398646696,119.65991317007011,116.157674353755,116.5746078491211,8007752
2022-12-26,117.15831279480211,119.11790532252722,116.32444579982132,117.82540893554688,7150680
2022-12-27,118.49248896636468,121.24423949664008,118.49248896636468,120.74392700195312,8765357
2022-12-28,119.61822398676522,120.61886188702296,118.99282370862898,119.99346160888672,9534858
2022-12-29,119.03451610226902,121.74458389443977,118.82604934902511,120.61885833740234,36752195
2022-12-30,121.28594267301601,124.03770609243156,120.53546752399342,122.3699722290039,9644998
2023-01-02,122.82859329185827,125.7471273557744,122.78689740332828,125.45526885986328,9631496
2023-01-03,124.82989369241528,125.58038166479533,123.41232226521029,124.70481872558594,14991139
2023-01-04,124.07938105036847,124.12107693467958,120.91068469968617,121.95301818847656,13535874
2023-01-05,121.61950582714987,122.57844777807034,120.20192176224059,122.16151428222656,16320559
2023-01-06,122.32828673639405,123.49570817431193,121.99474502487504,122.87030792236328,16804116
2023-01-09,124.49635404094566,125.24682930203836,123.24555345659014,123.53739929199219,18660445
2023-01-10,123.91263991805475,125.33021125760493,123.91263991805475,124.53804016113281,18490715
2023-01-11,124.66313609685797,125.0800696623993,121.95306792083932,122.41169738769531,12538238
2023-01-12,123.16215584471345,123.62078524874386,121.53611770660652,121.86965942382812,13270422
2023-01-13,122.07812900818872,122.9953878375144,121.66119549009547,122.53675842285156,8854484
2023-01-16,123.16213729459287,123.24552907323863,121.74456612420778,123.0787582397461,9696320
2023-01-17,123.662461368736,124.2461656424306,122.28657337667137,123.28722381591797,18484595
2023-01-18,123.62079902789502,124.87159969259547,123.57910312764453,124.45466613769531,12139643
2023-01-19,123.45402387418451,126.83118809664951,123.45402387418451,126.5393295288086,18437610
2023-01-20,126.74779497422212,127.16472851032154,125.53869026429416,126.41425323486328,17512691
2023-01-23,127.20641318895443,127.66504258297255,126.20577533533348,127.03964233398438,16742252
2023-01-24,127.03963207604578,127.7484113333876,126.41423187755616,126.87284851074219,8276792
2023-01-25,126.1224088208514,127.91521813770918,126.03901701475436,127.123046875,9827342
2023-01-27,127.12302475416017,128.5405961445142,122.24491031760648,123.1204605102539,13052535
2023-01-30,122.99539098200263,124.12111659915513,119.45145598760595,120.82733154296875,12688399
2023-01-31,121.03579830734503,123.32893271548406,120.28532304511106,120.82733154296875,19050398
2023-02-01,121.57781288049796,121.74458373811876,118.70097423418613,120.28531646728516,11526089
2023-02-02,119.24299507751135,120.91072927439961,117.28340230664676,119.61823272705078,11886667
2023-02-03,119.65990737397092,121.20256632162221,116.8247648323306,120.3270034790039,9250428
2023-02-06,118.15893392721257,120.24360111973148,118.07555487379108,119.65989685058594,6436143
2023-02-07,119.99345807767062,120.8690209860552,118.57588670037225,120.61885833740234,8681511
2023-02-08,121.2442621651592,121.6611956839167,119.36806133075048,119.99346160888672,10325869
2023-02-09,120.61887275437245,122.07814020149871,119.40976798579975,121.91136932373047,8078404
2023-02-10,121.8696558267914,122.57844785971815,120.74394302154371,122.32828521728516,6396208
2023-02-13,122.95369489738658,124.07942051282716,122.24491553386603,123.53739929199219,6563018
2023-02-14,123.95433037247133,124.41295978910576,122.57845484636933,123.78755950927734,6991500
2023-02-15,124.24618473376258,124.57972644889664,121.3276501930366,122.9953842163086,12631259
2023-02-16,125.0800523673048,130.45849207433872,123.74586005253319,129.99986267089844,30949761
2023-02-17,129.66631363260694,132.41807717407184,128.7490548775186,130.5835723876953,19874561
2023-02-20,131.0839087108747,131.58423407236378,128.7490782302632,129.12432861328125,8348393
2023-02-21,129.1660000824265,129.99986712679026,127.95689541285932,128.49891662597656,7599927
2023-02-22,128.6240092963374,128.83247608612078,126.49764549578644,128.08200073242188,9599697
2023-02-23,128.16536363363167,130.25003126828346,127.79012600415464,128.95753479003906,18675946
2023-02-24,129.89914312055035,132.98077546371627,128.18712805471114,132.68116760253906,14648507
2023-02-27,131.82514754585597,133.57996543395618,130.9691400942595,132.89515686035156,11904749
2023-02-28,131.95356823213672,133.0663807406296,129.42834838778256,130.1559600830078,17607584
2023-03-01,130.11317033569236,132.7667994290372,129.9847744054122,132.50999450683594,7707977
2023-03-02,132.2531511800774,132.72395789045686,130.6695321710656,131.86795043945312,8219892
2023-03-03,131.82515218230856,133.28036228887666,131.3543454550442,132.03915405273438,8260104
2023-03-06,132.4243385614711,136.70437544491642,131.43993530293307,135.4203643798828,14491522
2023-03-08,134.00797047235196,135.97679024263567,133.87956151637243,135.4631805419922,7339476
2023-03-09,136.14798094484723,136.23357384872202,133.5799587191474,133.79396057128906,5314022
2023-03-10,133.19476791474221,134.13636829729123,131.99634961653788,133.365966796875,4689681
2023-03-13,133.70836456114054,135.24918062361044,132.85235708883923,133.365966796875,8785721
2023-03-14,133.36600191020491,134.2648126050926,131.0119807415967,131.22598266601562,7177342
2023-03-15,131.82514678394645,132.2103475226111,129.94193301364606,130.5839385986328,9832270
2023-03-16,129.42833997736952,131.31155399002415,126.68911840790474,130.2843475341797,18551936
2023-03-17,131.39714200826995,132.59554719932575,130.07032786426296,131.0975341796875,16593429
2023-03-20,130.96915199907664,131.9535554332379,129.77074668256395,130.3699493408203,8749355
2023-03-21,131.09753991764842,131.61114962865918,129.21432608000487,129.72793579101562,6148489
2023-03-22,130.45553430970375,130.7979451375901,129.12873316926144,129.72793579101562,4329409
2023-03-23,129.3427330387206,131.09753789066048,128.6579244551737,130.79794311523438,4484564
2023-03-24,130.71233170366932,131.14033541786708,127.37390795758148,127.88750457763672,8301726
2023-03-27,128.01594011029678,130.4983569434418,127.75913521612742,128.61514282226562,7437261
2023-03-28,128.6151207113291,128.6151207113291,125.53348863435616,126.0042953491211,8964539
2023-03-29,126.04710557079108,129.12873782468125,125.40509993970046,127.8447265625,24012834
2023-03-31,128.48672230004252,130.96913865779027,128.44391931560472,129.2999267578125,7998472
2023-04-03,132.25315479076343,135.1207850545709,131.054749551295,131.52554321289062,20016785
2023-04-05,134.17919475005823,134.69280454792008,130.58396534994444,130.88356018066406,15880397
2023-04-06,131.14034553526972,131.3543474088787,128.74352193852133,128.91473388671875,10670936
2023-04-10,129.000315428815,134.82116849024496,128.40111284785235,134.5215606689453,17431401
2023-04-11,134.4787829884794,136.36199686934353,133.8795672913354,136.1479949951172,13305621
2023-04-12,136.10518498802236,136.14798797298752,134.05077232606556,134.94956970214844,7333339
2023-04-13,135.37757985450796,137.38920268862265,135.24918395515502,135.8911895751953,11610851
2023-04-17,136.19077184187145,137.346373903905,135.24915855135347,137.08956909179688,9358885
2023-04-18,137.08958862947492,137.43199944829706,136.44758303852518,137.0467987060547,8008560
2023-04-19,135.5059826754479,137.34639347818225,135.29198081179803,137.0467987060547,11374283
2023-04-20,136.61878004595437,137.04678372647223,135.6771667241608,136.2335662841797,5733670
2023-04-21,136.0195892204574,136.8328068108809,135.8483903293928,136.61880493164062,3512214
2023-04-24,136.61880176753246,137.60320516458353,136.36199690606415,137.17520141601562,7028440
2023-04-25,137.1323926386699,138.5020098009128,136.96119375879886,137.51759338378906,10169778
2023-04-26,136.9611990236647,138.33081623855648,136.74719715019023,137.9456024169922,9177783
2023-04-27,137.13237842513126,137.73158097339223,136.61878183875154,137.0039825439453,6456825
2023-04-28,136.7899894674011,136.7899894674011,132.55275531544427,136.0623779296875,12656744
2023-05-02,136.53317757756017,141.07001931942386,136.4047816947749,140.59921264648438,16612560
2023-05-03,139.44361553131353,139.8288293528778,137.68881061813303,137.9456024169922,8029435
2023-05-04,137.6460008290394,137.9883985850231,136.2763836818302,137.81719970703125,9929482
2023-05-05,137.8599926022572,138.63039402765511,136.70437740252413,137.21798706054688,5488707
2023-05-08,137.21799388060091,141.54083402196622,136.96118903882575,141.24122619628906,9699470
2023-05-09,141.24121361529052,142.52522464815678,140.72760397748974,141.45521545410156,7600834
2023-05-10,141.45523606338773,143.50964879063667,141.24123419339773,142.9104461669922,10901429
2023-05-11,142.18284350369004,144.36565206468455,142.18284350369004,142.9960479736328,7877677
2023-05-12,143.93763428032284,144.6652457706878,141.24121628499103,141.66921997070312,16373574
2023-05-15,141.66923106763053,142.61084447460792,140.72761766065312,141.7548370361328,8559162
2023-05-16,144.06607000821913,144.2372689020066,142.73925572349913,143.80926513671875,12249266
2023-05-17,143.80925719941143,143.80925719941143,142.18284820573982,143.16725158691406,7360259
2023-05-18,143.3812232420839,144.19442756754785,142.0972122876772,142.39682006835938,7433090
2023-05-19,142.26843669572116,142.7392434092485,140.38522290324892,141.15562438964844,5969632
2023-05-22,140.47082587842016,142.43963253760336,140.47082587842016,141.7548370361328,7331865
2023-05-23,141.7548358798394,142.9960440431764,140.77041949664073,141.24122619628906,10119254
2023-05-24,141.24123938997886,142.48244766926015,140.9416315363146,142.31124877929688,6107980
2023-05-25,142.3112461365849,143.29564953182197,141.4552386410265,142.0972442626953,8077606
2023-05-26,142.14002313132164,143.29562521725893,138.92999556765872,140.17120361328125,14873707
2023-05-29,136.96120160180817,137.17520347931102,133.96517531676864,136.10519409179688,43253971
2023-05-30,136.70437455149582,138.4163892936852,134.607159104641,135.97677612304688,16117505
2023-05-31,136.10517069059372,136.44756841107298,128.44390740555727,132.5955352783203,83741017
2023-06-01,132.4243536733107,133.53716600232423,131.1403424617499,131.52554321289062,13982606
2023-06-02,132.68116705375857,132.68116705375857,131.3115497820967,132.4243621826172,9851058
2023-06-05,133.10919608173134,133.53719992765332,132.21038539296705,133.02359008789062,11850547
2023-06-06,133.1091622651373,133.45156003023183,131.1403424617499,131.52554321289062,8118800
2023-06-07,131.48276020510994,132.25316174791828,130.58394969740812,131.69676208496094,12180164
2023-06-08,132.253139928271,134.09355056669608,131.99633510249083,133.6227569580078,13850599
2023-06-09,134.13636977057996,134.3075686545931,131.65395329829542,132.03915405273438,11764248
2023-06-12,132.5527696142934,132.89516739742535,130.62675269549013,132.72396850585938,11017643
2023-06-13,132.8523785333175,133.708386143792,132.03917391569462,133.23757934570312,10073644
2023-06-14,133.622775455044,135.5915822480777,133.40877358087616,135.12078857421875,9695952
2023-06-15,134.82117380889008,135.16357156533715,133.70836150798132,134.94956970214844,7426254
2023-06-16,135.46319793895552,135.8055957422657,133.8367887807737,134.3931884765625,11466647
2023-06-19,135.16358058490331,135.63438732766318,133.9651752957309,135.07798767089844,4718221
2023-06-20,134.86396730567265,135.07796915380555,134.0079599131411,134.60716247558594,6059738
2023-06-21,134.39317909256303,137.43200836590083,134.05078131316077,137.1324005126953,8284206
2023-06-22,137.13238721359767,137.77439278394374,134.82116977267907,136.0623779296875,10629027
2023-06-23,136.1051769212411,136.1051769212411,133.02354504931319,134.30755615234375,8722650
2023-06-26,134.39316211720035,135.46317136972584,133.40875882953145,134.30755615234375,4273205
2023-06-27,135.97679607089006,135.97679607089006,134.6927848258831,135.12078857421875,9730174
2023-06-28,135.12078334974004,137.08959006664935,134.00797103476694,135.71998596191406,40243993
2023-06-30,137.8171896204826,137.8171896204826,136.0623718608138,137.21798706054688,7840112
2023-07-03,137.2179770450026,139.7431960457535,136.96117223473544,139.44358825683594,9548822
2023-07-04,139.10121565790325,139.4436134256369,136.96119695547398,137.9884033203125,5394282
2023-07-05,138.67319320429033,140.7276056567366,138.11679364139658,139.35800170898438,8795342
2023-07-06,139.3580217889544,141.92604425535416,139.14401991675442,141.58363342285156,9845699
2023-07-07,141.6692292099699,142.0972329235952,139.3580117687207,139.95721435546875,7597171
2023-07-10,140.29960406596518,141.5836151332985,139.1011989611085,139.31520080566406,5437687
2023-07-11,139.74321892393837,141.3268379618202,139.44361108597022,140.89883422851562,6343183
2023-07-12,142.05443350417636,144.66525883512588,141.4552309023938,143.5096435546875,15614026
2023-07-13,144.36566006353723,144.9220727771125,143.12445179731233,143.6380615234375,11350009
2023-07-14,144.66527058137925,145.307276220054,143.9804619544652,144.8792724609375,9448062
2023-07-17,143.63805451238605,144.15165115180437,142.2256343653018,142.43963623046875,4968847
2023-07-18,142.4396415174516,143.93765462922255,142.14004673208007,142.86764526367188,4322257
2023-07-19,143.124427994635,143.7664335147021,142.182827735518,142.73922729492188,5968174
2023-07-20,142.9532365562263,143.89484992586202,142.097229151698,143.1244354248047,5217131
2023-07-21,143.2528443479922,146.37726614933214,142.5252328296129,145.9920654296875,7842863
2023-07-24,146.93368849272116,147.44729823954623,145.73528316564727,146.37728881835938,8451631
2023-07-25,147.23328695131863,148.38890227704508,146.6340843260536,148.08929443359375,10480578
2023-07-26,148.8168927739501,149.20209349436473,147.23327384802317,148.04647827148438,9103949
2023-07-27,148.4745046715579,148.6457035666201,146.12048394494684,146.37728881835938,7731146
2023-07-28,146.12045939679695,149.75849081764508,144.57964347681636,147.06207275390625,9004252
2023-07-31,147.91807526656956,151.9413072692594,146.71965711873193,151.5561065673828,9277749
2023-08-01,150.0581102841134,151.51332035314383,149.20210282449113,151.2565155029297,5584773
2023-08-02,151.51332770043064,152.9257348526439,148.9453051970335,150.61451721191406,8975495
2023-08-03,150.0153273245093,150.4861341024775,146.80529892241566,147.31890869140625,6152393
2023-08-04,148.38888549804688,149.33048578509593,147.31887626619374,148.38888549804688,4605271
2023-08-07,149.20209349436473,149.37329236325607,147.31887981328705,148.04647827148438,2240015
2023-08-08,148.00367172527083,148.77408620918678,147.74687995893498,148.38888549804688,3631238
2023-08-09,148.38888803628794,151.7273116721201,148.34608505395443,151.42770385742188,4852294
2023-08-10,152.45492658359484,153.8673336006148,151.42770723124946,152.92572021484375,10430692
2023-08-11,153.13975006121893,153.82455873407608,151.25653600709103,151.68453979492188,4112277
2023-08-14,154.0813386038448,154.46653933802705,151.8129241212763,152.36932373046875,12876956
2023-08-16,150.91410709357064,153.61052517643688,150.48610339396416,153.26812744140625,8371665
2023-08-17,152.9685389925313,153.3109498325468,151.5989348173833,152.15533447265625,5199363
2023-08-18,152.4986991127388,152.4986991127388,149.49422140245193,150.48141479492188,6734650
2023-08-21,150.48141224056013,151.33983442892787,149.6229900521924,151.12522888183594,3599820
2023-08-22,151.12522521264958,152.713298363483,150.73893785695944,151.2110595703125,5348036
2023-08-23,151.94072469075522,152.11240650573745,150.223880343967,150.65309143066406,6379611
2023-08-24,150.65308818134105,151.68319214749985,148.33535098286308,148.59288024902344,7976333
2023-08-25,148.5928716025315,150.43847388873522,148.37826607629933,149.96633911132812,4757915
2023-08-28,150.30973448558916,150.91062741399261,149.83759964952807,150.39556884765625,4354221
2023-08-29,150.73893371110407,151.16814478306225,150.18095145846897,150.82476806640625,4596468
2023-08-30,150.82476731336106,151.85487126122106,150.22387443531628,150.86769104003906,5937955
2023-08-31,150.91060596704455,151.08228776526332,148.54994522071232,149.49420166015625,15823452
2023-09-01,149.7088112259614,158.59348533242078,149.7088112259614,156.01821899414062,22460960
2023-09-04,157.82092768762877,158.33597315173125,156.06115954702437,157.04833984375,10998180
2023-09-05,157.52048769454956,159.66654338521099,156.57621795126474,157.1771240234375,13506519
2023-09-06,158.72227440948316,160.31036086764615,156.53330807321055,157.1342010498047,11954407
2023-09-07,158.8080908606108,158.97977266346643,155.37440240957056,156.01821899414062,11137801
2023-09-08,156.6620473911772,158.76517910632106,156.23283630243424,158.33596801757812,9737214
2023-09-11,159.1943686757417,159.62357970646545,156.49034442157458,157.43460083007812,10845871
2023-09-12,158.67932127954333,158.72223190328495,154.68765088549827,155.28854370117188,15524470
2023-09-13,156.14701642576384,158.55060156696965,155.28859409665358,157.86386108398438,10578786
2023-09-14,158.59350635371447,162.1559533544721,158.12137150941942,161.2975311279297,17746404
2023-09-15,164.5595374060744,164.5595374060744,159.32316970878895,160.22450256347656,19924829
2023-09-18,159.49483484573602,160.95414985135855,158.89394197265406,160.31033325195312,5022956
2023-09-20,160.05281487683223,162.6710051788266,159.8382093291029,161.5550537109375,12687099
2023-09-21,161.72674068852444,161.7696644191362,159.7094563346071,160.26742553710938,7814108
2023-09-22,160.18158469135292,161.12584123417713,158.8081039582666,158.89395141601562,7814821
2023-09-25,159.6665157513477,160.26740862103807,159.02269915557616,159.2373046875,5540062
2023-09-26,159.66653852805632,161.51214112648702,159.0227218404432,161.1687774658203,12446655
2023-09-27,162.4993311840847,162.4993311840847,159.9240644873432,160.73956298828125,5630907
2023-09-28,162.15594920093065,162.67100776305662,160.09574114939343,160.91123962402344,14890642
2023-09-29,161.81255904479107,165.03164178440895,161.51210608303427,164.6882781982422,10085766
2023-10-03,162.49931849530057,162.49931849530057,157.6492254027341,158.46473693847656,22118500
2023-10-04,158.3359629848638,158.46473416648345,156.31867879098115,156.87664794921875,9360058
2023-10-05,155.5890424473222,157.94970378100572,155.3744368715328,156.404541015625,11128340
2023-10-06,157.5204644373501,157.5204644373501,155.03104544312833,155.7606964111328,5759904
2023-10-09,157.00541530065024,158.55057788192198,155.58902390859976,155.97531127929688,14622727
2023-10-10,156.49035809210525,158.3788841725695,156.27575255799607,157.5204620361328,11819690
2023-10-11,158.29304268144804,158.55057195177503,156.87665134237375,157.3058624267578,8499601
2023-10-12,157.26294029572074,158.67934474766224,157.09125847992016,158.33596801757812,8677885
2023-10-13,158.3788806551393,159.88111936054037,157.9925933220183,158.7222442626953,7435899
2023-10-16,161.340457774483,161.55506333499667,159.8811425826868,160.138671875,12376549
2023-10-17,160.52493536008285,160.5678590854905,159.28022591415294,159.88111877441406,4381065
2023-10-18,161.383371062006,161.42629479102763,159.70945041802756,160.48202514648438,10181113
2023-10-19,159.66652772951107,160.224496914979,158.85102926671826,159.92405700683594,9148124
2023-10-20,160.52495143943568,160.7824807191956,158.93686512965223,159.8382110595703,7912216
2023-10-23,159.6235930352015,159.6235930352015,158.1213543022299,158.67933654785156,4723090
2023-10-25,158.67933312762446,159.53775524224838,157.09124697617742,158.2501220703125,6812004
2023-10-26,157.52044627193777,158.07841536538876,154.4301216506436,155.28854370117188,8474867
2023-10-27,155.37442251987483,159.49485181413178,154.77352958286485,158.593505859375,6422123
2023-10-30,158.8080922012314,162.41346248556297,158.46472859262158,162.07009887695312,7352638
2023-10-31,162.41347842866537,162.92853699062223,158.12136740730276,159.7952880859375,9404675
2023-11-01,159.79529069734707,162.07011743493499,158.85103411630607,160.26742553710938,9167869
2023-11-02,160.52495143943568,161.08292063017944,159.45192368917208,159.8382110595703,11471209
2023-11-03,160.22450008672712,163.65818892307578,159.49484906809306,163.1002197265625,7464912
2023-11-06,163.27188484196026,166.7055733269583,162.7139157025409,165.93299865722656,8962124
2023-11-07,166.01884979065628,169.9675971869174,165.1175169510275,165.84716796875,13921916
2023-11-08,166.27634481296093,168.72285284111456,165.07455920875114,167.6927490234375,10186886
2023-11-09,168.67994487514915,168.85162667771755,164.98872717675994,165.41793823242188,5303833
2023-11-10,165.41792332680447,168.6799296755961,165.41792332680447,168.1648712158203,6025889
2023-11-13,168.1648901401009,169.36668898199417,166.61974078385305,168.0790557861328,11181086
2023-11-15,170.39679635796034,174.25969602350602,169.66713229285315,171.25521850585938,19769385
2023-11-16,173.83047659518803,174.6030512517739,172.5428434352237,173.22958374023438,18629240
2023-11-17,172.41409288584353,172.75745650409846,167.86445290231242,168.5511932373047,13199928
2023-11-20,169.9675794895351,170.3967905488521,169.10915737090107,169.8388214111328,6423265
2023-11-21,170.6345341995197,171.47444242104442,168.86630068449875,169.04312133789062,10720353
2023-11-22,169.04312314551703,169.61780713837476,167.76115653152866,168.86630249023438,7538825
2023-11-23,168.8663005090745,169.52938807651853,167.62854244606612,168.55685424804688,6541617
2023-11-24,168.73368760651715,169.61780435899448,166.34656158238755,166.9654541015625,5751331
2023-11-28,166.96543932526887,171.91648460664814,166.5675760294238,171.47442626953125,9277764
2023-11-29,172.84480500221252,172.84480500221252,169.48515903551743,169.75039672851562,8791333
2023-11-30,170.32506480242947,172.97741471468458,169.794602914308,172.35853576660156,14965403
2023-12-01,172.6237770321934,175.2761269993974,171.73966037645874,172.00489807128906,9935740
2023-12-04,173.7289374151015,182.03962927945096,173.3310875847801,178.6357879638672,28615290
2023-12-05,178.76840007712408,180.31560435435782,176.07184135297803,178.6357879638672,14557746
2023-12-06,180.1387606304347,180.1387606304347,176.0276237595057,178.54734802246094,12662213
2023-12-07,177.61903289344548,177.61903289344548,173.3310751554962,175.85079956054688,16425880
2023-12-08,176.69072366430416,177.08857347167648,171.6070527609192,173.24266052246094,10414387
2023-12-11,174.21520833574667,177.57485468482372,171.73967873692405,174.8782958984375,10108266
2023-12-12,174.12677698121178,174.87828155350397,172.0049023508749,172.7563934326172,10719911
2023-12-13,172.75639819990883,172.75639819990883,169.79461534210475,170.7671356201172,10892122
2023-12-14,173.19845199040847,173.55210675627825,170.8555481876771,173.24266052246094,15257294
2023-12-15,174.39200211778783,178.54734750562787,174.03836086839465,177.75164794921875,22863981
2023-12-18,177.75166618599013,178.28212811450365,174.48043707656396,175.93922424316406,8061011
2023-12-19,178.5915729586837,179.9619565384074,176.20446057269254,177.0885772705078,16739742
2023-12-20,178.37054507369012,187.4327412918082,177.66324901221475,179.6525115966797,57762576
2023-12-21,180.31559891910325,182.79112838616746,177.884277985309,179.16624450683594,22823936
2023-12-22,180.3598213296402,180.80187971525206,178.41476713105826,180.31561279296875,9910694
2023-12-26,180.80187141848967,184.33833834110072,180.05036680121455,183.3216094970703,17052969
2023-12-27,185.22245242995564,185.5760937209525,180.80186883974187,181.73019409179688,20361303
2023-12-28,182.57008637148417,184.69196091372237,181.55335763052616,184.1614990234375,22010872
2023-12-29,183.89627327616427,183.89627327616427,180.58083565700267,181.2881317138672,12171663
2024-01-01,182.12804572033892,183.10057951603673,181.0228998118417,181.55337524414062,4820168
2024-01-02,181.55335513701922,186.32757953675923,180.05034607548149,183.0563507080078,21141219
2024-01-03,181.68597349828605,186.06234826400345,180.801856838927,184.11729431152344,11650902
2024-01-04,186.10654107660443,190.43870694535116,185.0456038730898,189.77561950683594,31054419
2024-01-05,190.48294869082034,192.2953907036082,188.36107391375947,191.3670654296875,20743811
2024-01-08,192.7374458389992,195.21297536439923,191.94174618359057,192.6932373046875,19310595
2024-01-09,195.38979745145465,195.7876472820918,190.92500526406917,191.54388427734375,11951525
2024-01-10,190.085081595311,190.085081595311,185.39926060671203,187.52114868164062,16500666
2024-01-11,189.20098601233295,189.20098601233295,186.4160236237924,187.30014038085938,12586419
2024-01-12,189.024145818725,198.70522060972047,187.74217935161093,197.51165771484375,39228118
2024-01-15,202.0206551398659,208.16526317795763,198.61680063078623,206.4412384033203,57884916
2024-01-16,207.723194116769,211.2596605447729,204.31935327414456,207.85581970214844,34505065
2024-01-17,205.29189861010832,209.75669072082178,203.9657235370578,205.15928649902344,26010955
2024-01-18,203.39101985792604,207.3253359007909,198.61678228016737,206.4854278564453,19232183
2024-01-19,208.65156371223605,214.44253142015634,207.76744691684522,214.00047302246094,26391844
2024-01-23,216.60859034670173,217.1832608024219,201.5786065267265,203.2584228515625,20282617
2024-01-24,204.23095275394604,207.76741946830006,201.6670197822593,207.1927490234375,14458601
2024-01-25,207.76742893677894,209.9777207339787,205.82237485335324,206.92752075195312,18291957
2024-01-29,213.07211460831144,225.40553929105604,211.3922983540923,223.2394561767578,54127939
2024-01-30,226.7759232103268,232.78790570377492,219.8356020355453,220.32186889648438,51491099
2024-01-31,221.4270047445498,224.87506765631332,217.7579261683716,223.01841735839844,33293192
2024-02-01,225.14030912338228,225.14030912338228,217.006438294768,218.9514923095703,29758133
2024-02-02,221.02916483976404,229.8703314333546,220.14504818040498,227.4390106201172,30482663
2024-02-05,229.9145704958445,236.98750512497847,225.5382083827305,232.47853088378906,34001868
2024-02-06,234.60038464410943,241.71751367810734,230.0471887849063,240.74497985839844,36708949
2024-02-07,243.1320632229055,243.70673361248564,236.5453838086097,240.39129638671875,23756939
2024-02-08,241.408058152038,243.70676700643668,237.91581331769657,241.49647521972656,25252940
2024-02-09,243.13210598787873,243.70677647853879,229.11885011926606,236.54542541503906,26743792
2024-02-12,231.59437588835263,235.70551306779973,227.041153386336,228.01368713378906,30906374
2024-02-13,228.10210864116692,231.9922167256489,225.18452083253032,229.42828369140625,20711842
2024-02-14,228.10212156472932,238.40207630893178,226.33388806422755,237.69479370117188,36168962
2024-02-15,240.17027384898702,247.42004090798497,237.8273702078431,245.16552734375,32831246
2024-02-16,246.82509149615152,249.3817080066701,242.51923122916693,246.4214324951172,27044984
2024-02-19,246.4214409075814,250.3236149307542,244.3581944532215,246.37657165527344,15322964
2024-02-20,246.51110591019008,252.20741994457575,245.83831356067975,248.12582397460938,18968785
2024-02-21,247.58758907901208,252.16258261327903,243.64054603266086,244.85157775878906,16340579
2024-02-22,245.65892899184084,247.58759499942786,240.8596712222695,246.4214324951172,16791453
2024-02-23,246.60083873604756,247.58760641070918,243.19203481557275,244.17880249023438,9464646
2024-02-26,243.90966415803072,243.90966415803072,240.23172692300787,242.07070922851562,8661999
2024-02-27,240.45598723214457,242.38468063486883,237.67513394410835,241.62217712402344,19582774
2024-02-28,242.20526679999853,242.47437281271237,237.36116693919718,238.3927764892578,9118196
2024-02-29,237.71997741053397,238.93100918574837,234.58027959567787,237.3611602783203,17179832
2024-03-01,239.06557083496233,244.85159653915147,239.06557083496233,242.69863891601562,12930057
2024-03-04,244.67215051690783,251.66917998459363,244.44788640094367,250.4581756591797,22280353
2024-03-05,251.1758178173183,255.61625840412822,248.1706730932342,254.53977966308594,18544484
2024-03-06,255.03316882225778,255.03316882225778,245.38981081115665,251.4001007080078,16807149
2024-03-07,251.4000863046089,255.07802346169453,248.70891678127677,249.47142028808594,11386963
2024-03-11,249.47142477202004,251.62435495418353,245.07585328010447,245.79348754882812,10684598
2024-03-12,245.79348052422068,247.22877639664077,241.35303990741926,242.56407165527344,13780189
2024-03-13,242.9228916458859,243.10231389805253,226.73103261156007,229.06338500976562,20079496
2024-03-14,226.50678817589625,237.13691420509267,225.340611875411,236.150146484375,21404057
2024-03-15,236.77809318745696,238.97586536379575,223.2773753499729,232.11338806152344,34961065
2024-03-18,232.29280379460866,235.9707137364913,231.03690272802186,234.6699981689453,9246173
2024-03-19,235.02882578011992,236.7780970750644,230.22956756475446,232.56192016601562,8758348
2024-03-20,232.74132651359815,237.36116214516582,230.7229493310304,236.68836975097656,10484778
2024-03-21,237.45090688122588,239.46928434947054,235.34281827252659,235.8810577392578,12163200
2024-03-22,235.88104045872223,237.94425965804547,231.84428581796368,236.150146484375,13025089
2024-03-26,234.7148448151033,240.32144834774,232.60675641163314,238.16851806640625,10830926
2024-03-27,237.71998393615314,240.59057582464735,232.9207259550737,234.80455017089844,28563001
2024-03-28,235.4324989488652,243.10232138534897,234.98397068062656,240.45599365234375,18888942
2024-04-01,240.45599473442053,243.55085074959158,240.23173059929198,242.1155548095703,6440401
2024-04-02,242.29500652791575,245.83836386817583,241.71192518088523,244.44793701171875,14439120
2024-04-03,246.73539846393427,250.27878286347422,245.65894700624688,247.00453186035156,22600929
2024-04-04,249.96481833059937,249.96481833059937,238.03397639523706,241.3082275390625,24624383
2024-04-05,240.27660661724747,243.9096747582268,239.0655747782564,240.36631774902344,13029904
2024-04-08,240.00745516002388,243.99936752769352,239.15526791226856,242.56407165527344,13011300
2024-04-09,242.2052651131505,244.58245946221058,240.41115203823827,241.26336669921875,13173933
2024-04-10,242.1604648982517,245.07589914655887,241.44280311922364,243.99942016601562,11137195
2024-04-12,243.90968058197842,244.4479200094918,237.71999560556083,238.3479461669922,21894584
2024-04-15,241.39791734117637,253.82215573849973,239.60380428382982,251.04127502441406,75063828
2024-04-16,248.48470887695635,262.43392977867495,246.91485963314884,254.00160217285156,79082544
2024-04-18,256.55818070926125,258.0831878387,245.21042049924276,245.9280548095703,34136482
2024-04-19,248.2604256611754,251.89349411069657,245.88323103519264,246.9148406982422,32658724
2024-04-22,248.75376508188094,249.38171560394267,245.56922534740758,248.30523681640625,14184019
2024-04-23,248.35010606854937,250.05450800215473,247.18391615271943,248.30523681640625,8799147
2024-04-24,249.02290918200018,251.5346566263398,247.85671921599013,250.59275817871094,9253985
2024-04-25,250.59275731529124,253.5081911562803,249.3817254753739,252.92510986328125,17050557
2024-04-26,253.86700910575945,256.6927318237873,253.14937480073436,253.7772979736328,11070290
2024-04-29,254.71922492505553,255.88538751988438,253.10450666760707,254.0464324951172,8952420
2024-04-30,255.21257488728673,256.8721348916292,252.4765635058514,253.73243713378906,10658906
2024-05-02,252.0728854867759,255.30229447710752,250.32361429901502,253.6875762939453,15677336
2024-05-03,254.76406392584474,262.7927311161588,254.76406392584474,256.64788818359375,28913016
2024-05-06,258.9802288317405,259.02507070743997,246.91480766137786,253.1044921875,15491865
2024-05-07,254.674348622394,255.66111630085913,243.99938117134627,245.43467712402344,13179001
2024-05-08,245.34499812661647,251.40013062151468,244.31338843601839,248.3501434326172,12797721
2024-05-09,248.70892273582007,249.87508527345386,236.10528945019092,237.94424438476562,14869187
2024-05-10,239.51410109725515,243.28174959300267,237.22661782369005,242.42953491210938,9530738
2024-05-13,243.90967554349606,243.90967554349606,235.07366286699482,239.4243927001953,7163239
2024-05-14,240.36630360525513,246.3765658166725,239.0207188357747,244.8067169189453,9123849
2024-05-15,246.24202355137768,247.5876083795273,244.4479104471782,245.3001251220703,6368662
2024-05-16,247.58761117098362,250.59275612959829,245.61407578371598,249.0677490234375,23757779
2024-05-17,250.09932521943855,254.22579033015032,248.125817471526,248.88832092285156,11529157
2024-05-21,252.16257464229048,254.76403288315277,249.6956693943022,251.26551818847656,17559555
2024-05-22,254.76406860351562,254.76406860351562,248.39496141322888,249.38172912597656,17935064
2024-05-23,251.13100805260095,255.2574465435539,250.36850446153528,254.2707061767578,17719819
2024-05-24,254.76408581510645,256.5133572138833,252.8354195138885,254.09129333496094,11041667
2024-05-27,254.7640636686933,254.94348593153353,247.318505152717,249.0677490234375,13719808
2024-05-28,250.54790520958903,250.54790520958903,244.94130128549335,246.0626220703125,6927361
2024-05-29,245.61406619009077,245.61406619009077,242.42952646901693,243.8648223876953,8327205
2024-05-30,244.89644048569062,246.78026473385617,237.71998801724547,239.2449951171875,15390964
2024-05-31,240.81485464060162,240.81485464060162,235.92588523197458,237.1369171142578,24167379
2024-06-03,249.3368677086653,257.05153178780006,245.07584928951877,254.853759765625,30195397
2024-06-04,255.66112464183334,255.66112464183334,200.04361682501346,211.97447204589844,72779900
2024-06-05,221.5729713517006,224.03987690318715,206.7266824769731,222.02149963378906,37078551
2024-06-06,227.8523554024126,232.78616624774043,223.591336945084,226.32736206054688,30881233
2024-06-07,227.40385122703756,233.95235354668827,225.8788577236668,233.59353637695312,22010688
2024-06-10,236.822928210855,236.822928210855,231.48543081025093,232.47219848632812,14138524
2024-06-11,239.37955362927295,246.69055927438777,237.94425762738675,245.3898162841797,47270206
2024-06-12,249.38174067391674,250.36850843235797,246.3317536372766,247.13909912109375,20560662
2024-06-13,249.3817366825609,249.3817366825609,244.44792534531598,248.08099365234375,16013386
2024-06-14,248.4846581017246,249.56113688505332,246.3317279110598,247.0493621826172,10642648
2024-06-18,250.2339533591447,250.27879523943466,245.7935121706276,247.408203125,17044769
2024-06-19,247.49792022283916,248.12587081799515,243.19205932347103,243.59571838378906,13361607
2024-06-20,243.81995313574097,245.79348844592283,241.39791693796434,243.8648223876953,12826509
2024-06-21,243.50599926272432,246.46627477919316,241.21848874909657,241.8912811279297,17406416
2024-06-24,241.89129067444176,243.32658661446303,239.15527917627085,242.1155548095703,7282347
2024-06-25,242.29497990443997,242.92290306455467,237.7199860190631,239.51409912109375,14425434
2024-06-26,239.42437090051476,241.44274799622607,236.91262368735946,240.18687438964844,10650910
2024-06-27,239.87290484076976,240.50085534696754,236.37438993364853,239.96261596679688,22830930
2024-06-28,241.30822563329536,247.0942516592872,240.7251443179306,245.97293090820312,19532912
2024-07-01,246.69053259684173,247.4081668321815,243.64054603266086,244.85157775878906,11750972
2024-07-02,245.07586191447416,250.99641328001502,243.55085481971756,246.55599975585938,24470518
2024-07-03,247.58759499942786,249.11260200598053,245.79348199218563,246.4214324951172,9125400
2024-07-04,246.690540343458,250.18905525858497,244.94126919789844,248.5294952392578,13444669
2024-07-05,248.70892762484516,259.5184480644547,248.03613521467875,258.5317077636719,39781962
2024-07-08,260.1463997061172,271.8081348653569,257.7692053219324,268.3544616699219,53136198
2024-07-09,269.83458515775806,270.7765109115233,263.1515306358607,266.8294677734375,18686252
2024-07-10,268.84785150032144,268.9375352520299,259.11478272860415,267.4573974609375,19278800
2024-07-11,269.1169719993335,275.5757902777151,264.76624214347873,273.37799072265625,36020507
2024-07-12,275.21692009428733,279.6573606687752,272.88459512182055,275.4860534667969,31788101
2024-07-15,279.702175243736,290.3322990845542,276.8764530521233,289.3006896972656,51435537
2024-07-16,290.2874868362076,293.8757128110038,286.833813860268,289.4352722167969,37468292
2024-07-18,291.63304165853725,298.9888877266486,288.53818612237575,297.5536193847656,48189915
2024-07-19,298.7198200813783,298.89924233512744,285.308814205406,286.7441101074219,26579496
2024-07-22,287.0581529216111,290.063298435209,282.12434091827095,287.7757873535156,22234557
2024-07-23,287.1028996824959,288.31393133908546,266.78457700323355,281.8102722167969,37871058
2024-07-24,280.8234913866276,292.2161184676097,279.9713042433972,286.65435791015625,28259305
2024-07-25,285.3087853055934,302.8013856105511,283.5595417006914,301.2315368652344,42054664
2024-07-26,301.8595303790245,303.65364348677497,296.1183739094215,297.4639587402344,25703985
2024-07-29,299.43747239167055,304.5955476739261,296.70146080104564,298.630126953125,26721790
2024-07-30,297.8227738741206,303.42937729795574,296.92571732630705,297.7330627441406,19792253
2024-07-31,297.8676320991463,302.71175962399735,295.8044128763355,299.79632568359375,21393361
2024-08-01,303.0257072909609,309.21541970645586,302.4426259785433,306.569091796875,36044960
2024-08-02,303.2051190763334,303.2051190763334,294.81763471544315,296.1183776855469,22939377
2024-08-05,287.3720748384815,290.0183752682675,274.49930771083046,278.3117980957031,37986023
2024-08-06,282.39339545829375,289.2559000751831,273.73680508900753,274.5890197753906,28386636
2024-08-07,280.24045827328536,296.88087355462505,279.8816411316485,295.2213134765625,66110716
2024-08-08,295.131608965718,295.131608965718,288.58310701201293,289.48016357421875,23478224
2024-08-09,299.5720632532432,301.2764653222137,294.41398779062496,298.316162109375,29814474
2024-08-12,298.4955823278091,309.2154196007233,295.9389655539346,306.1654052734375,34754596
2024-08-13,308.6771637080719,309.484509126246,298.6749886709295,301.3212890625,28943385
2024-08-14,301.2764254632963,301.85950670238196,293.15804786190193,294.36907958984375,17812763
2024-08-16,298.3161305935722,301.186722367727,294.8176156898157,295.6698303222656,16584396
2024-08-19,300.51391403198835,303.87787575622707,299.21317121488653,300.78302001953125,19636518
2024-08-20,301.2764529361058,301.41100594570423,294.2793953010557,296.1183776855469,14972714
2024-08-21,296.61175460393633,297.37425817702507,292.8889752482615,293.9654541015625,11835143
2024-08-22,294.72794861717495,296.47722001851474,290.28753466730626,290.9603271484375,13387819
2024-08-23,293.26556159104,293.62716589712056,287.07298784058986,288.2934265136719,13229612
2024-08-26,292.4519480565418,297.51449116041096,291.819119822818,296.38446044921875,21346682
2024-08-27,297.78565457093265,300.63332613055576,294.7119768940595,297.2884521484375,20165503
2024-08-28,297.10762917902866,298.5992639998063,293.49153138871367,296.3392028808594,12446738
2024-08-29,294.80240583260706,298.46369415708773,293.76278313701965,297.96649169921875,13799961
2024-08-30,298.73493769085167,302.3058182788043,297.9212934865151,299.0061340332031,19666466
2024-09-02,298.3281045553518,300.09096348136217,294.5311903710095,294.892822265625,8975511
2024-09-03,295.6159784425806,296.5200028414876,290.77944239070126,291.27667236328125,10321111
2024-09-04,284.7677315237367,285.8525720126163,278.80116401217805,284.2253112792969,25397204
2024-09-05,286.53059752863453,286.53059752863453,280.38321392022516,281.51324462890625,15571640
2024-09-06,281.60365817623074,283.09529322348095,274.55227744997086,279.16278076171875,27946491
2024-09-09,279.07240943228834,279.07240943228834,266.3708470498986,270.21295166015625,30369085
2024-09-10,271.29778596275423,272.56341487562594,266.6872550192691,267.22967529296875,15618589
2024-09-11,264.33676192933183,264.33676192933183,256.06494315793304,257.9181823730469,44826300
2024-09-12,260.3590623355678,266.46122785905766,259.00302555257,265.8283996582031,21964895
2024-09-13,267.32007064865496,268.72129766663306,263.1163344174408,263.47796630859375,13672371
2024-09-16,266.50639976349015,267.0488199571991,263.38753192977833,264.4271545410156,10971110
2024-09-17,265.511981932466,268.13364722032736,264.11072753491834,266.37078857421875,11873436
2024-09-18,269.03770466883685,269.21849302099685,260.26865572422207,262.5287170410156,13421760
2024-09-19,259.8166637237198,261.44392455190314,255.38694871506286,257.8730163574219,17067311
2024-09-20,259.45502641836106,261.30826557160856,257.8277933856871,258.7770080566406,16585530
2024-09-23,260.72066576360555,267.9528619156536,259.95223940472266,267.09405517578125,14621229
2024-09-24,267.86244483405983,273.01539545256,266.41602772376456,270.71014404296875,16986759
2024-09-25,270.7101228051857,272.2921655355147,268.22405565752575,270.0321044921875,10609614
2024-09-26,268.5404959460595,270.03215860448137,263.52317045989537,266.8680725097656,27812412
2024-09-27,264.6079762667756,269.80611702550505,261.89590282743853,268.67608642578125,35706130
2024-09-30,268.49526900639546,272.8345754498317,265.5571894633962,269.0376892089844,16294341
2024-10-01,268.49527481916806,270.4389219642728,262.7999315402773,263.9299621582031,10919818
2024-10-03,266.6872386465305,269.399312259885,262.6643184179321,264.0203552246094,28124665
2024-10-04,268.4952814294361,270.9361586597047,265.0599993018214,266.9132385253906,23104209
2024-10-07,267.59127175161507,267.8624680861775,254.48291553405286,261.669921875,20917962
2024-10-08,260.49463418871335,265.692774665243,253.62404299765987,265.2859802246094,10572360
2024-10-09,263.2971330242719,263.8847434257401,259.3194307812895,260.8110656738281,13147475
2024-10-10,260.9918886671012,264.1107566924741,259.95223840333813,261.0370788574219,7237212
2024-10-11,263.34232047214357,265.46678352177247,261.71508744061043,264.47235107421875,7011704
2024-10-14,264.6079530407647,264.78874136766916,257.78255226435124,259.00299072265625,12690951
2024-10-15,258.9126209279845,258.9126209279845,253.8952958015209,256.4717712402344,15087155
2024-10-16,255.838952513514,259.6810569240526,253.71448926289983,258.00860595703125,18188885
2024-10-17,257.6470273159411,259.99749694251693,253.98573848954027,254.57334899902344,13343303
2024-10-18,254.93491708762542,257.1949784093242,252.40365944277843,256.1101379394531,14028398
2024-10-21,254.1665237609963,256.74299952039075,248.19995557835728,250.05322265625,10299773
2024-10-22,251.31881731081523,251.45441547149255,244.08662112920905,244.80982971191406,10028511
2024-10-23,244.08663037157532,248.06433290434705,239.6116977793071,244.8550567626953,18823321
2024-10-24,245.8042679410862,246.30149799335916,242.59499184605735,243.27301025390625,7488521
2024-10-25,244.08661364085532,244.3578099538899,236.49281340086745,238.70765686035156,12961181
2024-10-28,235.63396731056199,239.6116693717507,230.79744478097098,238.07484436035156,13835091
2024-10-29,238.0748325348814,240.06366967236937,234.50392510027115,239.56646728515625,9122757
2024-10-30,239.5664972969228,240.65133775410024,235.99558941496596,236.5380096435547,11166643
2024-10-31,238.1200574024908,242.54977211372676,236.08600219531354,240.6061248779297,16173656
2024-11-01,243.90578145354905,247.70269511485168,242.86615887134172,245.66864013671875,2955757
2024-11-04,247.7027008000368,248.0191148771803,235.18195657398638,239.83767700195312,14355959
2024-11-05,239.74730767898953,242.82098545156362,238.3008629658258,241.73614501953125,11676017
2024-11-06,242.0073570041965,244.62902239909278,239.0240597573392,243.22776794433594,19244545
2024-11-07,244.538633387932,244.538633387932,239.38568257313736,239.747314453125,6766663
2024-11-08,240.4253443895956,240.92254686549416,234.72997306998508,237.3516387939453,7836093
2024-11-11,237.17085679602752,237.17085679602752,231.43029512957736,232.24391174316406,8450657
2024-11-12,235.81479841517972,237.93926152657815,230.88785381142407,231.5658721923828,22445400
2024-11-13,231.5658814492967,232.2891176377474,225.1021114768266,228.3114013671875,17483332
2024-11-14,228.3114131509876,229.89345618478768,225.10212309498613,226.7293701171875,12454540
2024-11-18,227.00055680047043,227.9045812978131,223.3844588110998,226.59373474121094,14636541
2024-11-19,231.54890921808058,236.55036000414157,228.8629475242004,229.69651794433594,17397559
2024-11-21,229.69650919982442,229.69650919982442,223.0279036947413,224.27825927734375,16189440
2024-11-22,226.73265833663072,228.72397298320107,225.52860137545306,227.47361755371094,9637581
2024-11-25,230.1595968496487,241.27394357880678,229.6501864647044,238.86582946777344,31973671
2024-11-26,237.98596889908805,239.190011863746,233.91069981079977,235.4852294921875,9242451
2024-11-27,236.17985869869472,236.64295646084904,232.05829144204586,235.53152465820312,11689970
2024-11-28,236.17986772771522,238.40273141798582,232.66032177426786,233.58651733398438,14202863
2024-11-29,235.0684342064397,239.56047415946105,233.632828272591,237.75440979003906,11476347
2024-12-02,236.64298202904993,239.23631847121456,234.04963145426163,238.5416717529297,13677959
2024-12-03,241.18133399124366,245.1639921196334,239.74574208517413,242.9874267578125,15345326
2024-12-04,244.37669296658663,244.79346399035128,240.810834570854,241.4591827392578,10713838
2024-12-05,241.45918262125466,243.82096988383233,237.93962269702345,242.01487731933594,12896743
2024-12-06,241.55179389586695,243.58943546057077,240.39404943075016,240.85714721679688,8783386
2024-12-09,240.8571572631525,242.06122851624423,238.68062019014434,239.7920379638672,6800856
2024-12-10,238.63428290782429,239.65310368766154,235.71677251598015,237.93963623046875,11318782
2024-12-11,238.495374612777,239.60682067435303,236.78190704503376,237.66180419921875,5353032
2024-12-12,238.9584729703213,239.51419600237156,234.883217844032,235.3000030517578,7123877
2024-12-13,234.32748500107547,237.8470169479575,231.0858004259618,235.4852294921875,11143128
2024-12-16,235.25367663790342,237.38391515962863,232.66032619489803,233.21604919433594,7283872
2024-12-17,233.16974948385942,233.81808359730965,228.30722243404705,229.1407928466797,10066884
2024-12-18,229.14078139424785,229.2334066055215,225.43599906526973,226.13064575195312,8430930
2024-12-19,222.2869444706276,225.94541427184868,220.9439636743089,224.0004119873047,9518542
2024-12-20,223.67623765766075,226.13065034743877,217.93382775757053,219.60098266601562,15556528
2024-12-23,220.66610450632544,224.4171995605547,219.36943630288434,223.07421875,7722901
2024-12-24,223.21312630082056,225.29706627665811,220.9902626463095,221.31442260742188,3577400
2024-12-26,222.28694475156087,224.13933595782387,221.36074914842936,222.51849365234375,6330006
2024-12-27,222.28693763889265,223.21313321238804,218.86001684348432,219.4157257080078,6487888
2024-12-30,218.62847415357697,219.50835714683922,214.0901072351021,215.47940063476562,19401112
2024-12-31,215.47937404034445,222.19429130996448,215.20152670080222,221.59226989746094,12004845
2025-01-01,220.25856488340978,221.58303188931328,218.90632727381006,219.4620361328125,9418453
2025-01-02,219.5546628030203,228.56654174641872,219.50835019797296,227.90895080566406,19745810
2025-01-03,230.11329273282556,243.35789256679115,229.68725067342862,239.7827911376953,49760410
2025-01-06,239.98652737630906,240.3477572261638,232.89187984984872,235.5871124267578,19265884
2025-01-07,240.02357333488706,247.66468669259677,239.00475256747671,244.0432586669922,52956766
2025-01-08,246.78484588660106,253.31451400925954,246.13649761594414,251.30465698242188,42237794
2025-01-09,251.95297016816264,252.4716374063634,242.394625466615,243.75613403320312,14706472
2025-01-10,244.51563779385583,246.83112678811585,239.3937772691626,243.6079559326172,13053552
2025-01-13,246.3958046815014,248.77613406387897,235.81865303991918,236.85598754882812,20416370
2025-01-14,238.51388602278277,242.6632525782355,237.86556604756177,241.15354919433594,8470150
2025-01-15,241.64442095263433,244.95094595393343,238.67134105776466,239.1251678466797,9344731
2025-01-16,240.8108390165821,246.02532439926492,240.8108390165821,243.75613403320312,14195450
2025-01-17,242.66325993713082,247.29423818020584,242.0149116770011,246.89598083496094,12148143
2025-01-20,248.313069417072,250.50814867352332,245.4511281351577,249.4800567626953,9676264
2025-01-21,248.26669440787722,249.4707655264272,245.26583000931825,246.18275451660156,8989218
2025-01-22,246.36801276872632,246.72924259536632,242.39462600190956,244.56192016601562,7919682
2025-01-23,243.58944371342503,244.35817362759914,241.89451819577778,243.6357421875,5026675
2025-01-24,243.5801749094499,246.03461589298848,236.87452772470294,237.5784454345703,6306281
2025-01-27,236.17986284004778,237.5135866796582,231.09504423468857,232.2713165283203,6944911
2025-01-28,231.54887880908302,233.7717423926014,228.50170178230917,230.3262939453125,8029472
2025-01-29,230.5300768196758,233.40128880324113,228.77031085079588,232.84556579589844,5651586
2025-01-30,233.40127464857295,240.25511594949006,232.4195096434136,237.77291870117188,12588155
2025-01-31,238.0415377547153,244.0432670912825,236.37438286532267,243.22821044921875,8850307
2025-02-01,240.39406300168935,243.12635139970882,235.0221396863852,238.5416717529297,10921673
2025-02-03,236.73559231120515,237.4302389856716,226.77898997718646,230.62269592285156,25719512
2025-02-04,233.77175445453227,238.4953574790103,233.40128188237125,235.34629821777344,8402532
2025-02-05,239.88465294112365,243.58943522592864,238.7269084771221,242.3390655517578,11590755
2025-02-06,243.2652664621281,243.5431420987347,235.53154175243213,237.2449951171875,12327998
2025-02-07,238.94534123692975,239.79552110377188,233.79708507464792,235.11956787109375,10098454
2025-02-10,235.16679770499914,235.78081888755963,228.41266559470193,229.02667236328125,7582536
2025-02-11,229.02666495651013,229.02666495651013,223.68948502075335,225.72044372558594,6711630
2025-02-12,225.76769264350236,227.89312071232195,221.18620859623195,224.2562713623047,5985956
2025-02-13,225.2953657053467,226.19276574674373,221.23343379725497,221.94190979003906,10079210
2025-02-14,221.9891526228435,224.77582208148291,214.19591641374367,217.73829650878906,8065352
2025-02-17,217.45489575351928,221.32790362340748,212.59003302225233,220.71388244628906,6692422
2025-02-18,219.34416345528413,224.02010210295091,216.84088739143675,223.5005645751953,6170974
2025-02-19,222.9337826832148,225.57876264869324,221.51683067463503,225.1064453125,6168581
2025-02-20,223.68949758158124,229.2156018723304,223.40610429164965,228.5071258544922,8929816
2025-02-21,228.50712828773845,229.59346684171373,224.91752795698636,226.61785888671875,5697387
2025-02-24,223.21717202492218,224.7758134412363,221.04450943401386,221.37513732910156,6883143
2025-02-25,221.98913803428027,223.59501402237044,219.67478607374028,220.09986877441406,5519036
2025-02-27,220.5721884062796,220.90281629582134,215.84901520700166,218.21060180664062,9664032
2025-02-28,217.26596032078072,217.7382776258259,210.79520747606972,212.77894592285156,17237276
2025-03-03,212.30662262473126,213.4874158540123,206.27040821320577,212.66558837890625,11928529
2025-03-04,207.9140968296656,215.14054629642277,203.54987484862173,214.20535278320312,12428265
2025-03-05,214.54542167785812,218.44676747815822,214.20535262003557,216.26466369628906,7466729
2025-03-06,218.67348557637294,220.63832742530278,214.15813299390248,219.72203063964844,10439208
2025-03-07,219.72203396260832,223.37776558883783,218.37119886492295,219.9959716796875,9079049
2025-03-10,219.99596094659864,221.98914061549274,210.1623108752974,210.8330078125,16489167
2025-03-11,208.66979136223938,214.6776683975266,207.9140951627666,214.16757202148438,10941588
2025-03-12,214.52653831176082,216.1701934048681,210.04896480802554,211.97601318359375,6994310
2025-03-13,215.51838191853474,217.64380980496597,212.41998153054453,212.948974609375,16105085
2025-03-17,213.97864574602013,217.6910530155519,213.71414919615947,217.02037048339844,8788971
2025-03-18,217.02037048339844,217.02037048339844,217.02037048339844,217.02037048339844,0
2025-03-19,219.6275637218611,222.12139870756295,218.77739827304643,219.69369506835938,8626593
2025-03-20,220.55329854278764,223.91619565911438,219.1646844258577,222.54647827148438,18955995
2025-03-21,222.7448598393583,234.26940002216872,222.7448598393583,228.9983367919922,29285333
2025-03-24,230.6703455517025,232.75798012933637,229.3100693019237,230.3302764892578,10566066
2025-03-25,230.5003051586743,231.7850089116316,227.2318772081972,228.83775329589844,8915800
2025-03-26,229.87684326509097,230.96316732536445,226.11718705489838,226.44781494140625,7543985
2025-03-27,225.64487921702153,229.92407312292096,225.43705843631275,228.76217651367188,9935664
2025-03-28,229.96186178516646,240.78736681565613,229.7918200526872,232.7390899658203,32905564
2025-04-01,233.3247595143071,238.2368568318121,233.0413662353397,234.3355255126953,11258957
2025-04-02,236.20589838298147,237.5756157500364,234.26939445729235,236.7632293701172,15337906
2025-04-03,234.2693890288233,235.7996925221023,229.08333970362804,229.83905029296875,11141370
2025-04-04,227.24130898150673,227.8553301520811,211.78708553885386,213.4968719482422,38336194
2025-04-07,196.48400180073702,208.5753278712708,193.65009792861102,207.66847229003906,27024128
2025-04-08,210.65351946461618,214.6587754273261,207.04500831113057,214.1108856201172,11309092
2025-04-09,209.70889745384343,211.6548425744304,208.0652279334152,209.6522216796875,16889575
2025-04-11,215.66009229610938,218.58845104667523,212.7789537466001,217.615478515625,13886447
2025-04-15,221.04452177411932,221.04452177411932,217.36045217681,219.8070526123047,12102239
2025-04-16,219.8070440165877,228.60159050197632,218.89074723211831,227.86477661132812,18748952
2025-04-17,227.65696389271386,231.06709575413907,226.01329431706915,230.0091094970703,12891813
2025-04-21,230.50029034325368,236.67820888097003,228.36542127343264,235.95083618164062,11698653
2025-04-22,235.1856867381875,236.72544580904452,233.57035516668924,234.0615692138672,9896443
2025-04-23,234.96843656287558,238.75641645790236,231.35992515012222,238.20852661132812,16555874
2025-04-24,236.15866203846704,237.45280689396398,234.2693927421593,235.56353759765625,6538518
2025-04-25,235.21402147231797,236.8010007225772,230.8686964345464,232.6918487548828,15616265
2025-04-28,232.3801234610148,238.0006967351009,230.84981994337952,236.72544860839844,7669983
2025-04-29,237.33001587167638,238.14240225140023,231.52995966750234,232.0778350830078,8030552
2025-04-30,231.9078086050333,233.74040214831206,228.80940807902954,230.9159393310547,9822483
2025-05-02,227.6569439715055,232.63517246687994,225.7676747269287,229.3006134033203,10203190
2025-05-05,226.71232991186454,227.79865406043285,221.51683901805097,225.9566192626953,20086323
2025-05-06,227.7797793135566,229.53680050531935,222.93379848818236,223.87843322753906,11350559
2025-05-07,219.43864468113802,226.79734268512934,219.22138273507434,225.45596313476562,16689539
2025-05-08,224.5018736195053,226.08885290743024,218.58845150554578,220.3076934814453,15026122
2025-05-09,216.41581045076018,222.27254257035608,215.80178926179804,221.9513702392578,11184507
2025-05-12,225.76766546221742,231.0576248955433,224.92694125944033,230.50973510742188,11374237
2025-05-13,230.63255396899712,231.70943693983673,226.98626348633294,227.80810546875,9336026
2025-05-14,227.80810259974376,233.23029643113105,227.80810259974376,232.3895721435547,8234859
2025-05-15,231.38825409527587,235.13845480015164,228.88497804420402,233.90098571777344,16812750
2025-05-16,233.38143910287116,235.58243961212963,232.56905271067265,233.57981872558594,8030229
2025-05-19,234.26938847949677,235.63910581160093,231.35047092916804,232.92800903320312,8043270
2025-05-20,233.12637652956047,238.70917071289907,233.12637652956047,235.45962524414062,13183059
2025-05-21,237.57560442428812,238.00068711600866,234.04266579371708,234.91172790527344,7158307
2025-05-22,234.911739717325,236.61208498368586,226.34391086874416,228.28985595703125,18502235
2025-05-23,229.07390557206307,231.13320221684535,226.85400835041148,230.7175750732422,8725218
2025-05-26,231.71890541019388,233.44758872008023,231.25602919695146,232.32347106933594,7159571
2025-05-27,233.1830795505817,233.1830795505817,229.47065771471983,231.00096130371094,9712093
2025-05-28,231.09541316852435,231.75665452061037,227.94033699287075,229.23448181152344,7385958
2025-05-29,230.11300714700755,231.0576417996406,227.98757917858313,229.58399963378906,12938112
2025-05-30,229.5839925238286,231.61496561248129,225.66376460239883,226.14552307128906,10108840
2025-06-02,225.76769074478975,226.79733909678072,224.5018837204716,225.1158905029297,6278145
2025-06-03,227.18463452766727,227.70418647071384,223.50056513875694,224.1334686279297,9515918
2025-06-04,224.82305041810235,225.2953677509135,222.46146375404666,224.8702850341797,6733580
2025-06-05,224.87028573865467,226.35335467305765,223.14160256547257,224.6057891845703,8941808
2025-06-06,224.6246724497203,227.1563008674945,224.36017589451748,226.7689971923828,5985346
2025-06-09,228.39376840938098,230.60421006863024,227.18463718992936,229.3572998046875,7719525
2025-06-10,230.72700799820495,231.4354839695403,229.15891105562744,231.13319396972656,7659657
2025-06-11,230.96316809025268,236.5365066671246,230.06576807044863,233.62704467773438,20842417
2025-06-12,237.57562460203297,241.07077007322283,233.08860982326695,234.1560516357422,35613271
2025-06-13,241.40138449758993,241.77923258700028,235.327376283153,237.58505249023438,39320377
2025-06-16,239.92775875772617,243.24342117381968,238.22741351332658,242.57273864746094,41444122
2025-06-17,242.7144221916366,242.8561116194079,237.62284215333514,238.34075927734375,18781097
2025-06-18,239.96554098520735,241.72256202540194,235.94140253172085,236.4987335205078,12691905
2025-06-19,236.63098326385722,238.99256992317714,234.45832065448667,237.63229370117188,10790997
2025-06-20,238.29354098347852,239.22873451275916,235.5446649985896,237.94403076171875,15907673
2025-06-23,239.00199434843248,241.34469852853329,236.4703805455888,237.46224975585938,16776881
2025-06-24,233.79707699601784,234.2693943232825,230.0090972203882,230.415283203125,22215004
2025-06-25,230.49085399891786,231.71888192351153,228.12926738007647,228.51657104492188,13056178
2025-06-26,228.60158660733074,231.78500078356223,228.16704832369413,231.18043518066406,15769123
2025-06-27,231.44493200851116,232.58794628506965,228.60158688137514,229.38563537597656,21691960
2025-06-30,230.49085987875822,232.0967359377402,229.54622520712397,230.68923950195312,8783448
2025-07-01,231.71888911594118,231.71888911594118,227.94035040851116,229.89573669433594,8470489
2025-07-02,229.45175223269152,230.25469745607947,226.90124154366652,227.72308349609375,10419419
2025-07-03,228.60158204973706,232.56904464053142,228.41265800521938,230.5380859375,13891239
2025-07-04,231.6244227271555,231.86058139927005,229.0833531089659,231.66221618652344,7717259
2025-07-07,231.90780468219648,231.90780468219648,227.49636263237986,228.14816284179688,9222263
2025-07-08,228.98890068943126,230.2074731081671,227.32633439536488,229.77294921875,7537067
2025-07-09,229.87686157226562,231.0481993832749,228.85665435965703,229.87686157226562,9590680
2025-07-10,230.02798568055013,231.14266209794314,228.91332367713844,229.63124084472656,8012201
2025-07-11,229.5934647540947,229.63124379961968,227.4680366972734,228.3748779296875,5608382
2025-07-14,229.45174480900224,231.3315729031132,227.7891930568607,230.69866943359375,7568906
2025-07-15,230.94427468336903,231.78499894344333,229.26282616322047,230.1791229248047,7843083
2025-07-16,230.4908498161971,230.63253924516403,228.884973827323,229.40452575683594,5656962
2025-07-17,229.54621447874968,231.01984219138873,229.3761871645131,230.3680419921875,7006298
2025-07-18,231.18988946854643,233.65538648201638,229.98075826946348,232.67295837402344,10293817
2025-07-21,232.38013751965337,232.66353081405904,230.89705411351997,231.47328186035156,5424455
2025-07-22,231.47326627638196,233.20194940049288,230.55698393473045,232.76742553710938,5869862
2025-07-23,232.38011504213333,233.51367369612817,230.7364456247536,231.9550323486328,7357753
2025-07-24,231.96448160011275,232.56904719760493,230.264136352797,231.27490234375,4590999
2025-07-25,230.49086819013257,231.2465788374867,226.00385333807054,226.98626708984375,7427827
2025-07-28,226.98625741226178,228.18594747326327,224.63412632030725,226.73121643066406,6865890
2025-07-29,226.73120662237534,229.08333761257776,226.54228258025978,228.0725860595703,6157824
2025-07-30,229.11166784001026,230.21690299810308,226.80677154087428,228.42208862304688,8767763
2025-07-31,226.90124129733704,229.36673832398017,226.39114492567822,227.65695190429688,10254214
2025-08-01,226.80679133555523,227.38301906412482,221.09174866642715,223.68003845214844,12629251
2025-08-04,223.40609035103012,225.19144922801613,221.04450377226658,221.82855224609375,16174972
2025-08-05,222.46147149184014,222.93378884107972,220.14711936336255,221.49794006347656,9562689
2025-08-06,221.56405384350842,222.33864673957424,220.01485363739627,220.82723999023438,7568954
2025-08-07,220.2415492089704,221.2334184126898,218.50342502023125,220.97836303710938,5560413
2025-08-08,220.95002677306937,222.10248213609444,219.79757141004433,220.5155029296875,5249568
2025-08-11,220.51551688915325,221.9891446495259,218.75849584855948,220.84613037109375,4699743
2025-08-12,220.8555891498604,223.27385160343388,220.67610625598124,222.48036193847656,7036778
2025-08-13,224.57745977852008,226.66509440309298,223.2171834981564,225.45596313476562,8501906
2025-08-14,225.3048158013003,225.4559608117793,221.4507045179746,223.82174682617188,7258450
2025-08-18,224.11456117463456,225.38036809240896,222.46145060748765,224.97418212890625,8501972
2025-08-19,224.35073112518467,225.333144826697,223.57612378743104,224.76637268066406,5538059
2025-08-20,223.8784089378682,225.85269186956828,223.8784089378682,224.7569122314453,7438061
2025-08-21,224.82304715637676,227.64750995464334,224.0956744384856,225.09698486328125,8111371
2025-08-22,224.82303414012887,225.41815854885579,222.8298545634198,223.20770263671875,5423818
2025-08-25,223.2171637683498,224.3412812732909,222.60314261646764,223.6516876220703,8854258
2025-08-26,223.55723242706392,224.16179800675982,220.8555768397397,221.22398376464844,14671897
2025-08-28,221.3279132733851,222.25365124422558,219.51421637758304,220.46829223632812,13870643
2025-08-29,220.4682788430623,222.33865140104996,218.52233378392614,220.77056884765625,9928988
2025-09-01,221.04451230105633,225.94716853397057,220.16600897857077,225.50318908691406,4366396
2025-09-02,225.53152546409518,229.07390544520663,224.25626290530266,226.23056030273438,5921193
2025-09-03,226.24001780223915,228.54492884934254,225.25760402533353,225.83383178710938,4364007
2025-09-04,227.0208102184579,227.2866969787739,223.56425335486668,223.8396453857422,8778730
2025-09-05,223.86813512549315,225.2070742150225,221.26622666318883,222.3297882080078,7210683
2025-09-08,222.32979017372406,223.13694125310937,220.36411177089835,220.8104248046875,8418326
2025-09-09,220.81043050762614,222.76660369020752,219.12963487930207,219.67091369628906,11665314
2025-09-10,221.25673211581272,221.29470972867244,219.3575326985096,220.06024169921875,11775053
2025-09-11,220.40208440777465,223.36483067699928,220.40208440777465,221.97840881347656,11047708
2025-09-12,222.69063108795325,223.5452795526989,220.9718578670569,221.494140625,6073522
2025-09-15,221.3991592475611,222.38675102746146,220.30712541317675,220.55401611328125,6153784
2025-09-16,220.76293820144315,223.41232952673352,220.70596453676882,223.24139404296875,7319921
2025-09-17,224.10552501106662,225.9667467637633,223.32684631654558,224.94117736816406,7628371
2025-09-18,225.71985783572475,225.71985783572475,222.6811415315371,223.71620178222656,6497852
2025-09-19,223.26038816726856,225.4349651254379,222.9185316924317,224.76075744628906,16484017
2025-09-22,224.10553681932225,226.43205326547275,223.7731711171256,225.50144958496094,9962796
2025-09-23,225.2925449314141,225.6154053749578,223.2983796229524,224.73228454589844,7014239
2025-09-24,224.7322639117711,228.02737596297604,224.35241534564676,226.49851989746094,8299331
2025-09-25,226.87837634113697,229.9360887736183,226.49854222730707,227.590576171875,10150654
2025-09-26,227.9039461745937,228.1508368999755,224.90320740575666,226.02374267578125,6349466
2025-09-29,226.9543450130661,229.00548399365127,226.1661754652558,227.88494873046875,10631271
2025-09-30,227.9039380545407,228.7490812452366,226.47953844169982,227.42913818359375,7167687
2025-10-01,226.57449984780038,233.8769095509316,226.45104724701446,230.79071044921875,10375310
2025-10-03,230.2779316744927,231.8922482975614,227.61904956545743,231.3794708251953,10702610
2025-10-06,230.49633046411066,235.025925077273,230.49633046411066,233.4685821533203,9465503
2025-10-07,233.468588020808,236.92513042619368,232.3290712533799,232.955810546875,12498420
2025-10-08,234.1238036149176,234.36120353452515,228.98646587707225,229.62269592285156,5073558
2025-10-09,229.65121007673517,232.17714899942052,228.4357235029115,231.1230926513672,9292031
2025-10-10,231.74981570616396,234.62710171276578,231.32249872800622,233.9243927001953,9050771
2025-10-13,232.65193525757405,233.2976561228046,229.21438885089387,231.7877960205078,12607116
2025-10-14,232.93681561637874,236.20344099120462,231.6073673065295,232.35755920410156,13865005
2025-10-15,232.35756197836344,235.68116105805618,231.97771338969616,235.23484802246094,8520238
2025-10-16,235.50071842567394,236.1654352974756,233.6015190835314,235.8330841064453,6083826
2025-10-17,236.02301621213346,236.02301621213346,232.43353038548454,235.20635986328125,14250215
2025-10-20,235.20636280586214,236.6402532023618,232.64244639614267,236.2034454345703,10920554
2025-10-21,236.20343145901387,236.73520496559664,234.9214660851337,235.6146697998047,569979
2025-10-23,237.39993279867397,240.4766411440519,236.52630278474388,239.593505859375,13879042
2025-10-24,241.19833271281166,244.42696601622018,240.10629881335518,242.10995483398438,17882209
2025-10-27,242.5467451822868,243.1829752203447,239.21365556775453,240.50511169433594,7889080
2025-10-28,240.34370730634907,240.9989189755114,237.26699883878192,237.9127197265625,8529692
2025-10-29,238.30203620428057,244.3699775647716,237.9222021291235,242.7556610107422,8806213
2025-10-30,243.57232697823218,243.57232697823218,240.63806733544766,241.7016143798828,5266883
2025-10-31,241.86303752622183,244.9017536284987,240.55259981039882,242.499267578125,7199008
2025-11-03,242.1479292717324,245.47152830095226,241.4832123638368,244.56939697265625,5450040
2025-11-04,243.19248378448157,244.5219175402603,239.29911930153628,239.63148498535156,6006851
2025-11-06,240.7710078527168,242.6227243776113,237.8272429743521,238.82432556152344,6987258
2025-11-07,237.39992772343524,240.8184924785494,237.39992772343524,239.48904418945312,4449104
2025-11-10,239.29912046492575,242.62271936027193,236.92512125396416,238.72935485839844,7418162
2025-11-11,241.38823829796888,241.38823829796888,233.60152373798437,236.8776397705078,16183880
2025-11-12,239.86889330306926,242.71769244210932,237.30496248613983,241.05589294433594,11917811
2025-11-13,240.91345818827773,240.91345818827773,234.83602547037165,238.2071075439453,13057927
2025-11-14,238.83944506571078,242.87684726229904,238.4503032316334,240.88247680664062,9185042
2025-11-17,240.88247844611374,242.92549535613918,240.7365391237344,241.3202667236328,6281588
2025-11-18,240.29876851468245,242.68229584070403,239.61776282793494,240.2501220703125,7708871
2025-11-19,240.2501213809767,243.5092401618744,238.74217067869853,242.2445068359375,7075882
2025-11-20,242.24448971946404,244.28752147429898,240.88247844611374,241.3202667236328,6918642
2025-11-21,240.3474149590524,241.56350184424815,239.52046993919504,240.2501220703125,7589240
2025-11-24,240.25011251352743,240.7365472482561,237.6720143573895,239.08267211914062,15875282
2025-11-25,239.08268435023555,240.78520600888422,237.9638903410479,238.69354248046875,8983620
2025-11-26,238.69353247820706,241.27163065820332,238.40166866570686,240.97976684570312,7232643
2025-11-27,241.27163546202613,242.04993402925282,236.2127170422683,237.38015747070312,5600832
2025-11-28,238.3530343693795,238.69354464211725,235.96950699464787,236.6505126953125,3804191
2025-12-01,237.42880031986726,239.1799683584119,236.41700774434804,238.18763732910156,6307936
2025-12-02,236.89372419785002,239.5788386844618,235.9208546939574,236.93263244628906,5413988
2025-12-03,237.42879568738812,237.73038284609567,233.06060644935886,233.5081329345703,11829802
2025-12-04,233.97509739501984,236.11540716730138,233.1870755336406,235.6581573486328,10825420
2025-12-05,236.1154220711521,236.60185681577534,234.3739922171175,234.685302734375,7645591
2025-12-08,234.6852960527018,235.4344096946406,231.2510680410218,232.048828125,5285903
2025-12-09,231.2510828837404,233.68325669371833,230.40469114820755,233.33302307128906,9026401
2025-12-10,232.82712759763405,233.82918195946547,231.9515361718407,232.7979278564453,3492031
2025-12-11,232.79793329242307,234.75341046432285,231.67913931895197,231.9418182373047,8868641
2025-12-12,232.0293816626182,232.9049582970056,230.5895389224748,231.56240844726562,4252781
2025-12-15,231.54294199819006,232.31150237478676,223.7016161695555,228.96484375,12334408
2025-12-16,227.81685009548133,228.91619738594477,224.48963817135038,225.9100341796875,7238404
2025-12-17,225.4625017770583,227.08719202574662,222.40769220653587,226.59103393554688,5848233
2025-12-18,226.67858847256366,227.7779357335209,224.9371586379029,225.70571899414062,3964839
2025-12-19,225.7057105112412,227.16501467402938,225.21927579031177,226.57156372070312,5070902
2025-12-22,227.4471500986048,228.89673097367955,226.4548339133367,227.82656860351562,4614185
2025-12-23,228.23519044071244,231.44564791209,228.23519044071244,229.10104370117188,5810236
2025-12-24,229.14967215906543,230.1517413866887,226.81479133101402,227.42770385742188,4114036
2025-12-26,227.49578619295283,228.89672056114415,226.72722586738624,228.1670684814453,3710774
2025-12-29,228.16707828729764,232.53526760295628,227.65145864973562,228.44921875,12621499
2025-12-30,228.5756824574505,229.208056529381,226.9801770963618,228.31300354003906,6236729
