Date,Open,High,Low,Close,Volume
2018-01-01,681.3576379193844,690.1936879788576,681.3576379193844,686.7574462890625,174646
2018-01-02,686.7575798610883,687.3957631254946,667.7109553923998,672.619873046875,342012
2018-01-03,672.5707161598916,682.3394731194278,667.8581677546629,677.9214477539062,125483
2018-01-04,681.9467904495193,689.4083809522855,677.4306103498438,688.8192749023438,411800
2018-01-05,687.248352259492,692.0591146946288,686.2665688991212,689.162841796875,195946
2018-01-08,679.3941224919158,694.0227193299218,679.3941224919158,691.3228149414062,310252
2018-01-09,687.395670909641,706.83497022887,687.395670909641,704.1841430664062,605429
2018-01-10,701.8278198865163,701.975111361717,693.2372153768449,698.6370239257812,297500
2018-01-11,694.1209060676908,701.6806506926933,686.2666383894142,690.9791870117188,113144
2018-01-12,690.979074444079,696.0843595879163,687.2483098893391,688.9664306640625,93456
2018-01-15,688.7210407662899,711.4002128649681,688.7210407662899,703.6932373046875,764541
2018-01-16,702.9569285202834,702.9569285202834,683.3212601258621,688.0828857421875,338329
2018-01-17,683.321274176932,701.7787908625672,679.0505401826484,692.4027709960938,232397
2018-01-18,693.7280370520419,699.0296906980024,687.3464457746023,694.9061889648438,323715
2018-01-19,692.206485531554,700.9443831664267,688.672088692343,698.5390014648438,293534
2018-01-22,691.2736078192136,703.938636546482,689.0645953614318,701.6314697265625,464739
2018-01-23,697.0662464274129,708.8476477754818,697.0662464274129,703.840576171875,399677
2018-01-24,698.244398982661,701.2879036968225,685.2848455070357,689.801025390625,200051
2018-01-25,689.7027861670109,694.1208111317818,649.1060696267134,669.6253051757812,424803
2018-01-29,669.5763075989377,676.8906062281912,667.6127407144833,669.4290161132812,143914
2018-01-30,669.2816908836397,669.2816908836397,651.2168541055468,655.7330932617188,339031
2018-01-31,657.7948852975169,669.0853945227728,641.8409048705249,648.615234375,324432
2018-02-01,652.886027117798,708.8476865850379,648.4680013703844,695.7899780273438,1539000
2018-02-02,695.495406837689,719.8927011409232,678.510505534247,705.2150268554688,1772440
2018-02-05,703.3986759158016,703.3986759158016,677.430494957761,682.3884887695312,352909
2018-02-06,657.7949281957929,692.1573498179612,652.8860108211975,682.5849609375,399206
2018-02-07,687.2974846247107,701.9751590253566,687.2974846247107,700.6988525390625,315230
2018-02-08,704.0368799434154,706.8840758850525,698.0971021237647,701.9751586914062,159852
2018-02-09,687.2484589031968,704.5769618720086,686.266675390478,696.9681396484375,159318
2018-02-12,696.0844555522458,704.920506468988,669.0854110844224,673.3070678710938,689547
2018-02-14,676.448815815088,682.3395166784995,667.1218727813531,669.82177734375,312807
2018-02-15,672.5216069275257,682.3394406052998,660.9365751724125,669.968994140625,282049
2018-02-16,675.4669236828981,681.8975924396963,673.1597568518471,676.6941528320312,226925
2018-02-19,687.2483953164904,692.1573124258938,666.2382061189215,672.76708984375,423633
2018-02-20,674.4851689958606,677.430519078812,657.7948518591363,662.3601684570312,172882
2018-02-21,667.612788993107,670.5090623417832,650.3825003206675,663.1947631835938,428939
2018-02-22,662.7037685039726,663.0965058175916,651.9041515357598,654.0640869140625,235890
2018-02-23,657.7948749077404,667.3672630127412,654.0150328048306,663.3910522460938,288608
2018-02-26,667.6127694276679,677.1851584010793,661.9675143920663,669.772705078125,271771
2018-02-27,669.0853137704499,678.2158864051086,663.6855056622511,676.8905029296875,219932
2018-02-28,676.8414398162076,685.9720126406227,669.6743736941021,681.8485107421875,360647
2018-03-01,683.2230264301857,683.3211807914402,673.5033477340919,677.4304809570312,272512
2018-03-05,676.4486869523068,676.4486869523068,653.8676712775565,660.29833984375,301455
2018-03-06,665.6491911036355,669.6744793519009,639.1410374756146,643.1172485351562,245988
2018-03-07,645.0316012666432,647.9278738658174,638.2081956308378,640.7117309570312,192215
2018-03-08,641.693631933837,647.4371010075166,635.2138852040147,641.3991088867188,113706
2018-03-09,645.522660542815,662.1148259009962,638.6992531349247,658.0894775390625,483527
2018-03-12,657.9912801118242,677.3324260596384,656.6167593126329,666.1891479492188,163349
2018-03-13,664.667311462177,672.5215780673432,659.7583948339483,665.158203125,73256
2018-03-14,660.7401269538447,671.0488510742241,655.340319081265,661.8692016601562,305570
2018-03-15,660.2493378815827,664.4219173403139,658.8257399639432,662.7037963867188,140732
2018-03-16,662.703740041098,665.0109068704403,653.8676901738833,656.2730712890625,150189
2018-03-19,654.3096434386027,669.3799966060748,654.3096434386027,661.8202514648438,138766
2018-03-20,656.8131041400611,675.9578807181347,656.2240580608267,674.0924682617188,167488
2018-03-21,673.6015830992546,678.4123458451922,658.3348628438392,660.64208984375,395902
2018-03-22,662.7037067771695,666.6308398543675,649.9896014550818,652.7877197265625,147381
2018-03-23,648.0260717498799,661.623806756542,646.0134279180775,652.39501953125,225060
2018-03-26,648.1244164297195,657.2549912054628,646.9953414093774,651.0206298828125,186540
2018-03-27,654.8495387966184,668.3981379594737,653.9168325662952,660.691162109375,369173
2018-03-28,656.7639584346227,698.0479347124954,651.9041190563951,665.89453125,446572
2018-04-02,668.59457628716,682.3395455500383,668.59457628716,671.4417724609375,263227
2018-04-03,675.478840008904,675.478840008904,664.6475466559915,669.5708618164062,783770
2018-04-04,670.604711685589,680.3528992443131,666.7152808879542,669.5216064453125,520436
2018-04-05,670.0631069155093,677.103470726543,663.8105215077929,664.6474609375,514819
2018-04-06,669.2261962890625,674.4941190184156,663.6628265962221,669.2261962890625,667025
2018-04-09,665.1889983293668,674.4940745898698,664.6474457637403,668.2907104492188,886583
2018-04-10,667.6014829867026,689.21484685247,667.6014829867026,685.030029296875,955511
2018-04-11,680.4020938369263,708.9573191933241,680.4020938369263,707.97265625,715637
2018-04-12,702.6061440342827,713.5851585300767,701.0799286812612,708.0217895507812,665026
2018-04-13,703.0494077278662,708.9573859440667,695.5167114625856,700.7354736328125,681889
2018-04-16,691.2333895096679,701.5723504638723,691.2333895096679,698.027587890625,389870
2018-04-17,699.1106947905557,711.9113131458757,697.3383134996304,710.3358764648438,307669
2018-04-18,704.9202558979202,713.3883335400697,702.1139303276645,710.28662109375,241773
2018-04-19,705.0679494423431,713.8314744344336,702.9509599907911,711.8129272460938,228583
2018-04-20,706.9880454108705,710.8774763434585,699.2091835456948,705.1664428710938,114992
2018-04-23,701.1784502798542,713.8806261502885,701.1784502798542,705.9541015625,523622
2018-04-24,706.0033669152144,743.4205606987265,703.9848197967053,734.55859375,1182526
2018-04-25,738.3987289087787,757.0088215625443,734.6077407040655,754.3502197265625,1763048
2018-04-26,755.2364875499242,759.2243605034857,731.2599686014889,751.1008911132812,1352072
2018-04-27,738.4971830607549,762.7198666255258,733.5738685070165,747.21142578125,700854
2018-04-30,744.405240925014,751.1501585525012,720.7733285146961,731.7030639648438,448784
2018-05-02,725.2041870256858,746.029830285392,725.2041870256858,735.1000366210938,514382
2018-05-03,735.1000878001854,740.5157338373027,705.2648134700588,720.7732543945312,259083
2018-05-04,713.8805912021396,717.7700216153963,689.3624613405415,691.331787109375,405214
2018-05-07,693.2027881859667,703.640192491187,685.6208706703701,692.8088989257812,291749
2018-05-08,698.0276018332708,698.0276018332708,681.6329393816511,691.676513671875,256284
2018-05-09,694.0888759046526,698.1259696017983,680.4020380745312,689.2147827148438,1771037
2018-05-10,692.1195929411518,707.97264196927,682.3714059592546,702.8031616210938,589720
2018-05-11,700.1446019575102,704.920253483917,685.3746572142996,687.5901489257812,402458
2018-05-14,691.2333733846635,693.7442518237283,677.4480924339722,680.5498046875,226655
2018-05-15,679.4174671480913,688.2794341108925,661.8904778414742,668.4877319335938,579274
2018-05-16,663.6628643528555,672.5248313842735,654.8501184518001,657.4102783203125,632333
2018-05-17,659.8226010826737,669.2754012089239,655.2931756736127,659.4287719726562,203078
2018-05-18,658.7394485200305,663.3673759479784,652.8806925260885,654.9977416992188,224549
2018-05-21,652.8315431581985,695.8613265747118,637.0769357818317,645.1511840820312,297261
2018-05-22,645.9388168696563,659.7240964979721,645.8403746262168,649.8282470703125,403662
2018-05-23,654.6038689371395,673.5094082048042,649.1882231109313,668.6353149414062,355517
2018-05-24,663.3182646568974,676.3157683866712,661.2996573951868,667.8969116210938,75038
2018-05-25,664.6474517854825,677.4480693754251,662.7273471271805,673.3616943359375,91418
2018-05-28,671.2939217362466,687.639301584886,669.472319438923,674.8386840820312,824327
2018-05-29,669.9647268454592,691.7257550280706,669.5708376072428,684.6361694335938,1042346
2018-05-30,683.8483117664936,688.0823497691404,674.5924574452258,683.6513671875,209019
2018-05-31,679.7620115616246,687.540872540842,660.265698087259,679.220458984375,205322
2018-06-01,678.3342547582893,682.0267404096102,663.3181464429173,665.632080078125,250207
2018-06-04,665.8290257136748,669.5707324930908,648.4004813922063,649.9266967773438,635824
2018-06-05,649.9267488077339,662.4812010470358,649.8775276815085,654.8008422851562,189718
2018-06-06,658.739446796838,675.8726044302775,651.8468068453017,672.6231689453125,174179
2018-06-07,679.3682327030033,686.310094667997,670.65392930094,681.3867797851562,339268
2018-06-08,674.9865273934889,686.2117103131811,671.097096288039,681.7314453125,231427
2018-06-11,677.9404756887335,703.0493821957236,677.6450888084634,701.5723876953125,872476
2018-06-12,697.3383781462938,718.7055781708292,697.3383781462938,708.8589477539062,678290
2018-06-13,704.7232196504173,718.7054442570022,689.264000756497,691.4794921875,584484
2018-06-14,691.1841458434781,691.1841458434781,675.478760314888,679.3189697265625,463811
2018-06-15,674.8387534728729,678.531239670687,657.8533169629283,661.49658203125,4172714
2018-06-18,666.3214277157085,673.5586763306814,659.7241739563337,661.5457763671875,159457
2018-06-19,656.770128346477,669.5707455406363,656.770128346477,663.1212158203125,382091
2018-06-20,663.1212176518695,675.47872457286,663.1212176518695,665.8290405273438,294569
2018-06-21,665.8290733561433,675.2325921493492,664.647465841503,665.090576171875,192773
2018-06-22,668.389173355945,681.8790672844888,668.389173355945,674.6910400390625,159149
2018-06-25,675.4788393170646,688.1810164575496,667.3061481789591,679.1713256835938,173207
2018-06-26,679.171204835924,683.7006299333027,667.9953054614267,674.1986694335938,141038
2018-06-27,671.0970540510712,678.2850819143454,664.1551919372176,667.3553466796875,216975
2018-06-28,670.6539412945335,670.6539412945335,647.9574712985587,656.179443359375,255422
2018-06-29,655.78553457241,674.4941309040553,655.78553457241,664.0074462890625,162407
2018-07-02,664.9428983741267,673.3617548333141,650.7145062933162,659.1334228515625,125314
2018-07-03,660.2165026495769,664.0567121632239,655.4409114202205,659.9703369140625,84524
2018-07-04,657.7547253417919,661.6933763917427,651.2559751489912,653.8652954101562,133985
2018-07-05,659.7242258831285,660.2165573949816,652.8315847171854,654.8993530273438,134614
2018-07-06,659.5271761300958,659.7241207232564,654.0623092394374,657.8040161132812,166887
2018-07-09,654.8007996399857,659.7241139229932,650.6159824994295,654.653076171875,134065
2018-07-10,659.4288820235545,659.4288820235545,649.8776380505739,651.2069091796875,330679
2018-07-11,649.8283840625203,653.8654784794073,649.8283840625203,651.9453735351562,294280
2018-07-12,654.0623828043758,657.1148139950024,651.2561173581242,654.5054931640625,138269
2018-07-13,651.846879820524,654.800868701886,648.8928909391622,650.9114379882812,98347
2018-07-16,650.9606768359358,651.4037872000133,644.9542566532923,646.1358642578125,55711
2018-07-17,645.1510926741126,655.7854391266264,644.4618166792447,654.357666015625,56942
2018-07-18,656.7701515903785,657.7548144863161,630.1842534000634,639.2431640625,273188
2018-07-19,640.0309244791666,646.8743440761016,621.3223282251603,624.0301513671875,190097
2018-07-20,622.3069972486213,628.2149750706019,618.3683453673009,623.3408813476562,295830
2018-07-23,623.7838884205345,647.1204089732039,620.3375685950067,642.7386474609375,128365
2018-07-24,642.4925089406034,648.0558780767976,637.4707524505732,644.6095581054688,98615
2018-07-25,645.6434749348591,654.6038832767031,641.1139895397409,649.63134765625,309730
2018-07-26,652.8315477770084,671.5401441688081,648.1543986790585,662.8751220703125,349706
2018-07-27,674.2972018380401,686.9993784167501,662.3335825990339,683.4053344726562,378854
2018-07-30,683.4052713839562,692.75956890191,674.0017527409819,678.77734375,111734
2018-07-31,672.7217156231272,700.7846087037691,672.0816606886837,675.478759765625,300404
2018-08-01,680.5004855361447,697.3874777992128,676.4141706843627,684.685302734375,141857
2018-08-02,680.5990677834857,694.1874049672889,675.035697874266,684.5377197265625,156616
2018-08-03,693.2026842373831,693.2026842373831,675.4787519699499,679.220458984375,86846
2018-08-06,680.4019983902932,686.7038643831656,669.6691497740399,676.0694580078125,137689
2018-08-07,685.1283899763715,685.1283899763715,672.5247176823685,675.5771484375,186264
2018-08-08,675.5771843591117,678.4819519025723,663.416621714978,666.813720703125,86449
2018-08-09,673.9033754260935,673.9033754260935,658.7395413172826,663.0720825195312,136388
2018-08-10,664.6475118900687,665.5829537414295,634.1229594921545,639.9324951171875,357324
2018-08-13,642.9849182383819,651.4037745967297,641.0155923019703,643.6741943359375,227848
2018-08-14,644.9541891231152,651.8468293122171,643.7233605179183,648.7451171875,40999
2018-08-16,650.8621530545859,653.1760867451895,636.2399335649167,638.6030883789062,310896
2018-08-17,643.7232998571109,648.5973926941941,642.0493610919751,644.9049072265625,151040
2018-08-20,650.8621414950223,663.6627584987067,649.9266997710969,662.2349853515625,171665
2018-08-21,662.2842279968729,673.5094088506718,653.422262090943,659.8225708007812,118889
2018-08-23,664.7459121830336,664.7459121830336,656.8193877095957,659.7733764648438,77770
2018-08-24,656.3762894238736,663.2689299792959,649.9759803366958,650.7144775390625,136148
2018-08-27,654.8008487805076,659.7241634329927,646.9235453365316,650.2714233398438,105281
2018-08-28,649.8775179957511,653.2253959159569,643.969540559426,648.1543579101562,164292
2018-08-29,649.8775585316945,663.1705085925701,648.1543983386181,659.034912109375,215118
2018-08-30,662.5304825751365,664.4505874654232,640.5725094608041,654.01318359375,325212
2018-08-31,653.963872588384,667.6014293699636,649.0897793364477,662.0873413085938,121399
2018-09-03,658.3456050260518,664.6474717608883,654.8008425496158,656.720947265625,88542
2018-09-04,661.1026659618558,664.6474282060005,652.8806950498026,654.653076171875,82766
2018-09-05,649.9267879291281,662.1366329207505,649.9267879291281,659.1334228515625,169872
2018-09-06,659.1333542330361,671.4416402016911,656.228586724623,668.6353149414062,139910
2018-09-07,670.0631318032625,674.4941150407566,660.8072761119857,665.7305908203125,1353205
2018-09-10,660.9057104642443,676.3156478563269,660.9057104642443,665.632080078125,125634
2018-09-11,663.7121436019796,671.54022718502,661.1028224736766,666.2230224609375,391766
2018-09-12,663.0721962231338,665.4845728867492,652.8316753158068,662.9736938476562,232965
2018-09-14,660.954983986754,667.6014586860621,656.0808905207837,659.7733764648438,717060
2018-09-17,654.456224053526,658.3455944502547,623.2916190608612,632.7936401367188,1979234
2018-09-18,632.1535401566263,632.1535401566263,610.3925155397642,613.4449462890625,350633
2018-09-19,613.789675733585,625.2610240731342,600.6444483222234,603.056884765625,208275
2018-09-21,606.5523127085878,620.0422057090922,580.4587473079748,603.9429321289062,1139496
2018-09-24,600.6443072161668,600.6443072161668,573.073748852146,577.8986206054688,287803
2018-09-25,566.1811529514847,573.0737930743724,546.48789545752,557.368408203125,367015
2018-09-26,566.1319547965896,580.9511196422288,562.5871322444245,568.3966674804688,141456
2018-09-27,572.6306963132138,572.6306963132138,537.6259423090559,543.3369750976562,615329
2018-09-28,551.4112512630406,551.4112512630406,500.2087779314725,503.7535705566406,527415
2018-10-01,504.14742938196383,524.8253512902085,477.5615297856493,513.35400390625,568704
2018-10-03,516.9480208585863,545.9955763163546,513.3539772453765,533.7365112304688,1232831
2018-10-04,533.982704441782,575.0431613748303,526.7946769444079,556.7284545898438,1801469
2018-10-05,558.8946579648014,571.7937784750067,531.7672061205853,549.7373046875,874787
2018-10-08,556.334568181139,557.8115626099386,524.9237959557139,541.0230712890625,237685
2018-10-09,545.3555373217227,555.743779266386,531.7672009678107,532.0133666992188,205413
2018-10-10,531.7179865675874,585.8744481624344,527.7301136881418,552.4451293945312,152186
2018-10-11,551.411251143457,551.411251143457,523.8406885862842,532.554931640625,223216
2018-10-12,541.5645271404836,546.2908964484458,532.2102307626026,544.0261840820312,213930
2018-10-15,547.4725837494212,547.4725837494212,526.794662420756,530.4379272460938,266017
2018-10-16,533.8842549884291,541.1215035157918,530.4379347184362,538.2167358398438,505786
2018-10-17,542.5492545906623,558.3038608945653,540.5799288026743,551.3619995117188,379784
2018-10-19,549.4418581604266,572.9260425744378,546.7340353827542,555.49755859375,1287121
2018-10-22,565.1965197541219,569.1351714597256,544.5678194262117,549.294189453125,1008814
2018-10-23,538.807548842353,577.0616783216565,536.7397207008166,570.5629272460938,719595
2018-10-24,577.0125112597007,590.6008484811582,549.6881133288872,555.103759765625,226896
2018-10-25,554.9067576118097,560.2731823625089,548.3095042531083,554.7590942382812,112717
2018-10-26,554.414425137415,569.1351472815495,543.5339122827255,561.6517333984375,587007
2018-10-29,559.3377340528637,576.0277818018033,557.3684083031138,570.0213623046875,398793
2018-10-30,571.1044883825717,571.1044883825717,547.6203019947378,550.328125,158937
2018-10-31,549.934170363011,558.3038041107023,538.6597693536644,551.8050537109375,96124
2018-11-01,549.4418606564537,560.273151816348,548.949529240095,555.1528930664062,109226
2018-11-02,552.5928155055648,563.177941374189,551.6573737578294,554.6605834960938,151367
2018-11-05,549.4419264084397,571.1045113206005,549.4419264084397,569.0367431640625,140781
2018-11-06,564.8026289283827,581.8373455856369,564.8026289283827,570.7598876953125,259120
2018-11-07,579.966496638022,579.966496638022,566.9197121211225,568.8890380859375,34093
2018-11-09,571.104608433204,579.7696318516874,562.3410826434814,566.0335693359375,531454
2018-11-12,563.2271977884055,573.8123243202681,561.7009822617622,566.2304077148438,359942
2018-11-13,562.5379393859012,566.821259339288,552.2481993909631,563.3749389648438,110885
2018-11-14,567.1657710656089,576.0277362385091,563.2763409976932,574.0584106445312,431328
2018-11-15,575.0430378759492,575.0430378759492,567.7072884722776,570.1689453125,156975
2018-11-16,572.9753470697515,572.9753470697515,558.3038462933221,568.4458618164062,64388
2018-11-19,574.9447685880451,574.9447685880451,557.4177185342077,560.027099609375,438124
2018-11-20,563.2271247125639,563.2271247125639,553.3804966581483,556.8760375976562,282576
2018-11-21,557.3684080728927,561.5040041654695,549.5403262010603,551.608154296875,215124
2018-11-22,551.4112122869192,570.612138429053,551.4112122869192,563.9164428710938,588100
2018-11-26,557.6638112024119,566.1319482295879,551.5096680572495,559.4854736328125,53829
2018-11-27,558.3038629637174,565.1965032472201,554.6113770975552,561.7501831054688,52652
2018-11-28,559.2884962652107,575.0431017938082,557.319170574136,560.2239379882812,120739
2018-11-29,563.7195077810879,565.6888335724628,556.3345360634318,562.882568359375,150064
2018-11-30,562.882640364787,568.8398396259461,560.3717015803352,562.636474609375,40722
2018-12-03,556.5314828776263,563.2271785751424,553.3805495790734,560.6177978515625,63727
2018-12-04,560.2732899177008,569.1352575965396,556.4823611169345,561.1102294921875,288155
2018-12-05,556.3345340395141,566.1811629605675,556.3345340395141,564.014892578125,85850
2018-12-06,564.2118115606694,569.1351257976735,554.3651830866612,559.091552734375,76272
2018-12-07,559.2885441278602,563.1287535937125,550.7711857454457,553.922119140625,103784
2018-12-10,549.4419679873895,561.2579242881936,546.4879789121885,553.82373046875,114905
2018-12-11,547.6203207421731,557.2700055805566,547.6203207421731,554.0206298828125,104981
2018-12-12,559.0423710282463,563.2271884247589,554.168277570144,561.5040283203125,72595
2018-12-13,566.1319844473134,566.1812055758128,553.6267527565229,562.2425537109375,151320
2018-12-14,562.2426073185351,565.9843149271119,542.0570145864335,558.303955078125,98357
2018-12-17,558.30384890932,584.8897464764304,558.30384890932,580.754150390625,230206
2018-12-18,588.828470844909,597.8381612862568,567.510492969512,578.5879516601562,413782
2018-12-19,581.8866503398423,581.8866503398423,568.7906435938434,574.1077880859375,155299
2018-12-20,571.6952344009144,586.859066535582,566.8212013067478,583.363525390625,134271
2018-12-21,584.0528607544915,596.2626454406765,568.4459167258573,588.3361206054688,2025095
2018-12-24,575.9293520504126,580.5572195834977,567.7073808073762,570.5629272460938,144403
2018-12-26,567.1659559612509,575.0432609051572,561.4057007606464,566.0335693359375,81515
2018-12-27,535.6566603867765,595.7211020845584,532.0626164750726,581.5419311523438,926443
2018-12-28,590.797757437029,595.7210720823375,578.2433050914921,589.6161499023438,519520
2018-12-31,585.8744597084237,596.5088076295383,585.8744597084237,588.6807250976562,169943
2019-01-01,586.1205818943332,592.57011176685,583.1173721169532,589.6653442382812,40902
2019-01-02,584.2990498203583,594.7364536089711,584.2990498203583,592.4717407226562,115282
2019-01-03,589.2223270724407,593.7517525547951,580.9511343405127,590.8469848632812,415471
2019-01-04,593.7517884308887,605.567744419563,590.7977994337201,593.6040649414062,119061
2019-01-07,593.6040341979146,599.5120118862703,588.5330560748434,593.210205078125,316222
2019-01-08,590.7977319834183,617.2851876736295,590.7977319834183,603.1060180664062,214725
2019-01-09,605.5677674385446,639.7848079564135,605.5677674385446,633.089111328125,304725
2019-01-10,632.2520804641025,638.4555053668564,621.3223453385007,625.0148315429688,165683
2019-01-11,625.2609551653044,633.1382585374657,620.3376405577036,628.707275390625,171998
2019-01-14,623.2915291546478,626.8855722802289,608.7677533963049,610.58935546875,366016
2019-01-15,614.4296800482255,621.4700441717342,610.4910282530445,614.3312377929688,68669
2019-01-16,612.9526730529304,620.6330318761921,608.5216898742347,611.8695678710938,440003
2019-01-17,611.9680094401567,623.8331856966994,608.5216891939128,613.7896118164062,377003
2019-01-18,617.3835610735849,619.8452180156646,605.5676077516025,610.6878662109375,107504
2019-01-21,615.414373010416,634.8122460675163,603.1060855502077,608.1771240234375,427431
2019-01-22,610.4909593339872,620.1406431230047,602.3182698014228,610.3925170898438,95583
2019-01-23,613.4450166763797,619.254552109888,602.8106688565364,610.4910278320312,159259
2019-01-24,610.4910435042206,619.7468994937467,605.6661708949671,608.7678833007812,129335
2019-01-25,617.8267467343749,623.2916137928426,606.2077365697377,610.0971069335938,222746
2019-01-28,611.475620771081,614.8727195729526,586.1205527600418,590.0592041015625,285382
2019-01-29,590.8962818579961,608.4725536452675,586.5638004271003,596.8042602539062,302014
2019-01-30,597.6903967727617,606.9462523274811,586.8591045742438,590.74853515625,260752
2019-01-31,591.2902200650768,598.4290278843471,584.5945226819888,585.8745727539062,780410
2019-02-01,590.7977226073822,594.7363740914315,579.0802104027149,581.8865356445312,546770
2019-02-04,584.889711982368,589.8130260562937,562.3409094841691,580.7048950195312,146249
2019-02-05,580.7049637102101,584.8897811680624,573.07382599295,575.0431518554688,53619
2019-02-06,576.0277597233297,580.9510739089992,566.1811313519908,570.513671875,690808
2019-02-07,571.1044904957503,575.4370313598228,566.2303970484326,568.3966674804688,570245
2019-02-08,568.3966297665785,574.9938828767932,566.1811383556217,568.6920166015625,130409
2019-02-11,567.1658793165268,570.2183105301692,552.4451556720934,558.1561889648438,339881
2019-02-12,561.110151907726,576.6678744275574,553.4790141283245,565.8858032226562,288095
2019-02-14,561.1594702755998,565.6888960564451,556.2361552533505,559.8301391601562,24238
2019-02-15,559.8301624226093,566.9689695015074,553.3806314952793,560.1255493164062,72417
2019-02-18,560.7655563277198,563.3256559868712,554.6606339492922,558.7470092773438,33962
2019-02-19,564.8519683693128,564.8519683693128,552.2975147997084,553.82373046875,91484
2019-02-20,555.9405604937513,562.3408683213582,547.4724849460737,552.986572265625,1156061
2019-02-21,553.3805467420219,557.0238114717,551.4112209529044,553.2821044921875,97421
2019-02-22,556.5807539796318,561.257903172738,548.211118581442,551.2635498046875,207746
2019-02-25,554.3651997775318,556.1868020604479,546.8325047285002,552.3958740234375,256241
2019-02-26,552.3958711257026,555.3498597413479,546.4878938944116,550.8204345703125,205333
2019-02-27,554.3651966544543,557.2699641451894,552.4943131589835,554.6605834960938,91914
2019-02-28,556.3345863888276,573.0738571297303,556.3345863888276,569.6767578125,232357
2019-03-01,573.024643354029,612.5588266400159,507.6429962873546,598.57666015625,11513018
2019-03-05,589.8130934294336,607.5370261201344,586.9575469007541,598.4288940429688,967319
2019-03-06,598.6750756200422,612.2634123560804,592.7670979001076,598.6258544921875,594253
2019-03-07,600.6444121131855,603.0076272824344,580.9511526996384,583.0189208984375,326651
2019-03-08,577.9972349926704,587.2530920969152,576.4217980851275,578.1449584960938,195823
2019-03-11,580.7049530991729,616.7928729100279,578.3910192926176,612.9034423828125,693313
2019-03-12,613.4449998696794,625.162512670857,602.6137077371488,613.3465576171875,398863
2019-03-13,608.5217345074249,611.9680550102986,600.8413751208325,605.912353515625,253418
2019-03-14,609.5062706697151,611.4263751415536,601.6289683024168,605.4691772460938,233675
2019-03-15,603.6968385617577,610.2448713051798,601.6290703791285,605.616943359375,505837
2019-03-18,606.601609488866,611.3772609436699,596.7549798076927,601.43212890625,91435
2019-03-19,603.5983028057817,613.1987652076682,592.767011890833,602.5151977539062,1038136
2019-03-20,604.4353465743054,610.4910479443446,598.2812029458343,603.45068359375,816543
2019-03-22,600.6443517640004,609.5063176096987,595.721037405279,606.0599975585938,741217
2019-03-25,592.8163171397314,607.4878191371271,592.8163171397314,601.6782836914062,93192
2019-03-26,602.6137645897157,608.4233004121495,597.493504896919,600.2505493164062,167512
2019-03-27,598.1334800704669,611.2787055138917,598.1334800704669,609.2109375,302382
2019-03-28,610.4909744338771,615.2173441516194,604.1891080775197,606.749267578125,89907
2019-04-01,575.9293256890899,590.6992684566434,574.4523314123345,589.0253295898438,953998
2019-04-02,590.7977893121115,594.6379989822639,581.9850436017274,591.93017578125,687704
2019-04-03,592.7699577453607,607.5892066889946,587.8302080974827,594.6964721679688,999883
2019-04-04,596.6229025734934,596.6229025734934,582.8903763663504,587.5337524414062,1064749
2019-04-05,590.7939917312866,606.5024179724386,588.9168629554156,604.7240600585938,855081
2019-04-08,603.6373522952637,620.4324995768012,603.1927628072883,612.331298828125,1180323
2019-04-09,621.914307313684,621.914307313684,607.5890373279043,610.75048828125,391977
2019-04-10,613.5169125394222,618.9506372076457,609.5651127807141,613.8626708984375,471405
2019-04-11,617.3698040270677,622.1119506222068,614.060136285916,617.419189453125,1717441
2019-04-12,619.7409303357459,619.79031576843,612.8252813691115,617.666259765625,201752
2019-04-15,619.3457097218748,619.9384554398791,610.7011495862589,615.8384399414062,137884
2019-04-16,618.4566247747,618.4566247747,607.6879469646634,610.2566528320312,382679
2019-04-18,613.5167644678328,613.9119684681931,604.3782297313957,607.4902954101562,322285
2019-04-22,610.4047843126286,617.1722768940874,597.9566404528109,608.8734741210938,427291
2019-04-23,610.5530879242831,611.4422670265697,590.794088315083,592.9675903320312,1108991
2019-04-24,594.7457084123608,607.5890542750863,593.0167964693017,602.9456787109375,222954
2019-04-25,602.2541381431483,612.2324667095239,600.7228281041517,606.9468994140625,225934
2019-04-26,617.4685993396614,637.0299925068083,617.4685993396614,629.5709838867188,2193690
2019-04-30,627.4468263572074,636.9805650214026,627.4468263572074,632.1395874023438,798810
2019-05-02,632.2384580579413,650.0709390838177,632.2384580579413,642.6613159179688,1022283
2019-05-03,642.1673972382684,657.9745947087489,641.1300619642027,656.1469116210938,809596
2019-05-06,652.046875,659.752871462793,644.3408785372069,652.046875,510425
2019-05-07,650.0710117013092,657.2336482284132,650.0710117013092,654.12158203125,400330
2019-05-08,647.1564672036404,653.4299842525708,642.1179476333398,642.710693359375,290783
2019-05-09,643.2046460430654,648.5889840175385,633.2757635266445,644.3901977539062,347971
2019-05-10,642.2660935963759,659.9504178348714,631.4974777486304,634.3131103515625,758566
2019-05-13,632.0902634055084,638.0673475734048,601.1674470470798,612.5288696289062,324189
2019-05-14,611.0469020393635,631.2504858805496,587.4843253287709,608.1818237304688,1232277
2019-05-15,616.4806843158908,641.7721754500076,609.318048159977,621.272216796875,552190
2019-05-16,625.1252825759843,640.8830951212404,618.4566209285914,623.3469848632812,363954
2019-05-17,627.1998967355373,638.1661755261841,615.8384742107879,622.161376953125,387017
2019-05-20,636.0914461675816,649.7745868957737,628.3360644603833,637.919189453125,523465
2019-05-21,642.1673632618697,655.9986603167407,638.2649495328828,651.75048828125,396784
2019-05-22,651.7504352302154,659.5058163277008,644.9829435422818,651.7010498046875,361789
2019-05-23,656.9866065381614,675.6588815806927,656.9866065381614,663.3095092773438,528882
2019-05-24,667.804697838316,681.6853808522573,657.1348517631716,677.7335815429688,541134
2019-05-27,673.7817734305913,695.5166693477072,673.2877985233841,690.4781494140625,1669747
2019-05-28,691.5648933642665,695.4179218900225,676.8444165142149,690.3299560546875,373366
2019-05-29,679.8576619560995,694.5286919986501,669.8793330463033,671.8058471679688,1286226
2019-05-30,671.8058631451624,678.3263076969973,665.8781643527051,671.7070922851562,550276
2019-05-31,676.646848674103,687.6130674401332,668.1998295627956,685.8841552734375,650980
2019-06-03,678.7215508686279,692.5528488484834,678.227575940776,687.2178955078125,167500
2019-06-04,681.9322559384741,691.5647651675941,679.2153943610299,689.9840698242188,410079
2019-06-06,688.6010538348767,691.9106617528073,681.191429869652,687.9588623046875,1320152
2019-06-07,690.4781588184136,693.5407791649426,685.6865659734394,690.0335693359375,680274
2019-06-10,688.601049637098,691.5648992051199,686.773366523354,690.6757202148438,449355
2019-06-11,687.1190110667796,696.5045331446148,685.6864719528614,692.552734375,402010
2019-06-12,691.4660564667989,693.5407268288986,686.8720659940054,691.5154418945312,387860
2019-06-13,691.5649210387367,700.4564700235204,685.6372217155475,690.9227294921875,437375
2019-06-14,691.5155043498563,692.5528396245948,687.6130904118659,691.1203002929688,375865
2019-06-17,692.9480342517048,698.4805291748047,689.8853536016867,691.5648803710938,486849
2019-06-18,692.5034197991451,699.4684537832392,690.7251222308166,695.5660400390625,1561472
2019-06-19,697.4925488108137,700.4563981683667,677.9805405402562,687.909423828125,358961
2019-06-20,688.0082842487378,696.5046286485535,681.7347666619582,690.0335693359375,1024232
2019-06-21,696.5045760888512,702.4322746087563,686.5263077002113,691.5154418945312,3605899
2019-06-24,696.6528311616731,704.8034170768611,690.527530292749,702.037109375,376039
2019-06-25,666.866190586095,676.6963042702255,661.4324660702083,666.2239990234375,3513192
2019-06-26,687.119056197176,735.034619425879,684.4021943646205,708.8045654296875,6255032
2019-06-27,697.4926232640203,729.1070197859021,697.4926232640203,718.190185546875,4196283
2019-06-28,716.2635706653759,725.9948516090317,708.3599726442408,714.979248046875,1184510
2019-07-01,716.0660085525141,730.0949078816216,707.4214477352418,727.0322875976562,610864
2019-07-02,731.0828742333058,743.6298491348119,731.0828742333058,740.7647705078125,1257045
2019-07-03,740.9623580261349,751.7310350826498,732.2684117518958,747.7792358398438,554389
2019-07-04,750.8418386876491,753.0647257100796,743.4816007090006,748.273193359375,271994
2019-07-05,750.4466890816328,767.1430658253905,736.6153910500095,744.4696044921875,1195407
2019-07-08,739.776751248677,759.0417711265053,730.6876016053579,750.0514526367188,787426
2019-07-09,745.9020827221776,753.8056809496974,738.5912302418542,749.8538818359375,594218
2019-07-10,742.740743110983,749.1624176369353,731.0829460314974,733.0094604492188,459594
2019-07-11,735.0346101155678,752.8177055215896,735.0346101155678,745.0128784179688,292405
2019-07-12,746.8901064647932,779.7888252848551,744.2720151727914,771.29248046875,1817841
2019-07-15,771.0947974801995,785.3212983248778,756.769525778133,774.1080322265625,585738
2019-07-16,773.5647199242641,778.8996731470589,760.9189741105962,766.5008544921875,440957
2019-07-17,763.6851135473241,783.5428782790773,747.8779184415581,756.0285034179688,880172
2019-07-18,756.7696328729257,765.6611820842264,728.1190854142902,731.9226684570312,424234
2019-07-19,736.3683645519538,741.950305081557,723.0310421570124,735.8743896484375,577254
2019-07-22,740.1720407814935,754.7936865233194,726.6371157564155,752.9660034179688,409528
2019-07-23,754.7935979750125,770.6007937441227,754.7935979750125,766.599609375,708849
2019-07-24,773.0707211787646,798.7574160677715,746.0997036052415,763.1912231445312,8522595
2019-07-25,760.6225201591641,790.3597828697729,759.7827267100653,787.7911376953125,892300
2019-07-26,789.4705977110227,797.2754246246119,773.5646313272257,785.518798828125,848649
2019-07-29,783.444202681888,795.7441899289465,772.8731276097266,787.7417602539062,655785
2019-07-30,788.3838834125984,795.299531512709,772.4779169022107,787.7911376953125,629929
2019-07-31,773.5646738872152,790.359820063566,765.6610756865796,787.9393310546875,490133
2019-08-01,780.8261301397722,793.9164654898578,743.481638333047,767.6370239257812,789834
2019-08-02,748.1744206288486,793.3237415147142,748.1744206288486,782.1105346679688,941917
2019-08-05,780.4803452748798,785.4200942956069,764.8213649990432,780.8755493164062,538695
2019-08-06,778.6032299874242,790.4092424109954,770.6996314176256,777.714111328125,700080
2019-08-07,780.7273257165161,791.9405317730258,772.8237273543116,777.0718994140625,487084
2019-08-08,785.4201052907096,817.034499465933,773.8610803604591,803.1044311523438,1081958
2019-08-09,800.7827610053887,804.9815479840175,785.518923340791,792.0394287109375,714830
2019-08-13,787.6429941532871,792.039382913105,752.5213901051633,761.956298828125,432634
2019-08-14,770.6008537631819,806.9573948038696,766.6490545131144,802.3634643554688,1042108
2019-08-16,791.4465339677605,828.7910833880125,791.4465339677605,825.2838134765625,1340618
2019-08-19,827.1115345405331,848.4512248086035,823.0115189989099,839.6585083007812,999684
2019-08-20,839.7573304736602,852.057317550532,821.5296445934449,843.5609130859375,1032233
2019-08-21,842.2271863952349,846.6729603996672,814.2682197161831,819.4549560546875,469687
2019-08-22,816.2441570537676,827.5561946041151,795.8429690581754,805.376708984375,451114
2019-08-23,805.129748755943,820.0477674903708,802.4622720796768,811.3538208007812,545349
2019-08-26,827.9019783183873,829.3345176677751,808.2911978205718,817.13330078125,606859
2019-08-27,817.0344468009018,836.7934418867761,817.0344468009018,824.1970825195312,851189
2019-08-28,829.8777874986416,831.6560849833481,811.6501026061487,818.4669799804688,538964
2019-08-29,817.8247831532615,829.6801800396571,812.3910595803301,825.0368041992188,338992
2019-08-30,829.8777674043162,836.7934154660187,800.2392757113048,828.5934448242188,6692265
2019-09-03,822.7644939807944,838.4235328271941,786.753715536154,801.4248046875,592127
2019-09-04,806.1670699979571,819.9983677675299,802.215270635222,816.4417724609375,423307
2019-09-05,821.5296492491001,824.9380881402725,810.8104179721756,821.2332763671875,332593
2019-09-06,824.4441100799429,826.9139845858743,811.4031606286903,825.4814453125,308380
2019-09-09,822.9622405107465,824.9381402478672,791.4466155838024,797.0779418945312,640219
2019-09-11,802.2152553004373,804.042938350896,785.4201083298617,790.0140991210938,579309
2019-09-12,779.4429915079022,789.3224893144549,774.7502300497897,783.2959594726562,3737190
2019-09-13,787.5441917835898,798.0164353388591,782.7032137384228,788.6802978515625,3681750
2019-09-16,776.4298626205971,789.1249949134177,775.54068357688,786.8527221679688,2172276
2019-09-17,786.2104393272316,792.3357401514287,784.3827563158278,788.58154296875,1013597
2019-09-18,792.4345594656072,797.2755379048496,788.4827600212213,793.2743530273438,715018
2019-09-19,794.3116773269821,795.2996271744037,789.371928089874,792.1875610351562,456281
2019-09-20,794.3115723669854,815.5524912797841,790.7055317805278,806.315185546875,1918256
2019-09-23,812.0946539078496,812.0946539078496,779.4923137874615,782.1597900390625,1590491
2019-09-24,782.4562323866201,793.9658715409628,777.5164834447853,785.5682983398438,976843
2019-09-25,783.7405183187635,790.2610227961804,767.7357204374072,786.9513549804688,1031592
2019-09-26,788.6309425355965,813.7742774737405,788.6309425355965,806.562255859375,1672809
2019-09-27,809.4766549989359,837.4356829409518,809.4766549989359,832.3477172851562,1994366
2019-09-30,832.6440283519155,841.3379739991776,826.1729696184251,836.20068359375,961777
2019-10-01,835.8054895577637,838.7693388115147,794.3116000052506,817.6766357421875,759109
2019-10-03,817.9236410543765,826.0742266803093,810.1681991577788,820.6405029296875,455628
2019-10-04,820.9862266033753,834.6199208336063,812.1440644494586,814.3175659179688,569471
2019-10-07,814.0706167669076,825.9260140984645,811.156152862966,817.9236450195312,341633
2019-10-09,816.0465147303765,833.7308398353214,816.0465147303765,827.1609497070312,506576
2019-10-10,825.1356537646827,837.7813986657413,795.9911357686457,817.2320556640625,5286384
2019-10-11,821.9741503456745,832.6439950450365,820.9862006457398,829.4825439453125,384745
2019-10-14,835.9042791347786,837.3862037948447,812.09471371625,818.7139892578125,366115
2019-10-15,819.0103001971289,833.8295456771734,819.0103001971289,827.9512329101562,394890
2019-10-16,826.4199858193348,881.7451731545203,821.9742118370431,866.7777099609375,3634345
2019-10-17,869.395822948434,917.3113881904784,869.395822948434,892.0198974609375,3687636
2019-10-18,894.8849617037483,918.7933601238962,888.1669147864329,914.7921752929688,1819540
2019-10-22,918.002986915166,985.4799477164158,918.002986915166,977.2305908203125,2040975
2019-10-23,982.0220754181445,1000.1015442235548,958.4594974266209,974.069091796875,1357514
2019-10-24,979.4534849607485,981.9727449657164,943.1463287312727,957.965576171875,982596
2019-10-25,962.2630657116475,987.9497594575437,953.618505316394,970.3148803710938,975234
2019-10-27,978.0702427166015,986.9617903776615,965.3751126759547,981.97265625,150914
2019-10-29,986.4679113081266,1007.7088327834643,969.1787891770377,1002.1268920898438,880342
2019-10-30,1003.7570580981072,1017.5883561427661,964.3378345509595,987.7522583007812,7610404
2019-10-31,993.8775184773701,1001.0895401002239,975.1064719057299,979.55224609375,849468
2019-11-01,981.3305790173679,996.841403802475,981.3305790173679,985.47998046875,655253
2019-11-04,990.9136996391977,991.0124705043372,977.7739786929496,986.66552734375,875743
2019-11-05,987.9498046566589,990.9136540706289,954.4582821589299,958.1137084960938,1230007
2019-11-06,962.707649425883,968.1907584982611,930.2040784135744,957.27392578125,1420970
2019-11-07,961.6704375099976,979.0583312817098,956.5330860730041,974.5631713867188,1351432
2019-11-08,993.8774498341294,1009.6846458553481,964.7329321700073,970.3642578125,5656687
2019-11-11,970.1667464464539,970.1667464464539,956.7800381251773,958.261962890625,2078020
2019-11-13,972.6365738719012,988.888360071188,954.5571046704276,976.2426147460938,4039409
2019-11-14,986.9618342580881,1000.7931312346778,973.0317664229618,987.8510131835938,3441700
2019-11-15,996.0510709135658,1013.6365665382119,983.4547100720822,990.7655029296875,2687762
2019-11-18,992.7906766928359,1000.793045135256,983.9979002514461,987.9990844726562,2144563
2019-11-19,943.4426431147755,958.3112750648688,918.7932843405443,925.2643432617188,60449782
2019-11-20,928.672776677387,937.2679516703986,924.819748484071,928.3764038085938,2976893
2019-11-21,931.0933856220207,934.0572352911663,904.9620989791187,918.398193359375,2642185
2019-11-22,919.7812543826628,934.3535137834622,919.7812543826628,931.2908935546875,3125980
2019-11-25,932.1306264300705,942.8993032559138,932.1306264300705,940.1329956054688,3604001
2019-11-26,945.8631600889078,966.1655163642189,926.5486933112619,947.3944702148438,43473998
2019-11-27,952.383581169837,953.5691329573682,931.8342379514175,936.7739868164062,1542111
2019-11-28,942.3559293200776,960.9788199553439,936.774048912435,959.447509765625,1885171
2019-11-29,958.3113138220457,958.3113138220457,943.5414521315552,948.481201171875,1071258
2019-12-02,947.5920593276188,947.5920593276188,926.9932701539354,932.4763793945312,643539
2019-12-03,934.6992532591256,954.3594778016143,934.6992532591256,951.7908325195312,1612054
2019-12-04,951.1981025893566,963.2511028074979,948.4812405045149,960.5342407226562,1122303
2019-12-05,957.3234062365751,962.7571304205804,943.4921083136525,954.7547607421875,814043
2019-12-06,959.299284574545,962.2631340634468,933.8101910299241,952.5812377929688,1235405
2019-12-09,953.1739868079994,953.1739868079994,927.0921473968892,930.6487426757812,861577
2019-12-10,938.5523303626151,956.335427148433,935.588480898312,938.4041137695312,1610114
2019-12-11,938.5523354922391,960.2378462511783,913.3596149079737,954.9028930664062,1616587
2019-12-12,959.2992085766467,959.2992085766467,944.1342040130414,948.8269653320312,862822
2019-12-13,953.2727243203705,970.8582175600216,951.6425831362166,963.1522216796875,1119572
2019-12-16,962.0654857928662,967.9931844857363,952.2848191294323,957.86669921875,526157
2019-12-17,963.2510554773836,966.6594943490069,956.3354068739562,960.83056640625,822269
2019-12-18,963.2510582379463,964.8317538033915,947.4438613848107,953.1245727539062,628845
2019-12-19,956.9281036872152,963.3003916343629,953.8160981546552,958.0642700195312,906299
2019-12-20,960.2872119251291,995.9027903897843,960.2872119251291,980.7871704101562,10219499
2019-12-23,989.9256810015398,999.5088059414287,975.6497945998174,984.788330078125,1347986
2019-12-24,985.9738983668163,987.8510271028136,973.1305509933007,982.7630615234375,716972
2019-12-26,986.2208634115733,987.6534026460092,976.1931490701907,979.0582275390625,335933
2019-12-27,976.094441785001,979.5522662245227,965.7703538984942,976.7366333007812,438117
2019-12-30,976.9835962510035,979.5028562195195,961.0775680484368,964.5847778320312,390678
2019-12-31,964.2389516272256,968.1907506093044,946.6040727895657,950.012451171875,403539
2020-01-01,953.3715040589879,968.1907502360706,950.0124508056489,964.6341552734375,349251
2020-01-02,963.9426459188787,963.9426459188787,954.3595206597728,957.6691284179688,335765
2020-01-03,958.3113335108492,970.9570792539446,957.3233836824875,963.349853515625,451217
2020-01-06,954.4582714775421,991.0124138407593,946.4559022692463,971.25341796875,895840
2020-01-07,978.0703806166874,990.9137290490278,968.1908818225795,973.0318603515625,570304
2020-01-08,966.2149620200978,980.3426329426654,963.448714475067,975.8474731445312,368547
2020-01-09,984.7883501998028,985.9739020216869,967.9438181420318,976.58837890625,614382
2020-01-10,977.0823364257812,984.985934698184,971.4510105967605,977.0823364257812,351231
2020-01-13,981.0341240084447,985.9244874418343,968.190776967045,977.9220581054688,332236
2020-01-14,981.0340791572477,982.0220288844956,972.1425316120159,975.896728515625,369532
2020-01-15,976.0944166117861,989.9257140131676,969.1787679110953,986.1221313476562,533340
2020-01-16,987.9497840421302,990.9136333942565,980.0461857697932,987.8510131835938,465355
2020-01-17,987.7522500848886,997.631748606041,973.3775917965464,984.3438110351562,372188
2020-01-20,987.9498008071192,988.9377506079263,963.7450306873449,969.6727294921875,341082
2020-01-21,968.1908345179581,975.1064833359436,958.508938232713,961.0281982421875,355550
2020-01-22,968.1908345551867,980.6389783081702,960.2872359057566,969.870361328125,1299987
2020-01-23,973.5257314810743,991.9015731587697,968.3883805960155,974.069091796875,1151390
2020-01-24,974.1185622881237,1007.7088575394383,965.2270135451287,987.7522583007812,1388247
2020-01-27,987.7521150934916,1002.4725899981007,975.4521290557029,980.1943359375,740311
2020-01-28,981.0341324839508,994.8654294172593,963.9919987625528,975.9461669921875,578382
2020-01-29,980.0462275603591,999.9534406775476,976.0944282556802,995.6558227539062,538017
2020-01-30,1001.7811575530616,1004.745007131621,977.3787839629881,986.220947265625,561770
2020-01-31,992.8895880074664,993.8775378462798,971.3029081492627,982.1209106445312,445170
2020-02-03,884.2150667785382,910.7414946620264,846.3272162492924,901.6524047851562,4046967
2020-02-04,901.0101942640075,911.7788709249689,885.2029978734108,900.614990234375,2004591
2020-02-05,902.5909326490345,904.7644343158992,887.6729144667902,899.5776977539062,1337410
2020-02-06,905.0608073269839,913.8535848579179,901.0596226099727,908.4198608398438,1185756
2020-02-07,908.9137501004313,943.9365800310823,904.5173617492514,935.884765625,1642253
2020-02-10,940.5281947129129,944.7269812964527,926.6968977318406,941.3185424804688,734151
2020-02-11,948.8764155957452,948.8764155957452,924.5234284406766,928.4258422851562,584552
2020-02-12,933.3655745058138,937.3667591399771,913.8535659358325,921.6089477539062,925589
2020-02-13,925.7089401781762,925.7089401781762,904.961994880693,916.372802734375,551572
2020-02-14,921.1644060255026,921.1644060255026,896.0704573020278,903.2330932617188,402685
2020-02-17,904.4680683481594,908.3704822322065,893.1066453159324,903.38134765625,355839
2020-02-18,903.97407833115,910.3463666809596,896.1692506934498,905.0114135742188,901858
2020-02-19,907.0367037296297,931.0933179762394,907.0367037296297,926.89453125,786366
2020-02-20,928.3764116593196,933.6125333845054,910.5933157853291,917.558349609375,784552
2020-02-24,912.4703355267718,930.1546596008117,899.0342434803384,905.5546875,493211
2020-02-25,912.3716620722113,923.4367121561942,881.004255173681,890.3403930664062,760359
2020-02-26,883.0294978003924,903.7764430980728,870.8777276145419,880.6090087890625,807168
2020-02-27,880.0656504036093,902.8873264609454,864.4560559672208,894.4403076171875,821122
2020-02-28,875.3234682225788,884.2150158681806,864.4560211001765,879.6704711914062,1002851
2020-03-02,884.3632549393063,898.0463350442608,867.4198923749846,883.3753051757812,629219
2020-03-03,892.1680431755104,902.9861054041262,881.3005955174739,889.006591796875,615494
2020-03-04,892.0198804958867,901.0101993741604,866.4319570736169,874.434326171875,769392
2020-03-05,880.6091154642071,890.5874455911708,865.9874690669209,873.7922973632812,1014502
2020-03-06,854.5766238678442,870.877796461855,838.077849243062,843.6597900390625,1436479
2020-03-09,826.1236577069548,851.5139803303051,793.3237113783274,815.35498046875,1424660
2020-03-11,809.1308482969874,837.6826202993733,774.7008234996994,799.2019653320312,1305970
2020-03-12,751.8298281897323,766.3527028966959,691.5648879537616,742.6419067382812,2111588
2020-03-13,656.9865719454247,785.4200371377633,617.5673535088326,752.768310546875,2077130
2020-03-16,692.5528251756361,763.5369957617153,653.6275780715733,722.7346801757812,1588572
2020-03-17,723.1792365328193,759.2394033817918,666.8660992618211,678.7214965820312,1398542
2020-03-18,686.674490865659,688.5516195903159,581.0626942812772,589.0650634765625,2202064
2020-03-19,558.1916088061365,612.4300742064581,513.1411243214727,600.3770751953125,2916821
2020-03-20,619.4445371078334,672.546839930076,598.6975908889108,625.8662109375,2004915
2020-03-23,563.0820338279326,609.5650626034821,515.9074280916016,532.7025756835938,1652165
2020-03-24,544.7555067473337,582.8409568841521,528.5531070106908,539.6675415039062,1108727
2020-03-25,523.6133665388409,622.40834135749,523.6133665388409,580.7662353515625,1610706
2020-03-26,596.2277432741857,656.9866599458716,588.1759277579869,610.7012329101562,1629666
2020-03-27,628.5336721222965,649.0830158141656,577.9506305194625,595.5855102539062,1299441
2020-03-30,591.6832038022674,626.854195205345,568.0711776880589,614.5048217773438,1301701
2020-03-31,630.3119077399815,645.8227300687508,616.6288285335169,633.2757568359375,1087481
2020-04-01,634.165068041928,651.0589872949614,620.4325402446673,627.4469604492188,971706
2020-04-03,640.1914965164478,656.9866438016015,619.7409227622378,642.3156127929688,1279329
2020-04-07,656.9865964204827,739.2828001226936,645.1311991918424,726.439453125,1916861
2020-04-08,732.95988050483,785.4199835908443,712.3117083886776,733.8489990234375,1443627
2020-04-09,745.9020347170307,764.6236938735038,726.1924258457007,730.5394287109375,683512
2020-04-13,736.0225637335526,740.9129270558768,691.564824984546,699.221435546875,760239
2020-04-15,711.3238576307353,716.2142212118807,686.7238834344708,692.4540405273438,1232607
2020-04-16,681.685376395191,689.5889749620918,672.8925988696453,676.9926147460938,1363923
2020-04-17,695.0720722265349,712.3118083583885,678.7215150377433,693.9853515625,1777451
2020-04-20,694.5287298583984,703.5684949145466,688.601030883789,691.5648803710938,1360101
2020-04-21,679.7094046421815,682.8214703676041,658.9624606051382,663.2106323242188,677346
2020-04-22,677.6347917996046,700.4564080550126,666.8661148619655,696.3070068359375,954059
2020-04-23,703.420256782246,723.6732276587012,700.4564073856916,709.002197265625,1219237
2020-04-24,692.5528043278476,698.3322864923133,667.8540595230029,670.9661254882812,1016019
2020-04-27,686.3781294087239,718.2395107306834,679.8576847929354,705.4949340820312,3275845
2020-04-28,715.2755523094667,719.2273509410106,698.0358187194236,711.175537109375,1002540
2020-04-29,714.2877069963309,714.2877069963309,699.8636640039634,704.7539672851562,634432
2020-04-30,726.3407258400164,732.0708227843318,708.2118103105606,718.09130859375,1925414
2020-05-04,701.4442995305179,717.2514950128958,667.3600342716406,679.3636474609375,1418017
2020-05-05,696.5045797110772,725.846699597137,689.7865334135139,704.9515380859375,4310285
2020-05-06,708.3106390011178,739.9744188282954,697.4925763588471,722.3395385742188,3664820
2020-05-07,728.119065002709,733.5527893684009,714.7817415596472,726.2913818359375,1345672
2020-05-08,733.058753475864,759.5851815538758,729.6009291670157,750.8912353515625,2349883
2020-05-11,761.6598835876391,761.6598835876391,735.874358534535,741.456298828125,1498957
2020-05-12,737.9984839574914,746.4948279260234,726.2418574827454,735.6273803710938,1115902
2020-05-13,756.0285769330287,770.600836338141,743.8768065737843,751.3358154296875,1752331
2020-05-14,747.6803476236958,761.2152710573946,732.1695247193743,737.75146484375,987397
2020-05-15,745.3587294499166,745.3587294499166,733.256344549622,742.8888549804688,1032406
2020-05-18,740.9624418870407,740.9624418870407,686.0818357512094,692.305908203125,1705933
2020-05-19,700.4563931839634,711.3238407509925,689.5889456169344,694.4793090820312,1496613
2020-05-20,692.5527340604061,709.0515059759862,691.5647843684511,707.1743774414062,1289104
2020-05-21,709.1503678805581,733.9973299434517,707.4214556976439,721.5985717773438,1400397
2020-05-22,723.1792155876738,735.0346125645209,714.7816427290737,721.1539306640625,1507444
2020-05-26,726.1430093854748,746.889952510774,722.58641468386,745.358642578125,1110985
2020-05-27,742.938224995763,745.3093285571063,728.316580499929,732.218994140625,682804
2020-05-28,736.0226456672871,745.6551568018589,731.0828963675066,739.0852661132812,1134155
2020-05-29,738.9370614546962,773.5646897200331,736.4178015366148,759.3876342773438,7090367
2020-06-01,766.6491139385693,771.5394779495301,756.670844178569,765.4635620117188,1712847
2020-06-02,774.3550446577384,781.4682953096185,764.9695215155875,770.1068725585938,1388838
2020-06-03,779.492340469554,804.9814315580549,775.0465666645946,797.3742065429688,2163284
2020-06-04,799.9923344166024,810.6127945524202,779.2947744640747,785.2224731445312,1404467
2020-06-05,789.2731109718903,795.5465680155102,773.4659143394803,787.099609375,1199773
2020-06-08,792.335775287865,798.2634743548565,766.6490793309018,769.9093017578125,1371772
2020-06-09,772.675452573958,779.4923297678395,743.4321649560193,749.35986328125,1521206
2020-06-10,749.8537849655033,750.8417346163142,730.7863687647844,732.7622680664062,2283056
2020-06-11,731.0828059793856,748.4706972449746,726.1430572903357,731.9719848632812,1314357
2020-06-12,721.2033957814863,751.7310704899146,719.9684584599427,741.406982421875,4340501
2020-06-15,738.8876753718749,745.7044927736197,731.7250393622786,736.3189697265625,3316220
2020-06-16,741.9502771544148,761.4128996803166,733.4539332536059,754.8923950195312,1883900
2020-06-17,756.8188836120452,770.1068196283626,754.9912007193236,762.74658203125,1936475
2020-06-18,760.128560745787,776.9237064731599,758.350202958449,762.302001953125,951540
2020-06-19,769.6129205887634,771.4406036615634,757.9551246089707,766.5008544921875,2912093
2020-06-22,771.6876285062656,780.8756106461763,752.3238349440562,768.5756225585938,1164278
2020-06-23,767.6369942525134,795.5959615199231,767.6369942525134,787.0502319335938,1506742
2020-06-24,791.0020217733661,800.2393281700289,766.204445918172,771.341796875,1699063
2020-06-25,768.6249270295111,783.3947882656547,765.7598485543921,776.7755126953125,735190
2020-06-26,781.5670989597235,792.3357763997388,772.5767794820396,774.8984375,986158
2020-06-29,770.6008014471569,780.3320823199241,764.9694758381866,777.31884765625,597371
2020-06-30,779.4923211651785,801.2272147844864,779.4923211651785,796.7320556640625,2052551
2020-07-01,805.129694864339,809.9706126642187,792.3357330009605,795.5465698242188,1320983
2020-07-02,792.4839728632328,809.4766615410119,792.4839728632328,804.2405395507812,1075581
2020-07-03,811.106797171,835.8055425172546,809.4766558582787,833.8790283203125,2085479
2020-07-06,842.7211321735216,864.4560265554882,841.1404367019727,853.0946044921875,1836436
2020-07-07,856.552475898966,864.258472272725,843.3633701996285,858.1826171875,1104353
2020-07-08,859.5162622192275,861.3933908198026,835.9042396314995,840.4982299804688,1688004
2020-07-09,840.7452153958085,843.6102937162011,824.9874052329809,830.124755859375,1180400
2020-07-10,839.757311819328,861.3934360907759,839.757311819328,849.8344116210938,2062795
2020-07-13,857.3921872440375,857.3921872440375,837.9296249360178,852.55126953125,668624
2020-07-14,851.5138865225223,875.8174254785412,845.7837299153049,849.3897705078125,1535913
2020-07-15,852.6007308672234,860.0103548318865,842.0790407175323,845.536865234375,772942
2020-07-16,845.7343448385526,859.0222806182271,840.9921982475743,854.7741088867188,630372
2020-07-17,857.6886524168182,871.223516585845,852.156097296207,864.6536865234375,1228812
2020-07-20,868.4572893504424,877.3982232864852,840.745308572016,844.1537475585938,1497333
2020-07-21,853.5885891634099,885.153595926782,833.8295940438865,877.6451416015625,4650668
2020-07-22,881.7452134962425,881.9922009510034,845.7838159631938,848.8464965820312,1757409
2020-07-23,851.4150938285544,869.3957915779409,848.8464485642141,867.2222900390625,937539
2020-07-24,863.3693666627504,866.431986966595,852.6006895691808,856.9476928710938,784937
2020-07-27,864.357308418871,871.56932993464,845.8826350074779,856.9970703125,1342666
2020-07-28,854.5766491307905,878.1886754636386,852.9465077033298,872.7055053710938,1005499
2020-07-29,864.011424239132,879.2752596262856,864.011424239132,870.4824829101562,934883
2020-07-30,877.1511826565281,904.961992912292,871.0259422979485,902.54150390625,2422578
2020-07-31,910.6426299068997,910.6426299068997,892.71131885152,901.849853515625,1271226
2020-08-03,900.0222300214302,900.0222300214302,862.0849351739859,864.5548095703125,1291032
2020-08-04,870.4825206614908,871.8656744632262,857.5404027581646,865.2463989257812,707018
2020-08-05,866.2344286690386,870.038071825128,848.1055727850572,850.5260620117188,1364739
2020-08-06,858.2319817704889,867.4199026198543,849.0934463499494,864.8512573242188,907553
2020-08-07,869.2970597758965,873.19941327595,851.7609506920296,858.1331787109375,827168
2020-08-10,869.3958510052701,871.3717506666457,851.4151520268175,855.3175659179688,1090543
2020-08-11,857.5404056859292,867.4199034472878,847.1669330365027,850.2295532226562,971871
2020-08-12,850.2295235191077,858.0343505977798,840.7452301194135,846.5741577148438,1068002
2020-08-13,850.5259676461588,857.5403867822295,844.7958108311518,851.1187133789062,666359
2020-08-14,856.4537307530371,856.4537307530371,818.714035230896,829.186279296875,1897736
2020-08-17,834.81755389549,836.9416700163932,828.0995075335429,832.199462890625,1435984
2020-08-18,835.7561487406616,854.329592995637,834.42238032548,850.0814208984375,1170823
2020-08-19,850.2790703446087,865.0488724982464,850.0814683128561,853.242919921875,1332665
2020-08-20,850.6248133734733,854.32962527841,838.7694152776758,842.572998046875,660128
2020-08-21,870.4331591141803,879.0777198630294,848.6488780870146,850.8717651367188,3651529
2020-08-24,856.3548144218311,859.4174947664825,841.3379664568184,850.4765014648438,951781
2020-08-25,851.9585049113128,855.515160450439,827.7537342714753,837.6826782226562,1877987
2020-08-26,844.697057766589,844.697057766589,823.6043541866709,829.0874633789062,2151196
2020-08-27,833.7802695648099,835.6079526271012,825.036877405484,831.11279296875,945124
2020-08-28,835.8054653182619,848.3524388551949,832.8910015766634,841.28857421875,1640185
2020-08-31,845.1910587680624,853.5886321164301,808.6863013878711,817.7754516601562,2086032
2020-09-01,815.0586536954854,829.8779019444943,808.1923899468429,825.8273315429688,1148605
2020-09-02,832.8416288771017,854.5765231063974,831.1621022630865,840.0536499023438,2006869
2020-09-03,843.6104190595162,853.3417011700661,840.7453403134313,842.0296630859375,888422
2020-09-04,831.8537686713789,835.6079660187498,822.962220075129,824.4935302734375,1069706
2020-09-07,825.4320935214798,831.8537674986069,816.0465700164481,828.3465576171875,808757
2020-09-08,830.816442102811,840.5971094813925,820.1959811682003,834.817626953125,1438741
2020-09-09,827.6548840581904,833.335594990252,812.0946758529783,820.4922485351562,1685144
2020-09-10,823.851376876853,837.781445182783,823.0609687831698,835.0151977539062,659109
2020-09-11,835.8055850979323,856.4537613792048,833.5826979035229,853.98388671875,1559667
2020-09-14,860.5041924908312,865.4439410125925,839.7572486994334,846.7716674804688,1346301
2020-09-15,850.9211589299089,860.5042841427531,842.7705730008873,854.2802124023438,724917
2020-09-16,854.5765501058064,862.9741231415283,850.9211239009115,857.1946411132812,823952
2020-09-17,848.0562002159329,855.9597992475831,842.2766572442335,845.8333129882812,612356
2020-09-18,846.6235797595899,851.4151120938249,834.8669532059444,837.8801879882812,1245818
2020-09-21,838.7694010940558,841.5356485430299,825.5308493244104,829.9766235351562,875668
2020-09-22,829.8778651158593,829.8778651158593,791.9405671621223,821.8260498046875,1265561
2020-09-23,823.3078554418711,831.35966958805,817.1826155634254,822.9620971679688,628723
2020-09-24,820.5910218014237,822.1223921229987,772.9224473182763,794.706787109375,14778790
2020-09-25,786.4080992631291,803.6972220484365,770.6009012879908,787.4454345703125,2252162
2020-09-28,793.323688051944,806.4140228797003,790.3598386569803,803.2031860351562,1108315
2020-09-29,809.1308858267628,821.3814874609799,792.4345100945964,799.3501586914062,1666687
2020-09-30,799.6465899756687,804.7344952514601,792.7309413952504,801.671875,701139
2020-10-01,807.1549757774883,815.0091886421113,797.9176693912123,809.0321044921875,941061
2020-10-05,812.0946914619071,824.9380381638595,805.179043237779,815.0091552734375,803756
2020-10-06,816.0465448130263,825.9260429342494,812.3417330175677,820.0477294921875,1211894
2020-10-07,822.4681818453236,825.9260060332618,815.1079440139213,817.9730224609375,637342
2020-10-08,825.185026400744,825.9259887111906,808.1428932604712,811.1561279296875,1313341
2020-10-09,816.1947029661985,817.3308089889928,793.817617203931,796.188720703125,1188895
2020-10-12,803.1044692970942,803.1044692970942,777.7141457092288,782.1105346679688,1097157
2020-10-13,780.4803382676972,785.420087244075,771.5887901102171,777.0718994140625,1142687
2020-10-14,778.5045100208043,803.8454487117833,767.2913029366948,800.8321533203125,2146398
2020-10-15,800.8320331141589,811.8970822343205,792.0887020569701,795.0525512695312,1920570
2020-10-16,792.3357111509946,801.2272590317414,787.0502040306402,789.9152221679688,682969
2020-10-19,790.8537994289776,798.8067831034639,785.4200756352744,788.6802978515625,661678
2020-10-20,799.4984036724604,799.4984036724604,780.4803693558773,791.100830078125,1616359
2020-10-21,791.3477910534201,794.3116404581147,771.3911930018767,775.8863525390625,1763644
2020-10-22,778.80085927009,778.80085927009,762.0057117214278,771.3912353515625,1861965
2020-10-23,773.7129515985902,780.2333965093784,757.757537350672,761.4129638671875,2252423
2020-10-26,765.661138851713,775.4418665517528,755.8804111516732,769.4647216796875,2638341
2020-10-27,781.4682939923422,782.2586417746254,761.808068797319,765.1177368164062,2566397
2020-10-28,767.6369267920112,768.8224785072215,756.7694799519699,761.709228515625,1156097
2020-10-29,755.2381330034791,763.685090574088,746.1489840311513,752.3236694335938,1126591
2020-10-30,752.3238123439006,766.3527123030913,748.1744109053128,759.8816528320312,1156735
2020-11-02,761.709333538789,769.1189574058978,753.0153869279826,756.8189697265625,891886
2020-11-03,764.2285502221511,788.1863326994835,759.8816073132824,779.3936157226562,1542962
2020-11-04,787.1490343289188,787.1490343289188,774.3550718522167,781.4683227539062,923658
2020-11-05,787.3960228582347,797.077919234951,783.4442234963363,795.2996215820312,1373458
2020-11-06,795.7441275167391,799.1525661684236,785.4200407078783,791.5947265625,1722728
2020-11-09,798.2634045101743,807.9946855071701,792.0393330943479,798.41162109375,1255422
2020-11-10,806.364569282782,822.8633415799383,801.5729769861846,819.405517578125,1490688
2020-11-11,822.9622290849263,836.7935270527402,821.5790751682754,829.4332885742188,1822930
2020-11-12,829.8778553743285,834.2248587366344,815.1573788198436,827.6549682617188,1003690
2020-11-13,827.6549779771561,828.840529844399,814.1694385491543,821.8260498046875,824124
2020-11-14,834.5212355183202,834.5212355183202,826.07427651093,830.3224487304688,187698
2020-11-17,830.8657889880036,856.4537131492386,826.2224128278987,852.7489013671875,2140176
2020-11-18,853.3417306915096,858.2320947826148,836.5959677369623,847.6116333007812,968393
2020-11-19,844.4994927678077,852.4030913155639,827.9019478774543,836.5465087890625,1466056
2020-11-20,838.5717536092515,839.7573053944479,824.9380588286637,835.2621459960938,971981
2020-11-23,836.991031612762,844.1042817992067,819.998284028385,821.5789794921875,1668966
2020-11-24,821.9248663834707,829.8778503897717,821.9248663834707,828.8405151367188,874577
2020-11-25,835.8549371469248,854.2308400665751,833.8296520661772,838.8187866210938,2407145
2020-11-26,843.0175553991454,848.3031230285037,838.0778063808689,841.2392578125,1791878
2020-11-27,844.6970822374166,847.265727607393,830.8657849844062,835.8549194335938,2310173
2020-12-01,839.658585437996,844.6971054559344,830.0754600179182,841.091064453125,1027637
2020-12-02,842.7212538212763,868.6549383614972,840.0537770657755,864.99951171875,2097626
2020-12-03,869.3958220275634,870.383771825322,841.1404819315358,847.8091430664062,3804064
2020-12-04,854.6753785424237,860.5043066915466,846.1296486454397,852.6007080078125,1654173
2020-12-07,853.0946157067481,855.5644901008035,837.7813944636043,841.4862060546875,2151322
2020-12-08,844.4994854544451,849.1428616209746,837.979040828882,843.5115356445312,2473148
2020-12-09,847.660888671875,853.588587194056,844.4994374001117,847.660888671875,1813714
2020-12-10,850.6247997311758,852.501928519441,844.6971007783453,845.7344360351562,2302834
2020-12-11,850.5259870613211,852.4030554576478,835.2127655192227,839.4609375,1939950
2020-12-14,844.6971031704469,847.9573255438019,837.8308398040392,839.9549560546875,1186967
2020-12-15,840.942941081581,848.1055776363354,831.9031756546763,845.8826904296875,2044843
2020-12-16,850.8223573758503,851.1187302480981,840.2512827347736,847.1669311523438,1618300
2020-12-17,847.1669280745191,855.4657302653206,841.3380003095908,846.03076171875,1650113
2020-12-18,848.6489111083483,853.5886602998986,842.5236100508913,846.8212280273438,1469894
2020-12-21,847.6609540342871,853.5886530135479,822.5176188039883,830.7175903320312,2239781
2020-12-22,830.7176107694678,845.2898711186594,815.2562317313162,843.6597900390625,2263176
2020-12-23,845.191065415594,848.6488897627064,837.4356834997964,844.647705078125,1535665
2020-12-24,847.562127490888,869.0994203073831,840.992237433945,863.3693237304688,2659479
2020-12-28,872.2609739139285,893.6006672202127,866.9260204375198,890.7850341796875,4187861
2020-12-29,896.0210354884614,897.9969349833145,879.571648073942,888.4631958007812,1834129
2020-12-30,891.1307105419498,900.0222586515702,880.0656608344883,892.0692749023438,1969826
2020-12-31,891.1306896847784,896.366811389068,883.4740789918105,893.3535766601562,1123846
2021-01-01,892.1186850189301,896.1198697190475,883.2271366632598,884.6102905273438,798399
2021-01-04,889.1548887926624,905.9500366920794,883.7211644722629,900.4175415039062,1028233
2021-01-05,895.5270573072355,908.814993420979,888.1668196561582,894.6378784179688,1209912
2021-01-06,895.6259375201844,903.9741259343766,890.1428278326484,899.3307495117188,1214878
2021-01-07,905.1596234192631,905.455996300835,893.3536111893399,903.1343383789062,1109459
2021-01-08,908.9137686439403,942.9980349680882,906.9378691468883,924.2269897460938,4436263
2021-01-11,928.67282939753,941.0222021288802,915.6812651642811,924.968017578125,2146652
2021-01-12,923.5354727637566,924.7210245988176,910.4451377467328,913.8535766601562,1573331
2021-01-13,916.32345207813,937.5643730696985,911.3837030103234,915.3848876953125,1996557
2021-01-14,918.8920732278887,920.6209853560024,907.4318798128313,914.0017700195312,719918
2021-01-15,914.001849300699,918.595780031223,892.5139395588376,899.2813720703125,733660
2021-01-18,888.1668503850567,896.2680506242535,872.5572559532399,882.140380859375,936905
2021-01-19,879.7693045947108,906.9379243323352,879.7693045947108,893.5018310546875,1420092
2021-01-20,894.1933263117037,899.9234833046193,884.2150576027583,885.9439697265625,1147187
2021-01-21,896.8608280737496,896.8608280737496,864.4560862711758,867.71630859375,1913821
2021-01-22,874.8295889638982,875.0271909931076,827.9019712611482,852.1561279296875,3421388
2021-01-25,855.465687466671,872.1126161443492,842.7211119469044,852.452392578125,2534590
2021-01-27,854.8729093252624,874.335531521898,848.74760879591,871.1246948242188,2745728
2021-01-28,872.3597327030157,873.693440903813,858.38021796282,862.03564453125,1855486
2021-01-29,865.9873095060549,872.4089826452698,847.7102398021352,854.0331420898438,2286478
2021-02-01,864.4560720662923,886.1909675925306,841.7826121733053,863.9620971679688,3099408
2021-02-02,877.2994511032457,879.2753507678926,847.6115707018597,854.92236328125,2781083
2021-02-03,859.516289970222,869.3464021280909,848.0066511628225,855.7127075195312,1883217
2021-02-04,855.7126940507378,860.2078533216195,848.6488292681616,853.4898071289062,2094974
2021-02-05,856.3055148886017,859.5163518351122,843.3633962394591,853.7862548828125,1766235
2021-02-08,854.5765473666502,861.1958228570538,846.6729492407158,848.7476196289062,1899676
2021-02-09,858.5283443978869,884.2150382463852,852.6006458174642,877.990966796875,4311868
2021-02-10,887.1789961904847,904.2211316963709,883.2271966528879,900.3681030273438,4993209
2021-02-11,898.836748924275,910.7909781222243,894.6379621203808,896.416259765625,2184819
2021-02-12,897.0583886337203,902.492112353418,882.6837315806357,886.042724609375,984794
2021-02-15,887.178850784367,890.2909165300359,864.4560071673955,866.6788940429688,1715171
2021-02-16,866.6789851232406,877.595818643941,858.5283990562509,861.4922485351562,1634864
2021-02-17,859.5162138567719,872.5077761515984,859.5162138567719,866.580078125,1496973
2021-02-18,869.4946027370759,888.0186616548893,868.1115091843483,882.733154296875,2387930
2021-02-19,887.5741844866097,888.3151468867378,863.7151710826162,870.8778076171875,1120800
2021-02-22,869.3958457562037,874.3355948798185,834.9163727535037,838.8187866210938,1810985
2021-02-23,842.7211966455578,863.8633469180817,838.7693973646876,859.219970703125,1480977
2021-02-24,859.6150072660921,865.3451637485985,842.4247187175655,861.0475463867188,683427
2021-02-25,862.6777378805604,872.2608625612681,859.2199137390439,861.8873901367188,1885254
2021-02-26,849.6368573760022,868.3585187932335,847.7103431394594,856.4537353515625,2636891
2021-03-01,849.6367725802563,868.4078175558666,841.9307767028338,865.8391723632812,2648545
2021-03-02,866.1849267987753,875.3234618120501,860.0102409789952,868.5560302734375,1583910
2021-03-03,877.2994139157191,899.034309305523,872.8536398587138,895.527099609375,2127137
2021-03-04,888.8584818055168,913.6559986333126,881.6464600440189,904.86328125,3140379
2021-03-05,899.034275271767,903.9740240369965,884.1656435483598,892.6619873046875,1268992
2021-03-08,892.7113638903799,919.4354526853117,890.8342955579849,912.7173461914062,1396479
2021-03-09,938.5522634190156,971.8955675141649,927.6848161583745,959.5955810546875,11031435
2021-03-10,961.9667778707487,962.2631507648484,924.7210565871644,929.413818359375,2362998
2021-03-12,894.1440114887394,925.0174447088885,894.094626055522,903.1837768554688,28967831
2021-03-15,909.9017681619395,915.5824795266856,891.1307219132133,908.913818359375,4581531
2021-03-16,907.3824644673016,912.7668026915557,900.0222267332052,903.0354614257812,1422174
2021-03-17,912.7668332236394,912.7668332236394,874.5331643693381,878.2379760742188,3809803
2021-03-18,884.2150691888271,887.1789185827561,871.6680946945935,879.7199096679688,2657918
2021-03-19,877.2500498644378,898.9849457839141,871.6681092925219,895.7741088867188,2849173
2021-03-22,894.0946253060487,898.2934122204693,884.5608850157886,889.3524780273438,1660688
2021-03-23,893.8969215431341,899.8740054693839,884.2150260552006,888.0680541992188,1642691
2021-03-24,882.2392347312834,884.2151344731228,864.50552248834,870.0874633789062,1900721
2021-03-25,864.5547636612924,873.6439130170621,850.6246969255826,853.6873168945312,2711471
2021-03-26,859.5163483356877,866.3332262527016,857.6392195470398,863.4187622070312,1194885
2021-03-30,865.4440245033593,870.3837735016662,857.5404261060684,861.6404418945312,1276847
2021-03-31,865.4440630810501,880.1645398720467,860.4549284303006,870.235595703125,1929013
2021-04-01,870.9765778569245,879.3247662856252,865.938057659551,872.8043212890625,1193426
2021-04-05,876.8167645609824,878.7982713735495,856.803533659896,864.4818725585938,1091002
2021-04-06,864.7295849350811,894.6503507302967,857.9429481017999,889.250732421875,1351799
2021-04-07,892.6688940124013,912.4839638017999,889.9443219163591,910.007080078125,2860132
2021-04-08,912.8802306853321,912.8802306853321,896.6318503145209,900.0994873046875,1342782
2021-04-09,896.2355483973811,907.4806363588829,891.8762694915109,901.6846923828125,1344813
2021-04-12,892.3220703634794,897.0281489948368,860.4693244913451,864.3828125,1485108
2021-04-13,873.2996187715864,892.4211477845523,866.6615587283231,889.4984130859375,1174856
2021-04-15,886.7242740379743,903.5670814778017,881.7705071439074,900.297607421875,1464475
2021-04-16,908.52086254652,911.0472716077535,897.2262496635151,905.7467651367188,1310422
2021-04-19,888.9039938021323,901.4865745183271,880.2844268251616,897.8703002929688,1580387
2021-04-20,908.5208426280199,922.4904409926551,887.0710079240055,890.6377563476562,3593124
2021-04-22,891.678133007777,912.1372165812172,886.7738911820754,905.9450073242188,1988641
2021-04-23,888.0618067447266,933.1906735505437,888.0618067447266,914.3167724609375,3601606
2021-04-26,910.6510866468718,938.1444957566198,907.5301889920424,933.78515625,3751088
2021-04-27,937.2527278032469,938.0453184387324,916.4469061501093,920.1622314453125,1926977
2021-04-28,925.3636238875221,925.3636238875221,905.6971941848648,921.7969360351562,1904945
2021-04-29,921.7970403043728,926.3544820168877,912.7811475659042,919.6173706054688,830577
2021-04-30,919.4192534205023,931.8036722435155,911.2950625784466,920.11279296875,1326833
2021-05-03,913.4251881257682,970.9384158695995,907.5797183725214,949.7362670898438,5424609
2021-05-04,988.771937291455,995.7072114007136,933.834646717526,973.8115844726562,10515809
2021-05-05,980.7964050235889,1010.370371773141,956.077093971312,964.1021728515625,5475550
2021-05-06,968.2633787316794,974.3565369152686,952.3122716478227,960.4364624023438,1800692
2021-05-07,1020.4760125886497,1035.040039343138,965.390147165384,991.0010986328125,11010394
2021-05-10,999.967380787625,1008.0915706501671,985.7996194564288,995.7071533203125,2370879
2021-05-11,988.7719064499577,1005.6147144756584,981.3412558503838,991.6946411132812,1297672
2021-05-12,986.3445195694052,991.6450864574728,961.0307826966559,963.9039916992188,3513520
2021-05-14,963.9535919925072,972.9198987205699,956.0770898832484,969.3532104492188,1331063
2021-05-17,969.3531760192567,979.6569753654026,952.3122050008425,954.7395629882812,2181641
2021-05-18,956.9687081778441,966.9752930673782,955.2844153478111,959.4951171875,1342840
2021-05-19,959.4951392351855,970.8392777228223,954.0955211284112,969.00634765625,1101773
2021-05-20,972.3749759227285,975.3472362431582,956.8696603961706,960.188720703125,1463348
2021-05-21,959.1482681811993,966.6780297213995,956.3246453978642,960.2876586914062,1245988
2021-05-24,958.405349892192,962.9628521598546,951.7673499860547,953.6002197265625,1841255
2021-05-25,958.0585604921762,963.6067554752731,954.2441840001459,956.374267578125,1235079
2021-05-26,960.040015634547,970.9383027057338,960.040015634547,962.7645874023438,1719675
2021-05-27,967.4707258702932,976.8828834696458,956.6219637010919,973.0189208984375,2428883
2021-05-28,976.8828617325775,977.8736151420426,963.0123140000662,967.8174438476562,1137566
2021-05-31,967.9660940065874,973.7124517642598,961.674833960572,966.6286010742188,785669
2021-06-01,969.3531425555265,972.9198305770661,951.222307112134,957.364990234375,1420625
2021-06-02,956.0771480263708,984.2640978006857,954.4919665806558,975.2977905273438,2488600
2021-06-03,977.3782970952868,981.6880504967969,972.4245297506579,977.7250366210938,1724751
2021-06-04,985.7500806140863,985.7500806140863,974.9013190849892,980.0037231445312,996919
2021-06-07,985.7996383458602,988.7223729858675,977.8736111028784,979.3597412109375,693875
2021-06-08,978.8643986101289,978.8643986101289,954.095562612909,970.7897338867188,3262160
2021-06-09,969.1054741095983,997.6886858567004,969.1054741095983,989.3663330078125,3809219
2021-06-10,995.7071747865666,995.7071747865666,982.8769060620745,988.3260498046875,1041345
2021-06-11,989.663687063734,993.230375445595,974.9014358488433,978.9635009765625,823207
2021-06-14,978.9634149029757,983.5704424227097,962.3682953758235,977.031494140625,514960
2021-06-15,982.6292453478899,994.4687609976363,971.7804831337575,986.6417846679688,1137725
2021-06-16,990.7038758356006,994.5677778186322,979.2111000967537,982.6292114257812,833286
2021-06-17,973.9106717920556,983.5209926516089,967.9661509062445,974.2078857421875,869613
2021-06-18,991.44691971971,991.44691971971,947.9032965631532,973.4647216796875,1888723
2021-06-21,964.0030694487497,981.2422029982249,959.3960418966758,972.4739990234375,887943
2021-06-22,972.9198845386978,1001.6517344894334,970.9879032237143,997.688720703125,2289172
2021-06-23,1001.1562869993804,1005.6642027685057,989.7626231691055,991.2982788085938,1802617
2021-06-24,990.8524520733548,996.1530190507585,985.7996339169703,992.883544921875,932721
2021-06-25,987.7811093847664,1008.1410790336952,982.2329147039188,997.8372802734375,980203
2021-06-28,1001.1563373448068,1010.2712809615499,988.7719195152075,992.833984375,1107325
2021-06-29,990.85259775832,1007.8935708538617,986.047467245668,990.1591186523438,2486963
2021-06-30,993.1311712302748,1002.3946907618754,989.2176834469561,998.8280029296875,777901
2021-07-01,999.6702186754601,1007.9925717407575,993.3293724856344,997.5896606445312,834379
2021-07-02,1001.5527017694415,1001.5527017694415,986.8399765344684,997.8869018554688,581097
2021-07-05,1004.6239800326157,1005.5652078871594,996.499789796182,1000.5123291015625,431929
2021-07-06,1001.6021278900423,1023.3491763774135,996.7969377803681,1013.6893310546875,1693798
2021-07-07,1014.0361569212386,1017.5037939991324,1003.1873945405266,1005.0203247070312,888200
2021-07-08,1001.4040359259055,1016.5130258322821,992.8339945120052,1012.1536865234375,868890
2021-07-09,1004.7230362722872,1018.4945332348885,1003.187380539097,1010.1721801757812,930387
2021-07-12,1010.2713647672326,1026.4206348625128,1009.5282996358168,1023.8941650390625,1297301
2021-07-13,1030.3835708542974,1046.731002507274,1026.4701431685505,1042.9166259765625,2525938
2021-07-14,1040.2911128662035,1051.040763510838,1037.3188525437288,1042.6689453125,1596046
2021-07-15,1043.7588299984025,1055.102909389665,1039.6471787151688,1043.2138671875,796945
2021-07-16,1044.254021317469,1048.0683974916526,1037.4177990768871,1040.5386962890625,699003
2021-07-19,1035.238155092245,1040.5386610985304,1017.8009210702901,1028.2532958984375,643558
2021-07-20,1027.6589557114833,1031.5723832327176,1003.4350231862378,1005.3670043945312,695099
2021-07-22,1007.5962197822437,1029.1946925357217,1007.5962197822437,1016.5130004882812,915518
2021-07-23,1016.0175685038242,1044.2044531588226,1014.0855873618051,1040.73681640625,1290998
2021-07-26,1038.3097110777799,1094.6836117549592,1030.4827339147337,1066.69482421875,2151393
2021-07-27,1087.8471200121855,1103.4514844385897,1053.170754620176,1094.9310302734375,6096747
2021-07-28,1104.6901553106131,1128.2701370472423,1082.893578255157,1122.9200439453125,4409570
2021-07-29,1122.5236382349942,1137.3849397120682,1113.6564433969725,1118.4119873046875,1555904
2021-07-30,1112.616057302157,1112.616057302157,1081.902702202988,1088.441650390625,1238229
2021-08-02,1100.7766556927813,1118.065254809661,1091.760702653501,1096.962158203125,1582968
2021-08-03,1095.0302161519405,1124.4060792082998,1084.6768913018925,1121.235595703125,1033719
2021-08-04,1119.5513758882003,1134.0659378258633,1114.5976087382523,1126.3380126953125,1840302
2021-08-05,1159.379732627232,1164.828877043162,1114.5977214402262,1124.257568359375,6687775
2021-08-06,1129.458923078196,1143.5771596166735,1117.02491901329,1140.0599365234375,1654283
2021-08-09,1140.6048490525789,1145.3109276914495,1118.4119487567475,1125.941650390625,1491795
2021-08-10,1132.1833994709925,1135.403347883402,1109.7923977760915,1117.1734619140625,1911046
2021-08-11,1119.5513964492957,1131.5394889840202,1102.807638986649,1124.9014892578125,1458158
2021-08-12,1125.7932823522788,1140.307724785613,1118.1149425095336,1123.5640869140625,1054244
2021-08-13,1121.5328292063039,1131.93573972456,1120.5916618693773,1128.07177734375,712776
2021-08-16,1121.5328139388419,1133.9172310538909,1117.916539952933,1128.567138671875,479277
2021-08-17,1127.4773693396996,1141.1498146380245,1113.1610310845565,1124.3070068359375,1991904
2021-08-18,1124.5051372418477,1135.7997504738262,1090.0268696792982,1103.7489013671875,3428721
2021-08-20,1103.7488003804876,1123.0189043547196,1090.3240443249836,1114.894775390625,2127671
2021-08-23,1116.5792308339012,1130.4001942320047,1108.2568769747709,1124.9510498046875,1251406
2021-08-24,1129.4588942117275,1155.119431873801,1120.1953739606752,1149.6702880859375,1211218
2021-08-25,1157.1998752848247,1160.8161490834032,1139.514952748965,1145.45947265625,893931
2021-08-26,1140.5552314980064,1153.7322996994556,1134.2639717849972,1141.1497802734375,823814
2021-08-27,1144.1220267640863,1181.6220171947234,1134.709869858405,1173.1015625,2469538
2021-08-30,1178.501148848453,1187.9133059851158,1165.6709409177377,1169.782470703125,1690833
2021-08-31,1169.7824405325405,1183.4548852392672,1160.8161952143398,1181.027587890625,1719768
2021-09-01,1178.0057466562437,1211.493258646818,1172.9529287016255,1209.2144775390625,1955177
2021-09-02,1218.4286096483388,1238.4417804436766,1212.880293718687,1231.90283203125,2468599
2021-09-03,1235.419910994751,1242.0580313786065,1214.6636755197198,1232.6458740234375,1295336
2021-09-06,1233.488096955593,1236.4603574301848,1222.094431802991,1233.141357421875,1166873
2021-09-07,1233.4879851278695,1241.7607518438253,1216.8928656492417,1227.2957763671875,1164891
2021-09-08,1234.5283886086577,1235.4199699631783,1200.7435991047691,1208.768798828125,1909087
2021-09-09,1166.116717827573,1188.5573058721277,1157.199937487345,1162.351806640625,10115407
2021-09-13,1168.1478391570352,1168.1478391570352,1142.6854043317471,1154.3763427734375,2374250
2021-09-14,1159.1814179150924,1163.144431309674,1147.3419637754087,1160.0731201171875,1338821
2021-09-15,1160.0731694576675,1165.1259875623523,1154.723076959117,1161.6087646484375,1875092
2021-09-16,1163.3424706934477,1176.0241612469572,1157.1998486406453,1173.943603515625,3028407
2021-09-17,1191.876325814082,1193.6597302891873,1172.5070487012379,1187.7152099609375,4143024
2021-09-20,1178.8479634864693,1187.6161072948935,1163.1445455563296,1166.6121826171875,2117784
2021-09-21,1178.0059461619005,1184.8916348128707,1160.0733314725653,1173.6466064453125,2117913
2021-09-22,1173.6464257103953,1192.4212747615636,1166.8597892691255,1180.2845458984375,1399326
2021-09-23,1212.6821580964286,1212.6821580964286,1187.4179464694198,1207.034912109375,2659260
2021-09-24,1207.728397885773,1227.0976752851002,1196.433784906729,1210.750244140625,1703375
2021-09-27,1218.5771988580652,1221.5990453598808,1197.6723245410353,1211.493408203125,728019
2021-09-28,1211.1960298052059,1217.7845640943021,1191.1828595298407,1199.10888671875,1588306
2021-09-29,1194.8485362392807,1203.5672140677377,1185.7336538253605,1194.7989501953125,1623118
2021-09-30,1197.969445785387,1207.728342163364,1185.6840799704726,1203.8643798828125,1234882
2021-10-01,1192.8672517587393,1206.2920104853192,1188.3098097027969,1197.87060546875,830634
2021-10-04,1199.8023199756663,1228.5341674399886,1194.8981392161436,1219.46875,1664614
2021-10-05,1219.6174795369348,1255.7799799456252,1215.6544657935165,1250.28125,2282814
2021-10-06,1261.2290199306806,1262.120722137799,1194.2541173732652,1200.8426513671875,2630744
2021-10-07,1215.6543959074475,1222.787771858881,1196.0374306286435,1203.81494140625,2674007
2021-10-08,1213.6234373117181,1217.636037316614,1180.9285721925576,1185.386962890625,1661548
2021-10-11,1188.8545957860185,1207.2331213068821,1188.8545957860185,1194.94775390625,822914
2021-10-12,1197.8208246552592,1203.7653448768735,1187.071174776155,1199.406005859375,815338
2021-10-13,1199.406023800298,1207.3816369268939,1173.4483334875993,1180.7303466796875,1281752
2021-10-14,1181.9191242965105,1187.8141791133517,1162.9462949785202,1174.587646484375,2080766
2021-10-18,1208.719106230346,1208.719106230346,1174.5877011564544,1181.473388671875,934860
2021-10-19,1182.4642589013804,1204.6571606761163,1175.5785707054424,1182.4146728515625,1313098
2021-10-20,1187.913282398897,1191.8762958514371,1145.211836636092,1157.9429931640625,2063277
2021-10-21,1159.181611488246,1173.4979513902465,1127.5270850896266,1147.58984375,1985866
2021-10-22,1157.2001219029835,1160.9650336899215,1131.1432557129485,1156.407470703125,1112991
2021-10-25,1146.8961964835244,1156.1597172703987,1115.8856853347334,1119.254150390625,1843700
2021-10-26,1124.5050640352265,1167.4047329164591,1123.514310674843,1161.2125244140625,1572647
2021-10-27,1164.531607154135,1190.9352102824196,1164.4325559993367,1175.0335693359375,1916766
2021-10-28,1198.8115710651412,1210.4529230982118,1147.3914472584127,1156.3082275390625,3565017
2021-10-29,1156.308181114432,1169.0889231918773,1131.53934799596,1134.95751953125,1518940
2021-11-01,1137.3848556420285,1162.2032756509159,1128.0222847801406,1152.5928955078125,972538
2021-11-02,1152.593081411998,1161.4108119138443,1144.6175881540428,1155.2681884765625,1159884
2021-11-03,1159.181589420021,1187.3190128728932,1156.2093289343288,1167.9002685546875,1941052
2021-11-04,1178.946882878496,1178.946882878496,1161.7078715987757,1170.82275390625,119047
2021-11-08,1172.061153702447,1190.9845175409444,1166.4633733700775,1189.5479736328125,1361707
2021-11-09,1200.7932373097433,1200.7932373097433,1181.37449297391,1196.087158203125,1521269
2021-11-10,1186.0308548107444,1193.6597284518677,1170.1293355220978,1172.8043212890625,842679
2021-11-11,1167.107599925225,1181.0771998107155,1139.4655536334155,1142.536865234375,1271079
2021-11-12,1143.3294835487686,1166.116812943588,1136.9886372679803,1164.0362548828125,1281030
2021-11-15,1166.31501240962,1168.5937939155544,1144.8157090881077,1149.175048828125,662558
2021-11-16,1159.0823790040465,1163.2930807802384,1140.010376841295,1142.338623046875,694696
2021-11-17,1139.3665514991349,1185.882381029354,1139.3665514991349,1176.2225341796875,2862829
2021-11-18,1178.9965584238685,1193.8578595804718,1167.6028942038058,1171.1201171875,1527355
2021-11-22,1171.1200556171439,1178.649756952308,1126.6352056388043,1140.0103759765625,772737
2021-11-23,1133.0255020633115,1148.4812300694057,1121.086996811419,1142.833984375,820238
2021-11-24,1148.5308675567267,1170.4264932912097,1141.3479054779807,1152.9892578125,1136850
2021-11-25,1147.0447460074217,1163.1444887175237,1141.843290670312,1148.778564453125,768462
2021-11-26,1143.3294131737018,1143.3294131737018,1095.0301853641542,1119.8980712890625,2315515
2021-11-29,1101.717760760451,1137.236245316077,1093.5440453591257,1125.7435302734375,1120859
2021-11-30,1124.5051705933993,1157.1009834271106,1123.6630543455888,1149.8189697265625,2253521
2021-12-01,1150.066501115027,1168.5439537618174,1144.815460147503,1154.0789794921875,1239348
2021-12-02,1159.8254425800421,1178.9964958665323,1146.3512211013103,1177.0645751953125,1030248
2021-12-03,1166.1166961665135,1177.0645690908395,1152.9396281985387,1155.1688232421875,1327943
2021-12-06,1155.1689709326886,1168.0983522155257,1134.4127339158413,1137.88037109375,936271
2021-12-07,1146.301740661645,1151.7012985828562,1128.4681785770213,1148.431884765625,2090791
2021-12-08,1154.2276451107577,1162.1536718582995,1147.8867995244104,1158.68603515625,2315306
2021-12-09,1169.0889014764796,1173.9930819662163,1142.4376133477278,1150.611328125,1136171
2021-12-10,1150.2646395338152,1166.9093441931034,1146.1035238397787,1164.7296142578125,949040
2021-12-13,1171.0704629557524,1193.511050583955,1167.1074495447347,1175.677490234375,2187282
2021-12-14,1168.0983147919574,1181.8698119027574,1167.2561985497623,1177.56005859375,1171502
2021-12-15,1177.559947965446,1179.6405058217547,1151.55267240766,1163.7884521484375,857540
2021-12-16,1167.6028444961898,1175.9746620813703,1149.4225443769058,1153.038818359375,993629
2021-12-17,1145.3110599939955,1151.205995014387,1126.4867432639905,1131.9854736328125,982598
2021-12-20,1128.9634604511473,1131.985306593793,1090.4231303290462,1115.291015625,1341693
2021-12-21,1125.0996692299816,1130.895553113605,1107.365157095038,1124.7529296875,878721
2021-12-22,1128.8148182603184,1129.3597809857838,1108.6034254969811,1113.904052734375,846447
2021-12-23,1123.5143246743978,1123.5143246743978,1105.8294011595044,1115.0433349609375,1026376
2021-12-24,1120.3438751503186,1142.9825637686724,1115.5882109543493,1137.5828857421875,1930715
2021-12-27,1137.3849702490697,1154.2773650915108,1124.8519148119283,1151.2059326171875,798129
2021-12-28,1154.524987364797,1171.5658974972164,1150.8591272136014,1166.711181640625,776910
2021-12-29,1166.7112757449154,1181.176252387971,1156.209313028263,1174.6868896484375,1400668
2021-12-30,1172.953117351298,1191.579210975602,1169.980856789182,1184.1485595703125,1335116
2021-12-31,1187.9133001729397,1193.8082343951664,1176.1233107869118,1184.9410400390625,843128
2022-01-03,1184.9410435931509,1203.2203950946928,1184.9410435931509,1198.2171630859375,925281
2022-01-04,1195.1458973108668,1215.6544447005772,1194.3532461993038,1209.3135986328125,1409464
2022-01-05,1203.7654266566904,1213.6729610324655,1202.5269848597184,1208.570556640625,378090
2022-01-06,1197.6227539412287,1217.0909614271668,1191.034219666874,1194.4522705078125,1387627
2022-01-07,1196.8302036480513,1207.9761802962637,1194.848696688369,1206.143310546875,1050768
2022-01-10,1207.7285212210766,1229.2278238784827,1202.081274625637,1217.735107421875,1379165
2022-01-11,1219.4193046661853,1228.4846013115684,1212.781184476005,1221.9952392578125,985871
2022-01-12,1228.5341841323252,1243.7918102848641,1219.7660409580828,1237.8472900390625,1371034
2022-01-13,1243.3955400256225,1249.340060535705,1234.4787592604985,1247.061279296875,933511
2022-01-14,1247.3585740146923,1260.4860570215983,1242.9001835595168,1251.916015625,895522
2022-01-17,1244.6835236601275,1281.2918127918356,1244.6835236601275,1276.040771484375,1427239
2022-01-18,1276.0406169668347,1281.0439693226385,1251.4204225645299,1254.194580078125,869578
2022-01-19,1251.3215764000652,1260.3374083837527,1229.128675480663,1236.559326171875,625670
2022-01-20,1236.4602710242889,1244.0395588931624,1219.5678767975255,1227.2462158203125,716954
2022-01-21,1213.672787318817,1251.5195148406228,1189.8947082203258,1229.1781005859375,2421446
2022-01-24,1228.5342753507653,1228.5342753507653,1194.0065418810382,1213.6729736328125,1073781
2022-01-25,1200.8921387882763,1221.4998573158118,1199.0592692372077,1216.6451416015625,1083251
2022-01-27,1207.728424615476,1210.6016337351987,1190.7369791948747,1200.4464111328125,1793456
2022-01-28,1198.8115138459757,1226.3049183990547,1189.894733990923,1194.4027099609375,635096
2022-01-31,1198.8115424421624,1226.9489615109371,1194.8981151223884,1221.8465576171875,1771932
2022-02-01,1238.4419016826303,1238.4419016826303,1191.4801605825064,1203.7159423828125,1593083
2022-02-02,1205.449651450052,1216.1994229326006,1199.851991316639,1208.8182373046875,937000
2022-02-03,1206.7873151097538,1208.7192360037811,1164.7297576527035,1174.240966796875,1236574
2022-02-04,1182.959609524963,1182.959609524963,1154.3763969169686,1161.2620849609375,856452
2022-02-07,1151.0573336694624,1160.8656954498558,1121.4337832027381,1133.421875,1519928
2022-02-08,1134.4127070751786,1138.3757208990219,1107.0183498295441,1120.6907958984375,1511667
2022-02-09,1121.532810206844,1130.2514882034557,1107.6622630841443,1115.291015625,1741687
2022-02-10,1114.597732394186,1139.3665708918347,1097.7549222157852,1135.6512451171875,2030639
2022-02-11,1134.263929213638,1134.263929213638,1113.6067464067728,1122.82080078125,1942394
2022-02-14,1114.5976623697652,1116.5791693250892,1079.9212906515947,1086.1630859375,2448602
2022-02-15,1085.8657423787117,1113.2600984801402,1076.156310539205,1109.59423828125,1245681
2022-02-16,1117.5699315529478,1121.0375687519154,1091.8103409320465,1111.7740478515625,1294606
2022-02-17,1117.56982587843,1122.3749556400353,1101.6187204597925,1115.93505859375,1182862
2022-02-18,1114.3995017393006,1150.165676223097,1101.0737955970694,1139.86181640625,1734791
2022-02-21,1134.412792043608,1139.8619364595381,1112.616214379888,1124.257568359375,1020384
2022-02-22,1095.77337309244,1116.083819881224,1085.9648892353923,1090.77001953125,2115917
2022-02-23,1097.7548311812175,1104.64051933591,1088.5407756475572,1091.5626220703125,1743770
2022-02-24,1068.0322517145078,1081.4074236979457,1031.0770985243748,1044.4522705078125,2088599
2022-02-25,1050.1986949947818,1067.7349833175879,1039.3004066504961,1045.83935546875,1415912
2022-02-28,1039.3003649270693,1052.9728108594636,1007.4476174476132,1050.3472900390625,1566146
2022-03-02,1050.1987236921143,1114.5977020317252,1046.2852956927281,1110.7833251953125,3762611
2022-03-03,1109.7430456998381,1116.3315811056884,1065.208721260235,1071.3018798828125,1105747
2022-03-04,1061.5923054081877,1067.437774861934,1040.043418200882,1047.5731201171875,1586668
2022-03-07,1017.1074491983038,1039.102247955716,1013.5407610310855,1019.38623046875,852067
2022-03-08,999.6702160252499,1030.13588415486,994.221072132149,1022.407958984375,1580056
2022-03-09,1026.2224813695307,1032.3155183900674,1011.3611190114115,1015.7203979492188,1409037
2022-03-10,1029.392824351518,1047.3254374305377,1026.4701500796068,1040.3406982421875,1580932
2022-03-11,1040.2912411984826,1056.2423493752065,1032.0184731353663,1048.712646484375,698477
2022-03-14,1037.3187846329024,1062.6820468692315,1030.5321481958729,1059.808837890625,1278905
2022-03-15,1059.1651148149028,1069.3698036589678,1050.1987469478147,1060.6512451171875,1068905
2022-03-16,1065.9516738773818,1087.6491988819369,1065.0599715733292,1075.7105712890625,1616431
2022-03-17,1085.8656760426786,1129.4588236210343,1078.0387003573414,1118.11474609375,1867149
2022-03-21,1128.4682270752787,1128.4682270752787,1083.884319947634,1085.667724609375,849763
2022-03-22,1082.3980841083508,1091.6616041638918,1060.1061327193916,1087.50048828125,998586
2022-03-23,1100.1821780573398,1107.365140947741,1069.1220799540595,1082.1505126953125,1054362
2022-03-24,1077.939692027893,1087.3518492652688,1074.273952848914,1078.880859375,526345
2022-03-25,1083.8842713974148,1091.1168199396795,1075.561918251385,1082.4971923828125,598919
2022-03-28,1082.794384641886,1093.5936205869432,1046.2355610201948,1067.0413818359375,926829
2022-03-29,1102.7748631038949,1106.695571351268,1078.3570100803652,1093.0970458984375,2864668
2022-03-30,1101.7823059209431,1119.3016614150754,1095.3304275529376,1113.4949951171875,1287813
2022-03-31,1119.6490174397986,1119.6490174397986,1106.1992844108347,1113.1474609375,749342
2022-04-01,1110.715617007415,1112.502339388804,1080.9377184281277,1105.107421875,1519104
2022-04-04,1105.107470437013,1121.534993675097,1095.8267158719577,1117.961669921875,1802143
2022-04-05,1114.735588922074,1121.832557225679,1102.7747521891283,1110.0703125,773451
2022-04-06,1102.7749600495647,1114.1401440694872,1093.3452911742534,1098.90380859375,1354847
2022-04-07,1095.33037934216,1107.4896880389806,1091.8562911430686,1100.6407470703125,966698
2022-04-08,1100.7897141148821,1156.3751279926398,1100.7897141148821,1151.8587646484375,2390240
2022-04-11,1151.4121905771335,1151.4121905771335,1124.661757547172,1134.041748046875,1318874
2022-04-12,1132.552643686513,1144.4638020776067,1110.7651982627644,1140.5926513671875,1506254
2022-04-13,1141.4859604242713,1149.327496907455,1131.5599955510168,1138.408935546875,509293
2022-04-18,1136.5231225656028,1173.199518971285,1125.2074969373107,1164.712890625,2382085
2022-04-19,1176.1774903561068,1176.1774903561068,1103.7676046844958,1116.37353515625,971382
2022-04-20,1119.1526550225929,1127.2918985924903,1109.4251599757217,1119.996337890625,645638
2022-04-21,1116.869696078945,1140.0964817967679,1116.869696078945,1136.0765380859375,731288
2022-04-22,1125.1082072145834,1131.560084891597,1113.6933467090983,1128.8304443359375,824665
2022-04-25,1111.708172250859,1120.840012342004,1079.3991050281884,1083.1710205078125,1073577
2022-04-26,1097.8118613077852,1097.8118613077852,1075.577672794818,1086.744384765625,922785
2022-04-27,1084.908180665889,1090.7645253620874,1053.3435575010146,1066.247314453125,1202603
2022-04-28,1060.5894024473084,1116.671106928612,1058.504973947689,1108.5814208984375,1643102
2022-04-29,1106.2489212429507,1124.2148956408575,1058.3561348365151,1097.3155517578125,3259418
2022-05-02,1080.8879243080985,1085.305051490657,1056.3211606126354,1073.0465087890625,1925857
2022-05-04,1073.0467435644696,1088.8289346401268,1057.1155175793826,1069.870361328125,1169983
2022-05-05,1073.9896326130324,1106.745323811027,1072.0044392070934,1075.62744140625,814132
2022-05-06,1065.0561545322644,1072.9969273526353,1044.4100967326688,1051.3087158203125,1350057
2022-05-09,1026.3450569921424,1066.9422889923658,1025.5509311119697,1056.569580078125,1201027
2022-05-10,1062.0782688543604,1088.6799038679935,1054.1374967507766,1073.0465087890625,1410429
2022-05-11,1071.0117537376489,1096.2732892678873,1071.0117537376489,1079.1014404296875,1886732
2022-05-12,1067.5376383088553,1073.9398378822918,1040.2412319364764,1052.7479248046875,1457225
2022-05-13,1067.0414463162788,1071.0118330932696,1030.8613452775855,1037.2138671875,1108831
2022-05-16,1037.2635222972144,1046.1968923457073,1026.4938726387377,1036.9161376953125,590395
2022-05-17,1034.2856951592805,1067.3887687508798,1028.6279427982663,1062.4754638671875,545334
2022-05-18,1055.6265553904686,1076.967383731696,1053.1450637228843,1065.9495849609375,775879
2022-05-19,1065.9496867189928,1065.9496867189928,1039.2488095935375,1048.827392578125,1069562
2022-05-20,1072.9970394800935,1075.4785312457734,1053.4924899685295,1063.41845703125,941175
2022-05-23,1054.137742711841,1083.8164096071976,1054.137742711841,1068.5303955078125,620152
2022-05-24,1064.8080350273783,1075.577684231533,1049.4227872595625,1065.4532470703125,847697
2022-05-25,1070.0192456767506,1107.7379203852074,1070.0192456767506,1087.885986328125,3185769
2022-05-26,1088.878589760141,1101.5838761018272,1065.4533316613356,1097.166748046875,1177148
2022-05-27,1106.7452336664942,1121.038649258373,1094.6851604743908,1112.800048828125,687512
2022-05-30,1117.0683472536375,1141.4862017712526,1110.5667904203917,1139.8980712890625,580398
2022-05-31,1145.4564304693067,1172.1573021719662,1131.1630157691309,1165.457275390625,2649820
2022-06-01,1153.397339581978,1167.2936930709175,1135.5802776824366,1144.2158203125,683413
2022-06-02,1131.7585822753438,1139.500884135929,1112.9986036770983,1135.2823486328125,950691
2022-06-03,1145.4565025238276,1153.248361778217,1130.5178748864994,1132.70166015625,917466
2022-06-06,1127.1926457757838,1141.0889978188688,1125.7037509140248,1133.5452880859375,1199089
2022-06-07,1126.6470354834735,1129.5751475487039,1105.2565261823213,1125.902587890625,848821
2022-06-08,1135.7787708179274,1150.6180429750436,1120.840142057816,1127.6395263671875,1387431
2022-06-09,1128.5326361415166,1158.6083610614883,1122.180114946018,1155.0845947265625,1142045
2022-06-10,1146.2009397902386,1155.0846310171535,1143.7194482557284,1146.349853515625,611509
2022-06-13,1128.6319359427105,1153.1987001263726,1121.9814664738585,1125.306640625,1014220
2022-06-14,1116.6713373487182,1136.5232722349176,1115.8276543493737,1123.71875,768306
2022-06-15,1131.5601513053798,1136.2253069713224,1114.4875378400359,1117.4156494140625,947417
2022-06-16,1122.97412169701,1129.2275286463034,1091.7570075795516,1096.9681396484375,1385141
2022-06-17,1096.968144968652,1106.0999851241681,1067.9346947297627,1074.0887451171875,1535565
2022-06-20,1070.168038128422,1084.7096024104903,1061.2346688151947,1067.9842529296875,532685
2022-06-21,1072.1035813475694,1090.3673833261757,1069.373940651942,1088.2332763671875,659138
2022-06-22,1087.389743630095,1087.886042006923,1054.733286201495,1062.525146484375,560136
2022-06-23,1069.0264836371668,1074.9820629331955,1053.5915588283303,1065.8997802734375,895014
2022-06-24,1064.1628643334866,1084.8089235101195,1064.1628643334866,1070.565185546875,492066
2022-06-27,1075.8754178961256,1088.4813455338592,1069.0761558054335,1076.5206298828125,793805
2022-06-28,1076.9673457824174,1081.930328942705,1060.0932030374395,1070.06884765625,572706
2022-06-29,1062.128105829675,1079.9451674323525,1043.7650675966802,1059.745849609375,1224658
2022-06-30,1065.552520538703,1084.5607709185651,1049.7206521887629,1073.592529296875,1569542
2022-07-01,1077.413981517481,1097.1666790168936,1067.0413950277975,1091.7073974609375,696341
2022-07-04,1096.8193598607395,1113.693503858597,1086.9926282404338,1109.375732421875,1436248
2022-07-05,1109.7230790461858,1122.9742203810856,1098.7548373564207,1102.77490234375,1020111
2022-07-06,1105.9512002303309,1116.671293110831,1102.7749392410074,1107.837158203125,602752
2022-07-07,1113.395615399522,1121.6342160727072,1102.923793427289,1116.274169921875,792663
2022-07-08,1127.3911387708752,1140.8904267651887,1119.2022177504402,1138.408935546875,1135110
2022-07-11,1137.4661796129171,1146.5484639683423,1132.6025525463754,1138.905517578125,543156
2022-07-12,1134.5379507738814,1138.5083373032737,1125.7038165126671,1131.31201171875,331672
2022-07-13,1136.969771828643,1142.2802607812716,1129.1779124447626,1131.4112548828125,368619
2022-07-14,1134.6373673213582,1138.4092835930091,1121.6840519014788,1130.51806640625,728701
2022-07-15,1136.1757808220711,1149.5261573116416,1128.4334784774906,1146.895751953125,591171
2022-07-18,1156.8216062038634,1178.063196707673,1148.732041216348,1168.43505859375,1044459
2022-07-19,1167.6906507729536,1177.1698754917888,1146.94535784304,1161.288330078125,1099874
2022-07-20,1166.3010458287781,1190.1233650627275,1154.8861845291774,1177.269287109375,1608377
2022-07-21,1178.2121624876916,1178.2121624876916,1154.389844122313,1159.8988037109375,1048591
2022-07-22,1160.89148105735,1167.4921519636166,1149.824003980301,1156.325439453125,753148
2022-07-25,1163.323424131317,1163.323424131317,1130.766201337453,1136.4736328125,934158
2022-07-26,1133.5453531663102,1141.5853616480965,1126.5971767458511,1129.7734375,687125
2022-07-27,1131.5601878821833,1168.782562483571,1123.817885498461,1140.8409423828125,1554002
2022-07-28,1146.4491717414464,1186.1530391610636,1139.0046966002683,1182.6292724609375,1043318
2022-07-29,1253.3517519054053,1295.0408115518976,1231.812452888018,1284.817138671875,7628351
2022-08-01,1290.3756861749266,1307.497978933786,1277.8689922191638,1303.5772705078125,2973441
2022-08-02,1300.3016263314755,1303.08094544981,1270.9703465227842,1275.6851806640625,1673860
2022-08-03,1273.501508724525,1278.0178719726835,1249.2821261023707,1274.0474853515625,1409000
2022-08-04,1274.5932085584284,1277.422084499132,1260.8457705425676,1269.33251953125,1015838
2022-08-05,1275.6851783418624,1278.3155837228937,1251.614709348627,1257.2725830078125,922856
2022-08-08,1251.8628714294227,1262.9303485305174,1241.9865830319866,1260.49853515625,1002771
2022-08-10,1260.5977869337974,1284.7179347882206,1259.6548685519383,1263.7740478515625,1187710
2022-08-11,1270.1267430622497,1274.4445145758334,1249.7289530958062,1252.1607666015625,943196
2022-08-12,1246.205094104817,1280.3007647998159,1243.2273041547455,1277.0252685546875,1572048
2022-08-16,1279.4570743783488,1311.2201669928618,1277.521559388785,1299.904541015625,1710276
2022-08-17,1295.3385285185002,1311.2200736957386,1282.8813930534743,1295.6859130859375,1209377
2022-08-18,1296.3312731393862,1323.1313836866784,1293.7008676856865,1314.396484375,1498235
2022-08-19,1310.2275452077602,1324.8186671309418,1283.7748209139995,1287.34814453125,961803
2022-08-22,1282.484569668793,1301.6912909060552,1261.7392751339203,1266.5533447265625,966451
2022-08-23,1266.5533576802814,1283.080116557311,1260.5977776284933,1269.779296875,803737
2022-08-24,1274.4940515018204,1280.3999528844379,1262.8310412953201,1277.9681396484375,684029
2022-08-25,1278.4643362687932,1306.2570392311584,1278.4643362687932,1287.397705078125,1286241
2022-08-26,1296.3311756457779,1317.672002809931,1296.3311756457779,1303.97412109375,869870
2022-08-29,1246.701456926442,1301.195040065223,1246.701456926442,1288.5889892578125,737193
2022-08-30,1290.4748301084464,1323.776494883951,1290.4748301084464,1319.2601318359375,1086386
2022-09-01,1281.5415692551862,1303.2794611187403,1281.4423338189595,1286.9512939453125,2045072
2022-09-02,1293.4031211429149,1301.294216091942,1273.2036822588689,1278.6629638671875,1141002
2022-09-05,1285.0652086369691,1286.4051898097057,1272.5088374506502,1283.824462890625,440939
2022-09-06,1283.4274771449202,1307.2497969063108,1275.5363821905933,1301.6416015625,1792194
2022-09-07,1294.346052065363,1327.4988049328697,1291.566732934785,1321.692138671875,839563
2022-09-08,1328.09434089162,1330.4269188265357,1295.0905017027962,1307.944580078125,1205449
2022-09-09,1312.2624570844243,1317.1260837639004,1281.7401099228216,1287.844482421875,548609
2022-09-12,1288.1920543005874,1301.2942823611577,1285.4624133574196,1296.331298828125,1002755
2022-09-13,1302.832846120165,1325.1165935525971,1301.2942727696293,1314.5950927734375,1160040
2022-09-14,1295.2890548593737,1310.2276841184216,1290.3757495105667,1293.6513671875,800852
2022-09-15,1300.1526329404599,1307.2497228673988,1267.1487959736103,1285.41259765625,1441219
2022-09-16,1279.4571718143607,1293.303847588849,1256.6274472591006,1262.8311767578125,1717631
2022-09-19,1269.0349198071228,1298.3165233537086,1263.0296611216095,1293.6513671875,859607
2022-09-20,1300.15278908964,1312.7091618273944,1296.9765280531783,1299.60693359375,671787
2022-09-21,1299.6068182151002,1308.9868079170487,1288.3904278114344,1296.6290283203125,453755
2022-09-22,1287.3978940473369,1290.3260057869006,1259.6051870054514,1275.9830322265625,932867
2022-09-23,1264.5680360277152,1280.3999029257966,1256.180643439059,1263.575439453125,415333
2022-09-26,1262.3843027728562,1262.3843027728562,1242.5819294962455,1250.47314453125,1271968
2022-09-27,1256.6272737474062,1261.2428720904568,1228.1398002894307,1233.102783203125,821405
2022-09-28,1218.4123935161235,1241.5895011676146,1206.0049353336783,1229.6287841796875,1102669
2022-09-29,1235.782914430073,1241.7384947405794,1226.8495439643134,1230.6214599609375,1382993
2022-09-30,1233.7977078758565,1248.6866584938273,1225.4103141610356,1241.1925048828125,1344894
2022-10-03,1246.304458206315,1247.346733263079,1218.759898324426,1228.09033203125,981699
2022-10-04,1242.9791803380283,1255.6347878838935,1240.7955161300818,1251.3170166015625,420656
2022-10-06,1257.6198513980366,1270.4739284843706,1233.2515571920057,1235.931640625,900769
2022-10-07,1229.9264717613987,1247.5947404109916,1229.1820242817796,1233.99609375,570691
2022-10-10,1220.8939244190456,1234.740599729358,1209.032442481772,1230.1251220703125,539842
2022-10-11,1230.86952514031,1233.7976367931778,1191.2648945449275,1197.4189453125,712461
2022-10-12,1197.0716567465652,1211.4146310328201,1191.41390385047,1203.2257080078125,721135
2022-10-13,1198.0641626993045,1207.5435092220923,1176.2767145866094,1179.1055908203125,689562
2022-10-14,1192.1085518331136,1208.0397762005964,1168.8817664733238,1171.0655517578125,717290
2022-10-17,1169.2788878695274,1189.7760335243267,1158.9558581745434,1180.9915771484375,1615547
2022-10-18,1186.8974734335236,1216.9235228346226,1184.316746313358,1210.0250244140625,1367703
2022-10-19,1210.9678471903683,1224.6657286825948,1204.3670555932695,1218.0152587890625,947326
2022-10-20,1210.9680062876268,1220.8939735522797,1205.0124259288352,1213.8961181640625,878595
2022-10-21,1219.3552985775043,1240.99395387841,1217.916081910665,1237.122802734375,1020728
2022-10-24,1259.555498777907,1259.555498777907,1229.6288060430068,1248.28955078125,157253
2022-10-25,1252.259964204123,1269.134107992516,1233.9961608116034,1245.5599365234375,1260061
2022-10-27,1246.2051167520822,1254.6421884306108,1234.3436350353732,1243.6243896484375,1512949
2022-10-28,1249.8777908811194,1255.9822851843153,1235.2369886810086,1243.5252685546875,528795
2022-10-31,1249.7786169566054,1264.320184429885,1246.0068217854514,1256.577880859375,539055
2022-11-01,1256.5777364538926,1276.8764115485887,1250.7215128918588,1259.3570556640625,1038607
2022-11-02,1265.6599627371536,1269.9281767939156,1253.1532691947446,1263.2281494140625,369486
2022-11-03,1253.6495923528053,1271.5163323863371,1253.6495923528053,1266.60302734375,431610
2022-11-04,1270.5237632495628,1272.3600428928166,1250.175531103769,1256.2303466796875,336277
2022-11-07,1262.533245643624,1272.5088903253659,1256.0318103625814,1269.1837158203125,474230
2022-11-09,1280.4497099888438,1280.4497099888438,1246.7511013592602,1254.4437255859375,992095
2022-11-10,1258.7118814446294,1258.7118814446294,1216.8739052955902,1229.18212890625,497796
2022-11-11,1241.738343932776,1263.773939938813,1229.1819727364314,1240.993896484375,1136441
2022-11-14,1241.7384574578696,1250.5725922198642,1230.770215582034,1239.356201171875,772676
2022-11-15,1239.3561935781877,1252.657013357456,1229.3309913179153,1249.97705078125,775345
2022-11-16,1250.6717154949529,1256.180675089359,1237.073190547075,1245.6094970703125,1280120
2022-11-17,1246.2051090273253,1251.8133044004308,1234.7902474153666,1245.0635986328125,796479
2022-11-18,1245.0634117225745,1251.6642027666717,1228.4870984237743,1233.54931640625,1253218
2022-11-21,1220.993131290295,1239.6539970269428,1196.5752776064664,1217.51904296875,1040107
2022-11-22,1223.5739309072007,1226.7998702541342,1210.620616383315,1219.9510498046875,750489
2022-11-23,1225.8070545858761,1225.8567328797462,1208.1389087876325,1217.22119140625,880563
2022-11-24,1220.8937880562667,1236.1301212592637,1211.2159714436254,1231.4649658203125,1717980
2022-11-25,1238.959181640028,1245.6592095227552,1220.000608457037,1226.1051025390625,1429364
2022-11-28,1220.8938283353484,1260.101394367256,1217.9160385101404,1244.2198486328125,1073327
2022-11-29,1244.2198704642328,1263.873332122083,1238.7109107243048,1249.0836181640625,1070183
2022-11-30,1249.0340460479326,1280.1519286794116,1243.475528704126,1273.40234375,1401332
2022-12-01,1280.4496443292417,1288.5393310441727,1266.7517624581574,1281.194091796875,949604
2022-12-02,1282.4348198832615,1290.3259144646736,1255.6347114182088,1285.5615234375,1614314
2022-12-05,1288.4896505886034,1288.4896505886034,1264.2207116510322,1275.0400390625,684421
2022-12-06,1276.479298723092,1303.7757067439977,1272.0622920736153,1275.5859375,1991151
2022-12-07,1276.3800711811289,1287.0008069919206,1249.6791967550316,1252.7066650390625,636553
2022-12-08,1232.804946601163,1259.35690499213,1232.804946601163,1257.470947265625,608199
2022-12-09,1267.545927385832,1267.545927385832,1247.7436726016062,1260.2503662109375,679420
2022-12-12,1259.5554531194505,1263.5755179629487,1243.7732635361322,1253.8480224609375,498780
2022-12-13,1256.1311002434336,1270.871136728105,1249.9273709850208,1268.340087890625,598044
2022-12-14,1275.4867084440834,1276.4793051043512,1257.2229056618396,1260.349609375,609946
2022-12-15,1265.5111161646628,1285.412728497221,1259.2578296449003,1264.0718994140625,1303760
2022-12-16,1253.6496913518663,1269.2830901157554,1241.3414674568187,1244.865234375,722024
2022-12-19,1244.914748265828,1261.4911860634002,1242.0858718687143,1258.1163330078125,378502
2022-12-20,1250.6717976681473,1259.6051676514912,1219.9509793587263,1222.1346435546875,1478618
2022-12-21,1221.9361736254214,1235.5843777771076,1212.556062435766,1225.211669921875,1281437
2022-12-22,1225.2613169753329,1239.7532036898724,1220.0501846139462,1235.53466796875,1176517
2022-12-23,1230.125180228514,1238.7607233428726,1207.7420754226282,1215.533935546875,877135
2022-12-26,1213.896020296073,1240.100595995382,1196.078958959124,1234.095458984375,567165
2022-12-27,1234.293996064793,1245.4607089363078,1225.9561595540772,1231.8621826171875,471890
2022-12-28,1231.812461363158,1240.646595915679,1222.9783268106369,1232.854736328125,376439
2022-12-29,1228.8346379804336,1253.4510830721995,1219.9509465359802,1249.2821044921875,678487
2022-12-30,1252.6571205366215,1254.4438431846916,1219.7029563235333,1222.1844482421875,1052741
2023-01-02,1220.8938621783357,1238.413217035593,1212.9530890909969,1230.8695068359375,703923
2023-01-03,1235.4851495073633,1265.560880064958,1217.3207013405072,1259.009765625,1871263
2023-01-04,1258.9599581374832,1272.8067543396794,1243.7733018349718,1249.7288818359375,1073081
2023-01-05,1251.3169603393092,1265.1140776689433,1245.7584434690727,1258.26513671875,878852
2023-01-06,1261.5406217951156,1277.8192305457553,1257.1236153164978,1259.65478515625,1675874
2023-01-09,1265.9577715050143,1304.1727419221072,1261.7392358096208,1296.6785888671875,1432882
2023-01-10,1296.6785360548104,1303.9245396560552,1288.2911433039765,1292.956298828125,1000059
2023-01-11,1299.4579384078604,1299.4579384078604,1277.8192828075864,1281.7401123046875,652049
2023-01-12,1281.7400895068274,1310.2275646039316,1281.7400895068274,1305.9593505859375,1377949
2023-01-13,1309.234994587979,1316.1831712082335,1296.331238007506,1303.229736328125,1214977
2023-01-16,1309.7809952514299,1312.9572561551952,1285.4126983337576,1291.26904296875,600742
2023-01-17,1295.0408876818774,1300.6987616664542,1284.91644963919,1288.837158203125,895667
2023-01-18,1299.3090906127452,1312.2128478151635,1292.5098273970966,1300.9468994140625,1078873
2023-01-19,1303.2794849261936,1320.1536290569975,1293.9490515852547,1313.3046875,1189082
2023-01-20,1314.2476661600392,1316.1335028951503,1282.7822790981827,1286.5045166015625,966855
2023-01-23,1275.486663248497,1308.391265603749,1270.5236801230164,1285.8096923828125,1367408
2023-01-24,1286.4054293270174,1291.368413236458,1260.796383887664,1263.8238525390625,657428
2023-01-25,1263.7738988376695,1269.3325365382104,1240.7953852776084,1248.1405029296875,599832
2023-01-27,1254.3442722590678,1281.938506146427,1220.8938153775496,1240.993896484375,1164597
2023-01-30,1212.9530546131189,1235.236799989421,1206.6004120905038,1224.3182373046875,1694822
2023-01-31,1234.4923513542396,1234.4923513542396,1203.5730639870917,1210.521240234375,1760628
2023-02-01,1210.5213147782986,1219.65315565615,1060.9369242290031,1101.186767578125,8470232
2023-02-02,1082.1286907096212,1146.4489944492452,1080.689474204862,1099.3006591796875,8566734
2023-02-03,1106.7453527902137,1137.1684667661511,1106.7453527902137,1129.624755859375,4061171
2023-02-06,1118.8548907646777,1138.3594390894557,1106.745260151625,1129.9720458984375,2909587
2023-02-07,1134.5380509909294,1139.3521208497423,1116.1253333677907,1123.371337890625,1741642
2023-02-08,1131.560166564915,1163.3232589597199,1126.746097107144,1155.8787841796875,3265863
2023-02-09,1161.9335193187314,1176.226934144178,1154.1416604861965,1171.7105712890625,2186484
2023-02-10,1171.1152359006298,1178.7086251718981,1158.4100703671543,1175.7308349609375,1655228
2023-02-13,1171.46243747551,1179.155060985128,1164.3654688482832,1170.37060546875,812659
2023-02-14,1169.2788612710822,1172.703271269122,1146.5483736055858,1153.0994873046875,990530
2023-02-15,1152.3054935129342,1175.085538525469,1141.486165622844,1171.6114501953125,1243115
2023-02-16,1177.5174668016346,1177.5174668016346,1160.8914727384877,1165.40771484375,356750
2023-02-17,1166.8967575569357,1166.8967575569357,1128.8306950416538,1141.1884765625,909951
2023-02-20,1135.5305587277373,1161.9832834768704,1132.701682530657,1149.823974609375,488052
2023-02-21,1155.5809350294955,1159.3528506472055,1135.7290026553997,1141.83349609375,610755
2023-02-22,1140.3943478748772,1140.4439050088376,1116.8201767664368,1122.7757568359375,944068
2023-02-23,1128.4334793737996,1133.4461409320597,1115.529722900305,1126.9942626953125,768179
2023-02-24,1127.6890748518051,1133.8928041619731,1110.9141665637928,1113.7431640625,973799
2023-02-27,1113.743115388709,1126.5971934909817,1102.228897358971,1120.79052734375,987563
2023-02-28,1123.0239578985029,1126.49804643291,1100.839445347822,1112.700927734375,1219508
2023-03-01,1118.308896615445,1118.308896615445,1100.5910729172615,1109.871826171875,675500
2023-03-02,1113.3955100670362,1114.6859340583987,1089.970255543647,1092.005126953125,491880
2023-03-03,1092.0052321360574,1124.3141804943577,1092.0052321360574,1120.8897705078125,922485
2023-03-06,1123.6193672935474,1137.4660415952417,1116.6711909940288,1120.34375,920574
2023-03-08,1121.6342136766755,1132.8506042800755,1102.4770498791042,1120.840087890625,959097
2023-03-09,1120.84007933154,1126.299360860844,1083.9155327272447,1088.5806884765625,1239659
2023-03-10,1084.9080667656315,1092.402219444595,1075.9250192100453,1087.78662109375,893708
2023-03-13,1083.9154474431818,1093.2458793742674,1058.2568505076263,1064.559814453125,875379
2023-03-14,1066.842954839462,1084.4615458220799,1063.0710390075346,1069.1258544921875,1089923
2023-03-15,1072.0043462772132,1073.3940057742218,1054.1376071725929,1059.1502685546875,1566147
2023-03-16,1066.512641935789,1083.0285380262776,1049.2506715616582,1057.2598876953125,1023855
2023-03-17,1062.582835177621,1085.5656418729764,1060.742243133506,1066.16455078125,1569036
2023-03-20,1066.1644143460012,1084.4213119006574,1048.653712507076,1068.6517333984375,842875
2023-03-21,1069.5969454399817,1094.121813171497,1069.5969454399817,1092.1319580078125,842669
2023-03-22,1113.821540952666,1121.9302258581354,1097.455029150206,1107.4539794921875,1399723
2023-03-23,1108.1505768497752,1119.840977915644,1099.3951640667958,1112.9759521484375,463672
2023-03-24,1104.3696794540135,1116.159547687689,1082.9787352123367,1106.5584716796875,1019781
2023-03-27,1104.071149278716,1110.9361742585227,1089.545230080842,1093.7239990234375,1078978
2023-03-28,1099.1961723979784,1100.8875009088438,1082.5311334099774,1085.7646484375,609715
2023-03-29,1088.4509633300188,1100.3900963829988,1077.7554899700574,1093.1270751953125,890212
2023-03-31,1094.6193113657864,1107.3046384329693,1091.6843234875548,1095.5147705078125,959958
2023-04-03,1094.420398282301,1121.0845074754482,1086.2620402573748,1098.201171875,1689388
2023-04-05,1103.92209366857,1113.2246435044062,1094.868154310101,1099.9423828125,713828
2023-04-06,1103.2753186040736,1114.318991461366,1099.3950763971513,1110.5880126953125,959185
2023-04-10,1113.7219942761005,1113.7716677860756,1098.4498797068622,1100.638671875,985731
2023-04-11,1105.2652241530004,1126.1089112257323,1102.7779048626442,1107.00634765625,913188
2023-04-12,1112.8265340035998,1124.2682015414105,1106.4589729966801,1121.1341552734375,784276
2023-04-13,1121.1341894991997,1133.222584644057,1117.801206187531,1124.5169677734375,1508398
2023-04-17,1114.3190126261004,1144.9130390888258,1113.3240849362555,1139.5404052734375,1053536
2023-04-18,1139.5404435377916,1147.4501918083372,1134.3170729907124,1139.739501953125,521013
2023-04-19,1134.217557457204,1139.440927787599,1114.8164676585939,1117.7017822265625,1033060
2023-04-20,1117.7017164701663,1126.059132797343,1106.8569810843728,1123.1240234375,663526
2023-04-21,1130.8347593103554,1130.8347593103554,1097.7534144619308,1100.937255859375,835506
2023-04-24,1100.389957533175,1108.0011781842761,1085.0680477583105,1100.0914306640625,1337055
2023-04-25,1100.3899860946804,1116.45809200826,1095.465142784383,1100.24072265625,1099269
2023-04-26,1100.3900263657893,1116.308869423522,1098.4001709835725,1112.627685546875,993607
2023-04-27,1132.9737990345168,1139.1920965045197,1119.2935446005106,1131.282470703125,1895316
2023-04-28,1142.1769695147564,1142.1769695147564,1124.4175348277715,1134.3170166015625,1380448
2023-05-02,1141.1821353935698,1152.3750726413273,1138.5455525516475,1145.0623779296875,916515
2023-05-03,1142.6744375494243,1144.2662975431151,1128.546513110111,1131.13330078125,623440
2023-05-04,1131.1829059143872,1163.9658437752598,1131.1829059143872,1161.5281982421875,2409910
2023-05-05,1166.0552535374597,1177.2481900581906,1161.5780789291675,1167.74658203125,1360996
2023-05-08,1172.0247502248392,1179.685644409016,1162.075473907141,1176.3526611328125,1221625
2023-05-09,1177.9444287426832,1183.9139940654914,1170.930262359054,1177.1485595703125,1412254
2023-05-10,1178.392435271216,1188.9386449867281,1175.357857094769,1182.7701416015625,1420187
2023-05-11,1183.068390588595,1189.734478411492,1173.0694410309352,1179.38720703125,621616
2023-05-12,1174.0146420611263,1187.8938343762272,1168.0450760845445,1181.0289306640625,1158276
2023-05-15,1175.1088833074368,1188.4409365213824,1175.1088833074368,1183.41650390625,680497
2023-05-16,1189.9335114565688,1195.7041406109756,1168.2440393395325,1174.7608642578125,926172
2023-05-17,1176.8004925946864,1178.9394899168983,1153.3201025028245,1156.702880859375,688730
2023-05-18,1156.7028351436913,1166.9008433229426,1144.6642351442638,1146.85302734375,1133501
2023-05-19,1146.8530583979423,1151.8276966688643,1136.754639868874,1148.2957763671875,333053
2023-05-22,1151.578940152761,1154.0165857241125,1143.3707871811,1144.9627685546875,392404
2023-05-23,1141.1819924292527,1161.9262092394197,1139.0428737329917,1159.6876220703125,1139676
2023-05-24,1163.5680026218088,1171.179224192975,1152.9223242864437,1169.3883056640625,995336
2023-05-25,1169.388196445377,1176.0044896494512,1165.5577492591642,1171.3780517578125,1136179
2023-05-26,1169.0400643800308,1197.5944412018798,1167.199472398681,1189.684814453125,703725
2023-05-29,1192.8684972936232,1225.6514373285308,1191.0279053697734,1211.92138671875,1370649
2023-05-30,1208.4888843930723,1211.6229307549434,1194.7588343558893,1209.7325439453125,745769
2023-05-31,1209.3843023107602,1233.3620333698839,1205.8024657615765,1228.735595703125,2382996
2023-06-01,1235.2025849696297,1236.6949763328632,1198.2907962092108,1201.623779296875,1041761
2023-06-02,1205.6533885257159,1210.030973074466,1193.166997796136,1196.4005126953125,737046
2023-06-05,1201.8724970891042,1212.8167002910745,1198.8877143976579,1209.2349853515625,1599077
2023-06-06,1213.6624624197807,1218.7863640773521,1203.9619178893693,1216.7965087890625,793761
2023-06-07,1219.0849395137984,1241.6697493551087,1214.806701893099,1239.48095703125,1067618
2023-06-08,1241.3711348551933,1248.3854231112232,1227.7904700910337,1232.6158447265625,760962
2023-06-09,1221.37310263031,1247.2412203396077,1221.2736341601144,1226.1488037109375,1904738
2023-06-12,1235.8990329806272,1249.9276094926872,1228.586339311205,1232.6158447265625,1402903
2023-06-13,1231.720486977367,1242.4657546687706,1231.720486977367,1236.99365234375,1253147
2023-06-14,1233.8096216911451,1248.5842714133591,1221.4228223621747,1235.99853515625,713768
2023-06-15,1238.684929642117,1244.2565002161446,1230.1782496171347,1234.8046875,738348
2023-06-16,1234.705159248721,1285.3966722022944,1229.780316178662,1274.8504638671875,2049003
2023-06-19,1274.850547042688,1281.6161037864558,1268.5327806215832,1274.0048828125,741782
2023-06-20,1275.3480173875485,1300.1715357782657,1274.0048893149674,1288.779541015625,1474323
2023-06-21,1288.7795871718167,1299.674118486556,1279.725769284791,1288.381591796875,855234
2023-06-22,1289.3268911292564,1299.3756370798446,1266.493226473746,1270.0252685546875,556505
2023-06-23,1264.7519286261306,1268.4332336519847,1254.1062517848445,1256.2950439453125,1076729
2023-06-26,1260.5234459282433,1269.7265260215424,1256.792467512041,1259.926513671875,1009927
2023-06-27,1262.0657701242594,1283.4567153806029,1251.768292860851,1279.875,1650539
2023-06-28,1283.4565890687395,1305.9419282769288,1278.4819511266126,1293.306396484375,2245575
2023-06-30,1294.4506935150112,1308.7775548007894,1294.4008985510632,1300.27099609375,972782
2023-07-03,1301.315609802668,1305.3451154850377,1284.451634215841,1291.3663330078125,599025
2023-07-04,1313.304598876527,1313.3543938433036,1276.3430095497365,1282.7105712890625,866223
2023-07-05,1283.0089241140074,1310.0211110605396,1278.5814234614534,1284.998779296875,960704
2023-07-06,1291.4160345609255,1305.096289164325,1282.8098864656529,1286.3916015625,726222
2023-07-07,1286.0436002811102,1311.314789714548,1281.9146257804755,1287.4365234375,939840
2023-07-10,1294.102480520376,1295.395935180506,1276.691244832466,1286.7401123046875,675354
2023-07-11,1292.1622530079255,1302.1115292582272,1282.9591724763966,1288.4312744140625,821816
2023-07-12,1284.4515269817537,1299.972373195724,1284.4515269817537,1294.0028076171875,905809
2023-07-13,1305.3450958845872,1329.2233598336957,1298.4303971964437,1307.28515625,1579954
2023-07-14,1313.8019642936722,1319.3238613419996,1304.6983519888404,1313.60302734375,1321159
2023-07-17,1314.299304519601,1321.8110561652436,1290.1723112307288,1307.832275390625,1055414
2023-07-18,1308.3298710143401,1315.5928915023244,1299.0273216969738,1307.8822021484375,1427102
2023-07-19,1307.9318303756284,1314.8466502339259,1300.6191366285846,1303.8028564453125,659900
2023-07-20,1308.3298983399254,1314.8963967333823,1296.5400296299026,1307.384765625,898725
2023-07-21,1308.130929826566,1316.0405561060977,1281.4668200828985,1284.153076171875,524241
2023-07-24,1284.153084613117,1317.6822196892833,1281.3673600305203,1310.468994140625,1183272
2023-07-25,1311.3146681120081,1313.3045234505696,1283.5561618488493,1294.5003662109375,1362929
2023-07-26,1283.4566791341786,1293.3561607532497,1268.7814961750862,1286.09326171875,2302730
2023-07-27,1288.4313145706287,1305.3450847232934,1286.1927273445408,1289.9237060546875,1946045
2023-07-28,1295.346077235777,1295.346077235777,1274.8009172838126,1283.2080078125,1051700
2023-07-31,1290.3713404200162,1290.3713404200162,1263.558089387095,1275.646484375,1061701
2023-08-01,1278.4819524384022,1278.4819524384022,1254.703158760413,1273.45751953125,1219778
2023-08-02,1273.5073776985541,1278.3825474190319,1246.0970726684193,1255.847412109375,888107
2023-08-03,1253.5590055900461,1268.333777900303,1245.3011792189934,1247.3905029296875,871719
2023-08-04,1252.5640749563597,1280.6211066290032,1247.6392318322091,1261.46875,1609140
2023-08-07,1266.5428340216804,1299.0769179412382,1260.1255995860731,1295.9429931640625,1719680
2023-08-08,1300.2709846005246,1351.8579595390756,1287.1876615666451,1342.505615234375,3458915
2023-08-09,1359.0711850821544,1367.0306063710689,1336.187848876525,1342.505615234375,1746764
2023-08-10,1338.1279967164273,1352.0073113670217,1323.3533442732012,1327.581787109375,841571
2023-08-11,1333.2030952154023,1333.2030952154023,1298.2811578324493,1304.84765625,891342
2023-08-14,1307.3349314496743,1309.2749917857575,1285.3967281976356,1290.5206298828125,888959
2023-08-16,1288.431305792124,1293.3561490755112,1274.5023187024794,1284.7501220703125,395774
2023-08-17,1279.9743425195495,1283.406794119196,1269.7763347381074,1277.9346923828125,843146
2023-08-18,1272.0648255233502,1279.327724669161,1259.5784346405758,1275.9449462890625,886254
2023-08-21,1276.4424039171026,1283.2577556082765,1267.836376744165,1272.0648193359375,703317
2023-08-22,1277.835293898009,1306.5389321061136,1272.2637233878656,1280.22314453125,1405263
2023-08-23,1283.4068598200142,1297.883105553244,1279.7256761348103,1293.6546630859375,583458
2023-08-24,1293.3064512886403,1304.996850948023,1283.6059068904292,1287.1876220703125,618797
2023-08-25,1286.4911136862756,1291.9632151967214,1275.944784523432,1289.8240966796875,487521
2023-08-28,1293.4058688640425,1300.3703620040797,1283.0089241140074,1284.998779296875,764751
2023-08-29,1285.4465419150436,1295.0476181630715,1283.4566865870015,1290.6201171875,1011094
2023-08-30,1295.3459355821337,1301.2160326912524,1286.739909033975,1294.0028076171875,812860
2023-08-31,1298.2313115606023,1301.9622902243877,1279.9744135893704,1285.9937744140625,1390078
2023-09-01,1291.3663437365353,1320.3685101247167,1286.640437219716,1313.851806640625,761000
2023-09-04,1321.7614460620318,1325.6913618865046,1294.8983982308878,1321.6121826171875,542261
2023-09-05,1321.6121405722415,1332.1583495394718,1299.0273311390847,1302.8079833984375,1922115
2023-09-06,1303.3552510488075,1322.2588768273781,1298.8282815582234,1313.1055908203125,1461738
2023-09-07,1313.304408482143,1344.445690384933,1304.7977290740262,1340.6649169921875,1468196
2023-09-08,1341.1624544846838,1342.605050977677,1327.5816679513457,1334.6456298828125,1214231
2023-09-11,1337.630475077354,1349.9676026390723,1330.2183124180806,1343.3016357421875,844034
2023-09-12,1345.9382591901372,1345.9382591901372,1324.5473133532741,1339.670166015625,1139357
2023-09-13,1343.1523453830478,1344.1970680099091,1321.5126687074319,1338.6751708984375,438029
2023-09-14,1338.6750805921242,1353.8477264330977,1335.4415659047036,1345.8883056640625,889229
2023-09-15,1348.425408568475,1367.8761700427926,1345.1420989476953,1365.6873779296875,878944
2023-09-18,1368.0255101814128,1385.934207769242,1360.6133478157901,1366.7320556640625,1324270
2023-09-20,1363.0508404902487,1369.8163968921103,1333.551212243428,1338.3765869140625,574012
2023-09-21,1338.675103657297,1345.0426646724618,1321.3136653861527,1327.432373046875,783641
2023-09-22,1319.3239528516342,1330.8152951571003,1309.3248806763484,1312.160400390625,1084861
2023-09-25,1312.1105607946959,1333.2029772270935,1282.5611383541384,1287.5855712890625,908011
2023-09-26,1288.928832352032,1295.7440627909532,1278.6810284854137,1283.158203125,749346
2023-09-27,1276.7907079965862,1297.3856618706764,1271.4677478824553,1294.40087890625,643756
2023-09-28,1294.4008777057902,1301.8628351099358,1277.98457141667,1282.8597412109375,1026081
2023-09-29,1283.406980182934,1305.3451852688609,1282.461847417349,1298.7786865234375,1294800
2023-10-03,1295.5450359074246,1295.5450359074246,1276.1439471491897,1285.8941650390625,1282289
2023-10-04,1285.0485003841081,1291.1175346263337,1257.9367225137337,1264.1053466796875,1139615
2023-10-05,1264.5531436183694,1275.5968171205602,1258.5337822771812,1267.985595703125,979561
2023-10-06,1269.5275628011082,1281.0190246655309,1265.5478525728915,1276.4422607421875,784191
2023-10-09,1271.6170265311644,1284.2028858052656,1265.5479920544628,1270.7713623046875,1345177
2023-10-10,1278.4821126052534,1305.9420932239016,1273.3085370724418,1295.4456787109375,1221002
2023-10-11,1303.3552233573976,1304.3003560457928,1284.6008614183966,1302.70849609375,1374812
2023-10-12,1305.2952445086316,1310.7176729167402,1294.3510406716105,1306.9866943359375,726322
2023-10-13,1309.1755286355951,1322.9055788350583,1306.1907456749404,1309.7724609375,916350
2023-10-16,1312.508503192153,1325.442562601677,1303.9024762074885,1315.4932861328125,578729
2023-10-17,1318.2790846885612,1344.246671047673,1318.2790846885612,1341.5106201171875,1073063
2023-10-18,1337.2325555583088,1351.7086799842557,1332.208122349132,1349.4700927734375,454861
2023-10-19,1342.1574318105368,1346.7340748192937,1331.8101597139134,1341.311767578125,595436
2023-10-20,1333.2031441133784,1361.7078475669255,1329.720897095172,1355.73828125,936229
2023-10-23,1353.0519483188991,1359.6185686457638,1322.3087779301304,1331.611328125,976136
2023-10-25,1316.339133693598,1339.2721441620638,1302.0121506144897,1307.4842529296875,945901
2023-10-26,1309.1258741468719,1309.1258741468719,1284.2028874827906,1298.9775390625,1107874
2023-10-27,1300.9672486305642,1314.0007753309053,1287.0880577973946,1296.2911376953125,654531
2023-10-30,1298.5794213313636,1323.9500744747525,1298.3804843969615,1319.472900390625,1242401
2023-10-31,1318.2791182344056,1368.4234953993587,1312.8070162341874,1360.9117431640625,2287988
2023-11-01,1364.095537360543,1370.9604406537362,1325.6415612513833,1329.2730712890625,968893
2023-11-02,1335.192911253838,1350.8630217994773,1333.3523193847348,1336.685302734375,637519
2023-11-03,1337.9787608251786,1343.1025410944205,1319.3735407809606,1322.6070556640625,690163
2023-11-06,1328.228406725072,1333.8994457238962,1316.6872703276492,1325.0943603515625,377106
2023-11-07,1325.7412058345758,1337.232669745155,1313.702604540865,1334.048828125,1038346
2023-11-08,1335.3421875167874,1342.505618111711,1327.9299035549209,1338.6751708984375,498283
2023-11-09,1338.277184222721,1346.4853374977429,1328.6761079198934,1343.8487548828125,493454
2023-11-10,1344.9433089961253,1353.1016675287121,1334.1980412911787,1348.5250244140625,639801
2023-11-13,1344.6447831033768,1352.803141642011,1318.2791991209576,1321.6121826171875,1332535
2023-11-15,1342.107623841506,1352.1066954456737,1325.2934434799442,1350.21630859375,742427
2023-11-16,1355.837726029131,1358.1757818388257,1341.2123373887976,1353.0518798828125,577249
2023-11-17,1347.1319709666118,1427.1738478398286,1347.1319709666118,1406.77783203125,3192944
2023-11-20,1406.7778953028067,1412.7972561365157,1375.984933265353,1378.2733154296875,726211
2023-11-21,1381.9544450904823,1417.921102346885,1380.06405834837,1416.4287109375,2049132
2023-11-22,1417.7719623923392,1431.2532812116815,1410.1607412513745,1422.8460693359375,865655
2023-11-23,1422.8459792230328,1427.1242166120333,1399.2164480130195,1403.7930908203125,549853
2023-11-24,1406.827798330173,1411.752641971595,1393.94353291602,1402.549560546875,387896
2023-11-28,1402.649061327205,1410.111018764856,1386.0336965620234,1405.2855224609375,1123470
2023-11-29,1408.270288125,1414.588175838787,1398.8682704495848,1400.7088623046875,887709
2023-11-30,1402.8480464667523,1436.8745249708113,1401.902913739303,1427.969970703125,3027395
2023-12-01,1430.7556927578205,1437.6703910408546,1412.8966693548393,1416.4287109375,808841
2023-12-04,1432.5963007427108,1451.3008670812214,1407.8225787764895,1446.624755859375,2078827
2023-12-05,1446.624730471047,1464.632895741707,1435.6805268705098,1453.5394287109375,1932719
2023-12-06,1454.5842842229815,1455.5294169489655,1437.8197769200776,1443.341552734375,724418
2023-12-07,1449.4602407895575,1475.925290495367,1442.7444795311653,1448.3658447265625,1244939
2023-12-08,1447.6197308854396,1462.0959767747458,1444.1872790730702,1457.7679443359375,1654799
2023-12-11,1457.7679270255442,1460.8522998651104,1447.619713695552,1453.1912841796875,731571
2023-12-12,1457.0715714634382,1484.3326138882483,1452.5446019883739,1473.935546875,1763549
2023-12-13,1475.6269053738708,1475.6269053738708,1452.5943069697087,1459.35986328125,2279728
2023-12-14,1465.5284556255285,1470.1050986101682,1447.5699626295695,1462.3944091796875,2953215
2023-12-15,1466.5233912771623,1477.4675956896783,1441.2522040707622,1445.1324462890625,1482700
2023-12-18,1445.1323705136765,1453.9872506369975,1434.3374301084982,1439.6104736328125,1580916
2023-12-19,1437.620645453798,1440.6552233375498,1411.8521167276544,1417.32421875,1282514
2023-12-20,1429.7110492407862,1429.7110492407862,1396.9282313824883,1402.101806640625,1151553
2023-12-21,1394.3910515395426,1403.1464631264485,1372.9503128694193,1396.629638671875,1841616
2023-12-22,1406.827687118295,1410.5088708167248,1380.0144357214917,1387.2276611328125,1111420
2023-12-26,1392.8986453371558,1402.0022572022626,1380.611313720299,1388.2225341796875,875367
2023-12-27,1397.8733381891784,1416.7769634031247,1392.0032408062011,1414.140380859375,718369
2023-12-28,1421.254218454908,1437.6207305279947,1412.0013422709321,1428.019775390625,1446654
2023-12-29,1425.7312472823676,1427.9698343768446,1413.8419110721509,1425.333251953125,383858
2024-01-01,1428.5669163818611,1430.308039860063,1418.7171078435206,1424.8359375,158288
2024-01-02,1429.710938795535,1442.346470537079,1414.5382931333,1430.357666015625,691712
2024-01-03,1422.7465409406184,1433.5912766268252,1408.4195584758857,1415.4835205078125,550221
2024-01-04,1413.593233311907,1429.3130170844997,1407.8226044446862,1424.33837890625,938454
2024-01-05,1428.6166184735791,1460.5537713358613,1426.4277048011731,1446.7740478515625,1258280
2024-01-08,1446.7741232308724,1452.6938943998923,1409.215602971608,1413.842041015625,738502
2024-01-09,1421.7516590268317,1460.8025705851264,1413.7922375627206,1441.9984130859375,1871763
2024-01-10,1447.5698931568245,1487.7649933233245,1440.6551947734108,1444.087646484375,2547856
2024-01-11,1442.6948793457598,1455.877670634088,1418.6673524432226,1420.5577392578125,908421
2024-01-12,1427.5223115409733,1433.591346216497,1411.3049414618738,1428.019775390625,557158
2024-01-15,1434.6856009020937,1437.222714865553,1417.3241628419455,1422.7962646484375,902104
2024-01-16,1417.8217497274188,1424.636980096928,1398.4206598201413,1401.6541748046875,1729041
2024-01-17,1389.9140000211303,1437.6207347628044,1379.5170541132375,1413.9415283203125,2628568
2024-01-18,1409.712934861232,1430.7058828436084,1377.1787296060063,1397.7738037109375,2296538
2024-01-19,1398.7686651754748,1437.6703080440914,1398.271201401065,1433.2926025390625,570639
2024-01-23,1436.6754915826064,1441.3019293325679,1360.4142647786646,1368.52294921875,2880301
2024-01-24,1373.3980508800978,1406.7281246925875,1361.6081833888888,1403.3951416015625,1255876
2024-01-25,1407.723045244434,1407.723045244434,1350.2659779887229,1373.8955078125,3230297
2024-01-29,1380.9594991468246,1417.3738247620568,1380.9594991468246,1411.205322265625,1607583
2024-01-30,1417.7718036425292,1426.4276250211617,1385.7848576069666,1391.9036865234375,1464906
2024-01-31,1392.8987776067388,1399.3658076456272,1374.6915521475682,1394.04296875,1343827
2024-02-01,1400.1616846608815,1452.2957946559643,1391.4062730466023,1425.4825439453125,1803699
2024-02-02,1433.491905768772,1448.6147585134574,1412.8471556045176,1428.1689453125,1817169
2024-02-05,1427.7211268693025,1452.5943172328791,1407.7231061072116,1412.64794921875,1010779
2024-02-06,1415.3840671964701,1462.4938676861507,1397.773896165426,1456.5740966796875,1515381
2024-02-07,1465.1303841736935,1485.4269318461431,1446.2765544162437,1461.996337890625,690402
2024-02-08,1474.3833653764464,1484.531579215238,1447.7690497181318,1451.6492919921875,1679065
2024-02-09,1460.5537164505881,1460.5537164505881,1429.2134970580857,1432.397216796875,596482
2024-02-12,1435.1334216498606,1444.6350298273198,1416.0308582656562,1428.7161865234375,515507
2024-02-13,1428.7160729823443,1468.3639146450064,1420.9555889079784,1460.15576171875,1388464
2024-02-14,1452.5943867975625,1456.5740974463229,1431.750700855132,1446.3262939453125,504590
2024-02-15,1456.5740307511194,1456.922231126716,1436.3272780428572,1445.97802734375,736364
2024-02-16,1449.0126720196267,1508.5092733690926,1444.2369706589623,1500.798583984375,2008339
2024-02-19,1509.4048034908888,1514.2799735566928,1478.4625760218435,1481.298095703125,1163429
2024-02-20,1481.2980167537225,1509.9519818348735,1465.8766380814714,1505.872802734375,1569035
2024-02-21,1502.3906292383124,1511.792647468372,1487.8149140725263,1494.0828857421875,1156081
2024-02-22,1502.3406320002025,1505.8228784982161,1462.7424660994843,1501.992431640625,1355358
2024-02-23,1500.7488071115633,1528.457516314825,1493.6350505240885,1521.3935546875,1115653
2024-02-26,1523.3835381280267,1545.5206789587037,1517.3641770969853,1541.292236328125,1283074
2024-02-27,1545.9186722995535,1561.0415244016401,1531.094225629732,1534.8748779296875,1764621
2024-02-28,1536.1683470290595,1548.8536750242802,1528.606920906449,1532.3875732421875,834214
2024-02-29,1532.3874734760202,1559.1510507745036,1517.6626175540482,1544.6749267578125,1672455
2024-03-01,1556.9623636976955,1561.3897433301395,1528.2587241807107,1534.3277587890625,1088145
2024-03-04,1545.9682928635668,1546.1175563001536,1500.5996166600428,1510.2503662109375,2126926
2024-03-05,1517.2645976857189,1517.2645976857189,1480.4024813385442,1483.685791015625,1476872
2024-03-06,1484.6807512928222,1516.1702349755203,1479.4573812514166,1512.68798828125,1568041
2024-03-07,1512.290050825183,1513.583505370157,1481.4472932096694,1502.73876953125,2468543
2024-03-11,1519.2048333039072,1531.9897516653898,1505.9225725336178,1524.3287353515625,1824218
2024-03-12,1525.2241493939673,1543.879043589099,1501.3956797891726,1508.7083740234375,1608593
2024-03-13,1516.269787911087,1524.826141689125,1473.1396971711656,1479.8056640625,1461171
2024-03-14,1474.6816083981175,1506.867612726236,1457.8674294809289,1498.211669921875,1094035
2024-03-15,1477.1312778320312,1500.005832960705,1476.234210212042,1495.0721435546875,1466897
2024-03-18,1488.0951155320938,1498.5107359583603,1473.443457436027,1484.805908203125,641326
2024-03-19,1475.1378266446998,1484.058374969197,1451.515735791142,1456.549072265625,1010444
2024-03-20,1455.2036060627695,1464.6225122425158,1445.2364580760382,1453.60888671875,477278
2024-03-21,1468.0612151723099,1472.1477214124484,1453.2101407036896,1463.2271728515625,958834
2024-03-22,1469.157512179179,1506.035957193175,1453.3097236366063,1496.16845703125,563028
2024-03-26,1453.7085993047806,1504.4911719154857,1453.0109475820188,1481.5169677734375,1349881
2024-03-27,1485.1049513410119,1494.0753839330046,1468.659158255692,1474.6893310546875,795193
2024-03-28,1475.1379359950424,1516.8504269459092,1475.1379359950424,1495.3214111328125,1704887
2024-04-01,1493.0787786332091,1514.10943669532,1481.8657370713775,1485.05517578125,838186
2024-04-02,1490.0885408214638,1491.6832600764467,1460.4861616213514,1465.7686767578125,941688
2024-04-03,1465.1708265667376,1468.111086700634,1451.2667031047906,1456.0010986328125,1862464
2024-04-04,1462.6789646686193,1470.2042100540498,1442.2463113291258,1458.9412841796875,1905528
2024-04-05,1464.1740324163118,1485.0053959452002,1455.3531308230863,1480.4205322265625,836975
2024-04-08,1483.8092132200368,1522.9801519207908,1482.1148467972619,1513.8104248046875,822205
2024-04-09,1520.0896511226053,1522.382143730748,1498.112163738747,1505.5875244140625,718575
2024-04-10,1510.02288427627,1511.7172507262262,1476.1345819228752,1498.4111328125,1056524
2024-04-12,1496.068937943743,1506.434796357957,1483.3109396386658,1488.2447509765625,787733
2024-04-15,1484.9554881113816,1485.00537251801,1457.6953632588254,1462.0809326171875,994053
2024-04-16,1455.402908659291,1472.0481188936817,1447.2298959312511,1457.944580078125,717750
2024-04-18,1460.1870542542001,1478.7758079818034,1443.2429041365747,1452.1634521484375,1746383
2024-04-19,1445.2363359764825,1452.7615807384154,1420.667293931027,1442.79443359375,1129149
2024-04-22,1451.71516575922,1478.0284618926275,1447.2299489752058,1470.5531005859375,772048
2024-04-23,1473.144490275775,1484.3076474883633,1459.439661628081,1465.021240234375,1042729
2024-04-24,1465.0211495075398,1473.1443990458777,1447.7780573511288,1455.25341796875,898680
2024-04-25,1459.1905358383644,1459.1905358383644,1431.4320516865,1439.7047119140625,2406788
2024-04-26,1450.2199982611287,1462.0310440162027,1406.5638424292656,1410.6005859375,2180945
2024-04-29,1432.2791419864811,1456.1006496143373,1409.4045864032628,1417.67724609375,4381119
2024-04-30,1427.2954658045933,1445.0867990577576,1418.5243276822177,1431.83056640625,2402464
2024-05-02,1411.6970140134658,1459.9380357392188,1411.6970140134658,1456.1007080078125,2194261
2024-05-03,1464.173949412946,1467.8617452740482,1433.6745027787717,1438.508544921875,1355425
2024-05-06,1445.2363301118216,1452.6618060367546,1426.8967551062026,1435.8671875,920880
2024-05-07,1436.1663744614582,1454.1072407965937,1426.847115449009,1445.385986328125,1800920
2024-05-08,1435.2693375459962,1461.1340383986405,1418.3251856444115,1422.0628662109375,1297162
2024-05-09,1427.1958406794856,1434.7708482642183,1408.5572022992867,1417.72705078125,1645954
2024-05-10,1420.3186082577315,1433.7742582306994,1411.0989962392164,1427.2457275390625,741292
2024-05-13,1430.2857135759818,1435.2692874908807,1415.883233629638,1420.418212890625,771284
2024-05-14,1422.5113591326692,1432.0300344431082,1417.3783750848536,1428.142822265625,896653
2024-05-15,1435.2693566294356,1439.106684394899,1421.06617028779,1425.40185546875,254646
2024-05-16,1426.8470153817366,1453.409365507408,1415.484443165837,1447.4290771484375,1176239
2024-05-17,1445.2364233584472,1445.2364233584472,1425.8004852512129,1429.48828125,2433315
2024-05-21,1434.1230968323132,1435.966994918553,1417.8268338317953,1424.953369140625,1300334
2024-05-22,1429.5382878865014,1430.8340658721572,1419.321960571991,1422.7108154296875,966583
2024-05-23,1429.2889991770294,1448.176695651857,1419.37173575143,1442.0469970703125,1206423
2024-05-24,1437.7610836444055,1443.6914879733527,1428.7407661330294,1431.5316162109375,487961
2024-05-27,1430.285713964197,1443.2430061464509,1397.5436576682812,1405.567138671875,1675749
2024-05-28,1410.351454376373,1450.2200467262353,1401.281373950637,1445.9840087890625,1600105
2024-05-29,1443.2431281449649,1444.6883160351267,1401.979108296464,1408.1588134765625,1518325
2024-05-30,1414.1389318002414,1414.1389318002414,1366.495918222933,1375.5162353515625,2097166
2024-05-31,1389.2211730300146,1396.5470026666421,1368.0907457190124,1381.845458984375,2559060
2024-06-03,1430.5848699459018,1431.6812319448,1382.7923199846039,1386.9287109375,870693
2024-06-04,1393.55689976415,1398.091879355792,1303.4039680688215,1334.45166015625,3277433
2024-06-05,1336.594531344743,1391.6131390008393,1326.328320355738,1385.533203125,1238176
2024-06-06,1385.5332774395092,1441.0503671368451,1375.7156605803114,1438.1099853515625,2227021
2024-06-07,1430.3853833729456,1435.2693102207488,1415.3350142454606,1421.165771484375,1279929
2024-06-10,1432.1295836647444,1447.229836666297,1413.6903605391751,1427.5946044921875,2059288
2024-06-11,1427.7440904359332,1435.070041673708,1417.328469269705,1423.358642578125,991450
2024-06-12,1423.4083313528454,1456.9976919299645,1421.115960395253,1447.927490234375,1823958
2024-06-13,1454.8548103083758,1474.5896907287151,1428.142804483727,1445.1368408203125,3086173
2024-06-14,1440.1531760092275,1468.9083724005663,1435.8672538885396,1465.071044921875,856835
2024-06-18,1475.13786808106,1475.13786808106,1450.2698830942993,1468.7091064453125,1427035
2024-06-19,1473.4933486217883,1473.543233031141,1441.399179675833,1444.4390869140625,578983
2024-06-20,1471.1510370818662,1476.034963910101,1446.6816402025258,1450.7183837890625,1444553
2024-06-21,1450.7184800101581,1473.692806221149,1440.4025055339139,1459.340087890625,1184387
2024-06-24,1459.339989977713,1459.339989977713,1442.4456012177397,1447.9774169921875,460942
2024-06-25,1452.612157788938,1462.6789528237487,1425.302148237111,1457.197021484375,1845922
2024-06-26,1457.1969319959248,1470.8021123638055,1442.246211079414,1446.1334228515625,780636
2024-06-27,1440.2528726916996,1468.8087757816932,1432.8273961680277,1458.6422119140625,1492222
2024-06-28,1445.3359756625448,1493.8760550083796,1445.2363285254671,1487.0484619140625,1533271
2024-07-01,1487.0486365800923,1506.9331703683508,1477.0317255763443,1496.9161376953125,788569
2024-07-02,1502.0492386998405,1505.3882090240081,1463.2770077399548,1489.989013671875,1462260
2024-07-03,1498.0622594090648,1501.9992339779901,1481.3174030513514,1491.43408203125,527776
2024-07-04,1491.484064183955,1513.8602629732263,1487.3476733936834,1502.7967529296875,1363288
2024-07-05,1502.796711009674,1526.9171600414688,1500.5042183457258,1524.3756103515625,961676
2024-07-08,1524.375624178182,1526.9171738911411,1503.2950820355716,1509.9730224609375,774723
2024-07-09,1519.9900234189263,1523.9768824967464,1507.4314416576494,1519.7408447265625,726889
2024-07-10,1519.740889579152,1557.366873236547,1513.6110692322354,1553.6790771484375,1964480
2024-07-11,1556.8685158371113,1564.4934083823348,1541.0706106088571,1553.6790771484375,1156236
2024-07-12,1557.765582649819,1564.8422333841318,1542.266618868013,1557.7156982421875,589534
2024-07-15,1557.715670498902,1615.5750121794076,1552.7819810027343,1608.1494140625,2498480
2024-07-16,1608.0997253675575,1634.2136051534692,1586.9692980447273,1616.0235595703125,1844059
2024-07-18,1614.6779919397413,1659.4802739743045,1609.7443022987518,1654.3472900390625,2104021
2024-07-19,1626.6384921334027,1653.1013177411535,1626.6384921334027,1642.286865234375,567209
2024-07-22,1635.708630297936,1642.2869236294066,1613.3324317555575,1615.82421875,397490
2024-07-23,1615.824119878054,1632.6187388590795,1572.8657390563383,1589.6104736328125,2145861
2024-07-24,1574.809328999368,1644.579362562631,1574.4605031654082,1627.5853271484375,2099093
2024-07-25,1639.5958712385025,1695.7607267491976,1639.5958712385025,1689.830322265625,4427012
2024-07-26,1680.7103541450922,1771.8598751654827,1680.7103541450922,1745.19775390625,2982227
2024-07-29,1746.742664354643,1757.756411419572,1730.795227761391,1740.961669921875,1368641
2024-07-30,1734.7820496179759,1740.5630439264728,1702.3888197342733,1715.39599609375,2096978
2024-07-31,1715.3960381917964,1754.2180305989857,1714.3494389944633,1747.888916015625,1082466
2024-08-01,1785.2158372915605,1785.26572169881,1752.3242491984117,1761.4442138671875,1247361
2024-08-02,1754.2180941514757,1763.0888804387134,1725.3133641910251,1739.167724609375,594517
2024-08-05,1674.4807999738025,1733.6357967580682,1674.430915567995,1716.5421142578125,1240111
2024-08-06,1716.542147769772,1774.152310799399,1664.6133319953994,1668.9989013671875,1500825
2024-08-07,1684.4979161412227,1693.3188178907,1671.5903863284416,1680.162109375,603417
2024-08-08,1665.6100251581668,1709.5153593743953,1664.563547652905,1700.6944580078125,1291138
2024-08-09,1714.3493962186153,1727.7053984067331,1702.3888190356947,1719.4326171875,804893
2024-08-12,1717.2400236966585,1724.316674733092,1686.4913951891783,1699.3988037109375,1019251
2024-08-13,1699.3987775990531,1715.6452779235813,1666.5570727641953,1676.873046875,1064268
2024-08-14,1690.6275217939692,1701.7409156659978,1667.5037881042294,1686.541015625,557473
2024-08-16,1693.4184799228706,1696.508271532368,1660.6764224053652,1683.3516845703125,721574
2024-08-19,1691.2256412587958,1691.2256412587958,1660.5267782041165,1666.05859375,632647
2024-08-20,1667.3045357513265,1764.9825843729154,1667.25465134452,1755.5137939453125,3951662
2024-08-21,1755.5137532942972,1798.521897799919,1745.1478954692034,1794.6845703125,2972530
2024-08-22,1795.0832827214394,1806.4458553190518,1783.9698888138219,1789.3521728515625,1380510
2024-08-23,1783.621169296162,1792.4919555225797,1776.1458081507462,1783.421875,858249
2024-08-26,1785.11624620792,1795.5318674301388,1763.5373459776906,1790.3489990234375,593628
2024-08-27,1782.5247109418278,1842.526891156803,1778.238788782494,1832.9085693359375,2239371
2024-08-28,1832.7092549685206,1848.1583336643803,1820.001141847733,1837.6429443359375,724092
2024-08-29,1833.955148411735,1861.613982851097,1829.469932016163,1837.6429443359375,2248185
2024-08-30,1833.9053400737387,1863.6573740671924,1830.9650800935078,1844.221435546875,2125138
2024-09-02,1844.2214092564693,1888.425685491229,1842.9755157793381,1882.5450439453125,2522132
2024-09-03,1883.7909146624315,1929.639794066914,1875.5680178127145,1922.31396484375,3457882
2024-09-04,1903.7252448843394,1913.6923927633152,1896.1003524230662,1905.91796875,952279
2024-09-05,1912.6956695606473,1912.6956695606473,1893.9573829628966,1901.582275390625,947097
2024-09-06,1891.8643261275997,1910.5527285148041,1883.242718825779,1890.0703125,772396
2024-09-09,1894.6052517064834,1926.5001244388352,1888.2761372325142,1895.5023193359375,1845859
2024-09-10,1883.7909358221466,1883.7909358221466,1832.7093033031597,1847.3609619140625,2515665
2024-09-11,1839.038466687607,1864.903288939631,1838.4903465451434,1853.0423583984375,630094
2024-09-12,1856.879701182643,1873.8238530452866,1834.5532649827137,1869.787109375,1126825
2024-09-13,1862.8599203994465,1865.6008860394136,1835.6994426943181,1840.433837890625,886112
2024-09-16,1844.919111267802,1858.673824298292,1810.1337401034493,1815.266845703125,1576652
2024-09-17,1817.5093909891623,1838.2411069629218,1802.5087849677955,1813.1737060546875,844866
2024-09-18,1812.2268818149128,1842.8758632868855,1809.0873273898032,1836.397216796875,518691
2024-09-19,1843.9224174000478,1853.8895656022103,1822.1939856516178,1834.902099609375,776068
2024-09-20,1843.922360474661,1878.8073781052626,1838.938786527432,1864.1058349609375,1512372
2024-09-23,1875.817225559857,1918.6759613191948,1873.823795989655,1913.8419189453125,1022492
2024-09-24,1920.768947472475,1921.6161306660103,1848.5071289597051,1858.22509765625,2608386
2024-09-25,1867.5444561932532,1868.8402340899365,1835.0018155857292,1857.4776611328125,1395256
2024-09-26,1866.8467880326211,1895.8014011383211,1862.3615715103858,1892.063720703125,1396821
2024-09-27,1892.06369839008,1906.7153568555482,1867.7438336446835,1876.465087890625,1678089
2024-09-30,1885.7843250597375,1887.3790443411538,1832.210906734177,1837.9420166015625,1473366
2024-10-01,1834.1544829947652,1853.1918325607944,1818.306815384299,1828.1741943359375,885515
2024-10-03,1801.0635959571812,1839.138051642298,1789.152903079965,1799.618408203125,1307453
2024-10-04,1799.618469411454,1843.9223939386432,1776.694028838163,1792.19287109375,1554623
2024-10-07,1794.086633841487,1813.8713982197148,1770.1654787236005,1782.076171875,692912
2024-10-08,1779.135779580743,1793.1396700989355,1717.8877085536437,1722.3729248046875,2888148
2024-10-09,1742.3072973459582,1753.2212753782974,1727.356575839037,1731.6922607421875,704112
2024-10-10,1739.4167943808352,1748.686168682613,1723.8680683993991,1728.8017578125,784503
2024-10-11,1731.7920002983074,1741.0116123862265,1712.9540658604851,1729.35009765625,805944
2024-10-14,1733.0378284532599,1738.1210495112714,1711.6583450316439,1732.58935546875,1349793
2024-10-15,1736.227195765386,1749.184487408447,1712.8542837384994,1718.0870361328125,2159705
2024-10-16,1719.38295101217,1743.2542223126577,1718.3363517821738,1728.0543212890625,891554
2024-10-17,1728.3034425549445,1733.2870164954143,1690.17910191035,1696.4085693359375,2442434
2024-10-18,1700.3954280928926,1711.8077637462004,1675.078848147336,1700.4453125,2045293
2024-10-21,1709.515403777968,1770.2153590847117,1691.2257116364153,1706.2261962890625,1574574
2024-10-22,1695.4119019541386,1721.2766027606792,1667.4042399594184,1692.5712890625,1290296
2024-10-23,1697.604672238005,1723.2203167093296,1686.690693372891,1710.3626708984375,952362
2024-10-24,1718.7847600022117,1718.7847600022117,1617.6680938683576,1629.927734375,4320374
2024-10-25,1639.4462592357625,1647.868572013703,1598.680600954739,1611.4385986328125,1639581
2024-10-28,1611.6879000645583,1614.6780445915797,1588.3647484199325,1600.6243896484375,2366566
2024-10-29,1600.7239506240328,1660.3275436549584,1590.6571555921971,1655.89208984375,2052244
2024-10-30,1631.123734229375,1643.9314947930723,1613.9802887151484,1618.8143310546875,1512352
2024-10-31,1624.744756773754,1636.5558027154168,1607.7508425856533,1616.8209228515625,809110
2024-11-01,1634.0142913285433,1634.0142913285433,1617.6681440358514,1623.4989013671875,53886
2024-11-04,1631.6222025617465,1635.7585935056425,1582.7831751179313,1603.514892578125,1470020
2024-11-05,1601.5213007270695,1636.6056110788304,1593.3980512225114,1627.83447265625,978590
2024-11-06,1627.8345721315538,1633.2667408246255,1595.1921622422713,1598.6806640625,1352644
2024-11-07,1599.7770906341493,1612.63461383476,1569.82576312086,1584.626953125,1359619
2024-11-08,1583.7797005372042,1598.082532529786,1561.7024450095796,1564.792236328125,1131938
2024-11-11,1573.4139285834833,1573.4139285834833,1550.1406627864521,1560.8553466796875,862991
2024-11-12,1563.9451944661193,1580.7398147927545,1551.8849695185547,1557.3170166015625,1177157
2024-11-13,1554.875130282262,1566.8357082075102,1534.9408337401817,1541.6187744140625,2946117
2024-11-14,1541.120275886321,1563.795536126655,1540.9708660113686,1557.16748046875,684365
2024-11-18,1545.9046851611604,1561.4036492732707,1545.9046851611604,1557.466552734375,490930
2024-11-19,1562.848785192404,1562.898669599442,1496.068894498596,1517.89697265625,4198931
2024-11-21,1508.3285703544307,1510.5212942682992,1469.1576296611502,1473.0946044921875,1827614
2024-11-22,1480.470290384223,1491.5338002297651,1470.1543166318836,1480.27099609375,977581
2024-11-25,1487.6964077872267,1506.0359834751146,1483.4603701103442,1490.287841796875,1785465
2024-11-26,1490.2878229024104,1511.916605650548,1484.3574188976754,1501.7999267578125,601372
2024-11-27,1502.0490649020126,1510.9696128705814,1490.1881355433836,1500.454345703125,467560
2024-11-28,1502.1987344524064,1514.7074321849932,1398.3908637470222,1423.90673828125,5574277
2024-11-29,1437.2627713862262,1455.2036381580376,1392.061778603326,1433.0267333984375,9016112
2024-12-02,1423.7074103922696,1445.0371309328261,1406.514080506028,1417.3782958984375,3117960
2024-12-03,1425.401733793844,1443.5917779067245,1412.2949105512546,1436.216064453125,4645704
2024-12-04,1436.266013619336,1467.5129979787241,1430.3356092814745,1447.827880859375,1976987
2024-12-05,1447.8278272379848,1451.2665661406436,1412.8930481139907,1427.14599609375,2632452
2024-12-06,1430.2857256742961,1448.176707512403,1424.6045000309698,1443.791259765625,1359753
2024-12-09,1449.2232382055058,1479.523390765942,1444.2895488889556,1464.4730224609375,2397565
2024-12-10,1458.891383371516,1479.0250950471273,1446.831158796666,1457.0474853515625,1994725
2024-12-11,1450.7184440304504,1468.659311081325,1449.671844784766,1451.3663330078125,1213092
2024-12-12,1445.2364542430191,1450.9675643201897,1415.6838362068822,1427.7939453125,2851447
2024-12-13,1417.3783760533117,1437.2129038822357,1404.6702619404703,1424.106201171875,3926561
2024-12-16,1424.1061493840282,1432.2292776370912,1410.9993254810083,1416.9796142578125,1601339
2024-12-17,1417.029425620276,1420.3186332280995,1400.9823411857326,1405.06884765625,1973758
2024-12-18,1410.152206640323,1415.6839010099293,1388.1247113043273,1393.4073486328125,1454595
2024-12-19,1375.516318632645,1404.3711636394232,1372.9746472060365,1401.2813720703125,1081337
2024-12-20,1397.8425551837863,1410.1520797056107,1386.5298670831783,1395.9986572265625,1542712
2024-12-23,1395.9987170728812,1403.523962440311,1376.9614888286515,1400.683349609375,1325302
2024-12-24,1402.327769985969,1413.341516650144,1380.4499298733776,1382.443359375,756679
2024-12-26,1389.370529875634,1407.161986174439,1380.649275481822,1404.4210205078125,1935656
2024-12-27,1405.3678604765823,1415.7337186749478,1396.198133033386,1400.683349609375,665711
2024-12-30,1386.6794550578031,1410.3015469722054,1384.4368467746908,1399.238037109375,1439560
2024-12-31,1395.1515343906146,1395.1515343906146,1377.9083197682955,1385.832275390625,2096160
2025-01-01,1387.626304066842,1400.085239140238,1380.4001217242724,1395.7994384765625,511676
2025-01-02,1399.3875914593955,1420.8169598471284,1393.4571870151567,1417.57763671875,1083889
2025-01-03,1423.5579155015726,1446.2331772398263,1420.2189452497971,1442.9439697265625,1107442
2025-01-06,1445.2364372537843,1457.8449036092002,1420.5178619351088,1429.9368896484375,1012018
2025-01-07,1442.2462842383375,1485.9024401967486,1429.6378179586513,1472.895263671875,2362510
2025-01-08,1473.8421036208697,1479.7726295920202,1450.2200118887465,1458.34326171875,1229808
2025-01-09,1453.0109388080064,1476.3339686705992,1448.2266589201818,1463.6258544921875,1253461
2025-01-10,1465.0711744866962,1483.111688841025,1453.85813248437,1473.443603515625,1124758
2025-01-13,1473.4435615341376,1473.4435615341376,1440.900798449628,1462.579345703125,1444590
2025-01-14,1470.1542523377573,1499.0589800108387,1464.0244323077134,1494.3245849609375,2024378
2025-01-15,1499.5574385267914,1499.9062643780344,1464.5228884606527,1467.9117431640625,1433596
2025-01-16,1481.1181382728582,1539.924309307918,1481.1181382728582,1508.62744140625,2929496
2025-01-17,1514.5080769658668,1549.8914509259118,1495.0721391568281,1535.4390869140625,2603818
2025-01-20,1542.7151484003905,1542.7151484003905,1482.4139056469164,1494.7730712890625,4033718
2025-01-21,1494.7730520737741,1501.0025192202932,1455.2035254267987,1461.7320556640625,877160
2025-01-22,1461.2834691987293,1465.9182171155105,1445.2862704785884,1455.25341796875,631080
2025-01-23,1453.2600483427211,1458.89138957124,1442.3958327970004,1445.0869140625,1301601
2025-01-24,1446.532306993037,1450.8181078361515,1413.4911854611598,1435.6680908203125,1504123
2025-01-27,1430.2857335680926,1441.1997119265595,1411.348152426773,1419.7205810546875,896819
2025-01-28,1415.334905212553,1430.9832776799383,1407.211655894555,1414.8365478515625,1527262
2025-01-29,1414.8366900370856,1465.2704357038451,1405.8662566377664,1456.1007080078125,1021447
2025-01-30,1461.0842755731048,1475.1379301685556,1449.1236977609274,1468.061279296875,1016159
2025-01-31,1474.8387403595527,1485.1049507674688,1462.1805119301187,1478.7259521484375,892312
2025-02-01,1470.7523330328952,1522.980212833016,1368.0409460001467,1449.5721435546875,4329907
2025-02-03,1429.637812627291,1477.0316488276867,1429.637812627291,1455.1536865234375,1127198
2025-02-04,1456.4494720815567,1473.8420963225328,1449.2731743342238,1467.5628662109375,614905
2025-02-05,1467.562931577289,1479.4238623198653,1460.1872175438918,1464.3236083984375,791375
2025-02-06,1465.1707922089295,1475.5366507189597,1451.665257667451,1460.286865234375,1510856
2025-02-07,1467.6126258776108,1471.1011275998483,1449.4724655896894,1466.1175537109375,562410
2025-02-10,1458.094040654629,1469.7057918940409,1440.2528221912069,1443.4422607421875,530759
2025-02-11,1443.442279415306,1445.2364146667437,1398.2911733931496,1414.3382568359375,1448104
2025-02-12,1422.76046642251,1462.1307002983472,1402.876055195972,1447.37939453125,1590502
2025-02-13,1447.379375710906,1474.5398531581566,1441.249555549505,1465.6690673828125,983142
2025-02-14,1465.6690784047203,1472.2972560003188,1445.2364254925837,1460.6356201171875,625676
2025-02-17,1455.7019680758256,1476.6828633221069,1447.0803607061202,1471.350341796875,717439
2025-02-18,1471.4001193481718,1476.1345143130516,1449.6219268435802,1470.5030517578125,679042
2025-02-19,1470.1543147959794,1477.3306126140487,1460.2370513062565,1470.7523193359375,391966
2025-02-20,1468.1608741822047,1484.7561996397096,1461.183870706797,1464.971435546875,346720
2025-02-21,1464.8716618684298,1496.4675933608462,1456.8979436373018,1490.4873046875,1051158
2025-02-24,1475.1378092940633,1490.287824613696,1470.353529893506,1481.616455078125,1116079
2025-02-25,1475.1378135882028,1479.174556948504,1458.6421359915148,1466.9149169921875,964505
2025-02-27,1459.190398957093,1475.0381878697865,1449.223251423233,1464.9215087890625,1421562
2025-02-28,1455.2034994456703,1457.2468133009593,1407.211661071877,1425.8004150390625,2397364
2025-03-03,1427.8437183058384,1447.3793024498075,1400.4838262881356,1403.8726806640625,1056418
2025-03-04,1387.626369798364,1410.3515171164383,1385.4336457892928,1388.5234375,977231
2025-03-05,1386.5798645245927,1419.3219224609898,1375.3169382418416,1416.03271484375,1118219
2025-03-06,1412.4444623103825,1421.7139582477246,1390.4170904443677,1416.6307373046875,1606815
2025-03-07,1419.3768458289737,1444.192324473883,1404.5974644515309,1409.640380859375,901496
2025-03-10,1417.0301656310462,1425.7680190131969,1402.4004781596173,1417.4794921875,1092967
2025-03-11,1401.052374430152,1422.4226916205905,1395.5100301045297,1415.2825927734375,691907
2025-03-12,1423.0218566504668,1423.0218566504668,1402.5503141512847,1407.0440673828125,734156
2025-03-13,1409.740187183227,1411.9870636661008,1380.7305884004104,1383.6265869140625,911321
2025-03-17,1390.0676829135436,1439.299295443742,1390.0676829135436,1432.259033203125,1352197
2025-03-18,1432.259033203125,1432.259033203125,1432.259033203125,1432.259033203125,0
2025-03-19,1455.9260828973652,1486.8331924758972,1452.9802267306604,1482.8387451171875,917293
2025-03-20,1489.9288587551916,1504.2090567649984,1486.4337173304978,1496.27001953125,798992
2025-03-21,1497.9176844784015,1551.1437416272088,1491.3767284958378,1544.2532958984375,1977397
2025-03-24,1547.848287244236,1581.801088383787,1539.5597605586509,1567.620849609375,1229003
2025-03-25,1575.4598919567673,1581.7012155534799,1549.146496053197,1555.0382080078125,1241287
2025-03-26,1562.1284715561972,1568.1201422950421,1531.3212003199535,1539.160400390625,1106876
2025-03-27,1539.2602298460981,1549.9453271857217,1527.526541371838,1542.75537109375,1405775
2025-03-28,1542.7554378123777,1562.3282052655102,1532.6195033756737,1545.7012939453125,1120169
2025-04-01,1535.615270022454,1564.225521998881,1533.218577361969,1543.1048583984375,937836
2025-04-02,1540.8579860953237,1560.980037967277,1540.15900660533,1557.6845703125,1876774
2025-04-03,1543.8538029423833,1556.735919209977,1537.86213229707,1540.1090087890625,373548
2025-04-04,1534.2172753302116,1544.7526789979297,1499.016207985667,1510.500244140625,826558
2025-04-07,1447.9871602224607,1483.437880352045,1428.5642087991305,1458.772216796875,916977
2025-04-08,1487.9315497285577,1495.9704233045459,1456.0259521708933,1485.934326171875,2142568
2025-04-09,1485.9344225423035,1497.8179278554417,1472.9524685819206,1479.59326171875,1047950
2025-04-11,1536.8635912605712,1536.8635912605712,1497.967709624813,1519.787353515625,1134200
2025-04-15,1553.340666679218,1571.9148219198976,1522.8830065482528,1560.4307861328125,1363406
2025-04-16,1546.3503649905406,1574.6111275572964,1546.3503649905406,1563.2269287109375,784495
2025-04-17,1555.837144899636,1612.7580160545008,1547.2491080178443,1605.9674072265625,1500299
2025-04-21,1615.7539555728526,1628.436277168365,1593.0855155869024,1626.2393798828125,1016066
2025-04-22,1625.540396399101,1637.6235752419475,1610.561218849905,1616.7525634765625,1102055
2025-04-23,1622.7441360912837,1622.7441360912837,1598.7774534659354,1613.25732421875,1136215
2025-04-24,1610.660955707913,1634.3280060067004,1600.7746747587398,1605.9674072265625,857476
2025-04-25,1721.107425477229,1759.5539795131288,1648.807907273704,1692.746826171875,10321746
2025-04-28,1687.6539612804859,1752.5637290220432,1679.0659240825435,1733.68994140625,2100813
2025-04-29,1731.4930157689255,1762.4499814146093,1718.61089923297,1727.6982421875,2049847
2025-04-30,1719.6095095383932,1770.039405143323,1716.1143682588438,1763.3487548828125,2031563
2025-05-02,1758.555376711821,1774.6330022834163,1745.173954235149,1759.753662109375,902461
2025-05-05,1770.5387875498627,1785.1184959944105,1764.4472797224462,1767.443115234375,947983
2025-05-06,1767.54292405218,1795.3043814501787,1714.8161711167213,1723.60400390625,1295777
2025-05-07,1711.6205878352055,1754.0615884087154,1709.9229965726056,1742.0782470703125,753313
2025-05-08,1738.8827577737623,1741.5789608450043,1718.7107264858482,1729.0963134765625,1107891
2025-05-09,1703.6317742450465,1726.3002139227822,1690.749657316363,1697.4404296875,1076900
2025-05-12,1722.6053902737385,1754.4611317262186,1717.612331171496,1749.068603515625,728808
2025-05-13,1740.2807979235533,1753.5623841033585,1729.895332349323,1737.5845947265625,478541
2025-05-14,1738.583188569567,1757.5568132581495,1734.9882103771652,1752.763427734375,603108
2025-05-15,1755.2598773257625,1785.9173321189126,1734.6884990334781,1782.12255859375,1318425
2025-05-16,1787.5151643141137,1788.4139393355604,1765.4458673918596,1770.938232421875,696146
2025-05-19,1770.638518810651,1778.7272498305404,1761.9506451042612,1767.5428466796875,288530
2025-05-20,1776.3307109914213,1776.3307109914213,1750.8661102004992,1755.35986328125,529693
2025-05-21,1754.461133266349,1775.4319815141773,1748.7689727442812,1761.451416015625,521050
2025-05-22,1763.8480706842886,1766.2446414830397,1738.7828169895174,1756.8577880859375,1103303
2025-05-23,1762.5498338983166,1803.4929178585608,1757.357101278335,1796.2030029296875,1067774
2025-05-26,1803.4929153346563,1807.58719934478,1787.6149632945624,1799.0989990234375,633624
2025-05-27,1799.0990396865345,1807.087934287186,1791.509614196087,1800.7967529296875,1219984
2025-05-28,1808.0865002097296,1811.9811106088448,1799.5982999120304,1804.8909912109375,763018
2025-05-29,1805.09068286512,1827.4596117829624,1798.899338405214,1822.466552734375,1189803
2025-05-30,1822.4666064735125,1831.35427622224,1802.3945328864966,1809.684326171875,1364259
2025-06-02,1809.6842886128802,1826.4610159229803,1793.107356806982,1799.997802734375,1238769
2025-06-03,1807.2876782722433,1811.4817990576803,1767.6427168061575,1772.8355712890625,1576208
2025-06-04,1772.535917396638,1776.6302013327077,1759.8535964944792,1773.4346923828125,918721
2025-06-05,1779.5262600416722,1788.5137664055192,1762.5498591321839,1772.3363037109375,912222
2025-06-06,1772.3362984402731,1781.0241724724792,1748.8689207822392,1778.128173828125,1589674
2025-06-09,1787.115679595648,1796.502655036041,1756.6580192406734,1788.3140869140625,1221496
2025-06-10,1788.4138903849116,1794.1059288635151,1769.540103054554,1783.0213623046875,1400311
2025-06-11,1783.0213546039022,1798.4000005807684,1771.53731899598,1796.80224609375,1089930
2025-06-12,1797.4014267579296,1809.7842376203967,1757.5567910355323,1763.5484619140625,984693
2025-06-13,1717.6123402295552,1764.047790125296,1717.6123402295552,1752.763427734375,1774169
2025-06-16,1759.5539705170804,1797.5012184623977,1749.4680158381009,1795.3043212890625,728053
2025-06-17,1793.6066437023537,1804.1919044854112,1782.9215461186823,1797.700927734375,557790
2025-06-18,1797.5012399252255,1802.4942989250178,1788.8133660259286,1794.705078125,349531
2025-06-19,1792.5082174385086,1802.3944988396502,1778.5276519543086,1786.916015625,537885
2025-06-20,1784.619099121428,1818.4720630610548,1776.6302048301109,1808.3861083984375,1669329
2025-06-23,1807.4874021435537,1823.6648649383076,1796.1032029653509,1816.075439453125,627282
2025-06-24,1829.6564722317785,1848.3305858386984,1825.4623514756004,1840.4415283203125,876488
2025-06-25,1840.4416000823562,1852.4249420253775,1822.4665871678244,1840.1419677734375,990856
2025-06-26,1847.4318625549195,1863.8091207436858,1840.1419475261168,1858.2169189453125,1147822
2025-06-27,1845.434639512959,1860.3139799801124,1812.7800818273743,1848.031005859375,6763121
2025-06-30,1843.4374312470509,1852.5247744857027,1823.5650315246169,1835.7481689453125,1362010
2025-07-01,1828.4582778418624,1862.7107126917615,1824.7634627966272,1859.91455078125,667136
2025-07-02,1862.410979990278,1872.3970978454538,1849.5288635769307,1854.222412109375,1072946
2025-07-03,1847.4318096819793,1859.2154775527245,1800.4970555981668,1807.68701171875,916863
2025-07-04,1803.4929634402217,1809.5844712178493,1780.6247281725746,1797.20166015625,685665
2025-07-07,1797.2016357869727,1809.2849362764985,1789.7120471699227,1805.789794921875,376143
2025-07-08,1798.4998555836132,1816.27519442135,1794.805040676182,1814.3778076171875,616714
2025-07-09,1817.4735111326522,1818.472122951956,1796.5026629272754,1812.380615234375,597896
2025-07-10,1808.4859499103052,1820.9685972730213,1798.8993011159098,1807.68701171875,1104366
2025-07-11,1811.4818221522237,1837.4457291951992,1809.4845985335332,1832.65234375,770854
2025-07-14,1840.4415757112195,1853.72316161587,1829.1572134372923,1848.7301025390625,1231109
2025-07-15,1847.3319772870402,1849.1294053710442,1819.8701530235994,1822.266845703125,1313007
2025-07-16,1831.3541763425287,1837.3458470507321,1819.0712026303709,1826.560791015625,652826
2025-07-17,1826.4609431211131,1826.4609431211131,1793.8063867201306,1800.29736328125,886192
2025-07-18,1796.50261904432,1800.2973926253221,1751.6649250726596,1785.9173583984375,1600088
2025-07-21,1792.2085839520128,1804.8910272019864,1778.5276507832536,1802.1947021484375,481174
2025-07-22,1788.6135937002168,1812.7800727128454,1788.6135937002168,1806.48876953125,578221
2025-07-23,1806.4887312135172,1815.9755432348154,1789.512330754352,1806.988037109375,555690
2025-07-24,1805.4901417808312,1819.9700129400248,1776.2307671608773,1791.110107421875,928018
2025-07-25,1811.4817915612573,1844.4359807131434,1808.3861193847358,1829.556640625,1821229
2025-07-28,1829.456833879357,1855.4207409103958,1816.4748803638374,1847.93115234375,1182404
2025-07-29,1845.434565978923,1849.2293394961468,1820.3694347281028,1830.8548583984375,585182
2025-07-30,1822.4665946099362,1847.4318904265106,1821.9672886936046,1836.5469970703125,480951
2025-07-31,1835.448450276656,1854.8215431744363,1818.8715191211395,1838.1446533203125,1570804
2025-08-01,1837.4456653892394,1840.7411330059845,1786.4166280838715,1793.7064208984375,559870
2025-08-04,1795.5040240880085,1833.6509462510046,1778.5276234153189,1828.95751953125,844169
2025-08-05,1830.7550681574921,1857.8174236527714,1816.175238305385,1854.422119140625,1251783
2025-08-06,1856.0199098468213,1873.395779947185,1848.0310152628247,1851.7259521484375,816457
2025-08-07,1832.4526143714756,1860.5135809797732,1832.4526143714756,1858.516357421875,742694
2025-08-08,1848.5302718660273,1868.3028341943418,1828.4581991393165,1831.0545654296875,779798
2025-08-11,1833.4512430991692,1850.1280112014404,1823.3652884187181,1848.430419921875,455452
2025-08-12,1847.1321956145946,1861.3125562991004,1831.454039132634,1835.448486328125,627624
2025-08-13,1838.7439731373777,1856.4193534008086,1835.4485054065015,1837.745361328125,570828
2025-08-14,1839.5428396297445,1851.1267125529303,1829.6565580682588,1838.044921875,468063
2025-08-18,1876.3916074596166,1909.3457974788648,1847.4318647154287,1860.413818359375,1924632
2025-08-19,1862.4110161002325,1867.304238324313,1834.0504164614842,1851.526123046875,621923
2025-08-20,1843.437396353536,1862.311183892473,1840.8410300346177,1855.9200439453125,446416
2025-08-21,1867.404054869671,1889.87282023575,1867.404054869671,1874.6939697265625,1316202
2025-08-22,1857.5177601086655,1867.4040411774224,1846.8326627510396,1856.4193115234375,605948
2025-08-25,1856.319506571509,1859.8146478850113,1840.8410236117124,1844.236328125,613536
2025-08-26,1844.3361105247461,1855.0212077505157,1807.2876380745715,1814.078125,669578
2025-08-28,1813.1793836086892,1838.7439430276193,1803.6925715761367,1814.2779541015625,948055
2025-08-29,1824.3639698062568,1824.3639698062568,1798.5997359279581,1802.99365234375,801378
2025-09-01,1797.5012751349298,1813.3792274454595,1794.1059705683922,1807.2877197265625,530198
2025-09-02,1812.380548194679,1822.4665028163965,1800.1974113093129,1811.9810791015625,388232
2025-09-03,1811.9811751015657,1816.3750915569356,1794.5054679843006,1808.1864013671875,1249945
2025-09-04,1887.3762542944578,1887.3762542944578,1770.538676647658,1788.613525390625,2151243
2025-09-05,1812.4804310874463,1824.9630786844673,1797.601090771626,1802.7939453125,757123
2025-09-08,1804.491477320825,1807.487312645652,1767.043535760487,1778.427734375,1553347
2025-09-09,1787.315407568109,1808.985234372708,1775.8313721304685,1803.1932373046875,895295
2025-09-10,1802.394472088049,1841.0407001997191,1793.5068026391207,1831.1544189453125,881560
2025-09-11,1822.2669013876537,1822.3667381896737,1799.4985030876885,1811.6815185546875,663203
2025-09-12,1811.6815126591946,1831.9533813384087,1801.0962517615314,1827.6593017578125,509725
2025-09-15,1827.5594679166436,1830.455466575631,1809.7842506561506,1819.67041015625,485383
2025-09-16,1827.8590187028406,1830.3555481422018,1807.487314097483,1816.275146484375,496743
2025-09-17,1807.5872352752926,1824.9631053645437,1798.2002597649287,1801.4957275390625,706812
2025-09-18,1802.394432571009,1828.458175742382,1792.807783828773,1819.27099609375,817549
2025-09-19,1825.4623775933064,1844.3361650678503,1819.271033169251,1839.143310546875,1633208
2025-09-22,1852.4248906479431,1877.0905533695443,1850.2279934463306,1855.12109375,1003774
2025-09-23,1862.4110647605341,1863.1100442818704,1812.8799423245543,1816.8743896484375,737343
2025-09-24,1822.366735608672,1822.8660415189213,1803.4929478210706,1814.5775146484375,507030
2025-09-25,1807.5872301319043,1817.1738792191193,1795.004745586131,1807.2877197265625,1003709
2025-09-26,1804.891015729792,1816.4748883838442,1787.5151457982854,1796.302978515625,1561042
2025-09-29,1811.4818468262195,1811.4818468262195,1782.5221039607507,1786.2169189453125,1003806
2025-09-30,1780.5248325419034,1793.2071535927128,1775.5317735611352,1788.1142578125,1668918
2025-10-01,1780.5248818149119,1803.9922596739418,1766.6441530840802,1798.5997314453125,704858
2025-10-03,1798.5997374763804,1800.6967979331966,1763.7481603291255,1782.6219482421875,715403
2025-10-06,1773.5345461599,1781.7231141104317,1756.957614759522,1768.441650390625,1560572
2025-10-07,1774.5331716037942,1791.2099399316817,1768.841133094501,1781.623291015625,859968
2025-10-08,1781.523409111393,1793.4069136308153,1755.2598706315289,1770.4388427734375,1323877
2025-10-09,1770.438919206125,1810.882697896661,1768.1420632608877,1807.2877197265625,848466
2025-10-10,1822.4665488307878,1841.140540872164,1803.8923935899986,1807.8868408203125,1097936
2025-10-13,1807.4873380549363,1825.3625134578604,1795.6038333858962,1812.780029296875,409793
2025-10-14,1814.8771182436542,1823.2654817833131,1805.090673797243,1813.6787109375,655909
2025-10-15,1813.5789318808395,1855.8202613249784,1810.882728682643,1838.044921875,891713
2025-10-16,1840.0420570487163,1842.338912922531,1806.9880312306366,1833.151611328125,969316
2025-10-17,1841.4402022603363,1849.8285659566611,1817.5733553020618,1841.5400390625,1183570
2025-10-20,1847.4318686797576,1854.621825029952,1825.462408619782,1837.1461181640625,590467
2025-10-21,1849.4290658100217,1849.4290658100217,1829.9561355814606,1838.4443359375,41649
2025-10-23,1847.4318486309637,1861.6120875736265,1838.4443423403266,1850.1280517578125,543795
2025-10-24,1857.418003957366,1861.4124512777043,1829.2571991093232,1837.24609375,517403
2025-10-27,1877.589894829202,1921.229304495013,1877.589894829202,1900.4581298828125,2866910
2025-10-28,1900.458158225616,1942.8991612001028,1892.1697531381726,1934.1114501953125,2166517
2025-10-29,1931.3151797318678,1972.2582626527605,1931.3151797318678,1967.6646728515625,2398496
2025-10-30,1967.6647040575415,1969.162621749135,1951.3872830485493,1965.66748046875,842738
2025-10-31,1962.272246202413,1975.9531795148296,1949.0906188050606,1952.985107421875,1167506
2025-11-03,1947.2930771517729,1979.4483294602944,1942.3000179795888,1966.8658447265625,687299
2025-11-04,1956.3803727684547,1994.5274170544315,1954.1834755465975,1968.76318359375,664256
2025-11-06,1974.1557166609152,1988.0364452358874,1961.2735998985183,1968.064208984375,1094086
2025-11-07,1959.3761596099378,2001.2180177953096,1954.9822433743284,1996.1251220703125,1241016
2025-11-10,1997.323508907597,2015.0988483496676,1982.4441681702492,1986.53857421875,1087154
2025-11-11,1992.130773037325,1999.4205662887077,1979.5482883027141,1994.5274658203125,901898
2025-11-12,1994.5273651770897,2006.2110742909167,1981.046106091511,1993.9281005859375,1006737
2025-11-13,1977.850466108643,2002.2166179087505,1972.7575704133349,1985.140380859375,671028
2025-11-14,1979.8477912604096,2001.118272015681,1975.0545276133353,1998.1224365234375,678599
2025-11-17,1998.1223481108839,2010.1056895496208,1990.5329229131878,1993.2291259765625,726715
2025-11-18,1988.3359398736152,2010.704868678117,1985.2402676593476,1990.532958984375,855558
2025-11-19,1988.1362394954806,2005.5121090426644,1982.2444055471847,2002.0169677734375,894171
2025-11-20,2011.1043833821543,2029.1792330761352,1997.2236546024953,2024.2860107421875,805778
2025-11-21,2024.086299150335,2027.6812772809797,2013.8005487618252,2019.6923828125,506477
2025-11-24,2024.186189454235,2083.7035523382533,2002.2167290852203,2012.003173828125,2592739
2025-11-25,1969.6619155792798,2041.1624952397988,1969.6619155792798,2028.1805419921875,748087
2025-11-26,2028.1805899477615,2042.1611553142156,2021.1903072645343,2026.283203125,826123
2025-11-27,2027.182008815127,2033.173679777142,1998.0225922269963,2001.7174072265625,652128
2025-11-28,2008.2084067452354,2008.3082435488898,1958.2778148321265,1963.2708740234375,1011160
2025-12-01,1964.2694471241314,1974.255565309816,1948.4913316304073,1968.863037109375,483716
2025-12-02,1949.2902196883674,1987.13763101843,1949.2902196883674,1978.749267578125,942591
2025-12-03,1979.2485811368454,1988.236087307497,1957.1792848090824,1970.0614013671875,515105
2025-12-04,1967.4649494109494,2006.2111365983785,1956.2805458418236,2000.11962890625,660360
2025-12-05,2000.2194097652632,2043.4593489114436,1997.9225538943579,2020.890625,749526
2025-12-08,2002.2166192025963,2033.173584387275,2002.2166192025963,2017.894775390625,1050200
2025-12-09,2016.197196617663,2025.384376291637,1987.636923908549,2003.4149169921875,887191
2025-12-10,1993.2291727262502,2027.980912474004,1991.8310918121028,2011.7034912109375,598172
2025-12-11,2003.315075484341,2014.7991110002386,1992.7298149542062,2004.114013671875,635250
2025-12-12,2009.2069182455498,2027.581399532141,1999.6202694571532,2023.087646484375,557472
2025-12-15,2027.2818098670748,2037.1680911602296,2005.2125132596768,2032.0751953125,565860
2025-12-16,2032.0751354065972,2049.3510460592734,2018.1944072850797,2033.173583984375,815797
2025-12-17,2036.5689619967868,2045.855978745375,1992.7298788927903,2007.409423828125,896027
2025-12-18,2015.1986158012091,2017.595308505425,1998.821357873397,2011.6036376953125,301399
2025-12-19,2011.7034999166199,2032.6743480170164,2009.6064394867515,2025.584228515625,751874
2025-12-22,2024.8850819375255,2028.2803864105958,2010.305374154068,2019.49267578125,526892
2025-12-23,2029.3788877448897,2029.3788877448897,2015.49828099561,2021.9892578125,290105
2025-12-24,2026.3830306335155,2030.7769469658515,2017.3955243677237,2022.58837890625,353971
2025-12-26,2022.5884224223792,2032.0752347959356,2001.317941708694,2016.297119140625,180039
2025-12-29,2023.8864513737067,2023.8864513737067,2003.8143789202588,2007.010009765625,407998
2025-12-30,2007.0100559811788,2016.9961740388007,1965.467707340788,1992.7298583984375,3166927
