Date,Open,High,Low,Close,Volume
2018-01-01,54.93687940566718,55.154380812120536,53.96189173968243,54.164390563964844,19249201
2018-01-02,54.29939917312502,54.84314377456166,53.64315320345793,54.696895599365234,25896915
2018-01-03,54.89937550705884,55.31187442079416,54.843130842045205,55.12062454223633,27654851
2018-01-04,55.23687159796126,57.25809998894124,54.899373590475996,57.01810073852539,84839667
2018-01-05,57.299356737927525,58.26684917034287,57.18686138898672,57.80185317993164,74902157
2018-01-08,58.33059157140477,58.338092862432845,57.3743541375305,57.655601501464844,27125386
2018-01-09,57.74934862666343,58.563091588483125,57.524351928860966,57.92184829711914,33564228
2018-01-10,57.84310378770864,58.27434698808923,57.21686303524243,57.96310043334961,31392536
2018-01-11,57.96309692360306,58.34184307004164,57.62560487671393,57.82060241699219,20307574
2018-01-12,57.83935399934014,58.259348249343184,57.003113142182016,57.76810073852539,22775863
2018-01-15,57.899361937668594,59.47434514118082,57.824361021547375,58.76184844970703,43786108
2018-01-16,58.70559603361705,58.70559603361705,57.00686274349157,57.43061065673828,29298001
2018-01-17,57.599353522811214,58.34559688368133,56.77436161705503,58.049346923828125,31364071
2018-01-18,58.124347987229704,58.48809155299079,55.964372449349604,56.380619049072266,48458449
2018-01-19,56.436870788345125,57.149361356319226,55.68687376266534,56.474365234375,33776091
2018-01-22,56.3993672846511,56.72936403622562,56.05062030815728,56.414363861083984,37845999
2018-01-23,56.399364021390774,59.031830584699925,56.399364021390774,58.4805908203125,84355326
2018-01-24,58.53683578186235,58.54433707260148,56.7856057065697,57.156856536865234,51799508
2018-01-25,57.37435755471216,57.98184805325611,56.868113470646264,57.685604095458984,88142731
2018-01-29,57.82435014759964,59.38433647803341,57.76060418555524,58.735591888427734,68308614
2018-01-30,58.54434501346816,58.791845600569125,57.843103359745555,58.18810272216797,63179831
2018-01-31,57.89834716830809,58.87446985798313,55.237617215680615,55.50132751464844,129589020
2018-02-01,55.7335620570255,56.10747951173334,53.65536200799559,54.847965240478516,74039310
2018-02-02,54.474034759969605,54.552759271521154,52.43126341128628,52.777626037597656,65009260
2018-02-05,52.03373122439746,53.09644619228457,51.20717780752425,52.273826599121094,46987220
2018-02-06,50.45933771779368,53.45068938521543,49.79415814688427,52.30924987792969,67045570
2018-02-07,52.58477077389504,53.70258925895535,51.71884912478319,52.09670639038086,67895210
2018-02-08,51.95894567536922,53.293244603145915,51.48269476333082,52.85634994506836,58455900
2018-02-09,52.24627818197787,54.31660457091251,51.96682054487775,53.94662094116211,91402880
2018-02-12,56.36331674142292,56.434167610475825,54.89912950993329,56.13502883911133,120363070
2018-02-14,56.62308924078071,56.717555057547344,55.46197468668881,55.733558654785156,48859510
2018-02-15,55.997272934842826,56.611285772706864,54.887322031136414,55.147098541259766,51312450
2018-02-16,55.73356305605067,55.851637829036534,53.812800004308734,54.29692459106445,50127600
2018-02-19,54.58424429993095,54.58424429993095,50.301896138817135,51.07728576660156,176587080
2018-02-20,51.54567687877126,52.07309757753894,51.022190004022505,51.2701530456543,102144780
2018-02-21,51.55353975777906,51.60470949448238,49.82957907745686,50.45540237426758,103075390
2018-02-22,50.408176662109675,50.99463474490694,49.817775746572806,50.18775939941406,89506310
2018-02-23,50.447524320936175,54.033207272641214,50.30189478251377,53.3522834777832,218662140
2018-02-26,53.52940945544717,54.525213430291025,52.99411512065918,53.54515075683594,91997750
2018-02-27,53.63961678119205,54.07257764396037,52.67923523529724,52.879974365234375,68053760
2018-02-28,52.258088834000816,53.13581204767213,51.955016224390526,52.868167877197266,71126500
2018-03-01,52.84848848404183,53.923011036938796,52.74614899892133,53.139747619628906,71283990
2018-03-05,52.6831689810253,52.687102804473255,51.309507862184006,51.63225555419922,97854660
2018-03-06,52.336801655087335,53.057087749553006,51.683426595953996,51.93532943725586,84149600
2018-03-07,51.71885667978378,52.065225390025454,50.74666760013228,50.98676300048828,51305770
2018-03-08,51.71098484259446,52.02979874058709,49.80596609934183,50.05786895751953,71261050
2018-03-09,50.38455240762287,50.91197907285974,47.349910698377556,47.763187408447266,180963670
2018-03-12,48.36933277138082,49.310033205716074,47.73563877129133,49.034515380859375,121935810
2018-03-13,49.042381927695864,49.8453233824096,48.36145807342411,49.502891540527344,104904050
2018-03-14,49.12110562717537,49.664270604681356,48.696018425865134,48.84952163696289,86551810
2018-03-15,48.80623002584266,49.010899991763345,47.98754415632146,48.15679168701172,75109510
2018-03-16,48.15678172231775,48.32602921798699,46.790994280996934,47.2475700378418,117395820
2018-03-19,47.231824853142946,47.38139121746055,45.09458465842148,45.25989532470703,125423170
2018-03-20,44.94895196033214,47.302672545239474,44.7482188675091,46.6807861328125,176450350
2018-03-21,47.14917356425184,47.36565097831278,45.696793864504926,45.83455276489258,119394510
2018-03-22,45.86998248334851,46.24389996260689,45.02768169609605,45.72828674316406,114862450
2018-03-23,44.08698019155519,44.77577774412899,43.571363981643586,44.594722747802734,141335500
2018-03-26,44.783645545006024,46.31474376706018,44.146017773067896,45.779449462890625,109299980
2018-03-27,46.48005591548182,47.15311214497798,46.251771016169236,46.44463348388672,100381680
2018-03-28,45.74009720618611,45.8936004342509,44.50026090011572,44.95289993286133,186550570
2018-04-02,45.11426709884099,45.6810469715799,44.720668546949604,45.56296920776367,68893450
2018-04-03,44.885985441903344,46.08645938987777,44.74035287645951,45.63382339477539,105083170
2018-04-04,45.90146153607043,46.483985677394664,43.890172812513754,44.1263313293457,139098930
2018-04-05,45.17330585080688,45.940824852049076,44.830877022132746,45.69285583496094,132621680
2018-04-06,45.25202379013774,46.43675621451679,45.1063912519715,46.224212646484375,85202010
2018-04-09,46.405273746632176,46.897271977612334,45.92508299272852,46.141563415527344,94892210
2018-04-10,46.68079599492395,47.5939446783618,46.62569242804643,47.38140106201172,108507100
2018-04-11,47.86159127969773,48.08987919851151,47.259385875486906,47.86552810668945,87247160
2018-04-12,47.77500102742353,47.92063360279095,46.97205945516608,47.10588455200195,66284990
2018-04-13,47.231830083792985,47.60181371371674,46.47612152315283,46.76344680786133,67161460
2018-04-16,46.52335043338447,46.97992622246808,46.062840820646535,46.57058334350586,51458130
2018-04-17,46.83823165084521,47.59394021392302,46.59813627357796,46.9208869934082,64003780
2018-04-18,47.30661372280846,47.61755695762315,46.806741850579186,47.35778045654297,42591350
2018-04-19,47.70808089076988,49.16046053181798,47.70808089076988,48.95972442626953,108170080
2018-04-20,48.723572061085456,48.723572061085456,47.43650293085716,47.71989440917969,63462740
2018-04-23,47.8852136535893,48.09775428403173,47.23970909879437,47.75138854980469,45911610
2018-04-24,46.79493872684568,47.373529166784564,46.397403288023874,47.038970947265625,59530460
2018-04-25,47.074389251202035,47.11374850835387,45.99592999006368,46.1454963684082,41224430
2018-04-26,46.28719229550248,46.56664692627655,45.39765866603592,45.51573944091797,74630620
2018-04-27,45.889659068326004,46.81855199921014,45.75583698649779,46.428890228271484,47174050
2018-04-30,46.57452366232688,47.223961961327696,46.12975531669433,46.83429718017578,36587540
2018-05-02,47.00354402344016,47.02716198139099,45.102462067484204,45.22447967529297,42410680
2018-05-03,45.18512193313082,46.23996633514359,44.7206754500897,46.08646011352539,67789040
2018-05-04,46.18486057034302,46.42889279548187,45.59839946811028,45.71648025512695,38816320
2018-05-07,46.12581711299336,47.070451273205855,45.736152368841005,46.95237350463867,45535090
2018-05-08,47.231828245929414,47.56244960224991,46.483990364785114,46.94449996948242,41259580
2018-05-09,46.71228130533876,47.92849952068131,46.64537026498869,47.47979736328125,62382110
2018-05-10,47.53883637877268,47.767124277634814,46.535161793779004,46.77132034301758,40012690
2018-05-11,46.99567214876481,48.06232396509436,46.53909634391406,47.802547454833984,61555370
2018-05-14,47.87733374918483,48.40869126176869,47.412887278299294,48.04658126831055,51731390
2018-05-15,47.94031333901673,50.12872071540969,47.664792501990235,49.27461242675781,128184360
2018-05-16,49.27853855543856,49.790217885069204,48.56612612212768,48.90462112426758,84263010
2018-05-17,49.58948712997871,49.6564011746786,47.40107985916721,48.04264450073242,160373410
2018-05-18,48.41262192002217,48.54644398636763,46.472180937582586,46.55483627319336,82166290
2018-05-21,46.64143107275169,47.2908693211839,45.24415493227389,45.4212760925293,71622330
2018-05-22,45.50786548615568,45.93294963844291,44.83087549888382,45.4055290222168,60966460
2018-05-23,45.34255651568477,45.34255651568477,42.30397791336151,42.5125846862793,171483860
2018-05-24,42.81565308253123,43.6028502430938,42.237062689050724,43.15414810180664,87008220
2018-05-25,43.610727465141466,44.933219043343875,43.453287419561356,44.73248291015625,88956190
2018-05-28,44.94895801792325,45.61414059952512,44.48451155911537,45.39372634887695,52356670
2018-05-29,45.25990085754679,46.287193413918494,44.819072360229164,45.29138946533203,64779110
2018-05-30,44.716736749942015,45.7755179345458,44.67737749090984,45.49212646484375,62018880
2018-05-31,45.97231433782155,46.23208783341158,45.0316139924677,45.31500244140625,66525100
2018-06-01,44.870235242959104,45.6259437474032,43.79177604372626,44.13420486450195,92496660
2018-06-04,44.4018517006587,45.06703421462956,44.10665278658907,44.56716537475586,87425270
2018-06-05,44.61834318532391,45.255974079104654,44.130281700348185,45.03555679321289,46882040
2018-06-06,45.22054279369811,45.79125956101515,44.807263063627836,45.63775634765625,44453050
2018-06-07,45.82274617562093,47.53883623262099,45.80700187199758,47.39714050292969,92793530
2018-06-08,47.15311286660091,47.87733283976071,46.602074233199026,47.27119064331055,83860780
2018-06-11,47.31448647588254,47.66478898320952,46.14943500164959,46.33836364746094,51511010
2018-06-12,46.20453430947964,46.346230030059814,45.43701832543593,45.657432556152344,85889350
2018-06-13,45.62594202805784,45.95656636311721,44.555353518979565,44.681304931640625,90600320
2018-06-14,44.63407606347115,45.24808883906368,44.161756002853444,44.83481216430664,74825140
2018-06-15,44.96470177791179,45.24809324126996,44.24048181859104,44.55535888671875,62087640
2018-06-18,44.31919749743615,44.354622929547325,43.0832982525206,43.96495819091797,105669650
2018-06-19,43.92560405986277,44.52387562576159,43.25255080041589,43.68944549560547,94521900
2018-06-20,43.78784381122691,44.547489221731695,43.55562208095499,44.33888244628906,66107030
2018-06-21,44.78757800576662,44.78757800576662,43.77602988307889,43.90591812133789,84651980
2018-06-22,44.114531887730394,44.445153270921566,43.77603685089047,44.228675842285156,62478450
2018-06-25,44.06729836281197,44.46089695805279,43.795714371161736,43.972835540771484,38992610
2018-06-26,43.95315703393322,44.07517464772747,42.37089190788508,43.25648880004883,102075820
2018-06-27,43.42966786816536,43.49264508525554,42.437800722347056,42.76055145263672,56541500
2018-06-28,42.902251732037364,43.80752980461505,42.823533205256396,43.17383575439453,86559780
2018-06-29,43.44934982876361,44.854496730535786,43.37850195964405,44.69312286376953,94773840
2018-07-02,45.33861949943736,46.16911270881958,43.787840198007636,44.122398376464844,157630480
2018-07-03,44.23654499190026,45.059167600977126,43.56742859457483,44.55535888671875,112361770
2018-07-04,44.66556318056397,45.13788022253311,44.047613599243725,44.956825256347656,68629470
2018-07-05,45.269308620788074,45.269308620788074,44.22771452044679,44.33187484741211,60136530
2018-07-06,44.06746845379667,45.209215888812125,43.77501936377088,44.347896575927734,66147830
2018-07-09,45.16514689471062,45.329399830469185,44.44804865253086,44.51615524291992,74437510
2018-07-10,44.788576021799415,45.75004566536268,44.620316083382136,45.56175994873047,100049050
2018-07-11,45.32539666591657,45.32539666591657,44.39998075460855,44.524169921875,61112450
2018-07-12,44.8686964309701,45.501666274880535,44.31985502609523,44.484107971191406,84439880
2018-07-13,44.81661956483153,45.02894416551452,44.30783886466898,44.756526947021484,55791290
2018-07-16,44.844658438810775,44.86068333924798,41.42742712383676,41.603694915771484,111598850
2018-07-17,41.82403177779726,42.921711433453076,41.10292656959293,42.65330123901367,107927060
2018-07-18,42.945757722899536,43.021875251329426,40.141463761907715,40.40186309814453,164512090
2018-07-19,40.70231967164803,41.13498286489355,39.50047950581332,39.95317459106445,168086510
2018-07-20,39.98121618091884,40.522043627685086,39.66072425727495,40.31772994995117,72614090
2018-07-23,40.54206808506678,41.623725918243636,39.92512624178912,41.4154052734375,68781340
2018-07-24,41.34330131133426,42.432970239242515,41.34330131133426,42.2567024230957,83983690
2018-07-25,42.545137828126215,43.10599714629676,42.3848949284524,42.94575119018555,67826380
2018-07-26,43.02187169734383,43.26223911999909,42.5731836003331,42.853614807128906,74811910
2018-07-27,43.105998481976584,44.35190632110172,42.96979140174585,44.08349609375,64628850
2018-07-30,44.02340710210915,44.74851639156558,43.85515020451778,44.30784225463867,47877070
2018-07-31,44.22371301857179,45.26130331478953,43.550682383749866,45.113075256347656,63739660
2018-08-01,45.097047874909826,45.477629361736156,44.171631949057094,44.53218460083008,60679920
2018-08-02,44.28379878806727,44.94080441844756,43.314315242803325,44.41199493408203,94930990
2018-08-03,44.5802540103451,44.868696117271824,44.11954803713921,44.424015045166016,55706900
2018-08-06,44.788575395975066,45.26129928857793,44.16762345811593,44.3278694152832,55438810
2018-08-07,44.65637320536141,46.206745003724265,44.35992016495788,45.92230987548828,92858540
2018-08-08,46.33093230204845,46.77160635448637,45.95435479316871,46.27083969116211,90084310
2018-08-09,46.47114514742133,47.08809002735782,46.13463142551256,46.9478759765625,57576870
2018-08-10,46.94787845979607,46.95188239257552,45.886252493729195,46.20674133300781,57254930
2018-08-13,46.06652510556602,46.64340926811472,45.34942689140815,45.57377243041992,78568310
2018-08-14,47.03200784837331,47.03200784837331,45.0730088135923,46.387020111083984,240305600
2018-08-16,45.66991721928974,46.206737586181106,45.1290898635066,45.47361755371094,79071710
2018-08-17,45.826163863151585,46.88778992146519,45.8141459508945,46.48316955566406,87432140
2018-08-20,46.71151292684692,48.21781987959086,46.703502005206154,48.0255241394043,116623180
2018-08-21,48.25387790319067,48.269902804334514,46.515217390987765,46.64341354370117,108737070
2018-08-23,46.86374998868467,46.86374998868467,45.68193879852754,45.8021240234375,66768300
2018-08-24,45.697965138085316,46.419070397379954,45.52970826306234,46.11861038208008,60602690
2018-08-27,46.62338451839167,47.03201188157844,46.39103107862008,46.567298889160156,53919460
2018-08-28,46.67145224268466,47.58485013230984,46.31891361790706,47.3004150390625,90212970
2018-08-29,47.2964088100607,48.221827681683415,46.91582736874673,47.60888671875,98855320
2018-08-30,47.456657686857135,48.87482933093714,47.356504348064234,48.74262619018555,102836570
2018-08-31,48.73060764544793,49.23538132220855,48.00149147076583,48.11366271972656,86333540
2018-09-03,48.31397230553699,48.870824651025195,47.91335893143397,48.133697509765625,54791330
2018-09-04,48.14570931631786,48.434151398123,47.320446848382026,47.516746520996094,60995720
2018-09-05,47.27237741321804,47.83323673957761,46.56729702989637,47.624916076660156,57911570
2018-09-06,47.91335920484447,48.698561055794535,47.632931063947126,48.09764099121094,66897160
2018-09-07,48.257880310312125,49.8362977740744,47.83723815686789,49.607948303222656,94458360
2018-09-10,49.67205276914819,50.076673143953855,48.97498633478687,49.16728210449219,62842580
2018-09-11,49.303484543187565,49.435687681377,47.14017185589943,47.44063186645508,81111720
2018-09-12,47.47268273914854,48.65048698516711,46.719530729342786,48.51828384399414,85663840
2018-09-14,49.00302681955367,49.71611812218836,48.87483066465796,49.27544403076172,79755590
2018-09-17,48.874830585109216,50.02859597729268,48.51828493437218,49.38761520385742,71838910
2018-09-18,49.515811266462414,50.04061685260565,48.81874486767521,49.09516906738281,78280630
2018-09-19,49.51580923968327,50.54138148973122,49.467737594006074,49.77220153808594,101346270
2018-09-21,50.4772833448418,51.887444083223265,46.81567748005636,50.088687896728516,229773790
2018-09-24,49.587921010062544,50.17682313589707,47.725068282352545,48.690547943115234,112429140
2018-09-25,48.794708491839394,48.794708491839394,46.07053642007727,48.153724670410156,109856240
2018-09-26,48.47421564711275,49.20733881565123,47.913356342387615,48.78669357299805,86477200
2018-09-27,48.97097680955161,49.73614980266272,48.666512853235716,48.999019622802734,82395420
2018-09-28,49.03507314467958,49.03507314467958,46.07053383447791,46.5713005065918,130270070
2018-10-01,46.471150566860615,46.935863539619184,44.66839041555998,46.727542877197266,69729490
2018-10-03,46.791636215275155,47.624909584033844,46.16667736815986,46.43909454345703,72170630
2018-10-04,46.21074500382517,47.09209612553521,45.66991764302412,46.655426025390625,76298400
2018-10-05,46.47115057919933,46.951885397098835,45.05297889302713,45.50967788696289,78689670
2018-10-08,45.42955294449818,45.665913345808626,43.5867322089358,44.85266876220703,91710480
2018-10-09,44.86869445534252,46.783625747531644,44.43202737817951,45.8702278137207,77344340
2018-10-10,45.92230513885136,47.09610232366458,45.92230513885136,46.76359558105469,71533140
2018-10-11,44.62832676072656,45.18918604893694,43.99134995973101,44.480098724365234,104016430
2018-10-12,44.932797664594574,46.375005205152796,44.71646607504521,46.19072341918945,57334070
2018-10-15,46.33093451342562,46.42708086157054,45.38949375272843,45.669921875,41001830
2018-10-16,45.75805714980588,46.79164032237028,45.63787192269381,45.894264221191406,56605680
2018-10-17,46.31491125405521,46.431089496381425,44.235726916947456,44.440040588378906,50205760
2018-10-19,44.30783422506895,45.07701109446982,43.66685350056824,44.464073181152344,77181960
2018-10-22,44.78857047752154,44.96483826025503,43.39042778762241,43.646820068359375,51019510
2018-10-23,43.26624341893073,44.06747014891093,42.87764796586035,43.71493148803711,46346880
2018-10-24,44.227711118179215,44.43602869964748,43.378409779867205,44.07147216796875,42196170
2018-10-25,43.64281554029862,44.11553937453923,43.266238045913234,43.72694396972656,44678590
2018-10-26,43.875176891549636,44.996895600080386,43.35438132121846,44.1916618347168,60994130
2018-10-29,44.58826934266993,46.11059831614223,44.2517525222274,45.96637725830078,57383130
2018-10-30,45.77007546072521,45.83016807480575,45.117076797357896,45.229248046875,40153190
2018-10-31,44.464073839533185,44.69242332153141,42.412935490759615,44.375938415527344,140703330
2018-11-01,44.532186405204044,45.18117814825402,44.387965338651235,44.596282958984375,54690570
2018-11-02,44.94881425093538,46.66344186492567,44.920771440188,45.994415283203125,79794570
2018-11-05,45.9904131299533,46.759590017158935,45.46961455999519,46.2668342590332,45358560
2018-11-06,46.4390937650025,46.823682172545155,45.66991694991719,46.13062286376953,39102740
2018-11-07,46.551269977181356,46.651423314530234,46.391027082573,46.491180419921875,4138710
2018-11-09,46.419072464555065,46.419072464555065,45.54573519226703,45.846195220947266,43487160
2018-11-12,45.954356161176925,47.248338602559535,45.842184914283024,46.69949722290039,81209960
2018-11-13,46.71151892667056,47.392563498221975,46.39904098311387,47.20827865600586,76264870
2018-11-14,48.47421453077831,48.92290257551284,46.81567553432286,47.20026397705078,216492890
2018-11-15,47.29640558690877,47.82521502475428,46.58732138523929,47.22029113769531,63895210
2018-11-16,47.272375099894106,47.35249654698003,45.63386797241988,45.9984245300293,74569270
2018-11-19,46.26683131822065,46.775611944545375,45.99041020671063,46.6634407043457,48892870
2018-11-20,46.230778255550426,46.31089969787032,45.028938282129374,45.13309860229492,76363680
2018-11-21,45.0289431639108,45.0289431639108,44.06747046964915,44.17964172363281,112428980
2018-11-22,44.22771665417299,44.355912810300666,43.11801590779634,43.23820114135742,85416120
2018-11-26,43.58673593801668,43.58673593801668,41.79599368264455,42.52110290527344,100037870
2018-11-27,42.44098118143893,42.45700608293046,41.06287021754146,41.84807205200195,157909070
2018-11-28,41.84807105860066,42.37688056951847,41.5556250185253,41.98027420043945,113524660
2018-11-29,42.625261521782896,43.17409986122107,42.39691203201988,42.74945068359375,139293320
2018-11-30,42.865631379216566,43.00985243958687,42.104465350914936,42.424957275390625,78540710
2018-12-03,43.36239201490349,44.28380402464245,42.92572489155497,43.114013671875,120923650
2018-12-04,42.68135042372363,43.30630632654256,42.63728270683895,43.12202453613281,61538100
2018-12-05,42.70538334347849,42.70538334347849,41.263175866237276,41.47950744628906,70780820
2018-12-06,41.12296403625158,41.79999856954663,40.14145942215368,40.87858963012695,129667140
2018-12-07,40.91865166859348,41.25516850766702,40.3177315797971,40.806480407714844,82529270
2018-12-10,40.013263895933775,40.82250464731082,39.82097118224646,40.28968811035156,54147050
2018-12-11,39.708798163073,40.35778986354771,38.951639141560875,40.121429443359375,112425720
2018-12-12,40.54206836483364,41.864093595693575,40.502007642536675,41.68381881713867,81419830
2018-12-13,42.30877878250998,42.30877878250998,40.702318292796306,41.04283905029297,68100950
2018-12-14,40.94268188642385,41.48751627015837,40.582132327678316,41.146995544433594,51559800
2018-12-17,41.5035455573952,42.08443679226727,41.37534939805059,41.984283447265625,48048540
2018-12-18,41.904155620758765,42.33681877046633,41.63173842165814,42.224647521972656,56735270
2018-12-19,42.29676315147281,42.661319753073464,42.03235684259611,42.2567024230957,49280430
2018-12-20,41.663791156783006,42.224650495181045,41.663791156783006,41.93220138549805,35173350
2018-12-21,41.99629829892188,42.62526113743556,41.52758141201953,41.679813385009766,59696700
2018-12-24,41.50354723546545,41.71987883618822,41.0228123825955,41.159019470214844,43294400
2018-12-26,40.78244283530816,41.44745944907596,40.41387620707465,41.13898849487305,49537410
2018-12-27,41.503543133159,41.64776418605238,40.45794202790072,40.58213424682617,50169310
2018-12-28,40.71834132132955,41.37935397102358,40.706323409661216,41.090911865234375,63074080
2018-12-31,41.66378873788318,42.06440209113206,41.35932173361159,41.74791717529297,79658120
2019-01-01,41.98428154878908,42.024342273690735,41.1469980330887,41.32326889038086,41281730
2019-01-02,40.54206743362786,40.60616703298045,39.420351952891636,39.552555084228516,117473500
2019-01-03,39.50047314042473,39.51249105111641,38.47891099794961,38.55903244018555,135329440
2019-01-04,38.53900281952576,39.488457553728615,38.42282763837759,39.07181930541992,104800720
2019-01-07,39.69277097460002,40.141455965088795,38.771359058096714,38.89955520629883,84067870
2019-01-08,38.911571919093056,39.528516818449596,38.76334694205952,39.36827087402344,62697060
2019-01-09,39.17597312257287,39.84499656841435,38.07829358824435,38.394775390625,126966600
2019-01-10,38.4588826621695,38.79139248539781,38.258575981637364,38.49093246459961,70810000
2019-01-11,38.77536906025392,38.79940488477279,37.817903335377245,37.994171142578125,75408240
2019-01-14,37.99416396203841,38.01018886083494,37.40125798875159,37.72575378417969,58899170
2019-01-15,37.89802199359383,38.178453170198445,37.57753315003648,38.06227493286133,76031810
2019-01-16,38.14640213760932,38.450869127132805,37.87398494833825,38.022212982177734,52802930
2019-01-17,38.16242634625283,38.31866529910586,37.69771342032486,37.910037994384766,42819350
2019-01-18,37.942092361294975,38.274602195930626,37.49741127074308,37.70973587036133,49148490
2019-01-21,37.89802171435653,38.258574335084575,37.66566524139433,37.793861389160156,46136900
2019-01-22,37.71374221048068,37.71374221048068,36.45581647976,36.58000564575195,89577660
2019-01-23,36.61606366463826,37.485393968574336,36.61606366463826,37.22499465942383,72593860
2019-01-24,37.21697916412006,37.21697916412006,36.63208406601485,36.91651916503906,47908460
2019-01-25,37.032704509295534,37.32114665283109,36.15135317555493,36.28756332397461,41579670
2019-01-28,36.287558496210025,36.37168693414233,35.518381586739785,35.71067428588867,43351470
2019-01-29,35.574469879009975,36.22746859749863,35.36214221714396,35.55844497680664,52257240
2019-01-30,35.79079272523443,37.76982351424216,35.79079272523443,37.453338623046875,108579250
2019-01-31,37.82190958281671,38.3707479414785,37.46936786245737,38.19447708129883,92437290
2019-02-01,38.218514870717094,38.61912822773418,37.65765555960571,38.03423309326172,50159940
2019-02-04,38.050259470145754,38.346712510034266,36.21544949029696,38.142398834228516,109720290
2019-02-05,38.21851790819327,38.21851790819327,36.81236405750459,37.233009338378906,72819270
2019-02-06,37.337157649624245,38.99569643655676,37.16088987924844,38.86750030517578,109992650
2019-02-07,38.735305486150004,39.37227924057075,38.30664932726512,39.183990478515625,78573380
2019-02-08,38.699250218790645,39.079834747151786,37.33316024156908,37.55750274658203,84145140
2019-02-11,38.058266108585,39.01973870577352,36.88046194779628,38.51496505737305,232623140
2019-02-12,38.33068686557448,39.8369939729956,38.19447673219768,39.05179214477539,188361110
2019-02-14,38.61912503887533,38.96765667458133,38.090315573535136,38.66319274902344,61850420
2019-02-15,38.699244690637535,38.73129448861464,37.068748659905005,37.45734405517578,74992400
2019-02-18,37.56952336743346,38.218518162008536,37.20897070378065,37.30111312866211,62535140
2019-02-19,37.28908744668613,38.50695226992558,37.28908744668613,37.733768463134766,82245450
2019-02-20,37.85796373463005,39.56858149188084,37.85796373463005,39.35225296020508,154872510
2019-02-21,39.46441811900379,40.29368755044468,39.28814728411917,39.96918869018555,117827140
2019-02-22,39.82096773843916,40.38182704165833,39.42836530925454,40.2456169128418,100057230
2019-02-25,40.38183069585905,40.8225048109665,39.92112468879498,40.46996307373047,103576040
2019-02-26,39.90109294029861,40.7503944254491,39.39631921426517,40.34978103637695,98562990
2019-02-27,40.6221923252924,41.04684147757616,39.897080118686844,40.63020324707031,94443460
2019-02-28,40.59014113092988,40.94267974935322,39.92512461447088,40.09738540649414,74854180
2019-03-01,40.34176616294969,40.83852895502513,40.22158398275404,40.67026901245117,66725690
2019-03-05,40.73437141882981,41.89615091249403,40.477979082406534,41.80400848388672,91180370
2019-03-06,41.89614457147396,42.09244425574214,41.2992284836856,41.73189163208008,63112270
2019-03-07,41.651767719672534,41.92017791278465,41.1469940764256,41.75592803955078,61536310
2019-03-08,41.4074021708902,41.55162324254817,40.56611462384389,40.690303802490234,65048470
2019-03-11,40.862560773041665,41.85608320333623,40.82250005023789,41.71586608886719,59082750
2019-03-12,42.016327216293654,42.505075994284965,41.743910014942955,42.076419830322266,82982750
2019-03-13,42.06440111146356,42.06440111146356,41.07087867371279,41.163021087646484,64091530
2019-03-14,41.17904897396767,41.808011847267096,41.14299218105322,41.475502014160156,44966420
2019-03-15,41.503542331940494,41.739905797122866,41.058861270176635,41.29922866821289,42339380
2019-03-18,41.623730076329956,42.204618244749305,41.28320932048285,42.08042907714844,63176050
2019-03-19,42.288749113058785,42.61725197559398,41.7158718343945,42.264713287353516,63298400
2019-03-20,42.148539015297004,42.16456391942611,40.94669871355564,41.1510124206543,87023070
2019-03-22,41.423427488346356,41.98428687746643,41.3112562218099,41.53559875488281,52334460
2019-03-25,41.08690350040879,41.479505921576,40.626200600879976,41.27519226074219,50368870
2019-03-26,41.343300118522215,41.73990957039454,41.19507512215964,41.61171340942383,33298250
2019-03-27,41.663791912487085,41.90415933146392,41.10693955355635,41.32727813720703,52391580
2019-03-28,41.215104250648544,41.37935720679279,40.445927279354386,40.56611251831055,89650930
2019-04-01,42.46501235045232,43.586730880397596,42.312780387626546,42.87764358520508,135235540
2019-04-02,43.10599190337993,43.10599190337993,42.148526329028215,42.51708984375,50868180
2019-04-03,43.01786205004052,43.87517440695751,42.74144090646092,42.90168380737305,114896800
2019-04-04,42.68534975824214,43.057920261899625,42.18458311657546,42.51708984375,52599170
2019-04-05,42.56116162335491,44.14759012911127,42.56116162335491,44.011383056640625,100377130
2019-04-08,44.3238580600961,44.62832504308128,43.73095205034491,43.99134826660156,106009010
2019-04-09,44.14758712727563,44.46807900937751,43.28627092494638,44.31184005737305,66189360
2019-04-10,44.19966552507241,44.82061429781653,43.402442868214344,43.6187744140625,78891530
2019-04-11,43.34636011022357,43.77902323045444,42.74544012871527,42.92171096801758,60823980
2019-04-12,43.02587174221843,43.4825706884787,42.64128331675909,42.75746154785156,62740160
2019-04-15,43.01786132162056,44.468082779243055,42.94975778424236,44.319854736328125,103903170
2019-04-16,44.35190523910519,44.62031545990886,43.999366578487134,44.3278694152832,63236540
2019-04-18,44.347895152100165,44.42801965330607,43.00183409621294,43.51462173461914,66605220
2019-04-22,43.266249596893175,43.726955643703214,42.71340417458383,42.801536560058594,36976860
2019-04-23,42.861624296738015,43.146059427285856,41.783976392310265,41.93220138549805,51193760
2019-04-24,42.21663459461543,42.29275211074748,41.07889412420669,42.084434509277344,83768350
2019-04-25,41.82403321117071,42.40892831945408,40.782439140851864,40.92265319824219,83594180
2019-04-26,41.73189442759299,43.88719633539698,41.307245229298886,43.6868896484375,381810110
2019-04-30,43.51061918187126,44.932797894802725,42.92171702782042,44.64435577392578,142581610
2019-05-02,44.395969647769775,45.00089663922226,44.02339912408542,44.464073181152344,90100300
2019-05-03,44.38795995420684,44.54820284743837,43.79505085736347,43.891197204589844,58796360
2019-05-06,42.80553563036426,43.546669713012754,42.260701232469344,42.94174575805664,99648390
2019-05-07,43.66284654207589,43.66284654207589,42.384892081328196,42.51308822631836,65414980
2019-05-08,42.56516935752513,42.65731177484915,41.791985453055645,41.87611389160156,64784320
2019-05-09,41.868097406769394,42.176568307121755,41.37133470739592,41.595680236816406,51055970
2019-05-10,41.82403383081199,42.12449383957295,38.38276360778918,39.00371551513672,372409210
2019-05-13,38.466890011247735,39.09985979647569,37.12884297667844,37.84193420410156,159569200
2019-05-14,37.4132804514684,38.266585785270735,36.55997511766606,37.62160110473633,211286060
2019-05-15,37.902029376789365,38.53499920481686,36.908506921629915,37.09278869628906,126650570
2019-05-16,37.17291172548189,37.761813817026145,36.46783140000248,37.59756088256836,112547310
2019-05-17,37.26104778523317,37.77783936304709,36.93654889992284,37.61358642578125,70884860
2019-05-20,38.298638453309,39.64069266279973,38.19047418572059,38.76335144042969,84575830
2019-05-21,38.847477479556396,38.85148446890433,37.55750198888164,37.861968994140625,63370580
2019-05-22,37.81790025184296,38.502948702711905,37.44933670922994,37.89802169799805,83642240
2019-05-23,38.26658955873598,38.97968395830805,37.020684731315,37.233009338378906,93403760
2019-05-24,37.25704334217743,38.96365715107321,36.72823381699757,38.7913932800293,108824810
2019-05-27,38.819434314633895,41.207089519295316,38.743316799900725,41.06687545776367,182077050
2019-05-28,41.19106486850538,41.55161749780186,40.47797358858419,40.62620162963867,99606130
2019-05-29,40.51803260750509,41.00277437787861,39.408335010276005,39.524513244628906,85236870
2019-05-30,39.500472201674135,39.77689636676181,38.93961295004042,39.09585189819336,72043630
2019-05-31,39.324208042899656,39.64068990086002,38.543010173759875,39.1239013671875,102769910
2019-06-03,39.17597674263139,40.20955983684421,38.86750277609862,39.873043060302734,85053920
2019-06-04,39.740839931788685,40.281670356357594,39.412337133213725,39.873043060302734,62125660
2019-06-06,39.873043176974505,40.265645574682175,38.69924602928356,38.82744216918945,72227990
2019-06-07,38.69924675153896,39.25209509855623,38.12236563941444,38.62713623046875,68111040
2019-06-10,39.179982212267596,39.64469205388198,38.70725839299747,38.94361877441406,68509170
2019-06-11,39.25209728977436,39.592618025222976,39.01974081375067,39.46041488647461,65345480
2019-06-12,39.48045087234081,40.702319879998136,39.26411927461068,40.53005599975586,127555250
2019-06-13,40.381826124216744,40.53005110473984,39.784910043587416,40.265647888183594,72248570
2019-06-14,39.9852164030478,40.74237536953667,39.82497351253539,40.2055549621582,66058960
2019-06-17,40.06934602748952,40.12943864143494,37.82190794000447,37.906036376953125,119382860
2019-06-18,37.91805171369294,38.33869386987321,37.148874865445784,37.84193420410156,106394540
2019-06-19,38.627135217834514,39.93313548456301,38.627135217834514,39.58860778808594,188375230
2019-06-20,39.588607517005244,40.28567382667866,39.24808681182459,40.14145278930664,78263560
2019-06-21,40.06133180883418,40.13344232834757,39.61665078124116,39.873043060302734,61262460
2019-06-24,39.8369923433897,40.04530993972757,38.6071094860458,38.95964813232422,72620000
2019-06-25,37.9781464845638,40.04530976390696,37.974139495294914,39.90108871459961,136491190
2019-06-26,39.66072583242541,41.046847802826555,39.28414826565346,40.910640716552734,129600840
2019-06-27,40.98275501124108,41.379361450167494,40.594159496062375,40.91865539550781,119467140
2019-06-28,40.98274888692366,41.315255660428164,39.98922638659182,40.413875579833984,87600340
2019-07-01,40.85054726168097,41.25116064574149,40.31372373769235,40.61819076538086,85443750
2019-07-02,40.74638656543048,40.93467534330264,40.22959493779334,40.76641845703125,57240040
2019-07-03,40.694307784014725,41.24715314687548,40.42990148670903,40.886600494384766,69464090
2019-07-04,41.10858201391375,41.32645699677374,40.59472473873983,40.72216033935547,72630590
2019-07-05,40.82082641579484,40.98525824775819,39.077820142690776,39.328582763671875,76163480
2019-07-08,39.053155754239114,39.4231336465465,38.24742786451199,38.481746673583984,80825910
2019-07-09,38.55985287181292,38.80650374742809,38.02955176425548,38.51463317871094,68585800
2019-07-10,38.60095777407488,38.9997115073306,36.83739929164637,37.392364501953125,134813440
2019-07-11,37.92678127043232,38.35431092934142,37.30192902420514,37.98433303833008,99870380
2019-07-12,38.17343262331943,39.41902225814585,37.84045408546893,38.88050079345703,132441180
2019-07-15,39.299804638269286,39.320360184260544,38.09532303344323,38.50230026245117,78060790
2019-07-16,38.239205427026306,39.34913913401551,38.15698950932468,39.19292449951172,64352100
2019-07-17,39.135370475968486,39.4477965906466,38.51874171971056,39.1107063293457,54793220
2019-07-18,38.88872298532464,39.08193384758156,38.136435084495645,38.36253356933594,52331730
2019-07-19,38.64207138434909,38.88872227655641,37.26493436121667,37.659576416015625,72848850
2019-07-22,37.65957814324715,38.42008640257336,37.09638935220222,38.276206970214844,69544520
2019-07-23,38.32964139887457,38.4694122101017,37.552689441462896,37.80756378173828,55292840
2019-07-24,37.8980026153799,38.06654617008908,36.430426368624246,36.668853759765625,83420010
2019-07-25,36.83329128885778,37.158049484567876,36.03578687784667,36.20433044433594,75280910
2019-07-26,36.09334064742822,36.84973714293127,35.817910730860035,36.627750396728516,65857860
2019-07-29,36.63186243081381,36.66063831649933,35.435601033738116,35.63703536987305,78727230
2019-07-30,35.75624837604599,36.33176605316336,33.3966133545203,34.124237060546875,94629210
2019-07-31,33.955695080600265,35.649370136030264,33.667936202017366,35.521934509277344,115418000
2019-08-01,35.14784063611712,35.50959505978209,34.10368218705809,34.531211853027344,94219850
2019-08-02,34.02968227780727,34.2968886770816,33.26506243315681,33.635040283203125,134859520
2019-08-05,33.21162462623604,33.21162462623604,32.04003063644486,32.82520294189453,112888540
2019-08-06,32.36479232251362,33.544606776646006,32.36479232251362,33.01841735839844,101975850
2019-08-07,32.47578303930996,32.599110052221576,30.90132343797462,31.39873695373535,133016090
2019-08-08,31.16031366618221,31.201421630486976,29.647517370875672,30.206594467163086,228263940
2019-08-09,30.46146016383582,30.72044625069137,29.668064365955537,29.791391372680664,133527610
2019-08-13,29.73795107963138,30.22303254390687,28.393701630849847,28.66912841796875,147820510
2019-08-14,29.071992271733933,30.482016884897025,29.055548461114586,29.980491638183594,187387690
2019-08-16,29.598181091836643,30.16547843368251,29.22409146426237,29.84894371032715,119202110
2019-08-19,30.08326544248868,30.16959310270357,29.363865137694862,29.561187744140625,98849660
2019-08-20,29.57351519211816,29.750282221950954,29.034990629788886,29.454299926757812,93637340
2019-08-21,29.35152672307789,29.45018643682257,28.105937251918128,28.200485229492188,114233780
2019-08-22,27.9456198805273,28.525249348275505,27.164556070691255,27.435871124267578,154598000
2019-08-23,27.3783167670223,28.689681621817776,27.160441770052692,28.385478973388672,112101340
2019-08-26,28.48002881510205,28.578688546570774,26.490374692745085,27.793516159057617,237649990
2019-08-27,28.03194611112346,29.162432238790473,27.966170867345074,28.850006103515625,173752960
2019-08-28,28.850003329935024,28.850003329935024,27.41120294213671,27.703073501586914,126417160
2019-08-29,27.460537026515308,28.171713816357528,27.016563539756593,27.58797264099121,134813100
2019-08-30,28.118272263119707,28.570466062744856,27.72363023055579,28.35670280456543,179722070
2019-09-03,28.036053010858925,28.04838822057127,27.049449504723313,27.246768951416016,92206530
2019-09-04,27.246769120264133,28.031944584338053,26.909678855100438,27.892173767089844,129047100
2019-09-05,28.447140236861312,28.940445150305738,28.13882584208462,28.377256393432617,142508850
2019-09-06,28.52935595095936,29.421411409368613,28.188153974626875,29.219980239868164,115554870
2019-09-09,29.219987307476732,29.64751703128994,28.6239108547069,29.08843994140625,143296190
2019-09-11,29.211758357423964,30.313468517884697,29.20353802073265,30.177812576293945,136500270
2019-09-12,30.321692524201552,31.201415973437005,29.84483144298215,30.013378143310547,188468200
2019-09-13,30.173702524283392,30.3504695682071,29.413194316271614,30.202478408813477,116222490
2019-09-16,29.762615189670413,30.12436959670705,29.48307669539882,29.68861961364746,80643190
2019-09-17,29.696844208397135,30.091486291658967,28.122387612478416,28.360815048217773,131984000
2019-09-18,28.611572732740456,29.705062530388894,28.393697747761042,29.454299926757812,162531840
2019-09-19,29.26931079279194,29.26931079279194,27.957949085177848,28.33614730834961,136564950
2019-09-20,28.603350875172833,31.32473687899345,28.290924787268093,30.30113410949707,267647140
2019-09-23,31.04520298507297,31.970146176563794,30.33813793543353,31.02465057373047,163931640
2019-09-24,31.078089339091843,31.184972537256076,30.272361457065088,30.486127853393555,95789890
2019-09-25,30.214809511697702,30.25180573218907,29.396749560915637,29.766727447509766,91169850
2019-09-26,30.009260018795825,31.189077260944295,29.873600967360222,30.893095016479492,140661520
2019-09-27,30.667003042330474,30.708110999070765,29.433745522105365,29.56940460205078,105687770
2019-09-30,29.187096037571752,29.902384555247966,28.414255750446664,29.63928985595703,147196960
2019-10-01,29.762615323189547,29.984602052254264,28.290927269206435,28.903444290161133,125641890
2019-10-03,28.488246519018833,28.685565941991957,27.826398145805772,27.92094612121582,121309560
2019-10-04,28.344367071248744,28.348478807773194,27.222104497946617,27.386539459228516,114452160
2019-10-07,27.530419314590233,27.80995781234005,26.59725269778209,26.70413589477539,124157800
2019-10-09,26.584920302775288,27.789401929583345,26.338269428058613,27.66196632385254,147767410
2019-10-10,27.370094294025762,27.505753365590326,26.967228815652895,27.127552032470703,115074980
2019-10-11,27.54275403350767,28.15527111816821,27.296103132116667,27.871623992919922,171588490
2019-10-14,28.426589961369498,29.002110835458815,28.196379729931905,28.35259437561035,167239630
2019-10-15,28.369034823246388,29.46252153163423,27.84695404776702,28.710233688354492,179722070
2019-10-16,29.08843765286427,29.08843765286427,28.38548117669891,28.56224822998047,128143020
2019-10-17,28.447135612216343,29.70916887088032,27.9826097953517,29.277530670166016,166951580
2019-10-18,29.265201456638746,29.82838704062721,28.919887726003477,29.565292358398438,165680360
2019-10-22,29.392641279650665,29.91061038177396,29.022663349562595,29.1459903717041,119442830
2019-10-23,28.94044454794937,29.49540981972931,28.71434607528458,29.285755157470703,93184500
2019-10-24,29.273422245598955,29.762615398083838,29.08843487241421,29.5899600982666,109734020
2019-10-25,29.29397876040575,30.334025466591488,29.273423213223076,29.78316879272461,149966920
2019-10-27,29.910606177614234,30.054485592331694,29.85305441172725,30.009265899658203,10820130
2019-10-29,30.05448533961521,32.86220231659898,30.05448533961521,32.081138610839844,251553140
2019-10-30,32.05647555355287,32.3688985374005,31.596058278352455,31.90026092529297,143714420
2019-10-31,31.974257143869956,32.072916870413806,30.93009870091105,31.287744522094727,217560230
2019-11-01,31.246632996129236,33.12529500433,31.07808631020704,32.84575653076172,241111950
2019-11-04,33.13351560144199,34.67097565000955,33.13351560144199,33.63915252685547,289344340
2019-11-05,34.03790362151632,34.35855002605826,33.01840951362872,33.21162033081055,208744340
2019-11-06,33.05130015207351,33.61859744767211,32.77998200874209,33.25273132324219,179351470
2019-11-07,33.215734462319865,33.61448506061402,31.96603323259734,33.14173889160156,407007600
2019-11-08,33.01019263165979,33.396611170115726,32.48400014704148,32.718318939208984,214235200
2019-11-11,32.51689125968088,33.195183563477386,32.39356738211367,33.00608444213867,135739740
2019-11-13,32.96086521996763,33.614490248578065,32.28668464329904,32.71421432495117,175114690
2019-11-14,32.56621953483203,32.77998278369008,32.01536289883453,32.22501754760742,108694250
2019-11-15,32.22913038992149,33.13351798076767,32.114026856868634,32.43467330932617,118132590
2019-11-18,32.59088063322732,33.92279770254997,32.55799301760561,33.7131462097168,189065280
2019-11-19,34.037904713968636,34.10778854564546,32.8868632458303,33.03074264526367,142650830
2019-11-20,32.96908262776166,33.585711378677416,32.6648799888173,32.77998352050781,122556020
2019-11-21,32.80464825138874,32.816980323633985,31.509727347929964,31.661827087402344,102085540
2019-11-22,31.735825905347156,33.117074592228164,31.497398499419432,32.88686752319336,172719490
2019-11-25,33.318506903059706,34.61342472456292,33.13351640260503,34.4901008605957,276124580
2019-11-26,34.942297477488204,35.295831561696744,34.264005193305024,34.872413635253906,282763120
2019-11-27,34.966962492701256,35.10673331697432,34.46543723817735,34.64220428466797,109846790
2019-11-28,34.7120908804043,35.70691790482477,34.70797914364693,35.526039123535156,157660730
2019-11-29,35.14373067029131,35.312277384937,34.62165298762225,35.14784240722656,126319560
2019-12-02,34.93818354479007,35.10261850279248,34.44899354356127,34.60109329223633,83371710
2019-12-03,34.36676965140672,34.41198933689076,32.590879255282736,32.85808563232422,168706560
2019-12-04,32.29490464482713,33.82825630573076,31.982481644679332,33.6514892578125,261132490
2019-12-05,33.79536547438922,33.861140712175946,32.64843564025502,32.87042236328125,111108840
2019-12-06,33.00608066265794,33.50349412546092,32.38122846372456,33.15407180786133,169310820
2019-12-09,33.13351860417301,33.85703057226443,33.047190952759124,33.437721252441406,123184520
2019-12-10,33.29795142084539,33.676149622534375,32.90330940999568,33.05541229248047,93495850
2019-12-11,33.084191020905024,33.56104898225007,32.9156443147582,33.34317398071289,82278630
2019-12-12,33.569271674662836,34.60520662612778,33.44594466638401,34.4243278503418,149846710
2019-12-13,35.373942816293386,35.7315855406909,34.81486574349231,35.221839904785156,216281830
2019-12-16,35.51782084574342,35.51782084574342,34.54354617594718,34.61343002319336,95658310
2019-12-17,34.827194821404696,36.33176744935904,34.78197512555971,36.126224517822266,307577380
2019-12-18,36.12622030400333,37.39236536730541,35.85079356059096,36.56608200073242,400283980
2019-12-19,36.17555309695786,36.94839332949373,36.011118137431765,36.73051834106445,205472860
2019-12-20,36.66885729367279,38.0994374600706,36.430429879553316,37.90211486816406,269312620
2019-12-23,37.90211482732612,38.436527696897684,37.57735975970252,37.996665954589844,186311430
2019-12-24,38.00077909971795,38.206322036196156,37.770568878153675,38.066551208496094,112355050
2019-12-26,38.066544478367916,38.80650017340053,38.066544478367916,38.46940994262695,182556030
2019-12-27,38.58040423195017,38.79005888186852,38.0829907577015,38.60095977783203,111443330
2019-12-30,38.65029421225467,39.16004297684514,38.239208319973855,39.0326042175293,114620740
2019-12-31,38.85994383294281,39.07781882565376,38.60096088362649,38.81061553955078,96441450
2020-01-01,38.88872294040877,39.17648493317645,38.21454235990987,38.45708465576172,121005300
2020-01-02,38.80650835831355,40.1055381302799,38.80650835831355,39.862998962402344,216749610
2020-01-03,39.71088848428375,39.97398315088612,39.419017936532235,39.76844024658203,129568630
2020-01-06,39.464244176087874,39.464244176087874,38.68729211977805,38.909278869628906,96016080
2020-01-07,39.094265216185455,39.8424413666004,38.93394197940628,39.14359664916992,131957880
2020-01-08,38.77772529490477,39.31213496727309,38.39541536531446,39.073707580566406,133048410
2020-01-09,39.87533136309721,39.95754728663088,39.39024988704113,39.723228454589844,101311520
2020-01-10,39.916435810671636,40.602948434381005,39.46424199837416,39.9739875793457,159276340
2020-01-13,40.37684915563538,40.86193054164175,40.10142241295728,40.759159088134766,109427500
2020-01-14,40.816717443037234,41.601889843740196,40.75916567068566,40.99348449707031,156608220
2020-01-15,40.44262308106548,41.40045382371945,40.2165277549429,41.2812385559082,121179480
2020-01-16,41.273018888510556,41.441562451710524,40.45906754679698,40.64816665649414,104383690
2020-01-17,40.55773249045665,41.01814664682622,40.442625815028045,40.718055725097656,56824600
2020-01-20,40.86193213997955,41.09213920121239,40.21652751216379,40.33985137939453,72918780
2020-01-21,40.105532681033424,40.105532681033424,38.92982695310594,39.147705078125,113158030
2020-01-22,39.35324853968262,39.45190826234762,38.90516334664365,39.05726623535156,76621710
2020-01-23,39.12715260118197,39.61634578222201,38.90105412179298,39.484798431396484,72000200
2020-01-24,39.48890388470105,39.883545905725654,39.172369175119734,39.743778228759766,74811300
2020-01-27,39.27925275927558,39.27925275927558,37.8281171282935,38.02132797241211,129631190
2020-01-28,37.8199011538209,37.98433613393088,36.33999260550388,36.689414978027344,180152830
2020-01-29,37.22793623895201,37.795236759842,36.96484152701383,37.17860794067383,110818340
2020-01-30,37.15394011871233,37.36359479237637,36.29066041160953,36.87851333618164,146520160
2020-01-31,37.24437798096734,37.347149445118106,35.88368479923889,36.06867218017578,107387270
2020-02-03,34.36677926867866,36.09334186295625,34.2516757229941,35.850799560546875,162371260
2020-02-04,36.33999006024315,37.27726530398576,35.637033627436196,37.15393829345703,133362630
2020-02-05,37.18271268670022,39.4395761890565,36.83329035266229,39.05726623535156,160567650
2020-02-06,39.29980962029109,40.060317873337446,38.773620194104126,39.26692199707031,166660740
2020-02-07,39.11070682147728,39.4395767501541,38.54751808792744,38.72428512573242,116499090
2020-02-10,37.84045662949702,38.087107531018205,36.17555755564039,36.48798370361328,267960480
2020-02-11,36.862068072887695,37.630799755151365,36.3975421832006,36.51264572143555,168243710
2020-02-12,36.99772838366514,37.36770629476905,36.38521131415418,36.82918167114258,117858580
2020-02-13,36.89495286590317,37.13749199768623,36.122112642472715,36.278324127197266,99652210
2020-02-14,36.257772221193115,36.63186186566981,35.62881134638715,35.727474212646484,94848170
2020-02-17,35.805581435613675,36.249554962478086,35.60003848462125,35.91657638549805,97247650
2020-02-18,35.68225318513916,35.77680117468998,34.638094745371724,35.46848678588867,115024230
2020-02-19,35.88368055405897,36.052224104432035,35.201276607387626,35.61647415161133,84651090
2020-02-20,35.271171766730944,36.808632167293474,35.1889527042479,36.467430114746094,129802370
2020-02-24,35.75213875473105,35.75213875473105,33.98446825232319,34.15712356567383,175231420
2020-02-25,34.44899673421343,34.987518213621385,34.07079535487825,34.63809585571289,145581760
2020-02-26,33.815926737615044,34.481883882952616,33.815926737615044,34.227012634277344,142707060
2020-02-27,34.11190940789302,34.19412533346905,33.466504669477956,33.93925094604492,102263790
2020-02-28,32.77998282679789,32.80053837259448,30.831436893314482,31.386402130126953,245328330
2020-03-02,32.36889714581163,32.393564428144664,29.43374459139392,29.9311580657959,202207720
2020-03-03,30.70811074991546,32.14691117850414,30.42857225547907,31.863264083862305,186489330
2020-03-04,31.904370718899372,32.056473601274426,30.017485175518097,31.008203506469727,229371480
2020-03-05,31.56727540161136,31.883810051959028,30.773879771551425,30.893095016479492,146284680
2020-03-06,29.347421796056288,29.458416744065737,28.5005858558999,28.89933967590332,148481880
2020-03-09,27.74829568070451,27.76473949154231,26.288941184464043,26.498594284057617,204221360
2020-03-11,26.63836540037671,26.80690897472561,24.344505512875152,24.64459800720215,286928700
2020-03-12,22.609721147562293,23.99096981766571,21.96842667410913,23.633325576782227,437671340
2020-03-13,22.1986357464827,27.304321215453054,20.99415408885899,26.860347747802734,338414370
2020-03-16,24.994018672916162,26.116282824099173,23.604548099379475,23.810091018676758,236054820
2020-03-17,24.66514883761687,25.29410963116236,23.0619135359046,23.246902465820312,206539390
2020-03-18,23.842980413494995,24.101964950176935,22.66727457668127,23.0906925201416,187721700
2020-03-19,22.112305759966805,23.39078286053004,21.417569748005185,22.35073471069336,187219810
2020-03-20,22.996141520923455,25.07623645358064,22.539837551898145,24.480161666870117,173077660
2020-03-23,22.03419976948102,22.8563714260761,20.846161976608002,22.293184280395508,121004020
2020-03-24,22.778268726954312,23.48533694792084,21.261362382382373,22.35485076904297,129288020
2020-03-25,21.956094225336127,24.254064089041524,21.956094225336127,23.579883575439453,94428290
2020-03-26,23.842978502782604,24.29517229539576,23.02902873517812,23.386672973632812,114938330
2020-03-27,23.925196220177998,24.274618557181622,22.54394754580051,22.794710159301758,111835940
2020-03-30,21.951986263104306,22.260300668102015,20.624177512259518,20.88727378845215,158537210
2020-03-31,21.561453454405857,22.400068976756195,21.351798789734225,22.165748596191406,157868130
2020-04-01,21.869768426302322,22.03009166343942,21.22025200407003,21.898544311523438,119647990
2020-04-03,22.00953590032459,22.108195622183217,20.636509153809286,20.862606048583984,125266950
2020-04-07,21.873876362101246,22.83170708664325,21.475124178383908,22.70838165283203,159566590
2020-04-08,22.28085415047274,24.081410674529472,21.923209887750776,22.589168548583984,204349980
2020-04-09,23.061915567377813,23.81009168923727,22.82759675823326,23.4195613861084,138556280
2020-04-13,23.431893880802825,24.007414708651186,22.51517260662878,23.23046112060547,155103280
2020-04-15,23.629214255736894,24.30750652935873,23.17702045210104,23.444225311279297,209917430
2020-04-16,22.69193988058823,23.999193046311888,22.69193988058823,23.752540588378906,172487980
2020-04-17,24.459606372904844,24.640483569777455,23.472999774293598,24.118404388427734,174923730
2020-04-20,24.237621426233336,24.25406523665242,23.440115438924593,23.5469970703125,119607480
2020-04-21,23.024917876006874,23.103025191499114,21.64367073081916,21.86565589904785,169249100
2020-04-22,21.87798945902179,22.190414015316417,21.310690546410736,22.062976837158203,147898560
2020-04-23,22.19863521905401,22.938589412722205,22.116417737942427,22.22330093383789,154678570
2020-04-24,21.894432361211443,22.515172892170423,21.742331031073096,21.997203826904297,123808460
2020-04-27,22.52750455847819,22.765935107290563,22.239744146113214,22.33429527282715,124106120
2020-04-28,22.519283010731055,22.642610023822748,22.161638750002247,22.490507125854492,85471050
2020-04-29,22.445287846988766,23.52644412283946,22.301408419933868,23.238683700561523,198765690
2020-04-30,23.838868489952638,25.03512821853269,23.736097030218378,24.525381088256836,236333720
2020-05-04,23.43189266702546,23.526442221185924,22.206857063140077,22.494617462158203,128914590
2020-05-05,22.938590768159422,23.218129279555868,22.28085401673726,22.41651153564453,121823300
2020-05-06,22.53572298973759,23.057802133705632,22.367177877761126,22.8358154296875,95077310
2020-05-07,22.64671752702953,23.25512434279144,22.580943859600346,22.679603576660156,89583760
2020-05-08,23.251016847943582,23.349676576346823,22.363071451473864,22.43706703186035,98777550
2020-05-11,22.654940056518914,23.26745705732075,22.609720364882275,22.70838165283203,109074080
2020-05-12,22.469952032502157,22.757712435170895,21.74644164149348,22.523393630981445,150402970
2020-05-13,23.637437207677536,23.67854516685842,22.486397100763384,22.737159729003906,147231160
2020-05-14,22.36307225479712,22.626166964214097,21.976650528193797,22.079421997070312,107969020
2020-05-15,22.198635874267744,22.75771288052656,22.09997458038816,22.482284545898438,149896650
2020-05-18,22.535726689564786,22.708383565980963,21.577897452495005,21.919097900390625,116153670
2020-05-19,22.358957797872723,23.05369384659009,21.993091664087306,22.363069534301758,168970940
2020-05-20,22.363071663342808,23.349676797562918,22.206858595694914,23.283903121948242,144218120
2020-05-21,23.34145635819021,23.534667228517637,22.897484411946873,23.325014114379883,130358110
2020-05-22,22.938590787787426,23.041362253295585,22.469953155977123,22.564502716064453,106567390
2020-05-26,22.81526529420538,23.38256422168891,22.77415733535694,23.05780601501465,121075590
2020-05-27,23.201683427899553,23.875865499016104,22.942700486901877,23.6744327545166,140074620
2020-05-28,23.999189124604253,24.550044152020813,23.793646227331923,24.295169830322266,166019580
2020-05-29,24.015633468473133,24.410277057616412,23.666211139766098,24.2705078125,131279850
2020-06-01,24.82958575837142,26.128616970715708,24.82958575837142,25.914852142333984,243843600
2020-06-02,26.1450572587325,26.593142428868344,25.86140861035881,26.260162353515625,165626630
2020-06-03,26.757576735664696,26.82746371447127,25.902518974656413,26.09572982788086,103869540
2020-06-04,26.054624846412597,26.523260954512406,25.865524140130596,26.305387496948242,112512660
2020-06-05,26.786353364018655,28.25392960650754,26.72468986414886,27.867507934570312,309184760
2020-06-08,28.586908533408742,28.841782872978172,26.91378935775221,27.42764663696289,164816490
2020-06-09,27.624968774485684,28.28270866519801,27.0371158641885,27.312545776367188,149268320
2020-06-10,27.22210595617129,27.254993577456588,26.47392982177982,26.638364791870117,172188830
2020-06-11,26.473927558670063,26.597251423443367,25.569538436820842,25.746305465698242,139066840
2020-06-12,24.665150716874216,26.346490318633148,24.665150716874216,26.112173080444336,175578850
2020-06-15,25.795640999934033,25.89841247802142,24.87891960357474,25.174901962280273,185810020
2020-06-16,25.906632611266712,26.519151268737694,24.772034692665375,25.400997161865234,234418060
2020-06-17,25.257115093566547,25.8819657993301,25.080348045375693,25.339332580566406,114470230
2020-06-18,25.339332344950265,26.24372155720306,25.24889295327455,26.153282165527344,113692780
2020-06-19,26.391711570107468,26.790465365377703,26.08750890482002,26.35471534729004,151342880
2020-06-22,26.28894177026941,26.967232516678123,26.173836660007986,26.778133392333984,110312750
2020-06-23,26.94256465774202,27.419422571650585,26.81512905887898,27.296098709106445,125450560
2020-06-24,27.67429904018023,27.801734648872145,26.700024455624607,26.806907653808594,207826420
2020-06-25,26.47392981132938,26.917903289497072,26.391710758148594,26.564369201660156,113456530
2020-06-26,26.78635442143796,27.12755327969302,26.51914800234452,26.626028060913086,97063330
2020-06-29,26.556142480061553,26.802793336763386,25.65997529618743,26.379375457763672,119611330
2020-06-30,26.56436857237197,27.760626756704312,26.56436857237197,26.860347747802734,365236470
2020-07-01,27.049448247151624,27.09877653836342,26.334156661221467,26.61369514465332,104894330
2020-07-02,26.8891278660575,27.748295816260313,26.683584934085204,27.53453254699707,119713930
2020-07-03,27.70718665971747,27.70718665971747,26.913790851138966,27.123445510864258,106126140
2020-07-06,27.39064638230466,28.09360274081558,27.156327596134354,27.86339569091797,141439660
2020-07-07,27.85517793187415,27.859286532191145,26.97134273162205,27.156330108642578,108393710
2020-07-08,27.361872859782082,28.48002686082173,27.29610075542827,27.47697639465332,215601630
2020-07-09,27.70718564539559,28.652681175191848,27.666077689549837,28.323814392089844,244037810
2020-07-10,28.11415884737165,28.307369683681532,27.55919362023503,27.846952438354492,125261130
2020-07-13,28.2251563173682,28.52935897197627,27.83051113648573,28.126493453979492,121150000
2020-07-14,27.87162233822348,27.87162233822348,27.345429807135865,27.67841148376465,83070350
2020-07-15,28.007277810170077,28.488250637920633,27.78940281164916,27.896286010742188,96874130
2020-07-16,27.78940067798117,28.488248450595165,27.259099596239643,28.089494705200195,105860440
2020-07-17,28.447141075897058,29.3350880644849,28.37725723040717,28.85411834716797,244153950
2020-07-20,28.866448254590225,29.16243056190099,28.496470370451764,28.973331451416016,95320490
2020-07-21,29.269309440361866,29.647510782394377,28.734899750486953,29.528295516967773,113681040
2020-07-22,29.639288759113054,29.836611344447157,28.496470613296633,28.780120849609375,178429190
2020-07-23,28.78422740722137,29.302196412671673,28.582796235899092,28.932218551635742,96250490
2020-07-24,28.529359808838905,28.759566890826285,28.16349363796484,28.455364227294922,89188290
2020-07-27,28.85822539935061,29.09665594493814,28.303260129427738,29.01032829284668,118356070
2020-07-28,29.071991148196958,29.598180522335824,29.002107308017653,29.474853515625,106392570
2020-07-29,29.515964341329266,31.115087995821156,29.281645539770548,30.728666305541992,301158810
2020-07-30,30.995875093550417,31.06164720157605,29.935272800736733,30.14081573486328,103982570
2020-07-31,30.05859623120973,30.45323824131063,29.631066602849778,30.116147994995117,90249550
2020-08-03,29.988708730974917,30.983538779633786,29.766725152469654,30.70810890197754,111369710
2020-08-04,30.790329557174122,31.07808838609679,30.227140836184315,30.60533905029297,111842600
2020-08-05,30.671115444542764,32.71421261586962,30.671115444542764,32.54155731201172,305597410
2020-08-06,32.87472997182369,33.975474919236255,32.51625054389315,33.77725601196289,221228070
2020-08-07,33.393468905116826,34.30442823923701,33.15729485879494,34.08090591430664,151763170
2020-08-10,34.22430566790643,34.713523881716704,33.70556247543931,34.59965515136719,120182110
2020-08-11,34.84426138967261,36.067308375854616,34.793651284003545,35.126827239990234,258851910
2020-08-12,34.89487260342833,35.20274515356079,34.37613263094362,34.96235275268555,115744020
2020-08-13,35.274443526780175,35.56966116188149,34.48578610496537,34.844268798828125,124220440
2020-08-14,34.58278476738914,36.34988175038899,34.50687120870672,35.29974365234375,477423650
2020-08-17,35.25756952226626,36.19805396995811,34.94126356982195,35.85222625732422,181455010
2020-08-18,35.56544370993626,36.843319302090876,35.40096486446868,36.64931869506836,173400200
2020-08-19,36.649316640089076,36.737881919787895,36.1727469504705,36.41313934326172,118436810
2020-08-20,35.848006529605044,36.969839807817635,35.68352769823258,36.489051818847656,158466000
2020-08-21,36.754749721651976,37.281926271825895,35.978744166628196,36.17274475097656,134818760
2020-08-24,36.57340108511586,36.92344708882022,36.10948636162942,36.22757339477539,90928540
2020-08-25,36.438449695636905,36.49327490739136,35.54857527734735,35.76366424560547,105529000
2020-08-26,35.84800338745117,36.07996234348085,35.61182933595196,35.84800338745117,79571570
2020-08-27,35.89017927058538,36.286617070136195,35.67930864829331,36.004051208496094,95491160
2020-08-28,36.24022483164981,36.944531929241855,35.683526524327014,35.78052520751953,152112670
2020-08-31,35.9745341274861,36.28240347418868,34.582786552351365,34.83583068847656,157459100
2020-09-01,34.91174131512844,36.497489368524626,34.74726247959759,36.155879974365234,140728230
2020-09-02,36.27396370813958,37.25661831820841,36.025134711913516,36.999359130859375,117392780
2020-09-03,37.324099730167426,37.42110163109921,36.767401422219294,36.95296859741211,102142880
2020-09-04,36.109491432227486,36.60292798329019,35.341922391364136,35.53592300415039,105290810
2020-09-07,35.738355373549716,36.134793208690894,35.29552895755965,35.63713836669922,96263460
2020-09-08,35.911269022886124,35.911269022886124,33.95860492488933,34.16947555541992,116372720
2020-09-09,33.63808454845232,35.438918353042084,32.60060141183869,35.20696258544922,319997830
2020-09-10,35.763663284298794,35.92392381886392,33.832087371178396,34.41408920288086,229205440
2020-09-11,34.47734540225538,34.806303045401016,33.950168867052696,34.371910095214844,136871250
2020-09-14,34.5827823241268,34.92861001866286,33.92064869369935,34.13151931762695,123310520
2020-09-15,34.32974152840032,34.62917745712814,34.038739009685244,34.182132720947266,91323090
2020-09-16,34.28334951125265,34.582785438076414,33.96704354688,34.12730407714844,99873490
2020-09-17,33.90377875670223,34.37191180059935,33.165731570799785,33.62964630126953,148080220
2020-09-18,33.91643192536735,34.215867838869876,33.182603021605786,33.35973358154297,168417030
2020-09-21,33.401902955874085,33.67181707618429,31.293196879931777,31.495634078979492,141383050
2020-09-22,31.54624720293532,31.925811758834918,30.213543290903317,31.55889892578125,220130270
2020-09-23,31.799294502222715,31.883641474742554,30.06593751060479,30.475027084350586,169844110
2020-09-24,30.09545753080367,30.1334127009515,28.910365582050904,29.00736427307129,124957470
2020-09-25,29.353194547419964,29.99424314081965,29.032670250720123,29.69902229309082,122425760
2020-09-28,30.36115129275757,30.78289253728728,29.998453565051587,30.449716567993164,122701960
2020-09-29,30.787108483265893,31.360676789131666,30.508757738817756,31.21306800842285,178916090
2020-09-30,31.297418291904798,31.335376678197836,30.196673353863268,30.344282150268555,129636870
2020-10-01,30.728070832186418,31.234159096187266,30.631068919143722,30.782896041870117,95540970
2020-10-05,31.2172844445677,32.51624820585328,31.166677556225558,32.246334075927734,195905330
2020-10-06,32.6259030857344,32.663858253455764,31.47033297129335,31.833030700683594,142863360
2020-10-07,31.71494422579062,31.993295026084176,31.208855956786913,31.301639556884766,96937190
2020-10-08,31.584202468089313,32.305379631187236,31.352243489769613,31.516725540161133,141111310
2020-10-09,31.71916327895038,32.6385594559184,30.96003085775226,31.166683197021484,220065830
2020-10-12,31.50407357743395,31.811946139792212,30.57624401171691,31.301639556884766,157568610
2020-10-13,31.37755180976615,31.736031253488736,30.926288769817116,31.069679260253906,119024640
2020-10-14,31.24259182470172,31.82037526409387,31.170896586148437,31.676984786987305,148921160
2020-10-15,32.13668310331652,32.777731627937115,31.33537727398653,31.537811279296875,316506980
2020-10-16,31.80772191393951,33.3934697957829,31.64746140932236,33.22055435180664,288554790
2020-10-19,33.53686414148015,33.73930136543016,33.047645944849286,33.35973358154297,147289680
2020-10-20,33.064511273980536,33.51577423678791,32.86207407885318,33.09825134277344,109496320
2020-10-21,33.427208973914254,34.414081854013624,33.26273016056436,34.08090591430664,263519520
2020-10-22,33.89956057749722,34.882218463992224,33.747733469814285,34.553260803222656,208883010
2020-10-23,34.8358252318769,35.93235179508267,34.7683483077073,35.71726608276367,285885950
2020-10-26,35.70883185708613,35.70883185708613,34.08934695656731,34.44782638549805,166073190
2020-10-27,34.47312892741696,35.16056922526435,34.0260842313668,34.66712951660156,160621710
2020-10-28,34.70508726506457,35.27443729946512,33.777254600087446,33.93330001831055,169657540
2020-10-29,33.69290491400388,34.161037913187606,33.342858938464694,33.857383728027344,138603960
2020-10-30,33.967039664442375,34.82739217531324,33.334427808004705,34.629173278808594,180209980
2020-11-02,34.58278840025223,34.79365906122937,33.62965211169885,33.979698181152344,131431090
2020-11-03,34.37191061308065,34.768348403167685,34.11464820261527,34.3213005065918,122580340
2020-11-04,34.49000147422405,35.008744666045665,33.85738955219461,34.068260192871094,136143660
2020-11-05,34.75147862581923,36.12213764817909,34.511086249064405,35.89017868041992,265177560
2020-11-06,35.805828329050414,36.51435366990734,35.64978292755116,35.974525451660156,173981930
2020-11-09,36.52279684105403,37.10480190875256,36.05044863263881,36.969844818115234,158308620
2020-11-10,37.11323038743565,38.23084535512883,36.7378809284277,37.27349090576172,262002400
2020-11-11,37.27349308821707,40.263640430180416,37.07949248594828,39.97685623168945,368618330
2020-11-12,39.81237935465266,40.478731380735525,39.33159453017028,39.90937805175781,234936850
2020-11-13,39.71537499133536,41.19568776367597,39.22193847309868,41.039642333984375,234181870
2020-11-14,41.88312531619763,42.131954343549864,41.07760114785358,41.516212463378906,78374000
2020-11-17,42.68021533695605,44.78470659588129,42.31751758649574,44.08883285522461,642845990
2020-11-18,43.69239300371976,44.18161439983105,43.0724328493096,43.624916076660156,174815130
2020-11-19,43.173650282700464,45.185354506516944,43.017604871388755,44.16474151611328,201379980
2020-11-20,44.367179417638134,45.69144672118518,43.945438156186704,44.94918441772461,266860000
2020-11-23,45.37935810103327,46.05414346114376,45.24018271555193,45.80953598022461,170254250
2020-11-24,46.21862108131809,46.42949170193028,45.66614108495585,46.248146057128906,130291260
2020-11-25,46.47588227083799,47.121149055712465,45.50587937216797,45.65348815917969,176809890
2020-11-26,46.05414404526238,48.17128696039751,45.65349113757373,47.943546295166016,225701850
2020-11-27,48.07850704372759,49.12020854449593,47.49228690823645,48.69846725463867,462912480
2020-12-01,49.934163529140626,49.934163529140626,48.66472149403438,49.41120529174805,147391090
2020-12-02,49.402771879589416,51.249997475212545,49.26359648890829,50.975868225097656,249970850
2020-12-03,51.368086942457296,52.6965693421996,51.28373675957129,52.371829986572266,247756520
2020-12-04,52.633312384831676,53.35027126497676,51.840436728882835,52.523658752441406,201535520
2020-12-07,52.59957043821036,53.05505177103548,51.40604190071932,51.836219787597656,155883210
2020-12-08,51.95852062645393,52.41822026135648,50.81560222697216,51.74343490600586,170158530
2020-12-09,52.1272203056001,52.35496097741583,51.20782420869831,51.39760971069336,127307310
2020-12-10,51.11504111948972,51.78982973196436,50.0606879345363,51.46086883544922,198293280
2020-12-11,51.865739224372305,52.75561028249831,51.81091080376902,52.43930435180664,163956980
2020-12-14,52.865264892578125,53.89009625584843,52.74295954431274,52.865264892578125,177227150
2020-12-15,52.58692082955675,53.738272713253984,52.07239595708171,53.59066390991211,132263120
2020-12-16,54.08410020536495,54.77997069361488,53.831052881313646,54.26966094970703,160402560
2020-12-17,54.26966365435953,54.48897091711629,53.26170549187759,53.58644485473633,79651860
2020-12-18,53.83527331657588,54.05457735941607,52.97070243312922,53.244834899902344,253515060
2020-12-21,52.63330478228407,52.94539237963668,49.39433213079536,50.2588996887207,190766540
2020-12-22,50.27155347854748,51.4903853794641,49.34372405683852,50.722816467285156,188468790
2020-12-23,50.52460616446257,52.65017936451817,50.29686548925006,52.414005279541016,122383430
2020-12-24,52.74296187204393,53.72561979732921,52.23265532459938,52.48991775512695,120907400
2020-12-28,52.99179150718588,53.59066334161111,52.85261611509774,53.36292266845703,104805170
2020-12-29,53.80153290046605,53.953360012862,52.38448199652417,53.32496643066406,104163260
2020-12-30,53.38822776319398,54.31605730382831,52.63752879015938,54.02083969116211,115144280
2020-12-31,53.691876801303515,55.121579362579006,53.691876801303515,54.290748596191406,177130120
2021-01-01,54.40462562461147,54.80106346113029,53.982884340699755,54.244361877441406,84113960
2021-01-04,54.74201441225235,59.035337160111055,54.52692226060502,58.453338623046875,381849550
2021-01-05,57.94724544035291,58.52503533146713,56.94350563674941,57.403202056884766,215452540
2021-01-06,57.694207086351824,58.76121198580161,56.93507151246672,57.67733383178711,196105220
2021-01-07,58.453337183225436,61.70074337445785,58.34368034461276,60.96691131591797,382321940
2021-01-08,61.321172683186596,61.342261031881506,59.30525010495482,60.1529541015625,193293130
2021-01-11,60.055957840125515,60.055957840125515,58.04847159241139,58.6768684387207,170245090
2021-01-12,58.62202686636087,61.110297375073614,58.29306924480928,58.613590240478516,245254840
2021-01-13,59.16607806292802,60.27104453131001,58.45334074482053,59.8155632019043,193538710
2021-01-14,59.88725313830196,60.26260256605414,58.799160020318475,59.579383850097656,115408580
2021-01-15,60.05595630865549,60.85726860996145,58.845560882029545,59.54143142700195,206884370
2021-01-18,59.71856057615715,59.78181918637718,55.62766550831663,56.2349739074707,250452260
2021-01-19,56.68202043976082,57.68998175231422,54.57331422644739,57.44959259033203,312451180
2021-01-20,58.21294403076172,59.001598106378225,57.576117062055104,58.21294403076172,233131500
2021-01-21,58.28463653698549,58.600942458606525,55.804802487453614,56.2349739074707,161178670
2021-01-22,56.5133269727528,57.00254836265115,53.44726952961529,54.57331466674805,237156650
2021-01-25,54.91070904533294,55.825886778641404,53.22374405816289,54.990840911865234,163484730
2021-01-27,54.90227549257276,54.923363843145296,52.61644179683224,52.802005767822266,149180840
2021-01-28,52.12721694975772,53.190006683144254,51.6717356354492,52.608001708984375,170917520
2021-01-29,53.14361725688626,53.45992320297754,50.27155707838871,50.69329833984375,268265750
2021-02-01,51.02225487393235,53.98287686102172,50.39385813127828,53.6539192199707,210846940
2021-02-02,54.23592699238749,54.65766823980805,52.64174237432829,54.12205505371094,180489570
2021-02-03,54.39618318386697,56.03254124985427,53.750919603260755,55.09206008911133,148463810
2021-02-04,55.163756796104146,55.96506259713132,53.8647929736597,55.3282356262207,147649950
2021-02-05,55.408365651817896,58.25089746424279,54.94444771805628,57.78276443481445,291008880
2021-02-08,58.53768474471833,59.45707754871626,57.58454543440571,59.292598724365234,214621690
2021-02-09,59.59204053413391,60.43130151182807,58.335253397887314,58.976295471191406,293370280
2021-02-10,59.88726275236274,61.11030991052476,57.361030126607716,58.22138595581055,573979190
2021-02-11,57.997853710572286,59.431771268009626,57.59720084322305,58.59672546386719,163407050
2021-02-12,58.62203386980139,58.866644567532575,57.23028645490503,57.39898681640625,147054790
2021-02-15,57.955680251296066,58.03159702059938,56.51332598713916,56.694671630859375,131716720
2021-02-16,56.69467374041095,59.76917108875168,56.36993760790879,58.976295471191406,336618380
2021-02-17,58.84555617175545,59.3389926626453,57.98942194799858,58.773860931396484,159574830
2021-02-18,59.04378239075643,59.97161196984457,58.5376941144594,58.854000091552734,148561470
2021-02-19,58.7063821854064,58.7063821854064,55.3282370048705,56.57237243652344,223923860
2021-02-22,56.757931375224736,58.8666373717693,56.58501593904568,57.7405891418457,281491090
2021-02-23,58.16655214221729,62.080310408182996,57.54237689715451,61.51517868041992,389070710
2021-02-24,61.995963560491916,62.83944605791358,60.730739814359424,61.380218505859375,216767890
2021-02-25,62.012826468153456,63.51423062449861,61.73869724788339,62.66231155395508,219015960
2021-02-26,61.15247451516566,62.552658399886006,59.980034484109495,60.3216438293457,235515910
2021-03-01,61.068135268159814,62.27009398881376,60.00113040333841,61.60796356201172,140586460
2021-03-02,61.612180358292704,62.39661937495515,60.996441710152915,62.038143157958984,111133990
2021-03-03,62.50205159594907,66.00250523744731,62.50205159594907,65.55123901367188,288428350
2021-03-04,63.345534981033865,64.6866755133383,62.72557482364252,63.93175506591797,228738220
2021-03-05,63.134660072089204,63.76727190935515,61.32117151820809,61.852569580078125,168819600
2021-03-08,62.75087696265049,63.36240691562777,62.00017806196214,62.18574523925781,106145960
2021-03-09,62.839450693333006,63.341323845961824,59.23356146381098,59.61313247680664,195564380
2021-03-10,60.300563341996586,61.57000864872308,59.301038618576406,61.11030578613281,196858600
2021-03-12,62.41770835441718,62.83944962708216,60.224655023611504,60.72652816772461,161214090
2021-03-15,60.89943493935121,62.333359074370264,60.31321484950608,62.114051818847656,155429990
2021-03-16,62.42614569528057,62.42614569528057,60.66326380905525,61.07235336303711,125699980
2021-03-17,61.14827008379215,61.23683214823742,59.09860721966333,59.414913177490234,105409590
2021-03-18,60.41443127672886,60.97534788559572,58.900381803505816,59.45286178588867,143206510
2021-03-19,59.275727315505804,62.14356878038411,57.46223885718128,61.82726287841797,246378140
2021-03-22,61.66700841963313,62.89427704796257,61.15248356037324,62.71292495727539,137603700
2021-03-23,62.923791358526344,63.21479384209196,61.85257144661091,62.51470184326172,118738960
2021-03-24,61.65857355331451,61.82727392566238,58.95521041701358,59.27995300292969,210302830
2021-03-25,59.895699680180996,61.63327173199881,58.06112249848147,60.99644470214844,367224000
2021-03-26,61.60796592205938,65.36146067704495,61.16935139446443,64.68245697021484,429122470
2021-03-30,65.79163455963135,68.32208204269409,65.61450400804824,67.47859954833984,284794680
2021-03-31,66.97251356964004,69.46078443676531,66.64355590070514,68.4781265258789,280445850
2021-04-01,69.24991494917093,73.2901970706289,69.08122101600074,72.79676055908203,368420980
2021-04-05,72.7081852541565,74.0451106121717,70.6121308326857,73.19319152832031,305759860
2021-04-06,73.84690457673108,74.43733982560576,72.38346174352573,72.77989959716797,207789200
2021-04-07,73.34080224612762,74.64820272099517,72.93171271074536,73.79206848144531,171132080
2021-04-08,74.56385573308535,80.43870837059248,74.45419888739185,77.4654312133789,530630560
2021-04-09,77.6847427647764,78.44387835852405,74.70725034704627,75.87125396728516,321790690
2021-04-12,73.93545797222863,75.33985711578062,71.13509631205069,71.82675170898438,221355040
2021-04-13,72.7081886266782,74.3614199829041,71.6116652423472,74.1421127319336,204285020
2021-04-15,75.23864279809686,76.88343767355627,74.18428958380032,75.76160430908203,218563570
2021-04-16,76.2339491662709,77.12804502899263,74.75363963462893,75.09103393554688,173985980
2021-04-19,73.3661186462477,75.82908626916847,72.53950287499434,74.90547180175781,191469960
2021-04-20,75.9134292446635,76.39842913517774,74.39515808566578,75.40734100341797,169152930
2021-04-22,75.90920825023314,79.17348133554206,75.66459755833158,77.71847534179688,319028150
2021-04-23,78.42699852654442,79.70908897806335,76.82015910501887,78.0727310180664,247523860
2021-04-26,78.86561657431375,80.63692860069533,78.44809040516753,79.35061645507812,212348580
2021-04-27,79.98744846155132,82.91433381896168,79.6500541684163,82.47150421142578,249045150
2021-04-28,83.08303465806033,83.16738162954415,81.14302213762542,81.93589782714844,204479680
2021-04-29,82.91433187647502,87.46491710789306,82.91433187647502,86.99256896972656,447186470
2021-04-30,86.37260488430418,88.78496522615764,85.28451174253723,87.2160873413086,281297380
2021-05-03,87.043177584119,90.1682818361049,85.90869257563277,89.80979919433594,264841000
2021-05-04,90.62799151186533,91.65704135679427,89.20250379861837,89.73390197753906,249616280
2021-05-05,91.43351450152159,91.80042737072772,88.31262504171583,90.26528930664062,192498390
2021-05-06,88.98740429125563,95.22917611627264,87.93305115984265,92.8589859008789,464345370
2021-05-07,95.73525891416683,100.54310634720584,95.32195431191693,99.7291488647461,540754330
2021-05-10,102.06138690955615,103.66400501584933,101.21790437311354,102.59700012207031,280808840
2021-05-11,100.37441351231999,105.09791403761236,99.26945354050135,104.07730102539062,411083810
2021-05-12,103.91283052454183,105.16961769839915,98.11810319894317,99.45924377441406,308891920
2021-05-14,99.95266924690847,99.95266924690847,94.0651589778967,95.49064636230469,376480320
2021-05-17,95.98831759130005,97.6921495254682,93.07829890756578,97.07218933105469,287534300
2021-05-18,99.10918833845753,100.91845537065352,97.59513887808998,99.53092956542969,245738800
2021-05-19,98.94050080812153,100.3364633298634,97.6752770455382,98.20245361328125,174350260
2021-05-20,95.40629705797765,95.77743138212686,92.61858740197178,93.20902252197266,284462530
2021-05-21,93.96395540951623,94.79900131483559,93.27651508623083,93.8880386352539,141049260
2021-05-24,93.45786885037714,93.53799428678167,91.27324570570609,92.10829162597656,189238420
2021-05-25,92.9475504590465,94.97190967267872,92.78307163492228,93.2216796875,181137520
2021-05-26,91.98177176106464,92.27698935723515,90.46350064467205,91.27745819091797,154327030
2021-05-27,91.27745012785633,93.60546348892451,90.6743632657579,92.50050354003906,227910320
2021-05-28,95.39786972812747,96.46065948295475,92.56798953650723,93.07829284667969,192085810
2021-05-31,93.79525125330119,95.28399734824086,92.6987278664754,94.94660949707031,154286470
2021-06-01,94.47004057460313,94.72308790024658,91.56002850600763,92.8589859008789,176909250
2021-06-02,93.20482744081576,95.29666712349123,93.12048046774063,94.81166076660156,128625910
2021-06-03,95.27557399012161,96.13592336873081,93.87961138470905,94.63874053955078,121094770
2021-06-04,94.13264544842544,95.21230201574977,93.37350991350654,94.52908325195312,97133470
2021-06-07,95.31353072783016,97.00049587345546,94.93818124033898,95.2038803100586,122185920
2021-06-08,95.54126402425587,95.54126402425587,92.78729405894882,93.71934509277344,108343730
2021-06-09,94.21698701367778,95.14482285612566,92.27275971061081,92.86741638183594,111143380
2021-06-10,93.56751437413507,94.95926179201383,93.02768608669592,94.00190734863281,77767640
2021-06-11,95.12796393843868,98.23198007705624,93.88804352146686,97.70480346679688,174458560
2021-06-14,98.51876211371291,99.4170666325101,96.15700845475487,98.24884796142578,160312640
2021-06-15,98.687457887438,100.10450882220653,97.85241196872511,99.05015563964844,97681020
2021-06-16,98.60311103277157,99.93159347021124,95.45270320486033,96.3383560180664,175211070
2021-06-17,96.49358205444528,97.77418469571396,94.48429215383017,95.18280029296875,162076870
2021-06-18,95.29058852783004,95.71314223657193,90.56917833065384,94.19539642333984,403470770
2021-06-21,92.27234680152723,95.63554580454017,91.72474738719109,95.3897705078125,130014320
2021-06-22,96.08395620613625,97.53271835298213,95.41994323766463,95.92011260986328,90246340
2021-06-23,96.62724600897329,97.23520358419306,94.67400506945596,94.86803436279297,78063360
2021-06-24,95.29059171585466,96.6272497064735,94.72574808461157,95.99341583251953,72394700
2021-06-25,97.87766255389764,100.8959164652513,97.44648342370425,100.48629760742188,180227700
2021-06-28,101.24085982892782,102.53439720345601,100.29226707012808,102.10321807861328,116603350
2021-06-29,102.14633976144542,102.79310849757768,100.51217364969752,101.1158218383789,78037590
2021-06-30,101.8488296449773,102.70687194045695,100.2750218041081,100.60272216796875,80432670
2021-07-01,101.05976715306933,101.48232086060773,99.72741863376254,100.3396987915039,56149280
2021-07-02,100.55098033404114,100.61997057972158,97.46373592219747,97.96390533447266,75734070
2021-07-05,98.82625915498456,100.18878683823247,97.96390086117269,99.76191711425781,76799000
2021-07-06,99.91713906201977,101.58580678755047,99.19276127362774,100.65876770019531,91468350
2021-07-07,100.71912966572035,105.63888503344594,99.90420138720462,105.0912857055664,167456260
2021-07-08,105.63888957824372,106.0700687193794,101.86176267043285,102.59907531738281,124105850
2021-07-09,102.793106233816,107.28599874496253,102.44816817889266,106.87637329101562,178593560
2021-07-12,107.88102329575976,108.52779202844329,105.0654239391525,105.80705261230469,166477750
2021-07-13,106.75996436396971,107.22994807689987,105.47504570943778,105.9622802734375,79155280
2021-07-14,106.23822989507087,107.59644157806031,105.12147748201099,107.33773803710938,83413880
2021-07-15,107.45846839304168,109.15731529836458,106.73408399912135,108.30789184570312,96555510
2021-07-16,109.06244923641668,110.49396709348643,108.57521471843178,110.2481918334961,84969250
2021-07-19,108.57090974878125,111.32182821293087,108.11386090893531,109.20905303955078,89046290
2021-07-20,109.6919682215112,109.71784449594192,105.63888702452374,106.35895538330078,85799400
2021-07-22,107.70855227871026,110.20507664594017,107.62231776513076,109.77821350097656,78940240
2021-07-23,110.32580896048218,111.71852237674143,109.86445068302662,110.50259399414062,86418650
2021-07-26,111.15797994627268,112.81802231055431,110.21370313147527,111.92979431152344,86784330
2021-07-27,113.4001096892076,115.08170564224399,112.8007643903391,114.74970245361328,103413820
2021-07-28,114.86610655817408,118.13875426124822,112.64122088222796,117.7118911743164,128351250
2021-07-29,118.57426134897277,127.78424129619604,117.97061319563203,125.78357696533203,300610410
2021-07-30,125.52916954890922,126.9994918127914,123.12749887923033,123.68802642822266,140492650
2021-08-02,124.69702696172789,124.78325490456675,121.20447289241069,121.59684753417969,97689200
2021-08-03,121.93746394412514,122.52819045987046,119.89799489263828,121.35106658935547,86405600
2021-08-04,122.45487473182371,124.8694805272584,121.16995616833684,122.1271743774414,112894350
2021-08-05,122.04955575629529,125.04193978168519,119.65220099799186,124.74874114990234,162217990
2021-08-06,124.95572257342651,125.64561190126706,122.97230884888361,123.21807098388672,96740250
2021-08-09,123.66216113020812,124.45984510022963,121.1958161416226,121.7822265625,78594930
2021-08-10,121.76498186900105,122.28240208072138,117.90162060606167,118.45352935791016,84516230
2021-08-11,119.86781461009309,123.29137842538148,119.36764517154361,122.98954772949219,145353570
2021-08-12,123.83465799535023,124.58490551077774,122.1573647742103,123.77860260009766,109431080
2021-08-13,121.16133149265342,127.33581958655695,119.92384953615573,126.04658508300781,289698720
2021-08-16,127.9739624836368,132.32887439514744,126.95638603732824,131.02671813964844,271144880
2021-08-17,131.0267299722579,132.28576579608645,128.64230965779439,129.67282104492188,189709230
2021-08-18,130.16867796092896,130.98359969978674,128.33616660086233,129.39254760742188,123317450
2021-08-20,124.6150918622514,124.78324489034642,117.52218949538614,118.62600708007812,273400690
2021-08-23,120.90262223030653,121.57526060267571,113.03360331542859,117.164306640625,229257290
2021-08-24,119.17791587452571,122.45488008600063,118.74673671929331,121.13115692138672,176075790
2021-08-25,122.28241058313786,122.9722998605528,119.07012062565083,119.88505554199219,125650100
2021-08-26,119.90229275938815,120.2774296746826,117.71190845769995,118.57858276367188,91578980
2021-08-27,118.91919779374263,120.25155287379181,118.64756599729552,119.36331176757812,73940810
2021-08-30,120.64391729298397,124.61077061758377,120.55768936069276,124.23133087158203,134443870
2021-08-31,124.61076663463223,125.81806291646423,123.48969828233533,125.0634994506836,247521080
2021-09-01,125.14976404128697,125.5162689966311,121.33382545172994,121.69601440429688,88128970
2021-09-02,121.67876100982227,123.4897055389872,121.59251991667679,122.8946762084961,61480460
2021-09-03,123.14475392661527,125.29633343073334,122.14873125558981,124.49434661865234,84523820
2021-09-06,124.78323378300482,125.21011005648941,122.72651413273321,123.9208755493164,69586760
2021-09-07,124.52453873512648,125.81807624203657,122.51093938482107,123.20513153076172,63527170
2021-09-08,122.97229520228494,124.40811593951209,122.33414534210453,123.3042984008789,46762240
2021-09-09,122.45487653298372,125.21011757107658,122.45487653298372,124.78324127197266,53130300
2021-09-13,124.78324489776361,126.93914067401572,123.877766040029,126.20182800292969,56702080
2021-09-14,127.28408582705204,127.28408582705204,124.95570797283413,125.24028778076172,55037670
2021-09-15,125.24028360419008,126.2233714721814,124.55902638384082,125.48174285888672,44174640
2021-09-16,125.90429502909178,126.93050337476406,123.42501524684084,123.8993148803711,56067970
2021-09-17,123.92088008249087,124.2054598890434,117.28072407189369,119.51422882080078,195720300
2021-09-20,116.41837272214075,116.58222290763518,107.5662651300175,108.06211853027344,282384120
2021-09-21,108.48468078604006,111.83925417082985,106.32015953074875,111.43394470214844,255935400
2021-09-22,112.054849284355,113.65883638721608,110.64920092323018,112.60675811767578,111242470
2021-09-23,114.69365396578107,115.5085888758493,112.62830215170436,113.71918487548828,99462510
2021-09-24,113.83129675897968,114.17623481907432,108.52348242112134,109.70059967041016,132866160
2021-09-27,109.69197054885348,111.13210729696304,108.74769375914664,109.5626220703125,86688770
2021-09-28,109.81701456390951,111.83061374857253,108.91585175391874,110.46378326416016,81007360
2021-09-29,109.51951241832651,112.95169502861864,109.27805312867045,111.72283172607422,94945770
2021-09-30,112.36528901665186,113.52084597952104,110.71386550491157,111.14936065673828,75145680
2021-10-01,109.95068875292603,113.05518405172037,109.08833040976582,111.92118072509766,90374700
2021-10-04,111.92116993201955,114.49961270794915,110.41634582051222,114.18916320800781,96902370
2021-10-05,113.3138713416033,114.9264902532739,112.98186814494258,113.55964660644531,57952160
2021-10-06,113.82266954114998,114.57291700387302,109.79114211241858,110.37322998046875,86316930
2021-10-07,111.67540133326216,112.69297782467669,110.6879973822554,111.17523193359375,46033670
2021-10-08,112.27905022926572,115.90526853087465,111.79181567484765,112.20575714111328,107220150
2021-10-11,112.53775582755107,114.46512711461752,111.93410766171728,113.2448959350586,63496580
2021-10-12,113.24490411057418,115.1248389853956,112.53776395201592,114.61605072021484,60970190
2021-10-13,114.30559401262745,118.70792940028053,113.66312813853524,116.78917694091797,132857180
2021-10-14,118.48802566763004,119.9195436098547,116.76330906019122,118.57858276367188,82273710
2021-10-18,122.28242033854441,122.86451487400589,119.96267420192632,121.68307495117188,109232300
2021-10-19,122.54112469076145,123.01972725067849,117.06946000143827,117.87576293945312,87569240
2021-10-20,118.31555552838105,118.66050674175804,114.40475749966005,115.84059143066406,69757740
2021-10-21,116.99614685230354,117.09532279207387,111.21834897918501,113.3742446899414,83575730
2021-10-22,113.83129647382775,114.23228992835557,109.60573945553585,111.78319549560547,80712890
2021-10-25,112.27904847762402,113.48635799758162,109.2823546889858,111.52880096435547,64185010
2021-10-26,112.36529225229168,116.50461483932504,112.23162776475115,115.87078094482422,77228750
2021-10-27,116.07343027949989,116.56496765889376,113.93908826337234,114.36164855957031,72418040
2021-10-28,113.39149729160646,113.4820412284648,111.33908033252835,112.07209014892578,93076820
2021-10-29,111.26576579996161,115.01271337673242,111.24421210754377,113.4820327758789,79147600
2021-11-01,115.55600838411678,118.39316130766939,114.69365011259352,117.70328521728516,96875330
2021-11-02,118.14308315688321,118.14308315688321,113.03792377029706,113.28369903564453,72161370
2021-11-03,114.24521730368444,114.86611629652045,113.1413997960966,114.35301208496094,57302440
2021-11-04,114.7798914019365,115.12482944772596,114.18486208818811,114.34008026123047,6744340
2021-11-08,115.63363370354938,116.2157282502526,112.6326301817493,115.83628845214844,54936670
2021-11-09,115.80179358496088,117.30660468714302,114.59448400611939,115.2067642211914,47565160
2021-11-10,114.52118065186022,114.60740858355688,110.99413849287421,111.98152923583984,118804170
2021-11-11,112.52913899398283,114.21935388854087,111.10193706409919,112.07209014892578,136638600
2021-11-12,115.55600701364915,115.55600701364915,109.6143591196622,111.00707244873047,232395580
2021-11-15,111.6753993509823,112.0203374060236,107.06178378245242,107.40241241455078,121082150
2021-11-16,107.40241058002462,108.74769397293942,105.5267852655061,105.96658325195312,123148800
2021-11-17,105.63889059639973,106.70821303452642,104.78515773091875,105.21202087402344,87802040
2021-11-18,105.5181614115315,105.92347086251537,101.93074774937527,102.32743835449219,101083510
2021-11-22,102.45677583501171,103.2070298390019,98.82624859549475,100.46903991699219,96210010
2021-11-23,100.72775557283383,104.25911365640692,100.47767089102383,102.79741668701172,93829630
2021-11-24,103.51749600973089,103.73739501807697,100.99509523141147,101.6289291381836,67671010
2021-11-25,101.75827745280343,102.32743707796268,100.55097454005144,101.21067810058594,47502860
2021-11-26,99.85246418875721,99.99043808979083,95.39838296520803,95.92011260986328,106455260
2021-11-29,95.92011224006828,98.05013161757647,92.70782245529155,96.13138580322266,93929910
2021-11-30,95.80369692018272,97.26539398358291,91.66869042787566,92.37582397460938,133559840
2021-12-01,94.16952736078763,94.60070652741993,91.97051755852601,93.35459899902344,93791140
2021-12-02,93.39339751275769,96.23917568068408,92.61727380177011,95.92872619628906,91286810
2021-12-03,96.15294912258554,97.80867545670263,95.05344098941016,96.41165924072266,100737840
2021-12-06,96.066723799305,98.39508876818243,95.04914065884083,95.61829376220703,82159400
2021-12-07,96.67898892491996,99.64981298636869,96.6703634997787,99.06771850585938,85053900
2021-12-08,99.94731453976043,101.49955531871245,99.08495635836348,101.15461730957031,74485010
2021-12-09,101.93073963121599,101.93073963121599,99.94731965995695,101.48662567138672,52123940
2021-12-10,101.19343426761462,102.52577624235883,100.68895545909803,101.7582778930664,48121300
2021-12-13,102.4481651738886,103.39675795564709,100.17584928877471,100.49060821533203,53537780
2021-12-14,99.94300758070013,101.57718016669462,98.91248972386306,100.65445709228516,53522640
2021-12-15,100.9002340484887,101.37884318488251,99.08497344795434,99.52046203613281,44308330
2021-12-16,100.37851505660441,100.79244338763776,98.61499377824285,99.4471664428711,42460080
2021-12-17,99.5161454477271,99.93438973406846,97.01530515455539,97.62757873535156,47435020
2021-12-20,96.32542070565637,96.34267155626833,91.93171063776056,92.5267333984375,73526500
2021-12-21,93.99705435372208,96.95063415205,93.56587520531052,95.2992172241211,70268490
2021-12-22,96.15295244417383,97.53272443693541,95.72177328523135,97.34732055664062,43669170
2021-12-23,98.13637946865978,98.89525242188392,96.60137613214373,97.24383544921875,46214780
2021-12-24,97.4507995595318,97.74400480948238,95.19142497241134,96.19175720214844,40936300
2021-12-27,95.81231687227971,96.98943404884213,95.06206282145645,96.73934936523438,27588510
2021-12-28,97.18778189218878,97.57584709117835,96.75660272393723,97.22659301757812,28807810
2021-12-29,96.58412653975364,97.15759558059601,95.54929924425059,96.2607421875,41935200
2021-12-30,96.40303583615204,97.18777847354458,94.77317916383426,94.94564819335938,41140930
2021-12-31,95.29059118422389,96.88595270720046,95.08793645943607,95.84680938720703,36870210
2022-01-03,96.15295788703875,99.25744669130394,96.15295788703875,98.52013397216797,38658030
2022-01-04,99.429913989804,100.00769246810687,98.00702148799255,99.06771850585938,59757310
2022-01-05,98.9125018653643,101.82727735072892,98.41664843703991,101.55132293701172,61861760
2022-01-06,101.06839103390966,102.0169904358269,99.64981451257813,100.31382751464844,53354000
2022-01-07,100.48198129336778,101.24086077088533,98.98579576917241,100.0637435913086,39738570
2022-01-10,100.46474130475471,101.1891191140519,99.5032136486263,100.81399536132812,38225000
2022-01-11,99.91714250770156,100.26639656623985,95.9804813452426,97.46804809570312,96978850
2022-01-12,98.29591463713025,99.24019805987396,97.65345531361989,98.92974853515625,50358430
2022-01-13,99.51614457516243,105.6820074534435,99.35660382306921,105.30687713623047,157231160
2022-01-14,104.60406810066443,105.75099967975586,104.00903874737014,104.65580749511719,52679070
2022-01-17,104.77653054900186,107.36360537737228,102.65082055640784,106.04850769042969,89696070
2022-01-18,106.07008392365867,106.39346832586494,102.62065030012506,103.03889465332031,58408970
2022-01-19,103.13805186019336,105.2853221953247,102.01699001236457,104.31085968017578,73043210
2022-01-20,104.35397335275793,105.55265079021824,103.2242795748386,104.0607681274414,59205970
2022-01-21,103.4830008716699,103.8538152212976,99.71880855715906,100.87005615234375,71662670
2022-01-24,100.03356045219434,100.34831938211082,93.99705249387226,94.79042053222656,83920760
2022-01-25,94.40237447531612,96.6703746837537,93.74267083002812,95.64417266845703,57330630
2022-01-27,93.99704911686963,95.15692201416029,91.52207857433731,93.8547592163086,90566560
2022-01-28,95.36389228107102,97.07998346424421,93.216621945795,93.53569030761719,78648930
2022-01-31,95.7131444623285,96.11845391003067,93.17781557164807,93.6133041381836,55709390
2022-02-01,95.28196660040358,101.27967014809818,93.68660506334082,100.66739654541016,170752680
2022-02-02,101.74965078542628,101.74965078542628,99.88696033703422,100.68032836914062,75247340
2022-02-03,99.42991435675225,101.90487846042319,98.85212929704542,100.60272216796875,65140900
2022-02-04,101.22361178658058,103.2889635362436,100.91747828384477,101.43920135498047,93174180
2022-02-07,100.74932289377303,104.74203949884883,100.11979843285933,102.0169906616211,145105250
2022-02-08,103.05180966349528,105.4146693985209,101.02526911567409,105.17321014404297,140839840
2022-02-09,106.15630029498499,106.41501040421794,104.18581509572871,105.41036224365234,73520600
2022-02-10,106.070069665323,108.16129115018944,105.72512503348389,107.65249633789062,93920570
2022-02-11,106.84620101739301,109.08402199118625,106.33740616902135,108.17854309082031,96762260
2022-02-14,105.21633665167492,105.87604021622124,101.76690349670471,102.34899139404297,80216130
2022-02-15,103.21135503582514,104.51782738468835,99.30487283789579,104.15132904052734,101889210
2022-02-16,104.77653466346068,105.02661936286961,102.31881479585114,102.77586364746094,66092140
2022-02-17,103.57785355279525,104.30223135005438,102.28862555546266,102.70256042480469,56557920
2022-02-18,102.36192823424038,103.91417581589607,102.01699017544733,102.68962860107422,47251200
2022-02-21,102.44817126712097,103.65546765428914,101.27536342306743,101.91781616210938,49787320
2022-02-22,99.86109093161329,100.60702899770239,96.51945261415102,98.19673919677734,93858570
2022-02-23,98.99873424990857,99.39541827350025,97.79143132895423,98.22261047363281,49608380
2022-02-24,94.34199558414741,96.57981633633926,92.02224974403002,92.61727905273438,121268670
2022-02-25,94.66106694623511,99.23156853173722,94.4799724941823,98.77021026611328,92128860
2022-02-28,97.79143049475957,105.63888954511371,97.37749562451964,105.27238464355469,176054460
2022-03-02,105.27239259880558,112.07209658769226,105.08267928901718,111.18817138671875,248475320
2022-03-03,112.6239994835057,114.57724051082782,111.5589864543936,112.39115905761719,174503380
2022-03-04,112.31354687243976,113.8183578569318,109.77821142955774,110.13177490234375,162829230
2022-03-07,110.02829485038171,112.26179974031177,109.00209292386306,111.40807342529297,110400010
2022-03-08,111.50293435658901,111.58916229419658,107.27737723677551,109.47638702392578,91078220
2022-03-09,109.85582795106609,110.1059126581425,107.67406241258985,108.25615692138672,69348880
2022-03-10,108.47174218494376,113.29663793775418,107.0186639720374,112.85682678222656,136740620
2022-03-11,113.40011960747975,115.54739657134353,111.7788817476046,112.25318145751953,118822990
2022-03-14,112.53775915089132,113.11553763800477,110.18351807607355,111.84786987304688,52780820
2022-03-15,111.39943913219774,111.5029310762435,105.89760211344786,106.3934555053711,96143130
2022-03-16,107.36360928093748,109.62299041506613,106.94967439846876,109.1098861694336,63024510
2022-03-17,109.95068052594797,113.64157290582183,109.61436132362208,112.40409088134766,106239760
2022-03-21,112.79646468183078,115.03858829534657,111.63227575046508,112.36096954345703,84227630
2022-03-22,113.83130037114485,114.69365870728988,111.07605917106036,112.279052734375,81795880
2022-03-23,114.17623823612077,116.22865528317584,111.44687989690699,114.77989959716797,130552380
2022-03-24,114.77557495514196,117.23760413067345,114.34439582030423,116.46578979492188,94605270
2022-03-25,116.84092419432996,117.79814237952141,114.99978090651652,115.46546173095703,69457440
2022-03-28,115.55600566294278,116.84954303976676,114.48667669435959,115.46546173095703,46554910
2022-03-29,115.90094551128097,116.08636253868247,114.43493909301196,115.09464263916016,43202370
2022-03-30,115.1248433934065,115.17226678806642,112.10658907223105,112.80078125,58483160
2022-03-31,112.79647590443192,113.87010784984867,112.11520543254734,112.72748565673828,40067950
2022-04-01,112.9689347359231,115.63361866439186,112.5765601393037,113.58121490478516,55321590
2022-04-04,113.58121147570725,116.76330238123724,113.35268706463512,115.71985626220703,69670320
2022-04-05,116.28471018323435,117.10826396827153,114.62898376692678,115.97857666015625,63296420
2022-04-06,116.41836528189326,119.58321852201293,116.14240432216155,118.20775604248047,114097540
2022-04-07,118.74673713204068,119.09168835255173,115.6422550987028,116.37525177001953,55650640
2022-04-08,117.36264863075205,119.00112406389489,116.95733919523536,118.20775604248047,52287710
2022-04-11,118.20346303542419,119.35038803894123,116.67708510142803,117.0996322631836,44778820
2022-04-12,116.6770754404932,117.27640758993641,111.77025482602076,113.85284423828125,69191680
2022-04-13,115.12051179451639,116.07342714668361,113.40011127525665,113.78816986083984,44937800
2022-04-18,114.8575021657594,117.11256066116185,114.59447604620591,115.47840118408203,80700420
2022-04-19,116.6425752749466,117.85418759589092,112.88269267813011,114.40045166015625,64772190
2022-04-20,114.66777585745972,115.24987029929999,112.36958378645191,113.33543395996094,54100210
2022-04-21,113.48635924295989,114.06844057734227,110.88634945586455,112.29198455810547,66690280
2022-04-22,112.24455516110457,113.10259742580907,109.84288423009401,110.17057800292969,55848230
2022-04-25,107.79478120296295,108.91153355720054,104.58680746167937,105.2378921508789,72310460
2022-04-26,106.50124568295388,107.07902414123707,105.63888741831458,106.3805160522461,44812710
2022-04-27,105.81136121912162,108.22596710089002,104.37984985637895,107.51020812988281,71209740
2022-04-28,108.61401802747095,109.40307660898945,107.19113219054937,108.73043823242188,51295830
2022-04-29,109.34702686179571,111.39081166861187,109.14437215016954,109.61004638671875,57173520
2022-05-02,108.3984348445452,112.34372140499137,107.68699188422595,111.6926498413086,54426170
2022-05-04,114.4608147236819,114.69365515161496,108.18284728385593,108.77356719970703,138374020
2022-05-05,110.38186240036043,113.52946493195336,110.20939337206855,110.74836730957031,87338160
2022-05-06,109.34703208282484,111.24421765925864,107.19113639175394,110.700927734375,69256760
2022-05-09,108.65715197333705,109.88169924988428,107.27737993079988,107.98882293701172,50552970
2022-05-10,107.8810211527097,108.19578008750025,99.90852294360442,100.45611572265625,145537420
2022-05-11,101.32710183209532,102.69824839245365,96.87732977656732,100.52510833740234,107063150
2022-05-12,99.76622973177594,100.24052282971851,95.11811921216427,96.38578033447266,94191610
2022-05-13,97.87767235720757,99.32643464293447,94.16952883443273,94.6007080078125,82924410
2022-05-16,96.49789765633763,97.86042538565745,94.34200184890949,95.16123962402344,62665270
2022-05-17,96.9290778318058,103.24154055881965,96.18313971682848,102.50853729248047,112876010
2022-05-18,103.22428475117667,104.25911864744025,101.32709914360088,101.77983856201172,81575800
2022-05-19,99.25742890491178,99.59374808131639,96.17018492631817,96.76952362060547,66545630
2022-05-20,100.23621179898417,101.62029310700063,98.41232594090364,100.9476547241211,65527500
2022-05-23,94.60069706944027,94.60069706944027,86.36948918039369,88.21493530273438,273883460
2022-05-24,88.9091421230522,89.6766405070948,86.40830166100162,86.78343200683594,123116660
2022-05-25,86.78342681709562,87.81825411503256,85.52869394837522,86.15821838378906,99343400
2022-05-26,86.83948763044197,92.06106796846215,85.82622046521467,90.72010040283203,150536730
2022-05-27,91.62557321904815,92.06968723583871,88.99537766199256,89.98709106445312,74772200
2022-05-30,91.32375111891925,91.73767944496568,89.98709303683505,90.32772827148438,72701590
2022-05-31,90.11644498192334,92.43619098204033,89.42655569006588,91.03485870361328,121248850
2022-06-01,91.88427746048932,93.04845982383588,90.83219930512062,91.71611785888672,94055290
2022-06-02,92.0783118280181,93.54431835454561,91.33237371617048,93.26836395263672,79177040
2022-06-03,94.16951669071724,94.2385069285866,91.84115208643168,92.03949737548828,53954860
2022-06-06,91.84115325650109,93.3847753073201,90.4786256479429,92.97084045410156,57262490
2022-06-07,92.0136198041527,93.26404317563288,91.7161117436704,92.14297485351562,43341570
2022-06-08,93.22092928421237,93.90219311881334,92.62159053936246,93.71678924560547,64734340
2022-06-09,92.69920833502589,93.7599053654463,89.78874905657668,90.10350799560547,98547810
2022-06-10,88.82290064400077,88.9436302738742,87.15423951882255,88.27961730957031,95225630
2022-06-13,86.60664666144211,87.27065967542109,85.37347399610528,85.54163360595703,82235750
2022-06-14,85.22255240826813,87.4172591800979,84.98971857295989,85.90381622314453,77202600
2022-06-15,86.70364000242392,88.54869426161484,86.40371129053682,87.2126235961914,92443330
2022-06-16,88.61686084380074,88.61686084380074,81.6365786045791,81.9546890258789,122741050
2022-06-17,81.61841084459988,84.29054554719517,81.39118810498161,82.40914154052734,121290260
2022-06-20,82.25463542848519,82.25463542848519,76.58769949366916,78.2918701171875,139866890
2022-06-21,79.52794696777711,81.39117592759398,78.52816844989667,80.41866302490234,124526970
2022-06-22,79.34162613919364,79.42342992260815,75.95600906488202,76.17414093017578,109877390
2022-06-23,76.3468277705617,77.79650971688143,75.16526694801696,76.46498107910156,111515840
2022-06-24,77.25573325022123,78.59634605799984,76.76947324777636,77.5147705078125,85433810
2022-06-27,79.11895306014786,79.87787610499116,78.44182686520152,78.87809753417969,72814730
2022-06-28,78.70995326733362,80.38231618683184,78.20097656475426,79.8824234008789,84647330
2022-06-29,79.07350613241984,80.78221848123682,78.93717111429963,80.12782287597656,72318470
2022-06-30,80.11872875847226,81.30028268732842,78.4645477106442,78.80538177490234,84672090
2022-07-01,78.79629320366364,79.5279506268017,78.08281748101243,79.3325424194336,54761890
2022-07-04,78.93717312847446,79.18257755421003,76.64677111590355,77.66927337646484,77554410
2022-07-05,78.34639577773336,79.90968929451044,77.9646632494843,78.17825317382812,79058290
2022-07-06,78.02374083738647,78.26459637243198,76.16960255935298,77.99647521972656,81439710
2022-07-07,78.80083587476338,82.39550093985422,78.02828001996903,81.80017852783203,111007940
2022-07-08,83.42709354695954,83.42709354695954,80.02784364463878,80.51863861083984,112000630
2022-07-11,80.45501612751026,84.43596254469311,79.53249245647062,82.95901489257812,150193340
2022-07-12,82.24553907347855,83.24986661148807,81.21849480943928,81.99105072021484,100175050
2022-07-13,82.34096823399213,83.09080041670671,81.85925718965069,82.2409896850586,70135110
2022-07-14,82.70906573697847,82.79995343334858,81.34572948856675,82.52729034423828,74498580
2022-07-15,82.2546252234628,82.73633628379382,79.75517528573326,80.32777404785156,81253510
2022-07-18,81.52750850396114,82.5272940113177,81.09578672630467,82.19100189208984,73060810
2022-07-19,81.89106552105342,83.79065103406948,81.89106552105342,83.5679702758789,85341580
2022-07-20,85.0676391986901,85.2539634849424,84.09057738604372,84.38597106933594,77088650
2022-07-21,84.52685546049639,85.33122586534998,84.02696268136988,84.91767883300781,50877140
2022-07-22,85.66296803446411,85.7993030574507,84.70862980784534,85.07673645019531,48608940
2022-07-25,84.98129702407552,87.69433684744807,84.85405285600169,87.31714630126953,99635630
2022-07-26,88.34419900678235,88.77137886973375,85.98563277787633,86.2991943359375,126264690
2022-07-27,86.43552551530622,87.39440571782791,85.7629481729151,87.1989974975586,52559020
2022-07-28,89.16219460153312,92.7068704466446,88.29875103285276,91.20719909667969,137156107
2022-07-29,93.61576454156591,99.34178009792033,92.843208648226,97.79666137695312,166959934
2022-08-01,100.43243256672426,101.29587604584577,96.4787590063847,98.3874282836914,125365761
2022-08-02,98.160210725303,98.160210725303,95.75164861231552,97.2513198852539,64935371
2022-08-03,97.25132087229812,98.5692098300304,96.3424300230243,97.29676818847656,61428846
2022-08-04,97.70576732655383,99.52354904425715,96.38787835493369,97.88754272460938,79526154
2022-08-05,97.84210515884863,99.29632918801707,97.34221239837487,97.5694351196289,54469112
2022-08-08,98.02387061211103,98.29654062365306,96.97864481358185,97.43309020996094,41384943
2022-08-10,98.06933098243947,99.88711280997575,96.79688231630661,99.25088500976562,73880698
2022-08-11,100.2506615625011,100.56877196690463,98.70554298723334,99.15998840332031,75321498
2022-08-12,99.3872158692412,102.61378125163596,98.88733004818698,102.38655853271484,95942333
2022-08-16,103.3408869595238,103.3408869595238,100.9777721343634,102.70466613769531,69207437
2022-08-17,103.15911210801866,103.15911210801866,102.02299853854709,102.2502212524414,54008422
2022-08-18,102.25022223873205,102.7046676709042,101.25044367481074,102.29566955566406,49396425
2022-08-19,102.2956723523768,102.61378277673688,99.56899968479807,100.02344512939453,57134813
2022-08-22,99.52355819699075,99.61444590437705,95.160878899572,95.47899627685547,74037526
2022-08-23,94.70643086930609,98.38744186043213,94.07021000050555,97.79666137695312,70531639
2022-08-24,97.75120645656031,98.29653953934235,96.11520027392784,96.84231567382812,55686404
2022-08-25,97.29677185258663,98.06932771670577,96.11521093031939,96.56965637207031,42186335
2022-08-26,97.47854741798471,99.2508818700514,97.34221239837487,97.5694351196289,71257092
2022-08-29,94.57010969584273,96.02433388395299,93.84299413464365,95.2972183227539,59895805
2022-08-30,96.79687787291077,98.61465961700299,96.38787975420485,98.4328842163086,67401780
2022-09-01,97.25131913591945,97.93298726070394,96.25154060642623,96.70598602294922,52454732
2022-09-02,97.25132151237597,97.25132151237597,95.43353980186426,95.88798522949219,45601352
2022-09-05,96.3878826599263,97.52399628423336,96.16065993506488,97.16043853759766,40352735
2022-09-06,97.61487728730683,98.88732584605086,96.38787604413059,98.7055435180664,59505849
2022-09-07,97.7512209916316,98.97822234391114,97.34221591801348,97.79666137695312,43945660
2022-09-08,98.52377503464727,98.52377503464727,95.75165501346225,96.20610046386719,71228405
2022-09-09,97.25133182381512,97.56944227002614,95.88799539637846,96.06977081298828,63647166
2022-09-12,97.0695474769395,98.11476642771878,96.79687744282238,97.93299102783203,40838533
2022-09-13,98.16021374483397,98.79643457872456,97.7512156279453,97.93299102783203,44179394
2022-09-14,96.6151066260943,100.34155797484131,96.16066117053278,99.2054443359375,86379872
2022-09-15,98.75099115819228,99.06910156535211,96.79687446522935,97.2513198852539,62926791
2022-09-16,96.5242162888005,97.70577729962734,95.43354992056624,96.06977081298828,107967267
2022-09-19,96.52420230589337,96.52420230589337,93.61575445574037,93.7066421508789,51146568
2022-09-20,94.70642880568943,96.6605456234079,94.52465339978934,96.16065979003906,52140254
2022-09-21,96.16065535905332,97.43309701029557,94.79731907476214,94.93364715576172,46142823
2022-09-22,94.93364284193515,95.70620558202411,94.07019934150075,94.16108703613281,61380323
2022-09-23,96.52420455562421,98.06932314613863,94.29742476853968,94.79731750488281,109765520
2022-09-26,94.88820256814894,94.9336429483726,89.52574536740636,90.75274658203125,101291962
2022-09-27,92.11608231412325,92.11608231412325,87.70796326733719,88.75318908691406,104949032
2022-09-28,87.75341351789005,88.9349674512323,86.34462993989287,86.52640533447266,71724106
2022-09-29,88.16241992582039,89.29853358465827,87.6170867564357,88.02608489990234,60884592
2022-09-30,88.02608179889486,91.25264725004311,86.98085588272802,90.25286865234375,66436616
2022-10-03,90.52553319245258,90.57098051163906,89.07130912422073,89.38941955566406,37282313
2022-10-04,91.16176264231592,92.25242897969088,90.88909259082844,91.93431854248047,40186702
2022-10-06,92.70687034509324,94.34287671313326,92.47964762365918,94.11565399169922,48169310
2022-10-07,93.888427734375,94.07020313096162,92.615979155408,93.888427734375,36080875
2022-10-10,92.70686490278806,94.07020115135846,91.93430908212217,93.79753112792969,36641275
2022-10-11,94.11565409479377,94.20654179660953,90.70731326954949,91.20719909667969,41083734
2022-10-12,91.20719472158247,91.97975055138852,89.9801934702097,91.38897705078125,41357469
2022-10-13,91.88887139637845,92.52509920629085,89.7984264234055,90.97998046875,34668093
2022-10-14,92.57053959209978,93.43399013391928,90.7982050569393,90.97998046875,32456805
2022-10-17,90.66187032206237,91.25265081377542,89.16219889980233,90.48009490966797,37568783
2022-10-18,91.16175561514306,91.79797644052101,90.70731018721969,91.47986602783203,30722156
2022-10-19,91.43442564296174,92.02520613090653,90.61642242382952,90.93453979492188,38764542
2022-10-20,90.43464365094877,91.97975539187323,89.79842280098863,91.70709228515625,38091315
2022-10-21,91.66164226497601,92.20697539662233,90.2983059687167,91.07086181640625,30973997
2022-10-24,92.70687473302772,92.79776243904574,91.79798380427255,91.9797592163086,7480281
2022-10-25,91.93431883044332,93.1613201974053,91.52531375193101,91.9797592163086,37163180
2022-10-27,92.9340940555007,95.11543359133812,92.75231865013393,94.70642852783203,74349009
2022-10-28,94.61554240087415,95.06998785614664,91.61620655664814,92.34331512451172,51006232
2022-10-31,92.61597722583153,92.84319993397425,91.16175328057544,92.29786682128906,38715841
2022-11-01,89.57120380253737,92.20698194849739,89.57120380253737,91.9797592163086,69031178
2022-11-02,91.79798478491513,93.61576666184413,91.61620937093724,92.02520751953125,42336049
2022-11-03,91.57075741711785,93.11586916061488,90.88908924775964,92.70687103271484,39110676
2022-11-04,93.16131719256927,95.43354444116852,92.88864714902245,95.2063217163086,70299020
2022-11-07,96.25154441943242,97.66032110589033,95.0699835159504,96.97865295410156,74426059
2022-11-09,97.47855268226432,97.75122273620944,95.93344086800872,96.4333267211914,38295904
2022-11-10,95.61531885810409,96.34243434384801,94.93365069057687,95.16087341308594,27864285
2022-11-11,96.56965220247952,98.34198657506911,96.56965220247952,97.75121307373047,77933417
2022-11-14,98.61465709906408,99.97799337232303,98.38743438685425,98.79643249511719,55474425
2022-11-15,99.06910094598867,99.38721135115972,97.4330946704136,98.66010284423828,35007427
2022-11-16,98.56920261359018,98.88731993497554,95.6153075697106,96.84231567382812,40404167
2022-11-17,96.2515477826226,97.06955098020893,94.97909913463133,96.20610046386719,32894825
2022-11-18,96.20609564197436,96.61510068741164,95.16086977157273,95.88798522949219,28992538
2022-11-21,97.88753979720903,97.88753979720903,94.38831148213457,94.75186920166016,58404309
2022-11-22,94.8882173225165,95.79710827975461,94.11566139572165,95.61532592773438,27846186
2022-11-23,96.06976728522638,96.34243733441609,95.38809909653946,95.84254455566406,22809651
2022-11-24,96.20609564197436,96.29698334064256,95.06998207290454,95.88798522949219,23737867
2022-11-25,95.97887493117081,96.7968781048296,95.52442949405894,96.52420806884766,27361785
2022-11-28,96.34243762279125,96.70599537803663,94.97910124133666,95.34265899658203,33516118
2022-11-29,95.4335480805385,97.84211044276198,95.38810076011848,96.4333267211914,40661568
2022-11-30,96.43331845004296,98.11476514705235,96.25154305252889,97.84210205078125,61142050
2022-12-01,98.79643883534264,101.1595607414068,98.16021797404063,100.65966796875,91702642
2022-12-02,100.7051101083967,102.25022179739815,100.11432966226545,101.7957763671875,70541914
2022-12-05,102.97733824270789,105.52222851561476,102.3865577909357,105.29500579833984,96441799
2022-12-06,104.84055724222112,104.84055724222112,102.0229970187608,102.65921783447266,50581245
2022-12-07,103.06822089607046,103.15910859167275,100.75054651963538,101.06865692138672,39494279
2022-12-08,101.5685437671802,102.70465723213748,100.70510030752719,101.65943145751953,32416724
2022-12-09,102.52289249141822,103.38633604068052,99.70532525848435,100.38699340820312,35665257
2022-12-12,100.15977310376456,101.88666717816474,98.79643677149397,101.52310943603516,37082389
2022-12-13,102.29566508202099,102.56832816882785,100.70510613897758,101.06865692138672,32264080
2022-12-14,101.43221853406146,102.88644252241437,100.97777310430824,102.75011444091797,38606984
2022-12-15,102.38656466462426,103.11367324814599,100.61422319032212,100.84144592285156,34361613
2022-12-16,100.29610712394664,101.88666616240525,99.47810394588194,100.93233489990234,34736665
2022-12-19,100.93233786312828,101.88666915364897,100.70511513667756,101.61400604248047,17297590
2022-12-20,101.02322826944761,101.34133870813133,99.06911138283691,100.84144592285156,34836506
2022-12-21,101.61400244747801,101.79577784849265,98.79643519174188,99.43266296386719,32303565
2022-12-22,99.97799417586275,100.5233273026919,96.660541164079,97.84210205078125,39639329
2022-12-23,96.34243035724519,97.02409849656532,92.66141963120172,92.93408966064453,46756489
2022-12-26,93.43398322502617,95.93343309118478,92.38875734868427,95.43354034423828,33995681
2022-12-27,96.93320754874478,101.38677396319937,96.20609211746321,101.0232162475586,76033410
2022-12-28,100.93234272635732,102.0684564133524,99.70533439697253,99.9780044555664,50660601
2022-12-29,99.06910777251993,101.79578046350672,98.93277275111313,101.56855773925781,51751642
2022-12-30,102.61378125163596,104.29522798479485,101.88666577737354,102.38655853271484,56048485
2023-01-02,103.9771192172099,108.79423677430252,103.38633875177092,108.38523864746094,143444095
2023-01-03,108.88512740562626,109.52134823159712,107.0218983756893,107.65811920166016,74419090
2023-01-04,107.93079722262355,108.20346727353252,104.84056669423411,105.2041244506836,55634568
2023-01-05,105.88578132264044,106.34022673604234,104.06799966903289,105.93122863769531,58806907
2023-01-06,106.3402368193058,107.11279270848601,104.74967772158114,105.11323547363281,58551863
2023-01-09,106.24934557697142,107.34001186252206,105.9312351548764,106.84012603759766,37763131
2023-01-10,106.93100887393506,108.83967825395285,106.8401211766555,108.02167510986328,56750710
2023-01-11,108.56700822782739,109.38501137191696,107.24911928155689,108.02167510986328,49321252
2023-01-12,108.11256745822197,108.38523749607789,106.88556615644455,107.34001159667969,33740024
2023-01-13,107.74902671474942,110.52113999846317,107.38546894175595,109.47591400146484,68884010
2023-01-16,110.38479784688975,110.38479784688975,107.97624249152337,109.0214614868164,44362359
2023-01-17,108.83968537169216,108.97602039367072,107.24912629527913,108.47612762451172,27880531
2023-01-18,109.06689854543674,111.79357100907266,109.06689854543674,111.2936782836914,64749065
2023-01-19,110.70291323173419,112.97514045788401,110.11213276607779,112.29347229003906,53564076
2023-01-20,112.15713585445846,112.88424439707973,110.88468723701237,111.74813079833984,37784498
2023-01-23,112.15713025558574,112.56612835700011,110.43023628485007,110.88468170166016,28601260
2023-01-24,111.33913520053679,111.3845825192315,109.15779565464841,109.43046569824219,27707765
2023-01-25,109.38501149673094,111.11190548416012,109.15778878612939,109.97579193115234,46522102
2023-01-27,110.79380561665954,112.02080698378262,108.24890824209594,109.6576919555664,58771746
2023-01-30,109.47590550971952,110.06668597822274,106.24934699361114,107.93079376220703,46551837
2023-01-31,107.93079166984823,109.47590338740702,107.02190079262846,108.79423522949219,43986769
2023-02-01,109.15778870296883,112.8387993856244,108.43068019016988,110.93013000488281,72919626
2023-02-02,110.83924330024753,111.33913607265602,107.61268474197968,109.0214614868164,38768010
2023-02-03,109.11235428816714,109.97579786129717,106.5220097002027,109.38501739501953,46977350
2023-02-06,109.0669039130188,109.0669039130188,106.34023131519334,106.74922943115234,49546361
2023-02-07,102.3411090504969,104.84055890576089,100.47788695532681,101.29588317871094,110953246
2023-02-08,101.29588317871094,102.47744406582324,100.06888190934782,101.29588317871094,66523699
2023-02-09,101.9321083615984,102.65921686781006,99.93254436737115,101.11410522460938,64710455
2023-02-10,100.88689401887741,101.11411675315416,98.43289126240353,98.88733673095703,60810058
2023-02-13,98.8873281149504,100.52332749862663,98.5237703849267,98.84188079833984,56186469
2023-02-14,99.56900336353526,99.88711379964845,98.38744239021494,99.29633331298828,31163587
2023-02-15,99.06911041538905,100.52333450251892,98.8873350048556,100.25067138671875,35544190
2023-02-16,100.88688550676618,101.97755176555698,100.56877509247612,101.7957763671875,30956191
2023-02-17,101.3867741920249,102.79555080866831,101.15955148602241,102.02299499511719,34107244
2023-02-20,102.06844359096921,102.43199437770633,100.9323300466988,102.11388397216797,19896764
2023-02-21,102.61378070026855,103.79533467173736,102.47744568279101,102.84100341796875,29830864
2023-02-22,102.93188558681437,103.34088368298109,100.56877083657928,101.0232162475586,24391211
2023-02-23,101.3867792357975,103.29544867431323,101.20499690138023,101.84122467041016,30845778
2023-02-24,102.2502204008689,102.61377812692936,99.56899517296087,99.75077056884766,34326940
2023-02-27,99.79622733793528,100.02345007146036,95.56988310751106,96.4333267211914,56217189
2023-02-28,97.11498715547243,97.29676948832787,94.11565147337087,94.47920227050781,76540448
2023-03-01,95.16086977157273,97.34220921104416,94.97909437423634,95.88798522949219,76175319
2023-03-02,96.38788136828782,97.1604372356066,94.8427626993631,95.11543273925781,55276248
2023-03-03,96.34242904520481,97.66031798956128,95.4335382051557,97.2513198852539,117175295
2023-03-06,97.70576924479539,97.79665694560755,95.43354205305596,96.02432250976562,106868143
2023-03-08,95.70620875963023,97.16043272488554,94.52464788732394,96.796875,43939583
2023-03-09,98.02387719788284,99.02365575023003,97.7057667859024,98.34198760986328,51967449
2023-03-10,97.251327645235,98.47832899035011,96.8877698933486,98.25110626220703,47699832
2023-03-13,98.38743084075497,99.06909895281562,96.66053690334398,97.06954193115234,34552596
2023-03-14,97.25131913591945,98.66010270085542,96.52420369576797,96.70598602294922,48584984
2023-03-15,97.70577350999822,99.20544490886964,97.61488580521849,98.7509994506836,38930902
2023-03-16,97.47855357650464,97.47855357650464,94.25198795713374,95.47899627685547,81088340
2023-03-17,96.75142714951218,97.56943029241373,95.4335382051557,97.2513198852539,48962238
2023-03-20,96.43332720335303,96.7514376450212,94.38832259140229,94.9791030883789,41569640
2023-03-21,95.52443214425503,95.79710218780184,94.79732358527563,95.2063217163086,26434897
2023-03-22,95.20632270037461,96.29698901726063,94.88821226914013,95.25177001953125,25891259
2023-03-23,94.88821353609717,95.88799216230639,94.84276621633371,95.34265899658203,20913844
2023-03-24,95.43353717491662,95.47898449014318,92.29786658431262,92.7977523803711,39014278
2023-03-27,93.20676832742484,93.97932423672192,92.79776324535871,92.97954559326172,24753289
2023-03-28,93.47942634156293,93.70664906331406,93.02498089806063,93.16131591796875,18703734
2023-03-29,93.16130852660703,94.97909015639449,92.38875272080469,94.16108703613281,37221124
2023-03-31,95.43354855770129,95.88799402702368,94.61554532606348,94.9791030883789,34579415
2023-04-03,95.5244304339478,95.66076545328022,94.34287644640357,94.61553955078125,21840428
2023-04-05,94.61555008448774,95.43355335726473,93.79754681171073,95.2972183227539,25194802
2023-04-06,95.29721126663429,95.52443399589869,94.70643078368936,94.84276580810547,21053782
2023-04-10,94.9790939317706,96.11520749554776,94.9790939317706,95.38809204101562,19992257
2023-04-11,95.93343138521321,98.02387616643595,95.52442634472473,97.75121307373047,49304956
2023-04-12,98.34199454082321,98.52377688497151,97.2058808934741,97.79666137695312,27349538
2023-04-13,97.70576477050781,98.29654520016359,96.25154082124598,97.70576477050781,34880922
2023-04-17,97.79665527935713,98.43288304277642,97.02409943418587,97.38765716552734,24642162
2023-04-18,97.43310362294393,98.06933142603187,97.11499318854366,97.79666137695312,25476339
2023-04-19,98.02388353406396,100.34155813483824,97.93299582966421,98.25110626220703,62100775
2023-04-20,98.34199269159903,98.79643814199328,97.6148841315406,98.16021728515625,18337948
2023-04-21,98.16021412040989,98.251101820701,95.75165192411649,96.47876739501953,37638506
2023-04-24,96.70598730235032,96.97865039529934,95.75164914131165,96.796875,23475012
2023-04-25,96.97865084380123,97.79665399500504,96.56965273534276,97.29676818847656,23333425
2023-04-26,96.79687220524778,97.29676492931817,96.20609178615184,97.11498260498047,23590297
2023-04-27,96.61510078184396,98.02387744829532,96.61510078184396,97.84210205078125,22364308
2023-04-28,97.97844089561303,98.61466174606632,97.52399544977862,98.1147689819336,30072920
2023-05-02,98.16021949414694,100.75055723282945,98.16021949414694,100.25067138671875,52822162
2023-05-03,99.79622453330512,100.88689084985893,98.84188630560504,99.70532989501953,51272624
2023-05-04,99.97799670311234,101.70489076029625,99.52355126355273,100.93233489990234,38636907
2023-05-05,100.7505566929872,100.7505566929872,98.52377672159058,98.7509994506836,32958346
2023-05-08,99.29633020213612,99.84166335185792,98.3874393078374,99.56900024414062,23130472
2023-05-09,99.61444062828323,101.06866467230375,99.20544249956369,99.56900024414062,27999202
2023-05-10,99.61444374910147,99.97800150506829,98.70555282632812,99.29633331298828,19213215
2023-05-11,99.25087633914733,99.5235463631721,98.3874328202135,98.66010284423828,19817637
2023-05-12,98.4783252757288,98.52377259335807,96.8423258553813,97.02410125732422,36794838
2023-05-15,97.29676921378535,98.3419881540352,96.02432062453563,97.88754272460938,22148028
2023-05-16,98.34198429140717,98.7509893223979,97.43309346825448,97.61487579345703,18587658
2023-05-17,97.61487869179822,97.70576638995476,95.93343200589824,96.3424301147461,28895465
2023-05-18,96.796886945859,97.38766745492131,95.5244382188681,95.61532592773438,24208481
2023-05-19,95.97887630844576,96.06976401031494,94.57009959375556,95.11543273925781,29848841
2023-05-22,95.43354034423828,95.66076305934361,94.79731951565815,95.43354034423828,21588716
2023-05-23,95.5244363661326,96.38788691933445,95.43354865902913,95.9788818359375,21304034
2023-05-24,95.5244382188681,96.1606660495074,95.34266280113556,95.61532592773438,28454367
2023-05-25,95.43355335726473,95.61532878042054,94.79733244193146,95.2972183227539,25885062
2023-05-26,95.4335374698275,97.02409642765795,95.3880901544605,96.70598602294922,28362042
2023-05-29,97.25132485547768,98.93277160864486,96.61510400864269,98.5692138671875,41062311
2023-05-30,99.02365525466732,99.02365525466732,97.16043317422812,97.29676818847656,33475211
2023-05-31,96.70599294202654,97.20587877539539,95.97887744985174,96.16065979003906,41249944
2023-06-01,96.25154905584874,96.97865762554255,96.16066135142295,96.29698944091797,21211538
2023-06-02,96.79688093397353,98.4328873291077,96.79688093397353,98.16021728515625,46686933
2023-06-05,98.75099480863175,99.88710840069082,97.978438952889,99.43266296386719,39642539
2023-06-06,99.75077522347826,99.84166292566272,98.43288620608568,99.06910705566406,26751372
2023-06-07,99.52354225877154,101.56854655176001,98.97820916749859,101.34132385253906,45157197
2023-06-08,101.34132664838678,102.70466288132472,100.84143392259486,101.0232162475586,46380294
2023-06-09,101.11411025672948,101.47766799507176,98.75099535893523,98.97821807861328,36392617
2023-06-12,99.20544151791859,100.52333052789625,99.20544151791859,99.52355194091797,23472313
2023-06-13,99.97799041544884,101.65943704921496,99.65988001462065,101.0232162475586,30018212
2023-06-14,101.3413337723252,103.61356098695133,101.25044607059758,103.4317855834961,66696433
2023-06-15,103.52267229870924,103.79533540129376,102.93189184167883,103.38633728027344,39430138
2023-06-16,103.97711718323664,104.34067491903244,103.47722442973154,103.84078216552734,31715807
2023-06-19,104.9314538689569,105.0677888937217,102.7501212098696,103.70445251464844,33502185
2023-06-20,103.70444714781803,104.74967303787331,103.15911401126786,103.84078216552734,30371599
2023-06-21,104.43156545759419,104.43156545759419,102.56833634493229,103.52267456054688,35627983
2023-06-22,103.80423604765339,105.30592340366555,103.75731256939028,104.27351379394531,34769987
2023-06-23,103.7103859171956,103.94502479936119,102.4902608656903,102.86568450927734,22190233
2023-06-26,102.86567242469647,103.42880424361553,101.45783929709403,103.10031127929688,25332751
2023-06-27,103.80423782458824,104.64893921449546,103.38189070993975,103.94502258300781,24129403
2023-06-28,104.64893880630721,105.16514719829543,104.08580693543568,104.69586944580078,23895274
2023-06-30,104.74278622874928,105.30591806362126,103.61652255900533,105.11820983886719,26741918
2023-07-03,105.3528563819414,107.22996740879113,105.16514814350055,106.15062713623047,30979256
2023-07-04,106.24447717046567,106.43219256229936,105.2120675775154,105.49363708496094,25080307
2023-07-05,105.63442544368607,106.57298095305472,105.30592528691882,106.00984191894531,27877180
2023-07-06,105.11821660314708,105.91598735060249,104.64893885045446,105.72827911376953,34320086
2023-07-07,105.1182215033394,106.33834658146168,104.41430484148668,104.7427978515625,30034274
2023-07-10,105.35284947952708,108.59086292445348,104.789717640489,108.21544647216797,60652690
2023-07-11,108.49701600139205,108.96629375845744,107.74617588645366,108.07466888427734,37999385
2023-07-12,108.07465984542867,108.91936116962161,106.9953196623271,107.65230560302734,32771204
2023-07-13,108.8724387139066,109.76406358050914,107.46460545467505,107.79309844970703,44847814
2023-07-14,108.5908724060653,110.65569887697505,107.7461781540586,109.9517822265625,34521821
2023-07-17,110.70262371113667,112.01660290676477,109.90485292970156,110.5149154663086,49115369
2023-07-18,110.74954117304887,110.8903259202213,109.24785391129896,109.43556213378906,23433431
2023-07-19,109.52942657470703,109.99870433579937,108.96629469351831,109.52942657470703,17222355
2023-07-20,109.52942210315409,110.04563048352553,109.20092911592229,109.7640609741211,22303831
2023-07-21,109.43556213378906,110.7026105371215,108.40315258887411,109.43556213378906,31546136
2023-07-24,109.3417232893246,109.3417232893246,107.32382739306472,108.40316772460938,38113555
2023-07-25,107.93388382693756,112.5328072655987,107.32382131231543,111.92274475097656,88035259
2023-07-26,112.43894957907563,113.18978966811748,111.54731757503772,112.57972717285156,29716336
2023-07-27,112.86129668753097,113.98756040145773,111.82888708966308,112.43894958496094,39664251
2023-07-28,112.81437280044152,113.65907421674179,111.40653949347788,113.1897964477539,33996691
2023-07-31,113.18979516506268,116.24010062891716,113.18979516506268,115.58311462402344,52330311
2023-08-01,115.95854320683631,116.52167511510717,115.01998763951464,115.63004302978516,27863562
2023-08-02,115.34848073564916,115.34848073564916,110.98419591246599,111.64118194580078,54951586
2023-08-03,111.40653360355275,112.29816561385653,110.2802698817702,110.937255859375,34624188
2023-08-04,112.06352634831407,112.39201933596314,110.74954723710773,111.68810272216797,22303966
2023-08-07,112.25123411576,112.25123411576,110.74954677801067,111.54731750488281,20711952
2023-08-08,111.68809815114234,112.15737587446647,110.70261206791776,110.89032745361328,21275054
2023-08-09,111.07804294391596,113.095938718315,109.71714032150814,112.81436920166016,34154214
2023-08-10,112.62666320800781,113.23672573250661,111.92274656295777,112.62666320800781,24439101
2023-08-11,112.90823364257812,113.94064329820472,111.82889334599149,112.90823364257812,26337436
2023-08-14,112.90822309602899,113.00207720857186,110.13948023205076,110.89032745361328,33095516
2023-08-16,110.70261913073175,110.70261913073175,108.30930688545153,108.82550811767578,31252473
2023-08-17,108.77858017687264,109.6232815302222,107.6523093188699,108.91936492919922,28461865
2023-08-18,109.1540082830906,109.24786240162963,107.69924438359962,108.68473052978516,30381609
2023-08-21,109.57635543958527,109.90484843490523,108.73165405118377,109.7171401977539,22629651
2023-08-22,109.95177821129614,110.51491007893941,109.34171570442837,110.32720184326172,17343131
2023-08-23,110.6087722531558,111.9227514804361,110.42106400380607,111.64118194580078,43744909
2023-08-24,112.15737860197748,112.72051045153906,110.79647603548618,110.98418426513672,27103446
2023-08-25,110.74954982330675,110.89033458147537,109.52942479999231,109.7171401977539,23692527
2023-08-28,109.81099835624174,110.98419278312467,109.81099835624174,110.37413024902344,19218821
2023-08-29,111.2188214637486,112.76743939726454,110.51490487220589,112.20430755615234,36038317
2023-08-30,113.09593835649093,115.16075760331971,112.86129948023266,114.59762573242188,51467177
2023-08-31,115.30154195588406,116.00545858218447,114.64455596891445,115.34847259521484,60626985
2023-09-01,115.91160204190336,120.79208768468685,115.81774792581331,119.24347686767578,76460408
2023-09-04,121.26136660715211,124.73401906058736,120.93288077794163,123.6546859741211,68525900
2023-09-05,123.65468057572328,124.31166652668243,120.93287549836978,123.60774993896484,36466807
2023-09-06,124.264738911686,124.264738911686,120.32280878885499,121.63679504394531,36058850
2023-09-07,121.54293690376117,122.76306191452949,120.69824268465561,122.15299224853516,30268235
2023-09-08,123.32618796834758,123.56082684524414,121.26136871590188,121.54293823242188,34313523
2023-09-11,121.54294182951435,123.74855306610588,121.26137230466125,123.091552734375,33377857
2023-09-12,124.64017563631899,124.96866147483829,120.74516164445924,121.07366180419922,38065283
2023-09-13,121.6367972769448,122.48149148976543,119.8535332525609,121.5898666381836,23371459
2023-09-14,122.95076398800569,125.95413856469014,122.7630557621916,123.60774993896484,58800620
2023-09-15,124.45246161879123,125.10944758654733,121.87143406450515,123.84239196777344,85058495
2023-09-18,126.7049851968103,126.7049851968103,122.05913860383784,122.43455505371094,62420823
2023-09-20,122.43456031992622,123.70161595488136,120.13510224280408,120.41667175292969,43627379
2023-09-21,120.41667307298741,121.30829793047604,119.38425629828245,119.94739532470703,29826091
2023-09-22,119.33733770862604,120.79209449152503,117.78871964373766,118.9619140625,34059194
2023-09-25,119.47812158732309,120.41667711539125,118.35185065727502,119.57197570800781,23466981
2023-09-26,121.07365864110356,122.52842252002755,120.51051961661031,120.97979736328125,48936598
2023-09-27,120.83902558725802,120.83902558725802,118.91498386900311,120.27588653564453,33277329
2023-09-28,120.46360638444771,121.35523126171633,118.5395647095708,119.00884246826172,29982233
2023-09-29,120.32281138218599,121.58986702668565,119.71275604000188,120.97979736328125,28406435
2023-10-03,121.07366448640823,121.16752576876206,119.43119229376316,120.1351089477539,18613557
2023-10-04,119.19655475305179,119.29040887585333,116.85016587996022,117.60101318359375,33272725
2023-10-05,118.1641396595734,118.39877853611719,116.89709115835899,117.5540771484375,27063441
2023-10-06,118.7272783271568,119.19655610710603,117.41329911117681,118.16414642333984,21928671
2023-10-09,117.1317290657536,117.22558318347252,115.06690267288651,116.24009704589844,21457836
2023-10-10,117.0378741255633,118.1641450810136,116.14624921803274,117.60101318359375,28745957
2023-10-11,118.2579928518769,118.5395623657683,117.03786783916108,117.27250671386719,24455932
2023-10-12,117.64793800115143,119.10270198323832,117.41329911117681,118.16414642333984,19361688
2023-10-13,117.31943288799145,118.02334948531941,116.38087742488753,117.36636352539062,26912800
2023-10-16,117.41328406510793,119.43117969242607,117.27249931704206,119.19654083251953,23868700
2023-10-17,120.0412534720419,120.6513159974083,119.19655206465846,119.57197570800781,24241710
2023-10-18,119.9943219141076,120.79209267474498,118.82112751299077,119.2904052734375,20926079
2023-10-19,117.78871784512958,118.7272733658079,116.70937756422744,118.25799560546875,30941319
2023-10-20,117.31943543967222,118.02335205231024,115.16075496333822,115.53617858886719,30746140
2023-10-23,115.77082279044262,115.81775343102345,112.34509368574363,112.62666320800781,30699479
2023-10-25,113.75292251977353,115.25461703220905,113.33057541353237,113.89370727539062,27346103
2023-10-26,113.42443126131572,113.47136190077431,111.59425089219445,112.53280639648438,36298907
2023-10-27,113.09593826693629,114.31606328675728,112.15738276264636,112.53280639648438,28424007
2023-10-30,113.61214480056321,113.79985303410739,111.64117254529883,111.82888793945312,18753217
2023-10-31,112.62665501644737,112.76743976733991,111.12496771501672,111.45346069335938,22319950
2023-11-01,111.68809660671877,111.78195071796382,108.87243030570906,109.43556213378906,24717941
2023-11-02,107.55845491847046,111.26575330370937,107.55845491847046,110.84339904785156,72538804
2023-11-03,110.93725401141431,111.31267763262483,109.90484442354287,110.09255981445312,31747230
2023-11-06,111.2188285722994,112.29816884710623,110.28027305692135,112.06352996826172,27883152
2023-11-07,111.96967898959583,112.8143732486415,111.12497756993965,112.29817199707031,25818033
2023-11-08,112.39202476435393,113.09594141214738,111.26576099212859,111.73503875732422,22552386
2023-11-09,111.87581770693697,113.09594277539708,111.54732469946248,112.29817199707031,22979112
2023-11-10,112.15737562561986,113.04900043371352,111.50038967866767,112.673583984375,23584510
2023-11-13,113.42443130663135,113.79985494061935,112.53280644144378,113.56521606445312,17951775
2023-11-15,114.22219955278254,116.75630365626421,114.03449132020319,116.42781066894531,38344393
2023-11-16,116.38088630439829,117.55408072278941,115.4423307696854,117.03787231445312,30836413
2023-11-17,117.03787098066732,118.02335714512925,116.66245449954886,117.50714874267578,23319439
2023-11-20,117.36636661193766,117.9294984724875,116.42781112415123,116.7093734741211,18780290
2023-11-21,117.36636628690222,118.63341475978291,117.27250500989543,118.49263000488281,29643312
2023-11-22,118.6334142962978,119.10269203705799,117.78871293080745,118.35184478759766,19588063
2023-11-23,118.58648503711332,119.57197116841473,118.16413792976137,118.91497802734375,30736851
2023-11-24,118.91497617869612,119.19654568629359,117.83564310766259,118.2110595703125,14719450
2023-11-28,119.19654800116176,119.19654800116176,118.25799250508962,119.0557632446289,18377843
2023-11-29,119.33732744907995,120.27587574279143,118.91497319826944,119.90045928955078,23092165
2023-11-30,119.94739801659013,120.93288417433945,118.72727297943482,120.04125213623047,40165104
2023-12-01,120.97979788502786,122.29378417410548,120.18203430497894,122.01221466064453,31192397
2023-12-04,124.07703122552147,124.21782313983795,122.38762850226401,122.95076751708984,41230928
2023-12-05,122.95077695755992,124.3116796397925,122.01222140826557,123.513916015625,35192149
2023-12-06,124.35860577146744,125.20330000670991,122.76306425977576,123.74855041503906,40753593
2023-12-07,123.60775614196274,124.07703389065752,121.82450642541069,122.01221466064453,34686333
2023-12-08,122.15300034455692,123.3261947939715,120.08818097783153,121.2613754272461,34393711
2023-12-11,121.87144245226865,122.48149782405332,120.83902563101046,122.05915069580078,24038059
2023-12-12,122.05914846123339,124.0301064640694,121.73064830015036,122.1060791015625,30696410
2023-12-13,122.52843113051362,123.42005604760185,121.21444475476454,123.3261947631836,22767972
2023-12-14,124.17089752172592,125.06252239689682,123.42005024534282,123.88932800292969,43372143
2023-12-15,125.20330540085537,128.34747224091285,124.82788890706698,128.06590270996094,77377446
2023-12-18,128.44133444724852,129.14525111907219,126.79886221299327,128.20669555664062,38461877
2023-12-19,128.25360823810502,129.14524745408846,126.51728908961402,127.08041381835938,27726431
2023-12-20,127.549683062776,127.78432193104543,120.8390171587582,121.77757263183594,39495961
2023-12-21,120.79208705521754,123.3731146175992,119.99431633169431,122.95076751708984,34914399
2023-12-22,124.26475343915268,126.4703647873087,123.65469803879719,125.34410095214844,37357334
2023-12-26,126.4234300484905,127.73741641462952,126.18879116038222,126.89270782470703,25936447
2023-12-27,127.50276463327606,130.3653473217519,127.17426449465437,128.76980590820312,48101400
2023-12-28,129.66143798828125,130.2245770228141,128.44132728216107,129.66143798828125,34661176
2023-12-29,130.08379862169656,132.57096497955038,128.72288168351417,131.02235412597656,49202910
2024-01-01,131.39776611774306,132.2893909521552,130.50614128333095,131.25698852539062,21186105
2024-01-02,131.86704835134037,131.96090963025657,128.62903472581846,131.02235412597656,27764060
2024-01-03,130.9284847870951,131.02234606023316,126.0949299660952,127.03348541259766,45176618
2024-01-04,127.64355559677607,127.9720557698151,125.76644448505877,126.00108337402344,43913498
2024-01-05,126.70499050906703,127.59661535581272,124.68710194426255,125.43793487548828,71330190
2024-01-08,126.98656406724704,127.5966194236217,123.65468912413625,123.88932800292969,39559717
2024-01-09,125.2971572811885,126.51728227626059,124.35860179593615,125.43793487548828,30736868
2024-01-10,125.57872103044022,126.42341519993131,123.9831796429462,125.86029052734375,27213624
2024-01-11,126.56422106982723,127.31505404943226,125.95415137237177,126.61113739013672,23113349
2024-01-12,127.45582708074221,127.87817414946915,126.37647977041898,126.9865493774414,32883921
2024-01-15,127.64355421892529,127.87819310535714,125.71951248593992,126.61113739013672,34158775
2024-01-16,126.42342256213486,129.98993631442823,125.76643657858038,128.81674194335938,56361287
2024-01-17,127.12734302255869,127.40891254435944,123.3261902813005,123.56082916259766,58982971
2024-01-18,123.56082284880112,124.12396186362696,120.32280931660269,122.95076751708984,45273496
2024-01-19,124.45247243534517,126.42343050991558,123.51391687948652,126.00108337402344,32653013
2024-01-23,126.5172871893049,126.89270366949631,121.35523181995895,122.1060791015625,35373970
2024-01-24,122.19992486678571,127.22120258729399,122.10607790826535,126.84577178955078,39340119
2024-01-25,128.11283475216305,128.11283475216305,123.88933470538844,125.53180694580078,61358839
2024-01-29,126.42340945875426,127.08039537421428,125.29714584350586,126.7049789428711,29745400
2024-01-30,127.26813231504262,129.23909028449148,126.23571553017383,126.42342376708984,35704185
2024-01-31,126.70497863039934,128.30051994150134,126.23570093176824,127.59660339355469,36079354
2024-02-01,128.01896074213494,128.34746088605343,126.23571107257173,126.51728057861328,31701793
2024-02-02,126.98655990378806,131.0223513509592,126.51728216158723,130.17764282226562,69296192
2024-02-05,131.39777511660765,134.54194189252914,130.78771974634034,132.8525390625,80737626
2024-02-06,134.2134435158952,136.18441589741428,131.82012400154235,135.76205444335938,53192936
2024-02-07,137.82687715458675,138.3430712085699,135.19891896182332,135.52740478515625,61517064
2024-02-08,136.37212686652762,136.70061272252704,134.26037683896303,134.82350158691406,38997666
2024-02-09,135.33969451067205,135.57433337574645,130.59998657192511,132.61788940429688,35961925
2024-02-12,133.27486477536152,134.16648952757268,128.25358773315443,128.95750427246094,36477544
2024-02-13,129.28602153298965,129.7552992881003,125.86029964916997,129.3798828125,39155909
2024-02-14,128.58210239101555,132.80560210458907,127.40890802613403,132.52403259277344,29141690
2024-02-15,132.80560210458907,134.6357824495602,132.33632435863646,132.52403259277344,31587387
2024-02-16,133.321818632224,134.63579067265613,132.8056102159038,133.55645751953125,22316127
2024-02-19,134.16650655465884,134.54193734933278,132.66482633962445,133.2279510498047,16973568
2024-02-20,133.22794921915667,133.50951873098805,131.44469951292507,132.3832550048828,24291123
2024-02-21,132.8525390680821,137.21681658472158,132.75867778593508,135.05813598632812,88000833
2024-02-22,136.09053231318023,137.1698652892455,134.68269922028526,136.9352264404297,46728176
2024-02-23,137.40451853141337,138.0615188338946,136.0905465688915,136.5128936767578,28414697
2024-02-26,136.888322464166,136.98216941941865,133.50951700822895,133.8849334716797,22570277
2024-02-27,133.88494246517038,135.6212759480105,133.2748870907785,135.33970642089844,24119469
2024-02-28,135.1989205363827,136.0436147447563,131.44469859477525,132.1016845703125,20721926
2024-02-29,132.14862599827916,133.1341122026565,130.83463961870225,132.195556640625,32248156
2024-03-01,134.2134315404417,141.39337512163473,134.2134315404417,140.73638916015625,123709943
2024-03-04,145.3822443139194,145.3822443139194,141.76881415479082,143.69285583496094,67577785
2024-03-05,143.78669460738936,144.53754184485334,141.48723657864704,142.5196533203125,37165490
2024-03-06,142.4727271558528,143.27049073471392,138.8123521287512,142.28501892089844,51782444
2024-03-07,143.03584517727774,149.37109447920633,142.89506758794496,147.5878448486328,124847699
2024-03-11,149.1364561555137,149.1364561555137,143.59898469636403,144.02133178710938,54155385
2024-03-12,144.7252410362429,145.05374115750072,141.6280053258797,143.12969970703125,34947937
2024-03-13,143.41129362507633,143.50514058912412,133.74416841242518,134.82350158691406,70937597
2024-03-14,134.7765825816387,135.10506843109684,129.84916594877632,133.69723510742188,91956952
2024-03-15,134.11956504187438,134.87041224912937,131.25698244111993,132.99330139160156,68482621
2024-03-18,133.79108869885854,141.01796314732255,133.4625885470655,140.5017547607422,166913078
2024-03-19,139.84477682674634,143.08279060714824,138.53080478639288,139.61013793945312,105004268
2024-03-20,140.40789742994804,141.39336917007512,135.0112037315296,136.70059204101562,77550319
2024-03-21,138.90620978811123,141.9095844327994,138.71850155804697,140.87718200683594,84225737
2024-03-22,139.844774191538,143.36435743461362,139.2347188245599,142.4727325439453,68241556
2024-03-26,141.8626637326861,143.97441369158548,141.2526083619369,143.03585815429688,52965508
2024-03-27,143.0827897030566,144.63141494213914,142.66044257284173,143.3174285888672,35328794
2024-03-28,143.3174215952071,147.3532130984534,143.3174215952071,146.2738800048828,62575327
2024-04-01,147.16550174482964,153.82923704273637,146.88393223731921,153.1253204345703,84583929
2024-04-02,152.93761586285498,155.33093525213192,151.85828276632833,154.5331573486328,69533405
2024-04-03,154.5331446563247,156.03483906149447,153.07839520776437,153.59458923339844,50938559
2024-04-04,155.37785764464343,155.75327409623506,151.10742748199527,153.35995483398438,61094750
2024-04-05,153.82924339339579,154.06388227247126,150.91972988559223,153.31304931640625,44668121
2024-04-08,156.69184969040677,156.69184969040677,154.1108218705488,155.04937744140625,48255703
2024-04-09,155.80020141601562,159.36671491508395,155.04935420759818,155.80020141601562,63884687
2024-04-10,157.02031895460647,158.80356845966168,154.39236100935247,154.9085693359375,64134758
2024-04-12,155.80021569488244,155.80021569488244,152.98454914617975,153.45382690429688,55317636
2024-04-15,151.85826906744555,154.5800740434652,148.85489460257782,150.96664428710938,66426404
2024-04-16,150.96666762509543,152.46834792906498,149.23033410979482,150.2158203125,41391261
2024-04-18,151.01358394614033,153.92311191198962,149.37111171537214,150.2158203125,68093672
2024-04-19,150.1688745942207,152.51526325975541,147.63477769968722,152.1398468017578,60078229
2024-04-22,153.73539275103772,154.58008696698252,151.5767122510206,151.90521240234375,39304790
2024-04-23,153.45382589886722,153.45382589886722,150.91972888588234,151.2482147216797,30295177
2024-04-24,152.46834082211518,156.64491000714344,151.52978530542475,155.37786865234375,59894921
2024-04-25,155.2370714736159,157.6773214628384,154.0638771174936,157.395751953125,50128523
2024-04-26,157.67732226479077,160.21141922265943,155.0962946681945,155.6125030517578,65355111
2024-04-29,157.86502876629712,159.1790150301514,156.64490377886818,157.1141815185547,44906151
2024-04-30,158.05274692006748,158.05274692006748,154.39238604921283,154.86166381835938,55043389
2024-05-02,154.86166474431158,158.52202563705234,154.86166474431158,157.06727600097656,69320283
2024-05-03,158.56894350674858,160.25834621395077,155.0024298629262,156.2694854736328,62573586
2024-05-06,157.63039623865563,158.28738223640633,154.5800908079654,157.30191040039062,37621296
2024-05-07,157.63039794814583,157.63039794814583,152.32756494730995,154.15774536132812,43611824
2024-05-08,154.11080411662664,156.83262355128622,153.45381815695703,155.84713745117188,30128705
2024-05-09,155.75328590443846,156.4572025454539,151.57671669865766,151.95213317871094,30223088
2024-05-10,153.17224921828685,154.25159659713955,151.9052079316596,152.28062438964844,31472419
2024-05-13,152.46833187623184,154.39237343680068,148.33869357358347,153.78231811523438,36561003
2024-05-14,154.01696419618196,156.31642232063896,153.4538251643384,154.81472778320312,46261468
2024-05-15,154.8147349877422,157.25498514433107,154.8147349877422,155.4248046875,29601304
2024-05-16,156.9734155830228,157.67733224483007,152.327568479339,155.70635986328125,41126570
2024-05-17,156.36335934304788,158.09967850653933,155.28401187482459,157.06727600097656,39181277
2024-05-21,158.1465909669722,164.43490952396698,157.63038261292516,163.63714599609375,84833644
2024-05-22,164.6695609765295,164.71649161616284,160.96226958502524,162.65167236328125,42919832
2024-05-23,162.4170335682316,164.99806121594014,160.02371415793047,164.71649169921875,49377680
2024-05-24,164.20029227572033,166.6405424589897,163.4494449638512,164.1064453125,38674485
2024-05-27,166.78131095314149,166.78131095314149,164.10643634733947,164.71649169921875,30410585
2024-05-28,165.09192167387206,166.59361633836858,162.79246335485442,164.1533660888672,39208456
2024-05-29,164.01258221794578,165.18577665441177,162.8393877814798,163.54330444335938,36575550
2024-05-30,161.43153939296138,161.43153939296138,153.3130403787219,154.06387329101562,108813875
2024-05-31,155.84713485979879,157.6303844808536,153.92309332894308,156.9264678955078,83713848
2024-06-03,162.6047488941866,164.24722110523896,158.47511020631475,163.54330444335938,86397540
2024-06-04,163.77793642417495,163.91871402212587,139.04699301788153,149.1833953857422,125042158
2024-06-05,152.1867696808004,159.17901966259458,149.23032556322474,158.8035888671875,60098501
2024-06-06,159.5544433672781,163.96565158436454,158.99130430925808,161.47848510742188,57920819
2024-06-07,161.4315501275546,168.6114941576465,160.30528636300187,167.90757751464844,84319867
2024-06-10,169.1370863687229,170.91095562178475,166.46219756941727,169.212158203125,74286848
2024-06-11,169.40926019066714,172.45956542955724,169.40926019066714,170.18826293945312,55555544
2024-06-12,171.05173410368323,172.57218937959226,170.34781750243351,171.032958984375,33304643
2024-06-13,172.13108036030343,172.78808069548174,169.4186554217204,171.3426971435547,36669164
2024-06-14,171.70873035796066,172.22493876072468,170.253966430615,171.8964385986328,28509237
2024-06-18,172.50650131241707,173.2573485659894,169.50312661934797,169.9911651611328,35032118
2024-06-19,171.23945381879082,171.27700405992593,168.29239002340327,168.95877075195312,27476795
2024-06-20,170.4416841551151,171.70872548460727,168.34869508342138,171.07989501953125,38837494
2024-06-21,171.7692612390028,173.20545912431137,170.60115245683764,172.2863006591797,65494855
2024-06-24,169.89264739401358,171.33841475642944,167.6521820690212,170.39053344726562,47597307
2024-06-25,170.41924602528817,171.38628067348517,167.79578596663842,168.20748901367188,30599989
2024-06-26,168.20748646059263,168.513882350278,164.530823442929,165.22019958496094,44006436
2024-06-27,165.22020124495944,167.50854260865793,164.49253291428585,166.7521514892578,49767976
2024-06-28,166.76171845196177,169.56709919137518,166.1872480760421,166.6085205078125,37521949
2024-07-01,167.0776881572447,168.50431665661114,166.12979228870128,166.66598510742188,27807688
2024-07-02,167.04896708373604,168.27452146244843,166.21597697267265,167.11598205566406,33359495
2024-07-03,167.11598556691845,169.35646545267204,166.98194101048543,168.86814880371094,29090492
2024-07-04,169.471356467363,170.61074250094825,168.34155443693248,168.7915496826172,29504744
2024-07-05,168.7053767114824,168.7053767114824,166.02447104847684,167.2787628173828,38123217
2024-07-08,167.17344439096433,168.00643451272487,164.77019717844297,164.95211791992188,31479861
2024-07-09,166.215978882566,166.31171664495758,164.214865338763,164.49253845214844,25127904
2024-07-10,165.1627536837332,165.53616454245383,159.9158482661364,160.8350067138672,41525591
2024-07-11,162.76909536932962,163.67868445091202,161.49566481121008,161.7350311279297,33987236
2024-07-12,162.96058356043804,163.14250429654055,160.86373231337913,161.5148162841797,33311402
2024-07-15,161.51481617364936,161.80205867204833,158.74774217160137,159.66690063476562,32635187
2024-07-16,160.6626600901209,162.59674384402217,159.60944254845214,159.96371459960938,26505901
2024-07-18,160.48075185594854,160.48075185594854,157.44558875302025,159.28392028808594,36568852
2024-07-19,158.9392305226065,159.02539888823415,150.5135334524681,151.05929565429688,77987514
2024-07-22,151.66249305680057,153.86466610167957,149.75714651808016,153.50083923339844,40353690
2024-07-23,154.72638936891312,155.08064683428645,148.40711291074504,153.21359252929688,37077411
2024-07-24,153.21359821093546,155.12852877111797,152.41890027528842,153.4912567138672,28086566
2024-07-25,151.75825217012866,151.75825217012866,150.22630182482223,150.69546508789062,45155876
2024-07-26,151.99761529209434,156.01896660149205,151.48059046207274,155.635986328125,45642032
2024-07-29,157.69451536236318,157.69451536236318,155.4253275157265,155.94235229492188,31754833
2024-07-30,155.97107670142609,158.26900196887053,154.4487105254659,157.09132385253906,42824600
2024-07-31,159.2169032862457,159.41797743382668,156.59345763247694,158.29774475097656,52769925
2024-08-01,161.04565368510555,161.76375262954843,154.05615437057605,156.12428283691406,118341338
2024-08-02,154.1519103961325,154.3338311372673,148.13902959418223,151.4901580810547,72427529
2024-08-05,147.12411173191094,147.4496464059453,142.66232022393407,143.44744873046875,102883971
2024-08-06,144.77832143456956,147.25815283244157,143.24637124829385,143.92617797851562,53507102
2024-08-07,147.16241483742957,147.73689986582087,145.43897436201678,147.31561279296875,32029697
2024-08-08,146.8751653605634,146.9134721525128,143.61978931336463,143.88787841796875,51858615
2024-08-09,146.4921844563585,146.4921844563585,144.8166202550603,145.35279846191406,23290101
2024-08-12,144.57725226192537,146.87516301026378,143.5048958606688,145.5921630859375,30550334
2024-08-13,145.63046344357585,146.4443001015184,142.18358286358512,142.54742431640625,29396493
2024-08-14,143.52403914556635,143.52403914556635,136.29518799367844,139.95269775390625,97911180
2024-08-16,141.7048659227837,143.61979654336187,140.23037577323345,143.16021728515625,54131721
2024-08-19,144.4336440738492,147.7368963848656,143.99320361449196,147.41136169433594,62889770
2024-08-20,149.0773470982104,149.0773470982104,146.30070351977406,147.38262939453125,37559016
2024-08-21,146.4921941831591,147.62199624979473,145.31451592849825,145.4581298828125,49749381
2024-08-22,146.0230214105015,147.78476859071984,146.0230214105015,147.5836944580078,36719176
2024-08-23,147.44965366407368,147.8230645402611,146.06133192490307,147.64114379882812,31490857
2024-08-26,148.03371311350293,149.74756960110676,147.16241616946866,149.0773468017578,32497603
2024-08-27,149.17309067853427,149.84331343969902,148.02413528657172,148.119873046875,24523684
2024-08-28,148.11986449832884,148.40710698218177,146.5400527517772,147.1623992919922,25195197
2024-08-29,146.6932521114545,147.02835617106115,144.76873767783806,146.4634552001953,44452983
2024-08-30,146.49218706221254,148.64648393077448,145.9847316352877,146.26239013671875,55134023
2024-09-02,147.35389283246997,147.35389283246997,145.66875928970663,146.37728881835938,19200143
2024-09-03,146.3389828166072,146.92303719357153,145.54428491944196,145.67832946777344,19780066
2024-09-04,143.14105342171146,145.70705325297433,142.81551874635903,144.7495880126953,39613696
2024-09-05,144.57725591620016,146.2911123229386,144.57725591620016,145.26663208007812,28347324
2024-09-06,145.47726368059728,146.3964220838978,143.2846602083886,144.7878875732422,30709532
2024-09-09,144.481503529731,144.481503529731,141.7527362736201,143.11233520507812,32624586
2024-09-10,144.09851732810043,145.1421509240014,142.48039874944587,143.064453125,41607844
2024-09-11,143.52402542585267,143.8112679033811,141.34100597225154,141.86761474609375,24633287
2024-09-12,145.53471756509396,145.95600461139665,142.42295551189292,145.28578186035156,73191476
2024-09-13,146.28154271760843,148.7900970487839,146.01345361090696,146.9613494873047,54894255
2024-09-16,148.40711745645567,149.03904804358055,146.97091954558672,147.65072631835938,32575460
2024-09-17,147.44965678210306,147.67945371452424,145.79324589729697,146.31985473632812,18275113
2024-09-18,145.91770069332145,146.47303230076827,143.2463790294976,144.19427490234375,24856345
2024-09-19,145.4294010626895,145.71664356917074,141.50378756355425,143.17935180664062,36913781
2024-09-20,144.57726008887275,146.81772538125833,144.2421413904577,145.5538787841797,53873369
2024-09-23,147.81348959751986,147.82305899048202,146.30069275316202,147.44007873535156,33281905
2024-09-24,148.55073627904147,154.6306468118322,148.26350837524944,153.701904296875,137414352
2024-09-25,154.6306460397091,155.77003208493187,152.73486883534235,154.78384399414062,58044967
2024-09-26,155.10937615315066,158.8434849203407,153.65402482937571,158.56582641601562,88661662
2024-09-27,159.89669199903508,161.82119183483928,158.83390501872296,159.46583557128906,72795668
2024-09-30,160.37544157015517,162.94144162259218,160.14564463316742,161.3807830810547,92381529
2024-10-01,162.2807859160864,162.2807859160864,158.07751417123993,159.9254150390625,50761579
2024-10-03,158.46050369539955,162.7595280581904,157.5221918125888,159.87754821777344,75959797
2024-10-04,159.89669969092603,161.90738259681194,157.024303888095,159.65733337402344,53880875
2024-10-07,159.99244806433083,160.80628475561033,155.42533476120158,157.36898803710938,48775098
2024-10-08,156.0668383152851,156.63173931572797,150.03480421918394,152.73486328125,74956764
2024-10-09,152.7348740754111,155.3008741562495,151.38484444896807,152.29443359375,42766218
2024-10-10,151.56676209160358,154.324252260621,149.93907398014832,152.92636108398438,46507936
2024-10-11,152.52421691767853,156.81365713768548,152.42846454898114,153.8263702392578,53263433
2024-10-14,154.99448097060719,156.43067886066913,151.3178032686307,151.58590698242188,35566857
2024-10-15,152.7157162581054,152.7444390484953,148.45499856972177,149.0103302001953,38964393
2024-10-16,148.58904092772988,149.89119430858034,147.46880828982898,148.6369171142578,28518262
2024-10-17,149.02947164968103,149.6518328753569,145.6304814415555,145.91770935058594,28404223
2024-10-18,145.9176913564781,149.55606205639228,144.67299827814077,148.780517578125,34750795
2024-10-21,149.46033162392519,151.2124801778258,148.0145497437117,148.4358367919922,25799090
2024-10-22,148.3113732009961,148.3113732009961,143.71555132253332,143.9932098388672,39079846
2024-10-23,143.9070420666232,145.48685401772,141.7527450734395,142.45169067382812,42107893
2024-10-24,143.1314898604578,143.45702454907357,141.71443072808205,142.64317321777344,22115070
2024-10-25,142.66232412927562,143.1410567605819,138.28670086645107,139.6558837890625,39730802
2024-10-28,139.7899314876512,143.3612729068424,138.5739464860324,143.0261688232422,28386897
2024-10-29,143.47618655450094,144.05065699068842,140.31654802130427,143.67724609375,32258407
2024-10-30,141.8006158267189,144.52938314763492,141.8006158267189,142.63360595703125,21362130
2024-10-31,142.73892913916487,143.57191927773744,141.89635499731423,142.2410430908203,26383702
2024-11-01,143.2942485065543,143.8591494807019,142.66231795424014,143.3804168701172,5106804
2024-11-04,143.61979603375312,143.61979603375312,138.92822187388833,140.69952392578125,25571021
2024-11-05,140.74739313561867,146.06132824738492,140.69951695069528,145.8123779296875,42772283
2024-11-06,147.4496416240549,148.35923064718642,143.22721656211465,147.08580017089844,48928986
2024-11-07,149.46989724917992,150.24544174589212,143.81127424832144,144.5293731689453,88254789
2024-11-08,145.53471583725118,145.53471583725118,140.68994408180956,141.29315185546875,61980989
2024-11-11,141.29316451094266,141.40805567440268,137.97075867645088,138.842041015625,47497863
2024-11-12,139.45481000440753,140.8718691156459,137.492017898951,138.0377655029297,28861672
2024-11-13,137.49200558734287,137.49200558734287,132.70467969098357,133.25042724609375,57609083
2024-11-14,133.76747889794598,134.7440829513831,131.65147422931113,132.11105346679688,36345184
2024-11-18,133.5568329184097,137.15689699718155,132.1302044370754,135.20367431640625,40233848
2024-11-19,135.96006193234294,136.42922515204557,133.14511183364692,133.52810668945312,37611903
2024-11-21,133.56640690887318,135.57708984602934,131.41211002324619,134.2557830810547,58398744
2024-11-22,134.1887555149593,137.09945819896518,133.71002286651526,136.70689392089844,43710169
2024-11-25,138.77500586842004,139.93353055760713,136.76432314156614,137.55902099609375,53883890
2024-11-26,138.08564588350688,139.5984428013521,137.472868679675,138.32501220703125,25608469
2024-11-27,138.17181800864472,138.73671904117154,136.82178840093584,138.38246154785156,24895631
2024-11-28,137.87499370823693,139.07182525084315,137.00369683887718,137.2909393310547,30947861
2024-11-29,137.77923640632747,139.30161717741578,136.96539975235902,138.3920135498047,29742979
2024-12-02,137.98032205176875,140.5846287815188,137.05157956161287,140.1824951171875,23840351
2024-12-03,140.5080352043417,141.89635699139313,140.1154709182117,140.3069610595703,35527228
2024-12-04,140.74739575323386,140.79527193904764,137.8749999215352,139.6463165283203,38537808
2024-12-05,140.26866039728668,141.5899671293947,138.64097237947502,140.81442260742188,36328245
2024-12-06,141.22612231953772,142.35592428540917,140.36440945098354,141.98251342773438,30604899
2024-12-09,141.9825172020591,144.26128919959288,140.39313597135887,143.50489807128906,39059139
2024-12-10,143.8017028255748,146.01344513231254,142.9591287621472,143.92617797851562,36278104
2024-12-11,144.1846908994371,145.64004219447833,143.67723547724202,144.19427490234375,20499709
2024-12-12,144.4527760312419,145.18045896362426,142.3750782143673,144.36660766601562,25761723
2024-12-13,143.61978231613364,143.66765849885763,139.35906502937362,142.61444091796875,39701388
2024-12-16,142.60487799324102,143.42829870025722,140.84314542326788,141.5037841796875,22634773
2024-12-17,141.50378810321808,142.18359488415763,139.14843168256274,139.48353576660156,27110781
2024-12-18,139.7899196721864,140.6516325111933,137.20476654540607,138.3154296875,19850229
2024-12-19,135.5292008332253,137.68349751496578,135.0983444188291,137.1664581298828,27104579
2024-12-20,136.81221753148526,138.25798488975394,134.04514337058293,134.6962127685547,46503449
2024-12-23,136.3909338197047,137.68351786368822,134.62920111260664,135.6824188232422,27514178
2024-12-24,135.19409525951502,135.48133776683858,133.32704087655316,134.4089813232422,25882917
2024-12-26,134.95473256972352,135.14622270983824,133.57598018527978,134.38983154296875,23939932
2024-12-27,134.71536710834124,135.72070861260912,132.71426810321762,133.0015106201172,19562177
2024-12-30,133.00149932801168,133.32703400163734,130.3014403520621,131.05784606933594,32555723
2024-12-31,131.04826869538877,132.78127852119832,130.75145679502504,132.17808532714844,20080291
2025-01-01,132.22595087276264,132.5610549292103,130.77059966802656,130.92379760742188,18169498
2025-01-02,131.17273407301693,132.5610557087721,130.59824910178597,132.3025360107422,23388424
2025-01-03,132.30254794117715,133.78662207588437,131.97701324601226,132.4748992919922,23351832
2025-01-06,132.47489758236378,132.50362037216877,125.76307118564904,126.55775451660156,44620509
2025-01-07,127.13224105173092,128.18545872303827,126.39498868181578,127.70672607421875,24239451
2025-01-08,128.23332329741976,128.5301498188251,126.16520930959798,126.99819946289062,31570331
2025-01-09,126.38541779701265,126.76839806764471,124.18324471647617,124.40345764160156,31903107
2025-01-10,124.40345972299295,124.84390019037357,121.31085088710218,122.00980377197266,34855510
2025-01-13,120.64062821078628,121.11936086241637,117.40439811552376,117.70121002197266,38968332
2025-01-14,117.71078251633102,122.21086635898129,117.71078251633102,121.53106689453125,36877365
2025-01-15,122.55555402802851,122.85236592287846,120.42997996907405,121.14807891845703,18773125
2025-01-16,122.55555507800953,123.00556492559245,121.17680274582023,122.3736343383789,22164393
2025-01-17,122.45981399969992,125.58115294011135,122.21087097497396,124.73857879638672,27421959
2025-01-20,125.41837553836952,126.48116252637492,123.42684610995578,126.05987548828125,20571916
2025-01-21,126.44286142309578,126.76839610907963,123.752386347607,124.18324279785156,32238213
2025-01-22,124.70984714461679,124.8055995122403,121.71298358195402,123.43641662597656,27505569
2025-01-23,122.41192837972491,125.1885790119018,122.26830713403162,124.82473754882812,20722538
2025-01-24,124.94921833698494,127.53437165648766,123.80983232263387,124.22154998779297,37092106
2025-01-27,123.53217272178101,123.94387577351505,120.39168051290343,120.99488830566406,24650571
2025-01-28,120.9948880126621,124.93964752916087,119.4342149575899,123.14917755126953,40373804
2025-01-29,123.51301744996476,125.75348263224956,123.08216100871927,125.23645782470703,16674706
2025-01-30,125.23645015623808,126.52901940082803,124.56622744314409,125.54283142089844,25256096
2025-01-31,125.54285317761017,129.2578234450815,124.40346706301384,128.89398193359375,26689228
2025-02-01,129.25781661499312,129.73654926912272,124.70985640076188,127.31416320800781,21173846
2025-02-03,125.70560371719078,126.87371246748953,122.37362880490515,126.21307373046875,27765357
2025-02-04,127.15139419713158,128.62588432428686,126.26094387501131,127.7450180053711,25032519
2025-02-05,127.48648757267763,129.6312149144528,127.41947260468203,128.68331909179688,16958362
2025-02-06,128.7790813262184,129.1333388079031,126.40457150104794,126.9024429321289,22408168
2025-02-07,127.6301215391534,132.84830426209064,126.92159199024184,132.42701721191406,52950146
2025-02-10,132.22595957234125,132.22595957234125,127.34288085359974,128.33863830566406,26120805
2025-02-11,127.3428796833171,128.62587962641553,124.18324140080149,124.5758056640625,23635428
2025-02-12,123.8481297585838,127.62053038336171,122.85235776674915,126.65349578857422,37927696
2025-02-13,126.65349754556125,131.83338786808585,126.25136390819702,130.4546356201172,52036196
2025-02-14,130.45463789680852,133.32703359361898,127.65884117175086,128.75035095214844,41469242
2025-02-17,127.2567108097113,129.06631956098687,125.16942895244972,128.5780029296875,21189637
2025-02-18,128.57801647304558,129.16207092570485,126.14606089248382,128.8173828125,23957576
2025-02-19,128.77907270932423,131.05784461900643,127.3715976603746,129.9854736328125,18447487
2025-02-20,129.51633446121855,132.47489871450335,129.25781474100347,132.1685028076172,24139808
2025-02-21,132.04404451970584,135.57709385414466,131.31636153324553,134.77281188964844,41987785
2025-02-24,132.9057529509142,134.6770695597755,130.84720844635495,131.7950897216797,25193205
2025-02-25,132.599360176902,133.42278082937636,130.88548929558743,131.23976135253906,23575603
2025-02-27,131.3738185025967,133.07810554526,130.10038791727888,132.79086303710938,30747044
2025-02-28,131.93871227971601,131.93871227971601,128.35778704198734,131.36422729492188,45540594
2025-03-03,131.17273692690625,133.13554357659663,128.59715311245867,132.67596435546875,31154401
2025-03-04,130.3588914408109,134.94515829281517,130.03335675342007,133.4132080078125,28634645
2025-03-05,133.08767192247157,140.25909202154875,133.08767192247157,139.88568115234375,62109377
2025-03-06,140.54631968054383,145.72621026535774,139.9814186811011,144.04107666015625,79121467
2025-03-07,143.3708546453163,145.96557734294433,142.92084480008745,145.11343383789062,81821791
2025-03-10,145.11343937543094,147.67945399144855,144.0123601179238,144.62513732910156,54450331
2025-03-11,141.80061348279318,145.24747971693674,141.70486111111111,144.337890625,35916900
2025-03-12,144.57726627276725,145.8028207386164,141.41762773028424,143.90704345703125,26377549
2025-03-13,145.53472830699454,147.02837186521504,143.63895106846553,144.46237182617188,48286431
2025-03-17,145.52514980540872,146.14749637912962,144.48150157089648,145.35279846191406,35879780
2025-03-18,145.35279846191406,145.35279846191406,145.35279846191406,145.35279846191406,0
2025-03-19,150.1305634274742,152.42847432600115,149.843320912718,151.85400390625,66161413
2025-03-20,153.19444163277876,153.29019400270343,149.9869271671883,152.2752685546875,39889517
2025-03-21,152.2656978580057,152.95507400823206,150.14970783253443,150.5901336669922,49184821
2025-03-24,151.27950697987026,152.2369722139201,150.42736350595635,151.681640625,30905773
2025-03-25,152.23697251519428,152.23697251519428,149.4124529911097,150.0635223388672,28467187
2025-03-26,149.5560738387384,150.83907380780764,148.41668781778858,149.1826629638672,23182869
2025-03-27,148.2156260881754,149.4603338558387,147.6411410847122,148.8092498779297,25909068
2025-03-28,148.77095314475795,150.23587378804137,146.84643866885847,147.679443359375,24589315
2025-04-01,145.60174412203705,148.73264489614846,145.60174412203705,146.60707092285156,29142122
2025-04-02,147.44965240855873,149.6039492781643,145.7932415728839,148.1103057861328,24977582
2025-04-03,146.49217641870388,149.33584924737713,146.1091961804673,147.08580017089844,15117526
2025-04-04,146.12834473777897,146.48261682208707,134.04513771331628,134.41854858398438,80846143
2025-04-07,122.55555075002937,124.80559990848474,119.99912031177419,123.97259521484375,121806340
2025-04-08,129.1524944378805,130.40677165016805,122.57471246608434,124.73857879638672,68999181
2025-04-09,124.47048324757613,124.47048324757613,119.97039946750046,121.77043151855469,73399980
2025-04-11,128.94184962505463,128.97057241514617,124.93965170151816,127.7450180053711,73706472
2025-04-15,129.8322893734728,131.17273483444643,129.1046064577216,130.6078338623047,38967608
2025-04-16,130.6078494615327,131.74723554432347,128.89397833556225,131.14402770996094,42684087
2025-04-17,128.6833329803231,132.09192178685484,128.0131101792325,131.30679321289062,62282856
2025-04-21,131.79508906581256,134.3323808066835,131.2206186675147,133.260009765625,26503486
2025-04-22,135.96006451631428,136.76433181415285,131.84296104914992,132.2834014892578,58429662
2025-04-23,133.46107472782782,135.48132690063045,131.47912934480175,135.15579223632812,37851304
2025-04-24,134.71535975191557,135.8451763607548,134.31322609412004,135.50048828125,23061444
2025-04-25,135.9600710970525,137.3483928447533,132.1493633359104,132.94406127929688,37764696
2025-04-28,132.64723372335874,136.53455503999055,132.49405038167612,136.027099609375,26971589
2025-04-29,136.02710072882473,137.20477894449593,134.9260068797447,135.48133850097656,25758449
2025-04-30,135.43345734283497,135.53877910523266,132.1302051363776,134.12173461914062,29205042
2025-05-02,134.04512889576648,137.01327687950518,133.5185201102955,135.3855743408203,29588258
2025-05-05,135.54836484352708,136.63029066045345,135.19409276014787,136.0366668701172,17213477
2025-05-06,136.03667639362217,139.21545370509273,135.51963693184993,138.29629516601562,42658262
2025-05-07,136.15156122934144,140.69952135394513,136.15156122934144,139.78993225097656,34674594
2025-05-08,139.78991662415723,140.42184715085523,136.77390714363563,137.55902099609375,29687927
2025-05-09,134.99303746776363,137.17605717588756,134.53344360622944,136.70689392089844,21875453
2025-05-12,139.41652059742424,145.48684699206808,138.35373354771914,145.1804656982422,47087413
2025-05-13,145.53472852771824,146.482624453301,142.67190196361287,143.07403564453125,54389876
2025-05-14,144.57724576642528,150.4656509255911,144.57724576642528,148.70391845703125,60002060
2025-05-15,148.88584894041847,151.12631415768095,147.73689354257314,150.65716552734375,57066105
2025-05-16,150.6571579495732,151.42311843643668,150.32203927925056,150.84864807128906,22884754
2025-05-19,151.2795161733279,151.41356072985053,149.48906075196962,150.86781311035156,21839582
2025-05-20,151.6146203674169,155.20511486986828,151.2795017032843,151.94015502929688,58061639
2025-05-21,152.66782776703747,154.96575308136366,151.78696150996174,154.76467895507812,36044599
2025-05-22,154.13276876597152,156.6413379308529,153.5391449209614,154.42958068847656,60715453
2025-05-23,154.72639370833107,156.57429466952186,154.630641337283,156.03811645507812,29483665
2025-05-26,156.16258710604288,158.50837403137618,155.1572456781114,155.59767150878906,25581584
2025-05-27,155.59768073375614,156.92855691713783,153.78807190009675,154.78384399414062,23296776
2025-05-28,155.49236253792478,155.77003566293013,153.8167982234654,154.3817138671875,13044476
2025-05-29,155.2912964778573,156.97643011523544,154.63064309549128,156.18173217773438,26455081
2025-05-30,156.1721652494822,156.91898701270287,153.6827496322393,154.1710662841797,32739340
2025-06-02,152.2369763725739,153.30933278888003,150.6092883521777,152.2752685546875,31365564
2025-06-03,152.27526955552628,153.81678921897827,150.48481418229866,150.65716552734375,28398746
2025-06-04,150.80077391717384,152.21781836864687,150.14012057007034,151.45184326171875,16660138
2025-06-05,152.10293698314624,152.3231499097348,150.36992714091605,151.25079345703125,23708504
2025-06-06,152.55391497441923,154.68987355895635,151.13321673748325,154.30775451660156,25804151
2025-06-09,154.50370854827648,155.00339807472366,153.6512926059639,154.1411895751953,15315437
2025-06-10,154.80743070129662,156.08116571614772,152.35794603830144,152.5343017578125,22764080
2025-06-11,153.2887579330468,154.34693717546995,152.17179344667835,153.24957275390625,17605668
2025-06-12,152.84784934308564,153.10259037648876,148.78171061318454,149.80068969726562,27846151
2025-06-13,146.77312403171527,149.41856447828644,146.77312403171527,149.05604553222656,24277592
2025-06-16,148.93846640213576,151.37815861242703,147.7921093251464,151.05482482910156,16188193
2025-06-17,150.70209803815087,151.7602772489202,149.27160731004182,149.5165557861328,16740382
2025-06-18,149.12463111144888,150.10442502801618,147.75292560844213,149.0364532470703,14860746
2025-06-19,148.92867698416805,149.3695812614616,147.4589860928769,147.94888305664062,20145922
2025-06-20,147.70392700702223,150.07502639609703,147.5863565258928,148.89927673339844,29944714
2025-06-23,147.45898055307632,150.2024064371807,147.43938048913083,149.3499755859375,17096676
2025-06-24,150.69230607959693,153.79825097470666,150.5355354661638,151.66229248046875,25403324
2025-06-25,152.7498608237262,153.72965470957556,152.3677418062637,153.22996520996094,18240433
2025-06-26,153.70027010597835,157.84480922363562,153.28875844651355,157.29611206054688,40650557
2025-06-27,157.74682459820806,160.00035365399057,157.4528834256331,158.18772888183594,31989509
2025-06-30,157.7370329296518,158.92257523340902,156.27713456626822,156.53187561035156,15842285
2025-07-01,156.77681298008653,157.19813212171806,154.54288413508942,156.8258056640625,17823415
2025-07-02,156.8258059465753,162.7927470840807,156.60045754044165,162.52821350097656,63315210
2025-07-03,162.64579505453744,165.36962102869037,161.87176441531565,162.5576171875,60571824
2025-07-04,162.55761312522574,163.12589539382557,158.7266153035522,159.71620178222656,22938753
2025-07-07,159.7064126190942,160.0493464791388,156.81602347896515,159.1185302734375,17469909
2025-07-08,159.167516736486,159.6084210032526,158.33470088825314,158.6972198486328,11398248
2025-07-09,158.67762048517898,158.67762048517898,154.3273331395368,155.7872314453125,29839077
2025-07-10,156.76702870753138,158.28571228822938,156.06157588231,157.4136962890625,17566887
2025-07-11,157.39409815300198,158.35429202947023,156.1007779245607,156.61026000976562,20689511
2025-07-14,156.61025305703114,157.8643880503442,156.08117093035503,157.19813537597656,15152964
2025-07-15,157.02176638780477,157.59985615615295,154.75844485133464,155.7872314453125,17993051
2025-07-16,155.787224418252,156.05177294773478,153.82763668972055,154.15097045898438,14591157
2025-07-17,154.31753751190692,157.45287496649962,153.94521104995056,156.66903686523438,21733241
2025-07-18,156.86500525657647,159.4614530433001,156.86500525657647,159.08912658691406,30728478
2025-07-21,159.21651614579585,162.25388335707254,159.20672358850962,159.72601318359375,29812899
2025-07-22,160.0003461911957,161.08791801366775,159.44185649430568,159.74559020996094,13615524
2025-07-23,159.95136074796844,160.82337675678392,158.60904783395793,159.48106384277344,14287149
2025-07-24,159.70639990852942,161.42103917135105,159.52023668220534,160.17669677734375,14377270
2025-07-25,160.19630187733304,160.28447973979533,157.79580982400492,158.16812133789062,12443495
2025-07-28,157.97217482791075,159.0107540258306,155.87541636688312,156.4534912109375,19296285
2025-07-29,155.00339590063598,159.16752008069668,155.00339590063598,158.42288208007812,15262937
2025-07-30,158.42288212915784,159.5006464764026,157.79581461516142,158.09954833984375,16083106
2025-07-31,157.74682428993594,158.85399622593465,153.39653680564152,154.7486572265625,26213891
2025-08-01,154.73884284196984,154.73884284196984,149.42836171891963,149.9182586669922,23927359
2025-08-04,150.39835854214874,156.68863337246128,150.39835854214874,156.33590698242188,30064719
2025-08-05,156.33591385416722,156.90419611590218,155.0817788456723,156.3946990966797,14441034
2025-08-06,156.39469532092863,156.57106599467667,154.61147822240403,155.4541015625,13438851
2025-08-07,153.97461017769194,156.76702885943823,153.10259417768006,156.44369506835938,23159540
2025-08-08,156.277121592409,156.71802584191784,153.83742948444055,154.75843811035156,11951173
2025-08-11,154.75845058288553,156.76703115971318,153.97461243699314,155.3169403076172,14325736
2025-08-12,155.31693617876937,158.38368097798784,155.29733611426408,156.92379760742188,20056598
2025-08-13,157.70762760542405,159.11851821725458,156.66903354672746,156.94337463378906,18079396
2025-08-14,156.78663117732714,157.35491345916554,151.7014982135466,152.16200256347656,47256126
2025-08-18,154.80743468913022,155.78722857956774,152.84784690825515,154.76824951171875,61022494
2025-08-19,155.29732790547314,156.23793659591405,153.59248119487864,156.0125732421875,21224239
2025-08-20,155.00338943303922,159.47124715126446,154.836826266843,158.64822387695312,28520245
2025-08-21,158.6482248201789,159.25569224762015,157.93297946685604,158.2465057373047,17282594
2025-08-22,157.99176932464727,158.02116194615854,154.90542446221374,155.34632873535156,16063984
2025-08-25,155.98319133210362,157.09036326188235,155.43450912103523,156.40451049804688,16376542
2025-08-26,155.9439992314392,155.9439992314392,151.51532665935787,151.89744567871094,19621100
2025-08-28,152.63229248106538,152.72047034391545,150.06523724830674,150.52574157714844,22269875
2025-08-29,151.3781510886852,151.96603338377983,149.95745298441892,151.35855102539062,16971859
2025-09-01,151.35856538616036,153.20058279845597,150.59432730030775,153.01441955566406,10798622
2025-09-02,153.01441621642076,155.85582758300345,152.35795607753843,155.18955993652344,21202113
2025-09-03,155.19935505065737,164.6053829115023,155.19935505065737,164.4584197998047,82352014
2025-09-04,165.58517370010776,165.8791148683674,163.25325936917514,163.43942260742188,26316842
2025-09-05,163.6255869010279,164.60538083456697,162.5870077235515,164.29183959960938,16798170
2025-09-08,166.56496310305295,169.01444785456843,165.05608707432555,165.4088134765625,36402317
2025-09-09,165.87911001307,166.29062165640096,164.59558239805637,165.7321319580078,14028910
2025-09-10,165.77132876392503,167.28020475923196,165.34021706513215,166.0064697265625,13128306
2025-09-11,165.92810745667194,167.44677608258885,165.05609145998108,165.9868927001953,13829526
2025-09-12,166.1730552808698,167.5447607925511,165.22265397975173,166.3494110107422,12119036
2025-09-15,166.33961343200357,166.76091762984797,165.2226489917924,165.81051635742188,10611401
2025-09-16,165.9672960709935,168.7891074222772,165.60477709478272,168.54415893554688,26629438
2025-09-17,169.0144559572989,169.40636755614264,165.92811100261414,167.89749145507812,21381306
2025-09-18,167.9954650825129,168.72050298472064,166.3787962117765,168.55393981933594,16413388
2025-09-19,168.62254283312726,169.1810176039512,167.152851925054,168.0150604248047,25406461
2025-09-22,167.34880505629351,168.73031807598298,167.0646564463308,167.9268798828125,20970704
2025-09-23,167.9856654323302,170.29797969308981,167.74071695110763,169.78848266601562,24533561
2025-09-24,169.66111582354708,170.91525082329014,168.8968777752808,169.1712188720703,20168891
2025-09-25,169.40636317875388,170.3371793652769,168.3873840778086,168.89688110351562,17026549
2025-09-26,168.74010016487503,169.86685712635648,163.8215307898951,164.01748657226562,20157657
2025-09-29,164.21346161741062,166.83930206116054,164.1742614896264,165.56556701660156,16832342
2025-09-30,166.07506285197854,166.71192289452748,165.00709110965636,165.3598175048828,24553596
2025-10-01,165.5851729856298,166.3102258708126,162.7731692107931,164.12527465820312,17542776
2025-10-03,164.72295104958138,171.2091970451847,164.72295104958138,169.71011352539062,55172705
2025-10-06,169.79828640770359,169.9746421340475,165.879110795064,166.62374877929688,21474004
2025-10-07,166.95687791202062,168.72050995731377,166.95687791202062,167.966064453125,19189843
2025-10-08,168.52454451707717,170.12161329868525,166.62374202986783,168.46575927734375,22662699
2025-10-09,169.29858318947913,174.22696031292153,169.28879063254445,172.85523986816406,68504717
2025-10-10,172.44372797158246,172.58089852081383,169.40636087371374,170.3469696044922,18085975
2025-10-13,169.50434456167864,170.2881826711327,167.45657890046212,169.5337371826172,19386219
2025-10-14,171.3757535932804,172.88462961188387,165.83011656494588,167.0646514892578,22082970
2025-10-15,167.37819504744152,170.48413994081272,166.67274223785583,169.739501953125,15031989
2025-10-16,169.5043521749562,170.96425053250476,168.74011409529163,170.48414611816406,12205250
2025-10-17,170.09223271611626,170.7878780361492,167.5349699534617,168.7401123046875,21659007
2025-10-20,169.79828314395053,169.79828314395053,167.36839849695085,168.47555541992188,18049579
2025-10-21,168.91646137785548,169.74929216810278,168.62253516997373,169.28878784179688,2471987
2025-10-23,170.38615892617537,172.52211747382847,170.1314178858275,170.6409149169922,31472510
2025-10-24,171.07202329984003,173.76645656232023,170.2097998716964,170.91525268554688,25226376
2025-10-27,172.3359475811792,174.30532792781943,171.98322118098574,173.09039306640625,23832477
2025-10-28,173.76644971125117,178.3812704902341,173.44311593844535,178.13632202148438,59511794
2025-10-29,179.95873770095284,183.16266783116117,178.37147642106427,181.44802856445312,51610530
2025-10-30,180.67399299444838,181.44803856405343,178.94956107620848,180.62501525878906,24270977
2025-10-31,180.28207229114344,180.57601344258129,178.44005502923633,179.1455078125,16041321
2025-11-03,178.71440957861506,180.38007124540465,178.1265421819268,178.9789581298828,16652212
2025-11-04,179.30227816307968,179.3904560232443,175.2851173169437,175.667236328125,18746387
2025-11-06,175.66723744027053,177.01935777322672,172.9532191682353,173.6880645751953,23664538
2025-11-07,173.42352088090925,178.56743887313962,171.47372563120948,177.70521545410156,19165876
2025-11-10,178.35187790269174,178.82217477664634,176.55885331705906,177.81298828125,18376132
2025-11-11,179.20429897242093,179.20429897242093,175.40270879310737,177.3818817138672,14109340
2025-11-12,177.7738103958271,178.46945570347353,174.40331693489793,175.00099182128906,19037263
2025-11-13,180.28207261093482,180.28207261093482,171.56191312244096,173.08058166503906,82083661
2025-11-14,173.93301396354244,174.1093696859203,168.64211803518344,170.73887634277344,38345500
2025-11-17,171.59131638445137,171.70888687233943,169.13202404268722,169.67091369628906,28204282
2025-11-18,168.91646141674815,169.62191421676354,167.10385168236368,168.9654541015625,34278387
2025-11-19,168.9654605688343,170.3861587800188,168.58334153340576,169.71011352539062,19621610
2025-11-20,170.5821269287805,170.8368679650301,168.779294759156,168.9752655029297,15968891
2025-11-21,168.3285970525356,168.42656747344327,164.31143603360536,164.60537719726562,28412865
2025-11-24,164.60537787418383,164.97770434638255,161.84235185507077,162.0187225341797,31202769
2025-11-25,162.6457824397421,163.89012484092416,161.74437387328885,162.9691162109375,19983310
2025-11-26,163.6255751049081,166.51596401038026,163.52758973843058,166.2416229248047,15044796
2025-11-27,167.005871702516,167.54476135192886,163.80194137825137,164.73275756835938,17546627
2025-11-28,164.73275579853328,165.58517172087537,163.90971754715025,164.56619262695312,11975539
2025-12-01,165.58517522225367,166.22203530061321,164.3114401150656,165.22265625,11758473
2025-12-02,165.0266763271307,165.4382029138782,163.6255782524512,164.3898162841797,15355023
2025-12-03,164.38981878370706,164.59558208020943,161.66599294706072,163.5471954345703,18873943
2025-12-04,164.40942458986666,164.57598776405808,162.84174832028913,163.40023803710938,11419966
2025-12-05,163.6255747384361,164.26243476770992,161.6659870170177,163.7333526611328,33500436
2025-12-08,163.7137651572728,164.80133702411302,159.70641154765582,160.1669158935547,15772400
2025-12-09,160.08853317640472,160.08853317640472,156.82581752306186,157.42349243164062,25766371
2025-12-10,157.74682298233478,160.37266354271006,157.56065974326197,158.95196533203125,22537548
2025-12-11,160.1963009956089,163.2924532757465,159.87296721789184,163.0181121826172,32603566
2025-12-12,164.21346916961272,169.01445346166966,164.01749842261532,168.41677856445312,41130927
2025-12-15,167.49576587124238,169.6709095467895,167.05486160197606,169.37696838378906,23254201
2025-12-16,169.21041081212448,169.21041081212448,165.83012470194237,166.39840698242188,22981935
2025-12-17,166.65313807694636,167.83869525433352,166.23183388321416,166.89808654785156,11624504
2025-12-18,166.4865781822587,167.00586775474434,164.17426397345784,164.7229461669922,13152378
2025-12-19,165.73212992099573,166.1926342436874,164.4388097650615,165.28143310546875,28448892
2025-12-22,165.62434954364147,167.99546387027857,165.58516436696766,165.80072021484375,23729300
2025-12-23,165.92810870639488,167.88769657443396,165.83012333280536,167.44677734375,17348078
2025-12-24,167.88769520997894,168.18162142742085,166.24163363996013,166.63356018066406,17430406
2025-12-26,166.45718903737267,166.46698159443727,164.42902339031292,165.70274353027344,16904834
2025-12-29,166.08486327402076,170.61152138554397,165.8693074139259,168.81849670410156,48001907
2025-12-30,169.28879042506475,172.78666185691725,167.34880267109997,172.24777221679688,33741158
