Date,Open,High,Low,Close,Volume
2018-01-01,170.31654828025395,170.3649503679299,166.53173248574436,167.03993225097656,5353190
2018-01-02,168.3999645548627,168.3999645548627,165.52505453138224,166.94314575195312,5762080
2018-01-03,167.17060866070707,168.2692784737253,165.6218452091092,166.03807067871094,4161360
2018-01-04,166.9770204281613,170.1955600417857,165.91223352023184,169.78416442871094,7301470
2018-01-05,170.94576479298956,176.26967008102412,170.27785431179691,175.64047241210938,9843270
2018-01-08,176.17287584794127,178.39923932094794,176.17287584794127,177.80392456054688,8250220
2018-01-09,178.3992159544199,178.3992159544199,175.2048700654757,176.12445068359375,5127210
2018-01-10,176.1728832134525,176.26484276817817,173.65612183087603,174.4498748779297,4067910
2018-01-11,174.04329727198737,174.04329727198737,171.62817032430996,172.33480834960938,8184710
2018-01-12,172.5913422354456,173.35604217530525,169.50831927276658,171.34263610839844,6063160
2018-01-15,171.42973503090678,173.7432129979938,167.75139796806832,168.24990844726562,8470370
2018-01-16,168.9904255034883,168.9904255034883,163.06637596696905,163.3325653076172,10765810
2018-01-17,164.08271730748314,165.5104974818268,161.23686100752587,164.67318725585938,11995010
2018-01-18,165.718624804285,166.2268245517878,160.1043225453396,160.7528839111328,9616920
2018-01-19,160.77226187289244,165.64605888140588,158.03286873956083,164.74099731445312,9745970
2018-01-22,165.91224391271948,167.07383507421886,162.42751473895675,165.17173767089844,9244980
2018-01-23,165.52504291785704,166.2994320376034,163.8213986706102,165.39920043945312,12454930
2018-01-24,166.0090534549404,169.09207637014998,164.27152606730215,168.3467254638672,14413130
2018-01-25,168.5257910759798,168.61290597262112,164.88616673370032,165.5540771484375,8808910
2018-01-29,165.6218452091092,167.96919143093263,165.5250410314027,166.03807067871094,6431370
2018-01-30,166.0090217683213,166.39137904450527,161.74990408586092,162.46620178222656,6801040
2018-01-31,160.43828616777608,163.58907454902976,159.23315244565322,162.41297912597656,13322250
2018-02-01,162.7953241136472,170.36495595072014,159.20896119215834,167.40777587890625,19398120
2018-02-02,165.33629027597038,165.8154517918602,156.8325728496334,157.67471313476562,16450450
2018-02-05,154.87723755015116,157.58274752117603,149.69852401147023,155.35638427734375,14721640
2018-02-06,148.10134694860014,162.98408034294476,146.28153482170814,160.8932342529297,21094160
2018-02-07,162.6210946900081,163.29867963050103,156.8712750502295,158.90887451171875,14669830
2018-02-08,160.10432602195803,162.52428267144495,158.56039249796592,160.8932342529297,7507460
2018-02-09,157.68920501605126,160.2011210565329,156.55182250163162,158.69107055664062,7037200
2018-02-12,159.23315759456585,160.2979444956971,158.29421317363492,159.11700439453125,4721150
2018-02-14,160.1043511458402,164.26185031987555,159.86720008345412,161.64828491210938,10660360
2018-02-15,162.50494069834156,165.70411643794907,155.05146207857638,162.33554077148438,11771160
2018-02-16,163.58909648473556,164.939436653518,161.80316700125593,162.16131591796875,9476850
2018-02-19,162.13710867365577,162.13710867365577,157.15683334917566,159.01052856445312,6953100
2018-02-20,160.18661124433564,160.46248984757548,157.3939865846741,158.62815856933594,5839550
2018-02-21,160.49154794403466,160.49154794403466,153.6479025969033,154.5336151123047,16897440
2018-02-22,153.71567344926203,156.5712197896769,152.59765448338817,154.9111328125,10506250
2018-02-23,155.53548302345672,158.55559967136378,155.10473831974076,158.11032104492188,7114740
2018-02-26,158.74916825727215,162.6017354000424,158.4103683925278,162.13226318359375,10366590
2018-02-27,162.23390598770698,162.61624851859355,159.81394924427605,160.3753662109375,6052440
2018-02-28,159.1363394357324,160.64640475475815,157.68436548186534,158.77334594726562,17563490
2018-03-01,158.26515708548158,161.2659090912238,157.58757221102954,160.6221923828125,12383900
2018-03-05,160.6851422028286,160.6851422028286,156.91001525194451,158.45394897460938,7437790
2018-03-06,160.20114825478205,161.83219685715804,157.54887015067757,158.5313720703125,9441760
2018-03-07,158.84596840354473,159.5864745848801,155.45802892314214,156.6534881591797,6445770
2018-03-08,158.2603482609094,158.5459014236845,154.31582117781,157.59243774414062,6631960
2018-03-09,158.26517791543463,161.38208351838568,156.46957406924906,160.1237030029297,8397180
2018-03-12,160.97552635275323,162.8050130693611,160.2059818768243,161.1933135986328,4861870
2018-03-13,161.2175504472211,164.44576505723842,161.03363133811735,162.6888885498047,8208020
2018-03-14,161.8467319139311,166.58016752829127,161.48373833991502,165.5347442626953,8486590
2018-03-15,166.0187163758351,168.41932423389062,165.912237682371,167.0980224609375,7391870
2018-03-16,165.71866069093292,166.94315840334096,162.7227525935351,163.3858184814453,10176990
2018-03-19,164.45057647914365,164.45057647914365,157.490778665125,157.9602508544922,8489840
2018-03-20,157.4907807205473,160.98519882251435,156.34856823598017,160.42376708984375,13187580
2018-03-21,162.0887047365043,165.71863996397263,161.21752619000958,164.99749755859375,11310980
2018-03-22,165.33145319416153,166.49302951580432,163.60360047671153,164.1311492919922,11537160
2018-03-23,160.20112334494243,164.0730538185362,160.20112334494243,163.1341094970703,10884260
2018-03-26,164.45058712751242,169.2033859263411,163.20189589167023,168.58387756347656,12889840
2018-03-27,169.39698231600607,174.04330249929404,169.37761852521575,171.57009887695312,16702390
2018-03-28,172.01053069047722,173.55930898929668,170.44240337134977,171.09579467773438,9869600
2018-04-02,171.2361374610876,176.65684660755403,171.2361374610876,176.03733825683594,6332030
2018-04-03,176.17286766485253,178.10883324358718,174.39178287727552,177.55224609375,10494570
2018-04-04,178.10884476157668,180.97408050230166,177.78940864799867,179.09619140625,17934410
2018-04-05,180.62558690665162,186.05597072040828,180.62558690665162,185.42677307128906,13859590
2018-04-06,185.75585668877164,188.12742589611895,184.7733549318178,187.55630493164062,16120010
2018-04-09,188.04034779663039,190.4748241340688,186.84488835636265,188.2000732421875,11317920
2018-04-10,188.75661603061374,188.99376705248213,185.23800442856134,186.43829345703125,10138110
2018-04-11,186.43346726415191,189.2406110857148,183.0842407429606,186.3027801513672,11889760
2018-04-12,186.21568348240314,187.99193834617222,184.9863412413537,186.75775146484375,5353540
2018-04-13,186.91745499339083,188.64529279243519,184.652364374637,185.30575561523438,5928860
2018-04-16,185.26706619810122,188.75663994448323,183.67957504783948,188.10809326171875,7727230
2018-04-17,189.7149315794211,189.7149315794211,185.6590817696882,187.3094940185547,6962030
2018-04-18,188.36945765125154,188.8098768247776,185.97853896806157,186.51576232910156,4629050
2018-04-19,187.30466820208912,187.35307029520843,184.70563679725282,185.2041473388672,6325890
2018-04-20,184.67173279188407,184.67173279188407,179.09131328437508,182.0194549560547,12261960
2018-04-23,181.98076124033747,185.8284986693415,180.1222360894613,183.8538055419922,7621250
2018-04-24,184.69110580217048,187.13525626038052,183.78119968276144,185.6397247314453,7848950
2018-04-25,186.42864203140206,187.6870225814671,182.8180704492706,183.90220642089844,6776750
2018-04-26,184.78788636700082,185.3686818788963,181.65163195944683,183.15200805664062,10983390
2018-04-27,185.0782833198156,185.4122385221698,183.19072006971135,184.0280303955078,6415910
2018-04-30,186.3269796259407,186.3269796259407,183.41334249014972,184.66204833984375,6472100
2018-05-02,184.78788251684023,187.47404324058485,183.91670403739192,184.41036987304688,6870830
2018-05-03,184.40557515430444,184.57013046422307,180.2964779660207,181.42901611328125,4717500
2018-05-04,181.98074159158514,183.26331567268994,179.23650422878367,179.79310607910156,5621770
2018-05-07,180.52875212495616,184.11028473585324,179.66240357560562,183.47625732421875,4855190
2018-05-08,183.77154795560185,183.77154795560185,180.0448081160687,180.85791015625,6697570
2018-05-09,181.50643122286954,181.50643122286954,178.5928086057225,178.98968505859375,6455530
2018-05-10,179.27037831220505,180.1851289780371,175.97924331152637,177.8571319580078,5887920
2018-05-11,178.5928215161802,182.0533569736236,176.95692826750826,180.1899871826172,4832490
2018-05-14,180.3448754530999,182.36312611628824,178.39439067651168,180.4803924560547,6429710
2018-05-15,180.55300428996586,187.1594993904512,179.5124256278087,184.1055145263672,15703020
2018-05-16,183.19071644981665,186.7238472130105,181.2934639575589,185.8478240966797,9528360
2018-05-17,186.8206716761867,202.0954383652937,184.50719348302712,200.03363037109375,55812030
2018-05-18,200.36274429428272,210.22164572581977,199.95134869293108,208.0823974609375,83167340
2018-05-21,205.69630179188314,208.01945411578868,201.393612059979,203.80389404296875,23768230
2018-05-22,204.34116205763206,210.81695417284553,204.24435787565957,208.04852294921875,19633730
2018-05-23,207.9227138383145,207.9227138383145,200.00460664645854,201.185546875,14438270
2018-05-24,202.84076896308378,204.22497707447857,200.17881665325393,202.76817321777344,8409320
2018-05-25,203.95394103177486,208.30018843969523,203.61515596703393,204.82513427734375,13421450
2018-05-28,205.69634491921897,206.95472551277385,201.94541157069204,202.7875518798828,8061900
2018-05-29,203.76035760705815,203.95395119230352,199.89327146113618,201.0596923828125,7272590
2018-05-30,199.72386225928582,206.18030477245415,199.04143271753938,205.08164978027344,12515080
2018-05-31,207.39029853752405,207.6322942184313,203.37317614256116,204.23468017578125,13233970
2018-06-01,205.212315239493,205.212315239493,199.96585121664828,201.08871459960938,6045740
2018-06-04,202.3277309019734,203.15535190449893,198.94946624866844,199.6802978515625,5131520
2018-06-05,199.8884411148461,205.16878887411076,198.92045834915677,203.33445739746094,8168790
2018-06-06,205.40592779358488,210.3329562350857,203.9539537308071,209.14718627929688,18029770
2018-06-07,210.24584899339578,212.6851696433716,209.09879180526417,209.9990234375,14894130
2018-06-08,209.55855918094932,214.88729337026436,207.83070668858022,211.6832733154297,30395950
2018-06-11,213.92416538430817,218.6188871390746,212.58834460248946,217.82513427734375,20595810
2018-06-12,218.2800816609228,220.40964047917598,216.44092058385024,218.88507080078125,16551670
2018-06-13,219.73210454614872,219.8869853453134,215.44394765727895,215.96180725097656,10953720
2018-06-14,216.34413268347976,217.98970031360065,212.66579548246358,217.14271545410156,13213410
2018-06-15,217.7961156238814,221.81808271078287,215.9666288434506,221.0485382080078,16375000
2018-06-18,219.92568160481719,222.24884910667043,216.2667079288993,217.133056640625,11268770
2018-06-19,216.34415992119676,220.79688679411606,215.57461535296693,219.79017639160156,11515820
2018-06-20,220.2112386670203,222.83932315033906,218.87543246918594,219.51913452148438,11272730
2018-06-21,220.40965031802196,221.4744371598008,217.80577458059827,218.51724243164062,7170230
2018-06-22,219.4416757133074,226.7015459824083,217.84934003194965,226.12559509277344,17142240
2018-06-25,226.70154825193552,232.21904675763955,225.92715912809686,231.40594482421875,23935350
2018-06-26,230.86386908773088,234.16952343970254,226.948380921125,229.15538024902344,23379420
2018-06-27,230.3605288955424,230.3605288955424,224.81883655757275,226.07237243652344,10691260
2018-06-28,226.21757076769623,227.2823577245487,218.16396178855342,220.18704223632812,17130030
2018-06-29,220.90332090452364,224.57196854696602,219.7901320258737,222.28268432617188,13784210
2018-07-02,222.6360257117113,224.0589614924448,220.8065389608031,222.59246826171875,8403760
2018-07-03,223.12001404721053,225.92715799046616,221.25664438148766,224.678466796875,8106670
2018-07-04,225.83040265198883,226.99197912201814,223.27008386908008,225.67552185058594,9163790
2018-07-05,226.8002856630207,227.76993205712617,225.19068389348425,225.94215393066406,6887850
2018-07-06,226.78092325161708,228.35174581305398,225.34583580978895,227.44998168945312,6906170
2018-07-09,228.739559306486,229.14682377807782,226.60634037712327,227.67779541015625,5516950
2018-07-10,228.83655037031912,230.96976949091643,227.86690397044487,229.4522705078125,7841340
2018-07-11,229.4086161038414,230.96974724913127,227.38205887420762,228.40988159179688,5948050
2018-07-12,230.29104592143625,235.52713115255526,228.8705173364935,234.1696319580078,13961500
2018-07-13,235.9973856561518,239.98748595101674,234.86775410104545,239.36691284179688,13904850
2018-07-16,239.98747088791737,242.35341034195142,238.53300136738454,239.7256622314453,11726440
2018-07-17,239.9874766875743,241.66012259486067,236.16706762068148,239.42022705078125,9446860
2018-07-18,240.29778512424332,244.64663515427807,239.63356489208323,241.3207550048828,14054780
2018-07-19,242.78975669886006,245.99928385203606,228.59413427564618,244.3702850341797,48898170
2018-07-20,244.44785669628826,266.16792954609684,241.1365060449801,263.8747253417969,73612740
2018-07-23,263.7437373791625,271.2100241341169,263.4528553876709,267.2150573730469,35518880
2018-07-24,266.55579082467256,267.4284666709481,260.56823611011225,263.0989990234375,27788370
2018-07-25,264.4226010488475,269.39686252390516,261.028838444362,262.2942199707031,18841050
2018-07-26,261.3196770404693,264.5582921214857,257.42170957939703,260.02520751953125,21859050
2018-07-27,260.35005418200024,264.18016923645143,258.6095259020447,263.1329345703125,9587030
2018-07-30,263.3122912023102,263.99590840792416,258.50770685508854,259.6712646484375,8221620
2018-07-31,259.08948045013676,262.6674773503125,258.7064512568599,261.6008605957031,7111740
2018-08-01,263.25899681811546,268.7520519433537,262.0663210968042,264.01531982421875,15845410
2018-08-02,263.19111259531553,264.3498471335298,259.8652325787657,260.2385559082031,7811730
2018-08-03,261.80450585266425,262.6771816205884,257.9501558204708,259.99127197265625,7418520
2018-08-06,261.21300428017014,262.5753560088675,258.55130060188435,261.44085693359375,6229050
2018-08-07,262.2892841845546,267.08904447471,260.05910987087265,266.3957214355469,11664830
2018-08-08,267.1569484614144,273.4063262133288,266.8466841225308,272.77606201171875,21139340
2018-08-09,273.82811638194875,275.9662031006165,271.50097111917876,274.4244689941406,11470830
2018-08-10,273.05243078048574,275.1274586785605,270.6525500343431,272.3203430175781,8775080
2018-08-13,272.2718670989502,272.2718670989502,267.0600178292925,267.66119384765625,8093650
2018-08-14,267.9423545248508,275.13714323777697,267.9423545248508,274.4292907714844,10516580
2018-08-16,274.60384464171295,281.97313286602247,273.6390217142904,276.9891662597656,22297270
2018-08-17,277.9006941692845,279.7430166099885,275.52504839623003,276.4656066894531,6881330
2018-08-20,279.0594030877214,279.0594030877214,275.020817482787,275.3553466796875,6654800
2018-08-21,275.46198645181744,279.549042435224,273.90572293408013,278.4630432128906,9515490
2018-08-23,280.1308413585616,282.07013417460047,278.4145778692208,280.60113525390625,16759200
2018-08-24,280.42177631250007,285.4057438759655,280.3296587124415,282.8070983886719,13277100
2018-08-27,285.01785012805567,286.9183486861146,283.6264099848553,286.118408203125,9760040
2018-08-28,289.14854519042694,289.14854519042694,283.69910800161426,284.3584899902344,12337420
2018-08-29,284.1063894642133,290.3121203806747,284.1063894642133,289.4879150390625,14025830
2018-08-30,290.30243042761316,290.30243042761316,283.2288473939232,283.7912292480469,14529960
2018-08-31,284.59118971867656,286.51592342489573,275.4861967364802,276.9891662597656,13572060
2018-09-03,279.258140700258,279.258140700258,263.2880645953117,264.1365051269531,25168400
2018-09-04,264.13168413526,269.33385740392936,260.2046278927749,266.29400634765625,26069920
2018-09-05,265.6976155024134,268.08778981472256,258.7015921868901,263.44317626953125,17284550
2018-09-06,264.6164896164448,264.85890121000904,259.0313466227814,260.2627868652344,11478790
2018-09-07,261.64939573365046,266.7885396973029,259.1477209011733,266.09039306640625,12644360
2018-09-10,264.90740997920955,265.4891741498532,251.72021293818744,253.6255645751953,15701790
2018-09-11,254.14434482710362,258.7792537540381,248.44767183553745,252.18081665039062,33576600
2018-09-12,253.84858235129295,255.69090452077845,243.9727217263309,251.52626037597656,26823400
2018-09-14,255.06544860810465,260.2045917776332,254.65336076512077,259.10888671875,17951310
2018-09-17,257.9259417349278,257.9259417349278,250.9687406693711,252.55409240722656,14553200
2018-09-18,253.0777064373875,254.76973464429267,248.13250395656598,249.2379150390625,14492900
2018-09-19,250.6535765623341,251.88501674984562,241.102554283777,242.36795043945312,18945570
2018-09-21,245.32053903271822,247.93858135180702,206.01591868456848,230.71766662597656,57508800
2018-09-24,234.86289009668042,234.89197830389946,210.27751072301174,219.2176513671875,77981720
2018-09-25,216.7159728901648,225.9615549713519,211.44109404625326,222.94110107421875,55373960
2018-09-26,225.8306189478129,228.24989654443849,222.54351855940635,224.5264434814453,27287560
2018-09-27,225.28764519645668,225.28764519645668,212.5610359608118,213.72946166992188,27962940
2018-09-28,216.42507621167707,217.976516389218,205.274142473038,210.21934509277344,38310960
2018-10-01,210.21932231973375,216.55596448702025,198.99081630903765,214.14639282226562,48217720
2018-10-03,213.32218055900952,225.92272917151917,210.03022731169807,216.44444274902344,55677010
2018-10-04,210.31628562906593,214.48576785814777,205.42442160990691,211.30047607421875,40027180
2018-10-05,209.44361702905883,214.73789274737035,190.365821639161,196.1885528564453,34704410
2018-10-08,193.1535404432957,202.65607716418708,185.41576709434813,191.4906005859375,59666690
2018-10-09,191.50513953552598,205.1626138448827,188.85315637848737,199.82955932617188,48590160
2018-10-10,203.62575151694247,223.57138580314748,203.62575151694247,220.2018585205078,72359570
2018-10-11,203.62573687118544,216.23113962987784,199.74715140697236,209.64724731445312,54670860
2018-10-12,215.96446926530368,224.9579324122402,215.96446926530368,221.7920379638672,36655770
2018-10-15,224.93373937025325,224.93373937025325,219.24675765975044,223.61985778808594,24354130
2018-10-16,225.44278477714937,229.03047344673507,221.58843447399786,223.87680053710938,25284840
2018-10-17,226.89725722827026,229.73347590274963,206.81103563612905,208.5224609375,38119850
2018-10-19,208.47398709764434,213.12829302453184,199.16053707264012,207.55282592773438,42867900
2018-10-22,212.15859980985746,215.15965609978286,202.75303426143222,205.11412048339844,36819460
2018-10-23,203.1408923741799,208.992711130277,193.6916942630224,202.01126098632812,90647750
2018-10-24,210.8981008489954,226.80029655797782,209.44363118796787,224.16285705566406,103572950
2018-10-25,221.56419790786646,227.67297306313924,218.8297880134033,226.4124298095703,52011590
2018-10-26,225.9227507369261,230.46554160288838,220.93393082731652,226.79058837890625,37958310
2018-10-29,226.790578705002,231.93939833122892,224.4731245765765,230.8194580078125,22011450
2018-10-30,232.23032434681394,235.03260199032187,227.90085650649795,228.48263549804688,22022300
2018-10-31,229.59285232096215,231.93939461796398,223.68770983828225,231.02308654785156,28088120
2018-11-01,231.88609837326175,236.10890440997372,230.04376128898852,234.47019958496094,25521340
2018-11-02,236.88461530950636,239.97778965141913,229.3213705315799,231.0958251953125,23671170
2018-11-05,231.74548160318042,233.58780378135563,226.18941206567956,228.7783660888672,16259990
2018-11-06,229.80619072158697,231.73579233297542,226.1554727139743,226.87301635742188,13686820
2018-11-07,228.83653953737877,229.27287743754033,227.25601124580317,227.7117462158203,1714670
2018-11-09,227.83293783650407,231.14912638531143,226.72754165356827,230.32493591308594,13278460
2018-11-12,230.3249511966751,231.26065638118675,220.10972326427418,220.84664916992188,14796780
2018-11-13,220.1097544997735,223.8283553204532,216.53175656373168,221.56422424316406,22977100
2018-11-14,222.9216834261258,224.47312345899672,219.62489185081103,222.43202209472656,14561460
2018-11-15,221.75811290078613,227.67296143707642,221.57387773062857,227.02330017089844,15771150
2018-11-16,227.0911780251241,234.3829229065919,226.89725170928477,232.91876220703125,19188730
2018-11-19,234.65442589868803,234.87744042515428,227.89598939060025,228.9286651611328,13577950
2018-11-20,229.3213769606961,232.0315369129378,227.4548046542156,230.78553771972656,12377020
2018-11-21,231.64851907275178,236.10889843160072,229.00138854317387,235.67739868164062,15147250
2018-11-22,235.81799709443843,238.02878966129023,228.83654610461014,230.92127990722656,16042790
2018-11-26,232.71510026826184,233.86898167439236,227.57113400798337,232.19149780273438,13914340
2018-11-27,232.23032401236392,236.5840418849935,230.2910311187325,236.1525421142578,15949550
2018-11-28,237.1706526454784,237.4663876834233,232.3515090518635,233.93203735351562,13962600
2018-11-29,236.10888928431802,244.1181629126696,234.3489787689638,243.04185485839844,28612840
2018-11-30,246.09625739758033,248.6561232821835,243.09520062887472,246.06716918945312,27373410
2018-12-03,247.06589169408088,247.79796462361392,241.5146604500537,243.25033569335938,11155920
2018-12-04,243.28429951813098,247.16288549559425,241.92680034427136,246.63442993164062,13295870
2018-12-05,246.2804747294988,246.2804747294988,239.53172981615674,241.83949279785156,13270310
2018-12-06,240.5692783725062,241.82980685922084,234.46050307778245,235.85679626464844,13174720
2018-12-07,236.88458909940584,242.19339360360098,234.13563538626894,241.08799743652344,14787200
2018-12-10,233.72840879695374,236.9718771065133,231.00370484921567,232.28363037109375,13998940
2018-12-11,228.8365519783797,237.22398747797934,226.13124501379724,235.30894470214844,21892780
2018-12-12,237.07854319207902,243.85637680853696,236.04586741578208,241.82496643066406,16831970
2018-12-13,243.40064506094956,245.21873207282738,239.9874855678745,241.3546905517578,17131610
2018-12-14,241.27223259697436,243.57514251135493,238.94508744385158,241.08799743652344,12043790
2018-12-17,242.27584852760904,243.37155368711825,239.13904185208793,239.92930603027344,10196020
2018-12-18,239.47355445316612,246.11563770832566,237.23367380612254,245.53384399414062,16531070
2018-12-19,247.33737931795076,254.92971160211982,247.2743499413188,251.8074493408203,29463140
2018-12-20,248.22948124595183,253.06800736822242,245.47568898933076,251.27418518066406,14670280
2018-12-21,253.5625385407716,254.4255380573922,245.58235265605072,251.25962829589844,30424640
2018-12-24,251.52624892072842,252.57830688999633,247.55070789509935,248.70457458496094,10500170
2018-12-26,248.2294773617901,250.45482886063695,242.77036341802105,248.94700622558594,16620680
2018-12-27,251.99655983568167,254.7018519398389,249.19912055018577,250.862060546875,16263010
2018-12-28,252.398939176809,256.3551129516571,250.74570513020265,255.48243713378906,19015810
2018-12-31,257.63016790656434,258.53678478445994,255.55996369031075,256.4859924316406,14533270
2019-01-01,256.47145486210263,258.31377697499664,253.28131014367213,257.6204833984375,9178720
2019-01-02,255.5115448919743,258.1198962034794,252.29231158384187,253.47042846679688,13049150
2019-01-03,253.2716628915569,256.7623664153252,249.71304742357646,250.76995849609375,12824780
2019-01-04,252.20499877412553,253.2619096492145,248.58335459652773,249.78573608398438,10510210
2019-01-07,252.20501563634812,252.59286824899718,246.80893145789332,247.60888671875,10243280
2019-01-08,248.22947178505848,250.3627056447149,244.84056244196938,246.00413513183594,12333790
2019-01-09,246.87198258835608,248.21008457683564,243.38124958443092,244.77268981933594,10939920
2019-01-10,244.93269623822167,246.52775397640633,242.86734458999547,243.83213806152344,9108390
2019-01-11,243.9630114324021,245.32051031430908,241.24799887296,243.78846740722656,8182180
2019-01-14,243.9581755712616,247.5410111548739,240.87469247240873,246.75559997558594,10215040
2019-01-15,247.35679405171675,253.36858377021704,247.35679405171675,252.51531982421875,14663030
2019-01-16,251.95289062975516,253.2861542900787,248.50095217469072,249.18453979492188,9525970
2019-01-17,249.58697427113546,250.80388522227807,245.03449217469517,245.8926239013672,9941830
2019-01-18,246.77499760128157,247.74464395727875,244.84539602642067,246.5713653564453,7537750
2019-01-21,247.065893350183,252.6898451486657,244.9908507495558,251.54566955566406,13321590
2019-01-22,250.65355510169306,255.50178634157106,249.68390885371744,254.23155212402344,14747130
2019-01-23,253.9503862222335,257.2471780637282,253.17468093879702,255.4387969970703,9925040
2019-01-24,255.88964254806012,257.29564146404755,252.4086160194577,255.5648193359375,7538560
2019-01-25,256.8593312660491,258.0229188089374,250.6536000835857,252.06442260742188,9169270
2019-01-28,253.0777102767833,253.0777102767833,228.35172708882172,238.3875732421875,23640470
2019-01-29,239.30875928604502,249.20885656637338,229.96620578438603,243.91941833496094,61188330
2019-01-30,250.1687670944889,254.40611705834834,246.8719753068444,251.6717071533203,38797070
2019-01-31,252.8837525289289,252.8837525289289,244.932670330476,249.66937255859375,20834180
2019-02-01,249.68395383653126,260.6312702339849,249.68395383653126,254.8618621826172,21177680
2019-02-04,253.07769346187857,254.3915748987959,249.4124314988396,251.5699005126953,9421130
2019-02-05,252.10806430212077,256.19026736546004,251.52141757656423,252.45712280273438,10108170
2019-02-06,253.95036211614308,263.7437957440065,253.28130379640368,262.8953552246094,17984610
2019-02-07,264.2286457590062,264.81043952113123,260.2627955075562,261.474853515625,17605800
2019-02-08,258.8956002673494,265.4358607904378,258.8956002673494,262.4978332519531,15107850
2019-02-11,264.1995941302449,264.1995941302449,255.50186347644737,257.65447998046875,11947020
2019-02-12,258.70162401654255,259.5888586769279,253.68856915826026,254.22186279296875,12003700
2019-02-14,250.16390401554068,254.24128346691168,247.92887629246897,253.00013732910156,12141260
2019-02-15,253.0776900655036,253.0776900655036,242.99337423401852,248.3361053466797,16406960
2019-02-18,247.07074774922464,248.32645287719572,243.61880887804892,247.20651245117188,11545200
2019-02-19,247.3568042310703,252.7819770594099,246.7750104688838,248.2100830078125,11483390
2019-02-20,250.65359877688462,253.54315575219525,249.29609971143208,252.7043914794922,10381270
2019-02-21,253.07769745236217,257.92592920432315,251.43413978654544,257.4120178222656,11398230
2019-02-22,257.20350720562976,259.28338764927184,255.24965591118269,256.025390625,8256720
2019-02-25,255.88967668859408,259.38040961474536,253.441325469361,257.707763671875,10240400
2019-02-26,255.72485337321527,259.6712916955665,252.10806168162165,257.707763671875,16189960
2019-02-27,258.8956012413099,261.4797173070432,254.53219223162495,256.18060302734375,11478390
2019-02-28,258.5659010217937,258.60469516161305,255.01699180541374,256.85931396484375,11368430
2019-03-01,258.2459227290917,259.3125397287999,255.98665954943522,257.9986877441406,7070940
2019-03-05,257.44114466586984,262.6142004360316,256.43270402456295,261.33428955078125,8473070
2019-03-06,263.2589796427788,268.9992989593788,261.80451014198997,268.2720642089844,15434240
2019-03-07,269.07200874477627,269.78471419838434,264.2286299685774,265.17889404296875,8598510
2019-03-08,264.2189535052324,269.46474438669753,263.4141599663622,268.4272155761719,11780870
2019-03-11,268.49512202857863,272.2719142546472,268.49512202857863,270.6332092285156,11690750
2019-03-12,272.35424553243763,273.1154213955013,266.21636815155705,266.9484558105469,13853350
2019-03-13,267.62241744666886,275.180824466812,266.54127113524544,274.2305603027344,15492960
2019-03-14,274.60387660671427,274.89475869475484,270.25014408063805,272.2864074707031,8960550
2019-03-15,273.323897803444,281.10045030658773,272.9554274828981,277.3915710449219,20915620
2019-03-18,278.4824241248298,285.18265389550044,275.8643673260067,284.0627136230469,18199860
2019-03-19,284.10635014086523,287.2964945764625,282.171910614268,283.2239685058594,14805650
2019-03-20,283.60217787548737,284.54755940297997,277.10553543042386,278.1527404785156,14068620
2019-03-22,278.09453895807997,280.76106620593595,273.0523960987058,275.0547180175781,12508760
2019-03-25,271.8888370256696,277.51280374288837,271.5979549503216,276.329833984375,10667570
2019-03-26,277.3188496474049,285.26996136890347,277.22187909640957,284.5281677246094,15706370
2019-03-27,286.0457015053888,292.26599174062693,284.3488202252721,285.5851135253906,24196560
2019-03-28,285.08572509591215,290.8938971055846,285.0808721296925,290.4914855957031,13669450
2019-04-01,293.82218723104467,295.3930389656995,290.0211906158727,291.0344543457031,11090000
2019-04-02,293.29869476304714,298.36025086290766,290.7339607377847,296.24639892578125,11362380
2019-04-03,297.97227511729386,299.52371500601686,294.59307220416156,295.354248046875,10527520
2019-04-04,296.71176273912687,297.19658588085747,292.5859130683985,294.7191467285156,7727760
2019-04-05,295.5481714700441,303.01445959086533,295.3639363113124,301.9672546386719,12444080
2019-04-08,302.82053000212653,303.4992942538936,292.63924377316204,293.2307434082031,16421890
2019-04-09,292.4987249105578,295.6549291228304,288.9013445441434,291.737548828125,17333240
2019-04-10,291.9701491713784,294.4815588360768,289.53635736399724,290.7338562011719,9948990
2019-04-11,291.66960486768664,296.2269544651927,290.1181944092875,295.5336608886719,10167120
2019-04-12,295.93607162855994,296.90571795815384,291.01995763561706,291.7471923828125,10481380
2019-04-15,293.6670663669433,294.0937131093714,291.0829802642053,293.0513610839844,6516340
2019-04-16,292.63922814346745,296.44996041784896,292.63922814346745,294.04522705078125,10214780
2019-04-18,294.6464244501828,295.35427692126336,290.4090747386804,292.2950439453125,6588260
2019-04-22,291.86355813995243,291.86355813995243,288.46979583599955,290.04547119140625,6621570
2019-04-23,290.1182207667555,296.5663635429759,289.63822093208717,294.29254150390625,9919680
2019-04-24,294.2876531798843,300.49338360545914,293.99677112527013,299.91644287109375,9905800
2019-04-25,300.570986750785,301.98666213870507,297.9384004568883,298.748046875,12405640
2019-04-26,299.52376665298993,301.07520680922823,295.2573284167794,300.2849426269531,6138070
2019-04-30,299.81469317747406,302.5296913919227,294.77251981777084,300.19769287109375,9009680
2019-05-02,300.10550726467966,305.33673800663564,296.7117454700872,303.6689453125,8958300
2019-05-03,303.5090269038965,306.8930833458371,300.81341111534647,301.7394104003906,7307280
2019-05-06,297.2935795757166,300.0085775443042,293.4149941398723,294.21978759765625,9664870
2019-05-07,296.0233532552272,297.66205801369296,291.6308563134473,292.5471496582031,9702640
2019-05-08,292.057517637487,292.5423408542881,281.19746574463807,283.2628173828125,11550230
2019-05-09,281.19746891086345,290.0988161696564,279.74299924408314,288.11590576171875,17452340
2019-05-10,287.9947018538785,290.50608261078315,281.1974707637982,283.4131164550781,16300890
2019-05-13,284.09667845885366,286.81655899673814,281.77923903847153,284.2857666015625,13562290
2019-05-14,283.90758456493666,285.2650833860518,276.1649439318853,279.4375,18617600
2019-05-15,283.2337058724461,293.1483457586253,278.3660622378064,291.1605529785156,24536700
2019-05-16,292.2514161387528,303.40234962798826,291.88779874236474,301.56488037109375,36446720
2019-05-17,304.1780650920875,321.53472845427893,302.72841897429913,320.0899353027344,58487160
2019-05-20,328.7101917810182,333.9996008734439,324.15284100241536,330.41192626953125,27248590
2019-05-21,331.4299865382315,338.21265849212983,327.2556658139735,332.90869140625,28849970
2019-05-22,333.7523282841948,335.45403298989874,329.49071309131995,334.42138671875,15668120
2019-05-23,338.89148151404055,341.12165682340645,325.3794587171124,327.5223693847656,24062050
2019-05-24,329.679794678014,336.95214309002904,328.8362069968221,336.2637023925781,15685230
2019-05-27,337.4369091753856,337.91687935469787,333.55832401245016,334.4309997558594,9320000
2019-05-28,336.27338591685805,336.2879448177985,328.39500830225,330.63006591796875,16277680
2019-05-29,329.97066166724613,332.8796008988396,328.1768394807716,330.5766906738281,9212780
2019-05-30,330.542722793611,338.3774514361818,329.6845763972423,337.5968933105469,11751110
2019-05-31,339.12894579155443,342.3821198320616,334.401920004724,336.1860656738281,21728660
2019-06-03,335.4976676680566,342.2754868028985,335.4976676680566,340.4477233886719,12411330
2019-06-04,340.78222758480666,344.22446035182134,340.30222777639113,342.39666748046875,10514000
2019-06-06,342.57601950770356,342.57601950770356,334.08679116758964,334.81402587890625,13149160
2019-06-07,334.8334579093528,341.2185713380155,331.6142246736315,340.2925720214844,12850440
2019-06-10,343.928731649018,344.97593672472345,339.95802851856706,341.2767333984375,9832740
2019-06-11,342.96395886427433,345.58198650667623,340.4671074360354,344.40386962890625,9031550
2019-06-12,343.2499792843315,343.2499792843315,337.63089485855966,339.9434814453125,12144700
2019-06-13,339.8610773509727,344.3214568949438,339.37625413078587,343.6911926269531,8803180
2019-06-14,344.6074555619654,346.1443663398095,339.47319468513905,341.1603698730469,8646410
2019-06-17,342.1882198866518,342.2658081723069,335.1098127705468,336.1279296875,9534600
2019-06-18,336.855164416849,342.285190352017,336.37519416781265,340.27801513671875,10835270
2019-06-19,343.1578138013246,344.03048953819524,339.38590514608455,341.8487854003906,8739410
2019-06-20,341.2185627357564,348.0060875455832,340.09376935917675,347.38067626953125,11070050
2019-06-21,348.791497532758,348.97573271567546,344.2244712838128,345.7613525390625,10582660
2019-06-24,345.3880596299737,347.12370538083695,342.5809143626453,343.7735900878906,5437030
2019-06-25,343.7735430628979,347.71515750831776,342.3190736613778,347.1188049316406,8278690
2019-06-26,346.14916477542045,352.46642452469354,345.48495943763317,351.7828369140625,9788060
2019-06-27,352.46643476982905,354.7935800027402,351.0216712326846,353.1645812988281,11351420
2019-06-28,354.1584656802343,358.11463923991465,351.9525262188262,356.9364929199219,12000360
2019-07-01,357.6734760481102,360.32062147076596,357.3147116014568,358.6722106933594,9138840
2019-07-02,358.6721951334784,360.7084584786258,355.8650794763974,359.845458984375,7064780
2019-07-03,360.126686464748,361.70721491659344,358.2843641236365,360.262451171875,6050400
2019-07-04,361.67805962329413,363.60764623626477,359.2685028400624,361.92047119140625,7436160
2019-07-05,362.06594825175904,364.78097583960493,359.3945677706702,360.62603759765625,7762800
2019-07-08,361.18836243632325,361.18836243632325,327.2555978474525,330.9693298339844,38571320
2019-07-09,330.64942145257606,351.49681899284116,323.5128381728295,349.373291015625,51961250
2019-07-10,349.06789875703305,349.06789875703305,330.8434087485347,332.49664306640625,29095840
2019-07-11,336.0857442179491,342.4626336148065,327.0085139000946,335.2164001464844,27122410
2019-07-12,337.0570635792064,337.0570635792064,326.9550710605012,328.0721130371094,26966780
2019-07-15,330.11193657937037,334.14301645978014,325.7505729804616,331.4329528808594,16180730
2019-07-16,333.50193991535286,336.5616739585874,330.84532277166153,334.98809814453125,16858560
2019-07-17,334.1430571559816,338.1984152511312,334.1430571559816,336.4062805175781,9155470
2019-07-18,336.08576339837487,341.91384022031195,334.5316036505653,336.828857421875,13204640
2019-07-19,337.6398833697518,340.09252614808486,316.9599182494182,322.7879943847656,30339090
2019-07-22,322.0983521270742,322.0983521270742,307.3970203562504,315.3572082519531,36920230
2019-07-23,316.3674153979945,320.2867705625385,311.6223805320996,318.3003845214844,22236910
2019-07-24,318.02838155547863,319.9613505132708,304.516955812187,308.2615051269531,27679890
2019-07-25,310.7238643861364,315.04633599724326,291.03466337479995,295.9205322265625,102905770
2019-07-26,295.92053800333014,318.4071908373006,290.8209717612728,317.1055908203125,69450800
2019-07-29,317.89727064516416,320.54419454388716,308.8880420150185,315.94488525390625,34784730
2019-07-30,316.6587329131796,320.44697562983566,313.8709751914753,315.6825256347656,22849050
2019-07-31,314.0410146716003,317.40189320949736,306.95506212828514,315.8865661621094,24381300
2019-08-01,313.84186804175295,316.7559057586808,308.30518452234026,312.97735595703125,18925160
2019-08-02,309.7622195236884,319.33484459418696,303.05993835409794,314.5121154785156,33560190
2019-08-05,310.81123976103646,310.81123976103646,305.2939730881664,306.95013427734375,20133710
2019-08-06,306.95022025076366,319.28146575017934,306.2799890895776,317.8487243652344,20051390
2019-08-07,318.11581934392905,322.9725494102486,315.910874565346,317.22216796875,23989100
2019-08-08,319.5728163211891,326.37223794504416,316.75591900564575,323.91473388671875,15877420
2019-08-09,326.3674051458228,335.07551876197556,324.4295745556737,332.17120361328125,21017570
2019-08-13,332.1712101719128,332.58888185939844,311.6126627070191,312.953125,19006940
2019-08-14,317.6253010386079,323.4485159417573,315.20179735500403,319.5679931640625,27702370
2019-08-16,318.6597107805089,326.26536523342764,316.01278746378745,324.15753173828125,17581540
2019-08-19,326.84817561575665,328.2177769053849,321.6126365777538,323.2687683105469,14328420
2019-08-20,323.16686742019994,323.8856540663985,314.2547489436388,319.97113037109375,16887170
2019-08-21,319.5631328437637,322.67631358618877,315.31835527723194,316.7996520996094,15528010
2019-08-22,316.5616722412172,316.5616722412172,300.9667184994257,302.48687744140625,25061940
2019-08-23,302.86568887849273,310.8307384074349,291.2095361882139,308.3392333984375,31437870
2019-08-26,318.0186809006509,324.3130137794272,309.1842876663239,322.8996887207031,29500170
2019-08-27,325.5951499123134,330.0633172331763,324.4392459469329,326.1536560058594,22259370
2019-08-28,325.2843658421664,326.6296895901584,320.22849311587464,323.10369873046875,12509150
2019-08-29,322.84631377411824,323.4582665889444,318.21300332964194,320.4762268066406,15299260
2019-08-30,321.5301057548784,325.1095133415086,316.6587914068361,323.7010498046875,21189530
2019-09-03,320.83553291171364,322.001159827161,314.15269814493655,316.5130615234375,11997260
2019-09-04,317.33878398443335,318.05270914205903,311.60781825722495,315.7117614746094,18793490
2019-09-05,319.18429779557516,321.02984924536486,314.9880760103019,319.8350830078125,15012260
2019-09-06,323.45823362116187,329.0920288359906,320.349914413797,327.635009765625,17008940
2019-09-09,327.73215119329393,335.1143870985842,325.6097624464532,333.8856201171875,18025510
2019-09-11,334.662682846599,335.6971686622369,328.82974563201094,331.85064697265625,13011120
2019-09-12,330.5004586862522,333.07451951888663,327.4018627418142,328.5431823730469,11640860
2019-09-13,329.18911194784647,333.7544494292311,327.5863971786365,332.9142150878906,13283630
2019-09-16,329.7719534462899,335.1094947540152,328.538354748517,332.088623046875,11797670
2019-09-17,332.6811626645538,333.560229659397,325.78946121238425,327.1882019042969,13618720
2019-09-18,330.93759666480133,336.522836208809,329.1406006220168,331.60296630859375,18536680
2019-09-19,332.7831574799205,332.82201962139186,324.45871484661285,326.5713806152344,12376920
2019-09-20,328.8297670959915,364.25475764524185,318.8589156111423,359.6117248535156,56480860
2019-09-23,371.05413368985904,395.3377811826509,365.60489742117625,390.8453063964844,40110020
2019-09-24,390.9667424827039,390.9667424827039,381.44756408820143,384.8229675292969,21896040
2019-09-25,384.65303658406214,388.4315869549661,377.8536142202025,381.826416015625,24147290
2019-09-26,384.1673674644375,389.99544383557947,383.2057443490005,388.6161193847656,23881650
2019-09-27,389.1211888920931,396.79481587762524,387.5670294618665,394.1138916015625,20244780
2019-09-30,394.9395515999488,399.3931645409158,391.549563674356,393.0114440917969,22563610
2019-10-01,396.3091714176166,397.19309984241454,383.3222800285231,387.8001708984375,16155060
2019-10-03,387.08141795678665,389.0192486689016,381.9187111024245,384.6336364746094,12458400
2019-10-04,386.498543670463,388.9269085209222,378.07699096922084,379.2085876464844,14782660
2019-10-07,376.8822743086645,384.4830691464969,371.0007809824512,378.9123840332031,14061520
2019-10-09,380.28192264148026,391.93807352704283,376.88707343896004,390.8598937988281,13566000
2019-10-10,389.86427062118133,389.9954118145659,381.8361114935216,383.5748291015625,11027880
2019-10-11,386.49854827310264,389.9953996280315,381.25328606227237,385.9351806640625,16238660
2019-10-14,387.37278338655494,389.15036321463094,374.26447350604735,377.2027893066406,17683520
2019-10-15,378.33923216329026,380.3790645040921,373.28822157112614,376.82879638671875,13948940
2019-10-16,379.7962733664921,391.64670602955135,378.8249273988028,390.13140869140625,23817690
2019-10-17,390.4859391323354,399.92256161860087,388.63552625601676,398.912353515625,21035930
2019-10-18,398.2518646208965,407.8681842038487,396.3091725983556,401.90899658203125,18362130
2019-10-22,404.5656145882213,409.8934332431127,388.5481283127742,391.8555603027344,50347550
2019-10-23,397.2756374970833,399.22319089630247,385.43006636088285,392.26348876953125,24422490
2019-10-24,394.56075744987635,396.3091683943652,389.75744436074604,391.0784606933594,12675570
2019-10-25,392.21007350838545,394.7404404248418,378.8249272641119,387.2999267578125,17580980
2019-10-27,389.99540579656787,389.99540579656787,384.16732999387943,386.4888610839844,2146910
2019-10-29,387.567029298458,394.36645086509765,384.8909664961162,393.12799072265625,13355150
2019-10-30,395.8186513721659,395.8186513721659,387.0813984511565,387.7613525390625,13385540
2019-10-31,388.94639284469014,393.39514464735527,388.0527414484406,391.2144775390625,12512200
2019-11-01,391.35527182007536,399.2231798330005,390.57820692825885,395.3232116699219,18756120
2019-11-04,396.98914190814094,405.77981179045514,395.9352101023888,399.5146179199219,18631580
2019-11-05,405.24552181112114,413.3076809332988,401.6515301196688,410.6656188964844,29346520
2019-11-06,413.79338853212647,415.73608049706604,405.6972280683164,406.81427001953125,20766950
2019-11-07,408.42183957402773,411.77299501450574,406.81912465850075,410.4762268066406,11416030
2019-11-08,409.9080436629281,411.85073581298934,402.91434006545563,404.02655029296875,15096930
2019-11-11,404.07991747103443,406.7996742890698,402.4189241872745,404.958984375,7693020
2019-11-13,404.75016683819496,405.5369547262136,401.3601787862844,402.5791931152344,8990150
2019-11-14,403.8855935548909,410.00509021064556,400.2333533073332,408.9900207519531,13836290
2019-11-15,409.92743209016174,412.5549396449371,405.59037571669177,406.7608642578125,11931710
2019-11-18,407.8682038825382,408.8929668595203,402.6375255168055,403.5845642089844,9273640
2019-11-19,404.56557067555804,406.23142535057656,400.801605282118,401.7243957519531,8295350
2019-11-20,402.13726394881985,406.2169292084508,400.9133584423048,401.9964294433594,8138790
2019-11-21,402.13723241567584,404.0799243597129,399.41747555127455,400.549072265625,7028530
2019-11-22,401.1659150450999,402.50637732495505,392.52094120640993,396.14404296875,12226150
2019-11-25,398.2518424792855,403.0260161593259,394.589878891916,402.3023681640625,13893040
2019-11-26,402.6229206834848,405.43495670768544,396.9891256891937,398.0915832519531,15027270
2019-11-27,400.29169215869763,400.6705016839213,397.76618663240606,400.0342712402344,4850640
2019-11-28,400.1945679520075,402.044980970041,394.8521647390559,398.45098876953125,9697080
2019-11-29,397.7662058244364,401.65159000831363,394.59474675564474,395.7458190917969,8319830
2019-12-02,395.82350450971376,396.0517565964964,380.77736409402894,383.72540283203125,20654040
2019-12-03,382.70546781021443,388.0527323569319,377.51362218281776,385.094970703125,19843820
2019-12-04,384.45869184094545,388.9366118133505,382.22460814866037,387.6495666503906,14308300
2019-12-05,387.6495666503906,391.8409265419459,385.43003773204754,387.6495666503906,12553040
2019-12-06,389.50974505912416,391.23873974922265,381.48641763270405,383.8419494628906,11713550
2019-12-09,385.5854529529621,385.7651495696516,376.90647987022044,383.1813659667969,12689420
2019-12-10,383.68170047557777,388.0527578227679,383.2445828836068,387.2611083984375,11594800
2019-12-11,388.6840651169755,393.8807717330776,386.9890712244274,392.1129150390625,13659810
2019-12-12,393.39509084567425,394.8521097006582,389.5145687048002,394.089599609375,10870560
2019-12-13,395.3377716019062,397.2076005562874,392.53056779107044,395.5271911621094,8616560
2019-12-16,397.08139528763775,397.08139528763775,391.60298969930693,392.370361328125,8260690
2019-12-17,394.0701852541351,403.5942247675735,393.09883934615056,401.7243957519531,13794840
2019-12-18,402.1809641481755,403.9682372156028,398.35385856969594,400.13140869140625,11097750
2019-12-19,399.51945382641594,402.6229113673495,396.8239746427509,397.460205078125,7361040
2019-12-20,398.93180360864943,402.62290645472314,396.4062981461706,401.7098388671875,10542340
2019-12-23,402.0012005616445,406.4111192544806,401.1658573150635,404.07989501953125,11378790
2019-12-24,403.8856504475292,406.09062481458955,400.74336040120386,402.08868408203125,7519790
2019-12-26,403.1037333970177,407.6204864229594,401.48160215757207,406.7122802734375,12650200
2019-12-27,407.7710960887059,413.79345398994366,407.18831212153526,413.07952880859375,11266480
2019-12-30,415.2358603121371,415.88667522171147,410.8793874189153,412.1712646484375,8319100
2019-12-31,412.53063346746427,414.4150469665899,409.77198490594736,411.3407287597656,7796080
2020-01-01,411.6369841712036,413.01630845870875,410.00513009484246,411.005615234375,4070420
2020-01-02,411.85070999967877,417.26597588581717,411.3650369926037,412.4383850097656,8638440
2020-01-03,409.90796266120526,411.34556523969337,405.34262515346364,407.32904052734375,11768500
2020-01-06,404.46846443652186,408.3538483977625,386.9648203626587,388.2178649902344,28667350
2020-01-07,393.8807723464066,397.4747641239568,388.16925356800255,389.2814636230469,21490420
2020-01-08,383.6816902667164,394.4004975000772,383.6816902667164,393.3902893066406,16305760
2020-01-09,398.8249592437465,402.9143176924757,396.3091766062888,400.6025390625,14193880
2020-01-10,401.1756257496897,406.5957234516167,400.00027573256364,402.60833740234375,11066240
2020-01-13,404.857006716518,406.2411925721347,402.72006327191895,404.5170593261719,6451520
2020-01-14,405.051285908739,408.1984374933081,403.15231750339,407.2853698730469,7034340
2020-01-15,406.98908600446924,409.90798528715106,405.05611707623757,408.6695251464844,6169760
2020-01-16,406.99396583173734,410.87448828095586,406.79968477838554,409.9322814941406,5787280
2020-01-17,409.616604824033,412.04496973372466,408.1595858782181,411.04931640625,6711290
2020-01-20,410.78221296367013,413.10860557974314,400.6948050216906,403.36114501953125,8486390
2020-01-21,403.10373844362556,406.6151448342069,399.9080017249334,402.0012512207031,8979220
2020-01-22,406.6054524859899,406.6540079300474,400.5199554032943,402.3509521484375,7979010
2020-01-23,400.4859283690358,404.45389796778494,396.7948255698228,400.7579040527344,11545220
2020-01-24,400.1945517557593,408.51413261213196,399.3203462849183,407.43109130859375,8648920
2020-01-27,405.4397866748112,408.7423569197647,403.4970948080003,404.50244140625,7821550
2020-01-28,403.1231743384949,412.72490938925785,403.1231743384949,409.2280578613281,10527640
2020-01-29,412.326655492581,431.6661579772212,409.4320633740849,429.23779296875,45814130
2020-01-30,433.6088508890182,435.64868342901707,422.0352549344124,423.9245300292969,35777740
2020-01-31,424.4781503882832,429.34460274237875,420.96188303872174,424.07989501953125,17369270
2020-02-03,412.84138619889393,425.14835067556044,412.84138619889393,423.4436340332031,10941810
2020-02-04,426.2217473162842,441.96239495517426,425.1726771193175,438.9754943847656,19583230
2020-02-05,438.5626953850807,440.986198781684,434.93473249913376,439.8448791503906,12856310
2020-02-06,439.8449503111816,454.3811412130417,439.5341124432792,453.26409912109375,18464770
2020-02-07,453.03091223819723,455.2601643769567,449.3543640284993,452.09356689453125,9503260
2020-02-10,452.6471841486328,459.8351377966172,450.70449237117083,458.6452331542969,11608790
2020-02-11,460.12660433142133,464.7890531958848,460.02946380442694,461.3262023925781,11674290
2020-02-12,463.332029231139,464.51707250420577,458.6695804168814,463.20574951171875,8829640
2020-02-13,462.9434746349263,466.30432324153145,459.93229633326405,465.79437255859375,6810390
2020-02-14,466.246107082095,467.7031261667266,463.1377878442961,464.473388671875,7311180
2020-02-17,464.47333258021825,466.051769731284,461.39418255336636,463.97796630859375,7164840
2020-02-18,463.27373042531485,463.52142838047166,456.68800620280155,462.1663818359375,7286110
2020-02-19,464.7890557815329,474.6967967275437,464.31310573267746,473.8274230957031,11720490
2020-02-20,472.8414725266108,478.23243034100045,471.4670097967398,474.0605163574219,16346430
2020-02-24,470.1314738168328,473.62832541847615,461.5059164138218,466.6297607421875,12633890
2020-02-25,471.0930252911305,471.0930252911305,464.6918595475363,468.76666259765625,9593090
2020-02-26,467.7030802070475,469.9128863396289,463.06490917204104,467.2174072265625,8513460
2020-02-27,467.7030973052168,467.7030973052168,457.7079387013598,462.3412780761719,11748700
2020-02-28,450.7045425363119,450.7045425363119,418.8200983326075,433.7885437011719,49414100
2020-03-02,446.8191849205273,448.5627641307483,418.2276161873347,423.5797424316406,22382160
2020-03-03,428.3745684795578,435.6715350683796,420.5908126083729,433.6416320800781,20235030
2020-03-04,434.8001903833568,437.7987992720653,411.33694116965245,417.3147277832031,24729910
2020-03-05,419.6123707423057,425.21532026089153,416.0247360282891,421.627685546875,18332950
2020-03-06,401.6011465079927,412.6025720914656,392.9849705133876,411.419677734375,33122380
2020-03-09,396.2464855296143,401.84456241363216,384.09137111328664,392.0406188964844,35456270
2020-03-11,390.79444959762714,401.0073094590162,387.97107756014435,392.41546630859375,27936830
2020-03-12,375.80134657021597,376.7700525413814,353.22405604056036,363.5683288574219,52726190
2020-03-13,334.91105085997873,393.6665274981605,319.4360291333024,384.81182861328125,48499170
2020-03-16,373.2164818546124,373.2164818546124,350.48828872117366,357.52239990234375,31404670
2020-03-17,360.428491819578,363.6023672693547,331.2114209420546,335.3831787109375,25585480
2020-03-18,339.77891321996697,343.67322741159984,293.9136420894155,298.0464782714844,54435800
2020-03-19,272.60200346283017,297.2384023950809,241.9050719041983,267.3544006347656,83247130
2020-03-20,272.58737697675576,296.3573056740704,255.23822973798693,287.3906555175781,61101890
2020-03-23,258.65546233513624,262.8662013335945,216.621221469351,220.62750244140625,48442350
2020-03-24,240.668608776933,250.07823869897143,204.9042010121377,240.88279724121094,62572210
2020-03-25,238.52673250639066,262.8661950070428,233.65884000626025,251.72845458984375,62263550
2020-03-26,256.7618648686273,285.8913165382267,249.72775436338767,271.9886169433594,50961240
2020-03-27,287.69247060403814,295.96788854019485,243.3946451810813,247.51287841796875,71706090
2020-03-30,232.69013333432693,235.06079459665386,216.71857928601014,218.28604125976562,76983550
2020-03-31,224.41958961369437,227.8173841527168,204.451498598592,215.7255401611328,110431110
2020-04-01,212.24013752883175,222.64769527354557,207.6302422043358,216.0711669921875,64083010
2020-04-03,220.8855221660329,228.1776165257494,212.53707361099808,214.91748046875,61726720
2020-04-07,218.5683877595174,222.5600658167539,202.65037228555892,219.38133239746094,111614780
2020-04-08,212.62953112102718,231.12752198275928,208.74982033817034,227.12611389160156,91093390
2020-04-09,232.78263940889624,249.83485242064,230.45578724701403,248.44264221191406,71932460
2020-04-13,245.34180855579592,245.34180855579592,220.60804527456384,222.68663024902344,81831990
2020-04-15,228.30417756422054,230.54341127478241,211.11077623433138,212.47865295410156,93336280
2020-04-16,208.83259108259873,219.0551654712574,206.59335753110003,216.13442993164062,72467400
2020-04-17,229.27773507915674,231.31251056397753,217.61426889372945,224.71652221679688,101915460
2020-04-20,226.35701967436856,228.352858732946,220.51554819890097,224.7262725830078,54031770
2020-04-21,215.16089990191065,215.16089990191065,202.99116574456278,204.4272003173828,73839850
2020-04-22,200.55231661359608,211.26655373540774,196.89166646832743,209.14901733398438,90627230
2020-04-23,210.2929805565186,216.04683372876357,205.61980023969204,211.5050811767578,71440060
2020-04-24,205.76586159028628,205.76586159028628,191.79987412660014,192.4034881591797,104944510
2020-04-27,194.71570600108123,202.9911235061272,186.50357347738634,199.0043182373047,144952470
2020-04-28,202.60171674693515,218.48078166087697,198.12324915306561,216.9230499267578,147563440
2020-04-29,214.19215684534436,231.2249090781637,214.19215684534436,223.57745361328125,150601540
2020-04-30,230.25621569812085,235.5038038525051,223.06147030863107,225.6852569580078,88833050
2020-05-04,214.18726595277755,214.40145440718064,197.49525872610891,202.47024536132812,73127450
2020-05-05,207.3722335229121,207.8590228034823,194.42363568861836,194.9445037841797,115212090
2020-05-06,195.6893033081417,207.55722910457618,190.07662313832992,205.05999755859375,131496960
2020-05-07,204.34927063578112,211.25193887926918,199.4229656286584,200.6107177734375,77702040
2020-05-08,207.37222996035797,207.37222996035797,196.17607669958747,197.06689453125,69663750
2020-05-11,201.5307634536014,203.74079096119556,194.258130366608,196.1809539794922,76549900
2020-05-12,193.7129132225677,202.5043257933177,192.48620967396147,201.5015411376953,103365270
2020-05-13,216.13442138717332,218.0767056904326,208.83258282679586,210.39517211914062,94411850
2020-05-14,210.19561318854159,219.92654136916735,204.13995312564217,205.6197967529297,143075310
2020-05-15,206.39378832131393,208.01480499193778,200.16776393769436,203.13230895996094,80267260
2020-05-18,203.47790832589456,203.8137940998589,187.51122672487026,188.73793029785156,108205710
2020-05-19,190.8214127964008,195.06134359972373,187.14128673806354,191.30332946777344,94135140
2020-05-20,191.79499329757613,200.55720111320142,188.38746803594407,198.8826446533203,163185080
2020-05-21,200.45980663885052,202.265805447278,192.2330713083235,193.7615966796875,98795420
2020-05-22,192.28176099292185,195.3972093391496,181.5967306106836,184.5223388671875,161950940
2020-05-26,186.73234659940044,188.26572966171872,177.34217844454457,178.06748962402344,98692950
2020-05-27,178.16487749827255,189.45839480107077,173.5890612112462,188.52862548828125,173352460
2020-05-28,190.23723045349678,193.06061697970756,187.6085715092258,189.62388610839844,90517750
2020-05-29,186.34293564665353,192.76856026438517,184.1037167806119,190.20318603515625,103618470
2020-06-01,194.4285106469807,216.7575328353278,194.4285106469807,210.375732421875,189159830
2020-06-02,210.8040993806603,231.22491635696434,210.37573727750745,228.42100524902344,234424700
2020-06-03,235.3139636256709,243.08798996782926,233.46417007874726,234.81744384765625,187051760
2020-06-04,235.02186529508296,238.88211568832818,221.66436587392235,225.19358825683594,163153500
2020-06-05,228.20679914498578,234.53505952496462,221.48911329925994,232.71934509277344,158500390
2020-06-08,243.8814332629361,248.03861794160528,241.01423722620828,244.10049438476562,149925030
2020-06-09,246.80217922308185,246.80217922308185,235.14844199794388,237.90367126464844,123730770
2020-06-10,237.55315820876675,240.47389376051387,233.75620793374716,237.12965393066406,89614430
2020-06-11,234.63244102460723,239.40297019032428,225.87996412134703,227.71029663085938,100427670
2020-06-12,214.18728412859866,240.47390536256304,214.0899203299246,238.54135131835938,168024570
2020-06-15,235.6059951454027,236.57470099147613,226.9411525058605,228.92724609375,120703460
2020-06-16,238.7214579446956,239.0524710869765,222.46269909977661,230.25132751464844,129143510
2020-06-17,228.49889561944835,236.09281170947725,227.04340035879378,233.26943969726562,96502790
2020-06-18,231.22491175279836,247.4544648287297,231.03019900876413,245.92108154296875,127382680
2020-06-19,249.43083228787938,264.28274786614975,249.23610469658158,262.7298889160156,186038260
2020-06-22,266.7605210863325,278.7939376301364,265.59221494889596,276.5255126953125,139393260
2020-06-23,282.3329696147594,302.70996606526904,275.81485264285993,294.5562438964844,161869530
2020-06-24,304.2433051021433,304.2433051021433,283.4087295110006,285.6917724609375,201088070
2020-06-25,280.20075624487407,296.55202041107765,277.56723944541085,292.59442138671875,159821300
2020-06-26,296.2112952296827,297.79823313459184,279.61663457352324,282.6785583496094,125724990
2020-06-29,275.9121568275538,281.7974522715154,269.68126001141917,278.243896484375,116139990
2020-06-30,283.31135108354647,285.9059461746496,274.1597188808314,275.6200866699219,97030570
2020-07-01,275.62009923373677,289.0262654526381,273.1861528076375,287.58538818359375,127048960
2020-07-02,290.1263850404818,293.631273486578,284.77170343738567,288.5929870605469,116197340
2020-07-03,290.12640284307446,291.0464416874904,284.3822954404466,285.404541015625,85435970
2020-07-06,289.1528028698774,305.1827686622792,287.69243517861537,302.66607666015625,114375830
2020-07-07,306.6772859162739,332.92983160404077,304.27254537476557,326.3387145996094,228764010
2020-07-08,326.3386669199858,331.87345856120015,309.6077220319248,312.328857421875,191261830
2020-07-09,314.9526341985296,329.0597766833128,311.06806562127207,324.2016296386719,187577860
2020-07-10,318.8470006879496,330.52994422460733,318.55978191971826,322.6585693359375,161504130
2020-07-13,327.12237911445055,328.8748085466318,313.1223153973582,314.9136962890625,131364670
2020-07-14,313.47284625001976,313.47284625001976,303.9852978983331,310.6640625,124044220
2020-07-15,314.465876321847,321.0569925072142,303.9755732320002,306.6042175292969,109802620
2020-07-16,309.597996055607,313.0055211694266,302.03330099898153,312.0124816894531,99999250
2020-07-17,312.5186646884273,323.5200886636738,312.0318754910933,321.4074401855469,84256260
2020-07-20,325.6571677151657,336.2691684693118,322.8873354210957,335.05706787109375,105554950
2020-07-21,340.7525281081131,342.6510183635062,313.3608832338755,320.5458984375,259600480
2020-07-22,323.22812833331614,325.17528573291446,310.9220793064482,316.70513916015625,170696590
2020-07-23,316.7051293252283,323.22811829582395,313.1077787217429,321.0667724609375,87180350
2020-07-24,315.92627116926195,320.3073750837818,313.4923245500843,316.5931701660156,66376830
2020-07-27,317.67873823193804,319.33383401223955,306.89149861935965,308.7364196777344,70898670
2020-07-28,309.1111434850913,317.3865599248497,307.7676005328356,315.40045166015625,82116970
2020-07-29,315.926244096032,324.10429809339996,315.4005033521894,319.7475280761719,80700220
2020-07-30,320.833094491986,323.61751497736225,312.0368084311212,313.3267822265625,65082780
2020-07-31,315.050007387737,318.6522299977818,309.71965917751874,316.5395812988281,72353970
2020-08-03,315.8288837870572,315.8288837870572,308.52704447457313,309.0625305175781,44639200
2020-08-04,311.73986816629036,317.38661195459827,305.98114263943376,315.0110778808594,66791450
2020-08-05,316.997175459418,324.20165064255633,316.2134518731013,317.5959167480469,69853800
2020-08-06,320.50207269688343,328.95272743693283,316.8998201531882,325.6814880371094,81729060
2020-08-07,324.49373326715335,338.94650867335463,322.25451438703476,337.2768249511719,101512670
2020-08-10,340.168372673364,346.28731802348693,332.30187029350265,335.1982727050781,71292450
2020-08-11,337.08211520150525,340.2218822854856,331.47429319368143,336.60504150390625,55718180
2020-08-12,333.45067173934433,335.8846182483906,327.31713842105205,332.79351806640625,56625270
2020-08-13,335.8845626735921,338.0264471316653,331.11403424743577,332.92974853515625,46633590
2020-08-14,333.4506948381307,335.76781682905613,321.88457547213295,324.30877685546875,55313350
2020-08-17,326.14883152247165,330.9680574846962,322.488166473004,329.5368957519531,46705720
2020-08-18,330.91929573265975,334.71140265614133,327.76491119075655,332.9540710449219,47062980
2020-08-19,335.59256860955014,337.34499827452333,331.11410092974273,331.9854431152344,41988490
2020-08-20,328.8748455988212,332.4284313270197,326.4457716983279,330.4131164550781,36774590
2020-08-21,333.9374783564069,334.91105701050725,329.0695850859054,329.9750061035156,26273800
2020-08-24,331.3087692921173,342.2128609567509,331.11894405507405,339.9784851074219,62055750
2020-08-25,343.1864477880013,356.3297585543503,341.7260799250737,354.6649475097656,98540590
2020-08-26,356.8165913231983,360.9056337221852,353.506429706109,354.9229736328125,66650850
2020-08-27,356.03281144703453,357.14754817969146,350.1378005158671,353.65240478515625,46110620
2020-08-28,355.3561647912699,359.05575133473025,352.1482104498578,357.3811950683594,42513280
2020-08-31,361.68443377765146,365.07734078600487,337.34496986260086,339.5647277832031,85297660
2020-09-01,342.40763362818603,357.692801076878,340.7719988652847,354.7574768066406,60651820
2020-09-02,354.64543754671865,358.27689613017816,347.9034181657289,357.171875,42810110
2020-09-03,357.1085906798769,357.9604718882843,350.9750578638471,352.4062194824219,32213660
2020-09-04,344.79283907786265,355.3367114596887,342.7726814043594,350.1767272949219,49146490
2020-09-07,351.16986440341753,353.3117198107631,338.5717530950089,341.25396728515625,46651680
2020-09-08,342.6996595982143,348.04459648604904,338.3185559953962,340.75250244140625,44487030
2020-09-09,338.51330010369526,340.11482624721697,330.2816761835559,333.2413635253906,45632470
2020-09-10,336.51741294241344,343.0355283312751,332.76912965977124,340.62591552734375,47622820
2020-09-11,339.77886534605216,346.3699804906673,336.5368623112613,345.07513427734375,46083840
2020-09-14,346.30191057859975,348.059212773573,332.9638722332885,334.97918701171875,45315090
2020-09-15,338.3185601668556,343.10857990461875,336.3714029860392,342.0570983886719,38936370
2020-09-16,342.5000712452737,347.31439448447605,338.9659764357139,342.8456726074219,39077180
2020-09-17,339.6621145648697,342.40761341096805,336.4882387479788,338.0216369628906,27811560
2020-09-18,339.91518549857744,341.1224132377365,333.8400359241269,338.2990417480469,37690870
2020-09-21,337.1308139442134,337.53973005042445,322.66829239337164,324.21630859375,36274190
2020-09-22,324.104277578348,326.51876296088653,313.2050591108689,321.5729675292969,42249680
2020-09-23,324.20170191340134,325.5647061293431,311.56463989351477,315.8143310546875,42443280
2020-09-24,310.6689705471435,311.03406256132973,292.7453830320079,294.88726806640625,59637770
2020-09-25,299.86217540041713,308.34690838900985,294.8774582774322,305.6014099121094,62325930
2020-09-28,309.40325092452423,326.148813848409,307.9185495798543,324.70306396484375,55886950
2020-09-29,326.92770365193593,328.29073755123517,316.85118824345324,320.76983642578125,46434460
2020-09-30,320.6870830928542,325.5501036549789,317.38663723565423,319.1974792480469,36035360
2020-10-01,323.7148111128731,336.8581192332454,322.7461053792834,335.1835632324219,53821060
2020-10-05,337.34496982297026,342.60228808575164,328.1203070579979,329.3518981933594,42071900
2020-10-06,334.9012840581004,338.8053436462248,330.15996115800226,338.2503967285156,47587570
2020-10-07,331.016727387593,331.016727387593,319.84977954286114,324.3136291503906,65710800
2020-10-08,326.53823165918186,329.8483927051378,321.47564115103114,323.85601806640625,44618100
2020-10-09,323.70516889637383,332.81300823079147,321.7677568122795,323.023681640625,56840990
2020-10-12,326.1488044698456,329.01112769791445,321.7677011262208,323.9290466308594,32046520
2020-10-13,323.2231917376751,325.1752213983738,315.7947829740846,318.6133117675781,37776570
2020-10-14,318.1654784760383,329.2983475259208,314.72874716457227,328.2955627441406,53044470
2020-10-15,327.92076668351876,328.0960037090996,311.642530533596,312.981201171875,52680190
2020-10-16,315.0841098413808,318.30665252946,308.6341518185734,314.5973205566406,50762360
2020-10-19,316.9095333168146,320.7648956906813,311.21409339624034,318.0875549316406,42066370
2020-10-20,316.89981166412036,320.25866947870446,314.15431307752635,317.5959167480469,32520900
2020-10-21,318.36018793960733,320.79413433058295,301.9407950936891,314.74334716796875,75364600
2020-10-22,307.65081656122624,325.66201942952586,306.6772380278046,322.687744140625,70857690
2020-10-23,324.33797030409465,326.81083841294384,321.5729810941256,322.92626953125,32047770
2020-10-26,324.2017081282244,324.2017081282244,315.1133592540541,320.6871032714844,35462450
2020-10-27,323.8121971011901,337.3449315591471,319.13900273335724,336.20098876953125,60209460
2020-10-28,335.7823464890906,339.7691516401184,325.9443547492663,328.173828125,46491050
2020-10-29,327.8817926714316,334.13218022202864,324.5667587981417,329.0744323730469,37803490
2020-10-30,327.6043081644491,330.14049097346714,316.69050098021063,322.1571350097656,42876230
2020-11-02,323.7684014844676,335.6314535165393,318.8128903233787,332.94439697265625,42885510
2020-11-03,333.93746658806765,342.6996741661802,332.55984452191115,339.8568115234375,44460450
2020-11-04,337.7344085845765,347.56268568726256,337.05292139499176,346.7351379394531,43711430
2020-11-05,351.4618745464503,365.0919749443736,349.2859406371871,363.81658935546875,63321410
2020-11-06,363.54397160105964,372.6177308596985,360.6232359375607,368.0857238769531,57440500
2020-11-09,370.93346441547743,377.6219449649152,368.60175425254226,376.28814697265625,41498980
2020-11-10,379.59339920622983,413.18185928299096,378.02107935081926,409.73541259765625,114214480
2020-11-11,409.97394383217545,431.2514845713842,402.4725042742738,415.6012268066406,138966540
2020-11-12,414.74447372529664,421.0727344746263,408.9078749110627,418.4732666015625,55900380
2020-11-13,414.7444570538001,429.34813511907475,413.7708785161151,426.0428466796875,60884590
2020-11-14,428.3745497579584,431.78207458557847,422.5330786248953,425.921142578125,7894790
2020-11-17,428.2480275940158,438.4949367413599,423.0199151002042,436.94207763671875,58515230
2020-11-18,435.67638560132957,455.44001757762396,434.6054432922366,453.0791015625,75130190
2020-11-19,450.65974414832755,465.85728953075966,439.3321493456567,441.6687316894531,83510050
2020-11-20,445.1152802701018,463.63273475873115,439.5950764717443,459.12506103515625,87364100
2020-11-23,464.29962819818746,474.06462036354,460.84830870097704,468.4324645996094,73250390
2020-11-24,470.72521454257287,473.35388843176077,464.3969541609251,468.35455322265625,42973850
2020-11-25,469.45956601909734,469.75162768548665,455.14795014086013,456.583984375,47633210
2020-11-26,453.200822501347,472.5750300237068,451.7404546522556,469.3865661621094,62732080
2020-11-27,473.06181588278974,482.894965271086,465.8719584281259,477.9102478027344,123647070
2020-12-01,482.0382183196503,482.155042994611,469.77599500401834,473.2662658691406,40174270
2020-12-02,473.54859147270906,475.49574853444824,465.85732702109124,469.6445617675781,36549700
2020-12-03,473.6459994758509,476.0799460301975,468.97283397601007,473.884521484375,28768440
2020-12-04,474.13275739478587,482.70023681433565,468.77807532975237,474.65362548828125,36793780
2020-12-07,474.1327599461667,479.4825693934004,468.7780778523188,470.1849060058594,31151240
2020-12-08,472.1855916961161,473.6459595054855,464.88375264926896,466.5534362792969,29710760
2020-12-09,469.2648882139335,472.4630975008258,466.4609770741231,471.6160888671875,19659920
2020-12-10,472.18560540074816,473.1591839685847,465.8573447098103,466.81146240234375,19259630
2020-12-11,467.8045211452283,475.98257551019753,467.8045211452283,471.5868835449219,26700190
2020-12-14,472.91579178559346,478.484662411025,471.9908802568355,476.92205810546875,17863480
2020-12-15,476.07500387512226,501.39291699075767,474.020767544583,498.715576171875,59367960
2020-12-16,506.1635217823946,508.69480229273796,498.47222731843414,501.0619201660156,32691840
2020-12-17,500.4047828512728,516.303338040023,496.6808625301146,514.7017822265625,37331520
2020-12-18,511.1287062080743,514.5313582698868,502.85328905994356,511.3721008300781,32550430
2020-12-21,508.9868640527047,509.6391450557111,477.5597490298829,490.86370849609375,35515700
2020-12-22,493.6043568509202,498.95903922307025,469.88312344989924,487.8992004394531,54735210
2020-12-23,486.78926949954985,502.95064947792764,483.90261269676864,495.44439697265625,34314570
2020-12-24,500.3172062278306,508.10583522344444,497.10925158730697,504.790771484375,26255590
2020-12-28,504.7907494231619,510.6224756211562,503.82691613468154,506.6600036621094,19326060
2020-12-29,508.69478859160716,510.83667327018077,503.0967119707426,506.30950927734375,19695290
2020-12-30,506.3094235492906,520.6697046235113,503.7294765013255,519.3212890625,38647000
2020-12-31,519.404181712599,523.0551014528469,513.2706484334869,515.5293579101562,28692120
2021-01-01,516.9897565622518,519.6962743243231,511.12879404202846,514.0641479492188,14471870
2021-01-04,518.3332486021563,518.3332486021563,505.8908860948097,507.8380432128906,23336590
2021-01-05,508.0132689912644,508.6168829307228,492.87413461739663,498.3748474121094,39534000
2021-01-06,499.44586907938935,503.1795647559427,485.84497356142793,489.7392883300781,36079230
2021-01-07,493.11759168682204,499.5967861971483,488.86305769300037,494.6753234863281,30357500
2021-01-08,499.44580932170874,500.2976905754251,490.8783297402654,494.77264404296875,29984510
2021-01-11,497.30392477142925,497.5911435243241,482.7246093638075,485.2558898925781,29241640
2021-01-12,485.25592580957004,496.4277467391115,482.0187946312961,490.8978271484375,33359080
2021-01-13,493.21491006512207,493.9937610375037,469.8733578805767,477.3358459472656,32693730
2021-01-14,477.33581277601337,483.5569639632094,470.6278426258339,474.8482971191406,26808110
2021-01-15,474.81425143837527,479.6821439907012,471.4456484000598,475.456787109375,25449160
2021-01-18,474.1327617657412,475.1063403319953,456.21892208891796,459.51446533203125,37034130
2021-01-19,463.91990503713737,486.2975928150324,462.6445195666818,482.81219482421875,47674650
2021-01-20,483.6738213026105,489.963160251861,477.1508627156112,485.031982421875,33147070
2021-01-21,486.1077634827901,508.69479797598865,485.81570179907817,498.30670166015625,70618090
2021-01-22,499.9325375296458,500.12726510549396,481.49295918232366,484.11676025390625,30847960
2021-01-25,491.5598503707899,502.65864094659776,476.0799559062739,477.9005432128906,36730600
2021-01-27,479.1272313408669,481.493020159622,468.38866079165587,471.6988220214844,28004930
2021-01-28,465.32671953469077,477.9297009069136,459.83087935446883,468.31561279296875,34773290
2021-01-29,475.7586099088916,481.9213486274776,458.27311897870646,460.9455871582031,42607950
2021-02-01,464.88377155674283,494.5779182216238,454.32043803042654,492.49444580078125,42907450
2021-02-02,496.5251001944248,519.6913870053855,496.0285655866266,503.6517028808594,43479930
2021-02-03,508.07172627675476,513.075934663723,500.4194125562688,510.6517333984375,26507830
2021-02-04,507.62387482985054,539.654573161575,506.84983710587255,535.9403686523438,53258880
2021-02-05,537.9994676772218,547.8326464063871,532.5474517211131,539.2213134765625,44379870
2021-02-08,539.5573313069559,551.532337518618,533.0635779695372,535.244384765625,28008090
2021-02-09,539.1191896066978,539.2652501765048,524.0384654853941,525.76171875,22639040
2021-02-10,529.1106890412251,535.6969619817111,525.2456108447493,533.1218872070312,26380120
2021-02-11,532.5474367822582,544.0356511391274,531.1600993113414,541.9960327148438,20289470
2021-02-12,542.2832336808967,546.9563986755105,538.5885198491493,543.008544921875,16252680
2021-02-15,545.7249070927755,564.5783084169188,545.2040686374002,562.7138671875,31688260
2021-02-16,563.8382906759227,566.8368697989456,553.9954258846789,560.8056030273438,21268100
2021-02-17,557.8604904636817,564.57820600267,552.01901935935,555.441162109375,23463950
2021-02-18,554.8424601592503,556.3757988948158,537.6295384598524,541.6358642578125,23175130
2021-02-19,541.3096874156637,547.3410138153231,528.1663766600676,535.2686157226562,27444560
2021-02-22,533.5209795048057,539.2358801336567,519.3797290436345,523.478515625,20005630
2021-02-23,527.6795414489674,535.9209095106777,520.8644920206597,524.1454467773438,21902450
2021-02-24,530.0162361308539,543.1498024953318,524.0773707649821,541.592041015625,19087950
2021-02-25,545.3012893706685,547.1462396274369,536.5731914701709,538.384033203125,15845950
2021-02-26,528.653136582699,530.9897488006901,508.30532173712044,512.579345703125,37133260
2021-03-01,517.456999000478,522.801935729023,505.77405640780495,512.7643432617188,20318810
2021-03-02,515.9966193758922,526.7059831742598,512.3019055037603,517.5835571289062,22086340
2021-03-03,522.2421197368734,542.6094259130846,519.9006942093486,539.6448364257812,22524130
2021-03-04,528.6530685743448,542.0057224099306,525.8296674593639,534.0953979492188,22346980
2021-03-05,529.6267767778315,537.3910426132396,525.9369351479035,530.1038208007812,20757600
2021-03-08,532.4501394405885,534.8792131994959,517.0675506196856,518.007080078125,17210420
2021-03-09,522.9090505475668,530.1135560703326,519.404191301235,527.1976928710938,18114960
2021-03-10,529.626739431217,541.407016300293,529.626739431217,539.8541870117188,21912500
2021-03-12,545.2040631316933,552.0191139208395,537.5127677577889,541.1004028320312,25080130
2021-03-15,542.3854293399245,543.806875337084,520.9180353741291,529.5342407226562,20870080
2021-03-16,534.3437571454949,536.1497859874614,527.6796396655207,531.1796264648438,15613050
2021-03-17,531.5738794392208,531.6128011884653,520.3241866121937,521.818603515625,11347580
2021-03-18,527.9716047367476,539.8492742328665,516.483390406737,522.9917602539062,23390580
2021-03-19,517.5544059567576,533.4237860841888,505.29221092352094,530.9168090820312,32203100
2021-03-22,530.2596459158249,535.176206310474,519.5989476042424,524.6956176757812,19384610
2021-03-23,526.7060174799203,530.1135425467959,520.8645459367049,523.66845703125,18490380
2021-03-24,523.2010445383037,523.2010445383037,512.102227250934,513.1050415039062,17376430
2021-03-25,514.0495001794521,515.9966573771015,496.83176503613777,498.6864013671875,23432710
2021-03-26,503.34011333611795,510.93401418666576,499.9325883909024,504.6106262207031,23474600
2021-03-30,509.6537269776938,512.102291167398,501.39292766389724,505.6328430175781,18452800
2021-03-31,504.80046921996217,508.0911694143875,498.75939778607403,501.3783264160156,18459750
2021-04-01,507.23440073508687,514.8769682247569,502.5563631526754,513.2852172851562,21482340
2021-04-05,512.0049951485933,512.0049951485933,479.0590701027316,483.13836669921875,37396800
2021-04-06,491.65712601435456,492.5771647967068,482.1744812499175,486.1174621582031,20709060
2021-04-07,484.84215317262664,497.4013114390628,480.94783868931233,494.29559326171875,24027820
2021-04-08,496.5250633681916,497.9854312016274,488.2496456453884,489.6613464355469,14078790
2021-04-09,486.78924557138737,487.7628240625301,471.6987789586744,474.3566589355469,29026460
2021-04-12,461.4762485501444,461.4762485501444,428.37457671321425,439.1813049316406,45000460
2021-04-13,441.5276705920145,464.87406800159096,439.47827680279164,460.3810119628906,31750190
2021-04-15,458.37053184672004,462.44982850028657,444.54570403652303,453.7168273925781,28971850
2021-04-16,453.7850022553011,456.60837432057474,446.8725880877266,449.4623107910156,21426480
2021-04-19,433.2424832000375,438.4998017730216,424.6750032819346,436.124267578125,34265070
2021-04-20,444.24390138105286,457.4845762262451,443.48451126477585,449.1750793457031,33945970
2021-04-22,442.97822133032093,458.9449029261292,438.6701483150733,456.48175048828125,25635390
2021-04-23,449.90039631175404,463.4039565630823,448.8684053641055,454.447021484375,27295250
2021-04-26,456.60837356394455,470.1411104629264,456.60837356394455,461.140380859375,29039890
2021-04-27,462.15776046565514,476.06530423439074,462.1139363569178,473.6508483886719,26449970
2021-04-28,478.5139358918808,516.9702949310044,478.5139358918808,514.13720703125,85764540
2021-04-29,520.8645324067161,537.9021572985246,518.9173752762237,533.9932250976562,72584860
2021-04-30,520.8645107755559,537.8680858573422,518.6934496804259,530.7852783203125,41248880
2021-05-03,517.5835805971988,543.2568427677437,515.1447615223699,540.4480590820312,40335910
2021-05-04,546.1775461927681,559.8027727383746,541.3096536242051,546.7373657226562,48383470
2021-05-05,553.2846657203097,554.9397611028393,530.8339472357517,536.9431762695312,43786930
2021-05-06,542.0885058713087,547.1413807466877,532.873618493179,538.2720947265625,22231110
2021-05-07,544.2304455417495,546.4842824113681,531.379195944989,534.8646240234375,18510330
2021-05-10,542.7699641305352,542.7699641305352,530.113444787581,535.2247314453125,19973390
2021-05-11,526.8277113232839,531.3889246129104,524.7588568320629,528.1371459960938,16172480
2021-05-12,527.0076960462937,529.6266241935629,518.8588499829984,521.6822509765625,15393360
2021-05-14,526.2192679238931,526.2192679238931,512.783894244384,518.9514770507812,15257620
2021-05-17,520.8644689319922,534.4945671844181,517.4618170149197,528.662841796875,24115830
2021-05-18,535.5655218785843,555.4265475221791,535.5655218785843,553.844482421875,31478830
2021-05-19,552.5009220192933,557.1692142539781,544.7171667231365,548.2415161132812,22509060
2021-05-20,547.9300489415127,550.8507848734212,539.849358081071,544.1087646484375,14888270
2021-05-21,551.0454150125191,554.4529396636566,543.8701464294965,548.2950439453125,18569660
2021-05-24,548.5142027083766,553.7714914536435,544.2304331329548,545.486328125,12150600
2021-05-25,549.0982528453345,550.92858510862,543.4515096473853,547.0196533203125,13155460
2021-05-26,549.098347070029,564.1693252403605,543.8507439953122,561.8668212890625,29167460
2021-05-27,562.7235414102274,562.9377595955651,550.1692267215547,553.206787109375,21525900
2021-05-28,557.2763373207082,559.8076175615462,544.4348349861784,546.2505493164062,15263750
2021-05-31,547.151192522411,551.5030604952848,541.3097207161219,547.9251708984375,17958110
2021-06-01,549.4877955932353,566.4280278875273,547.6768942032145,563.1957397460938,28534510
2021-06-02,560.4405212864746,569.0566677650645,559.0823601813928,565.5177001953125,20131950
2021-06-03,568.5699019279931,575.8717414219313,562.7430482732357,574.5574340820312,22303780
2021-06-04,575.871704318313,585.1207004147187,574.4113365136174,583.5093994140625,24453670
2021-06-07,564.6755951613732,568.9447468841192,553.2311738194301,557.836181640625,28358050
2021-06-08,559.9049970870225,566.3306511332476,556.9015453081128,560.3333740234375,17890070
2021-06-09,564.188762819722,564.188762819722,547.8618317208462,552.4571533203125,15381120
2021-06-10,556.4001751210745,595.343319486504,552.7005882908633,592.5588989257812,52961200
2021-06-11,594.4037593901157,606.5394422743055,588.5477295186785,595.830078125,37027210
2021-06-14,590.9330009815629,608.3893183589959,581.7716520881206,603.0491943359375,26336010
2021-06-15,605.4685501778354,607.4935508651271,598.7508341235382,599.8363647460938,15236610
2021-06-16,597.777216451111,599.8120217214207,590.2612187345015,592.0914916992188,14816580
2021-06-17,576.3584836871377,595.3432648221025,576.3584836871377,589.0393676757812,18718570
2021-06-18,592.8995750807412,598.5560639211976,580.7444614852258,592.6221313476562,27096150
2021-06-21,584.1471254695646,597.2904357926298,582.8912305419116,595.4406127929688,12719620
2021-06-22,598.7507254315691,602.5477050203833,584.1470492015308,585.7826538085938,15406110
2021-06-23,589.1124015261852,595.3433284878722,584.2445084069058,585.6659545898438,12382150
2021-06-24,586.7757925227166,594.6617548548702,585.218031219594,588.3919067382812,10824210
2021-06-25,589.6964622459485,594.5643543572367,587.0872792049994,591.5267944335938,9619940
2021-06-28,593.8829329752202,595.6061860746337,585.607515056713,587.7542724609375,8284810
2021-06-29,588.0414293626261,597.5484379249012,584.3515881433344,589.2486572265625,13100790
2021-06-30,589.0151185492344,596.3169588618283,584.1472250075053,585.6903686523438,12257940
2021-07-01,588.0414067129208,588.0414067129208,578.3056218335678,580.9489135742188,11206010
2021-07-02,584.1471319914267,587.0678676513838,580.73960705481,583.9281005859375,8112980
2021-07-05,586.9704427202048,593.4884978340658,584.7360375019406,591.2249755859375,8631790
2021-07-06,589.5017579195932,617.5213745397173,589.3070303429618,603.852294921875,34913930
2021-07-07,605.5658943581521,611.9914894038759,599.7633444606187,603.482421875,19479250
2021-07-08,602.6437844867871,606.6321813522115,592.9312515819763,596.578369140625,11305600
2021-07-09,593.1848028388266,601.7661264105983,591.0443375865248,598.3677368164062,14475440
2021-07-12,602.1561829215508,604.4868098006273,595.1935854046162,599.6744384765625,9787400
2021-07-13,603.1314186312784,607.0320260274386,598.7432353105982,600.1376953125,10021270
2021-07-14,599.7182953819297,602.8387927250226,596.7928402825056,598.1483154296875,7765740
2021-07-15,598.1483150631083,602.3706790673431,595.0375787618857,597.7387084960938,8709900
2021-07-16,597.28047565464,603.6189623350565,594.5695250901153,597.3243408203125,9631210
2021-07-19,593.6723230284755,597.0853538633353,578.7525144255096,586.5927124023438,12905320
2021-07-20,587.0414072666952,587.8166363137567,572.2190874054218,579.4205932617188,14018370
2021-07-22,578.2649493551684,608.8847360795342,577.4019305907536,604.1600952148438,34885910
2021-07-23,603.5213156840939,607.0318374426163,598.7430493008295,602.7314453125,9537390
2021-07-26,599.7183139046,604.4283134253341,597.7680104447476,600.932373046875,7335020
2021-07-27,602.6437749617811,616.9785174349681,602.1561990920709,607.6609497070312,20685280
2021-07-28,610.2402301108752,612.7854215705597,600.4009816725928,610.6400756835938,11491530
2021-07-29,613.3655618938732,627.0225667285019,610.8399522260794,624.1068725585938,14846640
2021-07-30,625.7401539869961,625.7401539869961,605.7836502435536,607.3341674804688,14068850
2021-08-02,611.4202621760488,612.7806181689317,601.6687428430974,604.6429443359375,10124350
2021-08-03,606.0568331391815,618.4412726870855,605.1791727270582,617.4563598632812,10917100
2021-08-04,618.5387259163032,631.6496479725905,615.808312995959,620.1135864257812,16320910
2021-08-05,619.611435830684,619.7576728797175,607.7145727675745,609.2991943359375,8665670
2021-08-06,612.8829238549571,614.2969059091666,605.6667765208463,606.9637451171875,7297890
2021-08-09,607.0319422556167,611.4152444506622,598.3579487095021,603.9260864257812,8811790
2021-08-10,607.0319179012319,609.3186200110152,598.9430514194486,601.6783447265625,7310090
2021-08-11,602.2634957474893,604.5892423398466,590.6494638658625,601.4541625976562,7919290
2021-08-12,602.7412826432106,609.9476684770376,599.8402299473254,604.5453491210938,7946020
2021-08-13,605.5692129944487,607.4073834940564,597.8654906642381,600.3570556640625,6679320
2021-08-16,599.6208079275075,623.6095160917212,595.2179836897293,621.868896484375,14233350
2021-08-17,625.06732865561,627.6904889812527,614.8331168253683,625.0819702148438,16027760
2021-08-18,627.4126767882025,647.5007795760677,624.6870847196193,638.1490478515625,21537300
2021-08-20,631.1132561806206,656.5403464280658,629.5237542877749,649.5582275390625,21647320
2021-08-23,657.2522380401931,665.0047058673713,653.0590976834064,658.44189453125,17383400
2021-08-24,660.6653377136943,687.3845205666538,656.0772318766311,680.6657104492188,26229900
2021-08-25,683.0938283652673,687.8720959399785,674.9025295282028,677.238037109375,15096670
2021-08-26,672.8547198732939,681.9480220129708,668.4665369175985,675.9703369140625,12345880
2021-08-27,677.7305173252292,684.9807687521321,670.1243450057196,679.3492431640625,9359060
2021-08-30,682.211220453352,701.8166857240071,680.6558820710982,698.7449340820312,15043820
2021-08-31,698.2085792172559,740.9982382469692,695.2831242764015,733.7528686523438,29464380
2021-09-01,733.8017680925492,748.3803001729807,729.7402820586203,733.2752075195312,22277890
2021-09-02,731.3637625290384,739.7890873578214,726.0053087903917,731.2125854492188,11833780
2021-09-03,731.3637487984064,736.7270829562614,727.6337817758276,733.6456298828125,8802470
2021-09-06,736.2396214175433,742.5781082244492,729.9108956517687,731.9830932617188,8970710
2021-09-07,734.1819483246052,737.8241254939417,722.3143097570545,727.1998291015625,8360130
2021-09-08,727.1706182406106,732.7289947093174,722.6897653302401,727.7752075195312,8592560
2021-09-09,724.5377480096107,727.4632032505647,719.6619892746874,724.6011352539062,7004360
2021-09-13,724.6011106177968,730.8762095155511,716.9315519114903,726.0540771484375,8025650
2021-09-14,729.4134871685918,734.2892457726599,722.3923828750262,723.3236694335938,7192580
2021-09-15,726.0004298059255,729.4134607049459,719.6619438506017,722.9920654296875,6572830
2021-09-16,726.000499299926,726.000499299926,714.8349995292142,722.7337646484375,5771290
2021-09-17,726.0492020410773,748.9116412844843,717.7116667293823,724.4207153320312,34749690
2021-09-20,717.7116490387257,739.2624777364143,713.8841905314588,725.7517700195312,10838060
2021-09-21,729.5256749056305,765.2113857596514,721.7098189916245,761.968994140625,19931330
2021-09-22,765.49407374794,769.882256336304,757.7903516187312,759.9990844726562,15005410
2021-09-23,766.820326858099,780.0239198345851,761.0718476819,770.2772827148438,21091470
2021-09-24,775.2309389052521,775.2309389052521,753.3680550496608,759.9747314453125,11293460
2021-09-27,765.3966609056462,766.4693040632035,754.7723631475391,760.1746826171875,6507740
2021-09-28,762.0811625233647,763.056314362806,724.0551213058353,735.5863037109375,15723010
2021-09-29,734.1917911916227,744.6112854698002,727.0877772191973,732.8655395507812,9458790
2021-09-30,735.75192791928,750.8667786585097,730.4763836236134,747.7560424804688,14907070
2021-10-01,743.0656637734787,744.9379385445667,728.9259628224087,733.5823364257812,9377400
2021-10-04,739.9450788949164,757.5953599189723,737.2293076688991,750.3840942382812,10901980
2021-10-05,749.2091249034024,757.205381661749,744.4406182605155,753.2267456054688,7732430
2021-10-06,761.5934909459043,768.4780596869016,749.4040944839019,754.2944946289062,17646310
2021-10-07,765.0943152458248,768.907132288165,754.5723900805436,755.5377807617188,9405500
2021-10-08,755.7425735110475,763.4462958097362,752.0370089252814,754.0067749023438,7565710
2021-10-11,758.0732260097014,770.798944322506,755.9376413167636,762.285888671875,9086480
2021-10-12,761.5935999930385,772.8078463437682,755.7426888535273,766.054931640625,10994490
2021-10-13,771.1402118036298,781.0965323505267,766.5960309496473,773.22705078125,10524380
2021-10-14,777.0984808627802,777.0984808627802,761.8226900669705,766.7520751953125,11348490
2021-10-18,784.997117231375,784.997117231375,760.6963535718374,767.0104370117188,8550980
2021-10-19,769.3947633881172,771.8033597438922,748.0389153497755,754.69921875,12449890
2021-10-20,754.8648982180091,763.8899318560522,738.6774039972331,756.849365234375,11028990
2021-10-21,763.5438262298537,763.5438262298537,749.4041257441157,754.504150390625,6394610
2021-10-22,756.3277247298352,773.7829660447522,747.4538670110934,751.861572265625,15173760
2021-10-25,755.7425821168779,764.2995622572937,716.7852590446939,745.6643676757812,11697290
2021-10-26,750.3792295786312,769.8773829658484,746.0982993515572,766.0450439453125,16605750
2021-10-27,767.4444663426261,772.3153448205092,727.5607339285847,729.6232299804688,31122330
2021-10-28,735.2644248440022,740.7252508762765,717.0681192449064,729.8279418945312,15723020
2021-10-29,729.4135280599065,736.2103073661106,713.1333620260237,721.6318359375,9483340
2021-11-01,724.5377557747516,731.3833401578833,704.0595688686011,722.97265625,10373140
2021-11-02,728.1165113046692,736.7271175770138,721.6366686584137,727.0097045898438,6871160
2021-11-03,729.998567477223,735.1473972242981,726.5855363932045,732.9484252929688,6687040
2021-11-04,737.3122238997204,738.092392924638,732.8265495991443,733.8114624023438,940330
2021-11-08,735.6447322810494,752.1491635063499,729.9985656386998,748.2973022460938,9003010
2021-11-09,750.8668740076502,756.1717020956667,736.2395972412673,738.9212646484375,8002470
2021-11-10,735.7519495311658,742.0904355112222,731.851342774208,739.306396484375,4649890
2021-11-11,738.2094375023709,741.2079816839932,722.5874865607514,726.7514038085938,6344000
2021-11-12,731.3637252038378,741.139644138142,726.7805006221872,739.0771484375,4971280
2021-11-15,739.0675753815883,743.7921572987373,730.3887005265262,734.7037353515625,4025180
2021-11-16,733.8016871607582,745.9910839574485,731.436956085908,736.79541015625,5980490
2021-11-17,734.0942787201124,750.0867923870287,733.4360631448478,741.8613891601562,6455740
2021-11-18,743.0656700269795,750.6426185428733,725.5129376641376,729.896240234375,7725390
2021-11-22,730.5837088079529,732.7778002628842,681.6359591856045,688.2913818359375,19352430
2021-11-23,682.6062199872015,699.9639091060254,675.2047920708974,693.752197265625,11875890
2021-11-24,698.2085755532138,713.7914797437921,689.0421263125601,699.8955688476562,10993800
2021-11-25,697.2334465761667,702.5967807805987,691.0704808572133,694.8735961914062,6154860
2021-11-26,684.6540423530575,687.2772030274492,660.6653323226337,663.7907104492188,16890820
2021-11-29,659.8851154635034,680.655833138375,651.2355253253622,673.4153442382812,14918150
2021-11-30,673.8298377553821,702.0897155229826,667.9057791593967,682.3380126953125,21955390
2021-12-01,685.7462544440793,693.1086985162805,677.8280261944635,686.380126953125,11367680
2021-12-02,691.3825309313223,703.0843509188765,684.7904961487013,700.2076416015625,8477040
2021-12-03,698.2087066089612,705.4053318380063,687.9696124477962,689.3591918945312,8164110
2021-12-06,689.3592184659382,691.9580362712641,676.5701113127406,677.9011840820312,8582530
2021-12-07,687.287001373112,699.1838656632813,678.5106348585102,692.6649780273438,10796080
2021-12-08,694.3080920932301,720.2812702017352,694.3080920932301,717.8580322265625,14026910
2021-12-09,721.6122852248054,728.2530661716056,715.4688411867344,725.5421752929688,10769500
2021-12-10,719.0769548033336,728.1458545598667,717.7117184879236,726.7318725585938,6791450
2021-12-13,728.4383712966721,729.1209894385431,702.0117821694969,703.9376831054688,12985990
2021-12-14,700.1588634689241,700.1588634689241,686.0191649726854,689.0324096679688,12764810
2021-12-15,689.6760082021412,689.6760082021412,666.1260719195327,667.710693359375,18175280
2021-12-16,677.2428986178269,688.7935426682626,676.0629435592913,685.4195556640625,17683180
2021-12-17,682.6061784974337,685.0440577063531,669.4416307692688,672.9619140625,16805110
2021-12-20,667.9789074659288,669.4269934407312,633.1269955978985,646.9302368164062,22263190
2021-12-21,655.8042615909907,658.2274996571293,637.7493107789076,641.4110107421875,13755910
2021-12-22,647.0132366931334,662.2012382901286,645.921071409257,660.2947998046875,12678980
2021-12-23,667.0038035856934,681.9723592885704,666.8331639314665,674.5856323242188,13393990
2021-12-24,681.1336947346283,681.4311088579891,658.9685158567884,668.1739501953125,9807740
2021-12-27,658.3249164639178,673.7128395039787,648.8708727123537,671.9526977539062,9123600
2021-12-28,680.6558717834401,680.6558717834401,669.1246912782443,673.5031127929688,8624640
2021-12-29,671.3822036875584,677.7255704396796,668.2763478146209,673.99072265625,5323790
2021-12-30,672.8449408013033,677.2380041595934,668.651800215273,670.0364990234375,6589920
2021-12-31,671.0994133527423,682.5087001721045,670.4704214588963,680.392578125,7699070
2022-01-03,680.1683359550879,706.3950609444067,680.1683359550879,704.0205688476562,12697250
2022-01-04,706.9849949766311,719.1743914417455,705.5710130829704,716.0538940429688,9591730
2022-01-05,728.4285846450528,750.0038167712759,723.075011145512,748.0194091796875,25832620
2022-01-06,733.8016859039099,758.6046680825915,733.4116013996684,755.5719604492188,15359860
2022-01-07,757.1030023417596,759.1556778389872,739.6526417994501,746.9028930664062,11659510
2022-01-10,749.5015407666335,756.6201954870949,747.9169193218861,753.9190063476562,6390600
2022-01-11,754.6699703198371,756.7128846866448,738.2873731489789,747.9267578125,10379120
2022-01-12,753.4021316768286,767.346847714415,750.0671297402107,758.1316528320312,14584040
2022-01-13,763.3487569931464,765.4502375254741,758.0829733991553,761.4326171875,6163740
2022-01-14,758.1804009280972,765.113714811622,753.6459219897315,763.7582397460938,5696350
2022-01-17,762.519869940969,771.3449807628034,760.7694893362863,765.7476196289062,6797740
2022-01-18,770.3649945642455,774.7580579171911,752.4319397699194,755.1575317382812,11300240
2022-01-19,765.4940838588136,784.509541992886,728.7308528958996,738.3653564453125,50003170
2022-01-20,742.0904092721074,745.991015891146,721.7097158802169,734.3135986328125,29103830
2022-01-21,721.8561126662424,731.2663512487071,712.4312920410172,719.0525512695312,13704500
2022-01-24,716.7364749904001,716.7364749904001,664.8291708203598,675.9507446289062,25025820
2022-01-25,672.8546967555197,682.2161295986159,658.4419255517711,679.0712890625,25259340
2022-01-27,665.4045740987304,673.0838945945355,654.1415826085916,666.7113037109375,17610280
2022-01-28,678.807876353643,687.0527996860775,667.4912612335888,669.6609497070312,14675220
2022-01-31,680.6461481286942,690.0076404702216,675.7899115476043,682.630615234375,12512490
2022-02-01,690.0075916846115,693.8984372985626,671.4894116013116,684.0299072265625,13834490
2022-02-02,692.3577207837279,709.9104517331746,691.8701449240211,706.736328125,13398210
2022-02-03,707.2775725422132,710.5979929145575,692.3577622454216,693.3963012695312,8398560
2022-02-04,691.3826090055671,700.9781286670888,687.9695777904479,698.0526733398438,8232080
2022-02-07,698.6961808773947,698.6961808773947,671.0018492724677,675.838623046875,11830120
2022-02-08,682.6062695174079,696.9410130809821,674.2881959785307,687.9696044921875,16405420
2022-02-09,695.1417867885425,698.0038548150003,689.4322922964333,694.0496215820312,6491660
2022-02-10,695.7707780575496,706.0098714977798,688.9447157640627,695.9658203125,12442000
2022-02-11,686.5068841262539,690.4026109018221,674.9074341333287,683.7374267578125,12764610
2022-02-14,664.078300608917,675.780120883964,657.6472037849862,661.7330322265625,11697660
2022-02-15,663.1031706523972,701.6216636535291,661.7330539147248,696.458251953125,13468200
2022-02-16,700.6464953872631,704.5422216613712,687.4819474572311,689.2957153320312,10540410
2022-02-17,694.3080619716533,695.0881714858908,680.8509794157985,690.6463623046875,9036160
2022-02-18,684.5564691308891,693.9179013115902,683.5813174654605,685.5413818359375,7625170
2022-02-21,682.6062329757359,690.4952369135704,673.9273584919141,683.2254638671875,8166640
2022-02-22,663.1031715107583,686.131369921949,662.0305284230825,683.7130126953125,12587320
2022-02-23,688.4571543532542,694.0496355082037,685.2830305585983,686.9505615234375,7952280
2022-02-24,663.1031805173742,672.8742199585773,642.8639014740704,646.3110961914062,19300400
2022-02-25,663.1031806257562,681.6261830936646,659.1050823146927,679.6222534179688,14132810
2022-02-28,668.9540549247562,685.0440577035586,663.74671874637,682.8304443359375,15808910
2022-03-02,674.6100176223836,676.3994426399532,659.3976730276515,666.1798706054688,16080090
2022-03-03,674.80498606385,677.1745975865608,655.7895276415306,658.0665283203125,13339990
2022-03-04,652.2205148708539,653.1566224478119,633.8486299320509,637.54443359375,19965090
2022-03-07,619.2213712731186,621.1716748046874,594.8425771285076,597.2804565429688,28435880
2022-03-08,597.5729423460508,606.2859202953055,576.5974200197035,600.8738403320312,28857830
2022-03-09,606.4956639562623,636.2865390534473,596.9732925011505,631.1669921875,22801310
2022-03-10,662.5182055531342,662.5182055531342,633.9462080926248,642.1277465820312,20915610
2022-03-11,638.7243946786699,651.8889432712837,632.8783647132849,646.33056640625,12647710
2022-03-14,643.6975625226605,652.2789444197228,633.8485549379603,649.982421875,12668460
2022-03-15,651.1283232663432,658.2274568513586,644.0877559264035,650.08984375,14792700
2022-03-16,661.1528390591453,672.7961524994239,657.5789295785145,667.062255859375,16335960
2022-03-17,677.506177773639,688.1548178629234,675.7899012279738,682.0601196289062,16706780
2022-03-21,682.6062502937202,684.4346598927212,667.978973501712,669.96826171875,9620190
2022-03-22,669.9292231424744,683.5813470493079,659.8851724575827,681.2214965820312,12737960
2022-03-23,687.4820461764847,692.747889912063,679.6808314680991,683.0743408203125,11767500
2022-03-24,679.5832704026856,686.0728742730936,671.0262900894967,682.3673095703125,7837160
2022-03-25,688.3596903638615,689.1836650790523,676.7553599520786,680.0220947265625,7023730
2022-03-28,681.631049575568,686.0192322981575,669.929228981996,682.7427368164062,9369730
2022-03-29,686.5068076523997,688.4571110832304,681.094727535552,686.4434204101562,7159500
2022-03-30,692.3577286271326,709.369257707245,692.2602372615017,707.1654052734375,12722540
2022-03-31,710.6857353864359,726.0005109837977,706.0732864445207,707.955322265625,16330110
2022-04-01,705.0298895225706,726.3906188353111,704.0889013410718,722.4022216796875,8715130
2022-04-04,726.3905408753646,740.2279461789068,724.5377287978071,730.4520263671875,10497590
2022-04-05,725.0253218524612,729.4086241813975,714.7862285377996,720.4859619140625,10720820
2022-04-06,716.7365010409776,724.0501388067019,711.8607425304947,716.4390869140625,7670310
2022-04-07,712.8359327958591,717.3216070607565,708.9353257764564,710.9051513671875,7182660
2022-04-08,714.6204364544479,724.0501367213732,707.9601336831205,718.355224609375,8819730
2022-04-11,716.2537238367818,720.0519583282131,711.3730853641989,715.4345703125,5975080
2022-04-12,711.8559512708026,711.8559512708026,704.0596171964337,709.3742065429688,8055980
2022-04-13,713.1284779803021,719.6620067474355,710.1104118190075,714.6350708007812,6723170
2022-04-18,708.4964679956971,719.1743911992442,705.1906893910237,708.1015625,7582220
2022-04-19,711.8608544257476,725.8347971785034,697.331067973201,707.9163818359375,11911100
2022-04-20,709.4180005076323,711.3439013600519,678.7056016430413,685.7754516601562,15581810
2022-04-21,692.2602419781085,700.841565360923,687.218664643929,696.0730590820312,8753430
2022-04-22,690.407402483019,702.7918409566901,689.5687863068246,693.406005859375,8079870
2022-04-25,682.6061955541871,689.9149528436736,677.7304370145143,683.1425170898438,6849530
2022-04-26,695.3806727278468,708.2478069080503,692.0651925671144,706.0634765625,10124190
2022-04-27,692.3577565177061,692.3577565177061,652.2644010276789,654.7266235351562,39843570
2022-04-28,658.0324424522669,663.5908197825155,641.6499036251215,656.0480346679688,24990940
2022-04-29,663.1031983399257,665.4045422144205,648.5734132747672,650.6017456054688,13375170
2022-05-02,638.7244360040692,648.4613125493908,636.335302164162,646.1502075195312,12387410
2022-05-04,646.5158438332238,650.2117070268549,613.3704456493213,618.2218017578125,16491150
2022-05-05,624.0970812495169,633.5999297017474,613.3704126655408,615.26708984375,14860280
2022-05-06,604.6914793644264,605.086444328716,582.6530771571898,585.1202392578125,30648650
2022-05-09,581.2878454737553,598.2799097338141,568.7620517294195,588.6941528320312,19356480
2022-05-10,585.091008375019,596.1150909822608,575.3394915687687,578.11376953125,11779330
2022-05-11,580.8979060489681,584.7594688649682,559.4445676719399,566.2706298828125,18613390
2022-05-12,560.7121309849701,562.1504556874777,536.9087082733945,545.4412841796875,24940440
2022-05-13,555.8364192561585,560.6146859659484,536.3333870015564,537.8692626953125,21053150
2022-05-16,543.6471593957807,557.0018711979618,535.1633263499311,550.51220703125,14149550
2022-05-17,551.9358010471117,570.3661899424925,551.1556916772528,569.2252197265625,14017700
2022-05-18,574.3595486381888,580.868675214336,564.6129108369516,567.0703125,16550940
2022-05-19,551.0582186068518,560.224668672795,547.1576116883293,556.5191040039062,10650250
2022-05-20,569.4886433420047,569.6788050826059,557.006712377943,562.6235961914062,10986100
2022-05-23,568.0258762084044,575.9489839237577,562.7795551997091,565.0029296875,9680210
2022-05-24,563.9302518522002,568.8060106603958,558.2743835384013,565.4710083007812,10840690
2022-05-25,569.3910969888549,573.1649292768876,565.7635017435578,568.2598876953125,8675980
2022-05-26,570.463751447248,572.9454958887811,551.2922949799294,567.3237915039062,12595460
2022-05-27,575.3395086432954,592.5997058063017,571.5412736886083,584.4571533203125,16258050
2022-05-30,593.6723941370864,597.4755099017287,589.0989298898346,595.9347534179688,8174840
2022-05-31,595.8177000590567,601.5905815679245,586.6951747775706,593.1019287109375,15489660
2022-06-01,590.9419274644233,597.7679893328242,582.8725233768635,586.080810546875,8876200
2022-06-02,585.773630530914,592.8922259453001,580.137225208787,590.7322387695312,7508090
2022-06-03,597.2804034950074,601.473543811755,586.4562436635731,587.8409423828125,10434650
2022-06-06,585.8906916686109,589.9668189115934,576.4121855457125,587.1388549804688,7376570
2022-06-07,583.1407384396488,584.1110096560042,568.8693832526955,573.252685546875,8969820
2022-06-08,575.3395158128342,590.356876134686,565.8073839256388,580.6345825195312,13341460
2022-06-09,575.8271731477795,578.4210509063984,570.9514138493224,575.1981811523438,12376740
2022-06-10,568.0259386221638,569.0010904481246,551.1948085831134,552.6672973632812,21518910
2022-06-13,538.7762675999961,541.599351199043,519.2683504429968,522.5107421875,19327850
2022-06-14,521.4136020764989,532.5302952375872,515.2896211113336,524.2171630859375,18845410
2022-06-15,528.337196735611,536.3236918050865,526.2064925809577,534.8658447265625,16599430
2022-06-16,542.6718735813737,547.542751135325,512.4275319669598,515.2603759765625,21796860
2022-06-17,509.02917396024117,533.8955416537012,509.02917396024117,528.4883422851562,19379390
2022-06-20,529.3123290706662,537.3085848873983,521.9011999830822,533.4518432617188,11194560
2022-06-21,538.7713725896081,542.5744884388342,531.9453099504638,541.1263427734375,10023590
2022-06-22,539.4051890234362,539.4051890234362,527.0694961570272,530.4435424804688,8983460
2022-06-23,531.028614266632,535.8458661079251,521.0235481717509,531.2772827148438,11018570
2022-06-24,537.3086132450461,547.7085852126704,531.9452786300774,544.8904418945312,13049330
2022-06-27,555.8365588168276,558.2744384607611,544.8905030229848,550.1026611328125,10490080
2022-06-28,546.7675853987374,547.9377793752006,538.7713293312003,543.7689819335938,7395000
2022-06-29,534.870775434746,541.5993468273955,532.4328958748793,537.5817260742188,7559820
2022-06-30,539.5390240119594,541.7313075713556,526.2482302640612,528.5481567382812,11982750
2022-07-01,524.9760382649347,551.3961071399928,522.14267544793,549.4827270507812,12218900
2022-07-04,549.3358869220889,552.8641499402518,542.2990137856698,551.0388793945312,7898180
2022-07-05,553.945518701269,563.2431908349475,550.6619914998655,554.0531616210938,12284530
2022-07-06,555.9029779590735,581.2366998133176,552.5656289699796,579.06884765625,22229520
2022-07-07,580.859886581899,585.9393545338368,569.2133038835432,573.588134765625,13352470
2022-07-08,580.1747320813887,580.1747320813887,567.7452004832571,574.8114624023438,8032820
2022-07-11,572.5409112028325,577.8210298325401,568.9980132490815,573.6664428710938,7613370
2022-07-12,572.5213458181329,583.2626411555851,566.0815266420386,574.8457641601562,9754460
2022-07-13,580.3655799804043,585.1661435536923,574.1654792516913,575.3693237304688,8869340
2022-07-14,579.8812102459211,580.0720643947394,567.1286884599099,570.666748046875,6929200
2022-07-15,573.030190175602,580.1991963891522,568.9049337442023,578.9219970703125,5698590
2022-07-18,584.2755110058437,593.8863753273484,580.5026325319312,593.0740356445312,9664320
2022-07-19,591.1361994805629,596.8273558434488,587.4220409133387,593.6759033203125,9785600
2022-07-20,601.8041321617709,601.8628519166055,591.3369027819243,594.5029907226562,8270920
2022-07-21,594.9532799481199,614.9334701926327,590.7448113653197,613.3430786132812,13254930
2022-07-22,613.7442085580432,619.0292250454162,608.5277681373959,612.4963989257812,9532950
2022-07-25,610.7102894371935,619.9101157683294,605.3274263091413,609.43798828125,7240230
2022-07-26,616.5824901899174,624.7742242093346,608.0188444928352,613.1032104492188,15304060
2022-07-27,614.5272705920288,629.2469334165883,606.3061464076536,626.0123291015625,14449890
2022-07-28,638.3097051316591,695.8524949234042,638.3097051316591,692.5885009765625,64857820
2022-07-29,702.2188649870053,710.5378341192556,697.3253537327405,705.5562133789062,26067620
2022-08-01,709.6619990936387,715.431468974453,703.8827923662392,710.6358032226562,12270770
2022-08-02,704.8076092836476,719.9334108000954,702.9235595082451,718.553466796875,12491240
2022-08-03,716.9973391221758,721.9300373440043,706.4273653736548,714.0955200195312,12186210
2022-08-04,718.264761157869,722.7716662444248,705.1550244131456,716.0822143554688,9494810
2022-08-05,718.3627309406215,721.103085971566,712.1088076793748,714.9127807617188,7580780
2022-08-08,714.4527293826987,724.0440006520189,710.9294247483369,718.5828247070312,9574820
2022-08-10,721.2057644206698,721.2057644206698,695.3679992456617,699.7134399414062,19065230
2022-08-11,708.9719433281444,716.8994077656528,706.3636635662624,716.3073120117188,10270510
2022-08-12,714.6485114737183,718.6611674591828,711.7173025356359,715.3727416992188,10369410
2022-08-16,718.2697201532826,722.6738809833225,711.7221986632131,713.0923461914062,8044640
2022-08-17,714.4527249803182,747.5328529022196,714.0612201410228,736.6790771484375,23444140
2022-08-18,733.0480920263345,742.7176764436331,729.3681614726739,732.8768310546875,8353540
2022-08-19,735.0054663066153,737.8143372778617,711.6144562011592,714.6190795898438,11004270
2022-08-22,710.6357931272671,712.4757584294315,693.7874646591322,695.093994140625,10608620
2022-08-23,693.4106145804896,709.5592033463018,689.9851563574384,705.4193115234375,10886030
2022-08-24,701.2402490153404,708.2281982826726,698.793493087164,702.4049072265625,9530960
2022-08-25,705.9184442558753,708.482639578025,687.5481824325043,689.7062377929688,13542960
2022-08-26,696.8360989045892,698.9403329288097,687.6069425718782,691.16943359375,7591390
2022-08-29,673.4450941303378,686.6086532906261,671.5219773758337,681.6026000976562,9967350
2022-08-30,685.0916916167665,717.8782225727117,685.0916916167665,715.064453125,17313810
2022-09-01,707.4646917304764,717.7655567713447,698.9891565573539,702.83544921875,14625790
2022-09-02,706.3392678819539,715.7249896127089,702.0671821077249,703.72119140625,9063700
2022-09-05,703.7555488639396,709.9507518427957,700.5551728691541,704.2938232421875,7070250
2022-09-06,707.4794671247237,710.048560814784,695.3680254430104,696.7724609375,7919050
2022-09-07,692.7255330513543,705.4437657086096,691.9425830939139,701.3870849609375,7919940
2022-09-08,706.6231544132698,712.4415475274658,702.2189934785611,710.3079833984375,7722510
2022-09-09,714.4527052566185,716.8016147570416,701.2402237210509,702.79638671875,6496070
2022-09-12,706.3147787571437,716.4002989584937,703.4765181457437,713.1705932617188,8347160
2022-09-13,717.3888521932574,728.5460833383862,715.6663264284407,724.577392578125,13827000
2022-09-14,711.7270566950207,739.8989775941116,711.7270566950207,732.406982421875,14933880
2022-09-15,733.0431661406051,737.2417777419358,721.274246419021,722.89892578125,7174200
2022-09-16,722.7717439377876,732.0841118877466,704.1127797363613,711.9179077148438,11870360
2022-09-19,712.0059259331634,736.4196620668953,703.7799043977451,733.64501953125,16481170
2022-09-20,740.8727911024857,755.0688736681583,740.3883382112272,747.2783813476562,16134500
2022-09-21,747.7286001567734,757.0262725409217,742.4484818296529,752.6857299804688,12392620
2022-09-22,750.6647341167109,761.2347079955539,743.8138173777057,755.5142211914062,12810390
2022-09-23,755.0492714414521,756.6837473787502,731.5800081546605,734.7265625,14123310
2022-09-26,727.8609186085373,730.111921970512,697.7168994608259,710.4889526367188,18752050
2022-09-27,716.8995024726788,722.2774673403942,705.6493232502384,708.8594360351562,11428290
2022-09-28,702.6104736551979,714.2080731482938,700.7607117911587,704.910400390625,8690690
2022-09-29,715.6760704208147,716.1067018303753,693.7090897133094,695.343505859375,9696320
2022-09-30,693.0190616240102,720.5206315748303,687.7145119842414,717.9515380859375,16186650
2022-10-03,718.0739440594593,724.0440046493243,699.243719933247,701.90576171875,8201980
2022-10-04,717.8781867879388,734.5161270406927,715.0742140618062,732.9208374023438,11914950
2022-10-06,738.9202692054272,743.7159345817878,719.0428270020395,724.6458740234375,15100600
2022-10-07,722.8157215002357,724.9982683943597,711.7368035591758,718.87158203125,9911960
2022-10-10,711.0272218761828,718.1717367284397,706.7209078564744,713.8067626953125,6531130
2022-10-11,715.1377581578158,719.590841523835,701.983997305189,704.939697265625,7322060
2022-10-12,705.1550751363709,710.3911090520953,699.282860770211,707.2299194335938,7407310
2022-10-13,706.6720917430339,707.2103661432293,696.3174031010327,699.9337158203125,6086550
2022-10-14,714.4527229946394,718.8568836158393,706.7209504544325,711.7612915039062,8390120
2022-10-17,710.0437089338417,721.5287675205819,706.3295499678895,719.855224609375,6174010
2022-10-18,724.2397466690771,727.1758537501679,716.5079741281039,723.3001708984375,9069750
2022-10-19,725.9035562766416,728.1545597697395,719.3462384822024,722.3214721679688,6271770
2022-10-20,721.2987143332386,729.0353848756157,710.6357334004081,727.4107055664062,10260540
2022-10-21,733.0480810467761,733.0480810467761,700.0706972552199,703.9561767578125,23869600
2022-10-24,715.4314254183702,715.4314254183702,703.6869970941287,705.3018798828125,2278840
2022-10-25,708.8300802837163,708.8300802837163,693.8999710502121,695.1624755859375,9098990
2022-10-27,703.2954247048099,705.6443340381475,678.338516912892,682.2631225585938,16414580
2022-10-28,685.0916762100563,693.8999977613284,683.1342714208847,685.7620849609375,8396690
2022-10-31,694.2914536747905,699.733036215717,689.5936347237107,699.1947021484375,8189860
2022-11-01,704.3672437064422,708.1890455853996,700.7509311046479,705.5955200195312,7627420
2022-11-02,705.3508533915959,708.5805594642021,698.7984334531818,700.3790283203125,5859140
2022-11-03,695.3680560787087,704.1763776898395,694.1055514858048,696.99267578125,6323130
2022-11-04,696.9927016942594,707.1027146007792,696.9927016942594,705.8402099609375,9219250
2022-11-07,709.3733160859133,709.6228899879677,695.9552840732302,703.6919555664062,7224940
2022-11-09,708.0911652383268,708.0911652383268,696.3125084898497,699.1849975585938,6896340
2022-11-10,700.5551696052132,701.2402732358162,681.6222002519708,682.6547241210938,10081820
2022-11-11,699.6743212253087,700.5404226117472,684.6022814144364,690.1270751953125,12333420
2022-11-14,690.4647580013466,695.5638190941011,685.1944359328196,687.6167602539062,8550600
2022-11-15,688.5318601226924,691.1988003725918,683.2321481894604,687.6118774414062,7195210
2022-11-16,686.1682779333973,688.5024928823645,670.6656642578454,674.8202514648438,13362040
2022-11-17,672.3685969982783,680.1982167595392,668.649539558731,674.8202514648438,7339440
2022-11-18,676.2735324413579,678.0449813189969,660.6240913028029,664.6857299804688,13276890
2022-11-21,660.3305474190596,660.3305474190596,646.9565403620172,653.6851196289062,10717480
2022-11-22,653.79763702422,658.446473014442,651.8451306871466,654.2673950195312,9587690
2022-11-23,657.5411220946152,666.0069209575355,654.751844409392,663.5650634765625,8936670
2022-11-24,666.8828431820414,669.4176485746351,659.3810521554238,662.7135620117188,7546110
2022-11-25,662.5814747649592,663.3644246787838,653.2838026670757,660.37939453125,8590580
2022-11-28,658.5688843784569,668.7278203087525,658.5247997600349,663.3106689453125,6040540
2022-11-29,663.0708355059365,666.3886507757769,657.7858189745936,659.0728149414062,6818600
2022-11-30,659.1560503356278,661.0351421719611,653.5774348445341,657.7809448242188,14828310
2022-12-01,661.0743394133837,662.5815195928475,656.4157064683546,660.4039306640625,9816160
2022-12-02,658.686341811528,659.8363052428726,650.5435302618037,653.3572998046875,14386020
2022-12-05,653.2398060373021,655.6327404963107,649.0754226808698,651.8598022460938,10292500
2022-12-06,653.2251392653227,659.1560734836496,649.0754506023685,655.5886840820312,8409800
2022-12-07,658.1724443382834,658.1724443382834,646.0414093688976,648.409912109375,9610270
2022-12-08,653.773171349387,653.773171349387,642.0287431215537,644.177001953125,11377840
2022-12-09,646.1883102613832,647.705287153264,635.1779073981639,637.8644409179688,11312920
2022-12-12,636.9492907059677,639.9735073302305,625.5865704611566,636.792724609375,11000480
2022-12-13,636.8416451678178,650.6413247137243,636.8416451678178,647.9107666015625,9586360
2022-12-14,651.6199528361291,654.6098810725446,648.5468134029156,651.345947265625,6782830
2022-12-15,649.0754814679337,657.100853562861,646.3351265352227,648.4295043945312,8577060
2022-12-16,644.964890698969,655.2706557892815,642.0287834575473,645.6401977539062,8802330
2022-12-19,645.9533264208217,656.2199041783662,645.6499310916704,654.458251953125,6595590
2022-12-20,651.8157688899261,655.6180370994242,644.4755012222467,650.1372680664062,6077160
2022-12-21,655.1335878609282,655.1335878609282,636.6458859225061,638.7696533203125,6223900
2022-12-22,643.0074559812741,643.4968071654304,627.0546193248317,635.241455078125,8497060
2022-12-23,631.2630617441638,632.8289617241558,620.5022334006942,623.8836669921875,9943030
2022-12-26,623.88851830901,633.2106223289388,616.5824790005174,629.667724609375,5305350
2022-12-27,632.8290033079081,639.092723109981,629.3056982537792,636.6165771484375,7810350
2022-12-28,633.7097398958498,643.0074117553255,632.6380895491765,633.8173828125,7559340
2022-12-29,630.2843621897212,638.1629047700416,626.604431511221,637.223388671875,5218800
2022-12-30,641.050069304122,657.6782134525532,637.6246109185274,643.5164184570312,15202660
2023-01-02,642.5180933674214,646.9222539464822,634.6639831073294,641.4170532226562,5793400
2023-01-03,642.5181502963871,651.8158234537607,639.0926917647233,646.5552978515625,7420810
2023-01-04,645.454195161661,649.6626032892054,641.0500346184806,643.1052856445312,6712530
2023-01-05,635.1778622902084,635.1778622902084,589.6730986450176,597.0133666992188,51023000
2023-01-06,599.9445084635712,600.9183124709199,581.5057308922096,585.3031005859375,29319220
2023-01-09,589.1788380371516,594.8552999449439,582.8172725101724,586.5706176757812,14005480
2023-01-10,587.1236141588697,588.6895141594558,574.9876800809316,577.840576171875,11203750
2023-01-11,580.3704761182066,582.230034421454,574.0627324936836,577.0184326171875,11088910
2023-01-12,578.075476851971,583.7861669486476,573.2259898842042,577.27783203125,14769490
2023-01-13,579.391717483348,585.753281948959,574.6939587480992,585.0486450195312,11084900
2023-01-16,587.2213961878947,594.2875983157693,584.7306154916009,588.2882080078125,9083390
2023-01-17,589.1739324392914,589.1739324392914,581.3492117169716,585.7484741210938,8170050
2023-01-18,587.608035368633,592.0170943754554,585.7533752406853,587.0892944335938,7962810
2023-01-19,585.5575948275483,590.1232794488881,583.3702094462393,588.4398803710938,5481420
2023-01-20,588.4448003833496,589.1543357080062,571.2881191520584,573.5587158203125,8330900
2023-01-23,575.5748236559415,580.8598401988603,571.6600142864462,573.8131713867188,8560640
2023-01-24,576.6856971042962,579.4896699361568,571.8215748257971,573.03515625,6081450
2023-01-25,572.5457452129793,573.0350963641953,565.3963320619442,567.24609375,8278370
2023-01-27,569.1154331735135,573.6713214189587,555.9029510620045,563.8010864257812,16213520
2023-01-30,564.716101998729,593.7003598550074,564.716101998729,589.3549194335938,24481600
2023-01-31,592.1149504400433,592.1149504400433,574.8898121395254,576.1033935546875,19967880
2023-02-01,581.7407489043322,585.3031803545238,558.7314451929387,569.3307495117188,26348660
2023-02-02,569.5069265194561,569.5069265194561,552.4774815810504,559.5877685546875,20250440
2023-02-03,564.7112942924149,590.1575571201494,562.4651889725304,588.6160888671875,14868920
2023-02-06,587.2214324774193,599.3573659760539,582.8759914876763,597.4194946289062,10738200
2023-02-07,599.2545179756123,605.0337838257294,597.0084128857887,602.9344482421875,14721930
2023-02-08,603.3699934742979,624.1184950590691,603.1547076321096,621.637451171875,19032080
2023-02-09,623.912964823101,634.9625528203388,620.0324433744993,631.7523803710938,18381540
2023-02-10,631.6496089301903,638.857742027803,628.3268954069562,629.8438720703125,12912820
2023-02-13,629.7900834564427,633.5287337175622,616.29379913628,621.0355834960938,7365570
2023-02-14,621.8479835792932,633.4504823095197,617.5612619583528,632.1145629882812,10340900
2023-02-15,631.2630622354613,635.7650694828835,626.1052813558682,635.1729736328125,6189790
2023-02-16,636.645914968912,638.5788283262533,628.3269445196642,630.0200805664062,5290480
2023-02-17,627.3482533873623,633.7881320590823,623.1887680879921,628.0039672851562,6160440
2023-02-20,628.8162288585465,630.6317025129678,620.7908580373489,623.1788940429688,4657320
2023-02-21,625.8800910430135,627.1768834758045,621.6716833004848,624.338623046875,4485090
2023-02-22,619.6163791647048,622.4546396231223,605.3273500108509,606.6632690429688,9347000
2023-02-23,608.1656781546596,612.9074624764158,599.2252224243927,607.0254516601562,8097680
2023-02-24,612.0560520620952,615.2123436073689,606.7955263298005,610.3433227539062,6077610
2023-02-27,608.2634688462557,610.808070887797,600.433850582748,606.2571411132812,5950040
2023-02-28,608.7528027828859,611.3561244984173,596.0296734642725,598.192626953125,9778520
2023-03-01,597.0182155721344,607.1820487875185,597.0182155721344,602.3765869140625,5448040
2023-03-02,603.3895685598275,607.7350092148797,594.0772017239115,595.3446044921875,5822980
2023-03-03,599.1420324878862,601.0211243838905,594.365959961799,597.0133666992188,7120370
2023-03-06,600.9232965800174,605.1317051139013,598.9707899961717,600.4192504882812,6084770
2023-03-08,599.846725485788,599.846725485788,585.7533870168451,586.9131469726562,13427950
2023-03-09,587.2214333068906,591.1362428622699,576.4655036111266,577.5616455078125,9408580
2023-03-10,574.0089887405788,576.2012726778719,565.7878642404728,574.9044799804688,7708610
2023-03-13,574.4004511522413,582.0832409469738,568.723929555729,570.930908203125,7933560
2023-03-14,571.5621795988573,572.540881961184,559.4409412837994,560.9481811523438,13725650
2023-03-15,567.6473915642076,569.604796362705,557.9582139175446,559.6954345703125,6794730
2023-03-16,560.7671242081201,563.2432701241614,554.434947915443,559.3382568359375,8849630
2023-03-17,561.7801092658659,569.2867403939596,556.695742827576,561.0264892578125,10471510
2023-03-20,561.6773030883677,561.8191743092808,536.8867558136374,543.2581176757812,17127560
2023-03-21,548.2494531685928,559.3283704925099,546.7177816631361,558.8488159179688,11301140
2023-03-22,562.7342566338682,573.2259768610928,561.2857962748907,570.9945068359375,12425340
2023-03-23,568.5771331255447,577.434377304952,564.9559225411585,570.8819580078125,10544190
2023-03-24,568.0290912770071,570.5589987103803,550.735377133492,552.8934326171875,12780420
2023-03-27,557.6646663204469,560.307174987966,546.5613152549636,547.3931884765625,11187430
2023-03-28,550.1334335267139,550.4613202996982,540.5079347015015,541.6578979492188,9481360
2023-03-29,544.3689616154563,552.5753307590757,543.6691631417632,550.5396728515625,11096120
2023-03-31,557.2730963246587,557.2730963246587,546.7226571831748,549.7125854492188,12678280
2023-04-03,553.4562003699883,561.1879731286748,551.2247302526042,559.3333129882812,7453860
2023-04-05,570.7791733988241,582.0391477464069,562.0833942089848,563.8597412109375,24333290
2023-04-06,563.8303756628243,583.2087291466088,558.4034880916219,580.5857543945312,17405020
2023-04-10,581.8336833663823,584.2755410959469,568.7239454936597,570.466064453125,9282570
2023-04-11,573.3238163693302,575.4769734551579,568.7385983154792,571.3419799804688,8116200
2023-04-12,571.2685629630068,575.1588808374327,566.2771452301637,573.2210693359375,10230690
2023-04-13,573.2210977757868,581.0556151086043,572.5800190437939,577.8699340820312,8330060
2023-04-17,587.0256734871151,587.0256734871151,577.434402144311,583.4485473632812,6728570
2023-04-18,584.7745989275295,586.6341571111042,574.5227166730655,578.9660034179688,6408890
2023-04-19,578.9660709327779,583.3066135620722,575.4769945880847,582.1077270507812,5549280
2023-04-20,583.3066112487933,583.8889104847533,576.0788847044545,578.6773681640625,4367310
2023-04-21,578.7067781179672,581.8386380748418,570.3878068418761,581.1437377929688,6431010
2023-04-24,581.3491767415604,583.7665427934754,575.1833640868058,580.7374877929688,5448920
2023-04-25,583.296816343106,596.2940124986391,580.2432697254089,594.586181640625,14944750
2023-04-26,597.0084784744471,598.9462901581479,588.5231451865916,592.697265625,9740070
2023-04-27,594.5617361684132,612.1245587367134,593.6808800725795,606.8004150390625,28271360
2023-04-28,611.0919898788582,616.1909910188438,598.0849970927169,614.6348876953125,14896680
2023-05-02,619.5186041421455,619.9737270305951,609.2226360291153,611.6057739257812,9912540
2023-05-03,610.5194173962602,612.1783250616598,602.4842495306485,604.862548828125,6682510
2023-05-04,606.501907831074,626.2717088645496,605.0485490589541,625.4153442382812,12451410
2023-05-05,624.4072538171661,631.0673167039447,619.6801043410086,625.3761596679688,11600400
2023-05-08,625.8263293589118,655.2510178067988,625.195047229904,651.6151123046875,22247350
2023-05-09,650.8370416925395,659.6306676863165,640.267068601575,641.2702026367188,21307700
2023-05-10,645.0578593114856,652.3051795896015,638.6033453596624,649.0265502929688,8353210
2023-05-11,651.7179113738617,653.7731623914714,648.3902995274698,652.1533813476562,5674940
2023-05-12,650.8371076550015,659.0239438199684,646.403557030685,657.1399536132812,9120780
2023-05-15,657.1399362139612,660.6241143386928,654.3408617104092,656.9343872070312,7390760
2023-05-16,657.6879981439181,670.3132827166747,655.7305933875374,664.0104370117188,12651330
2023-05-17,664.0495743774051,666.5403552444457,652.0115468773782,656.224853515625,7407850
2023-05-18,661.5832439363161,668.5173720990756,660.1494783402018,664.480224609375,11067180
2023-05-19,665.5176189289059,667.4750236904615,656.9050499251118,663.9712524414062,5928340
2023-05-22,663.971241193794,667.2792599636056,661.7887540369114,664.83740234375,4197920
2023-05-23,666.5011975466866,672.7551198893826,661.318985337812,663.614013671875,7901960
2023-05-24,662.483608229552,670.2691419868875,658.6421539285506,664.1424560546875,5539360
2023-05-25,663.3644143921524,670.2153305685679,660.2423516309188,669.544921875,5302600
2023-05-26,670.0783312595356,677.2620328627172,669.5498534900269,675.7450561523438,6940730
2023-05-29,679.239051086395,682.3415209334593,675.4808076293597,678.44140625,6407280
2023-05-30,680.0024340939708,686.9267657096175,678.2456799639937,685.6593627929688,8819230
2023-05-31,685.5711572910886,687.6362047857059,677.9764179660775,684.0982055664062,21476270
2023-06-01,687.4405358941551,690.6995716219058,680.305757725554,689.0553588867188,5900260
2023-06-02,692.5053556361744,694.8786969851645,685.5810242790251,687.4307861328125,6642090
2023-06-05,691.9426787580379,694.0566499089182,686.3689607616212,689.3197631835938,5771620
2023-06-06,687.5383812494981,698.0105080426257,687.5383812494981,696.2439575195312,6905860
2023-06-07,696.8360282384423,698.8912791467321,691.1595669217515,692.9163208007812,5344830
2023-06-08,692.9212589814432,695.9552123512448,684.6169839359011,686.0801391601562,4553600
2023-06-09,686.3395638023231,693.165989290931,686.2710474646603,688.7276000976562,4473610
2023-06-12,689.999890771166,695.8574103318017,689.1630595944649,694.6536254882812,5132550
2023-06-13,694.8786727443351,704.6656963041144,694.8786727443351,701.4114990234375,8001340
2023-06-14,702.904100133321,702.904100133321,693.1219740830942,694.5704345703125,4015200
2023-06-15,694.3893214679647,698.9598447438638,690.572358386091,697.4819946289062,4370180
2023-06-16,701.7295221214733,706.4860007801474,697.9125594041202,704.9788208007812,14148580
2023-06-19,705.8353424199137,724.1272941653982,704.8859699517261,722.8892211914062,11845900
2023-06-20,721.9055326960362,721.9055326960362,704.7635465008512,709.4417724609375,8638260
2023-06-21,712.0059533025549,713.0727651380922,702.4146823047734,705.267578125,5468040
2023-06-22,704.6755704976416,705.071913933135,687.0491295674786,688.02783203125,8271940
2023-06-23,687.1420188446704,690.4745291216444,680.7951482465402,684.0787353515625,8152260
2023-06-26,684.1128892695089,688.5170495008576,679.7087290381602,684.96435546875,5635390
2023-06-27,688.0278250928081,688.0278250928081,680.589710337259,686.9757080078125,7097890
2023-06-28,690.4108862530687,697.3254207088762,689.0064507776124,693.9195556640625,7097820
2023-06-30,697.8313400688565,707.1685199711864,696.966417552462,703.7874755859375,8879080
2023-07-03,703.7874797566218,722.8943009327068,703.7285104932944,720.7319946289062,12092270
2023-07-04,751.88870402524,778.4259524026015,748.2177323970838,772.572998046875,41622080
2023-07-05,774.4895681685151,786.2789813577606,764.6658770281854,770.440185546875,19786660
2023-07-06,764.2727186407768,768.9904996112755,760.2430123833092,763.314453125,10459840
2023-07-07,758.7687959554335,761.609279031973,747.5248621753906,749.171142578125,10949150
2023-07-10,749.171083989112,749.9180679912869,730.4918047866388,740.413818359375,14515180
2023-07-11,743.7309014597392,754.837218325305,725.4496515849798,731.6417236328125,16750430
2023-07-12,734.1873995536492,737.932097925005,727.1353831967821,730.4574584960938,11317550
2023-07-13,734.192296237057,739.3965287777767,728.8897415964187,734.6493530273438,7470520
2023-07-14,734.5903601725157,739.0033966131103,727.3073263229855,735.4110107421875,7266000
2023-07-17,739.1115029002253,741.2738091884404,731.4451987775332,738.2219848632812,5067440
2023-07-18,739.1115084337096,742.5515221032813,724.6732772324294,729.2828979492188,13097090
2023-07-19,731.4402158751654,746.8760639760839,730.2656898348179,745.4705200195312,9759430
2023-07-20,742.1582931032541,750.6256907352445,737.3423103524459,746.64013671875,6494360
2023-07-21,746.6401983233461,752.6455249263269,740.3990546558612,745.1806640625,6733940
2023-07-24,745.1708736945324,751.377644018967,743.0773747259717,745.1659545898438,5843420
2023-07-25,751.8297086730216,751.8297086730216,741.1803879587583,747.6083374023438,8508690
2023-07-26,750.4143640175579,760.1447117902325,720.5353659994872,730.5753173828125,22288660
2023-07-27,744.8023068004162,744.8023068004162,714.3139956394706,715.9258422851562,21471720
2023-07-28,719.3560678910707,726.7864954571442,708.6428578338721,725.5087280273438,10070500
2023-07-31,721.9114878237364,724.3588023979559,715.6260718067635,717.5181274414062,7493150
2023-08-01,717.5181105728204,720.4371792163602,711.9845978351018,714.510498046875,7527650
2023-08-02,716.5057764986868,716.5057764986868,702.25428986051,707.9990844726562,8985360
2023-08-03,705.2027857123293,710.0482833687785,689.7767747202533,698.6520385742188,10818980
2023-08-04,701.664512483502,708.1513712782062,695.0105241217602,702.6178588867188,7313490
2023-08-07,703.9251098152594,705.9645585318285,695.0400073559689,700.0084228515625,7184090
2023-08-08,701.2713563067706,708.1513836286309,696.3718083899386,705.065185546875,8073620
2023-08-09,707.6599601530661,709.0359896267727,696.8484885396165,700.3228759765625,5115720
2023-08-10,697.8362382806704,705.1045146677521,697.0450423639552,702.1411743164062,6161300
2023-08-11,702.1411924463758,703.6302413167834,691.0544911395605,693.9588623046875,6303960
2023-08-14,691.9341816446553,693.7918034330971,682.1596212691817,689.7767944335938,6937850
2023-08-16,687.413024522798,687.413024522798,680.1398289459536,686.1844482421875,5987950
2023-08-17,689.9684582272515,689.9684582272515,678.4689719256485,680.4592895507812,7101180
2023-08-18,677.5352347573648,679.7270556718191,672.7683827031633,674.4490966796875,7455330
2023-08-21,668.4438155557407,694.194788583179,668.4438155557407,692.7401733398438,12308310
2023-08-22,693.0202468025451,703.0896538288353,692.9170655850274,694.8778686523438,12487800
2023-08-23,697.831294611338,702.647337400764,688.2975311237628,699.4481201171875,8032480
2023-08-24,702.7456413965523,706.2789980295165,699.8953203938586,701.5121459960938,9103600
2023-08-25,699.3056499010353,715.3361115209885,697.9296204101663,708.790283203125,13032760
2023-08-28,710.112247079373,713.6554422553148,701.5761005677815,711.1589965820312,7036260
2023-08-29,712.5741761632881,718.5646847529691,711.1981468619654,716.8348999023438,14183050
2023-08-30,720.0439541183439,720.5256064055308,713.3605112278502,714.3532104492188,4602680
2023-08-31,715.5228630473491,716.0142935851563,701.271377450939,704.0233764648438,14129800
2023-09-01,704.568825841598,720.3781671361232,703.2370683398489,719.5132446289062,6760760
2023-09-04,724.3685901229878,724.3685901229878,713.3998872566182,714.5645751953125,5813630
2023-09-05,715.8176760568741,723.2333457303056,715.5228297457282,721.9212646484375,12213530
2023-09-06,718.9923605354162,727.0223183811021,716.57450079726,726.1181030273438,6051570
2023-09-07,725.3514557148218,726.1181161294404,717.8522210957714,723.7002563476562,5496220
2023-09-08,726.3343420958458,732.2265895035728,724.3686199250857,728.3639526367188,6246420
2023-09-11,729.7743231295806,731.6417831035902,723.5823105675087,726.4964599609375,4068490
2023-09-12,729.3811789865681,733.1160990588614,718.0291455802006,730.3935546875,9635170
2023-09-13,730.1969942965935,737.9567019251258,725.4153846140603,734.7771606445312,5798460
2023-09-14,734.7771404974575,738.2957399683924,729.9758545279457,736.5855712890625,6503720
2023-09-15,737.0475487161664,743.5491651694223,732.7769861244444,736.379150390625,7874940
2023-09-18,736.0548581655213,743.0429861377711,733.7058057564102,741.9274291992188,7066180
2023-09-20,736.0302646964345,751.5938917400225,735.4749457779039,740.97900390625,8441900
2023-09-21,740.0944161907495,745.3674564502168,729.7743745307191,735.5928955078125,6757250
2023-09-22,736.5511705751435,744.7138243392303,732.585292672434,734.3298950195312,5263040
2023-09-25,744.5172422553719,771.5360828084068,738.128645457141,768.5825805664062,23475330
2023-09-26,768.5875295240287,776.4553373010369,764.1744928548624,773.5755615234375,12468200
2023-09-27,772.0373533549691,772.0373533549691,761.0047620846428,770.322265625,7441100
2023-09-28,767.098494220037,769.4819803825089,758.5771052667251,760.63623046875,7775050
2023-09-29,760.6362161489837,771.3493659605126,759.2601866371162,767.688232421875,5730050
2023-10-03,764.7445331288019,783.8808087410229,762.2087348542022,783.1043701171875,9445550
2023-10-04,788.7460743937166,790.5152124693063,768.5974207799208,771.944091796875,11763840
2023-10-05,777.9197549651649,777.9197549651649,769.2755089251057,771.6343994140625,7950610
2023-10-06,771.5459008326166,805.1597597202094,771.0544703225321,802.8549194335938,21450340
2023-10-09,796.3189833524876,799.5574938354318,788.0580071260307,789.0114135742188,7478000
2023-10-10,791.6946467766571,799.5575358818257,788.3528949113273,794.505615234375,9650240
2023-10-11,800.0292458737603,803.292351870987,795.6702593662415,796.3091430664062,7123720
2023-10-12,798.5746151231598,798.771199333929,786.5836981351871,787.6943359375,7640920
2023-10-13,786.2446277347174,794.4367361901758,781.9691461754835,791.3652954101562,6622820
2023-10-16,790.6429399396683,793.0706380278549,784.5836229119813,789.8271484375,4382460
2023-10-17,794.1517359799951,801.9163623447378,791.9452177008106,795.429443359375,8382830
2023-10-18,791.203165040366,794.6038859544963,771.5459435486799,773.172607421875,15446420
2023-10-19,770.8874427916575,778.7208167548939,759.8498721405794,770.7154541015625,10614530
2023-10-20,767.6145212485104,769.8112014157794,759.0144865994394,763.6044311523438,7711530
2023-10-23,766.6316598942002,774.9761410555649,762.8329113315672,766.5235595703125,8822300
2023-10-25,766.5235597756805,772.2290612781165,754.4441584305865,756.257568359375,7087740
2023-10-26,749.4413589794999,752.4783659091361,727.4350865492486,729.4597778320312,13246300
2023-10-27,738.1237043298709,741.9618053942811,728.9486751442469,737.8533935546875,9119440
2023-10-30,737.7158063688406,739.7847095217854,722.6485308464648,737.4454956054688,7992760
2023-10-31,744.0060786412378,744.9791014042894,733.2634154267498,736.42333984375,7494100
2023-11-01,739.1115315593637,741.9618526846792,732.9834071279228,734.3839721679688,4627780
2023-11-02,740.094439434951,748.448759136408,728.4180442766116,732.14306640625,8550300
2023-11-03,739.8978052964578,740.8757472670019,724.6094084728142,728.447509765625,11387550
2023-11-06,732.8211637315899,744.2174686272203,731.5041635385168,743.2444458007812,6340430
2023-11-07,750.905833671463,750.905833671463,731.8383055223945,736.7133178710938,15630070
2023-11-08,739.7995116452654,740.684050581649,727.9707455174951,733.2094116210938,9167170
2023-11-09,735.6714895653901,735.6714895653901,724.0442266474618,726.0099487304688,7717910
2023-11-10,724.3686162642364,732.6246733353358,722.0539976163698,731.7203979492188,4962610
2023-11-13,732.0153451214284,732.231545776428,719.3560889000194,723.4693603515625,7322400
2023-11-15,731.1896917795068,734.8066134419056,699.7135409424723,710.04833984375,19234400
2023-11-16,682.5527843702537,725.4202592853391,681.2455623823744,723.6265258789062,45570430
2023-11-17,701.8119185583575,713.5571200669164,698.6225392602149,709.7239379882812,20800340
2023-11-20,702.8439440356434,711.4931696505621,692.9269091951338,694.7451782226562,19029400
2023-11-21,696.3570958980997,700.6669514603798,690.9513597972675,698.1409912109375,16662250
2023-11-22,696.4996075368289,705.4829121944503,694.4404823849223,700.6177978515625,10414040
2023-11-23,701.2713784187505,703.7285311111779,693.5067519150485,695.2415161132812,6061580
2023-11-24,698.6175771118333,699.4824995789621,689.0838135462589,690.0470581054688,7264990
2023-11-28,691.4428000772065,701.2714113078704,690.9415313061895,700.5391845703125,7281580
2023-11-29,701.1730640755618,704.5737247555516,699.2122611721935,700.7897338867188,6824300
2023-11-30,700.9764638377694,704.0822781433823,696.420893591343,699.9837646484375,12719340
2023-12-01,703.7285030863769,715.5080782273926,701.959365216098,713.4932250976562,9004770
2023-12-04,721.4200222894307,729.282910815746,718.9677887294124,728.069091796875,11014260
2023-12-05,730.2658050482348,731.2486661586631,719.4592519382021,722.3832397460938,15222420
2023-12-06,726.3343377248962,733.1161031688389,723.8821041307565,729.9807739257812,7018000
2023-12-07,726.3343319783361,731.2486373367823,720.0439971238934,726.4522705078125,6688620
2023-12-08,726.3883501011073,727.1304149766302,714.9331360101247,718.2355346679688,11443880
2023-12-11,719.9457037997088,722.6682480467596,714.5448872440508,716.7760009765625,5900550
2023-12-12,715.522838440311,722.7960341453627,715.522838440311,718.9186401367188,6333120
2023-12-13,717.4737443558236,717.930801097968,708.34790672638,713.3604736328125,6829550
2023-12-14,724.2211369087137,738.2515023197068,717.4984009557617,734.6099853515625,17295670
2023-12-15,739.9814141987059,739.9863333035007,731.7401139948823,738.6250610351562,11739380
2023-12-18,741.8635855466194,747.9573366869581,739.7012790143594,745.7557373046875,10827980
2023-12-19,751.004183384993,751.0631526546389,740.5858791536476,750.1835327148438,7914080
2023-12-20,751.8887366664908,756.3116115880583,733.2291332003232,736.5512084960938,8745460
2023-12-21,729.9315570972,734.8852151557384,718.0291242426829,724.0885009765625,9130820
2023-12-22,729.1797400171289,731.2486433936659,711.8862681231952,717.0266723632812,11294850
2023-12-26,719.9457592142014,721.8132193088195,702.2788548523249,703.95458984375,12258440
2023-12-27,709.6159208055702,719.7885698264585,706.7656594290144,710.8838500976562,16052790
2023-12-28,715.0314259186323,716.5057175184645,707.6599679194711,713.4244384765625,18560640
2023-12-29,710.7707237178988,721.7148916328167,708.1661778039236,720.216064453125,9128020
2024-01-01,721.1202856639225,721.1202856639225,714.8348697006603,717.395263671875,3314890
2024-01-02,719.847468512748,731.7499016209704,715.5277749325007,730.2706909179688,11129900
2024-01-03,731.735166070884,735.7550943443438,724.1917191651114,725.8232421875,5534050
2024-01-04,743.042974950916,760.1398625988384,743.042974950916,757.3485107421875,29118790
2024-01-05,760.2382012165224,765.5505946723538,754.1592072370443,757.8989868164062,10526010
2024-01-08,754.542464206798,769.5802267547648,750.050781866002,760.34130859375,11212090
2024-01-09,764.0762135726662,767.6144894001341,756.6064335082319,759.3043823242188,12470830
2024-01-10,758.3755831434762,760.2676387082789,752.8715851069942,754.891357421875,5590720
2024-01-11,754.8372905618107,765.9731231166501,751.9918886098676,753.829833984375,6517410
2024-01-12,755.2304407050533,758.6655352114964,748.6452597952739,752.9747314453125,8086380
2024-01-15,756.6014199990653,756.6014199990653,732.6245681765367,734.9833984375,9972200
2024-01-16,734.6886424421757,748.3995662287116,730.0593452529267,732.8850708007812,11947230
2024-01-17,717.812919206714,735.0031491757079,717.704758900756,723.272705078125,13802710
2024-01-18,717.0953951858676,722.5748575152852,711.0017046917606,714.1026000976562,16869960
2024-01-19,723.3857730398738,726.2164178204606,713.6800196312206,719.3658447265625,8308100
2024-01-23,722.6878468555501,722.8942692626915,692.189701061125,694.9515380859375,25332970
2024-01-24,698.2245168155032,698.2245168155032,687.6882151214234,693.43798828125,20636750
2024-01-25,693.4379893694312,700.3671478137676,691.5410147416874,696.4061889648438,11683490
2024-01-29,696.4062332627536,710.1122387539544,696.3669404140974,706.8392944335938,18603610
2024-01-30,686.8724880104904,686.8724880104904,668.8370099737674,670.0360717773438,41531470
2024-01-31,670.3111968641541,680.2380688924657,669.5249200679934,674.5276489257812,18105120
2024-02-01,674.8225910845564,676.2034796580575,661.7603294073136,662.772705078125,19111370
2024-02-02,663.9226627202323,679.1570095332058,663.7260785054747,673.0927734375,13675080
2024-02-05,677.5845126869691,677.6827748080586,648.6883703746464,649.4943237304688,17712220
2024-02-06,653.4060791870774,658.4187070352854,642.2997602125877,648.5065307617188,24395330
2024-02-07,652.7180227774293,662.2124944556805,651.1700645592856,659.421142578125,15382370
2024-02-08,661.6473291083109,662.2026480141866,642.4667808690072,646.2950439453125,21932090
2024-02-09,646.7225947842619,656.3251667939016,645.9363179130393,654.044921875,12098740
2024-02-12,655.5143147613855,655.7501918311712,643.9214846853449,645.6561889648438,5447840
2024-02-13,648.6883234036575,652.5215056739477,644.078702463544,649.0470581054688,9480140
2024-02-14,645.1352451669485,654.1922759419431,643.7739730455389,653.2586059570312,6361260
2024-02-15,653.2094769598568,656.2956752768878,647.2779364903729,650.5950927734375,8808590
2024-02-16,653.6075263952281,654.585468354379,648.8848861833428,650.5753784179688,10294310
2024-02-19,653.4945276218444,669.0237209195608,651.1749898358404,659.7750244140625,13158810
2024-02-20,659.686508485121,667.5592350692423,656.6740369767329,664.7678833007812,11067090
2024-02-21,667.3626252745478,667.3626252745478,655.0817817632093,657.4160766601562,8549440
2024-02-22,657.637262592259,659.1901999401261,644.8551490812519,656.0548706054688,10223740
2024-02-23,655.9615296677557,660.3844046685416,651.892470269653,658.3056030273438,12803110
2024-02-26,657.5340111413677,659.3031489493143,651.0667689433652,652.9391479492188,8920560
2024-02-27,651.7351683564591,652.8163515548347,637.9849512302274,644.3883056640625,11503060
2024-02-28,645.936322201085,648.3688794101897,636.402557602886,638.73193359375,5353210
2024-02-29,638.7614436129006,642.6928879558288,625.7090195996204,638.4026489257812,16990980
2024-03-01,640.0145513455743,649.5433967085272,639.0661239978897,645.8822631835938,9190800
2024-03-04,647.5088966603577,652.6148673995442,644.5062631244532,648.9291381835938,3971180
2024-03-05,648.9290775869724,652.2511526758622,616.4504515657954,621.5858764648438,17175580
2024-03-06,622.3967461891045,623.7138063622585,608.174775903946,620.3081665039062,21047920
2024-03-07,624.1167670191805,635.7734846798294,621.6989072390697,631.0999755859375,14694210
2024-03-11,643.7739648665181,643.9705490673459,629.424218042223,632.3482055664062,12039710
2024-03-12,629.5225153591942,637.3854039194964,623.2666142466564,632.5742797851562,10946770
2024-03-13,632.8888280477473,640.3290938466544,628.200621347187,634.5498657226562,11321830
2024-03-14,634.5497846856646,635.9110567469681,618.9862193946095,628.7803955078125,12198650
2024-03-15,626.5788931785316,646.5260431326884,625.0996823700231,640.2701416015625,19705000
2024-03-18,640.2701189341543,644.2654517093061,634.5449410229793,639.3167724609375,6764250
2024-03-19,639.8130112015571,655.2930723102747,639.351095315609,648.3197021484375,14080870
2024-03-20,649.6711536539264,661.5637483560448,649.2779852385349,653.553466796875,14908310
2024-03-21,659.2540690179163,665.5591012462978,654.3053898782546,660.06494140625,18060920
2024-03-22,659.0083437309488,668.6403701649948,657.1703983395056,664.5025634765625,11252380
2024-03-26,663.8734938740813,682.5969844741531,662.9397638989435,679.1668090820312,18503210
2024-03-27,682.6707274303776,692.8187797936557,678.665556644256,690.23876953125,15512750
2024-03-28,691.1577363233044,722.3340598431446,691.1577363233044,712.107421875,35745180
2024-04-01,713.6800393347417,721.7591290434511,709.6306562708155,712.6676635742188,11252380
2024-04-02,712.6676087697674,713.0656962922967,701.2713636175791,708.3872680664062,9676150
2024-04-03,707.3651137244694,719.783572760427,706.2986878830583,718.397705078125,9589430
2024-04-04,721.9113918879408,722.4028223793554,713.0656430424793,715.8569946289062,10405890
2024-04-05,711.0753447679182,713.4588307069328,703.3353143190251,705.2666625976562,12004940
2024-04-08,709.1343058305621,710.3088320804891,702.0380772613624,705.5517578125,5182100
2024-04-09,709.6257125194531,711.1343779091848,700.2394010344982,707.0309448242188,7102810
2024-04-10,711.1884976381646,712.9674738493475,703.728555411166,710.6331787109375,5679860
2024-04-12,710.0188503676675,713.9502945889966,703.364861826563,710.5643310546875,10925880
2024-04-15,702.2591593281959,707.5420376223908,694.2389793379149,695.4970703125,7584480
2024-04-16,688.9806465210651,691.3739106725683,681.2209396774696,683.506103515625,9632930
2024-04-18,680.9360352118061,687.5113787461974,674.8324458358733,677.505859375,13851330
2024-04-19,672.2818660245838,702.7456389590752,669.3332829240562,699.7479248046875,12183750
2024-04-22,704.4459986079967,718.0782769098266,704.4459986079967,716.721923828125,11652720
2024-04-23,718.3731222703118,721.4101291384206,711.2768347214397,713.5472412109375,10815670
2024-04-24,715.8177432151531,729.2289024224805,712.574313510096,720.3536376953125,8869290
2024-04-25,720.4371566045547,723.8624129994909,700.2983430939023,716.9873046875,11733540
2024-04-26,688.0027452763311,688.0027452763311,657.68150542657,661.5834350585938,58147230
2024-04-29,667.3577357399369,672.2376672622329,659.7995318444197,670.9598999023438,16810300
2024-04-30,671.289204142982,685.545609026597,670.5029272702299,680.48876953125,17986750
2024-05-02,681.8942491920023,685.0492548604204,674.7341326068033,676.4738159179688,11395720
2024-05-03,720.338931773245,727.3172216611177,678.8572618138596,681.2702026367188,68186010
2024-05-06,688.7841369948202,689.9635823284196,672.7684319529418,674.2279663085938,12299880
2024-05-07,677.1863649698947,682.4102740093062,667.1660890612795,675.4761962890625,12981260
2024-05-08,675.3729733110791,676.1641692328135,666.8712014997192,668.2914428710938,7259250
2024-05-09,668.3357151225395,671.5595283510169,647.2140395132897,649.1945190429688,13811150
2024-05-10,652.5116351640613,658.320317559075,648.8062298188113,656.9590454101562,8249080
2024-05-13,656.9443231962115,662.8709438932441,650.6539887354651,660.3597412109375,5122560
2024-05-14,659.4997461478056,662.6301561051438,654.3495639877649,656.1285400390625,7558400
2024-05-15,657.730592657784,661.6571175504341,653.1160530678839,656.5511474609375,5950590
2024-05-16,658.5512199077946,664.6204343544183,650.9537238492409,663.1510620117188,10598510
2024-05-17,663.1363902724429,666.3798198757921,658.6201123637711,661.2099609375,4801580
2024-05-21,659.0083518103895,666.8712404225939,659.0083518103895,662.7284545898438,7616240
2024-05-22,666.1291601186391,666.1291601186391,661.1951784319834,662.8955688476562,4160460
2024-05-23,664.3698842355865,673.6038233744957,661.4704320251172,670.96484375,7093170
2024-05-24,670.3113133088315,679.1570637777163,667.6575761703491,671.9723510742188,7420430
2024-05-27,674.1444654679577,684.0271268200833,669.3284219895805,677.7318725585938,6554710
2024-05-28,679.5452578153254,682.5970222821547,673.9380185387291,675.5253295898438,7528670
2024-05-29,676.0118325548276,678.9604157674736,666.9056103357268,669.0040283203125,7213310
2024-05-30,666.3700122607348,668.2423915203118,648.1035764339965,650.30517578125,11555750
2024-05-31,655.0719994789935,665.5886251735003,652.8556429148168,658.2908935546875,28417330
2024-06-03,682.9753363168943,686.892022779334,671.5839515866272,679.702392578125,11482120
2024-06-04,679.741702993079,679.741702993079,626.6426751415878,639.7982788085938,32993870
2024-06-05,649.0814166755172,674.4392180198302,642.3537020576771,671.9476318359375,12185170
2024-06-06,673.2598569642232,689.2755618741886,670.5373125067086,680.7099609375,14657160
2024-06-07,687.5113515594035,717.3903535213062,682.2038775302885,706.8147583007812,29840520
2024-06-10,712.5742700509335,712.5742700509335,695.398796985682,696.7354736328125,8723180
2024-06-11,696.1604757738193,704.6131168708044,693.0153083886406,701.5760498046875,12052130
2024-06-12,702.5491098113629,715.2280421328746,699.3056801444194,709.4046020507812,12685080
2024-06-13,712.7904326877381,719.94568963339,710.8198515531618,716.9921875,13454950
2024-06-14,717.100321897187,724.3685986061649,712.2794196096036,721.5723876953125,11874880
2024-06-18,723.8772068420091,730.2117538887596,717.4886096329486,720.8991088867188,9469040
2024-06-19,720.8990418993583,722.2996668409224,705.48778833962,710.9967651367188,5204000
2024-06-20,709.625718351442,714.0387551180061,698.9125083031354,708.3578491210938,9001580
2024-06-21,715.0945667621459,717.6332076427301,698.8650989776071,704.7177734375,14998180
2024-06-24,698.9638051600815,702.0210624177417,693.4864980824194,699.5416870117188,6356540
2024-06-25,701.4333559526658,705.2857813957112,691.259077326713,698.810791015625,15608110
2024-06-26,698.3711360722783,709.1627854874854,694.9138532204354,707.08349609375,9125520
2024-06-27,706.2734948202619,715.0648953054446,699.660199406663,707.9280395507812,11376060
2024-06-28,707.7552599617932,713.7807865585632,701.8581515640897,702.87060546875,8295840
2024-07-01,698.8650681621814,721.4856011982937,698.8650681621814,718.7938232421875,7727450
2024-07-02,718.6209958774693,718.7148074805743,703.5077416304641,707.8145141601562,12810270
2024-07-03,710.2197726643374,719.5742241333493,708.24912615328,717.020751953125,8363930
2024-07-04,721.1941966024156,723.5599854038808,701.3345933607582,702.031005859375,18979770
2024-07-05,704.6930528972721,706.2636133536423,699.0626087337416,705.088134765625,9310790
2024-07-08,705.7747298882841,706.0414538864015,696.0992927404816,701.1617431640625,6777050
2024-07-09,702.3075042300012,705.5227821931134,695.6053408178624,698.1785278320312,9735030
2024-07-10,698.1736480442297,704.2337813532699,693.5309984614504,696.8845825195312,8097140
2024-07-11,700.1393130682804,700.1393130682804,684.5420491224842,686.5473022460938,9718010
2024-07-12,691.1553326927788,695.9016811398202,683.065288026329,691.88134765625,10688330
2024-07-15,693.4371242895946,699.8528488286088,690.9874116627859,697.7537841796875,5333730
2024-07-16,699.3589519428645,700.3467470727272,691.9702636643643,697.29443359375,5582000
2024-07-18,696.1091170922163,703.1026630964072,688.606781843992,702.3223266601562,8646050
2024-07-19,702.3223655294826,702.3223655294826,682.5664621390612,684.7692260742188,9385980
2024-07-22,684.7396343081177,687.367142972546,676.5804364334842,680.0228881835938,5751930
2024-07-23,684.9371788205336,686.0088979689281,653.9203870988464,664.4996948242188,19322120
2024-07-24,654.908208519878,657.348033690738,646.1217510448248,652.651123046875,31006260
2024-07-25,647.9936333019148,658.4642380166149,647.1490877221169,656.6615600585938,9509650
2024-07-26,659.3581902337322,672.5304599400265,658.5729099900292,670.6881713867188,11101840
2024-07-29,674.056581862241,677.1335540112017,668.3174946329967,672.9304809570312,7485650
2024-07-30,672.9304784445294,681.4798741060647,670.0214145953803,674.0318603515625,11794130
2024-07-31,674.3627972729777,677.1335553521733,671.0092135447715,672.38720703125,8896590
2024-08-01,674.8123298122254,676.0470738393353,666.7617746393742,668.9003295898438,8395230
2024-08-02,664.292236328125,666.7617241955157,659.1655771038124,664.292236328125,6222180
2024-08-05,656.8838006878773,656.8838006878773,645.2870948154039,651.6188354492188,9440410
2024-08-06,654.5130198768088,661.5264013759534,643.2028140285233,645.8550415039062,8918280
2024-08-07,651.9447556520154,657.8073170658528,650.0778084729936,655.6144409179688,4642840
2024-08-08,654.4191981724056,659.6545001493494,649.1147433035685,650.1864624023438,6903890
2024-08-09,661.8227103124623,661.8227103124623,651.0557197151685,653.7425537109375,6994900
2024-08-12,653.8314847185177,656.389900776712,648.3937276892558,652.7498779296875,6748870
2024-08-13,656.3849268793009,656.3849268793009,637.3451514354092,638.614501953125,10723270
2024-08-14,640.338200718303,641.074103275779,635.2460878226439,637.9674682617188,7742760
2024-08-16,642.5607120079574,651.9447654500414,634.6583512146235,651.0458984375,7534190
2024-08-19,655.6984303547882,657.4764496259719,651.3126173310774,653.5598754882812,5287300
2024-08-20,656.6219927918777,669.1225693206712,653.559851951242,664.015625,9571590
2024-08-21,663.9909634660577,666.4949976261717,661.3288483205148,665.3145751953125,6331110
2024-08-22,666.7617199612553,668.2434126722802,664.1835891137271,666.1295166015625,7282600
2024-08-23,667.2556196678566,667.9470883265949,662.3117001496897,665.364013671875,6180450
2024-08-26,669.3299561128887,673.5775234049675,667.3593096513421,669.5621337890625,8983430
2024-08-27,669.5621151500945,678.946168625842,664.7861041240081,677.9830322265625,20359020
2024-08-28,679.2078809450502,683.257876995206,676.8372088990782,681.57861328125,8489860
2024-08-29,680.4970320266902,707.0637410137804,679.7561856802193,697.7340087890625,26391590
2024-08-30,698.474826570293,712.6990999569019,698.474826570293,711.227294921875,20443670
2024-09-02,718.5221811397878,735.9073508147565,714.0771031818463,734.9244995117188,22963780
2024-09-03,736.8951645794576,736.8951645794576,711.8150318408045,726.40478515625,18986560
2024-09-04,716.6404324170142,728.6964890180799,715.6823000676559,721.0410766601562,8867460
2024-09-05,723.0660563684515,723.7229184446853,710.5210457914444,715.647705078125,6734470
2024-09-06,716.6996940860888,730.4745045197369,716.6996940860888,722.7845458984375,18428270
2024-09-09,723.4612370588418,728.7903512278202,717.4159351873451,725.777587890625,8789380
2024-09-10,728.0000891351112,728.0000891351112,710.5210465437442,715.346435546875,13089320
2024-09-11,716.1515287684227,734.1294136865873,711.8348685147892,725.5899047851562,11048900
2024-09-12,732.9439681617731,734.9195583724518,720.7545500341854,733.7638549804688,14467640
2024-09-13,733.7638786030753,756.6510750493478,726.2269968834776,750.5761108398438,22084380
2024-09-16,758.6267230907938,758.6267230907938,723.2636665464314,725.6096801757812,26795550
2024-09-17,724.7946715532911,736.4012642493745,719.7223339498852,727.5604858398438,15677860
2024-09-18,729.7089909248641,757.8858733495889,728.8446701178509,753.79638671875,29749930
2024-09-19,758.1327695118755,765.3436619716622,746.7731254084403,749.7710571289062,17206440
2024-09-20,754.1815909509119,756.1571812350007,739.5868936111133,748.99072265625,16450040
2024-09-23,753.2678899217586,754.275399965835,743.9776477033498,750.2402954101562,5734970
2024-09-24,750.4279874937021,751.0650743680783,739.2560267590992,746.2001953125,10695400
2024-09-25,745.2914259933434,754.6754797334848,740.6537206206248,753.0851440429688,12720380
2024-09-26,754.6755091847756,768.4453762534998,749.494528346117,767.3588256835938,16681650
2024-09-27,768.5046436612281,771.4680291766314,761.6888328597078,766.1339111328125,11781310
2024-09-30,765.1460664763093,772.8509165502438,758.2463321171649,760.8985595703125,9619520
2024-10-01,756.6609402618316,771.9273305359507,755.7620129510991,760.8985595703125,7882880
2024-10-03,751.712136339229,760.6022930107836,729.0916024699577,734.3121337890625,10406620
2024-10-04,732.9440157642659,733.9318109337596,706.767443772685,712.3336791992188,17681110
2024-10-07,712.3336664372425,723.4611932918863,710.2543769355849,718.0678100585938,9362270
2024-10-08,717.618302941095,720.6360097123239,707.2662296698204,709.9234008789062,9038050
2024-10-09,712.7929504847309,733.6156889632591,711.8150429404045,721.1348876953125,10543750
2024-10-10,723.0660397465236,727.8074443425531,718.4233905480286,723.036376953125,5594270
2024-10-11,723.5600028987938,724.053900511694,713.7857498466233,721.2880859375,3615870
2024-10-14,720.3694030569201,722.4585801954336,711.2125225363897,712.081787109375,4451810
2024-10-15,715.6476937732767,716.7589633095673,689.382254673613,693.1259765625,14855670
2024-10-16,692.4444088609181,697.3191755758832,683.5542523990803,687.1448974609375,11256980
2024-10-17,689.5747858674946,691.3380338693881,678.7139836532741,681.5292358398438,6897550
2024-10-18,680.8872059400413,685.3964933511593,673.7454660770677,681.5342407226562,7449290
2024-10-21,682.4726228748415,686.5917116835217,663.5266592359529,669.8140258789062,22099660
2024-10-22,671.7007101041571,674.9604220804397,656.2565231011339,659.6397094726562,17006190
2024-10-23,652.5127933907359,701.2209698346917,652.0435545202597,691.041748046875,26373910
2024-10-24,692.6913393865416,703.5916321887945,690.52806562626,695.4967041015625,8951250
2024-10-25,695.4967328277893,697.3784512893944,680.9168663661874,682.581298828125,10223240
2024-10-28,683.5542011714341,695.9016397764094,679.109123273643,682.6997680664062,7149810
2024-10-29,682.477514750229,697.383369964567,671.917982274992,693.6791381835938,14097500
2024-10-30,691.3578584764198,693.4766381030124,684.7396188284117,687.0115356445312,5660440
2024-10-31,686.4188968009918,688.572283065161,679.5783669263487,680.566162109375,7301530
2024-11-01,684.5419933626162,685.979252091416,681.776179184853,683.9097900390625,450110
2024-11-04,688.9870885899387,688.9870885899387,667.0481375125781,676.017333984375,7162390
2024-11-05,676.1457938727494,692.9333679638733,663.0081301696454,684.5765991210938,12234300
2024-11-06,685.0359341414089,693.8371623695832,680.8180295727112,692.0690307617188,6962620
2024-11-07,692.0689915137884,695.3040445514115,678.615227203796,682.0231323242188,4590470
2024-11-08,682.0231336334226,686.6707264246178,675.7505986222902,681.1785278320312,4248400
2024-11-11,677.6275207794866,681.9935587697154,666.9741758616995,669.6066284179688,7623160
2024-11-12,673.577554339216,675.3407421999111,653.4265086414368,655.7182006835938,10572330
2024-11-13,655.4020530252933,662.0449509990211,644.6943275453784,648.5862426757812,8673470
2024-11-14,649.2085620603577,655.84163276405,645.0302080301566,646.9218139648438,5277030
2024-11-18,655.2045432549749,657.575275848004,647.4997527629816,648.7789306640625,5965350
2024-11-19,651.3867189263092,656.370128780279,648.0924002620611,651.4805908203125,8040460
2024-11-21,653.3276672602938,653.3276672602938,637.2265597852191,638.6737060546875,11010800
2024-11-22,639.103468966807,664.0354091762002,637.7254754247695,660.2373657226562,9698550
2024-11-25,670.7030256735958,677.9238058776207,658.59264737221,660.3805541992188,11327510
2024-11-26,663.995871319758,665.754115228414,652.7794170794447,653.7178344726562,6632780
2024-11-27,656.8837772397095,665.1121277516612,653.1548264182335,662.33642578125,6420100
2024-11-28,663.2056712979346,664.4156962104363,641.5729339359649,642.995361328125,15768820
2024-11-29,643.9437129378866,652.8338697094714,643.0892194488209,649.5642700195312,7096430
2024-12-02,651.4509155066913,658.3654817061558,641.1778216085368,656.947998046875,9202490
2024-12-03,661.4424482999739,664.0354106023556,654.987233438699,659.397705078125,13136660
2024-12-04,661.9955973046382,668.1841483396045,658.5482019051158,665.77392578125,11304410
2024-12-05,667.7495523533025,680.581002300163,660.3855222874306,676.67919921875,13482430
2024-12-06,679.2030093595938,685.0359689356256,669.5917813882386,676.6693725585938,8332070
2024-12-09,676.6495323888263,684.04810805551,674.4565959117224,678.4522705078125,8409100
2024-12-10,680.0771983445102,687.3918505068708,676.05198126489,685.1544799804688,12045630
2024-12-11,687.4955710895426,707.7552602728915,680.8971063932851,702.826171875,19931040
2024-12-12,703.4929192804703,706.1155444652702,698.8651011986301,703.8831176757812,9667960
2024-12-13,701.2358213850275,712.9164511394662,689.5402999430213,709.5135498046875,12504360
2024-12-16,709.5135441379405,715.9539276534395,706.8760876232477,712.0422973632812,7960740
2024-12-17,711.2124738078229,716.8824080497986,702.3223178852251,706.5501098632812,10318560
2024-12-18,706.1748212026401,709.1184316416405,697.4229098033976,698.810791015625,7275140
2024-12-19,686.5176458569614,693.8717881614369,680.3784723235021,683.4110107421875,9076750
2024-12-20,682.8974142896967,693.8273705571869,672.1649688294386,676.4668579101562,27000190
2024-12-23,681.2822937029399,689.1747669191143,677.2273538130918,678.2892456054688,5829280
2024-12-24,679.8006139646213,682.5664282438878,671.1080289625424,672.5106811523438,6014270
2024-12-26,674.703555812157,677.4298799847502,671.705624156204,673.2564697265625,3290960
2024-12-27,676.3285391188027,689.1550450370221,674.7035967579224,682.34423828125,5554180
2024-12-30,681.5786159292252,690.9626693369464,678.1213330948016,680.41796875,4908760
2024-12-31,678.6103005167183,679.3067129543762,670.9104544730343,673.9725952148438,6153980
2025-01-01,673.9726320429301,686.3151278617189,672.2933681968553,685.0656127929688,4187210
2025-01-02,689.4809910242172,733.9317712478415,688.5919513036531,729.9015502929688,31716510
2025-01-03,729.9558678335711,740.8463330454305,726.9431048038988,731.6845092773438,15059280
2025-01-06,740.8464082616522,750.7144727732598,722.7450489617455,725.9652709960938,19059760
2025-01-07,726.5184331392787,735.6012173298512,721.2337528819925,726.419677734375,10425380
2025-01-08,727.199952324839,729.8274608319443,716.8132721066917,726.5628051757812,8444660
2025-01-09,724.8885023686057,726.5628223814273,714.7685458876665,718.8629760742188,6681410
2025-01-10,718.863034682872,727.7137016463071,715.6625877847788,719.9100952148438,8089630
2025-01-13,715.1637156887145,716.6552960681491,704.6931108182054,706.3673706054688,6642740
2025-01-14,714.1759407651937,729.7830931111439,710.3383467067604,724.5477905273438,9980110
2025-01-15,725.0910395062609,726.0294569849003,701.8482502818697,708.9801025390625,6817500
2025-01-16,711.2125110577488,720.0039120466387,710.6248018802831,717.1145629882812,8608490
2025-01-17,713.2868743970815,719.6038438575115,706.8958685304382,709.4443969726562,6652740
2025-01-20,709.4444007088368,737.883002347853,709.4444007088368,734.9295043945312,10679710
2025-01-21,735.9074451818625,739.3647284813745,718.877865090132,720.2656860351562,10032060
2025-01-22,724.9428586460236,732.9686939513183,717.173799426706,730.6868896484375,7273680
2025-01-23,725.1404197011007,743.2171197816112,723.5599715244443,735.2406616210938,10302950
2025-01-24,735.240662323378,741.3402855259882,724.8737566914398,734.7813110351562,6796870
2025-01-27,729.002703629846,738.327492197745,717.1392743078752,720.6409912109375,6928100
2025-01-28,729.9806046112333,761.2739472466138,725.5355265046696,751.376220703125,24789330
2025-01-29,756.3794336352531,769.1961121605289,747.657245679247,766.4945068359375,15149200
2025-01-30,775.4191780157412,814.9951923600901,775.4191780157412,780.5211181640625,56488830
2025-01-31,782.8277068303086,788.3247896059693,769.5912268510899,778.8864135742188,18335460
2025-02-01,778.3826029398437,801.09694831282,768.9392834173096,790.2460327148438,16153780
2025-02-03,782.5510385746632,833.6299470797163,782.4374517797528,832.2964477539062,43369260
2025-02-04,832.2173960228901,838.6380643601586,820.1662833933553,837.19091796875,19663000
2025-02-05,839.6258525480382,848.3875904449388,834.2423570824784,840.559326171875,18674930
2025-02-06,843.0090389135175,855.7071861888002,835.8722432818054,840.346923828125,17094730
2025-02-07,848.0221185056897,848.0221185056897,828.1575729250835,837.082275390625,9665400
2025-02-10,837.5317181052883,838.4404727202495,811.9675759752106,818.5660400390625,12438380
2025-02-11,819.7712021351498,825.3127183423073,804.0010263640768,809.1227416992188,9630590
2025-02-12,805.018479801986,818.289504882036,792.7055870529578,811.3798828125,14837310
2025-02-13,809.7006375236457,839.4283035212114,809.7006375236457,830.636962890625,18003130
2025-02-14,830.592471806726,835.2400648701193,818.0919555306888,828.9873046875,8633150
2025-02-17,811.9923251490168,838.4405038833744,811.9923251490168,832.3754272460938,8627990
2025-02-18,832.7112962726517,837.6502719326318,825.8658832427468,836.2575073242188,8689770
2025-02-19,835.5907640517732,842.4905594198921,829.7479770842893,833.6448364257812,8961980
2025-02-20,825.3868311363984,835.240063629847,824.3792607917218,829.693603515625,7900700
2025-02-21,825.796744718911,831.7531784078093,818.6846075867305,829.4219360351562,6086470
2025-02-24,822.6357974059295,829.6491792179099,820.9614773744621,825.2979125976562,3552600
2025-02-25,825.2978838441362,842.25830927362,823.6285076698499,838.51953125,10985410
2025-02-27,843.8339474671949,863.2342599009368,843.8339474671949,859.9152221679688,18382830
2025-02-28,855.9245297524822,856.4184273461074,840.6186481492557,842.6189575195312,17545800
2025-03-03,843.1818652463528,854.521793884149,833.5113730135593,852.2547607421875,8749960
2025-03-04,841.8187119931561,851.4102241278725,840.974166474716,848.1159057617188,7655060
2025-03-05,835.1808205586842,839.6258988466961,812.0663893449291,819.7415771484375,16300920
2025-03-06,826.2906396991598,835.6549183911609,817.4548048826118,830.8197021484375,8814220
2025-03-07,830.7257704484996,836.6624284954763,826.4338297870848,830.1923828125,4729460
2025-03-10,833.476826650836,853.2474995677616,822.4431120803501,824.0779418945312,10164530
2025-03-11,820.36388361121,827.2784497584448,811.1033039497349,823.8656005859375,8135670
2025-03-12,823.9297789001807,842.0459680567951,817.158462597569,838.08984375,20882230
2025-03-13,839.6258715800483,845.5526424382605,829.056451491524,831.7679443359375,12173510
2025-03-17,829.6689052540672,852.4622909408794,828.3650083902048,847.5628051757812,11020850
2025-03-18,847.5628051757812,847.5628051757812,847.5628051757812,847.5628051757812,0
2025-03-19,859.3817677282159,877.0633247665322,857.6630138391963,862.503173828125,12898200
2025-03-20,861.8512675396124,866.1037184214129,843.6906440780284,857.3716430664062,7924330
2025-03-21,892.9618800357553,897.8070442304975,872.3218808932932,880.72802734375,27448010
2025-03-24,898.4934709231769,900.3752495612408,881.804713411112,897.9107055664062,14332170
2025-03-25,901.3630492491071,914.7032272012123,886.7486372935051,895.6585083007812,17482600
2025-03-26,899.0961208716863,901.5507774029766,874.1937828960345,875.7841186523438,8862110
2025-03-27,875.2852477484015,894.4879876445449,871.4575415882898,889.3959350585938,20920440
2025-03-28,888.7785142673646,891.8703177029499,875.2851996598098,883.6419677734375,9770990
2025-04-01,867.6101258150749,881.6071661259728,856.5171453492644,859.2039794921875,11834240
2025-04-02,862.3451669174347,865.293720973837,850.6891961924046,856.3442993164062,6464950
2025-04-03,854.4427610961501,865.802404740781,835.6944293998845,848.9703979492188,13966330
2025-04-04,855.0354482029139,868.9633958369621,847.9035962386396,861.2437744140625,18496580
2025-04-07,823.821177532594,849.5532298327297,820.5762969041879,846.3428955078125,13981240
2025-04-08,854.4427728243368,876.4705917882363,854.4427728243368,871.45751953125,14775630
2025-04-09,870.7414114073935,873.4084703296483,851.9733038444434,862.9180908203125,10487740
2025-04-11,871.7341706295462,886.3979608089876,870.3166869895953,881.221923828125,10097220
2025-04-15,914.253809256304,917.661714657265,896.473496162837,902.9435424804688,12633610
2025-04-16,903.7832239601884,905.9563854429957,885.459635186731,894.5967407226562,7198220
2025-04-17,892.9667707622783,907.7836972682895,884.2741859367974,905.0672607421875,11415130
2025-04-21,905.8081437295533,920.1311732650805,902.9929516955591,916.0317993164062,7824150
2025-04-22,918.1555859674964,927.8359663166384,911.7349175341573,914.7476806640625,11293580
2025-04-23,916.8714508058976,923.4402522396816,903.8325430449087,920.92138671875,10818710
2025-04-24,950.2589188698975,954.210099405739,915.9824156634257,918.7482299804688,18496710
2025-04-25,919.6866896864188,923.0452174123409,888.0278662459314,900.0789794921875,10893540
2025-04-28,896.918026756798,901.3631050832358,889.0650429887111,898.2021484375,9946560
2025-04-29,901.8570026750623,903.4374508528135,885.0644845529637,898.2021484375,11768180
2025-04-30,873.2109216488716,877.9523263599593,845.1575149820685,852.9117431640625,39690570
2025-05-02,847.0836775838369,880.6193333516859,846.1452601789779,876.0260620117188,18933030
2025-05-05,876.9151493635896,892.2753519747675,875.7791608185833,882.2986450195312,8930610
2025-05-06,880.2242686600637,886.4474265819485,864.3207902358181,869.0128173828125,12040870
2025-05-07,864.3207496704923,888.7686794468863,861.6536907277487,887.68212890625,11635570
2025-05-08,886.7436831494186,896.3746854810895,866.7902098503728,872.4700317382812,12018090
2025-05-09,855.6052761471834,868.5629735214347,851.1541504331229,854.7150268554688,12151340
2025-05-12,875.2891347417517,893.1925266870196,872.9646218431894,892.0549926757812,10638220
2025-05-13,890.6208003889055,906.3975195067259,889.3348713613016,894.3795166015625,13363000
2025-05-14,894.6762452523169,901.1550937709037,891.412098554703,898.2371215820312,7594000
2025-05-15,900.0670603030197,911.4916038712305,892.9946921848513,908.870361328125,10385000
2025-05-16,908.8703259586581,918.514430995986,903.430061578627,906.7437133789062,6251920
2025-05-19,906.7437633385294,918.8607164889439,906.7437633385294,915.4976196289062,7162740
2025-05-20,919.701414140777,920.8883929945976,897.0501676578166,898.039306640625,8106160
2025-05-21,900.1165146035777,917.9210170902419,893.0441464113619,909.7606201171875,7321500
2025-05-22,909.7605598698166,909.908954862947,897.1984829838995,903.97412109375,6159740
2025-05-23,903.9741536872501,918.563953895906,901.2045161972959,914.3106079101562,4251690
2025-05-26,915.4481216652316,923.5096284630482,914.9535521775681,916.8823852539062,5476790
2025-05-27,916.9319051022092,918.9101832146195,904.3698270139519,907.139404296875,7150000
2025-05-28,914.4590075574926,919.3552576929596,904.1719377854458,916.6845703125,6507400
2025-05-29,914.9535797277344,917.8715518672628,906.0513286817348,910.403564453125,7081750
2025-05-30,911.3974672853087,914.7269757525836,906.5273802181192,912.4410400390625,15041740
2025-06-02,907.4218677688716,910.9004839103733,898.4768548335816,906.2788696289062,6619630
2025-06-03,905.0365436982427,907.2231146375449,891.5196589753353,892.4141845703125,9080270
2025-06-04,892.0166089717943,898.4272140043767,890.973036213526,893.2092895507812,5544930
2025-06-05,893.2092570386384,893.2092570386384,881.5310455913839,887.941650390625,7853320
2025-06-06,889.0349292177171,937.6361922067621,882.1770614518629,931.4243774414062,19783860
2025-06-09,949.1652576010766,972.8198351344962,934.5550577338245,954.880126953125,23496010
2025-06-10,964.0736055386697,964.0736055386697,942.7546461497201,943.9473266601562,9044040
2025-06-11,943.2019253434805,951.1530480018029,934.6544927506848,936.7416381835938,11860810
2025-06-12,939.1270255972054,947.4756682253494,929.7844319466296,931.1261596679688,12388330
2025-06-13,909.409657042722,930.8279816417149,909.1115020745027,927.3990478515625,10182020
2025-06-16,950.1591916602812,950.1591916602812,919.3485902570712,932.2691650390625,7016290
2025-06-17,935.7477499981485,937.7355306672895,911.8943819684558,917.3607788085938,6110175
2025-06-18,921.3363768999933,926.8027739581917,909.4096924093784,913.38525390625,5002923
2025-06-19,913.385200835148,916.86381694279,888.5379429234192,894.9982299804688,6585940
2025-06-20,891.5196413830498,901.9554900280019,880.5868475645286,899.4707641601562,14320241
2025-06-23,893.5074254217726,912.3913420880837,885.0593574394755,909.9066162109375,5870597
2025-06-24,914.3791289467403,930.2813746675532,908.9127319802109,910.9005126953125,11555634
2025-06-25,912.3913575534164,924.3180419658793,910.4035768180058,922.3302612304688,6623799
2025-06-26,924.3180034916086,947.6744261604825,922.827168002106,945.6866455078125,11677790
2025-06-27,944.1958434478533,953.6378018823319,930.2813783865166,941.2141723632812,21637194
2025-06-30,950.1591822944474,950.1591822944474,928.2935944173786,930.7783203125,6086081
2025-07-01,926.8027599436833,936.0459281516897,922.3302533273331,930.9274291992188,5381327
2025-07-02,927.299682154299,934.1078066812064,908.415765797459,917.3607788085938,9394493
2025-07-03,916.3668704010717,918.8515961884932,899.6695252420488,904.5892944335938,7606558
2025-07-04,916.3669024938135,934.9526641670823,913.3852314444845,919.646728515625,10613046
2025-07-07,919.348569777971,923.6222861320559,912.4907021276991,919.000732421875,3383973
2025-07-08,913.1864557424574,923.8210947863812,913.1864557424574,921.982421875,3851432
2025-07-09,920.8393812062847,940.2202424405239,918.3546554070233,934.8532104492188,5341529
2025-07-10,937.2386150259385,945.8854733415554,936.4931972515277,941.8602294921875,5409906
2025-07-11,932.9648727512993,941.3632582428945,925.858532567122,927.796630859375,4278038
2025-07-14,926.3058276901469,926.3058276901469,905.7322848353934,913.2361450195312,6657978
2025-07-15,913.3852504906677,924.9143545235808,912.3913601201664,922.7278442382812,3892075
2025-07-16,918.3546614371439,921.336332415836,913.7827902013834,916.118408203125,3952491
2025-07-17,920.2927692034689,920.5909241719648,910.4035482229633,917.658935546875,4583882
2025-07-18,914.876047867372,939.1269961604789,914.3791027028597,936.2446899414062,7893820
2025-07-21,933.1636935624069,945.189742786162,931.6231149576104,942.6553344726562,4660232
2025-07-22,949.165268057785,956.1225003890987,934.2569130621131,946.730224609375,6237382
2025-07-23,948.1714130436221,965.0178669487034,947.8235756790004,962.384033203125,9694991
2025-07-24,964.0736630264946,964.0736630264946,948.1714170384288,953.0911865234375,5189112
2025-07-25,900.8622276357114,919.2491989092772,892.5135245222726,908.1672973632812,24415481
2025-07-28,903.69476891972,908.1672753372495,873.6295868907714,875.1204223632812,14011284
2025-07-29,869.7037447809487,888.5379791789943,868.163226860013,881.1334838867188,11323854
2025-07-30,885.5066151591211,887.1464978312954,869.6540520212546,879.44384765625,5054496
2025-07-31,866.6723590329987,882.425496339971,862.6967977530308,875.816162109375,6999179
2025-08-01,879.3941695635544,890.3766457988038,867.6662755657916,870.2503662109375,5300299
2025-08-04,868.6601644770973,881.3322664188398,868.3620095050362,879.89111328125,3969985
2025-08-05,883.5684994549333,888.1403706877749,877.0088475708995,886.4508056640625,4446791
2025-08-06,882.5746376427153,890.0288153255085,869.2564825845568,871.2940063476562,4212648
2025-08-07,865.678516138179,876.6113102570308,861.951427234025,873.72900390625,5998002
2025-08-08,871.6418467707626,882.8727957198508,870.6479564095645,871.7909545898438,3736916
2025-08-11,871.7909583433857,882.8727995211062,867.4178164703837,872.4369506835938,5367926
2025-08-12,871.840610285568,879.493577964962,846.2976166522797,847.7884521484375,8257312
2025-08-13,849.3289521825652,858.7212277434593,843.8128730951354,854.7456665039062,10117225
2025-08-14,854.7456755162978,861.6035429917359,850.2234866910745,856.1868286132812,5379250
2025-08-18,869.6540550045962,914.0312833334461,869.6540550045962,899.6695556640625,16277779
2025-08-19,900.4149554099347,904.340834340714,885.0593376992107,896.7872314453125,5764382
2025-08-20,895.0479566542332,896.4891098168773,880.6365463522989,882.3758544921875,5561646
2025-08-21,882.5746314276544,895.7933609596045,878.5990700248271,890.128173828125,6697533
2025-08-22,889.5318572810404,898.3775056015852,886.5501862510481,889.034912109375,6424895
2025-08-25,896.5884320002725,902.4524091439717,892.6626137722333,895.29638671875,5837876
2025-08-26,894.4516368796031,896.3897352037943,868.1632248643122,870.8964233398438,6712926
2025-08-28,864.8834023279845,879.0960223258443,864.386457148603,871.4927368164062,8349342
2025-08-29,865.5294007405946,882.5746447779533,865.5294007405946,872.4866333007812,5672446
2025-09-01,872.4866425092836,889.3330965188461,872.4866425092836,883.9163818359375,4101526
2025-09-02,889.531829961714,894.054018752533,880.7359249582778,884.6617431640625,6103185
2025-09-03,887.2459325590307,893.358321848498,874.673195296038,890.8239135742188,5493809
2025-09-04,909.4096671199059,942.2080485570173,906.6764686668133,929.0390014648438,21738706
2025-09-05,936.2447239024901,936.5925612653656,926.3058202517205,931.87158203125,5467260
2025-09-08,931.8715622116007,943.8479893858586,929.9335245707231,938.5306396484375,5657331
2025-09-09,938.2325099594004,943.5995422261885,934.2569484765216,942.6056518554688,5417393
2025-09-10,945.2394223633869,963.7258196057238,941.9099138954552,962.0361938476562,6836239
2025-09-11,962.0858293005991,969.9375870897502,959.7004682688378,964.3220825195312,5982627
2025-09-12,966.3098828648202,998.4622110922587,964.9184121242076,997.1204833984375,11412561
2025-09-15,992.8964290458812,1019.4332520431325,992.001903493552,1003.6801147460938,9989753
2025-09-16,999.7045740170013,1009.096849860506,993.8903397941067,997.1204833984375,7602155
2025-09-17,1003.8292693713166,1005.6182598971513,994.2382030772733,1001.3445434570312,6995023
2025-09-18,1000.8475919379939,1003.630472811925,983.9514558278192,990.4117431640625,9738376
2025-09-19,984.9453214918962,989.9147731644083,982.5599604241896,986.386474609375,6736440
2025-09-22,983.9017736531472,1004.7237888199518,982.9575656790432,1000.3506469726562,4250045
2025-09-23,992.8964637224411,1022.5144448037238,992.8964637224411,1019.2345581054688,10230040
2025-09-24,1015.2589619880337,1029.6703716295672,1014.1657069008178,1023.4585571289062,6433184
2025-09-25,1013.7681439092971,1024.8003023869387,1001.8414598633053,1006.5624389648438,16731453
2025-09-26,1001.891155536227,1004.3261990270311,975.0561160768209,979.0813598632812,9109737
2025-09-29,983.9514219414285,991.7037543454866,975.1057737823071,984.8956298828125,5804877
2025-09-30,983.951470544565,996.1763100158497,983.4048429711578,992.797119140625,7182200
2025-10-01,985.4422986048428,993.8903667219796,971.7763060624155,981.66552734375,6932272
2025-10-03,969.0430597091871,986.137985305225,966.0613887562358,983.7029418945312,7692197
2025-10-06,986.933141732111,1016.7498529626885,986.038616130292,1002.7360229492188,9299635
2025-10-07,1002.7360085412411,1023.2101256938167,1002.7360085412411,1010.3392333984375,7991437
2025-10-08,1005.8667066083218,1021.7192696660381,1005.8667066083218,1016.89892578125,4448915
2025-10-09,1016.7498234980768,1022.7131655713794,1008.7490183488464,1017.8430786132812,4444154
2025-10-10,1011.8797350138916,1021.2223285128763,1010.786479900336,1017.5946044921875,3714548
2025-10-13,1017.5945623126523,1033.645914968652,1015.2589443658443,1030.415771484375,7684523
2025-10-14,1033.6459286680113,1035.7330740667676,1005.1709468489393,1012.92333984375,7668358
2025-10-15,1019.7315303152786,1056.5054743909757,1012.1779876889561,1053.4244384765625,10205158
2025-10-16,1055.5115586239883,1074.4948401686147,1052.3807797360498,1059.2386474609375,9901992
2025-10-17,1049.6475471792012,1069.873191012859,1049.6475471792012,1063.56201171875,5761670
2025-10-20,1074.8924530057527,1079.8619049382805,1065.6492238814471,1074.3955078125,5700858
2025-10-21,1078.271616183115,1082.3465421688047,1074.3954197286298,1079.86181640625,911624
2025-10-23,1083.3404189115208,1095.764047568763,1077.2777123916862,1087.465087890625,11143407
2025-10-24,1086.819129938597,1091.8879466089368,1080.7564228887977,1083.092041015625,6440277
2025-10-27,1084.2845668288383,1087.3159807528757,1069.1774829021078,1077.774658203125,7366175
2025-10-28,1071.4138474332178,1085.7258934078031,1056.5552345352612,1066.1959228515625,12324341
2025-10-29,1065.4504445842445,1072.5567847808404,1054.766123428199,1056.4556884765625,5386803
2025-10-30,1056.5054276799265,1060.282259488358,1038.6154016232579,1045.870849609375,4271927
2025-10-31,1045.5726982056322,1062.9160371127934,1035.0374842566753,1036.428955078125,5315632
2025-11-03,1030.6643436131337,1041.5971380005442,1024.701001220001,1036.72705078125,4135617
2025-11-04,1033.6459780776963,1053.9213657587372,1028.6765262600152,1050.5421142578125,6202540
2025-11-06,1030.6643366417718,1046.3678533672753,1028.6765558575062,1035.534423828125,5776277
2025-11-07,1032.6520258968524,1070.3204926848425,1027.8813039076636,1060.0833740234375,6940923
2025-11-10,1060.0833659595746,1081.3526425691243,1056.406020392402,1078.3709716796875,5692236
2025-11-11,1037.3233116315946,1037.3233116315946,990.9086807328857,999.05859375,23762890
2025-11-12,1004.8231337094597,1012.1779464901371,1002.6365628290757,1007.0097045898438,11131278
2025-11-13,1006.3139824958898,1013.1718501970593,997.3689693181485,999.2573852539062,8503994
2025-11-14,998.7604589574643,1013.6688145355203,996.474462572359,1012.27734375,4381122
2025-11-17,1014.7620597331335,1026.6887440786747,1010.7864982846197,1020.5266723632812,6011603
2025-11-18,1014.9608295603725,1017.8430751553253,1005.5188713097211,1007.4072265625,4562185
2025-11-19,1002.8353671911749,1009.89196443971,998.462225368651,999.4561157226562,5158832
2025-11-20,1008.7987279931348,1025.3966486825288,1001.1457599931499,1022.3156127929688,5459073
2025-11-21,1013.768151744064,1021.3216941000011,995.3811803643922,997.9652709960938,6304584
2025-11-24,998.8597957373146,1003.1335120841381,983.9514405770561,987.927001953125,9574900
2025-11-25,988.9209056300073,990.809321574001,978.4850568771278,980.1746826171875,6376983
2025-11-26,980.174650422007,1006.6121087960257,975.3045635657265,1004.5249633789062,9772235
2025-11-27,1009.3950096533575,1038.5160452782807,1004.7237735638056,1027.48388671875,12076038
2025-11-28,1031.6582000658886,1037.1245970797252,1024.700967502824,1031.1612548828125,4983147
2025-12-01,1035.534356502259,1035.6337212701098,1012.5754535393232,1014.8613891601562,6459837
2025-12-02,1008.3017642106271,1029.6704068232723,1007.7054542630824,1019.2345581054688,6706145
2025-12-03,1014.7620265368471,1020.0296938136075,1008.0035844279158,1015.1596069335938,5895670
2025-12-04,1011.7803417565528,1025.9930218061163,1009.7925611244182,1022.8125,5404918
2025-12-05,1022.6137652237765,1054.5176199410707,1020.228404212544,1041.5970458984375,13123572
2025-12-08,1041.597096857867,1043.3861480349447,1016.7498378679369,1020.1290893554688,5189635
2025-12-09,1018.737620150018,1019.7315105111398,1007.5066712017904,1010.4883422851562,5968501
2025-12-10,1009.7925673399986,1015.4577543089035,1001.1457094045386,1004.1273803710938,4990527
2025-12-11,1005.7176787137419,1014.2651115377427,993.9897239456782,1000.2512817382812,4670539
2025-12-12,993.8903645868176,1014.5632720377727,993.8903645868176,1011.0846557617188,4381711
2025-12-15,1008.7986919901589,1010.2895274955631,1001.8414596316061,1006.5127563476562,3958977
2025-12-16,1001.3445490117061,1004.4255848976097,990.4117549282037,992.3001708984375,3861617
2025-12-17,993.8903172081899,1005.0219008933718,989.2190205848613,993.4927368164062,4695550
2025-12-18,995.9774670089271,1003.5310698504261,988.9208699904783,994.1884765625,3103997
2025-12-19,997.0708318128779,1007.8048356817715,996.3750964210808,1002.1396484375,5126009
2025-12-22,1002.1396453790434,1009.1963033853727,998.8598192988709,1001.6427001953125,3921237
2025-12-23,1007.3078485512267,1011.780355032214,999.5555161166326,1005.220703125,4712043
2025-12-24,1004.8231244992292,1031.0618534988278,999.8536728449303,1005.5188598632812,5984816
2025-12-26,1005.5188486986123,1005.5188486986123,991.9025391845703,993.8903198242188,5211460
2025-12-29,996.8720397337644,997.766565330431,983.5538845292492,991.902587890625,6715489
2025-12-30,988.0263376479772,991.5049537496724,981.0691054445871,983.2556762695312,7473887
