Date,Open,High,Low,Close,Volume
2018-01-01,1191.9294794039372,1191.9294794039372,1168.430985424234,1172.31103515625,746852
2018-01-02,1172.7467594508057,1176.9320692711694,1158.403542402523,1167.1663818359375,695988
2018-01-03,1172.485312820407,1183.0357607276014,1164.0276265728637,1177.4117431640625,832810
2018-01-04,1177.1938088470806,1182.4690330174983,1169.6515857741624,1179.0684814453125,640189
2018-01-05,1177.978612162596,1188.3981435444286,1175.5808022562694,1182.81787109375,568451
2018-01-08,1175.8857534982587,1195.417023009861,1175.8857534982587,1193.1500244140625,801796
2018-01-09,1198.032951540428,1199.6896413925228,1182.3381967167543,1186.95947265625,708386
2018-01-10,1187.003022627549,1194.5452456483963,1181.4662831048008,1190.8831787109375,939525
2018-01-11,1183.2100794933476,1205.7931081933054,1183.2100794933476,1202.08740234375,629248
2018-01-12,1203.9621311960175,1207.1010608928823,1183.2101348921374,1198.032958984375,872539
2018-01-15,1199.4279998502914,1199.4279998502914,1189.3136237509266,1192.103759765625,1324592
2018-01-16,1193.9349437401927,1211.547904162262,1189.095684995527,1205.0084228515625,896453
2018-01-17,1211.1119646181253,1212.8558263382376,1191.2755375518457,1195.591552734375,1409691
2018-01-18,1220.7031689254554,1226.719512973962,1177.629764391712,1183.16650390625,2465412
2018-01-19,1194.8940724055797,1197.030260438857,1177.1503006834273,1187.962158203125,1491194
2018-01-22,1188.441496195966,1190.185357525674,1174.0110011178933,1181.55322265625,1014403
2018-01-23,1186.4363964244799,1196.5944132394093,1177.1504169930047,1193.106689453125,1284895
2018-01-24,1192.8012481039063,1196.2889710515785,1164.0711728971994,1190.97021484375,1819330
2018-01-25,1193.586202634551,1201.5207523532827,1185.4336701958716,1196.943115234375,2125894
2018-01-29,1194.5453643247886,1220.7032920107329,1192.103915166015,1218.34912109375,1406390
2018-01-30,1218.3488673957156,1229.422345235505,1212.070902196228,1220.9210205078125,1310365
2018-01-31,1220.7030932770176,1220.7030932770176,1188.0928607835306,1193.9783935546875,1491912
2018-02-01,1197.1608885383432,1207.4497136948428,1177.9784125384572,1195.635009765625,1563429
2018-02-02,1178.8504196489619,1201.4334482358229,1178.8504196489619,1196.46337890625,1699619
2018-02-05,1178.937548654888,1187.0900798998437,1169.4771212817514,1182.1201171875,1585136
2018-02-06,1133.5100997332017,1175.7987457617096,1132.6381688872532,1155.613525390625,1540401
2018-02-07,1152.6925711337497,1159.6680178577058,1139.6572476431047,1144.5400390625,1561287
2018-02-08,1155.9187377614953,1166.2512039526985,1138.0877936440256,1159.2757568359375,1146084
2018-02-09,1150.076843078049,1168.3873917548033,1143.7989832493408,1162.3275146484375,810004
2018-02-12,1168.3872844577506,1177.0194207571626,1162.4145797014407,1172.267333984375,1166428
2018-02-14,1176.9322897169195,1179.8967694216858,1161.4118781992684,1176.58349609375,857401
2018-02-15,1179.7224255154497,1189.7059910502005,1167.2974110560297,1184.212890625,844856
2018-02-16,1189.3138662434005,1189.3138662434005,1175.362970451689,1178.9378662109375,1091144
2018-02-19,1184.9537097760326,1184.9537097760326,1158.6214476890802,1164.8121337890625,495950
2018-02-20,1161.5425812359188,1171.3081631564821,1157.7932363995835,1161.2374267578125,688130
2018-02-21,1167.5155253422506,1167.5155253422506,1153.564630341895,1160.1912841796875,1406451
2018-02-22,1159.754955909054,1162.9811632307728,1145.0629454952284,1156.5723876953125,2173259
2018-02-23,1156.6161371479288,1161.0629626750722,1151.1229308611369,1153.6951904296875,896708
2018-02-26,1147.6788265237456,1166.9921135338147,1147.6788265237456,1162.5452880859375,1109668
2018-02-27,1168.3870896962717,1179.2862229956772,1163.2426774915825,1173.923828125,1316559
2018-02-28,1166.991960820901,1167.0791325953626,1143.101040592096,1148.986572265625,1862621
2018-03-01,1150.948591183689,1158.7959679417595,1145.9349893660326,1154.654296875,961945
2018-03-05,1150.9485898730525,1151.7768815107174,1128.060407688077,1133.2919921875,842790
2018-03-06,1133.5101049717885,1140.3983799739913,1124.0932092172743,1127.5809326171875,738512
2018-03-07,1127.4502242626634,1140.1367542241046,1125.749895248929,1128.147705078125,917890
2018-03-08,1133.5100583047033,1138.349316897597,1119.733508867484,1127.537353515625,739272
2018-03-09,1129.1503385404153,1136.1257846472288,1121.3901334592133,1134.1639404296875,852176
2018-03-12,1137.8698093612318,1157.8805806752478,1128.3222087080085,1154.61083984375,874857
2018-03-13,1155.2212226965885,1160.9323059921599,1145.4555331602378,1151.4283447265625,1067772
2018-03-14,1148.681692952629,1155.3083459514676,1143.2321252830466,1148.2457275390625,760665
2018-03-15,1145.629806125467,1150.9485622850189,1128.496346013171,1133.46630859375,536838
2018-03-16,1136.1258331934089,1142.8396577833512,1117.0305273727006,1132.7689208984375,3646692
2018-03-19,1140.4855743266392,1149.3792265975562,1136.3439027073339,1141.706298828125,1244199
2018-03-20,1138.741854914751,1151.384854069624,1138.741854914751,1145.0633544921875,1249242
2018-03-21,1145.0630445947281,1153.6515410985296,1137.869615987908,1147.112060546875,1698614
2018-03-22,1144.4093056689628,1151.3847528654212,1141.4011866402411,1143.842529296875,950972
2018-03-23,1124.790715510296,1145.7170544035107,1119.3847872042943,1134.94873046875,1301609
2018-03-26,1136.125949586797,1159.5809118134546,1131.7662951371162,1154.6981201171875,1032138
2018-03-27,1167.5153032093463,1168.3872339809739,1151.9513602231661,1162.109375,1040328
2018-03-28,1156.2240792528844,1167.8643361523432,1152.8670599446273,1162.589111328125,1337677
2018-04-02,1146.5889822355316,1186.3054720656598,1146.5889822355316,1178.2401123046875,708747
2018-04-03,1174.577873249638,1181.9021127198548,1167.2101011047332,1175.71142578125,979726
2018-04-04,1175.3625923204825,1185.825760798113,1167.9948204255593,1183.602294921875,912607
2018-04-05,1203.2647777767377,1206.5781581453714,1188.1803289298532,1205.1829833984375,588716
2018-04-06,1204.9645659194634,1204.9645659194634,1187.9619175851265,1198.7303466796875,633937
2018-04-09,1192.7578410921337,1217.5643392466857,1192.3655147589204,1213.3790283203125,923543
2018-04-10,1219.6568856706647,1223.1446089852084,1209.3680593180134,1213.291748046875,969036
2018-04-11,1214.5996917641285,1238.577790488833,1208.1038494116394,1228.681396484375,1015714
2018-04-12,1227.6783976287384,1234.6538430698106,1218.1743319279071,1231.820068359375,510556
2018-04-13,1231.166234567805,1232.7792851883298,1220.0054782519362,1229.9019775390625,534981
2018-04-16,1228.4632438971842,1240.9317896477603,1224.9318818167487,1237.7056884765625,325041
2018-04-17,1238.5777674547749,1264.735692849807,1237.9674584369725,1260.419677734375,1176082
2018-04-18,1264.735595703125,1269.662025894822,1255.580322518097,1264.735595703125,765225
2018-04-19,1265.520205818202,1279.9070619879406,1262.8607746787525,1267.9615478515625,682820
2018-04-20,1257.3242111877878,1283.6129460447253,1256.62662397438,1279.820068359375,674146
2018-04-23,1282.610370972751,1282.610370972751,1264.2998218290204,1266.6976318359375,395622
2018-04-24,1276.506867474202,1281.5204702665358,1260.5504890560226,1272.7139892578125,1218174
2018-04-25,1272.1469454898147,1275.6346684383816,1263.4712772299972,1272.3212890625,504777
2018-04-26,1275.6347998415235,1306.6755159939025,1272.888196449228,1300.266845703125,1321586
2018-04-27,1300.2668186137544,1305.7163861687156,1281.65111713338,1285.182373046875,818770
2018-04-30,1286.09777808412,1319.7107490284493,1285.7054518452082,1315.65625,612159
2018-05-02,1318.3597232558652,1320.103585323664,1277.0738100881083,1283.4388427734375,1047583
2018-05-03,1277.9017897949839,1280.8227367575596,1256.9754500938534,1266.2178955078125,1243694
2018-05-04,1268.6593095165324,1282.6102022672296,1262.2506394465538,1276.6810302734375,586841
2018-05-07,1283.83106981666,1309.6402029957794,1277.378759912661,1306.0653076171875,887065
2018-05-08,1302.6646476781877,1312.081543127717,1289.149719941232,1304.4521484375,906975
2018-05-09,1305.193084111477,1317.487285675212,1295.9070008833778,1304.4083251953125,759263
2018-05-10,1302.6646030091133,1313.8688923968857,1290.457571923352,1296.1251220703125,932116
2018-05-11,1298.3049358008834,1313.1277591109003,1294.9043844600365,1311.4710693359375,591179
2018-05-14,1320.9751420831656,1326.3810703869121,1302.7082346733287,1310.9915771484375,1479249
2018-05-15,1334.0541294642858,1344.8660927159447,1317.051478794643,1321.4111328125,3239290
2018-05-16,1315.7434358221972,1379.7431709527416,1313.6507808396818,1372.506103515625,2420630
2018-05-17,1372.5064412460285,1391.9505433560673,1360.430219279426,1368.7572021484375,2082393
2018-05-18,1363.0895451895528,1405.9885005861777,1363.0895451895528,1400.1466064453125,2041908
2018-05-21,1406.4243109559543,1412.0046890877888,1371.5907197906547,1376.4735107421875,1510806
2018-05-22,1365.2258561631356,1385.4546112016576,1358.6427350547528,1372.680908203125,1137466
2018-05-23,1366.3155556161025,1383.1438625325145,1361.0839708466726,1367.274658203125,891664
2018-05-24,1369.01851973192,1370.3700550387084,1351.536371156973,1361.171142578125,915840
2018-05-25,1365.4437423771417,1387.4599968439506,1357.8579863831294,1373.945068359375,968884
2018-05-28,1382.0104148262162,1382.6207238542295,1374.1630370764142,1380.1357421875,563972
2018-05-29,1373.7706103829555,1393.171070624606,1363.4381452845396,1371.2855224609375,944652
2018-05-30,1368.4954921431768,1390.55538559478,1357.5963563344544,1382.7080078125,1089156
2018-05-31,1390.7297774001634,1410.479033457516,1377.38919213311,1405.072998046875,3315162
2018-06-01,1406.4243369569383,1416.3643690572737,1378.6097240087313,1385.3671875,1444570
2018-06-04,1386.3699855080545,1386.3699855080545,1358.4681996361942,1363.002197265625,857157
2018-06-05,1363.6998388903132,1371.5472164798355,1348.9206536714612,1362.653564453125,1531015
2018-06-06,1361.1712563062533,1376.7788401257694,1357.98868735171,1369.9342041015625,1085135
2018-06-07,1373.2911965304177,1400.9313640699606,1373.2911965304177,1397.7489013671875,1479204
2018-06-08,1395.002152751655,1396.179238081868,1378.9586042319902,1391.2528076171875,760059
2018-06-11,1391.60136748629,1409.91191179532,1381.4869928696244,1396.309814453125,905198
2018-06-12,1399.2746036856001,1434.3261796032866,1386.7187787591465,1428.614990234375,1707972
2018-06-13,1433.454531819075,1434.108480054394,1412.092222798657,1413.574462890625,845842
2018-06-14,1410.6098582080785,1433.4544053042343,1393.6072055904187,1403.4599609375,1348038
2018-06-15,1386.3701411492061,1420.2882746948862,1386.3701411492061,1413.66162109375,2101892
2018-06-18,1421.2035452359664,1429.0945614416128,1398.1410184695706,1402.5443115234375,846403
2018-06-19,1398.228424923,1405.552666058323,1386.1085636491407,1395.96142578125,1118708
2018-06-20,1392.4736806461194,1410.4354363288812,1392.4736806461194,1397.18212890625,1535703
2018-06-21,1400.344307161995,1414.8397156112878,1395.0732495440702,1399.861083984375,1185462
2018-06-22,1398.58758125654,1415.0156713815954,1388.9239735971041,1412.7315673828125,1098709
2018-06-25,1419.6721270737462,1431.0927568088691,1412.11696269697,1418.9254150390625,1082199
2018-06-26,1418.7935685824775,1432.6740686819405,1418.1346861202876,1424.7235107421875,759142
2018-06-27,1431.092118443623,1455.3829299928793,1404.1657781311187,1413.7855224609375,2251405
2018-06-28,1414.400812415916,1423.6251655403676,1402.1016749166472,1408.0316162109375,1177218
2018-06-29,1410.4033742879978,1445.1484762948999,1410.4033742879978,1441.7662353515625,1722592
2018-07-02,1441.5468515044554,1447.5646226007273,1427.622491663892,1443.7869873046875,1099574
2018-07-03,1445.1488195685654,1459.2928078440063,1436.3637203614617,1443.8310546875,1381265
2018-07-04,1442.5131126531269,1478.0049305391144,1440.4486360409894,1472.3824462890625,1244751
2018-07-05,1475.0178508306567,1486.7459343907585,1465.7056690512482,1482.9244384765625,1449303
2018-07-06,1483.8029655164287,1491.4020962904817,1469.2197251363727,1474.4029541015625,1458899
2018-07-09,1477.6533184416066,1489.9524542669233,1470.62524082714,1486.3505859375,773248
2018-07-10,1487.5364616678958,1492.456094249341,1474.2270190509894,1482.0457763671875,1093651
2018-07-11,1480.2888803158205,1511.915230281025,1475.0617903703317,1509.4114990234375,1158397
2018-07-12,1511.0368364609494,1536.8650456949608,1509.4994443308292,1530.6715087890625,1471465
2018-07-13,1530.363883775531,1537.4359296935515,1514.5507093163117,1530.9349365234375,976456
2018-07-16,1537.2165600740084,1562.8690044917691,1531.9893621849299,1538.4903564453125,2218046
2018-07-17,1552.3269499203207,1563.747578301172,1474.3152300843622,1477.3900146484375,6188478
2018-07-18,1487.3171463581275,1493.2031193396347,1429.3354974156368,1444.050537109375,2372869
2018-07-19,1451.2104586100681,1467.111465621807,1443.9627522679245,1447.301025390625,1457149
2018-07-20,1454.7241441595258,1468.3849048099198,1430.9165542025496,1454.68017578125,1734748
2018-07-23,1466.188927807788,1496.0582618225449,1458.8095310784702,1484.3741455078125,1382893
2018-07-24,1493.4664974852228,1501.9879987219508,1460.4784151889057,1465.266357421875,1084438
2018-07-25,1467.9897113691889,1475.413075451705,1439.2185186418753,1452.132568359375,1526620
2018-07-26,1453.9335833534963,1475.588869351133,1445.1924545549969,1467.0672607421875,2088548
2018-07-27,1467.1112387980806,1471.3281283684528,1442.0297432867176,1457.4476318359375,1030665
2018-07-30,1463.8171678595154,1486.4387985106075,1450.4198914544995,1483.5396728515625,1237254
2018-07-31,1484.6815305325224,1526.366776763027,1477.3898564510814,1521.271484375,1877744
2018-08-01,1522.4136573124786,1531.242724523709,1509.8070619521461,1523.5997314453125,1191134
2018-08-02,1530.5837763632778,1545.9576986398497,1527.7286193690572,1536.074462890625,1127209
2018-08-03,1540.906156110412,1552.6342402405687,1534.6687581123479,1548.812744140625,758933
2018-08-06,1546.1775181525175,1546.1775181525175,1506.6885386388774,1520.0858154296875,1629015
2018-08-07,1520.524727042896,1530.3639934041603,1514.550817812154,1519.8658447265625,863577
2018-08-08,1518.0648807019147,1548.81272261428,1512.2227692905728,1543.6734619140625,1423256
2018-08-09,1547.495196447477,1550.5699811125726,1527.0258727809908,1541.08203125,939345
2018-08-10,1537.3919827097118,1549.3396932416363,1529.9246502222645,1539.763916015625,730724
2018-08-13,1527.7285414212604,1543.1024629134238,1516.088286577194,1518.8116455078125,691024
2018-08-14,1518.943302967563,1545.5621903285062,1518.943302967563,1532.340576171875,850399
2018-08-16,1529.4856119826477,1539.1052517122832,1520.3490883148838,1526.322998046875,638454
2018-08-17,1529.573434847312,1571.3026515344793,1521.3593894316211,1567.92041015625,1420289
2018-08-20,1572.5326890145786,1588.916919764318,1557.7736800987866,1561.112060546875,924623
2018-08-21,1561.1121159225659,1561.1121159225659,1537.3923482636412,1539.588623046875,1169476
2018-08-23,1550.5256103192655,1566.8220077109215,1543.980756126686,1557.4219970703125,1375102
2018-08-24,1557.817548487814,1571.6540782431691,1548.1539404047091,1564.58203125,866648
2018-08-27,1573.4109949911876,1579.5605633691541,1562.605281945347,1574.5531005859375,627163
2018-08-28,1571.6539964726971,1573.3670476477694,1553.0734931770814,1556.0164794921875,991764
2018-08-29,1559.354979166671,1563.2204439433037,1538.4903702904971,1542.531494140625,777922
2018-08-30,1541.7846861022997,1563.5717718560277,1541.7846861022997,1557.466064453125,1586926
2018-08-31,1561.1119681230598,1572.4886275271247,1550.569850161621,1563.8353271484375,1335542
2018-09-03,1573.850483550323,1573.850483550323,1489.8209902901094,1492.6761474609375,1744229
2018-09-04,1490.8311285959621,1491.665670008854,1426.568115364354,1450.5953369140625,3852609
2018-09-05,1443.3916884028126,1447.3889511297405,1402.101725313992,1415.894287109375,2693195
2018-09-06,1426.216871230054,1437.6814684574663,1404.42988979479,1413.1710205078125,2008264
2018-09-07,1416.069991905302,1444.8850494863786,1406.4942134761156,1439.657958984375,1571003
2018-09-10,1434.342963202297,1441.1075532686755,1409.1297738602614,1414.6644287109375,1423511
2018-09-11,1417.0362835800793,1426.699891217637,1384.5753899117228,1397.401611328125,2381214
2018-09-12,1405.571798817415,1438.032802285315,1394.6343940248312,1429.2037353515625,1789295
2018-09-14,1438.910996604925,1448.662432403557,1416.5968297457464,1431.3558349609375,1920969
2018-09-17,1423.1855558527677,1428.4566134670372,1401.2228157933114,1410.4031982421875,904395
2018-09-18,1424.9428528066385,1467.9458633292015,1421.4288137121707,1462.6748046875,2932792
2018-09-19,1467.9898129725073,1474.5786361905168,1438.252278963217,1446.993408203125,1589108
2018-09-21,1450.4195771773018,1455.602806078562,1411.1502347917435,1424.327880859375,3032792
2018-09-24,1424.986700290743,1440.3166516437298,1374.0769988850118,1397.2257080078125,1817390
2018-09-25,1405.615526376911,1440.7559145363339,1385.453771566424,1432.717529296875,1229970
2018-09-26,1444.6215692700002,1448.6626929934862,1403.8586921792546,1415.0596923828125,980726
2018-09-27,1414.4008755668667,1427.5785234758748,1408.426965618794,1423.2738037109375,1572603
2018-09-28,1423.2738843837606,1429.5992200825958,1405.6598250243185,1412.995361328125,1735076
2018-10-01,1411.3260386605282,1451.6496612131086,1407.0213190554,1442.7767333984375,1721675
2018-10-03,1442.513183797544,1442.5571521863403,1411.457881830652,1422.1756591796875,1213562
2018-10-04,1405.6153198615334,1408.0751895672665,1372.3197855243257,1382.7301025390625,1544573
2018-10-05,1370.035957383517,1383.5210606202552,1342.8899846157744,1369.201416015625,1638027
2018-10-08,1362.568518329335,1379.6116276274795,1350.3572122876776,1369.904052734375,1998863
2018-10-09,1373.1106109044479,1379.2601785796437,1311.1756793185466,1328.701904296875,1562134
2018-10-10,1328.746096830487,1355.7163052883484,1309.4628492633803,1342.0555419921875,2294071
2018-10-11,1308.9796638263049,1352.9051559010131,1297.7346949591913,1340.69384765625,1823960
2018-10-12,1366.521969040212,1385.849184288611,1352.99289691834,1378.908935546875,1728063
2018-10-15,1361.4263018088843,1399.4218424996536,1317.764417020902,1340.8692626953125,3913322
2018-10-16,1349.1274537625145,1368.3229786389359,1341.04520651768,1358.351806640625,1374834
2018-10-17,1368.8059683906322,1386.1126741567357,1358.21999064645,1372.232177734375,1223188
2018-10-19,1362.7443616257194,1393.0969181732175,1355.584592533182,1386.639892578125,932433
2018-10-22,1395.073456381295,1396.8304758477702,1376.273326642019,1392.35009765625,614209
2018-10-23,1384.1361917364277,1389.80253718738,1359.4939483549117,1363.4912109375,989355
2018-10-24,1372.2324362909096,1397.7092228801775,1363.7987628679748,1393.272705078125,690618
2018-10-25,1390.6660543797186,1406.3485972420058,1371.802848338296,1388.50146484375,2397242
2018-10-26,1384.5700179448907,1395.5257337849575,1369.4175643805572,1376.7508544921875,1049382
2018-10-29,1377.811063681365,1377.811063681365,1344.7231425075172,1372.0240478515625,1478828
2018-10-30,1372.907582075301,1416.8186694815636,1362.7911703869465,1407.49755859375,1366068
2018-10-31,1407.4530964550456,1434.842328087253,1380.0196455019855,1432.8101806640625,1478902
2018-11-01,1435.284202864888,1435.284202864888,1399.1039516952476,1420.3968505859375,1037308
2018-11-02,1423.0914721210231,1456.223608348948,1420.9268823616012,1447.6092529296875,1332970
2018-11-05,1444.560868429338,1455.163150032489,1422.4727817561063,1449.022705078125,764645
2018-11-06,1457.8139775392713,1461.3480720302757,1431.3965996486133,1441.8663330078125,656676
2018-11-07,1448.9787047321192,1455.119150614421,1444.0309941400199,1452.3802490234375,114827
2018-11-09,1457.813762709059,1484.3194674855872,1447.4765809870082,1477.7813720703125,1125863
2018-11-12,1477.2512372688777,1486.042252627381,1457.106859074417,1461.6129150390625,805817
2018-11-13,1452.6012812020347,1483.0828485918826,1445.9307420351745,1476.4564208984375,673435
2018-11-14,1477.2514168837438,1536.8892581754021,1473.761541904513,1515.6846923828125,1780843
2018-11-15,1517.672631980539,1527.0821796930393,1499.0303059830221,1507.33544921875,997169
2018-11-16,1506.3194576996439,1517.8935956771888,1487.2353688703784,1492.3597412109375,1071547
2018-11-19,1496.0708957725867,1508.1751287087,1481.6694146716402,1503.2274169921875,910054
2018-11-20,1502.8737525624679,1510.737134742985,1488.7815932615483,1496.6890869140625,740827
2018-11-21,1493.199156418184,1507.2913151984928,1483.171076919989,1493.1107177734375,932133
2018-11-22,1495.717242987413,1505.2592339152309,1469.299863675639,1479.990478515625,808599
2018-11-26,1482.641122151431,1546.166498726661,1482.641122151431,1540.8653564453125,2314140
2018-11-27,1536.3592096130456,1538.656349402649,1510.1627133026002,1531.4114990234375,1592918
2018-11-28,1529.3795119752515,1544.3994147502829,1516.7892993550047,1530.439697265625,1205956
2018-11-29,1542.54398348336,1572.6721187955013,1535.122363150103,1562.5115966796875,1936534
2018-11-30,1564.6759985177484,1588.8404540584222,1539.3189155987486,1549.7003173828125,2373749
2018-12-03,1563.3950400242322,1624.181508004631,1544.4435015835024,1612.960693359375,4310053
2018-12-04,1621.2660369014095,1633.5911497359566,1591.2262302231272,1597.1016845703125,3155914
2018-12-05,1592.9928343054505,1638.75939370638,1579.73998210657,1632.8397216796875,2847336
2018-12-06,1625.683631695809,1631.8682976859561,1588.2664240258223,1591.66796875,2399579
2018-12-07,1591.4912116821415,1619.277987644555,1583.3627293000425,1611.812255859375,1774240
2018-12-10,1587.5153595998213,1603.5954471132663,1581.5073555552324,1586.6318359375,1216028
2018-12-11,1573.555911487225,1607.925009394999,1563.92548035185,1585.8369140625,2237806
2018-12-12,1586.8086967482277,1630.14558096671,1586.7644774187563,1624.8885498046875,1449484
2018-12-13,1632.7515949630101,1649.9360856544774,1623.0770547895004,1639.4222412109375,1586900
2018-12-14,1623.032699726394,1648.5223316056997,1619.2777247814636,1643.8397216796875,1573884
2018-12-17,1647.7715155939602,1651.7473717978062,1630.1452628977102,1635.1370849609375,1179613
2018-12-18,1633.5468082580087,1633.5468082580087,1619.4987614248396,1626.3460693359375,1521255
2018-12-19,1634.474498897028,1641.5869072711635,1627.4505291676444,1629.9244384765625,1687085
2018-12-20,1624.7997640916758,1638.847809723552,1608.8963406258517,1620.60302734375,1500656
2018-12-21,1619.4988847504635,1627.9806903997037,1590.3426036829428,1593.4349365234375,1439522
2018-12-24,1602.7116672103339,1602.7116672103339,1570.5072780083433,1576.7802734375,1023418
2018-12-26,1555.001693490544,1589.1499056594748,1538.435624312733,1582.9210205078125,2212019
2018-12-27,1592.7281481799403,1610.663722625906,1584.290561464338,1603.5072021484375,1516851
2018-12-28,1606.1574524468006,1621.1773525100048,1604.213635962719,1609.8240966796875,963189
2018-12-31,1616.8483057775923,1622.9446406320737,1600.2822370708548,1607.703857421875,757071
2019-01-01,1612.2540287186007,1612.2540287186007,1588.8847630437097,1591.314453125,807345
2019-01-02,1583.627855927703,1598.1617772341076,1564.985527963995,1576.736328125,1598707
2019-01-03,1574.9691479085,1593.3905933994902,1574.9691479085,1580.0936279296875,1182624
2019-01-04,1589.3707440290793,1592.1096458227453,1565.73648596817,1574.174072265625,1454134
2019-01-07,1582.8324103715486,1593.8764545410404,1574.8364792520392,1577.0452880859375,909032
2019-01-08,1583.274561597066,1584.5998472234028,1555.9736561241232,1564.5880126953125,1262707
2019-01-09,1570.4634158350839,1587.6921284138655,1566.8409901453333,1577.08984375,1324628
2019-01-10,1577.0895951150003,1589.547256060635,1571.7884536188155,1578.1497802734375,1313981
2019-01-11,1585.9250703263383,1586.2785013831653,1553.7206740167853,1563.306884765625,1113837
2019-01-14,1564.720261477803,1573.3346163899478,1555.0898328774156,1558.447265625,1018068
2019-01-15,1561.5396934028936,1584.5113079030887,1561.5396934028936,1581.374755859375,1614600
2019-01-16,1581.5071645847006,1585.748120792542,1561.0094612347925,1566.0897216796875,2054033
2019-01-17,1569.9330980391749,1572.0093569177034,1539.5398647908378,1547.4915771484375,1941204
2019-01-18,1546.1664245114334,1562.8208241421974,1526.1104803171465,1540.95361328125,3234056
2019-01-21,1545.2828683343575,1553.2345812074332,1533.8412801744578,1543.427490234375,1628067
2019-01-22,1542.6322614645453,1550.5839741525067,1538.4355242125655,1546.343017578125,1776472
2019-01-23,1547.9333990103682,1576.2503744789572,1545.636259143882,1561.3629150390625,2321782
2019-01-24,1561.0097026177075,1576.2504863091137,1552.086027044317,1554.5599365234375,1350870
2019-01-25,1556.768596023293,1571.5676164451943,1546.1663127359604,1552.17431640625,1131790
2019-01-28,1554.029736762083,1565.206332269135,1537.4636686741621,1539.981689453125,1289774
2019-01-29,1541.7489965524012,1558.4033982398835,1525.0503755350965,1552.086181640625,1319822
2019-01-30,1555.0017391331294,1555.6643819196918,1526.8173110409382,1531.455810546875,1259978
2019-01-31,1533.7088172443957,1568.1662416532245,1533.134505267179,1557.8731689453125,1880257
2019-02-01,1557.8732901303174,1619.057311307986,1556.2829042007745,1589.724365234375,2342251
2019-02-04,1590.2542997028663,1610.663675223891,1585.6599118368788,1592.6397705078125,1116390
2019-02-05,1594.7601468583405,1621.2216363482348,1594.7159275361848,1609.2940673828125,1278708
2019-02-06,1615.4346801877675,1622.5469809337212,1608.0130598794606,1616.8040771484375,859789
2019-02-07,1620.3822788997747,1630.1010384787812,1615.3903490001576,1624.8441162109375,927434
2019-02-08,1624.8881906950432,1631.8680485314956,1600.061199724168,1605.62744140625,1222765
2019-02-11,1600.1057637864776,1603.9490706083366,1586.5878069901214,1594.583740234375,797453
2019-02-12,1599.1775243147463,1600.9445713029395,1580.623530938719,1585.48291015625,990035
2019-02-14,1586.8086974539651,1589.0175068880603,1570.021745754842,1577.1341552734375,1341658
2019-02-15,1581.5073548600687,1581.5073548600687,1543.9575992279165,1566.310791015625,1177218
2019-02-18,1568.3430455376074,1568.3430455376074,1532.913763411865,1547.8453369140625,1513430
2019-02-19,1546.166277758275,1554.6480826258633,1528.8933484859467,1535.519775390625,1598381
2019-02-20,1539.7165086077173,1542.5879602592825,1521.4276135370098,1531.588134765625,1430235
2019-02-21,1534.6806436146449,1553.2346410331295,1534.106331647956,1550.3189697265625,1225418
2019-02-22,1555.001615824227,1566.4874232138377,1547.8892073383188,1562.5557861328125,1360163
2019-02-25,1565.6038574811278,1568.9612903840223,1554.1180504002841,1563.9693603515625,1490746
2019-02-26,1558.0054232463008,1577.8847027845268,1556.7684687268568,1565.8245849609375,2190515
2019-02-27,1571.788773580343,1571.788773580343,1527.2150429003939,1534.239013671875,1491740
2019-02-28,1545.282747219944,1552.0417242027124,1526.3753209665786,1530.837158203125,1895136
2019-03-01,1532.913703929128,1545.2830364104004,1529.4238282627198,1532.6044921875,761115
2019-03-05,1537.154600749876,1537.154600749876,1517.4519787869738,1523.7249755859375,1406843
2019-03-06,1525.0504546890804,1528.4962191813404,1500.1792374134984,1501.8138427734375,2193045
2019-03-07,1507.600534782183,1519.6606539844963,1501.8135196773414,1506.76123046875,1566441
2019-03-08,1507.2913341913743,1517.8936179019818,1497.660904917171,1503.40380859375,1419614
2019-03-11,1509.7211706350759,1524.9619549472661,1504.640909197679,1515.198974609375,1427771
2019-03-12,1518.6890112056865,1536.4478171945755,1518.6006804001738,1532.737060546875,1861116
2019-03-13,1545.282853109304,1551.025756794387,1538.3029947524167,1544.0458984375,1744331
2019-03-14,1546.8291516658069,1547.6684560583901,1528.6726960921958,1534.94580078125,867427
2019-03-15,1541.7487172159747,1543.0740026462463,1497.0865550750195,1500.5765380859375,3571762
2019-03-18,1510.8256333626484,1511.6649377959302,1490.4162560262241,1499.8258056640625,1621113
2019-03-19,1499.8698855286061,1510.2955088436413,1491.5647407685635,1501.68115234375,1456211
2019-03-20,1506.4079240994733,1516.5684467546898,1487.367945026501,1490.990478515625,2312268
2019-03-22,1490.9903986152467,1505.3917695914183,1478.7535096176775,1482.596923828125,1636228
2019-03-25,1479.0185364412177,1490.9461052834856,1466.649205789977,1478.885986328125,2039945
2019-03-26,1484.2314821005436,1494.5245547544491,1479.018670711028,1487.67724609375,1452899
2019-03-27,1487.8538439001957,1508.8817501555034,1479.9021309577363,1485.026611328125,1520533
2019-03-28,1488.7373573789398,1494.9220229585555,1478.488504560264,1487.7655029296875,1852958
2019-04-01,1510.825379501433,1520.8533509470212,1489.6208127715884,1493.1549072265625,1283162
2019-04-02,1495.9382273491917,1499.3397721445847,1484.4081995139315,1490.6370849609375,1227869
2019-04-03,1486.0868283155773,1490.1510156692248,1474.291808769444,1476.19140625,1233102
2019-04-04,1473.71758971221,1490.15110960982,1464.8823523638152,1472.4365234375,1212398
2019-04-05,1475.4845557250505,1476.8098412541449,1457.8140820037925,1465.8541259765625,1468074
2019-04-08,1470.9786376953125,1484.0989431412197,1463.9104480568963,1470.9786376953125,1647502
2019-04-09,1474.4242911789609,1487.7654765508992,1468.637168205554,1484.761474609375,1232434
2019-04-10,1488.4721704457475,1506.0985310322096,1479.9020346396799,1496.821533203125,1720236
2019-04-11,1504.6407365984048,1516.5683055614575,1500.2673377860876,1511.1788330078125,2026954
2019-04-12,1516.4799093620006,1523.8130904377206,1511.0019984003295,1521.118408203125,1437818
2019-04-15,1524.0782754191987,1529.5560788335258,1513.5643225574995,1521.471923828125,1035378
2019-04-16,1524.9617841398401,1539.0981622083439,1516.2590979618187,1536.050048828125,1625738
2019-04-18,1536.049940536209,1540.9534316218208,1527.8331282223767,1537.24267578125,1475552
2019-04-22,1537.331036436149,1541.7486543569423,1528.5841313825777,1537.198486328125,717781
2019-04-23,1539.0981612747494,1544.3993030472227,1531.234779408513,1541.0418701171875,802947
2019-04-24,1541.395554923475,1550.584223745706,1532.9137482614244,1548.4637451171875,1169461
2019-04-25,1551.4675236788398,1557.298758176935,1526.021999511869,1532.2066650390625,1704890
2019-04-26,1535.5640270272556,1546.8731723233782,1525.0942938679248,1543.824951171875,772993
2019-04-30,1546.1661503604605,1556.768432534361,1541.7043134714809,1552.96923828125,1171594
2019-05-02,1551.9091781460895,1557.210319659825,1519.8814481672705,1522.797119140625,793819
2019-05-03,1519.6606610472493,1525.8453265282556,1486.086762721787,1496.29150390625,1442888
2019-05-06,1490.5045757897615,1490.5045757897615,1463.1153393644606,1474.5128173828125,2373878
2019-05-07,1483.2596439439174,1511.6207333967332,1477.6934014434141,1499.781494140625,2212617
2019-05-08,1499.7815216393435,1499.7815216393435,1479.902237847364,1492.0064697265625,1243338
2019-05-09,1484.4079898603245,1513.475938087514,1481.669088250298,1505.3033447265625,1204995
2019-05-10,1509.8977364916934,1509.9419558161085,1482.9944838135389,1490.9019775390625,1000696
2019-05-13,1494.9217232369087,1517.0098101641681,1492.0060526217158,1503.7569580078125,1160287
2019-05-14,1501.9902024649507,1510.8254389500387,1484.4963910836734,1500.6649169921875,1442817
2019-05-15,1501.9900736651452,1504.640644383378,1472.78957644515,1476.412109375,1235429
2019-05-16,1479.6370059810383,1501.9901973530366,1477.4281968672838,1491.5645751953125,714690
2019-05-17,1493.2434062001423,1539.2749700902714,1488.9141184347948,1534.5040283203125,1502484
2019-05-20,1555.001487570522,1569.7121766227679,1532.7808481521683,1566.0455322265625,1279236
2019-05-21,1566.399051708862,1588.0894919273785,1566.399051708862,1577.310546875,1337466
2019-05-22,1577.0897632003062,1577.0897632003062,1543.8250751960152,1562.3349609375,1162653
2019-05-23,1577.9288332694207,1594.6716691712859,1541.7485872145535,1549.5677490234375,1551172
2019-05-24,1549.7003916143499,1554.8248716259393,1525.9335852466713,1545.8128662109375,1603085
2019-05-27,1545.282747216243,1569.0936646457562,1533.7969406331606,1565.5595703125,1373845
2019-05-28,1568.2543890593565,1577.9731486535272,1550.1421552702202,1569.93310546875,2863139
2019-05-29,1568.2545038383414,1580.9330468482663,1564.1903165537258,1573.423095703125,899619
2019-05-30,1579.7399708385876,1583.274064733081,1573.555306523224,1576.4267578125,1038433
2019-05-31,1578.5916211665892,1592.6838877279647,1558.5356779751712,1580.1820068359375,1329926
2019-06-03,1585.041468341939,1630.1011756359408,1583.2744209970763,1625.41845703125,1415582
2019-06-04,1617.7316507092025,1630.542742426998,1596.6154158936092,1604.1253662109375,842283
2019-06-06,1609.9124885013177,1634.4302674752403,1601.0330335159088,1623.6954345703125,1626007
2019-06-07,1619.4991590600675,1629.8805639258374,1603.5957303295268,1617.51123046875,698970
2019-06-10,1625.5069532364325,1647.7274881032636,1621.2659963177925,1636.7276611328125,814577
2019-06-11,1639.0249290885881,1640.5269842133214,1618.70388231744,1625.507080078125,591026
2019-06-12,1623.9164991732778,1637.3902350886165,1609.8243398321374,1631.95654296875,709916
2019-06-13,1631.9124736093436,1633.3702014152095,1610.7079050642337,1630.54296875,697830
2019-06-14,1628.3342003933947,1637.3903184368196,1604.7882719100865,1610.6195068359375,632971
2019-06-17,1618.5270647046198,1618.5270647046198,1594.4068248950205,1606.290283203125,669276
2019-06-18,1599.619533658481,1606.3785110049039,1584.157870118562,1598.8243408203125,995083
2019-06-19,1605.1857442106298,1612.3863753793348,1592.109551589515,1600.6796875,600455
2019-06-20,1600.9465725567848,1610.2460797896915,1594.2722538829794,1606.33056640625,603514
2019-06-21,1610.7357475060971,1612.5155660116288,1566.5073010962371,1572.158203125,2512357
2019-06-24,1574.249447883388,1581.9026456323834,1563.3035207626338,1570.2003173828125,762144
2019-06-25,1574.8722292284913,1574.8722292284913,1552.8915159792612,1563.0809326171875,941132
2019-06-26,1560.011096267657,1570.6900085067966,1554.1377162624326,1567.13037109375,1075017
2019-06-27,1573.3593693125667,1590.757136560445,1566.4625734346412,1579.0548095703125,1235049
2019-06-28,1581.591218776758,1593.5160244848325,1568.6875346173754,1590.8017578125,1008229
2019-07-01,1600.8575523991897,1600.8575523991897,1577.497437784612,1584.2161865234375,553283
2019-07-02,1587.598223007703,1600.0569534573149,1575.1394925580908,1592.2257080078125,763979
2019-07-03,1595.6074825471665,1599.0336118570078,1581.279963576866,1588.22119140625,815571
2019-07-04,1584.5278634446197,1600.6796284575707,1584.5278634446197,1596.14111328125,646633
2019-07-05,1601.836546940682,1616.0750940245991,1589.3778182422543,1594.183349609375,1098940
2019-07-08,1588.2656148429924,1588.2656148429924,1556.1843412936873,1560.50048828125,776755
2019-07-09,1559.1208614288537,1562.6804980987824,1534.2923739298017,1548.6644287109375,1462668
2019-07-10,1547.5523658989837,1561.7019463474219,1515.6045983786769,1529.398193359375,648476
2019-07-11,1519.9649294514847,1550.800305279361,1519.9649294514847,1540.3438720703125,813618
2019-07-12,1536.6953823644596,1546.884800129452,1520.18752183008,1524.592529296875,1107445
2019-07-15,1526.1944078649415,1534.8264843868533,1514.6255872805425,1527.9296875,725180
2019-07-16,1533.7585711401478,1557.875089754955,1524.192046835096,1549.5989990234375,1259786
2019-07-17,1548.4423225903784,1571.179550722401,1535.8500831257684,1566.8634033203125,1278232
2019-07-18,1571.5798341517095,1571.5798341517095,1520.8550037175944,1547.685791015625,1006299
2019-07-19,1555.5614752513513,1567.9756666841924,1520.988520253674,1531.0,983217
2019-07-22,1532.6908463872296,1534.8265418236847,1476.4040825913664,1495.6705322265625,1729722
2019-07-23,1497.7169531578284,1514.2248097304891,1483.7454243201175,1506.927490234375,1556691
2019-07-24,1499.4971136071977,1541.3228491202767,1493.8016725769887,1538.3416748046875,2621818
2019-07-25,1539.5430191970174,1557.2522351903817,1537.7632006777146,1545.4609375,1297267
2019-07-26,1540.5221198735642,1550.222153929276,1530.021254273849,1540.1217041015625,771408
2019-07-29,1538.6529267448473,1548.2639890573876,1512.8455612875885,1524.681396484375,688427
2019-07-30,1526.1941111703595,1543.4138305817578,1517.2950201431272,1530.5546875,747251
2019-07-31,1529.7538188286128,1560.0552686402038,1513.7799931433522,1536.5616455078125,1371879
2019-08-01,1531.533842306285,1552.6246483961936,1521.7448404089175,1540.699951171875,1072498
2019-08-02,1532.6017348978592,1550.2219822822572,1518.1852478608098,1546.1728515625,1051529
2019-08-05,1537.6742814068514,1560.4113985503272,1519.698048599297,1549.510009765625,1539739
2019-08-06,1540.8777422514115,1566.2401538333725,1537.3626444496663,1552.090576171875,1409075
2019-08-07,1552.0906736826341,1590.1788323599924,1548.442067548618,1581.5911865234375,2507314
2019-08-08,1584.4836507967134,1608.0662493623483,1584.4836507967134,1604.5955810546875,1761732
2019-08-09,1606.2860997754028,1643.3508395380702,1602.6374937958406,1638.63427734375,1730596
2019-08-13,1635.6529903764642,1635.6529903764642,1603.7497696082044,1623.8616943359375,1907934
2019-08-14,1624.9742873418456,1650.0252544069588,1609.5788138941668,1636.587646484375,1910376
2019-08-16,1635.6531490255102,1644.1518255429587,1616.1196850672766,1627.33251953125,1468390
2019-08-19,1628.667206278386,1641.882335053741,1611.6254248142682,1620.435546875,905742
2019-08-20,1621.414539822939,1646.0649808671012,1613.4053571344614,1640.4586181640625,1231835
2019-08-21,1640.0135760112953,1651.448886735246,1633.8731812183278,1646.3319091796875,1933855
2019-08-22,1646.7325878215636,1673.0294505636093,1639.1239286375305,1665.9991455078125,2543055
2019-08-23,1668.3572395406743,1670.670981688389,1646.9104499732375,1655.2310791015625,1278546
2019-08-26,1661.9053849558484,1676.3218701438327,1646.3319743873196,1669.9591064453125,855849
2019-08-27,1676.5891010637115,1681.0386475102712,1639.168371995542,1656.4771728515625,2510386
2019-08-28,1632.983535431675,1644.9083415584032,1612.9605765503602,1626.8431396484375,2519453
2019-08-29,1616.965291059401,1640.681396994142,1614.3845322147317,1631.1593017578125,2837369
2019-08-30,1632.2715980359949,1678.7249287724742,1625.9978026367205,1674.7203369140625,1766858
2019-09-03,1657.90070129871,1669.2915815610859,1632.9832457773123,1639.0791015625,1195923
2019-09-04,1643.662504006816,1654.385954699962,1617.2322408167543,1643.3065185546875,1147464
2019-09-05,1639.2129122404017,1640.9481919033637,1617.9885973994208,1628.3115234375,1059065
2019-09-06,1629.42394361689,1640.4143018489,1614.4734237837497,1618.8785400390625,631575
2019-09-09,1618.745005270711,1653.4514677256632,1615.541353539632,1632.13818359375,1175372
2019-09-11,1629.4237740743085,1644.1518150478955,1617.2320612708622,1623.46142578125,1055039
2019-09-12,1624.9743210827812,1631.7376097837696,1600.5018162471972,1606.6422119140625,862635
2019-09-13,1607.1761725625454,1624.0844490180762,1596.141275675793,1606.7757568359375,1299932
2019-09-16,1602.726629581165,1623.8619751961305,1601.8367202921138,1616.34228515625,945889
2019-09-17,1614.9628426478166,1639.2128701789657,1612.5155921630217,1629.601806640625,1424258
2019-09-18,1636.9882533347445,1640.9483064993394,1618.4336650680982,1627.8221435546875,751391
2019-09-19,1628.5339178701645,1640.6366618722984,1609.1783917971175,1613.1829833984375,644684
2019-09-20,1622.3047298891831,1772.6994086337097,1610.9583857827174,1752.89892578125,4539742
2019-09-23,1765.5799423949013,1869.3877689374663,1765.5799423949013,1815.1923828125,3783357
2019-09-24,1819.8642718234362,1840.243105125948,1787.916510557548,1824.7142333984375,1784798
2019-09-25,1816.3048781474683,1835.393389146734,1790.364000371192,1825.64892578125,1874109
2019-09-26,1828.7635052732228,1846.5616902393854,1794.902414922498,1810.431396484375,3907951
2019-09-27,1802.956039815476,1819.5528681274404,1784.7129012092482,1789.5184326171875,1458672
2019-09-30,1786.848702052539,1795.7477940408166,1754.3670162953263,1763.7554931640625,2169407
2019-10-01,1770.029475904193,1797.5276931083408,1764.6900204716012,1771.1864013671875,1080409
2019-10-03,1766.2475290413545,1766.7370226216683,1742.753901184965,1746.046630859375,1423468
2019-10-04,1749.5615638863742,1759.617581739745,1725.6229836308053,1730.1614990234375,1723988
2019-10-07,1729.9389427575882,1746.8472175269976,1715.433488002728,1726.4683837890625,880275
2019-10-09,1735.3230313843524,1746.6248353669223,1727.5363254742945,1733.543212890625,1066739
2019-10-10,1733.5432934027779,1764.245163845486,1722.5083965028657,1752.0089111328125,1492290
2019-10-11,1767.2260852230415,1794.8578081180813,1758.0155471351916,1783.9564208984375,1934337
2019-10-14,1799.7525381716277,1807.8061519255928,1785.3804816645754,1792.499755859375,2135148
2019-10-15,1824.313933944844,1848.6084995421722,1802.7781738845333,1837.1285400390625,5761733
2019-10-16,1837.929635872146,1851.0112585254708,1826.6278317366343,1843.0020751953125,1661705
2019-10-17,1839.8874286760345,1875.9287543647308,1834.9483887401673,1872.2357177734375,2001245
2019-10-18,1868.8095518964947,1883.048100863325,1860.5333518569214,1874.905517578125,2202270
2019-10-22,1886.6076395750747,1912.4150082296394,1879.4883654634707,1893.1485595703125,1737401
2019-10-23,1895.9213696917714,1912.0229929622726,1876.7336456395392,1908.2659912109375,1535786
2019-10-24,1915.1989385802708,1923.2497514934994,1894.6694093299934,1908.3558349609375,973453
2019-10-25,1921.0577769755112,1929.06381777147,1904.7325209243497,1918.8662109375,1612038
2019-10-27,1921.4603549169735,1921.4603549169735,1909.3841376025512,1914.0804443359375,85187
2019-10-29,1909.8317902474623,1935.7285289238832,1888.7206816962441,1932.3740234375,1229516
2019-10-30,1950.0857935898623,1950.0857935898623,1916.0934724171948,1940.6036376953125,1195298
2019-10-31,1936.6676259568492,1956.5710230365441,1931.5688218440985,1945.9261474609375,1752830
2019-11-01,1936.7567892567558,1953.931808474473,1920.0288189097414,1949.50390625,1609685
2019-11-04,1949.504103502317,1956.2131131249525,1923.070561910685,1930.539794921875,1523698
2019-11-05,1926.3802495884627,1946.2836443195254,1917.1217291768946,1943.063232421875,2167085
2019-11-06,1937.5623010885931,1953.6639268594124,1927.7224186730925,1949.59375,1093243
2019-11-07,1959.0308139550814,1959.0308139550814,1903.5696676239331,1912.7386474609375,1970785
2019-11-08,1909.831653072224,1918.9110932463157,1863.3158470020808,1866.357177734375,1537851
2019-11-11,1861.7949512701675,1878.5674754220652,1849.9423675361597,1861.8397216796875,1050170
2019-11-13,1864.2104246996055,1873.9607661475068,1853.8785046270623,1870.47216796875,868433
2019-11-14,1870.1144256403124,1870.1144256403124,1844.0386067828117,1850.837158203125,1291198
2019-11-15,1844.7540140767949,1877.6281612545486,1834.2880027353867,1840.683837890625,958290
2019-11-18,1842.562697570937,1856.4727564295192,1823.0617965981553,1839.34228515625,1200573
2019-11-19,1842.7863027995063,1842.7863027995063,1815.9054906510703,1822.838134765625,1413218
2019-11-20,1828.429016218696,1836.345736057765,1804.321348553171,1812.774658203125,989673
2019-11-21,1813.2219112839894,1842.696787179688,1804.2765639170234,1832.5885009765625,1397175
2019-11-22,1833.796018149229,1836.6584853283784,1796.225563143245,1814.4293212890625,835864
2019-11-25,1808.8382631746103,1848.9581152698477,1808.8382631746103,1844.887939453125,862520
2019-11-26,1841.8469852100616,1861.30311533552,1817.9629519069176,1841.265625,3188224
2019-11-27,1845.0225698863196,1878.4333095468817,1839.0292311373912,1872.4847412109375,1259986
2019-11-28,1876.68897224172,1877.0469171460245,1849.0031678100017,1867.0279541015625,1026831
2019-11-29,1864.2101547767318,1864.6574220883383,1816.7998197464215,1820.6463623046875,1298616
2019-12-02,1823.0618418302804,1844.5306760814713,1815.2346626762005,1827.71337890625,1600494
2019-12-03,1825.745129734727,1836.5690858176338,1807.094105050203,1814.5186767578125,1199012
2019-12-04,1813.2218512296677,1835.5852189064026,1808.7491776943207,1832.007080078125,1046309
2019-12-05,1831.8284691394463,1831.8284691394463,1813.4905051185701,1822.5699462890625,961085
2019-12-06,1828.4286781750543,1832.901351066872,1808.7489174510565,1812.371826171875,657658
2019-12-09,1815.905424458984,1817.7392642557318,1781.1974347366856,1796.35986328125,964222
2019-12-10,1802.3978841456465,1826.2819155694758,1798.9091771791227,1811.7457275390625,1610623
2019-12-11,1814.0268091649202,1815.9053100602407,1787.2802017243157,1798.4171142578125,967708
2019-12-12,1798.0147037763018,1819.9308033994457,1790.8584263483363,1795.6441650390625,955318
2019-12-13,1805.5735286336976,1810.5382399166645,1789.0694070322772,1794.615478515625,1212988
2019-12-16,1789.069423344727,1798.9093051731231,1760.5785146171886,1766.482421875,1683941
2019-12-17,1770.283918366524,1784.551701114529,1744.3424157729771,1754.495361328125,2189167
2019-12-18,1753.2877312170724,1759.1916374523564,1706.1904649653097,1725.1546630859375,3986106
2019-12-19,1728.1516373110428,1759.0130849707446,1726.4967699279375,1745.32666015625,2035095
2019-12-20,1744.3427216258451,1753.198637282557,1727.74905872372,1738.17041015625,2169685
2019-12-23,1743.6718247433591,1755.0771425658436,1739.333353136386,1744.7005615234375,807062
2019-12-24,1746.1315643758144,1757.5816510993495,1735.754984705428,1741.1221923828125,790621
2019-12-26,1745.0583105868802,1748.1444115777101,1734.0554902614256,1739.8251953125,862164
2019-12-27,1741.5694479372291,1748.3231187013594,1730.0299296694961,1744.2530517578125,937907
2019-12-30,1744.2531410547083,1748.1443449545404,1724.2155429959712,1732.937255859375,1117498
2019-12-31,1735.3972750706903,1741.3011821054167,1717.5960131418221,1720.190185546875,706593
2020-01-01,1726.4520331225906,1735.3079488104775,1715.7176163363363,1732.311279296875,543035
2020-01-02,1735.3973752159322,1746.668490968314,1726.4520279210049,1733.653076171875,663275
2020-01-03,1733.5188517577747,1735.3973528262466,1716.3884900697735,1724.1708984375,1598825
2020-01-06,1724.0815086788934,1725.9153485736872,1709.679521209307,1713.4365234375,683129
2020-01-07,1716.8356588415909,1727.3464411739544,1715.7174905083607,1718.1326904296875,808935
2020-01-08,1708.56125897527,1731.8639313428869,1705.3856171453197,1725.8704833984375,1889685
2020-01-09,1736.7837132379273,1741.9272872380648,1727.346329437488,1730.96923828125,1544334
2020-01-10,1736.2021513164668,1751.0514031901207,1727.9277066270627,1747.9205322265625,1003336
2020-01-13,1754.1824266600563,1787.146006260109,1750.604288104911,1784.46240234375,2040089
2020-01-14,1785.0439294206583,1802.4425850292193,1773.3255471128473,1796.9412841796875,1610737
2020-01-15,1799.0434211331358,1813.2217737954684,1786.6987990243065,1808.43603515625,1559491
2020-01-16,1808.7491734304472,1838.0004146042081,1803.4713968319531,1833.125244140625,2468958
2020-01-17,1838.2688101027268,1846.2300815827637,1824.8955600045192,1843.0098876953125,994719
2020-01-20,1843.1886497663631,1856.964396045184,1833.7960359238264,1845.2908935546875,829399
2020-01-21,1842.517777997125,1856.1594316514306,1835.7192271797176,1838.62646484375,750000
2020-01-22,1845.425058095998,1845.872325439211,1813.4006726435105,1835.3167724609375,983169
2020-01-23,1835.3612520299555,1843.501603743356,1820.3777984067062,1839.968017578125,708017
2020-01-24,1840.0578960721696,1859.7376596665245,1833.8409235242239,1854.99658203125,914993
2020-01-27,1848.1085954645641,1850.5685657634642,1839.8341499137184,1843.9490966796875,429312
2020-01-28,1844.5307037093119,1847.2143080309063,1827.2661388952645,1843.2784423828125,777052
2020-01-29,1844.575459666218,1865.82066037896,1844.575459666218,1855.4439697265625,873433
2020-01-30,1856.0700007500855,1858.8431457353745,1833.3041358342336,1841.0419921875,952768
2020-01-31,1846.3198074766499,1850.1215803360374,1807.0050471150878,1819.7073974609375,1930834
2020-02-03,1856.0698658273038,1963.9956028444715,1856.0698658273038,1949.146240234375,4012542
2020-02-04,1947.4017413310034,1971.7330377371716,1914.303962539434,1928.2587890625,1932121
2020-02-05,1938.8143218443863,1953.6636844586183,1926.7381040146283,1932.4632568359375,1514368
2020-02-06,1937.5621075482297,1964.621781487904,1908.9817683383308,1928.9744873046875,1302116
2020-02-07,1936.6675903157568,1942.9293331019971,1915.7355660729418,1932.150146484375,908152
2020-02-10,1932.2843969888934,1958.6283989188237,1924.7701748462296,1931.5687255859375,1389847
2020-02-11,1940.2454785242662,1949.7721843191882,1921.1918485421934,1925.6197509765625,777506
2020-02-12,1929.6006093102671,2032.382544099981,1927.7219993553958,2021.9613037109375,4753325
2020-02-13,2018.0704015458034,2047.545277960848,1997.5408726553414,2042.58056640625,2950407
2020-02-14,2033.2768205259788,2055.2824555225156,2009.3480238039947,2017.219970703125,1728651
2020-02-17,2010.9139837319071,2047.5899060330673,2006.620173540149,2015.0289306640625,1420851
2020-02-18,2015.0287515042137,2024.2870536900036,1987.7454458767197,1998.748046875,1194605
2020-02-19,2012.881546872526,2064.7645493842833,2004.87550654269,2050.4072265625,1299800
2020-02-20,2041.5069816315995,2048.439625328976,2005.9939988860694,2011.1375732421875,1555224
2020-02-24,2000.8953728293855,2023.4376048548845,1977.011338678651,1981.528564453125,1409245
2020-02-25,2003.6682309333314,2039.2707564493448,1991.0106520087934,1998.0328369140625,2237493
2020-02-26,2002.684642588331,2017.802194020754,1970.078891363152,2000.3587646484375,2896154
2020-02-27,2005.5019089593834,2021.379898949937,1967.9762241812853,2017.130859375,2446802
2020-02-28,1960.0152574790623,1994.2757650780834,1927.7224643390225,1945.3895263671875,3837330
2020-03-02,1959.0308353533767,2005.50186560032,1915.9590803713402,1931.7027587890625,1707337
2020-03-03,1942.8398619455863,1958.6733011295182,1915.824957206094,1938.1435546875,1753148
2020-03-04,1949.1908655381417,1954.6028434692298,1925.0384316833781,1946.3731689453125,1515878
2020-03-05,1954.5578762429377,2020.4402546001459,1951.7401799338427,1984.0775146484375,2272645
2020-03-06,1954.5577896912846,2012.7025294303846,1931.5235274100257,1958.04638671875,2479414
2020-03-09,1914.3042630877328,1940.7825776350098,1889.2572914211644,1897.75537109375,2485118
2020-03-11,1848.1085842336138,1940.6481499641513,1848.1085842336138,1927.72216796875,2861629
2020-03-12,1880.66937279301,1899.0968720977166,1817.3811618285424,1839.1182861328125,3655780
2020-03-13,1762.2331573044003,1896.4133469468673,1688.9707519203896,1818.7677001953125,3667035
2020-03-16,1789.0691156581465,1824.1348266466011,1729.9404032248674,1737.0966796875,2948679
2020-03-17,1749.3073289652402,1867.7884030982668,1746.0869167754101,1792.6922607421875,3732382
2020-03-18,1819.5280754295436,1846.1404787355561,1707.9795496678487,1720.9056396484375,3910994
2020-03-19,1694.5171620422288,1698.7214315434778,1571.9659055275072,1644.4232177734375,5095006
2020-03-20,1654.8891698873467,1859.648072253262,1654.8891698873467,1835.3167724609375,4252245
2020-03-23,1744.3427815683683,1775.696268577065,1654.8893055905032,1672.5115966796875,3574673
2020-03-24,1766.7058026876357,1852.536352309381,1726.4517464238668,1813.98193359375,5788124
2020-03-25,1798.0594586020184,1913.3648903036717,1790.545345528566,1867.9224853515625,3959038
2020-03-26,1868.6828119942472,2012.7028851062978,1842.741308141766,1963.4139404296875,3201540
2020-03-27,2002.8627776999035,2028.4911041800437,1896.8604377457104,1914.7958984375,2918646
2020-03-30,1899.0969010845752,1979.6050127650328,1881.0721167707868,1953.9766845703125,2809606
2020-03-31,1999.105839790379,2069.058397354083,1954.5579758835586,2056.087646484375,2809269
2020-04-01,2051.346919250792,2079.7036254087507,1930.4506425575096,1949.7724609375,2774626
2020-04-03,1998.3903431115762,2016.3705763487515,1903.5249028856872,1926.9171142578125,4121436
2020-04-07,1985.8670802082222,2200.5554132037055,1985.8670802082222,2187.0478515625,8510114
2020-04-08,2175.5085031789818,2338.582231121223,2162.4482085250283,2201.31591796875,9791862
2020-04-09,2236.291845094694,2236.3366155054537,2097.683745344116,2122.059814453125,4770068
2020-04-13,2129.887423123716,2167.4578858583636,2070.8481245406983,2098.981201171875,3249551
2020-04-15,2170.096047269592,2251.185735239092,2130.3340302119786,2225.199462890625,29485531
2020-04-16,2205.922030741614,2259.728192431409,2165.757519890752,2179.175537109375,5388243
2020-04-17,2235.2634280305238,2235.2634280305238,2105.7795258034703,2133.46533203125,4540936
2020-04-20,2164.7738735734956,2164.7738735734956,2076.2149423818523,2090.125,2985268
2020-04-21,2042.2224820297365,2127.203268623177,2041.327947434016,2072.994384765625,3227335
2020-04-22,2073.486910515822,2146.838764629988,2035.6480445321301,2134.494140625,2837815
2020-04-23,2137.043461455805,2158.512294890271,2064.6309190292573,2073.084228515625,4095570
2020-04-24,2067.269933694613,2091.4223734218976,2039.5393547484714,2042.3125,2169013
2020-04-27,2061.902383623529,2083.7289418893683,2042.4462548409642,2075.722900390625,2013715
2020-04-28,2092.0034935766816,2092.0034935766816,2027.9101695321833,2048.439697265625,2164023
2020-04-29,2048.4844536544683,2050.0051189590786,1986.7615596360583,1996.3778076171875,3642151
2020-04-30,2032.3830865603645,2032.3830865603645,1932.195187927107,1963.50390625,8448047
2020-05-04,1905.3588679208124,1932.1949083140632,1848.1086484152106,1863.0025634765625,8474573
2020-05-05,1879.5960546637643,1897.3078833922666,1818.6782703459803,1826.1923828125,4304136
2020-05-06,1833.7511087389312,1854.3701743755814,1789.069150386475,1798.193359375,5127656
2020-05-07,1744.4320897084212,1795.3311357756668,1701.40499264839,1781.9578857421875,185669922
2020-05-08,1856.1146963187,1876.733764434817,1821.2726141035687,1869.08544921875,16100226
2020-05-11,1863.315794825554,1893.3274779261847,1821.2278931794863,1832.007080078125,11158755
2020-05-12,1806.960141924523,1813.9822176665377,1775.6514265941476,1799.4013671875,14881008
2020-05-13,1856.1595780560058,1856.1595780560058,1767.0639401485444,1785.2677001953125,8432979
2020-05-14,1778.3349287269552,1812.8192840263437,1771.7601207240562,1794.4813232421875,8510002
2020-05-15,1802.487293027563,1822.748524388909,1794.436481296919,1817.7838134765625,5491136
2020-05-18,1826.192257835389,1831.8725303078274,1778.871358974618,1793.765380859375,7675561
2020-05-19,1805.1708261383392,1811.2537051080358,1760.533527676567,1767.1978759765625,5963193
2020-05-20,1767.1980839160065,1798.0147608906298,1766.706046148753,1780.8843994140625,3926496
2020-05-21,1788.1749790484882,1792.1109538180876,1748.9943130176953,1763.03857421875,4261625
2020-05-22,1766.705843096021,1784.6413055866585,1751.4987548263337,1778.245361328125,5339946
2020-05-26,1793.4973457555832,1806.9601369893282,1766.706074531645,1769.2108154296875,4628932
2020-05-27,1780.1240417914114,1793.6314938371354,1754.1825356547527,1787.3697509765625,4261645
2020-05-28,1789.069151213658,1802.4871698477605,1780.1238054575897,1797.9697265625,5500796
2020-05-29,1797.1202526763677,1849.8978011621348,1789.0694401954881,1840.37109375,8778345
2020-06-01,1856.1594603954486,1916.9878186156368,1852.7601849341047,1886.171142578125,6592547
2020-06-02,1898.202382091565,1900.885985836275,1869.5772754813245,1885.14208984375,3268728
2020-06-03,1891.940777218024,1922.3549551969427,1865.1047378248606,1896.8607177734375,4895117
2020-06-04,1891.9407141026606,1907.5055290745522,1883.2190015908398,1896.9501953125,3264730
2020-06-05,1899.9915144881013,1903.5696529334648,1865.1046646458055,1867.4305419921875,2981853
2020-06-08,1884.784622169338,1900.4389794963258,1858.9326565691028,1888.9888916015625,4298456
2020-06-09,1878.5225615375773,1918.5977531954904,1874.0946591781121,1884.3370361328125,3127904
2020-06-10,1892.7458331186356,1905.3588594039863,1874.944680427585,1896.0557861328125,2421659
2020-06-11,1891.9410093116205,1912.694171976442,1874.6316744227108,1884.6951904296875,2566927
2020-06-12,1847.4373637516314,1895.5185928046033,1847.213730128129,1885.0078125,2338438
2020-06-15,1891.8065914091746,1906.8793684256002,1839.878814056833,1864.478515625,2830788
2020-06-16,1887.2894531835182,1896.413663925839,1840.0579748563448,1857.3673095703125,2806772
2020-06-17,1857.0538254747835,1877.62812122908,1844.7987451604538,1859.0665283203125,2293301
2020-06-18,1851.9105988156282,1864.9708937526418,1837.4191792887639,1847.5274658203125,2326907
2020-06-19,1872.4302887083195,1891.3437259679995,1852.616211579131,1884.8140869140625,4673528
2020-06-22,1900.3498062784627,1908.365411821042,1879.6350927503088,1892.06396484375,2487234
2020-06-23,1904.8527393587717,1956.1891961641854,1892.7842567646194,1941.73388671875,4308814
2020-06-24,1956.1896932386812,1960.6027404130457,1913.8596216078256,1918.633056640625,3023015
2020-06-25,1904.2227014217872,1972.3109358085792,1902.1511859832278,1957.2252197265625,8208033
2020-06-26,1963.3498013842345,1963.3498013842345,1925.6581555078271,1940.1583251953125,3176048
2020-06-29,1937.591429278803,1977.7147545490989,1927.3690800832044,1966.051513671875,3295039
2020-06-30,1975.823648679284,1981.362495528312,1954.3883773383745,1963.394775390625,2373109
2020-07-01,1966.0965618172775,1974.0222355437095,1945.4719996257986,1954.7484130859375,1532931
2020-07-02,1952.36189673694,1961.278142668138,1931.8723415987713,1937.95166015625,2588838
2020-07-03,1950.3353790795168,1970.5997734592393,1942.0946133181967,1957.7205810546875,1946252
2020-07-06,1963.3943123911074,1963.3943123911074,1939.0770433844286,1946.8226318359375,2375516
2020-07-07,1959.3417838003002,1959.3417838003002,1937.8614377255549,1940.113037109375,2014667
2020-07-08,1939.6180314091562,1976.0037926925002,1913.8596442441035,1968.84375,3349938
2020-07-09,1966.096223391495,1999.3748122387344,1955.3336242761784,1959.65673828125,3039571
2020-07-10,1954.3881905017026,2010.2278530874655,1952.0915152413845,2002.8426513671875,3179516
2020-07-13,2016.5321595794305,2048.955186709783,2012.9296010093913,2040.1739501953125,4556662
2020-07-14,2039.7688570778462,2044.407063626459,2005.3644641679277,2012.70458984375,2403256
2020-07-15,2014.9564153192603,2063.3658051162924,2012.9750517134235,2049.090576171875,2474512
2020-07-16,2049.180416616779,2063.6357273493736,2015.6315887873204,2060.528564453125,2495150
2020-07-17,2057.9616394227464,2107.496821115635,2054.3590807541727,2102.58837890625,3088712
2020-07-20,2102.588582474981,2110.469180325471,2072.0119067916307,2099.34619140625,2816219
2020-07-21,2114.7020528034677,2116.503332235157,2078.6764641696777,2087.682861328125,3037810
2020-07-22,2098.49038844907,2098.49038844907,2018.5586193611496,2025.0882568359375,6950011
2020-07-23,2035.4457957823684,2041.885281917696,1986.4060063162851,1991.6297607421875,3936886
2020-07-24,1981.4073320424036,1999.420125970062,1952.6319377195173,1989.7833251953125,4203314
2020-07-27,1997.393475519009,2013.785072283959,1967.6723686800383,2000.7708740234375,2209409
2020-07-28,2009.2821057275776,2021.8459856347438,1991.359463552651,2019.7296142578125,1567837
2020-07-29,2012.929735031985,2037.4270909627614,1994.916940982482,2009.597412109375,2404978
2020-07-30,2018.1901767072752,2024.2954890340188,1980.9252034108476,1985.89990234375,2044966
2020-07-31,1987.618144833872,2009.7328964104458,1969.9805776783496,1998.833740234375,1715659
2020-08-03,1998.7433070793907,2010.7278071398584,1979.5228824541125,1993.949462890625,1683773
2020-08-04,1998.8338531044105,2006.9742691743243,1967.3577542924124,1987.8896484375,1981720
2020-08-05,1991.6884846683297,1998.833872737381,1972.7394490173817,1984.9500732421875,1715477
2020-08-06,1989.8799148495712,2016.11015009077,1982.6892565945943,2008.376708984375,1824483
2020-08-07,2010.6828623235983,2021.3558969404642,1994.40202943029,1999.4219970703125,1777905
2020-08-10,2006.1603837126147,2014.074677381454,1988.7942063410042,1995.98486328125,1476289
2020-08-11,1998.0649104921547,2019.7274151827612,1995.306170126812,1999.511962890625,1665204
2020-08-12,1989.9248166542498,1998.065232986791,1980.8346409183273,1985.4476318359375,1170430
2020-08-13,1989.879109494352,2005.2554480677175,1981.6934262657203,1988.657958984375,1453227
2020-08-14,1993.4971035322956,2004.3509897584242,1958.2672419878959,1966.2718505859375,1341664
2020-08-17,1972.6944977671535,1993.181126711894,1961.2978249941993,1986.30712890625,1559579
2020-08-18,1993.4979279993843,2005.0754555933763,1979.930564605559,2002.8594970703125,1339001
2020-08-19,1995.3064162815613,2009.3260216543465,1980.83456557417,1984.0908203125,1585107
2020-08-20,1977.2162155309275,1987.8892475012044,1968.3068958554925,1976.94482421875,1768939
2020-08-21,1988.9751457853383,1997.748661836357,1978.5282335289728,1991.73388671875,1374411
2020-08-24,1995.3066343637959,2000.4169188742183,1981.9201268317622,1984.814453125,1665474
2020-08-25,1984.8142386052646,1987.9799559513594,1967.2672079303632,1970.9757080078125,1774886
2020-08-26,1973.6894103870943,1977.2168360838673,1953.700075910866,1974.322509765625,2148146
2020-08-27,1973.6891783044746,1979.025584925518,1958.2222995263924,1963.8753662109375,2172203
2020-08-28,1970.8852185636958,1973.9603985884123,1940.1325350248408,1946.418701171875,1939520
2020-08-31,1946.463802480114,1960.4834070054121,1900.0181210945611,1915.123291015625,3534275
2020-09-01,1944.6096421587754,1967.1766398666862,1910.0581432560532,1955.192138671875,1738003
2020-09-02,1963.6493073343763,1976.312177119121,1932.4896469214996,1937.1024169921875,1667810
2020-09-03,1947.3684710084208,1948.6799383547334,1924.8014722785977,1934.8411865234375,1590711
2020-09-04,1912.9978273074862,1936.4240480692213,1912.0933366089957,1921.72607421875,1590491
2020-09-07,1922.9469484681097,1966.362495752432,1902.8220333206896,1956.0513916015625,2362992
2020-09-08,1948.2729069948725,1963.9659084792677,1927.6052068157367,1937.6451416015625,1804209
2020-09-09,1919.329190413772,1939.408839004696,1908.4753024378224,1928.6002197265625,2009898
2020-09-10,1937.4188694317252,1938.8661427240463,1915.8919489401258,1930.0924072265625,2137794
2020-09-11,1922.04255871134,1961.840145809363,1921.590313403408,1953.0213623046875,1934110
2020-09-14,1960.0311321548668,1962.4732126127224,1912.9976209079573,1920.685791015625,2096908
2020-09-15,1932.8060307294538,1932.8965681259176,1907.5708292829013,1921.545166015625,1224058
2020-09-16,1922.0428004085752,1952.7502165140459,1910.9175202698593,1938.77587890625,2087841
2020-09-17,1931.087347556936,1940.1775218587259,1919.5550929052492,1924.936767578125,1741644
2020-09-18,1917.5202119522698,1924.349160645268,1890.3854919718133,1898.2545166015625,4475166
2020-09-21,1898.254410664912,1898.5258020141541,1828.9704515969954,1843.1710205078125,3483963
2020-09-22,1845.6584260307209,1858.5021489987741,1809.0265549834157,1833.2216796875,2345687
2020-09-23,1840.638595045107,1863.250862797504,1832.362482965437,1856.512451171875,2410295
2020-09-24,1848.7791357073186,1882.2452942303962,1840.6839874724058,1864.06494140625,3798089
2020-09-25,1883.1494042419322,1909.3796312942934,1873.0644225147523,1880.481201171875,2528873
2020-09-28,1884.0542637520932,1892.5113407351737,1863.2509761542544,1866.23583984375,1523704
2020-09-29,1867.7733472686737,1871.6174328502193,1831.3675955846231,1839.010498046875,2298844
2020-09-30,1844.211389286449,1896.7171220220332,1839.7342041930451,1870.7130126953125,2417367
2020-10-01,1890.3855056216437,1907.4802910036005,1872.295692170719,1894.907958984375,2131531
2020-10-05,1899.4305043182721,1920.5051821736274,1883.3305254027982,1909.4251708984375,1646110
2020-10-06,1916.6158993026895,1935.6102050532115,1906.7117697545045,1913.8118896484375,1679499
2020-10-07,1920.233948184012,1944.6551995269078,1911.1890402792355,1935.0224609375,2428544
2020-10-08,1941.9416892253066,1958.2225231359052,1941.2633211456982,1954.4237060546875,1617365
2020-10-09,1944.6550241978382,1959.9860975496033,1918.5153310389544,1935.29345703125,2001026
2020-10-12,1940.3134227763019,1942.4843329694138,1920.5051645988506,1934.162841796875,1741166
2020-10-13,1933.755444754954,1947.5941937444643,1924.7558083307651,1933.9815673828125,1679160
2020-10-14,1928.9169288462765,1958.2223387974952,1927.4696554168418,1952.0264892578125,2123033
2020-10-15,1953.6998370732388,1971.5182590152958,1936.5597831301657,1946.96142578125,2344437
2020-10-16,1964.4632092431175,1964.4632092431175,1939.273276431197,1945.1524658203125,1640399
2020-10-19,1947.8660268804658,1976.3122157526864,1946.5545595059937,1969.7999267578125,1605969
2020-10-20,1973.6891218475778,1997.5675865108913,1928.8715662899167,1965.5487060546875,5855290
2020-10-21,1980.8348607524247,1986.9401736794014,1931.9923573366113,1956.5491943359375,3954242
2020-10-22,1953.6999208434818,1978.347292530049,1947.549339891056,1971.201904296875,2632958
2020-10-23,1979.8395351680506,1979.8395351680506,1935.610029825047,1939.0924072265625,2805684
2020-10-26,1944.65471467744,1964.5535071066977,1937.6901814917785,1959.804931640625,1646050
2020-10-27,1950.986387424161,1979.9300890456598,1946.8709106852702,1968.8048095703125,2334808
2020-10-28,1988.1497742108027,1988.1497742108027,1951.8726254478875,1970.30712890625,1555483
2020-10-29,1949.960886996294,1966.3471129374393,1926.2918939701951,1931.8450927734375,1934367
2020-10-30,1928.2942461620814,1929.932912897091,1882.5949357882944,1885.59912109375,2414313
2020-11-02,1886.236328125,1900.4831497139912,1871.6707966336874,1886.236328125,1486077
2020-11-03,1904.2615238284545,1904.2615238284545,1859.8366011899793,1871.39794921875,2227402
2020-11-04,1866.20901188853,1898.0711169695537,1866.1634501450758,1875.3580322265625,1479878
2020-11-05,1899.891582336824,1922.650226111822,1876.4957409866022,1913.865478515625,2083827
2020-11-06,1916.2776078332986,1933.5286135816114,1898.9810403516678,1906.4002685546875,2127821
2020-11-09,1929.9329049762878,1946.000417854977,1919.054318193523,1941.3577880859375,2194404
2020-11-10,1948.1401309533412,1951.96353909632,1904.8987028130218,1945.0450439453125,2471703
2020-11-11,1945.045058846628,1946.865750571748,1915.9139912447085,1940.08349609375,2759942
2020-11-12,1938.126302200217,2006.4022405116384,1932.8918135963413,1995.5692138671875,3010512
2020-11-13,2007.3121532725131,2019.5106960513224,1982.9604071953977,1989.4239501953125,2799165
2020-11-14,2000.029737013994,2000.029737013994,1986.3745499155825,1991.5634765625,258276
2020-11-17,2021.286299847256,2021.286299847256,1977.2709933908482,1982.3690185546875,2733542
2020-11-18,1975.4505053313367,1975.4505053313367,1935.3041642252535,1940.948486328125,3315051
2020-11-19,1935.2131929828515,1954.8765293878805,1924.9262407431086,1939.7193603515625,2704650
2020-11-20,1943.5884906565043,1949.9609119373451,1912.1815572009307,1930.160888671875,2827038
2020-11-23,1948.1398659622732,1948.1398659622732,1907.17430803316,1938.4901123046875,3244576
2020-11-24,1940.8572157366273,1967.257243530418,1932.1178072901407,1963.9345703125,1989749
2020-11-25,1968.1673894620321,1976.360500704011,1937.215635881223,1944.3619384765625,1786536
2020-11-26,1948.1403923091282,1968.168003818848,1932.2548994484964,1961.0672607421875,1630887
2020-11-27,1972.7189750889095,1973.1741479027278,1935.3948043558012,1946.5009765625,5687861
2020-12-01,1965.4365388905287,1965.4365388905287,1938.6724618612468,1941.8131103515625,2226742
2020-12-02,1952.6917342086622,1957.1523397121914,1931.8449043621233,1947.5028076171875,1634682
2020-12-03,1959.974512762895,1963.0695995904068,1930.024224761902,1936.98828125,3469163
2020-12-04,1949.050184580913,1998.5729027986943,1942.3137151605642,1988.3770751953125,3712143
2020-12-07,1992.9746602710256,2057.0175799816566,1990.926382100141,2053.876708984375,4147649
2020-12-08,2056.9261747917244,2073.949595474511,2039.310896033629,2057.38134765625,2768211
2020-12-09,2057.381490024711,2090.153938538379,2042.133198007935,2086.694580078125,2123890
2020-12-10,2084.6918106915823,2146.504199496287,2071.0821858975883,2139.72216796875,3041370
2020-12-11,2154.105567213284,2171.174549520838,2123.836571921222,2161.843505859375,2611218
2020-12-14,2167.4876304719187,2177.0006989397907,2144.9110118228778,2158.2021484375,1575632
2020-12-15,2149.3264682189956,2152.011943921522,2100.4409424266287,2112.0478515625,2207176
2020-12-16,2109.3622809701938,2143.7731734113545,2096.52631666111,2133.804931640625,1748634
2020-12-17,2132.029573777275,2132.029573777275,2102.898512137278,2107.723388671875,1912868
2020-12-18,2113.823165994808,2133.7596521736373,2104.7197070542616,2124.24658203125,2229891
2020-12-21,2132.940023319853,2139.3124433639155,2062.02418058759,2099.211669921875,2003069
2020-12-22,2102.8987362579783,2124.1098372256897,2076.4987088330945,2103.80908203125,1764488
2020-12-23,2112.002137408417,2164.1649932698856,2096.753846114628,2157.838134765625,1559556
2020-12-24,2168.89932874413,2193.9338435564964,2148.462105647795,2186.878662109375,2489444
2020-12-28,2189.3815088584142,2200.669707154904,2163.0270440858335,2174.724853515625,1532477
2020-12-29,2180.278498781447,2187.5612662095273,2143.1363404477547,2170.537841796875,1749013
2020-12-30,2175.72630666358,2198.1662401305193,2162.9814663735006,2190.838134765625,1924886
2020-12-31,2181.1883861869846,2200.305646666921,2172.9952745527266,2180.64208984375,1709836
2021-01-01,2180.6424196565604,2188.471483081026,2168.44387383486,2173.496337890625,830096
2021-01-04,2189.3816667042292,2212.140311888265,2185.4671352820965,2208.9541015625,1614486
2021-01-05,2189.381605572649,2236.6740244941043,2189.381605572649,2230.847900390625,2356303
2021-01-06,2226.5239586872644,2230.347366865695,2186.2867159477605,2200.5791015625,1641627
2021-01-07,2213.9611531092537,2214.598350766986,2152.967979894484,2156.472900390625,2403881
2021-01-08,2175.7262331210172,2184.829690163365,2149.144183007837,2176.818603515625,2797948
2021-01-11,2207.588782014623,2223.019100391005,2186.7419500462547,2211.3212890625,2787672
2021-01-12,2211.958150188783,2214.962335617503,2159.340121331494,2162.890380859375,2036708
2021-01-13,2168.3523149633156,2183.008969506067,2152.603512292959,2159.65869140625,1702740
2021-01-14,2153.8782088910525,2190.292041670276,2140.359484570807,2183.510009765625,2120413
2021-01-15,2178.0022616094393,2191.202275316163,2132.7581211479046,2140.359375,2042957
2021-01-18,2161.6160555475894,2161.6160555475894,2112.593846372371,2123.47265625,1733797
2021-01-19,2132.0297237594405,2168.534676846025,2114.960741129001,2151.283447265625,1495269
2021-01-20,2145.685155634146,2161.1154732490027,2135.944499547807,2144.729248046875,1380562
2021-01-21,2162.981848223955,2184.739026230628,2139.3128549353087,2155.38037109375,1521133
2021-01-22,2147.5057958000134,2204.8575826314677,2145.68510415457,2193.341796875,2548089
2021-01-25,2203.037031520348,2214.279892049113,2171.1749256925746,2184.466064453125,2124424
2021-01-27,2207.588272919258,2207.588272919258,2125.657161759368,2176.90966796875,2460297
2021-01-28,2155.607766337781,2195.34449451213,2084.6919162535214,2094.159423828125,3867335
2021-01-29,2107.541770174656,2114.0962158564244,2049.1885121796404,2060.931884765625,4472694
2021-02-01,2072.5384369027597,2080.139912354323,2026.6115410563948,2047.00341796875,2717591
2021-02-02,2067.440467807256,2071.0362885611007,2007.3120950669131,2030.4803466796875,4215607
2021-02-03,2031.4362277292828,2054.6500407730186,2018.7825126573612,2032.665283203125,2353429
2021-02-04,2038.264820485546,2056.4717416153853,2026.6123465119574,2044.273193359375,2908003
2021-02-05,2044.2724595364343,2080.1399923860354,2040.0847802788207,2066.0751953125,4036942
2021-02-08,2082.871224424259,2083.508422044189,2030.344315356696,2036.1248779296875,2780672
2021-02-09,2045.5469657162118,2052.5565837650734,2012.3193447777865,2017.5538330078125,3131481
2021-02-10,2020.9676432582896,2040.0849047485708,2014.3676363152163,2035.0780029296875,2055520
2021-02-11,2040.995045121244,2064.6640331556564,2033.7578413073488,2060.1123046875,1824480
2021-02-12,2064.664048544289,2068.5330177710584,2031.8916033293,2040.58544921875,1222094
2021-02-15,2049.188571414716,2058.9747896033914,2014.5954280500964,2016.59814453125,2449407
2021-02-16,2027.3397972435603,2029.2060503084683,1993.7025693509026,1999.210205078125,2396356
2021-02-17,1999.1194063091834,2004.1718700242418,1966.3469570254263,1969.897216796875,2447956
2021-02-18,1969.988318186915,1974.130436042084,1951.0530810292792,1954.3759765625,3205806
2021-02-19,1959.883248197117,1997.2985468870643,1957.243334460888,1985.55517578125,3364030
2021-02-22,2007.3124686742904,2007.3124686742904,1967.803550255308,1973.265625,2678023
2021-02-23,1989.1055821240104,1995.7967126856597,1975.6324197717306,1983.87109375,2062144
2021-02-24,1992.291705734842,1992.291705734842,1962.2958572431378,1983.5069580078125,924143
2021-02-25,1981.8228898223053,1989.1056565281292,1966.3470105724298,1969.3511962890625,2099460
2021-02-26,1964.526384947366,1986.7387352459925,1929.9332419316108,1940.9029541015625,3413194
2021-03-01,1943.770437882753,1960.8849845193831,1937.2159921342839,1951.2352294921875,1229276
2021-03-02,1968.1675296044125,1988.1040128118484,1948.6406575377684,1982.6875,2095135
2021-03-03,2007.3128506565029,2007.3128506565029,1978.6369527899813,1996.8438720703125,2031893
2021-03-04,1989.1056939255,2005.9470922493542,1979.0918895167217,1999.938720703125,2290915
2021-03-05,1988.7413803427967,2011.8185113592417,1980.2295588248996,2003.7620849609375,2129837
2021-03-08,2011.8642438713916,2017.4174422237595,1974.5400655914248,1979.592529296875,1440724
2021-03-09,1980.9124829429156,2007.3125114380189,1968.2132033414398,2001.395263671875,1711842
2021-03-10,2012.319303754605,2036.3523429328743,1996.570277646153,2028.1138916015625,2696085
2021-03-12,2035.5335156161411,2039.0837758703153,2002.7610618763465,2007.085205078125,2038930
2021-03-15,2008.3139190578895,2018.6462103346607,1987.5579907727815,2012.6380615234375,1632022
2021-03-16,2022.1965250277758,2046.0019763634932,2015.7785433433253,2042.861328125,2633605
2021-03-17,2051.9194148433066,2059.202181178154,2020.2848985763123,2026.702880859375,3703365
2021-03-18,2037.354075000504,2048.1871020479334,2007.3126610259658,2016.59814453125,2597091
2021-03-19,2006.4933480729046,2116.781657315713,1995.0229016266571,2104.76513671875,5382214
2021-03-22,2102.990056922607,2145.230015862086,2095.6161665667396,2142.225830078125,2471516
2021-03-23,2151.1473094550515,2160.205206489579,2124.2009825685304,2127.75146484375,1970612
2021-03-24,2127.7512045869667,2140.1317736604947,2107.9511841646977,2110.727783203125,1762743
2021-03-25,2110.7278808899414,2113.822967738471,2031.02706089015,2036.4891357421875,2495833
2021-03-26,2052.8296730670504,2116.553875778666,2047.1855738487836,2110.09033203125,1929236
2021-03-30,2116.553894647277,2190.291901299505,2116.553894647277,2183.69189453125,3327203
2021-03-31,2172.084645457408,2219.9689138851954,2168.124553116511,2213.50537109375,2709756
2021-04-01,2227.4339442871847,2227.4339442871847,2177.5925162930457,2184.010498046875,1532653
2021-04-05,2184.829929180494,2200.487832555809,2136.1264286758455,2160.4326171875,2545447
2021-04-06,2168.716993889966,2194.84387570776,2164.2108263185673,2192.385986328125,3683538
2021-04-07,2200.3059388317224,2216.692164276063,2173.3142730424242,2189.609375,1713970
2021-04-08,2190.2922691331637,2220.333684295838,2180.824760528319,2193.842529296875,1814515
2021-04-09,2206.678133519285,2260.388533633822,2206.678133519285,2254.01611328125,2604858
2021-04-12,2222.609394436053,2265.168062955359,2219.0591345193616,2241.271484375,2261945
2021-04-13,2248.5540217852545,2281.2353455896014,2229.254736170206,2234.3525390625,1811781
2021-04-15,2273.13339406133,2273.13339406133,2204.0382388256185,2240.042236328125,3352379
2021-04-16,2248.4630226396093,2256.701696653812,2221.2437718769925,2238.44921875,1225517
2021-04-19,2221.2435947713334,2239.17736131143,2197.6201673839746,2218.19384765625,1746316
2021-04-20,2235.8093372118306,2235.8093372118306,2170.082413361539,2182.508544921875,1589508
2021-04-22,2175.7262378545383,2175.7262378545383,2122.9261868940516,2138.76611328125,1721265
2021-04-23,2130.208991357247,2139.31244858527,2093.7951624451575,2100.850341796875,1949756
2021-04-26,2115.6434861046732,2157.3373651780375,2103.8089915610585,2149.007568359375,1946867
2021-04-27,2151.147398825548,2172.4949660984917,2141.9983779221666,2166.48681640625,1668456
2021-04-28,2166.622999222195,2225.795476091709,2154.1513062401764,2190.792724609375,1951215
2021-04-29,2214.871228501054,2229.3911988860036,2170.4007493361155,2191.74853515625,3151150
2021-04-30,2193.9335169941583,2223.883806810668,2121.333434844663,2142.7265625,4010778
2021-05-03,2132.9400755416514,2198.4849690282067,2130.209038313045,2192.112548828125,1692239
2021-05-04,2193.2050257329197,2201.398137816454,2159.522231611724,2191.7939453125,1453111
2021-05-05,2215.7816686489637,2215.7816686489637,2156.290481947592,2179.95947265625,1256857
2021-05-06,2184.829775758368,2199.896042204178,2163.9373854781543,2175.726318359375,1377740
2021-05-07,2192.841137757421,2206.6783502889502,2182.2354752059505,2195.02587890625,1169518
2021-05-10,2205.7676955046772,2227.5704312058065,2199.3952754186134,2214.780029296875,988495
2021-05-11,2207.5885287959086,2208.4988745809787,2179.595395904991,2186.74169921875,1019077
2021-05-12,2174.816214556524,2174.816214556524,2116.5996424641457,2120.14990234375,2053932
2021-05-14,2120.1038756402495,2168.8073674616903,2117.4639621807764,2163.755126953125,1388970
2021-05-17,2171.174754343931,2180.278212433423,2154.33335687837,2163.209228515625,811243
2021-05-18,2186.7416461340763,2192.4313071526462,2154.7428592142082,2161.388427734375,1153722
2021-05-19,2148.4158188433626,2166.622732562374,2133.8502878681534,2148.188232421875,1323590
2021-05-20,2148.4166222471626,2150.2373142999145,2130.2097017196443,2133.987548828125,856235
2021-05-21,2130.209161518415,2154.0146151703243,2130.209161518415,2150.46435546875,771492
2021-05-24,2143.8639475706045,2148.3701139653467,2116.781165218067,2127.068115234375,1194864
2021-05-25,2143.8642375887503,2157.337399116217,2128.3883598651796,2133.89599609375,1098457
2021-05-26,2144.5472067781902,2157.701659680122,2134.9885754840498,2142.9541015625,811095
2021-05-27,2142.0436561949114,2142.0436561949114,2114.642158857292,2117.828369140625,3755182
2021-05-28,2124.1552212697125,2139.3123882257696,2111.41038151007,2113.549560546875,1215325
2021-05-31,2116.5541331132636,2134.761050387356,2112.138866773333,2130.2548828125,1178704
2021-06-01,2136.5814568661613,2151.146988740835,2121.651875595572,2146.868408203125,1141451
2021-06-02,2144.7747177628653,2160.842232329019,2139.312642929853,2147.32373046875,1113091
2021-06-03,2156.609489051095,2158.475742641535,2134.7611869247858,2151.375,868532
2021-06-04,2157.5198073352576,2157.5198073352576,2124.701792819611,2132.07568359375,1283795
2021-06-07,2142.9538149150476,2142.9538149150476,2122.015863452411,2129.57177734375,1128300
2021-06-08,2129.572090586953,2150.236896924014,2125.7940219593734,2147.505859375,1106664
2021-06-09,2150.236488122082,2159.2943831537495,2135.306907926836,2144.7744140625,1072858
2021-06-10,2152.0578412521495,2184.7847339391483,2144.0923141324556,2165.531005859375,1944339
2021-06-11,2167.5332655399916,2174.4064205132854,2148.41600448315,2154.333251953125,1128097
2021-06-14,2162.49379376596,2177.806747553853,2142.504841809517,2168.178955078125,1761632
2021-06-15,2163.960643952744,2196.0532806215347,2163.960643952744,2193.256591796875,1215463
2021-06-16,2186.884411540869,2217.922671873611,2185.646462895791,2207.882080078125,2153668
2021-06-17,2198.80487663259,2224.3872124670397,2188.168366500823,2216.868408203125,1555777
2021-06-18,2218.976884663634,2289.305570079014,2205.2228957091074,2276.65185546875,3937751
2021-06-21,2268.445531945834,2318.922720151847,2262.0728946676973,2305.48974609375,2506277
2021-06-22,2308.928019319932,2323.4612663971257,2275.5056476894124,2283.391357421875,1945883
2021-06-23,2287.7474304457583,2305.1691543649845,2254.004257240619,2274.451904296875,1035668
2021-06-24,2283.162110204915,2296.7327570778293,2268.5829718164778,2283.299560546875,759681
2021-06-25,2281.3289561869933,2283.1169304922782,2241.9008431982306,2245.24755859375,1112942
2021-06-28,2246.577004232633,2260.2392125655915,2234.8402203445676,2255.837890625,694906
2021-06-29,2251.069142077196,2290.0387708096932,2241.8998176695495,2285.5,1354397
2021-06-30,2285.500443144233,2296.9162094731064,2258.405039493917,2266.015625,1447245
2021-07-01,2277.6607757642255,2277.6607757642255,2258.405189495687,2272.1591796875,735043
2021-07-02,2272.1592486283594,2285.638114653202,2248.3189982391996,2280.686767578125,860231
2021-07-05,2291.414801952578,2304.618543199933,2278.623635645355,2291.460693359375,761700
2021-07-06,2283.1627798360087,2290.4523511681928,2263.9071901265484,2267.116455078125,461782
2021-07-07,2253.8207331981093,2283.8961726198904,2242.680089663253,2275.506103515625,623145
2021-07-08,2257.671499007976,2264.5943852046325,2235.8943488313953,2244.238525390625,1114426
2021-07-09,2237.3158622741903,2259.7807141699764,2235.894571769902,2247.814697265625,538094
2021-07-12,2249.2357931156967,2255.5625388639905,2228.146342140702,2241.120849609375,543898
2021-07-13,2251.0699535494573,2251.574311345782,2228.1466342668764,2234.2900390625,994396
2021-07-14,2237.132800812667,2238.554091495043,2208.891224404336,2214.25537109375,1377829
2021-07-15,2223.561264533722,2223.561264533722,2201.5548850084397,2211.962158203125,693792
2021-07-16,2218.9773765435525,2228.146704545799,2206.1403173404083,2216.59326171875,545405
2021-07-19,2200.6840941678415,2216.226056702781,2199.262803889789,2208.569580078125,463873
2021-07-20,2203.389339890809,2255.6545052565084,2203.389339890809,2232.639404296875,1061476
2021-07-22,2246.485222826387,2299.667321979012,2178.173733397585,2180.603515625,3546044
2021-07-23,2184.1335951607957,2193.0736885918695,2159.1012887816864,2162.218994140625,1517589
2021-07-26,2161.4399181416334,2163.9614834295276,2143.7889611263713,2153.60009765625,1311535
2021-07-27,2153.5999634409563,2163.4569907702407,2138.287230873618,2147.8232421875,1656945
2021-07-28,2154.7919294016497,2171.7092936071863,2148.4651830680446,2165.244873046875,912373
2021-07-29,2165.245007273395,2174.41433520097,2136.453407125027,2140.808837890625,1012663
2021-07-30,2145.622652750592,2160.797934660743,2125.450132083706,2139.479248046875,1708251
2021-08-02,2147.4562433301667,2157.909185884155,2131.5017049350254,2139.0205078125,1229936
2021-08-03,2136.4533375720525,2194.2201016351596,2132.8773893409325,2188.5810546875,1733476
2021-08-04,2188.580718063268,2195.8243962318684,2170.883873689006,2179.640625,1588974
2021-08-05,2192.3862001986304,2192.3862001986304,2158.459688526799,2161.852294921875,921757
2021-08-06,2161.85214356795,2182.9874866991486,2161.6688018033155,2174.505859375,1432661
2021-08-09,2181.7957141023435,2196.054063966175,2177.5779575233714,2186.42626953125,921476
2021-08-10,2195.1367286899463,2195.1367286899463,2163.1358692653607,2183.9501953125,1061370
2021-08-11,2191.469260974277,2196.0539247001643,2165.978485886235,2191.8818359375,1300594
2021-08-12,2196.053798497601,2213.0170533085425,2179.961584972414,2193.578125,1226064
2021-08-13,2201.555627814547,2209.487006900315,2189.6355015498284,2204.764892578125,1033159
2021-08-16,2204.305771857298,2234.4270945984576,2193.8984982404863,2224.844970703125,1146309
2021-08-17,2230.8973120253363,2280.8242539526877,2229.109337990023,2277.4775390625,1921902
2021-08-18,2278.5779472979157,2292.3319389315047,2250.153031255165,2279.540771484375,1545643
2021-08-20,2283.162240091445,2411.53280780743,2270.3251833198465,2401.813232421875,5779927
2021-08-23,2406.9482902694645,2450.8236086477264,2378.981843468238,2415.338134765625,2163220
2021-08-24,2415.200868298697,2437.207254342421,2393.194482254973,2414.283935546875,1482854
2021-08-25,2413.366983695652,2444.955271973817,2402.9597075006236,2425.287109375,1746570
2021-08-26,2412.449852741006,2473.7009998175936,2412.449852741006,2444.9091796875,2117291
2021-08-27,2447.2932533786716,2466.5488391115123,2430.880248417264,2455.499755859375,1176229
2021-08-30,2468.015868711792,2480.990375420833,2449.677216763749,2464.439697265625,1168190
2021-08-31,2464.6232641041543,2510.057323226969,2453.3908387601336,2497.81640625,2535891
2021-09-01,2516.9802289770964,2544.4882096216547,2489.472248332538,2505.88525390625,1775792
2021-09-02,2519.731184794765,2576.581015019392,2503.363845742332,2568.37451171875,1946183
2021-09-03,2569.428796771917,2575.4347507982197,2527.066550315939,2536.877685546875,1561823
2021-09-06,2558.242124344716,2590.334767481657,2544.7632589993036,2549.623046875,1444978
2021-09-07,2556.9588128408677,2575.3890272078484,2539.9037737688177,2546.964111328125,1219915
2021-09-08,2557.2333804552363,2576.5807489327076,2535.4105624530403,2568.236572265625,946711
2021-09-09,2550.9072092736,2589.0973732398884,2550.9072092736,2577.17724609375,879454
2021-09-13,2565.1187275966035,2587.996149224342,2544.4877458733067,2554.89501953125,1341412
2021-09-14,2569.2452128757213,2571.0790781240266,2522.5275404472445,2533.072265625,1755061
2021-09-15,2543.571615244326,2553.6578761555324,2520.6941864041987,2544.901123046875,1362350
2021-09-16,2523.398915153978,2564.9360132896295,2523.398915153978,2538.299072265625,1259196
2021-09-17,2539.995189306219,2551.8235307886684,2474.8011892197687,2496.119873046875,3095032
2021-09-20,2494.0570314432994,2575.6640446044953,2484.93359553053,2567.732666015625,2671330
2021-09-21,2576.5807082504507,2621.7855319964838,2564.3395680104672,2578.8271484375,2277437
2021-09-22,2592.9937622417,2603.996954087745,2543.5711817440856,2553.198974609375,1580594
2021-09-23,2566.495107228214,2583.6417071524806,2542.5174021836515,2551.182373046875,1054473
2021-09-24,2539.9954154197135,2549.072959797082,2504.50994009239,2518.4931640625,1635284
2021-09-27,2535.3187159221316,2535.3187159221316,2479.8442919390254,2484.428955078125,1465932
2021-09-28,2498.641541235954,2525.6451637627124,2484.795768288935,2497.587158203125,1078052
2021-09-29,2489.426220987415,2516.475733810821,2454.6286721443216,2462.2392578125,1503894
2021-09-30,2462.2392637787443,2480.577916584812,2459.167449889525,2477.36865234375,1620199
2021-10-01,2481.219858738732,2486.721454877842,2457.4713916157807,2479.431884765625,956111
2021-10-04,2475.7181685362875,2497.7245522566104,2457.104390867413,2463.064453125,1025005
2021-10-05,2463.0648060611325,2489.426623670192,2462.8814642759608,2483.64990234375,562784
2021-10-06,2470.262218323035,2506.893629475423,2453.711540774042,2462.9267578125,862471
2021-10-07,2473.8845220471962,2479.6153516479353,2444.5426744914103,2447.66015625,1082816
2021-10-08,2448.6686008279357,2456.0499533089546,2407.3148494611005,2420.748046875,1579941
2021-10-11,2422.7196669590294,2444.0842448033245,2416.576262306945,2425.37890625,1086252
2021-10-12,2406.9485864629964,2464.7612439499594,2406.9485864629964,2453.849609375,1174337
2021-10-13,2464.807105860292,2469.850236171567,2423.0866641942894,2426.891845703125,1660007
2021-10-14,2426.891528144012,2454.399508060635,2402.363579385024,2429.458984375,2158809
2021-10-18,2450.777685611991,2456.3708405837406,2423.4989386743273,2433.539306640625,1758177
2021-10-19,2448.118416627324,2505.0600242932765,2311.128766922109,2335.244140625,5431133
2021-10-20,2355.6003382401464,2369.3543300944098,2264.823992002009,2272.75537109375,4864654
2021-10-21,2295.449214993159,2296.91639684673,2226.312579458627,2242.588134765625,3254632
2021-10-22,2254.737509592624,2290.727118072295,2228.146461289173,2250.24462890625,1845622
2021-10-25,2250.2447329349848,2258.909702579586,2209.807909446135,2251.849365234375,1560381
2021-10-26,2277.7272941499755,2277.7272941499755,2229.892294262737,2248.1591796875,1595060
2021-10-27,2264.9034933520934,2265.0879618277268,2205.9974610781574,2211.025634765625,3083879
2021-10-28,2214.162189929185,2228.9232711953796,2184.6400273967956,2204.613525390625,2015791
2021-10-29,2214.1624521976482,2216.0075875744797,2189.253124610425,2207.8427734375,2453400
2021-11-01,2207.7043527236015,2224.2182233118274,2184.8708037349224,2220.712646484375,1941114
2021-11-02,2228.0007093391137,2239.994087898703,2216.007330779524,2231.5986328125,1350154
2021-11-03,2245.529858082858,2245.529858082858,2201.431075477528,2224.6337890625,1591607
2021-11-04,2240.9168651250698,2241.8394327928854,2232.6137561147257,2235.2431640625,245719
2021-11-08,2259.3677911050045,2259.3677911050045,2214.2543307768506,2243.591796875,2555533
2021-11-09,2250.880491422469,2256.7848340096716,2229.3384477158515,2242.900146484375,1696949
2021-11-10,2224.35641385111,2232.613347921181,2210.4717279417973,2214.30029296875,1794509
2021-11-11,2216.6533662997094,2220.5742790221566,2182.979645271631,2192.205322265625,1282647
2021-11-12,2203.0915274333993,2226.709349145272,2192.2051842187666,2218.72900390625,1651974
2021-11-15,2217.944676178585,2241.839084973322,2217.944676178585,2236.99560546875,1007999
2021-11-16,2246.1292576965247,2246.1292576965247,2214.2547253123867,2220.29736328125,1245209
2021-11-17,2217.8523976046927,2223.4339763480716,2202.3532176657022,2205.997314453125,956809
2021-11-18,2204.936597102425,2220.0206676833723,2186.4852448254173,2213.608642578125,1236943
2021-11-22,2222.834522463927,2223.2958063131337,2193.081714190079,2203.59912109375,1629290
2021-11-23,2202.9069368143873,2214.1622163670077,2155.579174392297,2208.811279296875,1932539
2021-11-24,2219.697669450403,2219.697669450403,2183.7175326638003,2190.867431640625,999070
2021-11-25,2202.1686180698252,2202.1686180698252,2159.7305131551993,2167.1572265625,1363272
2021-11-26,2162.498113767791,2181.872030316052,2145.153800572585,2154.287353515625,2450902
2021-11-29,2153.641646446176,2160.8838919689742,2107.790083240306,2149.02880859375,1724612
2021-11-30,2142.2015714205204,2178.1817011730614,2123.7502228294734,2138.09619140625,3931035
2021-12-01,2158.8079282786643,2174.2609337481804,2143.3549228091483,2163.282470703125,1263139
2021-12-02,2174.4915571066044,2203.091149075338,2163.420747312256,2198.755126953125,1673117
2021-12-03,2198.7554788001476,2204.8442900196555,2156.8707732340426,2162.175537109375,1890178
2021-12-06,2162.498631584652,2180.903811665437,2122.828221534251,2127.90234375,1079171
2021-12-07,2147.645493048849,2160.330800307847,2132.9767551129557,2141.83349609375,895313
2021-12-08,2138.74234043503,2162.913566527393,2138.74234043503,2159.36181640625,839769
2021-12-09,2159.7308462692995,2166.7424504311375,2141.786950709996,2158.57763671875,716666
2021-12-10,2165.265940907881,2165.265940907881,2140.356618196116,2152.16552734375,724539
2021-12-13,2169.8789564319695,2169.8789564319695,2122.8280096726025,2125.918701171875,1804894
2021-12-14,2126.51862247528,2144.9238036832908,2125.596054743187,2138.788818359375,1219031
2021-12-15,2136.6662462574727,2144.7848849865195,2122.3664505679258,2141.23291015625,755122
2021-12-16,2141.2332760940308,2145.246535342089,2125.549626528378,2130.669921875,926493
2021-12-17,2124.673189599155,2130.162421789475,2053.6354841718276,2057.556396484375,2439222
2021-12-20,2053.6354404246763,2098.2416731716976,2030.7095458851932,2093.398193359375,2175705
2021-12-21,2112.6798547820667,2124.3964185364493,2078.3142108560264,2096.85791015625,1591415
2021-12-22,2121.90536349423,2137.9579487583514,2093.3057694645254,2101.285888671875,1661605
2021-12-23,2120.936807030046,2126.518386236396,2098.4724203909404,2122.505126953125,1423081
2021-12-24,2131.130859143946,2133.898561558419,2106.498352702379,2119.09130859375,895503
2021-12-27,2119.0916406401966,2129.3784047009017,2101.839671267297,2123.197021484375,584302
2021-12-28,2131.1312461712605,2138.88072424466,2119.8297925930797,2130.301025390625,783710
2021-12-29,2135.6515864361554,2142.0636112628677,2121.029025533564,2128.22509765625,1410236
2021-12-30,2129.2859143168903,2149.5824005018867,2118.8146824860523,2145.523193359375,963711
2021-12-31,2158.808543220594,2186.808564634223,2149.5828656854633,2177.398193359375,1123597
2022-01-03,2193.8653269760753,2193.8653269760753,2170.8011414527778,2178.45849609375,879278
2022-01-04,2185.5164514267585,2221.6351077854724,2172.969667320708,2215.3154296875,1484275
2022-01-05,2217.6679587464964,2232.6135082586693,2206.7816164275773,2228.73876953125,1202512
2022-01-06,2212.3173082989642,2225.2332558870316,2184.3634624003967,2206.228271484375,1198901
2022-01-07,2203.0918192703516,2234.366776358953,2203.0918192703516,2229.06201171875,1026186
2022-01-10,2237.2265481535815,2237.2265481535815,2216.00749223295,2220.66650390625,919447
2022-01-11,2229.983958212586,2231.0450459867716,2206.7814755188997,2217.529296875,1321335
2022-01-12,2220.804469523497,2228.9231086751847,2212.7781772174794,2226.293701171875,1487554
2022-01-13,2230.7684973033997,2234.366420914234,2217.1606249563256,2227.2626953125,1586299
2022-01-14,2232.613449166806,2233.536016707784,2177.99749578815,2180.6728515625,1596037
2022-01-17,2180.949836818986,2208.811333680341,2163.421052174502,2204.521484375,912205
2022-01-18,2222.1885306139893,2222.1885306139893,2174.8607677391096,2186.02392578125,1667579
2022-01-19,2180.949316112394,2185.193216212838,2126.5640133657107,2131.038330078125,2145255
2022-01-20,2144.969805165682,2145.477262424906,2069.3192571985483,2086.66357421875,2829711
2022-01-21,2089.4311612090123,2153.595783317832,2075.777115579289,2145.338623046875,4596050
2022-01-24,2157.7934877442076,2163.37506733587,2091.184145335836,2107.6982421875,2231103
2022-01-25,2106.6833179017785,2152.996170843873,2067.3818442545667,2147.045654296875,1843543
2022-01-27,2131.1310027894797,2145.5231464092967,2098.841139110851,2117.615478515625,2620474
2022-01-28,2116.923419558641,2139.157160578381,2101.654882790564,2106.72900390625,1967721
2022-01-31,2112.6799570076278,2132.8381506220467,2095.1511713381324,2097.688232421875,1639875
2022-02-01,2124.9500211800946,2140.3568552199918,2101.9779525491404,2127.117919921875,1270508
2022-02-02,2144.1396865928214,2152.350449047192,2118.7229013521496,2147.645263671875,1246111
2022-02-03,2148.660032239758,2151.381561728838,2112.679894301866,2120.19873046875,1448039
2022-02-04,2127.4409982224497,2133.668329852112,2106.2219422991557,2127.99462890625,1014561
2022-02-07,2117.523152102328,2137.3121808433843,2063.783592747155,2082.78857421875,1207402
2022-02-08,2092.383639586845,2092.383639586845,2072.594606561286,2089.016357421875,1190660
2022-02-09,2091.9680915652184,2103.777001244082,2080.9434543977854,2101.285888671875,1049611
2022-02-10,2103.4545972093874,2108.067436238355,2081.1746747939847,2106.360595703125,1195100
2022-02-11,2102.531142309981,2102.531142309981,2074.8541198135795,2083.1572265625,2100036
2022-02-14,2048.0997960044656,2063.091517484228,2036.1064188206558,2055.98779296875,1661501
2022-02-15,2073.8853768071913,2125.7336205155843,2050.4522545459176,2112.771728515625,1533070
2022-02-16,2112.772261362589,2125.3652196667686,2098.841399779446,2109.450927734375,995668
2022-02-17,2105.299203055527,2133.89879783849,2099.763797613663,2128.870849609375,869374
2022-02-18,2116.370211582203,2147.553043530707,2116.370211582203,2133.48388671875,890713
2022-02-21,2120.060325542813,2125.64190451936,2107.836304953848,2117.108154296875,737919
2022-02-22,2103.4544681139396,2103.4544681139396,2075.8697825081804,2094.1826171875,902667
2022-02-23,2094.228320529739,2097.872417273726,2077.8527466577552,2085.37158203125,1324411
2022-02-24,2029.6485831995174,2068.3964197878718,1993.0226969953872,2003.2630615234375,2997629
2022-02-25,2025.03586922646,2025.9584368206404,1994.7294336631348,2002.617431640625,2193728
2022-02-28,1996.4364136270947,2011.1051493073985,1955.8434366402223,2003.9093017578125,2334036
2022-03-02,1964.1003126435737,1987.948775995453,1958.6572537160741,1982.690185546875,2034688
2022-03-03,1990.808676007574,2000.0805260964498,1925.029781622644,1929.0889892578125,2372998
2022-03-04,1914.3276198543692,1917.0491490136667,1822.3015089722135,1863.1251220703125,6320118
2022-03-07,1826.2224928441972,1826.8221842843884,1777.787695736685,1793.4251708984375,2976453
2022-03-08,1775.5276165814537,1806.3874594393358,1754.308560622769,1798.0843505859375,3211938
2022-03-09,1811.9228110423805,1851.6393922481686,1799.929431946886,1843.1978759765625,2879079
2022-03-10,1893.016245468416,1950.307779804072,1890.3408896965675,1939.1907958984375,4879791
2022-03-11,1937.3920548449164,1946.8021997783435,1909.715025489989,1932.2255859375,2481643
2022-03-14,1932.7791241690913,1932.7791241690913,1887.665545954839,1899.843505859375,1730325
2022-03-15,1886.6507018593952,1919.6786662839345,1868.1993502519686,1880.377197265625,2391023
2022-03-16,1900.4892580005055,1918.940610019928,1874.703538600609,1911.6983642578125,2808685
2022-03-17,1935.639106275331,1952.7987279140002,1921.1086670661186,1939.283203125,2995889
2022-03-21,1943.3887638714239,1947.4479714560312,1887.573420783733,1892.3707275390625,1674982
2022-03-22,1894.7232488895797,1894.7232488895797,1816.5356431228643,1839.1385498046875,5356303
2022-03-23,1856.206157074513,1860.4038850316479,1822.3017951100555,1825.3463134765625,3212162
2022-03-24,1817.4582861238923,1837.1550830970928,1800.2523767798564,1813.67578125,3054664
2022-03-25,1821.9787892459435,1823.9161586966566,1794.3939952781977,1801.7745361328125,2233647
2022-03-28,1808.1862866220808,1827.4219107941271,1781.7548155020881,1822.1632080078125,1794533
2022-03-29,1826.6837200393122,1840.3838254159855,1821.1944882510834,1833.1878662109375,1249125
2022-03-30,1845.135350657399,1862.664136488644,1840.5686857117716,1859.80419921875,1476829
2022-03-31,1863.0329557864059,1894.9537708833109,1861.7413386769822,1890.0179443359375,2540524
2022-04-01,1895.7841886888157,1924.3378378681969,1880.5619349631133,1917.23388671875,1714996
2022-04-04,1917.095426760621,1967.3291863270024,1909.89935460619,1963.638916015625,1693019
2022-04-05,1978.4463745779765,1990.901038162403,1962.301440301868,1974.1103515625,1277652
2022-04-06,1969.6821316602986,1996.8055332148851,1957.0429986261718,1976.186279296875,1736115
2022-04-07,1974.2487842523508,2006.5848284897488,1969.7744658685112,1997.1746826171875,1824732
2022-04-08,2009.075281976827,2023.6518941209981,1995.9748679875904,2014.0111083984375,1693462
2022-04-11,2018.5778301287842,2024.2055823639428,1973.2796726397237,1995.559814453125,1380107
2022-04-12,1975.1248950778788,1997.3588644486824,1960.4561602556353,1967.144775390625,1370233
2022-04-13,1972.1730910655033,1997.359236414895,1965.7151166290578,1985.504150390625,1071601
2022-04-18,1981.6748956854155,2013.872409808545,1969.7276921762646,2009.0289306640625,1828131
2022-04-19,2016.4558385504654,2035.9682772736987,1938.3605859416782,1949.431396484375,1775996
2022-04-20,1950.6769054291142,2000.726199322018,1930.6572329192002,1997.312744140625,1511804
2022-04-21,2015.8104834127773,2033.1086282933215,2000.126832054417,2027.7576904296875,2244813
2022-04-22,2013.0426440030271,2019.5006176547327,1955.8434488022078,1962.2552490234375,3520828
2022-04-25,1937.3918145863086,1994.5910014931424,1888.495735456273,1938.083740234375,2437310
2022-04-26,1976.3243648548817,1990.8548052693895,1956.76597582038,1981.998291015625,1447088
2022-04-27,1981.4906432150797,1985.734318833927,1940.6208554083446,1978.999755859375,2214481
2022-04-28,2057.325784433154,2075.777136759909,1997.358889371201,2068.25830078125,5865359
2022-04-29,2070.610633368373,2112.6798060639644,2050.452666430418,2061.80029296875,2678692
2022-05-02,2048.099906218477,2077.622067028833,2035.0916140169286,2057.786865234375,1543544
2022-05-04,2068.35040288117,2076.561389730826,1982.2748000419472,2003.4017333984375,1608395
2022-05-05,2009.352018289925,2031.4474649038607,1986.8414613475506,1998.8348388671875,1101451
2022-05-06,1960.4561358508793,2001.9716775512509,1943.1118200488115,1982.7822265625,1585602
2022-05-09,1957.2274733505901,1973.741345911269,1946.7562393378516,1952.7529296875,1341414
2022-05-10,1968.759238076086,2027.7112170130201,1954.9207242189436,2011.5662841796875,2162232
2022-05-11,2015.8103020008812,2020.1463248801338,1952.1531345692745,1995.97509765625,1858636
2022-05-12,1997.2208001404192,1997.2208001404192,1945.8797718586989,1973.1878662109375,1531515
2022-05-13,2001.9717189230619,2046.254964318595,1987.3489321719185,2024.2056884765625,2057239
2022-05-16,2029.649060720628,2049.899377892837,2004.0939789578993,2045.5633544921875,1396818
2022-05-17,2064.613986444951,2100.6864704769278,2049.2994990966104,2071.164306640625,2055096
2022-05-18,2062.9533861422306,2123.7504975188517,2062.9533861422306,2113.97119140625,2137455
2022-05-19,2071.7178290173856,2106.9598652076074,2071.5793087399024,2089.200439453125,1734602
2022-05-20,2112.679688899791,2166.1886067845894,2105.9449007394605,2145.845947265625,2599505
2022-05-23,2130.2087744947225,2203.091621261757,2127.7640602356446,2195.526611328125,2363306
2022-05-24,2195.7108243415714,2195.7108243415714,2123.7967270537633,2130.80810546875,3078655
2022-05-25,2149.5362916112877,2149.5362916112877,2109.4507752396985,2120.7060546875,1884260
2022-05-26,2112.8181747767812,2118.215285524726,2083.157715468132,2103.638671875,2299127
2022-05-27,2119.1376270697115,2154.102846538108,2103.9152627481394,2150.135986328125,1011303
2022-05-30,2160.8380974946226,2181.8726868378167,2150.5053839403595,2167.0654296875,939562
2022-05-31,2177.2598027661215,2184.5479976046063,2125.5036639702707,2171.032470703125,3123979
2022-06-01,2186.4852537874876,2226.8937604870093,2123.7506557885217,2129.701171875,2197599
2022-06-02,2117.2927131483425,2128.317351291562,2082.373438220442,2107.882568359375,1460335
2022-06-03,2107.1443924137075,2144.923490479133,2089.753903108621,2114.478759765625,1845303
2022-06-06,2096.258170795974,2123.7045584032867,2073.5631417313366,2103.91552734375,2131405
2022-06-07,2075.777339918227,2084.8647219230384,2036.153101965706,2040.350830078125,2034730
2022-06-08,2043.4876591225561,2047.1317568534198,2016.7331931566175,2026.9276123046875,1506843
2022-06-09,2026.880981137173,2037.352213305358,2002.6635820680556,2027.5267333984375,1497867
2022-06-10,1995.5133816790758,2037.813189087462,1995.328913237486,2029.5560302734375,1641981
2022-06-13,2000.126702866766,2045.3325185680906,1989.0558908582784,2026.788818359375,1519441
2022-06-14,2021.207221128956,2042.5183965410713,1992.745921918183,2002.8941650390625,1592475
2022-06-15,2009.1298479420552,2009.3159450730284,1983.3491466196042,1997.82177734375,1432377
2022-06-16,1996.3791372522528,2014.0626820577506,1987.118589496444,1997.9613037109375,1353485
2022-06-17,2010.340017697,2010.7122119955238,1954.4972394276388,1964.22314453125,3252189
2022-06-20,1964.7351215299823,2050.2675544053686,1962.0824986190278,2043.7525634765625,2022000
2022-06-21,2042.9152809886975,2077.351666135204,2021.6483954879973,2052.222412109375,1606187
2022-06-22,2037.516822816739,2070.743230960725,2034.5851678017711,2050.22119140625,1741378
2022-06-23,2055.0140404155354,2100.944811964209,2040.2157965035597,2096.52392578125,1585753
2022-06-24,2108.065127447155,2158.1375366257535,2103.4581431434044,2144.269775390625,1930048
2022-06-27,2155.391646400277,2170.2830533947563,2138.824910673951,2159.85888671875,1450391
2022-06-28,2159.859033532507,2162.977012973852,2120.024698894455,2157.06689453125,1404108
2022-06-29,2137.103420139715,2140.5470132378377,2070.8366914580347,2078.701171875,1682914
2022-06-30,2070.742850878611,2093.173120606514,2060.0396535077907,2076.048095703125,2387212
2022-07-01,2071.7671225755216,2134.124893111263,2050.919242420677,2124.212890625,1235612
2022-07-04,2118.302713618169,2213.5146956198773,2118.302713618169,2210.62939453125,2410245
2022-07-05,2219.285299796351,2244.879909041224,2207.279192167795,2235.107421875,2463079
2022-07-06,2233.710912238165,2335.251778346921,2233.710912238165,2325.29296875,4770394
2022-07-07,2331.435839522616,2355.6343751823315,2294.672679578048,2301.6064453125,3333262
2022-07-08,2304.8641486646393,2330.3192399417867,2282.85287724535,2323.850830078125,1346970
2022-07-11,2314.683034001477,2350.0501249914473,2308.1680435559565,2318.03369140625,1587197
2022-07-12,2303.5147259287196,2318.0339399396685,2275.0813977051125,2279.828125,1116476
2022-07-13,2293.276430037033,2344.791476447474,2290.856485771257,2324.68798828125,2528792
2022-07-14,2329.3418469612275,2348.0956221051606,2297.1856689370916,2324.73486328125,1663307
2022-07-15,2354.703685425589,2395.5618916859257,2328.690304780577,2390.5361328125,2996964
2022-07-18,2402.170291504002,2424.5074038620396,2357.542647883643,2376.57568359375,1566888
2022-07-19,2373.2713375549665,2396.585741377214,2347.955991867715,2390.024169921875,1473121
2022-07-20,2396.5857174969105,2436.606372196859,2359.9157201268895,2424.041748046875,4012897
2022-07-21,2435.676197400496,2447.682305573008,2412.1291103834023,2426.787841796875,1990695
2022-07-22,2435.6761931371766,2460.060831016692,2430.1384956134225,2457.64111328125,1905780
2022-07-25,2462.2013725511724,2470.1124334722404,2431.0224853916698,2441.81884765625,1253821
2022-07-26,2443.1215914391,2443.1215914391,2362.2427237400657,2370.619140625,1685576
2022-07-27,2359.6833528392845,2411.0120851479155,2350.050382165021,2403.054443359375,1404133
2022-07-28,2443.121193019336,2443.121193019336,2405.892679601898,2438.560791015625,1442054
2022-07-29,2457.08229818408,2461.735863142762,2416.130926547679,2454.662353515625,1463059
2022-08-01,2454.75559668609,2455.22095319731,2401.239597895777,2413.3388671875,1559918
2022-08-02,2419.853985331088,2456.244957308131,2418.923272259807,2452.66162109375,1359934
2022-08-03,2434.0469255488947,2479.419179681581,2417.8989657522525,2444.3779296875,1767904
2022-08-04,2451.4978019028654,2460.292993446503,2433.8142566347733,2445.866943359375,1189384
2022-08-05,2455.2207253193606,2473.5091436229527,2445.4948205825285,2462.10791015625,1176666
2022-08-08,2462.107877139054,2473.8349508660503,2444.0987184027517,2466.715087890625,1024511
2022-08-10,2466.715650323295,2491.239805116353,2448.89235743804,2459.688720703125,1098949
2022-08-11,2472.020030037307,2482.909325463082,2425.9963228277325,2432.604248046875,810674
2022-08-12,2443.028125367328,2444.1451625929203,2405.985934863655,2415.1533203125,1473527
2022-08-16,2427.2529025034546,2464.853843722323,2411.0585873295126,2461.2705078125,1584117
2022-08-17,2467.320027889315,2507.34068469778,2461.270393720594,2498.638427734375,1711381
2022-08-18,2498.964307798236,2526.885696712183,2480.0242080950043,2496.21875,1465489
2022-08-19,2502.686789421336,2511.9473365962112,2444.5172377891927,2452.009521484375,1324508
2022-08-22,2464.5280903001526,2482.0255406158353,2438.561287791541,2444.703857421875,1410895
2022-08-23,2421.7616327531014,2447.4957544605686,2406.125610033763,2413.10595703125,1305045
2022-08-24,2397.5169772650443,2429.1612230829833,2383.835539959323,2408.918212890625,1242489
2022-08-25,2420.97080576477,2446.28615596523,2387.6978133263765,2395.841552734375,1106593
2022-08-26,2419.7605765470635,2433.5351740432916,2384.486645630063,2393.375,1048791
2022-08-29,2373.3178841108324,2427.206069883653,2373.3178841108324,2397.330322265625,1450034
2022-08-30,2409.336523273569,2482.211391344048,2406.4514495172953,2475.556884765625,2227943
2022-09-01,2466.3893587664284,2471.0429235942897,2414.2694326943833,2425.43798828125,1702269
2022-09-02,2433.814627732446,2441.260332138511,2405.8932362097025,2423.20458984375,937600
2022-09-05,2417.06145197482,2440.701469240513,2406.916772042064,2420.412109375,1274074
2022-09-06,2411.663395325669,2438.467974227799,2385.4173350938354,2394.817626953125,1250776
2022-09-07,2393.6078266821864,2416.9685875045343,2383.3699833064925,2386.90673828125,1344964
2022-09-08,2401.2392925885038,2416.130699054169,2385.417173218734,2398.586669921875,1004533
2022-09-09,2417.992346167213,2463.597282642268,2404.450426728119,2409.336669921875,1785443
2022-09-12,2411.4772202898994,2424.507201410725,2395.6551003574687,2401.611572265625,1595709
2022-09-13,2417.9923614738445,2428.230204420808,2400.308814565452,2407.38232421875,1342130
2022-09-14,2373.318183967383,2425.4381127133333,2370.246785578454,2393.2353515625,1610054
2022-09-15,2401.2391329098027,2418.736579788372,2374.248460485623,2382.9970703125,1199906
2022-09-16,2377.9719147737073,2386.2088164056318,2344.1404034915768,2352.982177734375,2516820
2022-09-19,2355.634362107898,2408.6849976828294,2334.2745463871684,2400.541259765625,1166725
2022-09-20,2418.5507321967084,2439.8639675924364,2400.867186370175,2404.54345703125,1253333
2022-09-21,2403.101093905548,2463.364763863094,2401.2396678064733,2441.81884765625,1960049
2022-09-22,2441.3534191357107,2514.088550922145,2438.5146989733626,2506.177490234375,2620240
2022-09-23,2510.9704141412954,2535.029435145417,2488.7264651964556,2496.21875,1789791
2022-09-26,2483.6076189345317,2539.9157549456013,2459.921018735176,2476.20849609375,2678551
2022-09-27,2490.5877318891717,2525.722144026248,2469.5535293622083,2493.612548828125,1898501
2022-09-28,2484.9575624477175,2521.0692785929855,2468.2978877310984,2514.880126953125,1526197
2022-09-29,2523.256324307024,2538.0545714021478,2504.64206269058,2513.437255859375,2019666
2022-09-30,2519.4401616202003,2526.7927036363517,2483.049191410216,2509.62109375,1340054
2022-10-03,2534.3315814168254,2544.5694247497618,2436.187937820151,2440.794921875,1683197
2022-10-04,2466.3892077204423,2491.053099797647,2451.637317229616,2483.095458984375,1327939
2022-10-06,2495.520819589302,2505.758662619022,2424.5539531332897,2432.8837890625,1752351
2022-10-07,2430.929115680719,2431.9529908377535,2396.585897974441,2419.574462890625,1025923
2022-10-10,2391.93244381046,2429.8124180009304,2365.872479442097,2425.06591796875,1043728
2022-10-11,2429.160755023565,2429.6726925816597,2368.6644143812155,2373.9228515625,1129783
2022-10-12,2385.8359521177263,2424.134924513287,2377.226857742,2411.802978515625,882873
2022-10-13,2404.031714024407,2426.5083424119284,2385.3242915619167,2388.581787109375,753331
2022-10-14,2410.5463999400217,2443.0281891110585,2392.1182391596076,2397.330322265625,1001536
2022-10-17,2395.2825688491293,2429.1138430185265,2390.0704862446546,2411.05810546875,778918
2022-10-18,2438.467662824839,2458.9433454897803,2417.061267311491,2421.947509765625,1123374
2022-10-19,2434.094061561093,2436.141584974548,2399.7506111915654,2404.031982421875,1241979
2022-10-20,2390.2107958683678,2429.161230628747,2390.2107958683678,2420.691650390625,1428125
2022-10-21,2425.437743172406,2481.9785501170427,2425.437743172406,2470.018798828125,2458302
2022-10-24,2429.254006741838,2457.082233573049,2373.3180665194227,2394.817626953125,719908
2022-10-25,2406.823659209532,2406.823659209532,2326.7823464902667,2331.80810546875,2923789
2022-10-27,2321.1979975622767,2354.703662322598,2315.613720102223,2344.4658203125,1846329
2022-10-28,2351.073716226115,2374.1552120949523,2337.9505747375456,2349.351806640625,1164951
2022-10-31,2368.664464037761,2393.7937137544677,2365.9189062729406,2373.969482421875,1324443
2022-11-01,2407.0438460978403,2413.4620965488507,2386.9930468593743,2390.92822265625,1280132
2022-11-02,2402.3594467722937,2402.3594467722937,2343.7058055970365,2359.54052734375,1338284
2022-11-03,2357.104375655982,2388.3051119623005,2350.170980365437,2385.822265625,730444
2022-11-04,2384.5104479036286,2385.494299236469,2356.6828500214174,2361.46142578125,889055
2022-11-07,2371.5339265095754,2391.116252595705,2358.322730322645,2373.126708984375,1283685
2022-11-09,2351.7634634725714,2384.4631906481854,2335.5071583906392,2350.63916015625,1436444
2022-11-10,2346.1415910671885,2377.998146217462,2343.3776121790283,2355.136474609375,1459152
2022-11-11,2384.5570335917323,2386.2436029803034,2337.7091547392424,2345.251708984375,1162847
2022-11-14,2348.7654157270244,2355.2772254587667,2300.3714172362206,2302.8544921875,2137131
2022-11-15,2302.8541310396467,2313.3480090245107,2290.064524238301,2302.572998046875,1558333
2022-11-16,2308.2423274687603,2326.4661100882686,2275.0272207407493,2321.640869140625,1330395
2022-11-17,2323.6080304666507,2340.520161450394,2299.528265107938,2304.915771484375,960476
2022-11-18,2314.285308458912,2331.6659179626067,2294.4687464064905,2327.12158203125,1075675
2022-11-21,2327.12146322156,2353.6374081154167,2314.332083932797,2343.70556640625,1354881
2022-11-22,2347.922017585297,2364.881042072989,2339.583186234649,2357.104248046875,921265
2022-11-23,2362.0698961627077,2365.817726224053,2344.267703371319,2349.280517578125,734152
2022-11-24,2358.32270006526,2398.6118840552504,2352.841405627305,2388.44580078125,999929
2022-11-25,2393.926806880716,2394.3014984426877,2359.4467194505132,2377.483154296875,783480
2022-11-28,2367.6919405844546,2382.2147839081817,2362.8198066386367,2366.00537109375,830905
2022-11-29,2367.8790865656842,2473.521050861577,2367.8790865656842,2468.133544921875,2542932
2022-11-30,2467.946406116617,2527.911694647924,2457.6398721502983,2515.122314453125,3698270
2022-12-01,2511.046269774166,2513.857142464212,2479.986218048923,2494.9775390625,1675569
2022-12-02,2492.3073440103817,2492.3073440103817,2442.789040807247,2450.238037109375,2101890
2022-12-05,2436.089776576181,2459.5137167355674,2422.175864621739,2454.6884765625,1640511
2022-12-06,2442.4614405561424,2492.26065208458,2439.6974610203633,2487.201171875,1484562
2022-12-07,2492.353981194533,2548.3371949096204,2488.7934967481283,2536.672119140625,2368561
2022-12-08,2525.1478215474913,2540.1391443106168,2516.434069441538,2534.89208984375,1314703
2022-12-09,2552.9283128574275,2568.763033459541,2540.326278956975,2550.6328125,1883397
2022-12-12,2531.846740641604,2552.272461746136,2519.1509196139464,2545.947998046875,1163204
2022-12-13,2545.713849591254,2548.524722446894,2527.724309065042,2539.436279296875,1265839
2022-12-14,2548.524618131547,2548.524618131547,2502.9417233548033,2515.403076171875,886858
2022-12-15,2500.130870117913,2514.0914466719687,2481.4852768769233,2495.352294921875,990722
2022-12-16,2499.8030135322433,2518.2610335119625,2486.029781808769,2502.89501953125,1793864
2022-12-19,2502.894726078457,2548.5245125945157,2502.894726078457,2546.744384765625,1546941
2022-12-20,2535.4074585596272,2535.454352193079,2485.982941398127,2505.940185546875,827567
2022-12-21,2518.4950379508336,2525.241086660539,2483.031331409457,2498.1162109375,779092
2022-12-22,2507.766947485057,2519.010438376079,2475.441911173368,2478.580810546875,852567
2022-12-23,2466.072610479893,2482.5162634919075,2443.632519823627,2455.85986328125,1189702
2022-12-26,2455.7190489630993,2471.553770123414,2442.414296397516,2452.439697265625,605144
2022-12-27,2459.5135385661692,2468.7893266975734,2412.899901025725,2429.76513671875,870960
2022-12-28,2429.5309423377967,2438.994305151716,2415.570366255285,2420.7236328125,822651
2022-12-29,2417.5851352059226,2420.4429019760137,2379.3103211896605,2406.154296875,1345863
2022-12-30,2417.303621302198,2423.39384546772,2394.113921595018,2399.59521484375,696432
2023-01-02,2411.6351479258137,2417.397574589378,2378.0453542016885,2397.1123046875,681703
2023-01-03,2389.289118914475,2400.485718102652,2375.187859246769,2381.79345703125,821843
2023-01-04,2389.7103596638617,2397.1122332067716,2367.738749685802,2376.21826171875,1672649
2023-01-05,2377.5766399091954,2428.5470383395914,2377.5297462825415,2420.817138671875,2008493
2023-01-06,2417.3506593630577,2447.2395159383605,2412.572084001759,2414.0244140625,991782
2023-01-09,2426.1116353443763,2463.683503774961,2407.9814114278147,2458.6240234375,1267078
2023-01-10,2458.6237301691544,2486.076634650193,2450.2380050779525,2477.175537109375,1413088
2023-01-11,2477.315731797696,2480.923109820686,2424.9398968952273,2429.76513671875,1471687
2023-01-12,2423.066396823305,2438.52619885642,2410.557920042191,2426.767333984375,1703829
2023-01-13,2426.9076895815797,2472.865508637777,2404.842290898694,2458.576904296875,1348015
2023-01-16,2462.277561927778,2462.277561927778,2421.098323118427,2433.37255859375,930068
2023-01-17,2441.1959494351263,2506.3613913603754,2437.7761459522812,2499.381103515625,1892865
2023-01-18,2499.803128602817,2523.695549809478,2492.3074670477863,2516.855712890625,2038075
2023-01-19,2501.7705475587823,2510.3905116196725,2447.239432930238,2482.703369140625,1649842
2023-01-20,2389.2417535786535,2440.7744188519187,2376.1712415001334,2388.070556640625,4569549
2023-01-23,2398.611629271074,2439.8377666491706,2391.115967929602,2432.716796875,1388360
2023-01-24,2439.8374568893,2445.459202181672,2418.100087508677,2436.55810546875,1462462
2023-01-25,2436.558147426727,2475.4418863685496,2430.4679232551166,2457.03076171875,1591810
2023-01-27,2469.3516836418157,2479.7051105733485,2415.6639689590274,2447.4736328125,1581382
2023-01-30,2445.459573604007,2445.459573604007,2370.6903041094456,2406.247802734375,2744039
2023-01-31,2406.1072844911223,2426.9076989109026,2380.996773311189,2414.3056640625,2366794
2023-02-01,2436.277139068055,2438.9006661337953,2386.29058767451,2411.963134765625,2014615
2023-02-02,2407.512646879557,2473.3339208407515,2401.4224222425783,2468.742919921875,1980667
2023-02-03,2473.567978704578,2489.9178425109067,2465.275812730749,2481.766357421875,1638238
2023-02-06,2465.13532458132,2478.2527303373595,2435.8554010187336,2471.3193359375,1697446
2023-02-07,2478.252900765544,2478.7682732055678,2431.6861528791146,2437.214111328125,1495745
2023-02-08,2429.250154856986,2443.1171744059943,2415.804949267634,2419.974365234375,1061956
2023-02-09,2423.9090626885595,2435.9957229896086,2404.2329551058538,2423.6279296875,1102484
2023-02-10,2422.035238182741,2423.581126622247,2394.2545386526676,2415.008056640625,1523011
2023-02-13,2398.6112456412243,2427.4226893144537,2389.241670462938,2418.287353515625,1146525
2023-02-14,2422.035554089223,2437.963834328881,2408.1685349542227,2416.97607421875,1944364
2023-02-15,2389.241636522507,2409.6673558708912,2377.061188963765,2387.789306640625,2009134
2023-02-16,2398.6117054175047,2400.391833542844,2363.803818457803,2367.785888671875,1982857
2023-02-17,2365.8180899516747,2385.7284402136443,2348.859064817002,2356.9169921875,1395341
2023-02-20,2359.259188216002,2382.683127733635,2350.076958175208,2353.1220703125,632091
2023-02-21,2368.62916375174,2383.573593936123,2353.918973002064,2357.526123046875,862797
2023-02-22,2357.5259633129067,2364.4595873600997,2326.2316684562447,2336.8193359375,885515
2023-02-23,2334.898285011658,2357.2914796321907,2323.748581330186,2333.63330078125,757215
2023-02-24,2335.0857488958277,2352.93483741435,2316.1123569764086,2327.590087890625,732783
2023-02-27,2330.2137456869955,2330.2137456869955,2301.1680576627505,2312.552001953125,853991
2023-02-28,2314.0510639785084,2318.361160496719,2282.1007178854966,2305.524658203125,1780454
2023-03-01,2303.041584832742,2314.2850750760263,2293.672009630005,2310.771484375,967339
2023-03-02,2310.7718290257026,2314.2854202507797,2289.924521090245,2300.55908203125,827174
2023-03-03,2310.5376237400724,2332.930820645566,2300.840020315843,2315.222412109375,1176008
2023-03-06,2325.48190441963,2341.3166253465765,2319.532360820119,2328.19921875,1214503
2023-03-08,2330.213721820577,2343.7058207487166,2311.6619142323125,2328.43359375,1448340
2023-03-09,2328.199133162967,2334.8513947284646,2302.0109858136857,2306.227294921875,1038910
2023-03-10,2295.5462667016423,2314.753898729146,2290.9552656680103,2310.022216796875,772024
2023-03-13,2310.537698648282,2331.6192469936127,2290.861586859306,2300.324951171875,1314549
2023-03-14,2306.7897357879506,2316.1593122939944,2285.9424280620037,2288.47216796875,1250763
2023-03-15,2297.326543093733,2304.447513268379,2242.1398248632777,2254.4140625,1738040
2023-03-16,2272.0751636758823,2313.6293224916835,2255.9595395760243,2304.306640625,1628035
2023-03-17,2315.8310843335667,2326.6529900073347,2285.9891230052194,2293.10986328125,2127178
2023-03-20,2293.1099972967613,2357.9943127536376,2272.1222380205863,2352.887939453125,1561128
2023-03-21,2356.4482918782055,2364.178191841623,2303.7444284912676,2307.351806640625,1595161
2023-03-22,2316.7215163262267,2324.9665604311444,2299.668704542479,2320.235107421875,1063244
2023-03-23,2318.9702297973176,2342.4410651457583,2310.5376107798725,2328.43359375,1578627
2023-03-24,2316.346857168687,2340.4266251090366,2314.285595910074,2324.40478515625,1449326
2023-03-27,2328.3396249124653,2347.0787768232294,2308.663515406163,2341.45703125,1387736
2023-03-28,2351.5761749174585,2355.0428722060337,2316.065345463075,2326.2783203125,1412387
2023-03-29,2328.339717443786,2379.685041469694,2323.7018229114383,2371.29931640625,2613254
2023-03-31,2397.4873671058185,2406.528917254898,2357.900904964468,2398.939697265625,2146167
2023-04-03,2407.9810328704666,2407.9810328704666,2356.4952584817374,2376.21826171875,918048
2023-04-05,2354.1059745660814,2425.361645934174,2344.2679197469993,2419.92724609375,1489612
2023-04-06,2412.6658543080293,2422.035430441264,2392.052786814912,2403.530517578125,797414
2023-04-10,2403.530477831666,2406.997175193752,2365.8179345190356,2372.51708984375,853322
2023-04-11,2379.872367468845,2393.926731843661,2373.313664093931,2387.1337890625,913184
2023-04-12,2394.863546824328,2394.863546824328,2359.8680901156886,2369.518798828125,1109809
2023-04-13,2365.817888436723,2400.813345533759,2365.817888436723,2376.311767578125,1261711
2023-04-17,2410.792149690721,2416.4138958617837,2381.1841950233493,2390.9755859375,1566977
2023-04-18,2398.611502284606,2398.611502284606,2370.5027737422083,2380.856201171875,1474786
2023-04-19,2387.3682119969135,2387.3682119969135,2351.9980589345573,2372.002197265625,1320243
2023-04-20,2359.0717334113074,2372.751176207683,2323.654692747772,2335.46044921875,1401364
2023-04-21,2334.8985362313215,2351.2952956149684,2328.948763469482,2340.473388671875,1206288
2023-04-24,2344.268066845747,2346.985152561744,2319.0639972751146,2342.159912109375,1735797
2023-04-25,2333.820721037416,2342.1595514329497,2321.8276190785796,2333.44580078125,1701098
2023-04-26,2333.0246619170675,2359.25947739244,2325.7163461418977,2352.513427734375,1245903
2023-04-27,2355.464358774714,2363.0069127114803,2302.104672693143,2313.30126953125,2743893
2023-04-28,2282.4753950384747,2312.2237960729008,2266.500223693731,2302.3857421875,3761927
2023-05-02,2315.971855388902,2321.7809467940324,2295.5461338359078,2297.138916015625,1760370
2023-05-03,2302.0579470910807,2333.0244417566496,2298.0289836305337,2329.276611328125,1258140
2023-05-04,2330.1666992972782,2351.1546871627665,2323.7953417533013,2348.718505859375,1150227
2023-05-05,2342.3939614990504,2361.1331131910424,2337.4280405507902,2343.0966796875,1354871
2023-05-08,2347.781312152746,2367.5512073785035,2339.7233859589787,2357.666259765625,972810
2023-05-09,2365.817962298237,2365.817962298237,2342.440915707787,2357.197998046875,1651327
2023-05-10,2362.070059660433,2375.187465783101,2347.875243820309,2363.662841796875,2025658
2023-05-11,2377.0144977012933,2435.1527615560435,2364.506251200738,2428.96875,1749356
2023-05-12,2430.4679431640157,2473.5679915007713,2423.3469741129625,2458.014404296875,2170011
2023-05-15,2471.647168570969,2502.3794225240854,2457.6865923198716,2494.415283203125,1561055
2023-05-16,2501.676631857383,2509.5469836938037,2483.4997470807257,2507.20458984375,1477905
2023-05-17,2503.55083738377,2505.424752681213,2480.1737897980543,2493.947021484375,839404
2023-05-18,2497.4605726208124,2500.927270115609,2456.5624634096835,2461.903076171875,1434067
2023-05-19,2462.9336540506897,2482.000833874107,2436.6988396496045,2474.9267578125,1174757
2023-05-22,2468.8836695553387,2488.0444097797963,2457.687070200414,2471.788330078125,768232
2023-05-23,2466.072654754992,2482.7505474861255,2459.513950885963,2462.60595703125,703864
2023-05-24,2454.8293387023514,2471.694578433894,2443.5858455479893,2450.09765625,628872
2023-05-25,2445.4591479344135,2460.590920510954,2417.8657944863357,2433.512939453125,1072231
2023-05-26,2439.6034163578033,2489.215276857039,2438.9944854012556,2485.1396484375,947073
2023-05-29,2501.677014754281,2510.6250063809107,2478.299966302625,2483.218994140625,698267
2023-05-30,2488.090855821525,2496.9919528391506,2483.7340945705564,2489.07470703125,948051
2023-05-31,2489.0745706913394,2511.046179007778,2471.6939627695965,2499.381103515625,3388305
2023-06-01,2498.8659721401505,2559.065499215518,2487.154001892024,2527.81787109375,1541080
2023-06-02,2539.1550471381843,2565.577205199851,2521.9617840092747,2545.4326171875,1509260
2023-06-05,2545.1984247215364,2550.398585147234,2514.9346485160127,2525.850341796875,1000190
2023-06-06,2529.7858195855015,2537.18769400229,2501.8175404136405,2521.49365234375,655372
2023-06-07,2520.416352262876,2555.0837890783873,2510.4378437062996,2544.964599609375,1428490
2023-06-08,2536.3442797445905,2549.9770588783986,2506.2678486143086,2510.95263671875,923536
2023-06-09,2519.4325795907425,2519.4325795907425,2454.9231736154775,2470.008056640625,1413808
2023-06-12,2478.2526228643524,2489.4961130247957,2467.009132703909,2476.80029296875,775484
2023-06-13,2463.8236387402744,2526.9744854379633,2461.8559364064695,2507.20458984375,1787924
2023-06-14,2502.613685082793,2531.753157191345,2484.811491141732,2528.6142578125,1536248
2023-06-15,2542.855987016174,2546.1822321862073,2509.312859789837,2520.134765625,1830192
2023-06-16,2520.1344854981285,2552.272172777472,2514.044261884673,2544.448486328125,1748145
2023-06-19,2552.3359473265864,2561.215188130921,2526.831480051302,2534.62451171875,1068263
2023-06-20,2522.108880091478,2531.932732545881,2501.4220118614003,2527.87109375,1129279
2023-06-21,2537.175471993452,2556.917961609869,2520.644795113001,2528.343505859375,1201840
2023-06-22,2520.833422303501,2529.6656181838885,2501.9884986425827,2507.32568359375,830052
2023-06-23,2504.4446537175895,2513.1822966173913,2481.9156119396744,2495.281982421875,991214
2023-06-26,2495.8013848354094,2526.0761834675086,2495.8013848354094,2505.200439453125,758700
2023-06-27,2505.2006451051598,2514.17444143718,2489.9923296006514,2504.4921875,687747
2023-06-28,2506.0034396679093,2538.7343195838625,2495.660004697041,2513.84375,1397573
2023-06-30,2518.2829332591327,2537.1278562605576,2504.4917659042017,2529.80712890625,1160181
2023-07-03,2538.167147813337,2555.973139106291,2512.143095391975,2551.43896484375,980665
2023-07-04,2551.438908116266,2556.7758624141525,2526.831771285446,2550.447021484375,721907
2023-07-05,2550.4000140334656,2606.5570388098804,2546.7634034896237,2603.203857421875,1717547
2023-07-06,2607.029000802995,2611.846603965153,2584.1222087067363,2604.38427734375,1265020
2023-07-07,2600.606392198823,2616.2395062641617,2541.9460074716203,2548.65283203125,1178930
2023-07-10,2559.7988641116162,2561.1687332755905,2504.161420460869,2509.404052734375,1518183
2023-07-11,2509.9236827430877,2566.269585066433,2499.4384179942144,2535.805908203125,2476367
2023-07-12,2555.1229821645047,2555.1229821645047,2496.1321289676907,2525.556640625,2395826
2023-07-13,2536.230703971348,2538.5922290929466,2504.3501148297614,2507.65625,1495067
2023-07-14,2507.9398398406797,2537.6950582794675,2504.208676033007,2528.626708984375,1419016
2023-07-17,2522.1087534206954,2553.4697599614165,2522.1087534206954,2533.16064453125,912701
2023-07-18,2536.797628873859,2551.486361639526,2529.0045957679067,2534.199951171875,1215904
2023-07-19,2534.152916546421,2547.5190581150578,2513.513092223465,2523.62060546875,1166542
2023-07-20,2521.211472609234,2565.8442969854914,2510.962361431316,2553.51708984375,1430764
2023-07-21,2503.2164636661746,2528.107029051962,2448.4290844614056,2459.764404296875,5198952
2023-07-24,2459.7643203934936,2461.6062636803936,2432.370631725517,2437.329833984375,1777469
2023-07-25,2437.2827434233677,2443.328385961522,2420.3743162018372,2425.900146484375,1653775
2023-07-26,2436.6218611183594,2454.852882981225,2429.8207142199776,2440.21142578125,1300033
2023-07-27,2419.1462127590203,2439.9276327827215,2411.589332750402,2427.506103515625,2276136
2023-07-28,2427.6480528732664,2450.0825436342548,2423.1138780906617,2441.439453125,966450
2023-07-31,2432.418458562169,2439.833510008297,2412.5343684077006,2418.957763671875,2003252
2023-08-01,2427.6479605439827,2431.2375250527625,2404.032708009508,2409.794921875,1758897
2023-08-02,2397.420128964642,2430.906506628262,2395.530909004859,2426.65576171875,2082908
2023-08-03,2416.2652071007064,2419.193590473485,2396.664548759299,2409.983642578125,1475310
2023-08-04,2409.9837745344507,2417.2099494932445,2394.6338605350475,2404.977294921875,1359318
2023-08-07,2399.3095225583493,2431.426264198894,2398.128759998035,2426.89208984375,803823
2023-08-08,2426.8920884923928,2442.005849255998,2413.9982535880167,2423.727783203125,1002061
2023-08-09,2423.727805877062,2426.655958681791,2400.254153724417,2410.833740234375,1212549
2023-08-10,2407.858409737453,2410.0781050909627,2387.5965693152134,2396.1923828125,1313334
2023-08-11,2394.586347642464,2396.1448618938593,2360.5803876759437,2363.225341796875,1472199
2023-08-14,2363.225408122646,2399.3094649763125,2350.2842968957198,2392.791748046875,1060479
2023-08-16,2393.6418310067957,2413.525918386328,2384.5734824149445,2411.211669921875,1155882
2023-08-17,2411.2115903225526,2418.815516366493,2392.697141982761,2402.37939453125,1532873
2023-08-18,2391.8473490611345,2425.522607197301,2391.8473490611345,2413.24267578125,1970819
2023-08-21,2413.2424362847983,2432.276235843633,2398.412105169986,2420.79931640625,977004
2023-08-22,2431.048424154237,2432.3707859266988,2411.5893656197522,2423.680419921875,960025
2023-08-23,2432.3707220380243,2440.3999069457227,2420.563097173762,2431.473388671875,1136112
2023-08-24,2441.816945842161,2448.193063592426,2424.7666885493973,2438.274658203125,1143934
2023-08-25,2424.813789909451,2437.754900358477,2410.172335393052,2421.554931640625,802955
2023-08-28,2422.9248122900835,2425.7586424798965,2398.364950645038,2414.139892578125,619841
2023-08-29,2417.1625413385354,2417.1625413385354,2382.4010763286196,2386.2265625,958564
2023-08-30,2386.2267815427363,2395.531283546496,2380.4175215051932,2391.70556640625,1227377
2023-08-31,2391.800127828613,2399.1208563423525,2353.1183890956854,2366.295654296875,3235414
2023-09-01,2366.2952345220583,2375.2217525510832,2361.524908084195,2366.05908203125,813413
2023-09-04,2374.7498359805163,2374.7498359805163,2353.9684133903925,2362.84765625,1143301
2023-09-05,2370.9711237168385,2383.6760822203914,2363.508796889263,2368.1845703125,844088
2023-09-06,2374.2302550029017,2386.1797113664225,2368.5625942948077,2383.7236328125,1094146
2023-09-07,2370.971301828584,2382.1650235285183,2361.5252010244863,2368.5625,1894798
2023-09-08,2365.303566397401,2381.409213881592,2362.989317897267,2374.560791015625,1018234
2023-09-11,2374.560883647412,2398.270458468714,2370.073985732606,2395.767333984375,1121083
2023-09-12,2407.8110675906596,2407.8110675906596,2350.1898533407457,2360.43896484375,3946716
2023-09-13,2355.8577428337417,2370.026895256559,2353.968522510699,2367.712646484375,1231305
2023-09-14,2371.9157377077668,2374.7495677408706,2355.00731075732,2362.28076171875,2081195
2023-09-15,2337.721168306451,2352.079195989755,2329.408553136842,2332.903564453125,3750697
2023-09-18,2334.462141550995,2354.865580279929,2325.629945327959,2350.8037109375,1499641
2023-09-20,2313.9639482061284,2342.6329558606117,2309.571603660966,2330.21142578125,1795159
2023-09-21,2329.4083423668044,2345.466712934621,2307.587758348168,2336.351318359375,2223720
2023-09-22,2331.297453264445,2352.0788730261215,2321.8513533727737,2344.947021484375,1176741
2023-09-25,2344.9474233920378,2361.2419484979387,2323.7409716241323,2338.713134765625,1122778
2023-09-26,2336.9653395056166,2351.13449071523,2324.921560977445,2341.64111328125,1263548
2023-09-27,2338.8545135592585,2366.059329468946,2332.242243125125,2363.17822265625,1086791
2023-09-28,2361.5249830465486,2362.4695930397675,2317.3171892403825,2324.0712890625,1612346
2023-09-29,2328.9834850900697,2335.831908335393,2314.7670569193406,2329.03076171875,1249567
2023-10-03,2352.0793159909003,2360.5808074944816,2325.441355403221,2332.14794921875,1585626
2023-10-04,2330.4002931408627,2371.963135754009,2328.6053956574083,2368.9404296875,1587335
2023-10-05,2378.5284838475527,2384.951879331766,2357.133155062416,2379.99267578125,1909928
2023-10-06,2380.3700344827253,2380.4173111084674,2355.85744996211,2360.958251953125,1083342
2023-10-09,2347.35617037638,2377.111389437489,2343.577729860683,2372.199462890625,1468771
2023-10-10,2373.049196717411,2381.220211590912,2364.689536585054,2376.82763671875,1092373
2023-10-11,2378.858797693367,2421.932877349777,2376.8750243529425,2414.801025390625,1697398
2023-10-12,2413.478699804611,2425.33360216398,2398.553814754688,2415.367919921875,1625010
2023-10-13,2411.637146885988,2433.9770861435804,2401.8603389486866,2427.128662109375,1531977
2023-10-16,2418.201982536736,2438.983405824161,2411.211959678051,2416.59619140625,954899
2023-10-17,2416.595747084089,2427.647637676827,2405.4020266243865,2414.564697265625,1253538
2023-10-18,2427.6948378684415,2428.828323680122,2398.8842345151143,2407.102294921875,1084689
2023-10-19,2385.1405952351524,2412.9120410078367,2385.1405952351524,2406.961181640625,1272343
2023-10-20,2380.417254803117,2402.6628669388015,2347.403180666586,2356.943603515625,3608160
2023-10-23,2355.8576151427546,2370.924100278848,2342.963779383942,2345.939208984375,922707
2023-10-25,2337.9571469218904,2352.079021024989,2328.463769809878,2340.08251953125,1435836
2023-10-26,2324.685275571129,2352.0789663438077,2319.63151968151,2339.232177734375,2650560
2023-10-27,2330.6365808936484,2356.8022349334974,2327.377722123193,2344.569580078125,1784812
2023-10-30,2334.131422886168,2353.9682338455405,2326.007684246207,2341.59375,875135
2023-10-31,2333.3757120687364,2353.968257394198,2331.10874018349,2346.411376953125,920414
2023-11-01,2347.3560343050044,2355.8102483452603,2330.1641770787037,2335.312255859375,1267131
2023-11-02,2355.056473471797,2375.0387708224666,2343.923525695381,2366.28466796875,1595123
2023-11-03,2375.990630954531,2390.7394714750735,2365.3334507176373,2387.64697265625,1125583
2023-11-06,2393.1180109195598,2395.7347403549593,2370.376346204631,2376.370849609375,1338677
2023-11-07,2375.0391394655244,2383.7932436780143,2364.810104710214,2375.46728515625,1473411
2023-11-08,2376.942137312586,2402.6336656182066,2376.6566294251475,2397.257568359375,745022
2023-11-09,2397.9233366863427,2399.77878928841,2353.20105155686,2356.674072265625,1823094
2023-11-10,2356.959640581963,2367.9975743738846,2345.874315737013,2366.046875,771062
2023-11-13,2357.150040381176,2366.6654209997896,2351.250550859455,2358.053955078125,760809
2023-11-15,2380.6528921237327,2381.7473002380734,2356.008150196764,2365.904052734375,1457029
2023-11-16,2360.004517474422,2384.363983366674,2355.3896975279267,2370.471435546875,1420578
2023-11-17,2345.54109856521,2410.7214495801054,2345.54109856521,2406.249267578125,1756043
2023-11-20,2411.6254864138623,2411.6731097766415,2378.8450481126865,2384.982421875,944231
2023-11-21,2383.60293578797,2395.021392965398,2376.9421691011376,2383.8408203125,1088806
2023-11-22,2386.219423948532,2401.9198009778015,2382.6511564418797,2399.68359375,816610
2023-11-23,2384.744493416554,2405.250183815159,2384.744493416554,2397.780517578125,1023670
2023-11-24,2393.2133351940906,2397.68551736679,2385.9339300524603,2393.308349609375,735137
2023-11-28,2409.0565945439425,2409.0565945439425,2378.8452597451787,2388.884033203125,1880641
2023-11-29,2390.2632916948874,2406.1063053822163,2386.5523866736053,2402.680908203125,1265214
2023-11-30,2394.2121445967914,2430.7037182782874,2394.2121445967914,2422.1875,3095684
2023-12-01,2424.0429113840873,2456.823347080147,2418.8094526941513,2439.41015625,1345599
2023-12-04,2452.1137827761104,2481.991987399678,2450.210706499218,2476.187744140625,2188039
2023-12-05,2509.205964012819,2509.205964012819,2432.416885978685,2439.030029296875,3108717
2023-12-06,2445.4527600494966,2458.488784721016,2438.791993776988,2443.216552734375,1573754
2023-12-07,2427.4685638863816,2435.746897612477,2377.5128213731346,2396.21044921875,3925967
2023-12-08,2396.924331120229,2411.1497784060275,2386.742920518536,2400.064453125,1605805
2023-12-11,2400.0644390234593,2407.3436120884426,2377.8935562825754,2382.318115234375,2012243
2023-12-12,2378.8451843597045,2395.9728696870943,2375.990570138473,2381.4619140625,1677929
2023-12-13,2386.3146698320634,2394.735641759348,2376.9895509561466,2390.168212890625,1513205
2023-12-14,2399.1607668413926,2402.443526941537,2379.987134057767,2394.403076171875,2166569
2023-12-15,2397.8758864843303,2409.2943430866367,2385.505891831832,2400.63525390625,2543337
2023-12-18,2398.0185536861045,2421.188598416162,2393.118225591137,2412.624755859375,1969036
2023-12-19,2412.196656790322,2442.5506286265395,2412.149033424489,2436.603515625,1656220
2023-12-20,2448.2598103471983,2448.2598103471983,2423.5674440982407,2433.55859375,1468642
2023-12-21,2419.0479883307435,2454.968555371548,2413.100874582266,2429.46728515625,1945695
2023-12-22,2435.1758881514215,2454.730039589909,2423.3769104321914,2450.78125,1174984
2023-12-26,2450.781313378341,2466.0533121048866,2442.645617190292,2459.48779296875,893776
2023-12-27,2460.67738365646,2485.4173728192854,2455.82444670473,2481.896728515625,1073278
2023-12-28,2487.177751595804,2512.060377946143,2480.516985442159,2506.160888671875,1635216
2023-12-29,2506.160831590294,2537.8470934613206,2494.218983225006,2534.849609375,1305681
2024-01-01,2534.754792526063,2540.0356429919357,2510.157440378096,2526.095703125,526353
2024-01-02,2519.672928160282,2525.334533481902,2480.6598654508516,2487.13037109375,1310629
2024-01-03,2473.0472868784123,2501.2129048853863,2469.7645272072045,2480.2314453125,1008270
2024-01-04,2480.23168969662,2495.884445034577,2462.628234785015,2466.91015625,1376844
2024-01-05,2469.2413172160113,2502.4499032792064,2469.2413172160113,2493.077392578125,1150738
2024-01-08,2497.739759008787,2498.738920423555,2442.1224064230973,2453.302978515625,1189828
2024-01-09,2457.3945775462025,2463.531951357175,2446.9276592515216,2454.730224609375,1017205
2024-01-10,2454.968476929591,2468.5755192131573,2440.6954043893024,2452.494384765625,881278
2024-01-11,2454.9679364475815,2463.5317780863525,2409.1514766037876,2413.29052734375,2399600
2024-01-12,2410.7217407226562,2431.1798095703125,2390.1210340857506,2420.712890625,2979841
2024-01-15,2422.616012767572,2453.778885673361,2408.342941207669,2448.497802734375,1391204
2024-01-16,2448.497846598297,2459.34552056362,2432.46456864424,2444.5966796875,1599406
2024-01-17,2425.4704913619616,2446.7374597198636,2416.6687643925234,2438.69677734375,3047652
2024-01-18,2445.452880859375,2445.452880859375,2414.5755164325237,2424.51904296875,1273095
2024-01-19,2440.6954053901272,2449.2116255475,2409.294645788617,2441.075927734375,1323064
2024-01-23,2332.220021103254,2360.290396714248,2250.8158853695477,2260.426513671875,4369332
2024-01-24,2272.272831171449,2327.3667905613916,2252.433170186705,2323.32275390625,1551469
2024-01-25,2335.835631151106,2348.3958868393197,2302.9123219857183,2310.619873046875,2364765
2024-01-29,2293.206638020459,2330.3166209593796,2293.206638020459,2325.939453125,1587091
2024-01-30,2335.074220580043,2373.6591324226742,2328.698962527643,2339.498779296875,1793711
2024-01-31,2331.2679935095225,2365.4281132254823,2323.4178053681126,2361.2890625,1445004
2024-02-01,2355.151916447557,2389.8354318488737,2348.7290346210502,2353.724609375,1727534
2024-02-02,2356.9596217343483,2366.3797549936667,2323.6557917946216,2333.7421875,1956115
2024-02-05,2344.5895329613554,2345.3031864312097,2295.8232125213112,2302.24609375,1315445
2024-02-06,2307.4321116623337,2323.0374748228087,2300.8665921440406,2308.764404296875,1557511
2024-02-07,2321.6576375957156,2321.6576375957156,2294.6816727718942,2307.907958984375,1149076
2024-02-08,2323.465605276218,2323.465605276218,2282.739731180173,2299.9150390625,1758661
2024-02-09,2299.9148741619647,2310.7623139893262,2289.4955799550644,2306.670654296875,886474
2024-02-12,2306.623444399983,2312.0947881032084,2266.563600188382,2270.03662109375,1292460
2024-02-13,2274.176025390625,2284.59532096982,2264.755891263485,2277.982177734375,957865
2024-02-14,2269.4181070464574,2277.98194895984,2255.145037190819,2272.22509765625,1397975
2024-02-15,2253.575255883098,2269.1327637686886,2233.021940876607,2236.92333984375,2553695
2024-02-16,2255.0974271593814,2266.5635064730027,2243.346072294225,2260.140625,2363302
2024-02-19,2273.700074434181,2278.8859101258126,2258.760974142025,2271.4638671875,576683
2024-02-20,2255.240478966608,2291.731824668169,2253.432417243069,2287.5927734375,1032995
2024-02-21,2287.5928953954176,2305.3866118412207,2278.0775141613935,2290.447509765625,1127778
2024-02-22,2303.0071486729075,2303.0071486729075,2251.1007115051457,2272.36767578125,2258516
2024-02-23,2272.796309813276,2288.9248336823293,2268.4191417555935,2278.077392578125,1210775
2024-02-26,2275.2227191568054,2289.923935534392,2264.6605539019442,2287.7353515625,831596
2024-02-27,2287.5451965256293,2292.2076402527696,2273.3671395694214,2288.734619140625,1120424
2024-02-28,2294.2534952803453,2307.4797813093674,2284.6428680098106,2304.197021484375,629152
2024-02-29,2307.4799957614687,2311.0958871651037,2281.074812304817,2295.3955078125,2848084
2024-03-01,2299.8197932900557,2320.610992152407,2287.4974222733213,2292.921142578125,2326244
2024-03-04,2299.1060332243937,2310.2389811886724,2287.8778385379705,2304.625,1501261
2024-03-05,2288.449156471972,2302.722228133959,2275.222869655507,2283.548828125,1587199
2024-03-06,2287.4972676039697,2292.1123196573326,2260.188174473341,2284.452392578125,1354111
2024-03-07,2288.401396798682,2308.4313192997674,2286.545944054963,2302.2939453125,1820704
2024-03-11,2292.2553091657774,2296.0614616093903,2268.0387107051133,2274.033447265625,2040761
2024-03-12,2264.6603404900284,2269.418030280974,2246.3908581546125,2262.89990234375,1012157
2024-03-13,2259.9027333065187,2259.9027333065187,2192.200898030252,2200.52685546875,2322669
2024-03-14,2193.15243804242,2228.216473730242,2190.297824060878,2221.460693359375,2292515
2024-03-15,2217.1309824317714,2223.696501172356,2203.6665814450907,2214.894775390625,2751403
2024-03-18,2208.3294060404837,2212.3258191228897,2185.682755494743,2188.48974609375,2487402
2024-03-19,2172.5992278276485,2192.2483954119025,2137.963336127207,2157.089111328125,4220638
2024-03-20,2140.96046434362,2155.661679736964,2131.445084502093,2133.300537109375,2995013
2024-03-21,2125.735961002828,2149.6670495560147,2125.735961002828,2133.681396484375,3504486
2024-03-22,2130.541200274139,2156.185102851086,2123.880434290045,2147.193115234375,3507809
2024-03-26,2123.928254544735,2149.667173922062,2123.8330078125,2131.4453125,3027027
2024-03-27,2140.960556087323,2153.3305504113832,2127.6390237383353,2131.15966796875,2168861
2024-03-28,2136.2031225976516,2177.024015847475,2131.5406786390135,2154.615478515625,3186360
2024-04-01,2159.991486744805,2183.7799392419947,2152.379181945704,2175.120849609375,1427873
2024-04-02,2186.6345068390233,2186.6345068390233,2166.699830533969,2175.882080078125,1221495
2024-04-03,2171.267075188301,2171.267075188301,2151.4750383541527,2155.423828125,1175309
2024-04-04,2159.991348715431,2171.409805184411,2140.2469344044857,2155.18603515625,1890255
2024-04-05,2155.186035249879,2169.9824982200603,2148.668139067341,2157.089111328125,1153449
2024-04-08,2166.651870170275,2178.0227019906465,2157.326751979139,2158.991943359375,1127294
2024-04-09,2160.942933319301,2164.368563257449,2146.431977910618,2154.4248046875,1189343
2024-04-10,2166.55712999579,2166.55712999579,2148.2876439001657,2151.33251953125,2308993
2024-04-12,2151.3322566982424,2155.0910177947553,2120.597763925149,2124.118408203125,3388551
2024-04-15,2119.741083507388,2119.7887068675727,2083.8681485983543,2087.721923828125,4909564
2024-04-16,2077.2075959305644,2123.1193075676006,2066.7883005804556,2113.17578125,2821129
2024-04-18,2107.704193082432,2129.2564348333967,2101.994965354063,2107.46630859375,3392171
2024-04-19,2112.4147012121916,2135.013732362547,2089.577785523411,2123.45263671875,2337694
2024-04-22,2140.9603870263354,2144.3383932099023,2121.02571344006,2132.872314453125,1804108
2024-04-23,2143.8150341424634,2163.3215624158415,2139.7233744330624,2153.092529296875,1991778
2024-04-24,2156.23307907994,2158.421663294692,2136.821561364154,2150.714111328125,1404398
2024-04-25,2129.590042015343,2131.3028571784907,2107.752287535297,2122.739013671875,4951866
2024-04-26,2136.2030043143795,2145.7183851799227,2111.0824917529876,2114.93603515625,2307512
2024-04-29,2125.735806975703,2125.735806975703,2112.4142755085322,2118.21875,1395292
2024-04-30,2123.8804638974716,2131.683029125793,2117.172074458158,2122.35791015625,2119102
2024-05-02,2098.188996387385,2134.4900796001903,2098.188996387385,2118.4091796875,2140383
2024-05-03,2123.832868867289,2127.305889730108,2097.1898042040793,2109.607421875,2595307
2024-05-06,2117.1721666480007,2151.9033055615523,2104.8021719664616,2146.860107421875,1619256
2024-05-07,2156.185274976806,2273.7954738082717,2149.5245084609905,2264.089599609375,8277810
2024-05-08,2251.7197409141054,2257.286331905682,2212.326155203166,2227.598388671875,1813439
2024-05-09,2227.170261103702,2247.6283310925387,2207.045090078051,2212.944580078125,1558987
2024-05-10,2208.5199417588396,2256.0968470099992,2208.5199417588396,2248.056396484375,2610266
2024-05-13,2258.95117187298,2266.230344520043,2234.1159375905095,2246.248046875,1170617
2024-05-14,2246.2005599454214,2257.3335074106412,2233.0216665184257,2235.733642578125,689430
2024-05-15,2235.686124115199,2241.6332365347407,2205.3319229404124,2210.708251953125,812282
2024-05-16,2223.744569078208,2234.3067350513884,2189.822328288699,2229.596435546875,1880021
2024-05-17,2237.9219588129095,2237.9219588129095,2202.90554892739,2207.901123046875,1264582
2024-05-21,2195.198349707812,2212.1357739870573,2190.2027747897514,2198.718994140625,1663959
2024-05-22,2199.0044285495906,2258.9513255632746,2198.718920673421,2252.1953125,1914851
2024-05-23,2252.195220775294,2271.130966541499,2240.872011390838,2267.039306640625,1614718
2024-05-24,2263.23319883726,2267.7530044687405,2250.101927593456,2254.2412109375,974100
2024-05-27,2254.2414095917443,2283.6438443145053,2248.008788499374,2268.942626953125,1116934
2024-05-28,2274.175797760931,2292.255019584135,2263.2807342292895,2279.83740234375,1631747
2024-05-29,2265.802414530094,2278.9336864083803,2254.5742187991223,2258.38037109375,1592495
2024-05-30,2253.242404011739,2257.47670243921,2220.9377293518587,2237.44677734375,1837380
2024-05-31,2238.969223428317,2262.2342842817607,2205.28486649673,2216.179931640625,5529186
2024-06-03,2265.6119681036826,2271.7493417150577,2230.6905701180376,2241.728271484375,1207445
2024-06-04,2258.951313785197,2388.408110980156,2228.597343141122,2375.324462890625,7826048
2024-06-05,2410.769334382574,2591.9420907889694,2402.633637386238,2476.61572265625,11061076
2024-06-06,2473.9986797102256,2473.9986797102256,2395.97256750398,2426.041259765625,4102547
2024-06-07,2431.464908387118,2470.668224470338,2402.633262772041,2452.87451171875,3974253
2024-06-10,2454.0169676942774,2467.9569091160015,2422.6162077354134,2441.028564453125,1449122
2024-06-11,2441.6466046084306,2451.8280151494614,2427.6590419168024,2432.46435546875,1402423
2024-06-12,2443.54954195271,2443.54954195271,2395.0211047877615,2406.154052734375,1754677
2024-06-13,2367.378861098653,2384.3639068951125,2327.8900350917966,2366.85546875,3123098
2024-06-14,2376.0794838583147,2412.013628887546,2373.5812878627453,2382.56494140625,1729552
2024-06-18,2382.709074497223,2400.0998034109475,2376.223616661745,2388.810302734375,1820933
2024-06-19,2397.2172668730286,2397.2172668730286,2355.4220960878674,2360.70654296875,986976
2024-06-20,2360.7063750093316,2392.413054038761,2350.7619136666053,2384.918701171875,2163310
2024-06-21,2378.0010255446114,2380.88345103012,2331.4499008681246,2345.621826171875,3646215
2024-06-24,2339.568797683873,2371.1314520893884,2331.9304166962634,2346.486572265625,1945519
2024-06-25,2343.7483395788545,2350.8101414046546,2332.7468944491416,2336.87841796875,833789
2024-06-26,2341.4903708409693,2370.314626534539,2337.070557805665,2349.75341796875,1738656
2024-06-27,2353.93272429665,2385.8796067402795,2340.5294927122213,2365.654541015625,3402726
2024-06-28,2366.4712693367455,2392.8935023480167,2366.327241894727,2376.12744140625,2129791
2024-07-01,2364.597966641717,2424.1200103499796,2354.077159765737,2406.921630859375,3312865
2024-07-02,2416.4334016689368,2416.4334016689368,2382.1806721302996,2387.753173828125,1305210
2024-07-03,2389.1942283444664,2421.0932564085983,2377.328384780151,2411.965576171875,1406405
2024-07-04,2416.4811726317103,2437.426842313378,2395.1991261867634,2398.129638671875,1977010
2024-07-05,2398.130118634334,2453.9051033921646,2398.130118634334,2447.179443359375,1754286
2024-07-08,2459.6697583062924,2493.2980557831365,2436.8505564470056,2485.755615234375,2818809
2024-07-09,2485.755757930268,2511.553561447393,2467.3563679406675,2488.63818359375,1479529
2024-07-10,2479.8470552409967,2523.0834432634088,2472.1605862592346,2508.142822265625,1764036
2024-07-11,2514.4359645699687,2514.4840519117424,2488.542221172962,2506.60546875,1432671
2024-07-12,2499.062800724271,2536.053926378974,2499.062800724271,2519.47998046875,1912642
2024-07-15,2525.004868370629,2526.2058790576393,2511.2171718547897,2517.606689453125,920101
2024-07-16,2523.035159123248,2618.203292695142,2521.6901209853186,2583.085693359375,3298003
2024-07-18,2594.1829285927874,2643.376276472366,2550.9465464495743,2631.077880859375,5569762
2024-07-19,2631.654457755346,2635.4976917206695,2609.5077751156914,2620.124755859375,1668862
2024-07-22,2599.659824661106,2642.175605907076,2599.6117373158368,2628.099853515625,1911629
2024-07-23,2638.380313247674,2701.121159308212,2624.9289933695,2657.932861328125,3906259
2024-07-24,2640.3016724627655,2649.3812655791385,2570.258828910882,2610.564697265625,3611927
2024-07-25,2610.5648880170047,2618.0592415362944,2565.358799338894,2601.100830078125,2166670
2024-07-26,2617.2424725522474,2620.1248981828116,2581.9327585778365,2604.800048828125,2135309
2024-07-29,2604.943905005056,2613.3990665465953,2587.2651227956057,2605.328369140625,957011
2024-07-30,2609.1714290661307,2646.4027551967984,2580.154827236723,2585.919677734375,1560399
2024-07-31,2598.9871405340136,2603.4548064845294,2570.210971234448,2599.611572265625,1751085
2024-08-01,2607.634235086142,2618.1550411098347,2589.570988606588,2609.12353515625,1886392
2024-08-02,2605.7128261438243,2651.3512329439095,2576.0717881089126,2587.025146484375,1738872
2024-08-05,2571.0757046052054,2634.5371590152968,2561.70782083409,2609.4599609375,3118731
2024-08-06,2613.495316474495,2663.120982084399,2602.493871399837,2642.271484375,2296031
2024-08-07,2672.680937724784,2672.8251997421476,2628.291632268289,2636.506591796875,1713875
2024-08-08,2646.066897140709,2651.111142314997,2613.7836341963016,2626.08203125,1464161
2024-08-09,2647.988365284219,2649.909982385296,2612.0542193230376,2639.533203125,1284031
2024-08-12,2630.693760855518,2655.098203741582,2615.7050539259953,2640.974365234375,1297178
2024-08-13,2634.5367839801565,2649.573342474069,2623.103257193001,2633.960205078125,1051237
2024-08-14,2633.5761711471446,2635.0654712777045,2600.524451664369,2615.368896484375,946995
2024-08-16,2630.5975302627953,2645.682411553872,2604.4635856599443,2640.5419921875,1727926
2024-08-19,2642.271738330815,2651.5915348398116,2629.7812265261523,2635.065673828125,1130327
2024-08-20,2635.0653057720447,2648.2283348439128,2627.8592422758707,2643.232177734375,1097889
2024-08-21,2641.742926879829,2685.555887581203,2635.449584394862,2681.80859375,1417729
2024-08-22,2693.0980594265625,2699.8718060680067,2673.065343530661,2683.345947265625,1552947
2024-08-23,2689.495284360127,2710.4409579614417,2662.736906606856,2705.252685546875,2111401
2024-08-26,2705.252661115509,2723.84416591014,2693.7229584562397,2710.5849609375,1152244
2024-08-27,2698.9110690675607,2713.419371206562,2651.39913578788,2658.4609375,1357212
2024-08-28,2651.8313756571047,2672.728959867446,2638.139854967571,2656.010986328125,1723549
2024-08-29,2661.3911375381203,2699.871560249024,2637.419015261057,2676.091552734375,2129934
2024-08-30,2686.132239865862,2705.9249885246168,2651.9275984762385,2669.1259765625,4029712
2024-09-02,2684.499119525131,2698.815073255556,2670.086991109642,2679.7431640625,957950
2024-09-03,2671.0475015711477,2717.118220016506,2666.243459302135,2684.787109375,2022116
2024-09-04,2671.047933622965,2732.3956571504295,2663.025087907038,2729.8974609375,1640986
2024-09-05,2728.744174508565,2743.1082143909866,2712.9867746702093,2727.206787109375,1945173
2024-09-06,2717.2628675406695,2754.1097362282353,2717.2628675406695,2727.6875,1672730
2024-09-09,2741.282787084872,2823.0474485552013,2731.770642323624,2807.290283203125,3342754
2024-09-10,2819.0122846882073,2822.471289295926,2774.334687129243,2784.999755859375,1536584
2024-09-11,2797.4902425402506,2834.3851966953944,2784.5193272333395,2790.33203125,1913665
2024-09-12,2796.913567246111,2847.2598392446016,2780.7719373945893,2840.5341796875,2454564
2024-09-13,2840.534331776925,2840.534331776925,2804.1197811969887,2818.00341796875,1902001
2024-09-16,2795.9529692747783,2795.9529692747783,2697.373915085818,2754.734375,1489057
2024-09-17,2754.734220040867,2799.6998714212546,2748.008560355651,2760.88330078125,1098661
2024-09-18,2761.363767778583,2780.1476218120856,2749.5457757201657,2763.141357421875,464796
2024-09-19,2763.5255740396533,2819.3005569204092,2760.7393230916587,2797.63427734375,1713010
2024-09-20,2810.172827301893,2872.193064647857,2781.924915858446,2860.903564453125,3641632
2024-09-23,2863.209388903986,2916.05385749114,2853.5532163658545,2909.856689453125,1300470
2024-09-24,2901.64167780885,2901.64167780885,2830.6380232967213,2834.91357421875,1929308
2024-09-25,2834.913608154621,2844.3295785071546,2791.244908103834,2833.376220703125,1055354
2024-09-26,2835.4420155060993,2875.555769777395,2825.929870755823,2869.0703125,1902889
2024-09-27,2869.070188316413,2911.2495851769913,2837.0271328816375,2849.998046875,2977081
2024-09-30,2848.0285396637546,2880.4077395503314,2827.2752165821803,2842.35986328125,1627702
2024-10-01,2846.587262073405,2846.587262073405,2778.0815699262566,2809.163818359375,1184642
2024-10-03,2794.75192453702,2808.5396213284594,2748.969490062006,2779.95556640625,1233447
2024-10-04,2777.6974314563677,2799.7960274174525,2706.6456883133583,2737.103271484375,2456486
2024-10-07,2733.5004540047285,2754.109751462268,2714.3323694403375,2722.35498046875,1280975
2024-10-08,2732.539476632422,2772.8934351480907,2689.0148030331857,2708.3271484375,1761488
2024-10-09,2712.746889207585,2715.1010579197173,2652.5042373063156,2660.430908203125,1476282
2024-10-10,2661.4394300011586,2678.157403349832,2626.0816318144653,2646.739013671875,2065078
2024-10-11,2656.4432884023827,2680.6556147827187,2629.7808535241675,2674.1220703125,679307
2024-10-14,2682.1932811757006,2694.7797326210543,2656.6356795435354,2679.791259765625,874010
2024-10-15,2683.6344784180606,2689.591444565931,2656.8758662364426,2672.44091796875,1082666
2024-10-16,2679.8388281777197,2687.9097600026075,2647.603891932884,2672.24853515625,1170797
2024-10-17,2670.5191491058513,2672.969257705141,2616.713872890363,2631.318115234375,1368242
2024-10-18,2631.318273958351,2632.615459345749,2587.889773879245,2610.613037109375,1137277
2024-10-21,2608.594889629369,2630.6934835378315,2575.398911430661,2587.985595703125,792345
2024-10-22,2579.8672317373293,2603.791271733519,2568.9619604418804,2576.600341796875,1272253
2024-10-23,2518.2791120453326,2587.5054123069553,2518.2791120453326,2555.078125,1431962
2024-10-24,2543.2602724519998,2543.2602724519998,2356.479181179084,2406.921630859375,9216267
2024-10-25,2404.231105477805,2440.4535382451563,2402.1173737371087,2428.971923828125,2761166
2024-10-28,2444.297069791252,2488.110035625909,2421.333838161093,2474.850830078125,852829
2024-10-29,2484.3625217211766,2484.3625217211766,2436.6103856054533,2447.8037109375,1695654
2024-10-30,2456.7875756265485,2462.840716685124,2434.112398972091,2454.81787109375,1200637
2024-10-31,2454.817848962692,2463.0328092843833,2425.1770448391885,2429.164306640625,1901355
2024-11-01,2444.248681442397,2446.170298398986,2412.9264657934314,2438.051513671875,118532
2024-11-04,2447.179267173946,2447.179267173946,2405.384097122094,2425.849365234375,1097260
2024-11-05,2421.23748263124,2431.08577001099,2408.7469718081425,2422.53466796875,702046
2024-11-06,2444.744462450784,2451.4513228337587,2425.1103499635406,2430.650634765625,1219166
2024-11-07,2430.650792943567,2439.5930367343426,2397.0201443149404,2406.15673828125,1322446
2024-11-08,2414.3698717211782,2444.793147696757,2398.1863642528074,2437.45458984375,1700877
2024-11-11,2438.7181349716725,2444.452769822316,2405.719186544309,2421.27099609375,1175577
2024-11-12,2425.11043110781,2427.005760537496,2387.202893306927,2392.548828125,1624222
2024-11-13,2393.1320758129814,2403.5323013697825,2381.7596248219456,2395.902099609375,1262017
2024-11-14,2391.4796825977996,2395.659279336055,2316.9282347989874,2322.274169921875,2443393
2024-11-18,2333.8892867149557,2357.0712993634347,2309.200882252652,2355.030029296875,1374215
2024-11-19,2363.7779423907036,2371.845491684891,2337.728849202436,2342.831787109375,1133370
2024-11-21,2356.828323206402,2356.828323206402,2309.5411934961326,2316.053466796875,1291829
2024-11-22,2323.9749048547187,2383.4121196689493,2311.242003100475,2376.75390625,1696471
2024-11-25,2400.8106354018087,2435.5105635219556,2388.758077739939,2402.219970703125,4368045
2024-11-26,2416.6054934792924,2425.061742768364,2391.4795053433168,2409.7529296875,982442
2024-11-27,2405.816200610109,2423.1176358895655,2389.1466999635395,2417.237060546875,948232
2024-11-28,2416.3623676782477,2468.023439226603,2384.48111118336,2393.22900390625,2540530
2024-11-29,2386.328105245208,2437.2601873197295,2386.328105245208,2426.22802734375,1795164
2024-12-02,2415.390571345119,2420.736506211275,2391.62550835502,2409.704345703125,1006993
2024-12-03,2410.530520207273,2421.659736640615,2396.922686625458,2413.30078125,1641588
2024-12-04,2411.599696499456,2423.1662596170304,2387.7373419097,2395.464599609375,1321495
2024-12-05,2396.5340239678508,2444.550142583365,2381.4195611129917,2424.7216796875,2071795
2024-12-06,2425.110340492518,2425.8879784428123,2405.670578244081,2414.22412109375,1308086
2024-12-09,2395.9504745627996,2407.56568396696,2316.5391006147215,2333.500244140625,3385021
2024-12-10,2341.2279687941573,2345.4075655839893,2321.3995041053026,2330.196044921875,2063838
2024-12-11,2337.631401911156,2341.859645105597,2318.191639733101,2334.083740234375,1718225
2024-12-12,2318.240245124781,2332.722772767621,2272.5081579587118,2279.263427734375,3231056
2024-12-13,2279.2635193052206,2327.474225501901,2268.0856558037367,2323.14892578125,2260902
2024-12-16,2323.343284729169,2325.9676052312534,2296.807961204117,2299.86962890625,1247552
2024-12-17,2287.428194383181,2313.3315812440496,2287.428194383181,2297.05078125,2131569
2024-12-18,2284.220661696739,2316.2476218485995,2284.220661696739,2293.1142578125,988403
2024-12-19,2281.2561952032424,2320.087074457144,2270.5643255197165,2293.746337890625,1655915
2024-12-20,2286.21332261703,2307.013773197231,2259.532059224196,2268.52294921875,2069691
2024-12-23,2271.536130079183,2285.8729541778853,2250.395389459062,2273.3828125,1066199
2024-12-24,2265.801653352284,2290.9274044487324,2265.801653352284,2270.126953125,683646
2024-12-26,2266.919279380392,2276.25046019758,2259.5807216577036,2267.4052734375,1033769
2024-12-27,2277.3679712526696,2279.943644630648,2263.031147703384,2275.6669921875,556816
2024-12-30,2275.910271731068,2293.0657677973463,2259.87246712566,2277.854248046875,924180
2024-12-31,2274.451957647109,2286.747511129924,2258.1711583776264,2261.67041015625,1878762
2025-01-01,2259.872381567988,2271.681942318693,2255.255437992742,2257.0537109375,559893
2025-01-02,2264.7325320988266,2312.991651864243,2250.638703036409,2303.612060546875,1650744
2025-01-03,2315.130020118565,2346.9626313452286,2298.5575750577605,2338.846435546875,1274239
2025-01-06,2350.2673355310308,2351.190676808784,2295.4957086180993,2309.63818359375,900419
2025-01-07,2310.5615649077026,2334.958562700219,2308.714882320198,2323.829345703125,922768
2025-01-08,2324.023527285994,2341.51931293683,2301.667801176593,2333.743408203125,953351
2025-01-09,2337.679991498679,2404.358231754575,2319.5522713307405,2367.1796875,2425267
2025-01-10,2367.1796915296013,2387.2027410371884,2346.184891237052,2373.6435546875,1651911
2025-01-13,2349.3438257292696,2391.57666015625,2341.5679211240063,2382.3427734375,2595013
2025-01-14,2395.9508859718553,2398.866850538961,2297.8773726189215,2301.619384765625,2052741
2025-01-15,2307.40252642736,2318.0943958552334,2284.2693987793928,2306.52783203125,1215150
2025-01-16,2310.3669829255227,2313.3315939832087,2260.892885353062,2279.31201171875,2762596
2025-01-17,2284.1723497985477,2312.651652513846,2277.36843216085,2288.060302734375,1333005
2025-01-20,2290.441458627697,2301.6679693677006,2270.224057382351,2279.506591796875,1382273
2025-01-21,2287.5740781905074,2310.7074432888235,2267.113680466325,2274.938232421875,1842885
2025-01-22,2276.93063564134,2295.835755601157,2266.8704644841923,2277.3193359375,2658047
2025-01-23,2250.152521908459,2275.7158571987056,2190.7155426543577,2256.664794921875,3408925
2025-01-24,2267.5025558634734,2314.1093382473864,2257.9283780654696,2301.76513671875,1688664
2025-01-27,2298.7518143345746,2342.199634147266,2295.0095652975047,2325.82177734375,2477358
2025-01-28,2333.7433982337784,2339.575326759144,2312.7970074864847,2321.933837890625,1892156
2025-01-29,2318.3374809178226,2328.883647447392,2297.7800261125353,2317.171142578125,699576
2025-01-30,2317.2196613907627,2357.0711740237416,2317.2196613907627,2341.2763671875,1419960
2025-01-31,2334.229440018275,2409.558518344911,2334.229440018275,2399.644287109375,2116148
2025-02-01,2405.6707931713304,2529.1132944774954,2366.936968510051,2435.85107421875,2970999
2025-02-03,2434.830035851016,2449.409856424974,2348.8090944646624,2373.546142578125,2528480
2025-02-04,2381.371070811044,2381.371070811044,2335.5419224710554,2369.755859375,1992474
2025-02-05,2384.28688281628,2384.28688281628,2320.1356662382636,2324.072265625,1357416
2025-02-06,2332.7714061901434,2341.470652098705,2294.1835266397707,2306.236083984375,1132113
2025-02-07,2313.3315451962494,2315.226874422086,2270.6613649765723,2297.634033203125,855602
2025-02-10,2304.486509688912,2330.827482329024,2286.164676239331,2295.30126953125,1326354
2025-02-11,2304.5838458151115,2311.3391158277254,2232.2193773239997,2250.3955078125,1389260
2025-02-12,2260.552786653806,2274.354970884732,2240.5299732010462,2267.162353515625,1341909
2025-02-13,2264.8296518793604,2279.8954679957756,2248.5488505922667,2256.470458984375,1334967
2025-02-14,2256.9563530266864,2299.7238291391645,2248.597160502172,2253.40869140625,1135380
2025-02-17,2253.4088903821407,2270.5643868259226,2235.5728123714134,2264.149169921875,1409168
2025-02-18,2264.149124063214,2273.042958104678,2223.908909176285,2231.684814453125,1035705
2025-02-19,2234.3575336219537,2241.1128031202393,2185.0291400031115,2187.36181640625,1521343
2025-02-20,2187.3619104978293,2191.2985097365113,2164.1314899859503,2185.077880859375,2206196
2025-02-21,2185.077799541156,2190.423733855982,2164.0341157208236,2178.85693359375,1781509
2025-02-24,2167.533624682074,2187.9453763046404,2156.647404610398,2178.662841796875,1627949
2025-02-25,2180.169242301758,2206.024219899787,2175.2606550849946,2196.0126953125,1988040
2025-02-27,2206.0727565313555,2206.0727565313555,2170.546780346935,2182.064697265625,1699658
2025-02-28,2182.1619689131203,2186.584562304575,2124.620319863376,2128.89697265625,3683249
2025-03-03,2137.4017551745787,2137.4017551745787,2098.0362385376666,2115.872314453125,1306470
2025-03-04,2118.8854906754163,2118.934137542599,2076.166659537152,2096.918701171875,1800330
2025-03-05,2091.7184776027166,2130.500709473983,2089.7745013224167,2109.651611328125,1145673
2025-03-06,2114.074138785248,2167.3391346618955,2103.139272550152,2156.79296875,1856868
2025-03-07,2164.3258279458114,2164.3258279458114,2127.876274648227,2142.79638671875,1738356
2025-03-10,2146.149847764431,2203.642852252801,2133.173710965246,2184.786376953125,1242387
2025-03-11,2177.2534958213787,2199.074582727622,2149.3088359977787,2154.84912109375,1325891
2025-03-12,2155.237955656902,2167.4848636040488,2123.794045012546,2131.47265625,1526212
2025-03-13,2123.793869228055,2148.0449233865756,2103.8194675285085,2113.879638671875,1845629
2025-03-17,2100.4663210186386,2133.951264191827,2096.0923744917604,2110.42919921875,1111886
2025-03-18,2110.42919921875,2110.42919921875,2110.42919921875,2110.42919921875,0
2025-03-19,2145.177877700536,2150.8641033799995,2132.007390619496,2138.422607421875,1341405
2025-03-20,2142.164397075367,2185.9038599093537,2127.1472289627195,2179.5859375,1426689
2025-03-21,2182.1134468098517,2192.027678706935,2163.451321362083,2183.27978515625,2152415
2025-03-24,2187.2162299631173,2202.525042593678,2178.225340005486,2192.99951171875,1454404
2025-03-25,2187.7021117094087,2227.7966189216772,2180.5094950332496,2207.676513671875,2229340
2025-03-26,2208.3569585052783,2216.035569558241,2175.1150130163032,2183.03662109375,1416907
2025-03-27,2181.3358461347175,2197.5680014294758,2138.3740156444046,2181.773193359375,3752627
2025-03-28,2184.057285417061,2231.684702856062,2177.5450125337175,2195.575439453125,2280152
2025-04-01,2195.7212865784686,2220.652688338022,2157.8137477663568,2171.27587890625,2495962
2025-04-02,2180.8497368615344,2180.8497368615344,2128.7026682002793,2175.212158203125,1351493
2025-04-03,2163.110957010432,2189.791983972201,2158.3969569161945,2181.676025390625,1310088
2025-04-04,2167.5335505043304,2203.5457585235163,2159.7576453904135,2181.676025390625,1120226
2025-04-07,2089.7746056836772,2198.248582462212,2089.7746056836772,2186.39013671875,3435185
2025-04-08,2204.760675866648,2241.598930289759,2189.2575129830993,2225.123779296875,2774874
2025-04-09,2229.6921366684232,2288.205774983497,2225.3668369244515,2284.172119140625,2989089
2025-04-11,2327.5228811667503,2327.76587820031,2278.680477421297,2299.86962890625,3836083
2025-04-15,2332.77164275884,2332.77164275884,2279.5066427888187,2295.35009765625,3042779
2025-04-16,2285.14401964844,2309.443722111737,2285.14401964844,2300.30712890625,1131979
2025-04-17,2291.0731880539342,2313.2343263375133,2277.4653549947234,2308.4716796875,1962402
2025-04-21,2301.765134543979,2305.9444935688916,2283.005716590514,2285.14404296875,1478430
2025-04-22,2303.6118014366302,2338.603373104022,2289.1292736394507,2331.5078125,2352346
2025-04-23,2342.49130202455,2369.706968604088,2326.35620477454,2355.90478515625,2226066
2025-04-24,2355.904639515163,2417.7229359717494,2252.193563957013,2260.163818359375,7065430
2025-04-25,2266.5789615776075,2276.2988426038023,2230.129407729378,2266.87060546875,2859858
2025-04-28,2279.3122481174555,2283.2002007794895,2250.1526031522,2253.65185546875,1555660
2025-04-29,2262.7883676038414,2267.1623141907044,2247.8198453161813,2256.664794921875,1896387
2025-04-30,2255.012376420818,2286.601989452575,2251.1244240476785,2276.493408203125,2083807
2025-05-02,2268.7176720341317,2279.3122481174555,2245.2926623246576,2253.65185546875,1424284
2025-05-05,2258.997813142575,2288.934859100469,2254.1378722660597,2282.8115234375,2074103
2025-05-06,2274.646738914956,2323.1490924917193,2274.646738914956,2315.08154296875,1888125
2025-05-07,2302.639778279785,2320.038270117709,2289.3235889472185,2304.389404296875,1610400
2025-05-08,2295.544136531012,2305.4583672078948,2275.424031301092,2288.9345703125,2323073
2025-05-09,2264.73235471963,2277.0765565746965,2237.8083308384716,2267.551025390625,1805685
2025-05-12,2293.891743999213,2320.1354207314075,2280.381205342974,2315.761474609375,1274873
2025-05-13,2309.0549545191607,2330.8273923712263,2286.893579057945,2293.891845703125,1929665
2025-05-14,2303.611726353103,2303.611726353103,2272.994102142081,2284.657958984375,1568111
2025-05-15,2285.727303591603,2303.514495923454,2274.4521467468458,2289.226318359375,3236681
2025-05-16,2293.891932245899,2320.135611131763,2283.2000630701764,2314.6923828125,1473000
2025-05-19,2308.4717935959884,2337.6314373045693,2308.4717935959884,2315.9560546875,936655
2025-05-20,2327.523098554208,2327.523098554208,2272.994464209847,2275.521728515625,1617408
2025-05-21,2280.284124796257,2309.1521244400974,2279.3121366782702,2297.6826171875,1570754
2025-05-22,2289.0322024287943,2296.9054017400363,2248.305991922015,2265.412841796875,2423653
2025-05-23,2271.438875913527,2298.2658421573706,2264.3435526876015,2293.1142578125,844118
2025-05-26,2301.6681217274645,2330.147424241296,2297.8774625625742,2327.037109375,892618
2025-05-27,2327.0369005720772,2342.0054230052847,2294.183653984274,2313.526123046875,1865258
2025-05-28,2321.1078754266778,2321.1078754266778,2286.11629941522,2295.836181640625,897517
2025-05-29,2302.6399170703785,2309.4438340900037,2289.518077103958,2300.404296875,1111275
2025-05-30,2293.891989062484,2308.374517293052,2277.8541849016656,2282.519775390625,3288892
2025-06-02,2282.1309268833143,2317.2197947019963,2277.9515675984035,2305.167236328125,1178205
2025-06-03,2298.8494557783715,2312.8459913579845,2276.979720621593,2286.407958984375,1643913
2025-06-04,2293.406172250839,2301.279371640828,2276.493672385733,2298.26611328125,3287896
2025-06-05,2298.2659555931978,2313.3317717537793,2283.1028456979607,2309.83251953125,1787978
2025-06-06,2306.8196167541355,2329.369695281899,2303.709302009238,2322.857421875,997488
2025-06-09,2326.939503171982,2331.799443654797,2311.679337516298,2326.161865234375,1293622
2025-06-10,2326.3563309102015,2332.965897755389,2311.776508737784,2328.10595703125,1778782
2025-06-11,2328.1059440121844,2335.590205225147,2304.875522401424,2309.83251953125,1977707
2025-06-12,2320.0381494311273,2321.107431191998,2258.997490579552,2267.3564453125,3339584
2025-06-13,2240.4326931985097,2259.7751625270976,2237.5167287388153,2254.04052734375,1740682
2025-06-16,2255.0124608859933,2271.1475587596,2248.3058377118327,2262.205078125,1105297
2025-06-17,2255.012389459953,2267.745528476323,2248.3057664982202,2263.37158203125,1119284
2025-06-18,2262.496584614853,2266.09289301594,2221.4787354933574,2232.9482421875,2056563
2025-06-19,2235.6699307829094,2243.154191716161,2226.144399912506,2229.93505859375,1214549
2025-06-20,2230.712900802916,2248.2086882601934,2228.1856365828094,2241.59912109375,2685864
2025-06-23,2242.777637332428,2245.3314785900775,2218.517104573964,2234.62548828125,842856
2025-06-24,2254.171508269237,2260.0647671143856,2220.0888759075924,2222.839111328125,2440747
2025-06-25,2238.455843673713,2249.751254907696,2230.9909542436453,2238.1611328125,1047270
2025-06-26,2248.179876457905,2250.2426129211913,2231.187839049338,2240.22412109375,1874722
2025-06-27,2240.223846681488,2269.395425704689,2238.7505321874146,2265.859375,1050745
2025-06-30,2268.8059358629935,2275.7797201777867,2247.295640814318,2253.7783203125,1403754
2025-07-01,2259.082297140465,2261.636138264844,2245.9207831543013,2254.662353515625,759914
2025-07-02,2254.171318752975,2267.9222549022306,2246.9030627072866,2266.05615234375,1128034
2025-07-03,2268.9044793168537,2285.503727857006,2263.011220929018,2272.243896484375,1060039
2025-07-04,2276.762233670115,2299.7458462360423,2269.199266444391,2297.683349609375,1242346
2025-07-07,2299.3528119827433,2372.723825559003,2299.3528119827433,2367.51806640625,2701583
2025-07-08,2362.607071634493,2375.474114379278,2343.552299734942,2350.133056640625,1471046
2025-07-09,2356.3210447333263,2396.29693113012,2354.45494224249,2380.286865234375,1741690
2025-07-10,2380.2868562218573,2390.6983748083844,2354.946038170592,2365.5537109375,1053695
2025-07-11,2455.5244711336377,2484.9907647872415,2417.218289383953,2474.77587890625,7242235
2025-07-14,2455.5240816011337,2487.445894661949,2445.7019852747294,2471.828857421875,2427712
2025-07-15,2475.8561480958347,2484.8924301255456,2465.3465513939755,2481.94580078125,1700294
2025-07-16,2481.356455874828,2487.8388961282812,2462.890865236824,2472.811279296875,1284379
2025-07-17,2468.2929253596812,2480.472229470397,2461.613851577524,2465.14990234375,807474
2025-07-18,2470.1590393490687,2470.1590393490687,2437.353331809416,2445.309326171875,771112
2025-07-21,2446.5862827986753,2449.2384410834075,2411.717835071157,2421.048828125,1169960
2025-07-22,2426.057819495432,2440.7909641482383,2408.967467617087,2435.585205078125,861632
2025-07-23,2436.8623544586453,2442.755612873297,2398.5561747634065,2406.806640625,1320795
2025-07-24,2412.2087602925917,2422.1291744035116,2377.9297369143965,2394.430908203125,693984
2025-07-25,2382.9390347834888,2385.3945590187477,2362.6071022777146,2372.42919921875,769388
2025-07-28,2372.429243771511,2404.7440871927433,2369.384537540986,2398.163330078125,987995
2025-07-29,2401.3064573670335,2413.7804732980653,2386.4749941452433,2409.949951171875,732282
2025-07-30,2398.5561023639793,2409.262092241855,2355.829980147422,2394.037841796875,1224146
2025-07-31,2377.0459063535795,2503.652646914568,2377.0459063535795,2476.34716796875,5505507
2025-08-01,2504.6346709904583,2678.976888284892,2491.767628330378,2508.268798828125,4259653
2025-08-04,2501.688117328015,2537.2440606709806,2489.9999177635377,2498.44677734375,1293028
2025-08-05,2492.357168773925,2507.5814194600316,2472.516580355361,2489.60693359375,756361
2025-08-06,2493.535917373264,2517.501979853343,2481.651322928679,2490.4912109375,885487
2025-08-07,2490.5890589949863,2498.741447368421,2450.613172635303,2472.712890625,847151
2025-08-08,2471.2397680498043,2484.892387860569,2442.362896885792,2454.1494140625,839794
2025-08-11,2445.800579905625,2479.5884991865532,2434.4068509541976,2473.596923828125,992436
2025-08-12,2473.2040732697083,2491.47326996814,2435.9784208260676,2439.612548828125,1406211
2025-08-13,2440.7910122672074,2456.9974717047967,2429.397284258838,2450.71142578125,969803
2025-08-14,2454.44372812859,2464.3641420365734,2429.200986749531,2436.469482421875,1104362
2025-08-18,2493.830443434499,2550.798606380226,2476.445379598451,2522.412841796875,3089136
2025-08-19,2526.439827717028,2568.47845225644,2512.8852854397333,2558.4599609375,1400717
2025-08-20,2552.762973091036,2632.3219576313877,2542.449771391361,2622.303466796875,3156954
2025-08-21,2619.651659128844,2619.651659128844,2580.559664029887,2600.891357421875,2235686
2025-08-22,2599.9091636055095,2611.20457553655,2572.4072910777595,2583.11328125,1223445
2025-08-25,2595.980052850747,2595.980052850747,2568.674577169291,2584.782958984375,667598
2025-08-26,2577.9077368329176,2656.877302702266,2577.9077368329176,2644.697998046875,4348648
2025-08-28,2699.1121669118434,2699.1121669118434,2599.7125964973993,2607.17724609375,3198743
2025-08-29,2617.392493882605,2674.5570512791683,2594.4086426961376,2612.4814453125,1972773
2025-09-01,2612.4813094408382,2625.7411398904956,2592.346011350618,2602.364501953125,1096729
2025-09-02,2601.8736154116664,2644.5014224406004,2598.043093323752,2629.37548828125,1525106
2025-09-03,2633.304255827349,2639.099197248745,2611.00814317238,2617.294189453125,1010692
2025-09-04,2701.0768426775303,2701.0768426775303,2608.2580202655204,2619.16064453125,2494678
2025-09-05,2620.1427902324845,2625.348310000531,2577.1219557941918,2586.551025390625,944879
2025-09-08,2583.2115458729263,2597.5519036054347,2572.210845043877,2577.219970703125,903410
2025-09-09,2590.087242016731,2599.123524215233,2564.844498121878,2594.998291015625,1610956
2025-09-10,2594.9981209437656,2605.704111140776,2572.407297029418,2596.471435546875,1031486
2025-09-11,2596.765978572866,2610.418597093595,2567.4960823902916,2575.353759765625,1212707
2025-09-12,2578.300619467218,2582.131141611505,2523.296872918584,2534.59228515625,1368380
2025-09-15,2534.5921470999765,2547.262556392294,2522.7073137348634,2535.083251953125,752745
2025-09-16,2542.1552867248165,2543.9233122758214,2526.8329581431617,2534.985107421875,1040928
2025-09-17,2540.9764060412954,2545.0035615909655,2520.8411078875088,2523.984130859375,970247
2025-09-18,2525.162751622593,2563.468928857849,2525.162751622593,2540.780029296875,1550153
2025-09-19,2553.745387548905,2558.3617254823207,2509.3495541555926,2514.064208984375,2214708
2025-09-22,2523.2966742412086,2541.1728425025335,2514.6531810760985,2526.439697265625,1174161
2025-09-23,2523.1982437079832,2529.484529270965,2473.4002630096147,2477.3291015625,1430474
2025-09-24,2477.3294242524616,2530.1723576313984,2465.3465130647555,2504.143798828125,1882881
2025-09-25,2500.7057886709636,2521.8232963129217,2486.758459490149,2493.142822265625,1624258
2025-09-26,2489.901473834488,2500.1163583210514,2454.9347142199126,2467.1142578125,885612
2025-09-29,2450.6133575294402,2472.6147602913434,2399.538449877524,2453.461669921875,2403556
2025-09-30,2453.461508732884,2481.3564080346573,2447.273779473271,2469.66796875,1678088
2025-10-01,2470.650311487506,2504.6348647874647,2453.4616408468078,2491.080322265625,1483899
2025-10-03,2491.080068139014,2503.2596116860273,2463.676514803471,2499.625244140625,1242611
2025-10-06,2490.0978867192407,2504.2418497280028,2475.3647417917477,2496.58056640625,818923
2025-10-07,2494.812642046405,2513.8674143383946,2463.676642465363,2472.418212890625,1291750
2025-10-08,2466.328548368669,2480.0794841222178,2441.8716228402013,2455.62255859375,1225128
2025-10-09,2456.506502076689,2478.1151158494545,2453.854583800399,2472.811279296875,1259173
2025-10-10,2465.3462454628498,2489.8031700666565,2461.908511654435,2483.909912109375,1018875
2025-10-13,2474.3826327864285,2486.5621769669815,2441.183896906515,2448.452392578125,1114750
2025-10-14,2448.648848847169,2464.560598461446,2438.139252730148,2457.783447265625,1461017
2025-10-15,2458.07813584284,2486.75861164498,2458.07813584284,2474.186279296875,881070
2025-10-16,2473.0076593520143,2522.8056437611326,2462.498063399367,2515.93017578125,1446646
2025-10-17,2519.85903126701,2568.478412302955,2514.4568778185712,2557.37939453125,2050690
2025-10-20,2562.585231279587,2578.00587635619,2539.6016191065405,2548.244873046875,1011485
2025-10-21,2547.8519036554026,2560.3259186012747,2539.11033344381,2545.5927734375,82020
2025-10-23,2554.727472782394,2619.7497080594576,2549.914741090149,2555.31689453125,3386744
2025-10-24,2538.0300447047853,2538.0300447047853,2430.478074931111,2471.632568359375,3110800
2025-10-27,2471.6322783442465,2480.0793772907623,2461.4173938576832,2467.1142578125,2127832
2025-10-28,2474.186322669988,2481.0617908155573,2437.7462455795494,2452.676025390625,2294976
2025-10-29,2467.900320582059,2468.8825303347708,2439.8090257355866,2443.836181640625,1870143
2025-10-30,2446.684475836149,2452.5777343086565,2411.22660810764,2425.665283203125,1195631
2025-10-31,2425.075917782587,2435.389120349099,2409.2622445950133,2421.63818359375,1401937
2025-11-03,2412.405317967791,2430.8706683206365,2396.8863568906377,2416.23583984375,1049185
2025-11-04,2416.236077610307,2419.4774178690022,2397.86880254078,2402.1904296875,1251588
2025-11-06,2420.066396652233,2420.066396652233,2389.3234247182095,2392.662841796875,1329256
2025-11-07,2392.662907838229,2400.582354781839,2376.4281382767645,2389.693115234375,817896
2025-11-10,2380.7836246996762,2404.8389919884094,2379.7936938785956,2384.54541015625,780558
2025-11-11,2397.8104470854564,2409.194651815599,2378.9029129343594,2403.05712890625,1422399
2025-11-12,2406.126077343887,2410.283738675327,2391.870927758796,2400.08740234375,1680827
2025-11-13,2404.542090020514,2406.5219517661053,2380.7837490734196,2383.357666015625,1256059
2025-11-14,2380.882834280137,2405.729954130381,2367.91464319838,2403.255126953125,975973
2025-11-17,2406.9177360630524,2413.847251909541,2391.672897873711,2400.582275390625,920038
2025-11-18,2391.474933232895,2398.503297074712,2377.7147497683018,2379.793701171875,1229034
2025-11-19,2387.7133295616327,2426.023607035294,2386.7233986621463,2417.015380859375,1465143
2025-11-20,2420.480036715518,2434.239978963932,2400.5823298037967,2403.947998046875,1396929
2025-11-21,2411.6696515110984,2418.5991679296735,2388.703302574577,2409.19482421875,1840712
2025-11-24,2417.312010655888,2420.281803162537,2388.703106181435,2399.790283203125,4092327
2025-11-25,2397.612593614541,2399.7903932161203,2381.7736995196474,2389.792236328125,1240672
2025-11-26,2387.713234421413,2403.2551005876053,2384.7434418412868,2400.7802734375,1242683
2025-11-27,2401.6713428676044,2434.932874570679,2400.5823222546774,2427.013427734375,1872248
2025-11-28,2425.3307221458876,2445.129340285854,2422.5588672698223,2441.763671875,973225
2025-12-01,2441.7635217623283,2462.9479451967945,2434.042012825968,2439.6845703125,1924828
2025-12-02,2446.119251627908,2459.3842290026473,2435.2300117380223,2452.850830078125,2179406
2025-12-03,2453.2466947597763,2459.879183417393,2378.903029581739,2423.350830078125,3535932
2025-12-04,2415.431298091029,2457.9983250655837,2398.8004113086886,2437.40771484375,2587753
2025-12-05,2397.6126302941066,2397.6126302941066,2263.674931718664,2315.052490234375,4008271
2025-12-08,2326.4365509724244,2331.3862051452247,2278.8207811571547,2290.699951171875,1898154
2025-12-09,2294.659840185007,2306.934886746879,2274.960311827886,2283.275634765625,1471488
2025-12-10,2283.2756424827394,2293.570827267341,2271.891437024881,2278.52392578125,2857290
2025-12-11,2273.1783599753567,2289.710157566845,2268.9216087951613,2282.384765625,1108032
2025-12-12,2283.6714979780418,2285.750449542293,2222.097844295659,2237.837890625,3203114
2025-12-15,2237.83786456232,2275.8511140306505,2229.32436224316,2270.406494140625,1274115
2025-12-16,2270.3073037063286,2279.513708903146,2253.0826036728013,2258.13134765625,1256042
2025-12-17,2258.230235399214,2263.179889712154,2245.460223944765,2252.686767578125,808100
2025-12-18,2247.1431656574155,2255.35964054673,2232.5912296171614,2242.6884765625,1057295
2025-12-19,2240.906558258753,2261.7941971851546,2240.906558258753,2257.04248046875,1237214
2025-12-22,2257.0424338692947,2271.8913972500136,2257.0424338692947,2266.44677734375,790773
2025-12-23,2266.2486667249427,2286.7401862916095,2257.7351650294536,2279.414794921875,1128801
2025-12-24,2279.414949884213,2281.790687332576,2255.161643229268,2259.22021484375,519380
2025-12-26,2259.3192987304974,2266.9417181800486,2252.092754960529,2262.387939453125,533626
2025-12-29,2265.8526552878384,2275.554026080165,2257.0423672814736,2270.20849609375,1086695
2025-12-30,2270.208530832208,2274.8611576222947,2260.0121944524367,2267.1396484375,1556717
