Date,Open,High,Low,Close,Volume
2018-01-01,299.087585551013,299.087585551013,294.42030101689124,295.56329345703125,7739502
2018-01-02,296.18245662027726,296.8968378190061,292.8962914788264,294.9918212890625,7046560
2018-01-03,297.65879918658544,301.32596140621257,297.65879918658544,300.0400695800781,8898342
2018-01-04,299.99242999738374,300.6591682092708,296.7062655097075,299.7543029785156,6385367
2018-01-05,299.51623066704855,300.18296900071704,296.8015763424653,298.0398254394531,6366054
2018-01-08,298.6113137305207,303.08811379333116,297.7540621841773,299.2304382324219,7329648
2018-01-09,299.84955936448625,300.80206753155034,295.99191291517354,297.7540588378906,9190909
2018-01-10,297.7064546024582,298.08748117329867,295.80143802124076,297.1825866699219,6736971
2018-01-11,297.65879395320076,297.65879395320076,293.89637517033566,294.80126953125,8366713
2018-01-12,294.8965549356129,303.6596132437686,294.8965549356129,302.61187744140625,11699345
2018-01-15,305.564629721177,314.9944844887087,305.04076181997834,313.66094970703125,30242005
2018-01-16,314.08958514363036,324.56717555024125,311.0415472162278,318.2330017089844,26707100
2018-01-17,318.18533861047797,327.8533196705302,318.18533861047797,326.94842529296875,43305353
2018-01-18,333.37785558445245,336.42589331995,326.7102984727634,329.710693359375,31504669
2018-01-19,330.9490254806047,338.14045162735243,324.61482193495954,336.80694580078125,18812611
2018-01-22,335.66389221266695,336.1401463245091,328.4248238990181,334.806640625,15269782
2018-01-23,333.8064907123522,347.1416047291614,333.8064907123522,345.09368896484375,22485663
2018-01-24,340.7598561179461,342.14100482804315,335.09241990951,335.997314453125,12815095
2018-01-25,335.7591112482485,347.47494946025273,334.0446082649155,343.6649169921875,30183655
2018-01-29,342.90301229363945,348.33232161558817,338.7119812903669,340.66461181640625,17855095
2018-01-30,339.854903115272,339.854903115272,333.85411327710324,336.4735107421875,13358981
2018-01-31,332.2825154591748,337.1403134447952,327.28184704685145,336.18780517578125,22638319
2018-02-01,331.0441940394877,338.9976428608116,327.4722884971184,329.7583312988281,29472295
2018-02-02,326.2816852893522,327.37709301761345,317.85201063791266,319.1855163574219,16957983
2018-02-05,312.04168865854956,318.3758623043594,311.51779171343793,314.0419616699219,17339547
2018-02-06,300.278212863191,321.9001608330561,298.1350693931127,314.9944763183594,18491736
2018-02-07,319.42363221057013,320.4237541980536,314.23245086845765,316.756591796875,11819190
2018-02-08,316.75659492777027,322.328773793132,313.8514565024653,317.994873046875,10294899
2018-02-09,309.5651663070247,313.04181543805487,307.32676621392517,311.2320556640625,9493398
2018-02-12,313.23232545826966,313.5657091398691,307.8982737574084,310.75579833984375,8356351
2018-02-14,311.47013803187605,311.47013803187605,301.51641710050353,303.8024597167969,15189066
2018-02-15,306.8505058815994,316.0422040501304,306.8505058815994,313.04180908203125,23779772
2018-02-16,314.66110914129615,318.13775847263247,303.6596213100529,305.8027648925781,17585994
2018-02-19,313.8514696349382,313.9467262739696,300.23061323255604,304.56451416015625,19044107
2018-02-20,305.2788792002192,308.80317118021804,301.27833311850395,302.1832275390625,16030558
2018-02-21,303.85013613401577,305.469411809677,300.70687049096205,304.0406494140625,9974873
2018-02-22,301.94509568101745,304.1358528867371,299.0399573340967,303.2309875488281,25530698
2018-02-23,303.89773555137475,308.660276644913,303.2309972392258,307.4220275878906,7949765
2018-02-26,309.5651312605827,312.23214230260857,307.8029854689898,311.51776123046875,7133735
2018-02-27,311.4701956980587,311.51780948294703,304.4692542930314,306.85052490234375,9623651
2018-02-28,300.1829592644996,301.94510528247827,296.32531260664246,298.3731994628906,17481687
2018-03-01,297.80167214270364,299.0875639798323,289.80060936580884,290.4673767089844,18986889
2018-03-05,289.9911241763442,291.9437542988437,285.0856838429931,288.943359375,14456193
2018-03-06,292.8010824553325,293.0868524222445,280.227988753958,281.03759765625,18951451
2018-03-07,279.3706683898945,279.84692253244,271.79824496436856,273.0841369628906,31472773
2018-03-08,276.4655040132746,283.84744253559285,275.51299581684646,282.8473205566406,21413552
2018-03-09,284.79995389520843,285.27620799871215,276.8941474043446,278.7991638183594,12489587
2018-03-12,281.5614572952668,287.5622479153776,279.7993111391243,286.3716125488281,12163952
2018-03-13,285.84768411636736,292.4199841350711,285.37143007054476,289.8958435058594,15966647
2018-03-14,288.752868622242,292.8486715161802,283.65694369847586,291.51513671875,12964285
2018-03-15,291.22941050610484,291.22941050610484,286.1334853262817,287.1336364746094,13282019
2018-03-16,286.94308287523694,287.5145935842386,283.275920649739,283.94268798828125,28835112
2018-03-19,283.9427317406098,285.75249170777636,277.41804403296624,280.5613098144531,13601784
2018-03-20,279.084893422584,283.08543935832756,276.46549595872017,278.13238525390625,10880002
2018-03-21,280.9899291996438,281.0375429840748,273.7032470187935,275.46539306640625,13618228
2018-03-22,275.7511192651733,275.8939896791233,267.5595430692087,269.7979431152344,24593489
2018-03-23,263.93996682025454,264.6543478045741,260.5585460535332,262.46356201171875,31922568
2018-03-26,262.9875468726055,269.70271874572575,262.844676441565,268.2739562988281,24618534
2018-03-27,270.9885639162685,273.65557506213736,268.03578288947284,270.41705322265625,22377328
2018-03-28,269.55983380281907,269.84557464951706,263.9400409612149,265.13067626953125,27172599
2018-04-02,260.0347366601708,260.84437443777966,246.50910869377304,249.41427612304688,73359584
2018-04-03,248.98563303495328,258.6059714896534,248.98563303495328,257.2248229980469,40773239
2018-04-04,254.55782121299453,260.3204843035215,252.89093183180557,255.89132690429688,33486876
2018-04-05,255.08172157842228,266.70233494250175,254.98649399911235,265.41644287109375,26759108
2018-04-06,265.1782677580413,269.51219735685737,263.8447621384988,267.3214111328125,31577015
2018-04-09,264.5591813356952,269.98849029373537,261.3206589169724,267.511962890625,31712527
2018-04-10,266.17845189262385,280.4660761688088,265.7974253239954,275.0843811035156,44741783
2018-04-11,274.0842008222962,274.22707122106647,268.94066298888805,271.0361633300781,16811454
2018-04-12,271.7505654130121,276.13210874641317,270.0836761391932,273.1317138671875,22954325
2018-04-13,274.32238928339115,277.27517081502134,272.22685940462225,274.5605163574219,17497198
2018-04-16,271.4648484939162,275.2272676705157,270.60759689126854,273.9413757324219,16874313
2018-04-17,273.9413836119567,279.32304951096563,273.17935955682776,277.894287109375,15406113
2018-04-18,279.7516721076792,280.8946645154782,275.2748719061298,276.2749938964844,20755245
2018-04-19,277.17991081406586,277.17991081406586,273.6556185338051,275.8464050292969,17282341
2018-04-20,275.51299714639276,276.37024871366634,266.4165554539043,268.75018310546875,19745690
2018-04-23,266.7023091015675,269.36932056528525,262.17789492930876,266.13079833984375,11620499
2018-04-24,266.08322071099695,272.9889064385995,266.08322071099695,270.6076354980469,15412234
2018-04-25,270.5600147760404,272.0840341163421,263.70197134705955,265.65460205078125,7961352
2018-04-26,266.51176837648336,267.0832790793464,262.27312455575293,265.6069030761719,14112673
2018-04-27,264.2257460620063,277.84662958738437,262.8922405107449,274.2270812988281,16488361
2018-04-30,275.2272644300934,277.17989467248157,268.89306145188283,270.7028503417969,9737559
2018-05-02,270.1789419944585,270.2741986270065,262.4636198499597,263.74951171875,14211445
2018-05-03,264.1305109312991,270.17894378514643,264.1305109312991,268.5120544433594,14724116
2018-05-04,267.13094770610905,272.03635933159677,265.1306745871811,269.4169616699219,11861951
2018-05-07,270.512329291632,279.0849031072119,269.41695067328993,276.036865234375,19673100
2018-05-08,287.6574804773332,299.563833146097,285.752464050331,294.61077880859375,87176185
2018-05-09,290.5150498019441,295.08707830267537,289.8006685319393,292.22955322265625,20140490
2018-05-10,293.8011489727061,298.03979277730184,291.1817515737763,292.2771301269531,16239386
2018-05-11,293.3249397277106,297.0397162475298,292.94391315686045,296.1824645996094,16671145
2018-05-14,295.2775155916675,296.23002370647936,290.657845421182,295.3727722167969,10425585
2018-05-15,295.9443442482087,302.4213891443158,290.5626490293109,293.6106872558594,16400700
2018-05-16,289.4672302270106,290.41973840746687,281.27565406143816,283.133056640625,25515791
2018-05-17,284.79990696262666,285.70480123746233,280.0849804876221,281.9423828125,10668400
2018-05-18,280.180251820413,281.27563032183946,271.0838110920903,272.5125732421875,17469524
2018-05-21,275.7510906368944,279.08486893474975,274.0842014879667,275.5605773925781,23155638
2018-05-22,275.7510667486636,279.89448237356044,273.22692635545803,276.5130615234375,11284988
2018-05-23,275.13201422983417,284.2284564033829,275.08437137631734,278.1800231933594,15887229
2018-05-24,279.75167369223755,284.7999555921589,277.3704031605305,283.56170654296875,11489424
2018-05-25,284.22840601604526,286.6573190674641,280.6088869296923,281.6090087890625,13541580
2018-05-28,279.7993206639238,287.9432552210557,279.4183231473075,285.0381164550781,19063427
2018-05-29,284.5618136505477,284.5618136505477,274.6080917214994,276.1321105957031,12969969
2018-05-30,272.32207602723537,274.46521937855397,269.3216811490377,271.36956787109375,25142319
2018-05-31,271.46487264302954,275.2272921543283,266.03556356287004,272.22686767578125,23698686
2018-06-01,280.98988510495286,285.7048117535014,273.2269500250233,275.5605773925781,29675949
2018-06-04,279.3706306647558,279.3706306647558,271.98869245212916,273.1317138671875,17188567
2018-06-05,274.3224123516592,274.3224123516592,269.65512712182584,270.6076354980469,12376050
2018-06-06,272.1315853034931,273.2745776224763,267.7500420767874,270.41705322265625,16873633
2018-06-07,273.8461333892001,279.13254277167573,273.51274967403356,277.08465576171875,20297969
2018-06-08,276.3226625188985,277.0846575284982,271.9411185430839,274.5605163574219,11340014
2018-06-11,271.84583165360544,276.5607588221182,269.7503310762333,272.79833984375,16876061
2018-06-12,274.8462024833569,275.41771316086357,271.7029373594309,273.7508239746094,14257648
2018-06-13,275.2749133647155,278.9896901189634,272.79838583913414,276.9418029785156,10927770
2018-06-14,277.03705220294034,277.03705220294034,270.6076210077273,271.22674560546875,11400592
2018-06-15,273.5603881656003,274.7986372956132,266.70231695934734,269.0835876464844,47186222
2018-06-18,270.5123261852069,280.2279213585926,269.9408154570825,279.08489990234375,27792317
2018-06-19,281.46616233100946,281.46616233100946,274.65573477522736,278.8943786621094,27176748
2018-06-20,278.7038799430073,280.60889617082245,277.179861147107,279.275390625,20364143
2018-06-21,280.7994412584584,286.085879878226,280.56131417833143,283.79986572265625,30192796
2018-06-22,284.0379846713389,288.324271990917,281.6090710826303,286.3716125488281,17490606
2018-06-25,285.56196041704266,286.228727816292,275.08436971494876,275.941650390625,15461874
2018-06-26,273.89370561807937,275.37011068458634,271.17908065792983,274.4176025390625,11614686
2018-06-27,274.2271284210491,274.2271284210491,260.9872691222902,265.79742431640625,25318055
2018-06-28,264.7973026688264,265.17830016836973,256.9867231210806,258.5107421875,34197884
2018-06-29,259.08224797760096,262.8922810360951,256.7962339561535,262.3207702636719,20930477
2018-07-02,260.9872771179876,266.60707033717085,258.12975218603884,264.2257995605469,69733139
2018-07-03,262.7970082610049,263.6542598328843,259.2727453392247,259.9394836425781,14020388
2018-07-04,261.1777214318759,261.7968458566416,258.1296840154678,260.2728271484375,8233522
2018-07-05,260.03477419463593,262.41604502059414,257.89163045127356,258.65362548828125,7505990
2018-07-06,258.22497403038903,259.0346117989776,254.3672984511999,257.2248229980469,26025797
2018-07-09,260.89203714456573,261.65406128272764,257.1772603093033,258.3202819824219,18374471
2018-07-10,259.08223527535193,262.84465436344965,258.9869786399107,260.4157409667969,14450561
2018-07-11,261.51112364648037,261.84450734155644,254.79595223360283,255.98658752441406,12717543
2018-07-12,257.5582211228277,260.70151574162344,256.27232919096787,259.36798095703125,15837704
2018-07-13,260.03470985562194,260.3204506567386,253.41476697009665,255.03404235839844,19159840
2018-07-16,252.70042258163008,253.9387007254475,244.31836175872596,246.93775939941406,29794402
2018-07-17,247.89028946915107,254.79597476656258,247.65216238993,253.7958526611328,15128995
2018-07-18,253.3671882496526,254.65308016907974,248.60464711714033,250.2239227294922,22908592
2018-07-19,251.41454827829932,251.7955457404999,247.0806185745686,248.79515075683594,15145144
2018-07-20,249.36666354326337,254.98648581812932,249.36666354326337,253.17669677734375,13794388
2018-07-23,252.74799806591446,263.1779429960383,252.74799806591446,262.46356201171875,16917863
2018-07-24,260.65385034116355,264.7020099927548,260.36810952246566,261.32061767578125,12012225
2018-07-25,260.0347211488877,263.46375625241143,259.32034004683027,261.6063537597656,17947377
2018-07-26,261.9397770064013,272.893622226669,260.2728875163605,272.083984375,36630780
2018-07-27,271.36955583862255,281.1327640061753,268.7978013720166,279.275390625,30926969
2018-07-30,285.7524764813089,293.8011828628305,280.2755540154172,292.75341796875,56119080
2018-07-31,289.84821192366775,293.8487576913324,287.8479681080766,289.80059814453125,20824059
2018-08-01,288.22901872239163,291.1341574234858,282.7044531159754,285.0857238769531,15581508
2018-08-02,280.9899149392112,286.4668370100602,280.13266338524863,284.3713073730469,14089168
2018-08-03,285.7524133901127,292.1818426913902,283.4187570534646,290.51495361328125,14478297
2018-08-06,292.3723795637145,302.8975826805048,292.22948009087617,300.13531494140625,25849864
2018-08-07,299.03994755061416,303.0404643695126,295.6585261519438,298.2779235839844,20751115
2018-08-08,298.13505344454103,304.80261055032946,293.61063969418456,303.5643615722656,17916047
2018-08-09,305.0407617242487,329.42497831117083,305.0407617242487,317.18524169921875,76423347
2018-08-10,318.18535393121095,324.13853020644126,309.8985499970365,312.99420166015625,36321097
2018-08-13,308.6126580980119,311.8988230291307,306.70764168999943,309.46990966796875,15332907
2018-08-14,309.27940826510337,317.6614683668263,309.27940826510337,316.6613464355469,15314006
2018-08-16,313.8990782997831,323.0908060538366,313.13708333645235,318.4234924316406,37463597
2018-08-17,320.80474538097485,325.94831283938356,319.8998800453237,323.852783203125,24090696
2018-08-20,323.85277985416127,326.18643651276034,320.70951450052087,322.37640380859375,13032778
2018-08-21,322.23351881016964,325.6149404280389,318.1853588800507,322.7574157714844,16009673
2018-08-23,320.5666069446218,322.6145227261196,318.8521038982313,321.1857604980469,18867868
2018-08-24,319.94198075630294,320.9944273413102,313.1489482873974,315.875732421875,17805968
2018-08-27,316.688996334389,327.50042169011743,316.6411697966722,325.2041931152344,28083933
2018-08-28,327.2134426827374,328.6485893611705,321.7598736254382,324.2474670410156,16427306
2018-08-29,321.80767811926347,327.8352815295367,321.28144023542734,325.9217529296875,18868248
2018-08-30,324.53446169507544,330.5142385600486,323.0993152474819,329.4617919921875,22349447
2018-08-31,328.17011438390705,331.80580659579044,323.86467556545927,327.78741455078125,19809916
2018-09-03,328.7442237425354,329.1269236280583,318.17196056641905,319.7027893066406,12859450
2018-09-04,320.3246923420448,321.9033768762816,313.1011331868861,314.2970886230469,15470215
2018-09-05,312.8619496386354,317.0238804963903,310.56572098550106,315.3973693847656,14548867
2018-09-06,315.73218928085953,316.92814454328703,311.4267503361205,314.4405517578125,11322771
2018-09-07,313.29248375056835,321.8555067723482,308.50866221947484,320.6117248535156,16435004
2018-09-10,317.454358930295,321.23358930727846,316.1148948517366,318.5068054199219,16673909
2018-09-11,319.2722539713549,322.1425468298395,311.04407527073994,312.4313659667969,13005562
2018-09-12,312.86191783276615,312.90974436725065,304.7294214976636,308.9391784667969,15263406
2018-09-14,313.0533217559646,317.6457791731916,310.1351728320304,314.1535949707031,10736693
2018-09-17,313.14890234663574,313.3402668606099,307.4561730324709,311.61810302734375,7227361
2018-09-18,310.230821877557,313.8665145102089,303.96402744023806,305.0643005371094,14825218
2018-09-19,306.1645486450842,310.66135213255956,303.29425600153655,307.073486328125,15942065
2018-09-21,309.4653813937832,319.272214102313,295.0182366372021,303.3899230957031,34169460
2018-09-24,303.10287989463643,303.10287989463643,292.33928289272285,295.40093994140625,24382310
2018-09-25,293.72667413829043,299.94564280897083,287.07714980346367,297.6494140625,30472132
2018-09-26,301.3807736922302,301.66779132125606,291.90881235867204,299.56292724609375,23224979
2018-09-27,302.00260106719026,302.3374743625966,292.10008617803084,293.3917236328125,24888615
2018-09-28,295.7358557904163,298.1277665794068,288.7514587676861,292.3393249511719,26289107
2018-10-01,293.0569139255009,301.42860213654103,287.5555188153888,300.42401123046875,21104376
2018-10-03,297.6493860725564,300.9023789240007,289.37338053637126,290.5693359375,19105555
2018-10-04,286.0725129475526,307.3605176735828,282.0540913874328,302.8158874511719,56268976
2018-10-05,301.04589565840666,307.9346106295256,286.40741284244234,294.013671875,36131946
2018-10-08,294.01365600342405,300.4718149909218,285.6898241606377,297.4101867675781,20488368
2018-10-09,297.9842807421514,298.4148071984795,289.8996099728954,293.00909423828125,14852835
2018-10-10,293.82231270515035,308.9870322009745,291.334719767347,306.02105712890625,23972064
2018-10-11,296.59690833545955,301.81128501609174,290.8563230128378,298.2234191894531,21691068
2018-10-12,300.2804848891744,310.23082788534674,300.04129381139074,305.59051513671875,25930022
2018-10-15,303.19859502659233,304.1553593082781,296.16637171657624,299.8020935058594,23756416
2018-10-16,300.18480064212065,308.98704392585853,300.18480064212065,306.7864685058594,18042549
2018-10-17,311.04408196838375,313.9622014247601,298.17559036316516,301.18939208984375,20203287
2018-10-19,299.3236865312525,307.59969104157955,296.7882672347652,301.811279296875,18322589
2018-10-22,306.355973070179,315.58874370595055,302.4332331840104,312.9576416015625,33593953
2018-10-23,309.0348662260074,314.39275209927297,304.5859181091287,308.891357421875,21509920
2018-10-24,314.53628445263973,315.7322399068323,302.5767299107143,308.078125,33104174
2018-10-25,304.7294099114833,308.1259112783415,298.31907783535024,306.1167297363281,26920180
2018-10-26,305.97322116054374,309.4175785893607,299.4672353935462,302.0026550292969,22952163
2018-10-29,314.7754127188079,337.6899263269804,314.10566611887947,334.29339599609375,80069836
2018-10-30,332.4277554318875,338.5510408860217,328.0744605088531,330.75341796875,34460428
2018-10-31,330.56207554776904,341.1343097000737,327.50041801684443,339.6513366699219,31233009
2018-11-01,341.56487293143545,342.95219291811236,335.9199691063684,338.4075622558594,22157128
2018-11-02,338.6945359718245,342.33022835102827,336.49398993148435,339.1250915527344,26714413
2018-11-05,335.82429153875364,336.63754708723445,332.9539984486788,334.53265380859375,22873951
2018-11-06,333.62370867764736,342.80862220238157,332.6190886871666,337.8334655761719,21349153
2018-11-07,341.3256455874145,341.564836649494,339.220752561864,340.51239013671875,2074764
2018-11-09,341.4691827383079,342.61731161087323,337.16374326338297,341.4213562011719,15130936
2018-11-12,340.6081204385489,342.7130137609612,336.30268071390435,337.1159362792969,10642857
2018-11-13,332.7625864025473,346.30082357029977,332.7625864025473,345.29620361328125,17684864
2018-11-14,349.2189273246282,353.90706598881314,345.67888816290906,350.749755859375,31774158
2018-11-15,350.27137211984575,358.69088522416814,346.44431540004,354.00274658203125,21967798
2018-11-16,354.0984577834264,359.07361440696457,349.7451628899366,351.65869140625,29972926
2018-11-19,352.3762569202406,354.67251444827485,345.1526986078376,346.7313537597656,16002154
2018-11-20,346.34867326979867,349.6495217523122,339.2686233575004,342.4259338378906,19591217
2018-11-21,340.94295320807373,344.72215455296936,337.7856136004753,341.3256530761719,29323882
2018-11-22,342.18671229531503,342.9999677097053,335.82423616766124,336.8288269042969,12547369
2018-11-26,339.41213393358515,342.37810909017816,335.53725021486355,340.9429626464844,20673027
2018-11-27,340.3688832863745,340.70375661482717,336.3983174727648,339.3164367675781,17933339
2018-11-28,341.51703836266626,345.91813091043394,337.9769986718478,343.4783935546875,18163000
2018-11-29,347.3054082336794,350.5584007080885,344.6264801249016,346.5400085449219,38692771
2018-11-30,349.2189643786861,349.2189643786861,338.5031926965817,339.7948303222656,21893877
2018-12-03,343.38272321132257,343.38272321132257,336.8767372378961,340.1297302246094,23427270
2018-12-04,338.0248081438481,343.57405848178547,338.0248081438481,342.4737854003906,18651442
2018-12-05,339.9383451566989,340.94296519366753,335.2980616459247,336.20697021484375,12068267
2018-12-06,333.1453480024565,334.8196855629551,328.5050352094487,332.6191101074219,17784829
2018-12-07,334.48484927891076,337.73784248875086,330.3707447268818,336.9724426269531,14979672
2018-12-10,331.5188139742398,334.34128020247795,329.3660944029785,331.37530517578125,14107881
2018-12-11,322.8122689040505,330.0836834219572,321.4728047239931,327.9787902832031,36885929
2018-12-12,327.9787836669728,336.49400912168755,324.72579095298954,334.8196716308594,24740214
2018-12-13,337.64211694065784,338.8859280543623,332.5712778102312,334.43695068359375,19129928
2018-12-14,334.1020872995389,338.74237054687404,334.05423156823093,336.6853332519531,12104234
2018-12-17,337.06805508396087,344.91353411336416,337.06805508396087,342.9521789550781,18378122
2018-12-18,341.3256866265528,347.2097816215539,339.2686490849679,346.587890625,15405953
2018-12-19,347.3054085142128,353.2851848316063,345.3918800926469,350.6540832519531,19442031
2018-12-20,347.3532695355796,349.69735376400183,345.53542319421615,346.4921875,12109613
2018-12-21,345.3919108259511,347.783821565743,336.78103216270017,338.88592529296875,13555416
2018-12-24,338.1205177009977,341.6605574988135,336.3026712635238,337.4986267089844,9025217
2018-12-26,335.48941331272016,341.46919049709817,333.0975024389689,340.464599609375,8695108
2018-12-27,343.9567414931552,345.1526967834652,339.555620185189,340.273193359375,10122458
2018-12-28,342.8085955128652,347.1140343416805,342.8085955128652,345.1526794433594,13004606
2018-12-31,347.11406325849975,347.78380992247105,343.956752866928,344.5786437988281,7314108
2019-01-01,345.8702906028512,349.02760107848036,340.9907868875005,348.02301025390625,7759872
2019-01-02,345.8702979933479,351.99358373645344,344.72216914233394,348.8362731933594,18243156
2019-01-03,349.21898481522607,351.41953112248075,346.39651832719323,347.5446472167969,12884409
2019-01-04,346.2051730620769,352.8546675293702,342.56945114788243,349.41033935546875,22896026
2019-01-07,351.6108815537887,354.95955661620576,350.7019437861666,351.80224609375,12719847
2019-01-08,351.89791327792966,365.2926140647718,350.74981358650723,363.7139587402344,21501136
2019-01-09,365.1490801259768,366.96692641090146,359.36066793494945,365.72314453125,21730142
2019-01-10,364.4793915226614,365.62749122602224,359.7912228400126,363.0920715332031,14497154
2019-01-11,364.14452043880715,364.7185848931457,359.0258252846628,362.1831359863281,12537973
2019-01-14,362.32664147197625,362.32664147197625,356.5860558401929,357.20794677734375,14844029
2019-01-15,357.39928034977834,359.1693000838056,354.57684328028523,356.6338806152344,12960779
2019-01-16,355.9641548647643,363.33125183467325,355.9641548647643,359.0736389160156,15106484
2019-01-17,359.74333364861104,361.6090354890709,356.6816765766066,358.40386962890625,13171721
2019-01-18,358.4039138287997,360.12607789535815,354.3376655400811,355.91632080078125,12212121
2019-01-21,356.8730542684131,359.8868557235478,354.5768259786975,355.6292724609375,8908581
2019-01-22,354.5289879552489,356.39468995776906,350.2714044799995,353.0938415527344,14756076
2019-01-23,352.85466193341745,357.54283035890046,350.6062891883694,351.51519775390625,9726450
2019-01-24,350.74981173343394,352.5676581338467,346.10949886002453,349.0276184082031,17521254
2019-01-25,346.683555977049,348.88410222608763,339.2207767883163,341.7562255859375,22978238
2019-01-28,337.9291485722907,339.5556302966703,322.09468253818227,328.69635009765625,34362360
2019-01-29,328.12235402585156,334.9632134662316,326.59152518650353,331.8537292480469,20738442
2019-01-30,335.8242655367962,352.66332286772575,335.8242655367962,350.0800476074219,39400056
2019-01-31,356.58608543993057,360.36528710901734,338.7902626645689,348.6927795410156,85917249
2019-02-01,348.7405705070513,349.12327036894237,333.67153350983307,339.3164367675781,25605469
2019-02-04,335.824262641749,341.4691660602039,331.0404412365959,339.22076416015625,17039321
2019-02-05,339.26862564286466,340.7037720887329,333.76723093370333,337.4029235839844,12197271
2019-02-06,338.3118421926958,346.25297373100835,337.9291423350893,343.765380859375,15396216
2019-02-07,343.5740492456375,346.1572952110165,341.086456347099,343.14349365234375,10247434
2019-02-08,341.46914266839514,342.9042889916286,335.5850485827632,339.7469787597656,9308651
2019-02-11,339.26863948726884,339.3643217605237,333.95857990199346,334.91534423828125,9419635
2019-02-12,333.91074436834106,336.78103729987413,328.4093495829028,329.4139404296875,14924394
2019-02-14,325.1563016792083,331.8536507181287,321.61626265081486,329.07904052734375,15172596
2019-02-15,329.1747494269303,332.71478905587804,325.8739300737943,327.3569030761719,20316848
2019-02-18,327.40476092610965,328.1701607003863,322.95578349397084,324.1039123535156,10601490
2019-02-19,324.4387664356488,335.2501908953981,324.4387664356488,328.4093322753906,14384763
2019-02-20,330.0836598884995,332.5712527301832,327.5482405144886,330.2750244140625,9474758
2019-02-21,331.80582799374093,339.603479937407,331.27961933902384,336.11126708984375,18631331
2019-02-22,336.2069360102783,338.7902110446647,336.11125375009243,336.8288269042969,10997730
2019-02-25,337.7856059639938,341.9953920122857,337.7856059639938,340.2253723144531,10344411
2019-02-26,334.8675500345404,337.450825671203,331.61455681668866,333.1453857421875,18096382
2019-02-27,335.8242709385213,339.3643105450452,328.45717411332475,330.6098937988281,17325417
2019-02-28,333.38453503981987,336.54184557922173,330.0836864956119,335.0110168457031,18347113
2019-03-01,336.82888356977435,339.65135013039213,335.4894192962103,338.93377685546875,14190221
2019-03-05,339.6513413956308,348.40572928493435,337.54644816406767,347.5446472167969,17638277
2019-03-06,349.45816714607037,356.72958180242495,349.45816714607037,355.8684997558594,31436190
2019-03-07,355.437935161502,357.82984589610163,352.5676422799825,354.7681884765625,15355303
2019-03-08,353.8114143290866,357.2557715306106,351.75437699424515,354.57684326171875,16143455
2019-03-11,355.7249407377677,362.0395907031392,354.00277674636095,359.599853515625,11449587
2019-03-12,361.6568865247681,372.1812932754888,361.03499560185105,371.4158935546875,37108265
2019-03-13,371.12887532239995,376.2475702938043,367.6845179174651,374.9559326171875,19574619
2019-03-14,375.05161530353894,376.0083796282929,370.0764291355665,371.1288757324219,13182462
2019-03-15,372.0378110057665,381.03138975804416,371.3202377670508,378.20892333984375,31466545
2019-03-18,379.1178627543853,382.61004669155056,376.48676086776186,380.84002685546875,21220626
2019-03-19,381.1749267578125,383.6146934687687,376.8694870070884,381.1749267578125,11670392
2019-03-20,380.40949311711995,380.93570180507805,375.2429717150495,375.9126892089844,14181408
2019-03-22,377.3956781674445,379.16566870931734,373.13806548458695,374.8602294921875,17409249
2019-03-25,371.17671058526577,371.17671058526577,365.9623336294639,366.9190979003906,12345034
2019-03-26,368.3064637193037,378.40031635755327,366.8234613954834,377.06085205078125,14063632
2019-03-27,378.3046015073489,381.2227501653471,373.2815888908298,376.1997375488281,17950017
2019-03-28,375.7691836374272,384.52357125491767,375.7691836374272,383.23193359375,23117485
2019-04-01,384.0930294259606,391.8427966858371,378.63946138562756,381.0313720703125,16106604
2019-04-02,382.70569627912994,382.70569627912994,376.4389021818102,379.9789123535156,13010810
2019-04-03,381.74891443115615,385.3846066988691,373.75992755017717,375.1472473144531,12317200
2019-04-04,377.34782041389127,378.5916314777214,370.55478829029,371.9421081542969,14521564
2019-04-05,372.42046382813203,375.5299474696,368.9282803473393,373.66424560546875,10853927
2019-04-08,374.5254257379777,374.5254257379777,368.3542838487908,370.3634948730469,6305407
2019-04-09,370.65046100671185,381.127041121604,370.4112699465374,379.9789123535156,13206348
2019-04-10,378.4481331934617,381.55761738215165,375.721378109577,377.1565246582031,14000018
2019-04-11,377.4435568748935,377.4435568748935,370.79403259670386,373.1859436035156,8704774
2019-04-12,373.7121275127282,378.44809310261184,371.4637256517718,377.5391845703125,7035256
2019-04-15,377.1564849024173,379.7875866308894,374.8602273081572,375.7691650390625,9770752
2019-04-16,380.31384498539956,390.7425709956873,380.31384498539956,389.4031066894531,24487788
2019-04-18,393.23011635241886,393.23011635241886,385.1933022957907,386.91546630859375,18660434
2019-04-22,386.7719950512788,387.10686841908796,376.67814266673173,377.44354248046875,10493872
2019-04-23,378.9743252860883,382.6578734884224,376.5824146609528,379.3570251464844,10203957
2019-04-24,379.93109117661805,385.24112110809546,376.43890748846724,383.7581481933594,11397163
2019-04-25,383.56676862134464,385.001914946342,377.2521189517307,378.3045654296875,16524091
2019-04-26,382.7057069817951,390.359821121431,377.2043124439318,389.59442138671875,14286163
2019-04-30,390.1205997396832,392.08195465630365,385.86298740110334,389.88140869140625,19375553
2019-05-02,386.24577278713394,387.48955474038183,377.3478469742174,378.4481201171875,16572948
2019-05-03,379.97896893833126,387.68093974176924,377.63491371843156,384.42791748046875,24431248
2019-05-06,379.3570365491546,387.3938506515538,377.58701679372575,383.9494934082031,20751521
2019-05-07,380.79215610597913,389.737907321461,367.6844747316232,369.78936767578125,41519416
2019-05-08,369.5980337186387,373.1380732725271,363.66611263677333,365.6753234863281,22509400
2019-05-09,364.4793551952459,369.0239854136498,361.22633336462286,364.9098815917969,19739885
2019-05-10,366.91909200578147,372.37265994170264,365.72313668633626,368.4499206542969,18361701
2019-05-13,368.3542566224282,369.07182984961474,359.0258046690031,360.0303955078125,13828080
2019-05-14,361.7526091760062,370.02861502339323,360.2217803653718,363.9531555175781,21481226
2019-05-15,365.8188544046079,367.8758919137844,359.55203040449334,360.74798583984375,16183425
2019-05-16,362.6136360517514,368.3542213190615,361.2263162662342,365.9623107910156,13430281
2019-05-17,364.7186071972336,375.0516512147123,364.28805153061666,372.8511047363281,19096980
2019-05-20,387.7287004040716,396.10038733444947,384.61921668707413,390.0727844238281,33350816
2019-05-21,390.93391348152824,393.03877750159324,380.40950578681236,382.8492431640625,18286421
2019-05-22,385.5759999861472,390.74252119348233,384.18868011836014,387.82440185546875,15370847
2019-05-23,396.100379766872,409.44725206870186,389.78573019183284,393.0865783691406,43279956
2019-05-24,397.5355577673192,414.8051413171895,394.8087737336216,413.0829772949219,37708344
2019-05-27,413.56138383096726,419.82817854637756,411.07379072017744,416.6708679199219,23397222
2019-05-28,416.2402782707753,420.2108732952761,409.5907842044258,415.522705078125,23389724
2019-05-29,410.0691899049654,411.8392097215416,403.8502218778429,404.9983215332031,22132254
2019-05-30,402.6542845980033,409.49514389589024,401.4583291543821,407.7729797363281,18281037
2019-05-31,408.53832221174,411.5999793970272,396.38740493040706,405.3810119628906,24644955
2019-06-03,407.5816063792347,407.96430627329806,401.45832047983004,404.6156311035156,17125380
2019-06-04,399.640485684007,404.4721340328225,399.4491211323558,400.9799499511719,14514451
2019-06-06,399.353424816767,399.7839804437799,392.60824798109917,393.75634765625,17762399
2019-06-07,395.6220072390976,400.8363839472555,390.26412173674197,398.5879821777344,14107696
2019-06-10,400.78854742110155,404.4720957053532,395.1436440598719,398.109619140625,13074522
2019-06-11,400.35804916977224,405.3810619474643,395.1914983827847,403.1326599121094,10939138
2019-06-12,403.754547557192,403.754547557192,396.8658326968693,399.927490234375,11136959
2019-06-13,398.68370231043554,404.04155912360113,397.3442089090144,401.45831298828125,12164077
2019-06-14,402.1280614901746,403.7545726326395,398.10966857052995,399.6883239746094,8601256
2019-06-17,400.8363780510909,401.55395120965125,395.2871281060145,396.291748046875,9539802
2019-06-18,397.48773752216465,407.62941567752557,397.15286417972254,403.8980407714844,17761348
2019-06-19,405.42885822018394,407.58157782135305,399.30557274981743,401.6496276855469,17010384
2019-06-20,401.601794889904,415.8575764090862,400.88422170070226,414.66162109375,24315929
2019-06-21,415.4270329127701,416.38379712565245,410.3083385342241,412.17401123046875,13909654
2019-06-24,412.7959442571858,415.0443168693829,409.686460467921,410.8824157714844,8545999
2019-06-25,409.3993932318494,416.0010603382237,406.24208306736097,414.9007873535156,12964387
2019-06-26,413.80053706485666,420.9762689214727,413.80053706485666,419.68463134765625,12261068
2019-06-27,419.0627873804852,424.70769123388385,418.6800874782114,421.88525390625,18787957
2019-06-28,420.4978885201474,421.4546527716153,414.8529852761123,418.20166015625,13459208
2019-07-01,420.4979134040433,422.8898241742597,418.77574932873927,420.01953125,6871979
2019-07-02,420.01951035759964,420.9762746180953,414.85298919054867,417.8667907714844,7787303
2019-07-03,418.9670827856026,420.9762936631663,415.4270723804945,417.1014099121094,10415896
2019-07-04,419.0627094935132,422.31570185543586,415.3313350431275,417.3405456542969,11810688
2019-07-05,417.57978260963444,420.88060186406415,414.47029869275104,417.4841003417969,12154330
2019-07-08,415.2356973839936,416.5273350011963,403.7545260277542,407.48590087890625,12184946
2019-07-09,407.58159994439177,411.2172926777893,406.2899622739561,409.9735107421875,11679067
2019-07-10,411.4086323599224,413.99190754468947,408.72970410752765,412.26971435546875,16494282
2019-07-11,413.9440559782362,414.18324704596864,406.43345061181003,408.1077880859375,16535185
2019-07-12,408.8253727150425,414.27894089101187,405.6680622119839,408.586181640625,8824728
2019-07-15,409.87783319492297,409.87783319492297,403.3718474291822,404.04156494140625,7825336
2019-07-16,403.3239778392613,411.9348565147841,403.3239778392613,406.24212646484375,12149205
2019-07-17,406.24211680518687,408.586171758909,404.2329059890476,406.3377990722656,10961022
2019-07-18,406.62480574338423,407.10318786778817,399.4490738773245,400.5493469238281,10651654
2019-07-19,401.7453064951142,402.17586209089467,390.83819978266547,392.56036376953125,12260757
2019-07-22,392.99198192350775,396.0611195425941,387.7169217634607,394.67041015625,17937246
2019-07-23,395.91723342358785,398.9863710626251,392.9919844781505,395.1020202636719,14207080
2019-07-24,395.00611851732117,395.00611851732117,385.271240205781,391.7931213378906,16505930
2019-07-25,392.46450664709187,396.92432459932695,388.7239858457331,392.2726745605469,16852479
2019-07-26,393.47158224412067,402.2473593945747,391.84109719126286,398.74664306640625,17493739
2019-07-29,415.2910597890772,417.54495476653636,407.9059645700314,411.79034423828125,46754670
2019-07-30,415.29110282210286,420.75799509821707,405.4603088176535,407.9539794921875,23617273
2019-07-31,406.56326665822894,412.6056258496001,403.9737092357546,407.2346496582031,22329888
2019-08-01,405.9398203110605,408.9130416238173,393.85513226952617,399.9933776855469,18269866
2019-08-02,396.9722755788213,400.76073983954194,388.91582537078006,393.8072509765625,30939803
2019-08-05,387.1414443506881,390.0187498148619,379.5645458155901,386.1823425292969,25033370
2019-08-06,384.59986497133985,394.67043500176146,384.5039489266805,393.4715576171875,30665326
2019-08-07,392.5603904337941,398.0272828945908,389.68308477431515,391.69720458984375,20977349
2019-08-08,394.1908419427296,399.5618179058178,387.6209887231246,397.4517822265625,19046657
2019-08-09,399.4659585726504,405.12465417272705,397.5477546899486,402.9666748046875,17664017
2019-08-13,399.9454954938871,404.4532861676723,392.4165396648689,393.4715576171875,18389104
2019-08-14,395.0540708719659,404.93283810656783,394.43066048436435,400.23321533203125,13307755
2019-08-16,400.7127443117047,402.8227801057593,395.24588128623463,401.81573486328125,15154141
2019-08-19,402.9187156594711,410.39969880168064,402.9187156594711,406.083740234375,12304262
2019-08-20,403.59003963480075,405.89190744966515,395.62950612836755,399.84954833984375,16181488
2019-08-21,398.98637051814484,401.57595722689024,393.75925371583,395.1979064941406,12868183
2019-08-22,394.1908636290959,395.6295164160634,381.7225394753775,382.7775573730469,18182520
2019-08-23,373.09060556400135,386.99758186394484,370.0214680520901,379.2288513183594,26883695
2019-08-26,390.3544522785952,397.0681652170477,376.78316697833077,394.81427001953125,26701988
2019-08-27,395.91717300557735,403.3022678584512,394.43057706727245,401.47998046875,28793372
2019-08-28,400.90457941760684,401.1443548837657,392.94404564891926,396.0611267089844,12154347
2019-08-29,393.13583893629817,393.9990247396658,383.0173262173058,387.86077880859375,30331105
2019-08-30,389.8749225141061,395.9652254355631,386.1823743436584,392.8960876464844,18314194
2019-09-03,388.48416241992277,389.77895567061194,375.0567375642558,376.11175537109375,20194305
2019-09-04,375.00881900427476,383.30504405674225,373.9538011276075,381.24298095703125,18614965
2019-09-05,373.6181009808426,377.88611577286514,372.13150487277073,373.0906066894531,25022673
2019-09-06,375.0088519300545,378.36570866088624,373.28248017627106,375.34454345703125,17564286
2019-09-09,376.9270137935282,384.0243613800223,373.1865225639739,379.2768249511719,18651819
2019-09-11,378.74929720305425,382.6816204601719,377.26270111205986,378.4615783691406,17463978
2019-09-12,383.3050683242046,390.5463052279208,383.3050683242046,386.2303466796875,19577114
2019-09-13,390.1626281173878,397.9313591005434,384.2641574842485,396.4927062988281,17775449
2019-09-16,391.79310732924654,398.6506797309326,390.114679084874,395.2938232421875,17629622
2019-09-17,389.2514706976651,395.05402486964994,382.01023455875253,384.2641296386719,20793363
2019-09-18,388.86783020572454,388.86783020572454,380.283857527273,383.0173034667969,18477377
2019-09-19,379.5165894543142,379.5165894543142,368.63077829988293,370.78875732421875,22647508
2019-09-20,373.09061586300055,406.659180272268,370.8367206844853,400.4250183105469,75217723
2019-09-23,417.97658009884196,431.59583825833585,410.927204822862,428.0471496582031,57490445
2019-09-24,423.44344789526644,430.30101996312027,415.6267740201754,422.86798095703125,26639931
2019-09-25,421.1416096052917,422.91595380338885,412.03014243235094,416.4420166015625,19987241
2019-09-26,421.04571424365633,439.8920598359769,420.6141067012239,433.4660949707031,40909369
2019-09-27,431.11627108630756,433.3701662328653,425.1698280531932,430.82855224609375,19432963
2019-09-30,425.1698172657162,426.94416145392205,413.3728768048258,415.96246337890625,27524660
2019-10-01,419.0795633099842,425.0739498473769,399.6577509288319,407.2346496582031,30623906
2019-10-03,406.65919427592206,416.8256799867134,405.0287093835387,409.82421875,23275379
2019-10-04,410.9751527261399,411.7424225170253,395.19791520191234,396.9722595214844,17952697
2019-10-07,398.1231735652543,406.1796230444749,394.67040114002697,399.082275390625,21933703
2019-10-09,403.06254583401875,420.47023827135104,400.0413809100958,418.83978271484375,34533981
2019-10-10,412.41382079634957,413.85247365959265,403.3023526624767,406.3714904785156,19074005
2019-10-11,410.4476640902372,415.5308923815789,404.83691219957007,411.0231018066406,18004922
2019-10-14,412.41378277277227,418.5520285694508,408.57737549116507,411.3108215332031,17211042
2019-10-15,412.4137965880663,417.6409133921432,410.6874249612979,414.1881408691406,14971985
2019-10-16,416.72970906995346,421.52521780493566,413.5167123636229,417.4969787597656,17833051
2019-10-17,418.1684172715637,425.21782190285603,415.9624946680553,422.5802917480469,12452421
2019-10-18,419.7988886218441,425.55349968303756,417.449077397404,419.894775390625,15988455
2019-10-22,422.4843627088787,439.94002799510207,419.6550005584337,432.69879150390625,34966169
2019-10-23,433.51402215974457,440.227734892307,429.86944695556804,436.48724365234375,25196183
2019-10-24,438.69316424836967,440.22773300598715,432.55491848736426,436.15155029296875,23542540
2019-10-25,438.98088810287794,451.40123835705435,435.8158347271215,449.9146423339844,34397573
2019-10-27,451.73696180229916,454.1347163766213,445.9823508239259,450.34625244140625,8206762
2019-10-29,450.9696678634028,462.2870571395312,447.75667105221254,457.87518310546875,33686172
2019-10-30,459.4097842018887,459.4097842018887,450.7778675884921,451.8808288574219,22396012
2019-10-31,455.573369650823,457.25179785479975,442.43366286047643,444.1120910644531,21198377
2019-11-01,447.5648602866676,447.85260839552785,441.6663899233433,443.3448181152344,13522994
2019-11-04,444.06415197066366,452.9837873758952,444.06415197066366,451.2574157714844,16254715
2019-11-05,452.79197484071,454.61426244387053,447.8046336715146,449.1953430175781,14952189
2019-11-06,448.0444352300413,464.10939164266233,445.74259658302174,461.040283203125,24922680
2019-11-07,463.2461948842194,463.2461948842194,456.19679041252294,458.9781799316406,18312032
2019-11-08,461.0882358901175,475.7145397847078,460.65662832970344,469.43243408203125,52207121
2019-11-11,468.04172652342487,478.5918474081742,464.7807859220321,476.4818115234375,24766065
2019-11-13,476.4817606501178,477.1531436152515,463.5338864012617,465.8836975097656,24272664
2019-11-14,469.7201333795355,479.40706796672794,463.9655222508429,478.2561340332031,35396276
2019-11-15,477.4888702410064,488.8542332164971,475.71452593353047,479.4070739746094,42074833
2019-11-18,478.3520491939557,483.8189414639586,476.33792944871954,477.9684143066406,22910109
2019-11-19,477.5847566939981,481.4691073061123,469.81602620030543,473.3167419433594,27939336
2019-11-20,474.9472336834014,477.6327070756392,472.35764705773556,474.7554016113281,22606112
2019-11-21,477.72866864313823,483.1955319846874,471.1588146862407,477.8725280761719,25745594
2019-11-22,480.60596724915615,481.2293776293615,472.0219935487778,476.4818115234375,18462401
2019-11-25,471.87810844959296,479.5509232211311,471.44650091090773,477.4408874511719,25692878
2019-11-26,481.2772641523507,496.38311727071886,480.5099944319016,489.81329345703125,286857658
2019-11-27,492.8824988095316,494.75270071747303,483.675085278344,484.8260192871094,29866539
2019-11-28,488.710372080646,498.73299886171174,487.22377581105684,497.91778564453125,35706498
2019-11-29,494.89652861639274,495.3760795162148,489.4296366506353,491.63555908203125,13324549
2019-12-02,492.4508542205352,492.9783485277105,486.50441107136413,490.005126953125,10130049
2019-12-03,488.90218959051924,490.3408424289416,484.01076408599,488.5185546875,12795657
2019-12-04,489.14187568733024,509.61867393043644,488.4704927776218,507.6045837402344,30992538
2019-12-05,510.7697243073484,515.5172905983203,504.53556172336874,506.501708984375,32354118
2019-12-06,508.3718932962484,511.6808061874391,500.3154733643576,503.33660888671875,24868376
2019-12-09,502.6173212883175,507.65260608600767,500.843006251371,504.9671325683594,12980877
2019-12-10,504.5354444471669,508.5636833498014,503.24068055010576,507.07708740234375,12021443
2019-12-11,508.89942806304964,513.3113317819644,505.6385168331725,511.7287902832031,13768156
2019-12-12,512.9755882471313,515.1335673557433,508.1321357333661,513.4551391601562,12385216
2019-12-13,515.9008428811763,520.6004062247889,513.7908073718962,515.0855712890625,17884861
2019-12-16,517.4354541762648,519.2577711283249,514.7499806723857,517.1956787109375,13070575
2019-12-17,518.8262343000547,520.792381675942,516.7161982097858,519.01806640625,11516163
2019-12-18,519.8811936361594,520.6964654065878,514.0306952316103,519.2578125,12906168
2019-12-19,515.2295060820326,519.0659133372392,511.8726497337268,518.1068115234375,12082790
2019-12-20,518.826284387531,527.0265955033149,517.1957991358736,523.765625,27691592
2019-12-23,524.6286962888076,526.4030112427683,515.6131157523678,519.1618041992188,11521942
2019-12-24,519.8331246188827,521.7033846532481,517.2435383050632,518.9699096679688,6715007
2019-12-26,518.9700527381731,520.2169321307726,515.6611977716333,516.7161865234375,7831074
2019-12-27,518.8741237167231,527.9855916932645,516.3324802866407,526.9306030273438,11247684
2019-12-30,527.1223201638213,529.6160199402099,520.4086076364273,521.7034301757812,13180302
2019-12-31,521.5596106557468,521.5596106557468,515.9968312460119,516.8600463867188,12491978
2020-01-01,517.8191068090974,520.3127481774169,513.7908673734861,514.7979125976562,7642793
2020-01-02,514.0786330653401,519.7373578523427,513.9347443606616,518.490478515625,10264223
2020-01-03,515.9968594955575,518.682333301873,514.3184310492429,516.8120727539062,9594690
2020-01-06,515.2775055848269,515.2775055848269,502.3775730764518,504.19989013671875,12534334
2020-01-07,509.57079408346834,513.6949202731082,500.31549648353354,501.5143737792969,16101835
2020-01-08,494.8965609919272,505.782343714452,493.9374591295397,504.43963623046875,16094310
2020-01-09,508.99531147554313,525.0123224411416,508.61164735918703,523.957275390625,18934019
2020-01-10,522.6145707058691,524.1491101012082,516.4762960466617,518.1547241210938,12335407
2020-01-13,517.3394717329767,523.7174628078271,515.9967059598918,516.5721435546875,7901800
2020-01-14,514.2704516400397,516.9079818709492,512.3043044484212,515.6131591796875,13939440
2020-01-15,513.2154563246484,514.9898301464231,508.9474992596243,513.6950073242188,12353176
2020-01-16,512.0645592586579,517.9150577922171,511.39317617965827,515.181640625,11249232
2020-01-17,512.6398805532615,515.996736646688,508.89936034787365,510.2900695800781,18312609
2020-01-20,511.20127098286866,521.7513910219147,509.2830673394057,512.9755859375,19159996
2020-01-21,511.15340234842745,518.1548349631404,508.5158719529649,509.3310852050781,13477994
2020-01-22,509.7626238943105,513.0715369237059,499.45227919654224,501.46636962890625,17527408
2020-01-23,500.0757122355206,508.56373992477535,495.9035841962313,506.1180419921875,17061293
2020-01-24,507.60469507687446,515.4213992007654,505.44671574022266,512.0165405273438,17851868
2020-01-27,516.476343125618,522.7105051132068,509.7626302159071,515.2774658203125,38149166
2020-01-28,516.0926992399667,518.4904539447406,503.000993675261,506.5976257324219,24009224
2020-01-29,509.8105847393553,512.9276658012558,503.8161980818544,505.0630187988281,16400827
2020-01-30,506.0701192460413,512.1124492491086,502.7132627400115,510.43402099609375,14319317
2020-01-31,508.3238938721008,510.96142351011645,501.0347444698807,504.1518249511719,16292578
2020-02-03,483.38729107252937,497.9177062733158,481.46908753652724,494.46490478515625,22531888
2020-02-04,498.73289954829613,512.7837633069091,495.5199321686988,509.0911865234375,17781475
2020-02-05,507.41279641447574,518.2986369856877,504.1998287947771,517.0517578125,18782476
2020-02-06,518.2506466470207,524.6286971855985,514.3183525882581,519.4495239257812,15296851
2020-02-07,518.8261511435047,519.5934209063695,513.2633721890722,514.5101928710938,8297149
2020-02-10,516.6202785767001,520.0730221129126,508.80357442305234,512.1124877929688,12536053
2020-02-11,515.7090240136486,522.5186230406517,515.5171919553685,517.6751708984375,11243552
2020-02-12,523.477738504971,528.1773606307698,520.5045464099893,526.8345947265625,14026335
2020-02-13,526.5468990304774,526.5468990304774,515.9967790134733,518.8740844726562,9227235
2020-02-14,519.1138209238763,526.21119727217,514.6060310020641,523.4777221679688,14458649
2020-02-17,520.7922898935649,523.0461557620628,515.7570053227707,519.4495239257812,7793293
2020-02-18,518.8741469090916,522.1351169041318,514.0786372334068,519.0659790039062,15918303
2020-02-19,521.2718560592015,524.1491616124262,518.3945505059768,522.5186767578125,8704234
2020-02-20,523.190131206617,526.8826504219221,519.6414421652555,524.6287841796875,13588526
2020-02-24,517.4354092851773,519.6892750481426,505.97413132909196,508.1800537109375,16940750
2020-02-25,510.6737295039668,516.7640020936667,503.816128696637,509.2350769042969,14942960
2020-02-26,505.30281311079057,507.70056786321703,500.84302439463784,502.28167724609375,15743918
2020-02-27,501.41842210646206,501.8979730186792,491.6835737118118,494.2731018066406,26315054
2020-02-28,481.08545919688856,486.1207435470694,472.069908309505,476.9133605957031,32737933
2020-03-02,487.46349124466315,499.26043171062923,478.0643052855571,485.40142822265625,28642076
2020-03-03,488.99809951164394,498.2534268023957,487.7033061193806,493.69769287109375,19661945
2020-03-04,496.3352556875946,496.3352556875946,476.72160923814283,487.5594787597656,21883404
2020-03-05,488.90216702630426,490.2449037596339,479.55092400814544,483.86688232421875,16671516
2020-03-06,465.1644046261222,476.48179492779605,457.7793085562303,466.4591979980469,31024353
2020-03-09,455.57340812578934,455.57340812578934,424.83420355898363,439.0289001464844,42027175
2020-03-11,431.5958062234364,452.4562701909025,431.2121713606861,446.6057434082031,31018779
2020-03-12,420.0866129961652,427.71148446038876,398.9863721607414,408.24169921875,50757033
2020-03-13,384.5998515748421,445.7425960583737,379.0370724119701,428.9103698730469,67104335
2020-03-16,406.85103768999426,406.85103768999426,381.19506186485506,386.4221496582031,34833637
2020-03-17,390.3544292826487,391.74513858861565,349.11305223313053,352.2301330566406,47232699
2020-03-18,354.0045128632669,360.1427590951497,328.300564692399,340.52911376953125,61202289
2020-03-19,322.3541061978204,354.48401503900334,309.78986733439064,324.7038879394531,57985870
2020-03-20,314.5854088728553,345.0848361960348,309.7898995912569,331.5615234375,88640642
2020-03-23,298.42452689942013,300.8702541140669,268.5485109141175,272.3849182128906,56867949
2020-03-24,283.2227538599873,292.5260531600772,257.32700489171816,284.3736877441406,67895418
2020-03-25,272.3848901294941,320.48383582487685,270.0830518414471,303.9393310546875,66544138
2020-03-26,308.8308173850303,349.49673282655687,301.397777525608,316.743408203125,76173940
2020-03-27,341.248400403881,344.8450320661035,312.66717916920527,325.95074462890625,72889985
2020-03-30,316.5995645759376,320.2441403360196,298.3766272365894,300.5825500488281,36559880
2020-03-31,311.42040535862265,321.15528399981986,303.0762069407577,310.5092468261719,46279768
2020-04-01,305.95351657350216,310.50925075445554,295.4993113595238,298.424560546875,33141186
2020-04-03,296.84202769375787,296.84202769375787,269.9871754306715,274.9265441894531,57326314
2020-04-07,295.6910918802516,316.11997907029706,284.7093931393589,312.76312255859375,57661076
2020-04-08,309.64600858234286,338.323145307297,302.21296995404646,305.905517578125,73931321
2020-04-09,318.80543783356364,330.8901265709161,309.4541951261247,328.6842041015625,52431174
2020-04-13,327.1016358584371,331.65736911144853,315.78424706400403,317.1269836425781,30994190
2020-04-15,328.68419334773586,337.5079122059221,311.708080049559,313.96197509765625,49132329
2020-04-16,311.9958055279713,333.5755961452616,306.2891673486331,328.0128173828125,56494027
2020-04-17,347.19485598189243,369.7337485663523,334.7744758073511,360.190673828125,69006835
2020-04-20,360.6222761603564,363.4036655215302,342.39934199267884,346.5234680175781,55810736
2020-04-21,327.0537301565625,332.0410714737743,314.5854061329985,318.2779541015625,50118175
2020-04-22,312.6672209701492,324.1764438279461,309.8378586431539,322.2102966308594,49115085
2020-04-23,326.3344092663452,340.28932968148405,324.1764300720784,338.5150146484375,45953398
2020-04-24,324.08052249163654,329.21172345251,317.9422762549368,321.1552734375,38513206
2020-04-27,325.4232274941538,338.4670177663973,324.1764068678324,333.6715087890625,38980019
2020-04-28,339.2822852606927,348.01011809938393,335.9254287280781,345.1328125,32933194
2020-04-29,338.56297626820736,361.1018712888954,337.268182828019,355.29931640625,39341745
2020-04-30,366.37694455739074,376.87912260785737,358.84798840303756,364.60260009765625,45734705
2020-05-04,344.3175928946807,344.3175928946807,322.2582485030994,324.2243957519531,38837299
2020-05-05,333.7674703561651,333.7674703561651,316.0720281079433,317.3188781738281,45069968
2020-05-06,317.9422454823659,331.41761401297316,311.9478592553228,327.4373474121094,49952812
2020-05-07,323.2172839781401,328.8759783481973,320.05225996744457,322.9775085449219,27656346
2020-05-08,329.9310322640464,338.08339788684987,320.05229504067063,323.8887023925781,42968091
2020-05-11,327.05373734292596,329.49943540119364,305.1862264365813,307.05645751953125,83665601
2020-05-12,305.28211871171976,311.1326460722389,295.4033809902859,308.06353759765625,69072308
2020-05-13,329.451512978615,334.1511065820583,318.70955965405784,324.2243957519531,72816461
2020-05-14,316.5036194649953,320.8195779122453,312.3315204454271,314.00994873046875,33999095
2020-05-15,315.8322464397063,317.03112382411064,305.76167641070936,309.502197265625,31828868
2020-05-18,306.91255757956446,307.39210845078253,281.25658596939775,286.2918701171875,74034133
2020-05-19,294.49221765575476,298.76023268765056,284.9491716051003,288.0182800292969,61827491
2020-05-20,286.7714536381916,295.64314576579454,285.3328008607425,293.14947509765625,42238419
2020-05-21,293.4851915053257,300.0070729421012,289.6487837732299,291.95062255859375,43075357
2020-05-22,288.6896824053703,295.1156770769981,273.8715458033539,279.1466064453125,80358245
2020-05-26,283.9420629233818,285.7164070244206,278.1395090121209,280.7290954589844,46681705
2020-05-27,283.99003587568507,308.78282212830555,282.7911586803888,305.8096008300781,80541990
2020-05-28,309.0705478439707,316.2638111762586,307.6318951775131,313.482421875,66136408
2020-05-29,309.69398154449425,320.62773678177984,306.9125920330875,318.3738708496094,60487477
2020-06-01,325.13556020648144,333.76747773408715,322.450086461236,325.3753356933594,44024770
2020-06-02,323.21736635923975,335.6856920644923,318.9014074612677,334.151123046875,47558213
2020-06-03,343.26256898301466,357.7450137305581,339.3302452838255,342.2555236816406,69689299
2020-06-04,342.3993725758002,348.15398387959516,331.3697009101932,333.62359619140625,57061575
2020-06-05,335.68564161667973,345.2766599485849,332.8083361171082,342.5911865234375,37251097
2020-06-08,351.55877644745726,358.46432157419815,338.70681732718526,345.0848388671875,46827341
2020-06-09,345.32462413882456,354.24428928659967,331.1299278601376,334.2949523925781,47621969
2020-06-10,334.2949728968292,342.2555366418939,331.1778915599622,338.56298828125,36292403
2020-06-11,338.03543936078034,339.7138675020564,326.19052633845376,327.2934875488281,36999490
2020-06-12,310.94082704310796,331.9930947886784,310.8449110055828,330.12286376953125,47509067
2020-06-15,327.24559012925147,328.2526354476733,312.1876781248142,317.55865478515625,43500660
2020-06-16,328.2525672761521,333.6714861997915,312.71510753367437,328.9239501953125,57511237
2020-06-17,324.75187736360397,336.6447339040419,322.3541228486179,327.9648742675781,37107002
2020-06-18,326.09465859153056,340.1934687737164,323.4091848756229,337.6038818359375,39285919
2020-06-19,336.6447424116672,350.5037755663153,334.91837082503446,348.9212341308594,51367236
2020-06-22,351.9904194479552,359.9030106208316,350.21607496741643,352.5179138183594,40133602
2020-06-23,353.9086015760749,362.82823755028664,349.30492415766895,360.76617431640625,32493320
2020-06-24,364.45868383763315,364.45868383763315,330.890120852588,333.86334228515625,57955780
2020-06-25,331.75331964920355,341.05661917826757,324.6559719074825,336.6447448730469,69902888
2020-06-26,341.05661051419185,343.8379999176524,331.9451432918273,334.82244873046875,34596104
2020-06-29,331.129934345848,331.4656258681587,324.6559964549444,329.06787109375,27384244
2020-06-30,332.8083701955331,339.95369129224457,332.13698713576633,337.0763854980469,47526095
2020-07-01,339.7618244826346,350.79149556675685,337.2202104780125,349.1610107421875,36922617
2020-07-02,351.0312354156299,355.730828068668,346.5714181966188,348.01007080078125,50964311
2020-07-03,349.73652564413544,352.13428055636655,345.0848752605133,346.2358093261719,28779044
2020-07-06,352.80563674124096,352.80563674124096,345.756231982843,347.051025390625,33334074
2020-07-07,348.15398948874105,362.5405179800114,347.2908036331583,360.6702575683594,46030825
2020-07-08,362.4445699000885,363.49958775008986,352.5178602646298,353.8606262207031,46315597
2020-07-09,358.176621445115,360.6223196177141,350.3599174314442,355.2033996582031,35144463
2020-07-10,349.97626753617647,353.14132127814463,344.3175723404632,345.61236572265625,27864858
2020-07-13,349.20893454106243,351.99032361491754,338.083348976181,339.13836669921875,32379935
2020-07-14,337.12430078048345,338.0354592471359,326.67009645370155,331.4176330566406,34031256
2020-07-15,335.20609823836435,342.20753007032073,329.6912625734986,331.65740966796875,30442553
2020-07-16,333.719527803386,334.34293820315565,327.05375769104523,330.5544738769531,35535437
2020-07-17,331.8492776614943,341.4402972470866,331.3217832920743,339.33026123046875,27511781
2020-07-20,343.3584821716813,351.3669889365623,340.7209519315357,348.15399169921875,36312529
2020-07-21,355.8267272603351,364.3627264539281,354.9155689463586,363.3077087402344,45559912
2020-07-22,371.07651211532243,373.57018286122906,359.95092443552346,365.51373291015625,45500191
2020-07-23,366.9043731722076,379.46861230783577,363.3557141581283,376.2076721191406,37838027
2020-07-24,372.4192513829998,372.802915553753,356.9297617465089,366.1850891113281,52980980
2020-07-27,369.2542444545687,370.0215142937,342.0157553928526,343.8380432128906,73275058
2020-07-28,346.33168473755825,347.914196940043,329.1637674343824,337.69976806640625,125939354
2020-07-29,338.754780352284,343.02276596293785,333.95927116988736,336.69268798828125,50194622
2020-07-30,338.9466179085719,340.0975519381333,326.4782927560194,330.84222412109375,40820253
2020-07-31,332.2808538750555,338.5629594026439,328.0607822402995,332.61651611328125,37345191
2020-08-03,332.61650020015975,335.06222740822056,326.57417042864904,329.2117004394531,32119883
2020-08-04,332.80833752406625,338.7547806227723,330.122864087566,336.6447448730469,30811518
2020-08-05,338.946620099564,345.27669876413347,336.40500580977726,337.79571533203125,37057881
2020-08-06,338.99453113355287,348.87326762235955,334.34288171136217,344.0777587890625,48021824
2020-08-07,344.74919976716603,344.94100259110735,338.706840058388,343.310546875,28510964
2020-08-10,344.79713700533694,350.0242541280866,342.73507375057545,348.6814880371094,22856010
2020-08-11,354.8676637043529,358.99178970988817,349.1609963234838,352.3260498046875,45446107
2020-08-12,350.7915091880078,353.6688147999395,348.87330544672,351.8465270996094,25706005
2020-08-13,353.86062104197754,357.12156131015075,351.27103447255126,352.9974060058594,26257336
2020-08-14,356.5940690303773,356.5940690303773,339.71389927491333,346.6194152832031,28893259
2020-08-17,351.0312850068889,351.36697651584336,339.85775405660115,345.468505859375,24232497
2020-08-18,347.0989426088485,354.8676732003712,346.81122377079623,354.4360656738281,26517363
2020-08-19,358.70413459584034,360.47847908343016,355.25136167097054,359.1357421875,35790233
2020-08-20,351.99039038600444,354.53200451718715,347.7703479627903,352.709716796875,68444775
2020-08-21,354.8676808276509,357.74498634787506,352.0383186916443,355.97064208984375,34109928
2020-08-24,359.5193427771774,365.6096455217279,358.560240904633,364.7944030761719,32907235
2020-08-25,366.8564631979815,373.85789510155524,365.80144529306136,370.54901123046875,53072303
2020-08-26,372.3233083805734,375.63219183260316,368.4869014081593,373.42626953125,37163882
2020-08-27,374.0017803461126,381.1950442640186,371.74788513127555,376.1597595214844,36910405
2020-08-28,377.790204312922,395.05403722229664,376.83110248462344,392.94403076171875,83472297
2020-08-31,397.8833899338486,404.74096199045755,371.65194969502915,378.4615783691406,72744175
2020-09-01,378.5575083687674,383.3050449202675,369.5419276473598,374.96087646484375,34872793
2020-09-02,371.4121937947124,377.88613132373575,365.5137232332731,376.3515625,31295799
2020-09-03,376.35157992796894,376.4954393591603,365.4657675026582,367.09625244140625,26135555
2020-09-04,359.66319626649306,364.4107621649971,353.28517477326045,357.3133850097656,33118984
2020-09-07,358.79998403227114,361.43751394403415,353.9085590692907,358.12860107421875,22323904
2020-09-08,357.16951065248537,365.7055109664409,354.0524297484958,360.3345642089844,32052920
2020-09-09,355.6349653878416,357.16953424969876,347.09896450993585,352.56585693359375,25285238
2020-09-10,356.4981949364068,359.6632195607543,350.50380794372757,355.5390930175781,24852274
2020-09-11,357.744983585579,358.3683939229209,350.16808496138606,355.34722900390625,22678353
2020-09-14,358.22453414335394,358.5602256383451,344.65324907856296,348.8253479003906,27140598
2020-09-15,349.16107453486575,357.0257227134403,348.8254122474208,356.3543395996094,24967618
2020-09-16,356.16246086551104,361.29366137219006,350.07215855457287,359.3754577636719,22068622
2020-09-17,354.867671149856,356.54609932421346,352.37400057977493,353.9085693359375,24084936
2020-09-18,354.8676732003712,359.3274908069694,349.6405565765258,354.4360656738281,78166508
2020-09-21,351.65468184869815,352.37400822474325,334.2469894022993,336.3570251464844,28932482
2020-09-22,339.5220657851874,341.5841289749047,335.2061073218164,339.90570068359375,28593292
2020-09-23,342.01572523824035,342.49527616278374,328.4444399275555,337.4599914550781,22740143
2020-09-24,330.8421812493349,332.7603848703904,320.10022926363825,321.9704895019531,25840472
2020-09-25,325.18345543664685,336.1651828170583,322.8336735749252,334.3908386230469,23231600
2020-09-28,337.1243197858826,349.0651502172378,334.8224810665581,348.15399169921875,18495592
2020-09-29,348.87332119126,348.87332119126,339.7618530089453,342.44732666015625,17080848
2020-09-30,342.3514298998591,342.87892422934834,335.06224971269853,340.24139404296875,19565058
2020-10-01,343.598255832023,356.018637150486,343.598255832023,354.1004333496094,23237122
2020-10-05,355.5870166274584,367.0003229728012,355.5870166274584,357.8409118652344,26530105
2020-10-06,361.6773231230817,366.1850843764779,359.7591193719855,365.0341796875,18093629
2020-10-07,363.78730822833177,368.6307899758197,358.79999633135566,367.00030517578125,21845743
2020-10-08,369.2542531659526,373.7620440682336,367.0003577148121,371.6520080566406,21085500
2020-10-09,374.721088393785,386.9975798382409,371.07648395878465,385.0793762207031,41641237
2020-10-12,386.9496172904515,393.231722118957,384.3120874469707,387.5250549316406,25742564
2020-10-13,384.5998006826696,384.5998006826696,377.4065375776321,380.0440673828125,19922778
2020-10-14,378.2217978959464,392.5124087567147,373.09059744987667,390.16259765625,23368177
2020-10-15,390.2585012293075,393.1358065162321,373.2344449483372,375.0087890625,34234586
2020-10-16,377.88614871020667,384.88758087446166,374.52929205922766,379.9002685546875,25339096
2020-10-19,385.606881635731,401.623894012182,384.74369583682176,400.0413818359375,41072871
2020-10-20,396.5886283158515,399.8495688616532,394.19087361019336,397.6436462402344,26158669
2020-10-21,398.9863778182291,410.97515119017106,393.51948545283705,403.1105041503906,43124966
2020-10-22,399.37000959410653,402.4870906464744,390.97786829926986,396.0131530761719,33088074
2020-10-23,399.94546535663955,403.30232178049624,394.9101807208545,399.89752197265625,22151463
2020-10-26,400.9525141018068,402.00753198390356,385.0314469099417,387.90875244140625,21712057
2020-10-27,389.7310651767286,395.5336199975577,377.1668243600465,393.183837890625,33571163
2020-10-28,393.13586206050724,393.13586206050724,378.65341754960616,379.852294921875,28145103
2020-10-29,376.2076769681873,386.42210517346905,373.71400646135055,383.5447998046875,32615425
2020-10-30,383.06527693468274,386.2303306335739,372.17946497250125,376.54339599609375,27225165
2020-11-02,399.94543717443713,405.5082157199174,390.35441949639306,400.3770446777344,72698777
2020-11-03,407.61828165513697,428.6226060794733,406.8510118915723,425.6973571777344,61813071
2020-11-04,419.4152515505842,423.9230422140408,407.9060286850446,419.17547607421875,43426662
2020-11-05,426.80029317753616,427.99917040556295,417.7847422766675,420.5661315917969,30129938
2020-11-06,421.86097458715886,426.70442745161944,418.3602585224973,424.6903076171875,27831424
2020-11-09,431.59582328007696,445.59871584483466,430.63672145056563,443.77642822265625,40995422
2020-11-10,465.93169355466455,467.13057093543455,453.6552008833667,464.06146240234375,57535138
2020-11-11,464.9246293263553,470.48740843877073,452.7919965810151,466.6510009765625,45609279
2020-11-12,461.90345056944835,463.7736815899854,452.07265673985023,457.203857421875,31071572
2020-11-13,453.36745909568145,467.17851996991544,448.4280611210911,465.69189453125,34815091
2020-11-14,469.8160872608035,469.8160872608035,464.82874550643885,466.9867248535156,3636073
2020-11-17,470.4394646122514,472.83721927388365,458.59455072989476,466.50714111328125,36127378
2020-11-18,468.0417006321521,478.5918209332866,466.3632724024261,477.2970275878906,29156543
2020-11-19,469.9599405393277,473.1729378234391,456.3406815750948,459.1700439453125,31896908
2020-11-20,459.88934696324685,463.67781105999023,448.95559149204934,460.56072998046875,30089190
2020-11-23,462.0952755960666,463.58190107663614,447.4210284915889,449.0994567871094,29513544
2020-11-24,454.6142776058035,460.36888871473775,451.9288041294205,458.64251708984375,23135994
2020-11-25,465.164403360381,469.9119692880311,451.832893324152,453.3674621582031,34168305
2020-11-26,455.6692811817819,457.6834008605298,446.74961668145994,455.861083984375,28707911
2020-11-27,456.9161242348653,459.9372892663197,452.0246988523141,453.9908752441406,48390771
2020-12-01,460.08114060903887,468.52122465762403,454.9019675247858,465.2602844238281,20120049
2020-12-02,466.45917089627955,467.08258121855107,452.88788614597837,460.80047607421875,21244707
2020-12-03,462.38299444974933,465.1643838809175,459.26591352683596,462.1432189941406,22701738
2020-12-04,463.9176230648857,483.38738086412553,463.246239994787,481.5171203613281,39547014
2020-12-07,484.3464608039996,494.5129175557969,483.5312183329113,489.5735778808594,37778332
2020-12-08,490.58061304796956,491.06016398936544,484.7300857090467,487.6073913574219,19339943
2020-12-09,489.14191371884164,493.9374226768695,485.3534499342141,490.58056640625,21272782
2020-12-10,487.3196360334683,493.3619950045769,478.35202824653265,486.2166748046875,20419020
2020-12-11,488.4226060294136,495.75975843099445,485.4014411243618,494.3690490722656,25335765
2020-12-14,496.9106498261289,506.21394956797144,496.9106498261289,504.2957458496094,26369591
2020-12-15,502.5693691282158,502.80914459058613,492.1151355532968,496.8627014160156,26969145
2020-12-16,498.7809109801044,500.3634524659301,490.19696688798797,491.49176025390625,24263586
2020-12-17,492.9783154786964,495.3760699314138,488.278722605263,489.5255432128906,23883288
2020-12-18,492.97831767926914,497.0545002670841,488.3266681663405,495.99951171875,21735833
2020-12-21,493.553803248039,493.6497485592464,468.2335487796395,474.27587890625,29157759
2020-12-22,476.96131762160223,481.2772757595114,469.09670035420186,479.838623046875,32328041
2020-12-23,478.5918485465216,484.826010902338,476.24203718154234,483.00372314453125,19205951
2020-12-24,486.0248719307564,494.8486208299843,484.442359701402,492.5467529296875,17576807
2020-12-28,494.8006158708686,499.88384343428555,492.59463501637674,498.82879638671875,14470472
2020-12-29,501.1786180892832,509.091207689945,496.6708280635452,507.1730041503906,19092649
2020-12-30,509.9065102694939,511.20127432171614,503.09685216736636,507.1250915527344,21365141
2020-12-31,508.41985369506335,516.4763324355349,504.96711054282105,513.1674194335938,27817770
2021-01-01,513.6469973988901,515.0377068252925,504.5834729732283,505.9262390136719,13592625
2021-01-04,510.52993602261097,513.11952289266,502.8571207270198,509.9544982910156,16549750
2021-01-05,505.1110096868941,517.8670525075586,501.6102645398296,515.2774658203125,23311516
2021-01-06,516.7160717050868,528.0814041126355,513.9346531935635,524.3409423828125,28178838
2021-01-07,529.5680303497315,531.726009188094,517.6751457805202,518.9699096679688,21138034
2021-01-08,524.6287305847001,524.7246173575334,514.4142721038121,519.8811645507812,21937965
2021-01-11,522.8543369829777,523.6695500464178,513.1194309062886,522.4227294921875,19394393
2021-01-12,518.8740561826386,528.1294116539622,515.1335358740694,525.5877685546875,16388310
2021-01-13,528.9446641454157,538.056131614829,525.8275831690374,533.7401733398438,21920297
2021-01-14,531.3903468663191,535.610418251796,528.0814339094029,530.6710205078125,13330898
2021-01-15,527.5059483986532,528.4650501230145,519.3535837415832,520.792236328125,15708956
2021-01-18,522.2309359448572,525.9714564222927,507.26897111297274,511.34515380859375,21580313
2021-01-19,516.9558760898676,525.3480169354823,512.0644802697094,524.1011962890625,20575358
2021-01-20,524.101186440693,531.9178309295118,523.6695789261003,528.465087890625,16097138
2021-01-21,532.3015035055736,538.0561143542824,527.2182756303331,530.0955810546875,18189277
2021-01-22,530.4792212920739,530.8628854559439,508.8994292003689,511.96856689453125,24515997
2021-01-25,514.6060251292951,520.1208601154347,509.4748542534132,516.044677734375,23415249
2021-01-27,515.8049199354072,517.1476858282936,497.86970513776004,500.9867858886719,28049286
2021-01-28,493.5538344800233,508.1801390523277,491.06019285376243,506.6455993652344,29836591
2021-01-29,511.5369137595902,522.6625295921092,507.79645192038333,515.0376586914062,33172808
2021-02-01,529.4242464033179,584.5246620166673,528.4651445076596,579.105712890625,69354326
2021-02-02,587.9294318485382,598.479552159034,574.21428715268,592.1015014648438,42362384
2021-02-03,597.9040763619406,601.8363702660362,588.8884961646952,596.89697265625,27155908
2021-02-04,593.4921707697523,605.8166637871558,584.0929850174863,602.6036376953125,29982222
2021-02-05,602.6037278196378,609.317441295194,586.0112762235503,589.032470703125,32015570
2021-02-08,596.8970362185685,608.0226532359691,596.8970362185685,603.8505249023438,18230551
2021-02-09,605.5290006646668,616.8943940447033,602.8914702675485,607.4472045898438,27155615
2021-02-10,607.4470788991019,612.0987575785106,600.7813684695071,606.2962036132812,23967387
2021-02-11,601.1170236930406,607.6868472855236,598.5753806320192,604.8575439453125,16072702
2021-02-12,604.1382039985855,623.3202386257649,603.658653132906,621.1142578125,19049709
2021-02-15,628.2117858753268,649.1201969646111,625.3344799858214,646.3867797851562,27155194
2021-02-16,645.8592123613623,651.6138234894805,622.9845980037339,631.4246826171875,24966739
2021-02-17,628.01981736963,637.754723596953,622.7927010978988,630.4655151367188,21684753
2021-02-18,623.4162056878533,625.7180735551965,611.5233192714663,618.2850341796875,27845347
2021-02-19,609.5092552791426,609.5092552791426,593.6840739855063,598.5275268554688,24055811
2021-02-22,596.5613755384175,603.5628076271427,582.4625660486134,584.9082641601562,27092321
2021-02-23,589.6078862018652,597.5684201719565,584.140993727343,591.094482421875,23534585
2021-02-24,589.9435392649928,618.6207087123476,589.9435392649928,614.8801879882812,17762047
2021-02-25,616.4147883093957,621.8816807183324,600.6854941045485,602.3159790039062,38571809
2021-02-26,589.8476694219534,589.8476694219534,566.7333370113986,573.3031616210938,57349273
2021-03-01,582.7023346970133,586.826461067641,575.652959304134,583.4696044921875,21527318
2021-03-02,585.0521263228783,591.2862883246794,574.5020060121378,585.5316772460938,24051433
2021-03-03,592.7249178907655,607.8307713807001,588.7446219683223,606.2482299804688,21036174
2021-03-04,593.4442840465557,605.0973952215884,590.6149218128098,595.3624877929688,25057198
2021-03-05,588.1212288776671,589.5598815615465,576.8997262356227,584.5245971679688,26645968
2021-03-08,586.5866847221433,590.8067563977,576.5641169358287,583.181884765625,19632433
2021-03-09,589.703811923069,602.6516882783942,587.2581136526285,599.5346069335938,23056249
2021-03-10,603.0352933902318,604.7137216422126,596.3695237674361,600.0140991210938,15838994
2021-03-12,605.6249141869787,611.9070200043144,583.4696248910477,587.7855834960938,21757862
2021-03-15,586.874472491116,587.7855724594814,566.4455553130019,578.8179931640625,24347946
2021-03-16,582.0308907852822,582.1747794676077,569.3707941420046,570.6176147460938,17925629
2021-03-17,573.1112606003312,578.9618166191433,562.9927484643368,565.3905029296875,20214082
2021-03-18,570.4258595556312,576.8039106568629,551.9631478339903,554.9363403320312,22776537
2021-03-19,551.6753171332495,564.8150223117032,546.6879765168898,562.6570434570312,29162618
2021-03-22,562.8488774567164,562.8488774567164,546.208484360174,549.9969482421875,21755401
2021-03-23,552.4426755629775,565.1507753046606,550.8121906807863,562.4173583984375,29486417
2021-03-24,556.2791183404461,556.8066126931541,541.8925894178483,544.2903442382812,24434219
2021-03-25,544.8657693339983,555.3200035240314,534.3156483689476,548.1746826171875,27170186
2021-03-26,560.5950344462785,560.5950344462785,550.8121838140233,554.8883666992188,20724410
2021-03-30,558.1972189351494,568.8432249528785,558.1972189351494,567.2607421875,28011943
2021-03-31,562.0337338523157,565.534479330281,555.3200203080047,558.293212890625,20119972
2021-04-01,563.5203266245278,571.7206364089392,556.4709508625982,570.0902099609375,15631940
2021-04-05,567.7882009026258,567.7882009026258,540.4538027172798,547.8868408203125,23260127
2021-04-06,551.195883503118,554.8404590805619,541.3171454640947,542.7557983398438,23284697
2021-04-07,543.3791418524974,556.2790734532954,536.5215987427681,554.0252075195312,23984399
2021-04-08,558.1973030441482,561.8898219253443,549.8531048475571,553.1140747070312,19262565
2021-04-09,550.4764960656139,555.3199485028008,541.8925231504014,543.04345703125,23239564
2021-04-12,528.8487859448932,529.37628025704,509.42697339280977,516.5242919921875,26601702
2021-04-13,518.8741710007871,540.7416844294465,515.852976349255,537.6725463867188,25445897
2021-04-15,542.803722617619,553.1620112505448,531.486332101294,551.6754150390625,37614884
2021-04-16,551.0998497126947,554.1210436823097,541.0292811992126,543.7627563476562,24045008
2021-04-19,527.5059361391804,539.3028753668722,512.5439730024381,536.857177734375,28526176
2021-04-20,542.0844438450094,549.2297652120723,529.9997239287784,536.23388671875,24425842
2021-04-22,529.4241988582675,556.8544871951352,524.5328030452572,555.5117797851562,34942633
2021-04-23,546.5921933317907,556.7586500023934,543.8587178079017,546.64013671875,33749097
2021-04-26,577.3792818316784,580.7361381213975,563.9518566728023,566.925048828125,62584522
2021-04-27,568.9871470919232,577.3313445219167,566.9250547909786,574.26220703125,24239685
2021-04-28,573.5429218567261,597.3286366741015,573.5429218567261,595.9379272460938,33292864
2021-04-29,597.0888631632214,602.7475876658382,584.0930444083912,596.0338745117188,34537860
2021-04-30,585.1480283788301,591.1424150756256,573.6388059209825,575.940673828125,23653258
2021-05-03,568.3158155136781,574.3581457373658,563.4723626573465,572.3440551757812,18010557
2021-05-04,572.2481440269456,583.133926643283,564.9109914356804,567.356689453125,15115127
2021-05-05,570.953282008722,580.064748983872,560.7868264835993,578.1465454101562,17253943
2021-05-06,578.1466318253314,585.8673906557684,574.7418316808582,583.3258056640625,16949763
2021-05-07,586.9703747745741,589.6558484415726,579.0098405499609,582.270751953125,10941083
2021-05-10,586.0111495530027,591.7657598595789,586.0111495530027,588.1691284179688,12060808
2021-05-11,581.5994094710338,587.8335717555993,578.5782151021709,584.9082641601562,13818480
2021-05-12,578.530202964616,581.8391157994505,568.9391852050531,570.42578125,14785569
2021-05-14,567.788232425722,577.3313064859325,566.9250174405859,572.8714599609375,12675754
2021-05-17,578.5782461729214,598.9591624284947,576.6120989007593,598.095947265625,20453101
2021-05-18,602.3160030571557,609.5092674248765,600.3977992257635,607.3033447265625,19242627
2021-05-19,601.4527221222361,608.070548032164,597.856090331825,599.8702392578125,13911576
2021-05-20,602.3638158143162,607.0154942200235,591.4300914698696,593.30029296875,13900762
2021-05-21,596.8490623334765,617.6136405505807,596.8490623334765,616.1749877929688,23975898
2021-05-24,616.9423391471125,626.7251909004509,611.9070538295496,620.8746337890625,20323003
2021-05-25,623.512086380134,625.334403302262,616.2229357694837,623.7039184570312,14884778
2021-05-26,622.7927705634143,629.7942609859152,616.9902160071322,625.81396484375,14487031
2021-05-27,624.4712281415361,629.6504018541588,621.5939224209535,625.57421875,23349546
2021-05-28,631.1369548633991,633.0072151614349,613.1058519574958,616.7504272460938,14191446
2021-05-31,617.421898829267,637.802815878,617.421898829267,635.6448364257812,21786138
2021-06-01,637.3711183054573,637.7068390739963,621.8336567350354,623.5120849609375,14123196
2021-06-02,621.9775068472156,622.7927199479441,614.8801302309209,621.8336181640625,16025108
2021-06-03,626.7251436244474,626.9169757108145,618.3809454484152,623.656005859375,11805702
2021-06-04,626.2934706439138,628.1157874656463,613.2497096785397,616.4147338867188,15111572
2021-06-07,618.8125138393555,623.4161909261006,617.9013553909851,621.6898193359375,7556341
2021-06-08,621.4980223431988,621.4980223431988,611.3315657636521,616.1270751953125,11912935
2021-06-09,618.0452478485959,619.1961232230994,603.0832240518123,610.0846557617188,15823094
2021-06-10,609.4612963300348,616.1270660488759,605.1932812914291,614.2088623046875,10712418
2021-06-11,617.6616451801863,618.1891395358292,605.6728710113161,609.7011108398438,9015059
2021-06-14,609.7010783118758,610.0846839414522,597.8561349416061,609.173583984375,10170497
2021-06-15,610.3244133239423,619.7716012749639,609.9887511060434,618.9083862304688,11039987
2021-06-16,618.5248173349036,622.6489436544905,611.5233268758913,613.9210815429688,8601339
2021-06-17,607.1593935783793,611.4753517551233,601.0691204556568,607.1114501953125,9720060
2021-06-18,606.7277749794288,610.5641821776268,595.314498688147,604.6177978515625,13820690
2021-06-21,597.3765052334861,607.2072982312429,591.0464570602568,605.4329833984375,13407446
2021-06-22,609.0297349631564,617.7575392454788,603.802617656079,605.0494384765625,15270093
2021-06-23,607.8307380935283,609.029615288979,597.9520017107992,599.15087890625,10950633
2021-06-24,601.3568737831835,610.2765094855781,598.9111757172107,608.1185302734375,12815724
2021-06-25,610.0847149928243,623.4162552514686,610.0847149928243,622.4571533203125,14785922
2021-06-28,624.3753014567064,626.2935051478177,619.7236809213341,623.7039184570312,12093491
2021-06-29,619.8675248251076,622.2173361066301,610.4203948523949,613.9210815429688,12225470
2021-06-30,612.1947310458244,614.5924857957602,604.0423648960426,605.097412109375,14276494
2021-07-01,608.0226896288788,611.3316030463085,604.2821686284908,605.0494384765625,10517081
2021-07-02,606.392126831865,615.1199299946561,606.392126831865,614.06494140625,10999396
2021-07-05,616.4627298322067,621.9775656105579,614.9761336345248,621.3541259765625,7358568
2021-07-06,618.8125224602701,628.2117088389289,618.8125224602701,623.7039184570312,9209891
2021-07-07,624.2794321230314,627.9719509159753,619.483922761321,627.2526245117188,7741559
2021-07-08,623.8957128961129,627.2525691530482,612.002827313114,615.6474609375,10782941
2021-07-09,613.3456677942073,614.9282093518616,607.8787752319606,612.4345092773438,7069698
2021-07-12,619.5798656234888,623.6560489499592,616.1271219860539,619.8196411132812,6992783
2021-07-13,628.3556348405984,639.0975293174877,626.2935423346427,637.7548217773438,19825411
2021-07-14,634.9254552486929,640.6800666255692,631.2808797511246,637.1793212890625,11648541
2021-07-15,637.8986024361379,642.2145606624689,634.0621951238438,640.1525268554688,8244429
2021-07-16,640.1525850195336,640.4403038863118,630.8013413461656,633.2949829101562,9212875
2021-07-19,619.2441568289842,630.0340530589863,619.1482115169129,629.074951171875,9121737
2021-07-20,622.1213980044466,624.6150392368847,612.9619291008098,615.6474609375,13169127
2021-07-22,625.8140114272848,633.2949947986282,621.7857715999655,629.1229248046875,13123569
2021-07-23,629.1228383277181,650.1271326547408,624.135497252719,648.9762573242188,19298083
2021-07-26,652.1892857349003,659.6223253884965,636.4599913104262,649.0722045898438,31054759
2021-07-27,652.3331168577857,657.5601748700745,645.7632343624089,649.7435302734375,12598869
2021-07-28,650.1751112975547,658.9029139621231,642.6461273028706,657.0326538085938,18367497
2021-07-29,666.122783203125,666.122783203125,657.0808042502404,661.313232421875,11043138
2021-07-30,660.8322576837224,661.4575227508178,652.1750665350274,656.503662109375,14536250
2021-08-02,657.9945831444882,661.8422234917526,651.886477577339,655.445556640625,9348206
2021-08-03,656.984624693034,665.5456484110892,650.8765187967865,664.102783203125,10162609
2021-08-04,667.565669350625,690.0743911961503,666.7961529435853,687.4291381835938,28730606
2021-08-05,688.2467643200187,689.2086745426882,672.4233294150374,675.69384765625,17774554
2021-08-06,678.1946985751973,679.1085249046,669.2008626997581,671.0765991210938,14701949
2021-08-09,670.8361886890324,679.3971541372249,667.9023156469517,676.0785522460938,8602980
2021-08-10,677.2809465228639,681.3209810941171,670.7399689224412,674.202880859375,10843554
2021-08-11,679.3490838742131,680.214826544879,663.7180430063108,667.1328125,9748084
2021-08-12,667.0846493726611,676.1747114919038,666.89225561203,674.6356201171875,8840339
2021-08-13,680.1185213478998,682.8600003465434,674.2989770116207,677.9542236328125,12787590
2021-08-16,675.6457529169871,680.4553039522438,672.0385896405447,675.88623046875,7920846
2021-08-17,673.144696378542,676.1266530039627,665.1608540517307,674.4913940429688,8669653
2021-08-18,674.1546003657625,674.1546003657625,657.5616528571506,662.0826416015625,11069373
2021-08-20,657.8022597032034,658.3313572757779,649.6260230912382,654.7722778320312,13121808
2021-08-23,663.669893230874,663.669893230874,648.1831052081379,656.696044921875,10917371
2021-08-24,657.2251894664985,670.6919331950473,654.4837686916098,667.9985961914062,9821388
2021-08-25,673.2890515483309,673.7700066449852,660.9766128160503,664.72802734375,9535359
2021-08-26,665.6898463424588,674.8279919270307,663.7179424583805,672.1827392578125,10756731
2021-08-27,669.5855624498789,673.7699063943833,662.8041083381383,673.0965576171875,9135827
2021-08-30,677.6656622286431,687.7657182306314,674.2028093692373,686.4671630859375,10797869
2021-08-31,686.803864385746,692.4791578977184,682.3309585915356,691.6614990234375,19760246
2021-09-01,699.8857870082829,706.8115516854041,689.8819568838502,692.4791259765625,13729351
2021-09-02,694.7876348319437,700.3186177584294,690.1704782179872,697.5291137695312,8627956
2021-09-03,697.1443581116297,703.9258127023493,693.633362696337,696.7114868164062,8993813
2021-09-06,697.7696980304584,700.270641121757,692.5753593511882,693.6815795898438,5329995
2021-09-07,693.4409628670031,694.9319116687623,684.5432951054667,689.5933227539062,6242711
2021-09-08,689.2085631658193,695.2205010859677,687.7656980649837,693.4890747070312,7118011
2021-09-09,693.344834746782,696.3267914825784,690.266710478682,692.8157958984375,6243422
2021-09-13,690.555379711491,690.555379711491,678.3391080110895,680.455322265625,6967906
2021-09-14,686.0824241400186,686.8038567626685,679.5895305361698,680.5033569335938,5241865
2021-09-15,680.1665938172648,688.727617010042,679.3970774956327,687.1404418945312,5936741
2021-09-16,692.5752731243462,701.6172515631584,685.6975924140474,699.5010375976562,13557169
2021-09-17,704.983958665419,706.4268238622698,686.8038337009652,692.7196044921875,17075003
2021-09-20,682.9561767578125,692.9600653662858,679.589491379429,682.9561767578125,7943459
2021-09-21,684.0624276357428,687.2848031587205,667.9504326001814,684.7357177734375,10009615
2021-09-22,687.7657244392116,687.7657244392116,675.5013706117991,676.5594482421875,9740470
2021-09-23,683.918114315017,692.5753056354603,680.2147837342951,689.6895751953125,10412491
2021-09-24,695.0761990784354,697.0000192349883,689.2566548469291,695.4129028320312,11780868
2021-09-27,696.9038912420403,703.8777397051249,694.7876772077269,702.1943969726562,7712240
2021-09-28,706.1382542598163,707.3887844879531,679.6857237626651,689.8339233398438,13491800
2021-09-29,680.407150366184,684.8319724725902,674.5876054505937,682.4752807617188,11453404
2021-09-30,682.5714381705277,686.7076989002342,672.1828200001511,674.1547241210938,18487517
2021-10-01,666.6037196580726,668.3832299132855,661.6980014823853,665.9784545898438,10935810
2021-10-04,670.4995003689473,676.5595229519627,667.6137697379552,673.529541015625,8976533
2021-10-05,666.6037382305285,672.3751991675894,665.4975180667906,670.5475463867188,7497208
2021-10-06,670.0666609162153,678.1467305516056,662.1309013033774,663.2371215820312,13200810
2021-10-07,670.9803418654793,678.0984997008346,667.0365341550146,675.4532470703125,10041549
2021-10-08,679.1085478197504,682.9561883173127,671.7018281198759,676.6076049804688,9383924
2021-10-11,675.2608602235001,691.9981187046251,673.6256013840266,686.1304321289062,9337637
2021-10-12,679.5895701285011,685.8419865557273,677.5695821515336,681.6095581054688,7376091
2021-10-13,686.6595565549661,688.6315193866254,680.984321735318,682.9081420898438,6357766
2021-10-14,683.1966729545271,702.0020043398955,682.0423690511852,699.5972290039062,8950350
2021-10-18,710.8516367156774,720.374571165287,704.1663490938071,717.0559692382812,15345601
2021-10-19,726.2421460465233,726.2421460465233,710.6111064792967,718.979736328125,11349799
2021-10-20,718.3064775704693,728.5989289643677,713.6412363526085,717.4407348632812,12762996
2021-10-21,720.3745607964493,730.9074303505043,709.3125936725454,726.72314453125,12166996
2021-10-22,729.6087795934703,736.6787950414567,724.654919306561,730.3782958984375,13248928
2021-10-25,769.5281642398962,833.9761479949875,767.9891313955522,809.6398315429688,96124084
2021-10-26,797.1350007220361,809.6398334199239,791.0268356780178,797.808349609375,16925115
2021-10-27,797.183008068336,816.6616879034899,792.8063287857138,803.1949462890625,22898400
2021-10-28,798.4815924244681,800.2611614290471,765.9209573150523,768.2776489257812,18750423
2021-10-29,767.6042757560868,777.9448095460341,754.0413665482897,771.5,15701200
2021-11-01,776.9347875975039,778.8586077680014,762.7946976022804,773.279541015625,11406421
2021-11-02,778.1853822727146,779.1472925103818,767.6043696583762,770.4420166015625,9452457
2021-11-03,775.2995927236186,775.2995927236186,750.7227997583802,756.0133056640625,11839149
2021-11-04,758.4661236923016,758.9470787485428,749.3279776237197,752.3098754882812,3149310
2021-11-08,762.7947877081309,762.7947877081309,743.7008937445914,750.4342651367188,13967995
2021-11-09,754.1375948400054,758.5623582643697,749.5204376340731,756.5904541015625,10084357
2021-11-10,752.742817291657,754.4261601461827,743.6527541351509,751.1557006835938,9507347
2021-11-11,747.1156411882208,747.4042024973106,736.9193581544616,742.0656127929688,9221059
2021-11-12,743.2680554984453,750.193820980705,741.8251901359054,747.0194702148438,15380106
2021-11-15,747.4042333284161,754.6666436733875,742.161810940737,743.8451538085938,10934583
2021-11-16,743.8450559693728,746.2017474164606,732.9754837658305,734.9473876953125,12785837
2021-11-17,731.9173952219124,742.5464897457188,727.4925736768888,732.3021240234375,11657214
2021-11-18,735.7651289767874,738.2660719906005,727.5888923488785,733.84130859375,20644385
2021-11-22,739.0355069285229,741.1036370964275,712.0539407730103,723.3563842773438,20403786
2021-11-23,712.7273121306753,729.0797841012621,703.3486885004858,723.2120971679688,24913042
2021-11-24,721.6730622241446,742.8350847085579,718.2582930653174,731.2440795898438,23186419
2021-11-25,726.1459550140722,726.1940387768095,716.9115828655152,722.4425659179688,17749726
2021-11-26,710.8516072435933,713.7854214854136,691.2286165229643,694.6915283203125,18987552
2021-11-29,699.068180914518,700.0300910361755,683.4371414375852,691.0362548828125,15878074
2021-11-30,689.4490495697592,704.4067395658299,684.0142341357566,687.1404418945312,23965914
2021-12-01,689.1124221925735,704.8396289134694,687.7657245624437,699.9819946289062,15214913
2021-12-02,697.000066480196,699.4048418388916,687.958146357702,694.8839111328125,21924640
2021-12-03,693.0562697626139,701.713461196151,687.8619314183568,689.0162353515625,20130259
2021-12-06,691.613377826075,699.1162650367804,680.5514114213463,682.5233154296875,20129080
2021-12-07,689.6896197285159,712.7273809719758,684.880068684384,706.6673583984375,30513303
2021-12-08,719.4125586255235,729.8973430717961,715.7572534228193,724.7030639648438,33432411
2021-12-09,730.1379119955152,733.9374689569537,719.8936037821486,726.2421875,16007459
2021-12-10,727.6850643912846,730.8593563008907,722.4426420729676,729.1279296875,7627774
2021-12-13,733.9374650302553,740.3822749580407,723.8374081720408,725.2802734375,16855546
2021-12-14,722.4426213111899,735.2360148279045,717.873548004482,729.753173828125,17488089
2021-12-15,728.7430582731992,730.5707109222462,722.2983076599259,723.5968627929688,7358740
2021-12-16,729.0316715395312,729.0316715395312,710.8034638208851,712.919677734375,14123215
2021-12-17,713.7372615403001,713.7372615403001,698.3947844052855,700.55908203125,13227787
2021-12-20,690.7476748083334,692.7677214067882,671.605697507005,682.9081420898438,16900016
2021-12-21,692.5753422196887,701.1844502296262,688.872011443344,692.9119873046875,14563335
2021-12-22,698.587317005929,706.955947898361,692.6234617314175,704.8878173828125,9843359
2021-12-23,710.8996889619862,711.3325602742,700.2225097158387,703.4448852539062,9994049
2021-12-24,705.9459437820076,705.9459437820076,692.1905804760052,699.4049072265625,8800690
2021-12-27,696.422899329144,710.6110730378524,688.8237861976352,707.9658203125,7955163
2021-12-28,712.1982591715838,714.1701631280035,704.599145922552,707.7734375,17833655
2021-12-29,709.889688725686,716.5749759916604,704.0220603111393,707.6773071289062,7143073
2021-12-30,705.3686992911923,712.2944640939979,701.232497399763,707.6773071289062,14326182
2021-12-31,708.4949129228311,717.8254531683938,708.4949129228311,711.9578247070312,6973055
2022-01-03,714.747314938884,736.8231643060474,714.6992311741425,735.5726928710938,9653095
2022-01-04,738.6988463168466,748.3660307300985,734.5145023070028,743.4121704101562,12114437
2022-01-05,743.5565284847644,765.5361514118554,741.8251019975007,758.0332641601562,19741360
2022-01-06,745.5284208489734,762.3137640518668,744.5184269730535,755.1475219726562,13018067
2022-01-07,762.0252233819042,771.7404922956018,756.301846316362,763.0352172851562,12250210
2022-01-10,769.7686560363487,781.8406175941946,768.5662682574729,779.8687133789062,10905080
2022-01-11,778.9067183468369,783.6681851748152,771.3557474017979,779.7724609375,9982061
2022-01-12,787.4196740926849,794.0087942546344,781.1191739618869,792.37353515625,13034848
2022-01-13,789.7282740343039,796.4616454328911,786.2654207991662,793.287353515625,9372244
2022-01-14,789.7282065042635,790.6901166218083,780.6862279152089,788.7662963867188,7552844
2022-01-17,788.76630537499,797.3273290028282,783.5238834325648,788.0929565429688,6722700
2022-01-18,789.7282421266426,804.1568945406494,787.0349054180954,791.7482299804688,10835146
2022-01-19,784.9186342315298,789.7281846863799,772.6542805716622,777.8004760742188,16416144
2022-01-20,772.4137862693083,781.9848032086095,765.1032932208796,779.3876342773438,13567654
2022-01-21,772.413824277016,780.4457502732224,765.1994983964711,773.856689453125,12078277
2022-01-24,782.0328891922788,785.5919682037319,753.4641482878378,768.037109375,29612316
2022-01-25,758.9470484536822,773.6642608451283,756.1094019930628,771.115234375,19513184
2022-01-27,756.9270935755179,770.9709577814772,751.2998841721226,764.3818969726562,23984679
2022-01-28,773.1352635204412,775.1552513002487,748.8470328468596,751.3961181640625,14072314
2022-01-31,758.8990097108374,768.2776334895249,754.1375428195905,758.7546997070312,14824509
2022-02-01,771.5000321945082,781.8886501819028,759.2356776527822,779.435791015625,20031583
2022-02-02,783.9567211051507,787.5158001700258,778.0409505844574,782.7543334960938,11214375
2022-02-03,783.0428637625897,787.2272077025588,775.2994996090566,778.1371459960938,9755335
2022-02-04,778.9548767225414,781.071090927714,765.4881337755118,774.3858032226562,10314067
2022-02-07,767.6523230970698,774.3376098559046,751.6846393469069,756.4461059570312,14659368
2022-02-08,759.9089455589511,765.3918446297338,744.8069459114729,762.313720703125,14642455
2022-02-09,766.8828461025273,773.6162169682755,763.9490319673754,772.221435546875,8855292
2022-02-10,775.2514748127286,777.9928951771602,765.9690186483641,774.818603515625,13159771
2022-02-11,766.4980724435595,767.0271699894278,757.8890236490712,760.6785278320312,13138408
2022-02-14,742.5946434018828,744.4703799556518,722.5388400532075,724.99169921875,16170656
2022-02-15,724.2702555751805,748.3660929705321,714.8916316594186,746.4903564453125,18880659
2022-02-16,746.153663654343,747.9331738250221,731.4364511160719,734.9473876953125,10549784
2022-02-17,737.3041601518302,738.0255927938574,717.8735625844956,721.769287109375,16683808
2022-02-18,718.4026098742941,727.973628112869,717.1521383555117,720.3745727539062,8945567
2022-02-21,717.8254596809992,733.8412873911825,711.8135211577078,725.713134765625,10967164
2022-02-22,710.2744993905211,730.8112582203097,709.6492342902711,722.68310546875,13156371
2022-02-23,725.8573209897427,727.58880609749,714.410626293812,716.2382202148438,11624282
2022-02-24,685.7458285467928,699.4049068862624,675.5495448514281,680.455322265625,28023104
2022-02-25,697.336774399035,711.1401615558102,692.8157849557639,702.2424926757812,16935750
2022-02-28,695.4129200158517,716.3825484983767,688.1505104874749,714.41064453125,20547432
2022-03-02,689.6896515245512,697.3368497793397,680.7919816827073,687.6215209960938,25252492
2022-03-03,690.2667600609668,694.4511048028088,667.0366631486345,671.701904296875,23190595
2022-03-04,664.6799319188103,679.637623420357,658.908470860181,661.84228515625,18697223
2022-03-07,638.2273787606059,641.5940642551984,617.690620727726,628.8487548828125,27799873
2022-03-08,618.7967657944257,643.950738808451,618.5082045017328,639.6702270507812,26716975
2022-03-09,639.3816636938155,648.8083710567993,632.9368541962549,642.0269165039062,33728639
2022-03-10,667.5175450881378,674.2989997486787,647.9907812312059,650.828369140625,35959638
2022-03-11,648.9526497064337,658.6198341305783,645.0568669696958,652.078857421875,20546724
2022-03-14,652.271263506728,671.8461707138538,651.4536633454682,669.6337890625,24648981
2022-03-15,674.7799141420392,681.128497120255,661.7941281963264,670.7879638671875,27714580
2022-03-16,679.9743319506425,684.3029277748034,674.5395159317275,681.0324096679688,14621688
2022-03-17,690.4590662396927,697.3848307840285,688.9200335455442,692.6714477539062,18329844
2022-03-21,693.5372528709495,695.3649057315828,678.6276447995212,683.6776733398438,12866839
2022-03-22,681.657642004896,693.5372087115915,672.8561407680419,690.8438720703125,11761758
2022-03-23,697.3849349631015,699.1163616802517,687.0443997205451,690.9401245117188,7140403
2022-03-24,675.6938543592543,685.5534342394253,671.4133420838435,677.377197265625,17727969
2022-03-25,678.1467064321148,679.204784192057,670.1147795634735,672.61572265625,15263007
2022-03-28,675.2609204687872,686.226719584466,669.1528145441226,683.2928466796875,13806166
2022-03-29,687.0924111352373,689.6414965270086,678.9642585933475,688.0543212890625,11489374
2022-03-30,693.5853300756726,703.8777808406234,691.7095934649486,703.0601806640625,20154520
2022-03-31,711.7172820252309,711.7172820252309,700.0781349888588,702.48291015625,16046383
2022-04-01,697.3848704935536,710.1782639619197,695.5572176936425,708.2063598632812,12658848
2022-04-04,713.7372854184179,721.2401723640381,697.3848139196131,718.1620483398438,17192197
2022-04-05,718.3545339660488,726.6750807768791,709.8897358497459,713.5449829101562,12290391
2022-04-06,704.4068467381728,716.5269508116409,704.21445295091,713.3526000976562,13518142
2022-04-07,709.0238985712276,728.9354490279135,709.0238985712276,720.0377807617188,15087175
2022-04-08,721.2882748754262,727.2040455555474,715.2763366681216,725.5687866210938,15480705
2022-04-11,723.6450592028662,736.2942022974321,723.0198527753237,730.6669921875,13216391
2022-04-12,728.1659441955593,739.6126978460428,721.673051033974,734.7550048828125,14020000
2022-04-13,740.2860194551491,743.1236661071316,731.7250544446566,733.2160034179688,16119956
2022-04-18,722.3945086883281,733.8412627362319,720.6630821938585,728.9354858398438,17651530
2022-04-19,732.7831595835312,748.2699486274579,728.166002485532,737.1117553710938,31088359
2022-04-20,737.5927299898312,740.6708543734512,725.0878973835263,726.771240234375,15984202
2022-04-21,730.1378422334291,735.0917026821545,722.5868715093972,733.3121337890625,8953098
2022-04-22,728.16595520894,729.9454654330449,717.4887764436427,719.172119140625,14411607
2022-04-25,719.1721486751737,733.1679296456452,715.6611531360037,723.548828125,35417460
2022-04-26,738.7469527363183,739.2759915463416,723.0197461719636,725.0397338867188,18727514
2022-04-27,720.4707043268018,721.432614479441,704.6472705738188,708.6392211914062,21441480
2022-04-28,710.9477991338106,723.2602965546723,706.6673457494232,718.6912231445312,18649559
2022-04-29,721.5287701571733,731.0036202312174,711.909668788805,714.98779296875,19560317
2022-05-02,704.1182599395875,715.4687884533765,703.2525172833952,712.7754516601562,10903446
2022-05-04,717.7773295863614,718.5468459256073,693.6814932823283,696.6633911132812,12212165
2022-05-05,702.9638591799659,714.6991736385739,698.8276576694805,701.0400390625,9121547
2022-05-06,688.968151359041,695.4610449320581,683.2447741711288,691.8538818359375,12455025
2022-05-09,678.4352121990091,692.5753030449099,677.6176120614932,683.2928466796875,13055889
2022-05-10,678.146642950508,692.5752949281784,678.146642950508,684.2066650390625,12797419
2022-05-11,690.6514625149543,692.3828889797495,680.2147612521699,686.9962158203125,13516852
2022-05-12,680.5994400906422,683.6294802142668,666.8922219596041,669.2969970703125,16685166
2022-05-13,675.6457004720367,675.6457004720367,649.289339360527,651.5498046875,15717043
2022-05-16,650.9246575326262,664.6318781658691,650.0108310816752,656.9846801757812,9025623
2022-05-17,659.9665016898597,684.8799969740317,659.0527340554225,682.9561767578125,12765052
2022-05-18,685.2166551246631,689.6895606969994,679.2047168340687,680.4071044921875,11835013
2022-05-19,666.6999285843003,672.0866608694896,659.4856021660154,664.006591796875,16661023
2022-05-20,668.3351411279704,684.7838394429415,667.2770634777389,682.5233154296875,11695528
2022-05-23,682.5233213277435,698.2986709514657,680.5033335379057,683.9661865234375,17438451
2022-05-24,683.966200988479,690.0262231964891,679.1566502344494,681.1766967773438,13779981
2022-05-25,684.9281783257012,693.3929767410605,684.4953069733098,686.1786499023438,10457589
2022-05-26,695.4610201927924,705.0801214402721,688.198610493012,700.7515258789062,14028733
2022-05-27,705.6092160303642,712.9678525503654,703.3968343106686,711.6211547851562,8110620
2022-05-30,720.2302236308554,723.3083478478726,715.949711728311,719.98974609375,7628515
2022-05-31,712.7754598533211,727.8774617704188,712.2945047522054,724.174072265625,20272212
2022-06-01,719.5087838235635,726.8192773943211,715.8535370381848,723.981689453125,10102092
2022-06-02,722.4426101312393,723.11595898177,714.8916388990363,721.192138671875,10949759
2022-06-03,727.3483774414684,728.1659775781285,712.9678090748398,715.94970703125,8563791
2022-06-06,712.0059573141566,722.3464921897306,711.428775955362,718.3064575195312,9107831
2022-06-07,712.7753677134691,714.6511041074131,704.4548220556231,707.244384765625,9938912
2022-06-08,708.5430400104985,712.7754684354117,698.779686566501,701.7135009765625,9369224
2022-06-09,697.3848570007303,706.1382158596396,694.6434365642413,704.8396606445312,7444368
2022-06-10,697.144390657213,700.559159993908,690.6514970567491,692.5753173828125,7990818
2022-06-13,675.501409220141,675.5494929860281,656.118896030366,661.794189453125,16622521
2022-06-14,656.4075670911068,668.1909674562671,654.7242241817981,659.3894653320312,13348598
2022-06-15,661.3132314449573,669.8261128310595,659.966533744062,661.07275390625,9199591
2022-06-16,673.3371360739453,673.3852198415971,650.5398527248025,652.6560668945312,13237239
2022-06-17,645.6821532032684,666.2670527820757,644.4316818180885,660.6879272460938,16335613
2022-06-20,659.8702883498441,661.6017146821656,651.7902205185713,659.8222045898438,10981042
2022-06-21,664.2470427306498,681.0323866000778,662.3713061949807,669.5856323242188,13319648
2022-06-22,667.8061461675592,672.2790520134938,659.0046444876252,660.447509765625,6838249
2022-06-23,663.910423327564,679.1085925519565,660.8322989846943,672.51953125,14960412
2022-06-24,683.8219212330318,688.0062067307631,679.6375770249666,686.2747802734375,10856736
2022-06-27,701.0882122028712,701.0882122028712,688.8238573904828,690.0262451171875,8285225
2022-06-28,683.9661224716929,689.9780602240816,680.0703985502109,683.2446899414062,8339931
2022-06-29,678.0985749210753,679.7819176908649,674.250934304413,675.9823608398438,9570557
2022-06-30,675.982305803216,684.7838064813714,674.4913569277157,680.2628173828125,11970404
2022-07-01,676.6556907124173,679.8299823900704,667.6617957970091,677.0885620117188,9884899
2022-07-04,678.002318554656,693.6333578653325,678.002318554656,692.6714477539062,8303732
2022-07-05,695.509056341167,704.2624731033,690.747589807576,692.0462036132812,11460367
2022-07-06,695.4609984979778,704.0220218253087,694.4990884032364,698.2986450195312,12163533
2022-07-07,707.9178207765542,715.6611861154397,705.0801739551308,713.7373657226562,10374018
2022-07-08,722.6830991108424,728.6469539079985,716.1902054621572,726.91552734375,9797700
2022-07-11,726.2422427052876,742.161845687421,726.2422427052876,740.18994140625,12440573
2022-07-12,736.1979298984686,738.217976494768,728.8393522764621,730.95556640625,10219829
2022-07-13,735.6207307906395,735.6207307906395,721.3363896428781,724.5106811523438,8674121
2022-07-14,721.432603123371,730.5707494296004,720.2782992163064,723.7412109375,7044542
2022-07-15,724.5588181214936,730.0898014659325,715.8535430344874,722.5869140625,6358018
2022-07-18,730.3302505967531,743.7008246021837,728.9835529593954,742.5946044921875,8045363
2022-07-19,738.5545808239427,752.2137163149513,737.9293744700864,750.9151611328125,12825591
2022-07-20,759.4280377870839,759.4761215508933,750.5784529637742,753.2717895507812,8152179
2022-07-21,755.0032627037406,758.8989868755986,750.3860472448966,756.0613403320312,8312338
2022-07-22,759.0433046266951,773.2796223541096,759.0433046266951,769.5762329101562,12267898
2022-07-25,772.4137864917292,786.6500437908554,766.7384935925267,770.393798828125,21034148
2022-07-26,771.0671058836498,772.2214097355484,761.4961474412256,765.968994140625,7374145
2022-07-27,764.718588281616,773.1833860702128,764.3819432048724,770.0090942382812,9536564
2022-07-28,776.2133832557163,784.4377030415528,774.6262080732151,783.5719604492188,11124518
2022-07-29,789.3915794534339,792.0368323370208,777.2233927048,787.4196166992188,11095993
2022-08-01,789.4396960078215,793.5758980373424,786.169177913593,792.036865234375,7974903
2022-08-02,788.7663486892387,790.6901690518954,781.2634610169454,786.60205078125,11106772
2022-08-03,786.6020290378756,796.4616081239511,780.638174336426,793.3834838867188,11073975
2022-08-04,792.6139378476455,798.3373147962578,777.560021005119,789.0067749023438,11113742
2022-08-05,791.7482532411908,808.8703015771094,791.7482532411908,806.2731323242188,16056522
2022-08-08,809.5631921761261,815.0789944859878,804.2893695647675,809.9019165039062,12142951
2022-08-10,814.9338149348046,825.4331460989276,814.9338149348046,821.3204956054688,23658553
2022-08-11,832.2553522738498,838.496916436078,830.368359518387,831.9166870117188,22787391
2022-08-12,836.0293679314382,848.8995342963262,830.7554861138741,846.1416625976562,10792853
2022-08-16,852.9638133694502,855.9152333962162,848.0770282021615,850.8348999023438,13804836
2022-08-17,853.3024759064973,856.8829132175096,850.0123906157576,854.7056274414062,9058040
2022-08-18,852.0927841286835,858.9633650789451,846.7705305625299,856.4957275390625,13137856
2022-08-19,856.3990149386066,858.237635318903,836.3679753190374,842.2708740234375,10787199
2022-08-22,837.577562692972,839.3678107269875,822.1430152518094,824.7073974609375,13848023
2022-08-23,818.0303989411165,839.9484317589669,815.5628203147241,835.98095703125,13254855
2022-08-24,829.3523071984492,847.0608858274338,829.3523071984492,845.0771484375,10494109
2022-08-25,845.0771471360761,852.9637834319626,838.6904660215745,844.1578369140625,9827829
2022-08-26,845.8996983939115,849.1414112105084,839.2710376950179,842.706298828125,5976725
2022-08-29,822.578553999964,833.1746899177208,819.6271339840993,828.1911010742188,7755134
2022-08-30,832.6908149001724,861.9632113565701,831.3360357366329,858.6246948242188,12544701
2022-09-01,835.1100275385942,857.076432891248,835.1100275385942,846.0932006835938,15877583
2022-09-02,845.8513119492113,852.8186382751104,838.9807893180364,844.206298828125,8401284
2022-09-05,843.3836943531853,857.2699740492576,843.3836943531853,853.9314575195312,8744999
2022-09-06,853.9798538402657,861.1891006795504,849.7220269779261,855.0927124023438,9879326
2022-09-07,850.1575143125283,854.1250483069637,844.303046547282,847.8834838867188,8814960
2022-09-08,856.8829459703724,871.6884780012587,856.8829459703724,869.7531127929688,12163106
2022-09-09,880.7362997186498,882.4781165024692,868.688640114694,872.1239013671875,9936230
2022-09-12,875.8010507589318,879.5266638893588,873.623765094288,877.881591796875,6016978
2022-09-13,884.4134833949648,884.4134833949648,876.0430056649864,880.5911254882812,10400475
2022-09-14,869.2207866727828,892.4451661664057,869.0272383644723,888.4292602539062,14712947
2022-09-15,890.2679573802188,906.3798956687386,886.1553064901472,887.9454956054688,16253099
2022-09-16,885.3326982405974,887.945393608755,875.9461666512933,879.7200927734375,11966860
2022-09-19,875.7042498019863,883.0102405275197,866.4144627928192,870.1400756835938,11235656
2022-09-20,879.8169943329414,892.6871605533197,878.0267461614467,887.1229858398438,12090663
2022-09-21,882.5264794881863,887.3648922046785,876.3817189633032,885.6714477539062,8917640
2022-09-22,876.7203576495209,882.2361597916347,866.3661429375974,874.2044067382812,11125669
2022-09-23,872.5592897443207,875.6558854421583,850.3509653793512,853.7378540039062,15927517
2022-09-26,841.8837311623375,849.5284461393312,831.4327725190591,833.2229614257812,14208640
2022-09-27,836.9970288789647,846.577050634224,821.175383834994,824.9977416992188,12493809
2022-09-28,816.7240110221086,835.3518987142597,816.7240110221086,822.0462646484375,11411458
2022-09-29,830.2716195282985,833.7552530481105,813.9177609731337,816.6273193359375,13803629
2022-09-30,816.6273039608087,839.0291189080637,810.434112194796,834.142333984375,13175031
2022-10-03,831.9167041134606,833.1263073068725,818.3691483472479,820.9334716796875,8232026
2022-10-04,837.0453589716858,844.4481536905425,832.3036911166118,839.6097412109375,8975095
2022-10-06,844.8351861541638,862.8824882192667,844.8351861541638,856.83447265625,12116698
2022-10-07,848.851120372951,855.9151909732008,844.5932936497752,854.0281982421875,9705750
2022-10-10,843.8192448433513,861.0439836709703,842.5612692495802,853.254150390625,7357588
2022-10-11,854.7055626402578,854.7055626402578,837.4808260633214,842.46435546875,11130051
2022-10-12,839.9000717968735,843.5288813192437,833.6585076058656,840.287109375,14557532
2022-10-13,834.4809545241243,837.4808056192348,823.0139408776964,826.0137329101562,11563124
2022-10-14,855.2378190572801,855.2378190572801,840.4806602874627,842.125732421875,8199540
2022-10-17,843.819169079309,858.8182483462003,840.480652526728,856.5925903320312,8936947
2022-10-18,867.0919241532964,871.5916715685945,862.3503151667695,867.9144897460938,8097552
2022-10-19,870.9626804865298,871.5433254629044,856.9312832993331,863.2695922851562,5529462
2022-10-20,860.9471461376742,864.4307795695652,851.6573585482091,859.9310913085938,8107159
2022-10-21,859.3021074302151,880.591123605288,857.0764493698978,877.833251953125,17022807
2022-10-24,895.1063433668068,903.3316449004477,887.9454689948104,896.3643188476562,4390050
2022-10-25,911.6053273434834,912.7665582070067,893.1226144069194,895.1547241210938,15838120
2022-10-27,896.1223975772693,903.5251925773455,890.509850700247,894.5257568359375,16080842
2022-10-28,888.3326220800642,897.5256067312196,871.8820179674705,878.5106201171875,9854094
2022-10-31,883.1071176224569,887.4133170073659,875.3656568181832,879.3331909179688,9000840
2022-11-01,891.2356151901904,891.2356151901904,870.4788129913081,879.236328125,9823761
2022-11-02,890.8485192322834,890.9936952377803,873.1883129460064,875.46240234375,7690974
2022-11-03,871.9303670762977,884.3166921482643,868.059636799892,879.2847900390625,9022366
2022-11-04,877.0106512647051,883.8812325567034,871.1078115500653,876.04296875,7099336
2022-11-07,880.8330562747467,890.3647059309873,874.2528266341956,887.8487548828125,11100219
2022-11-09,890.2679352862438,892.1065557341796,876.4784591146905,881.074951171875,11590409
2022-11-10,878.2202700516638,883.4457793492138,874.7366365617335,881.2684936523438,10009741
2022-11-11,895.9772553940439,898.0093650303661,874.3011436475601,877.2525634765625,17921457
2022-11-14,875.7527248604484,877.2526210297223,862.4470895379831,866.0275268554688,12641308
2022-11-15,871.4465218331568,884.1231988683949,869.7530773449218,882.2362060546875,15176911
2022-11-16,883.0587131853342,888.4293396104207,878.7525139570553,884.0747680664062,13008311
2022-11-17,883.4941722971123,892.4936082418244,880.9297899025129,890.0744018554688,12584194
2022-11-18,890.0743538190685,892.2032671366974,881.1232906726319,890.6065673828125,10874061
2022-11-21,884.5101182909174,894.9127044717741,884.5101182909174,891.6226196289062,9245704
2022-11-22,893.8967609871374,896.5578880157866,890.6550480500273,893.848388671875,11256509
2022-11-23,897.0417039012154,901.7349405392831,893.8483633697614,897.4771728515625,10959704
2022-11-24,897.5739271502308,910.2506038474994,897.5739271502308,908.5087280273438,10844395
2022-11-25,909.911871692526,912.4278817096287,897.5255471136236,900.2350463867188,9815055
2022-11-28,894.1386218139668,913.2987233260214,894.0902495019402,907.1055908203125,9381474
2022-11-29,903.3800210752162,919.201666001015,903.3800210752162,916.1534423828125,13096845
2022-11-30,917.4113797435194,927.2333807160768,910.5892299501535,922.1046752929688,20858573
2022-12-01,925.1045587003108,926.0722412930936,905.9928274928515,909.815185546875,15920653
2022-12-02,898.251360173674,904.2993763342832,896.1708189893614,900.525390625,14228874
2022-12-05,906.7184888019183,906.7184888019183,898.396443052703,903.4283447265625,10984608
2022-12-06,895.1063668137049,899.7028589676131,890.4615023443921,892.8323364257812,18220912
2022-12-07,892.2032126803272,903.0412678573035,890.8968650069937,892.348388671875,15675663
2022-12-08,895.1062924696674,903.3799658469919,893.9450616831225,901.7833251953125,10136870
2022-12-09,901.8801321809183,904.5896314951109,895.1547266788406,899.8480224609375,9575331
2022-12-12,895.1547131011699,903.718738934402,895.1547131011699,900.2350463867188,8493863
2022-12-13,899.4609218974406,905.6541137851639,897.8158497651402,902.7994384765625,10415140
2022-12-14,905.7508406860252,905.7992129995994,890.2679203324179,891.9613647460938,12319827
2022-12-15,886.3971966272971,890.1711821157284,875.752688807537,879.4298706054688,8929748
2022-12-16,876.2365593751624,884.1715681914225,870.5756400158575,872.8496704101562,9157260
2022-12-19,878.6557188314514,881.1716697316784,872.0271172648877,877.1558227539062,7015083
2022-12-20,876.7203441907743,882.9619081225438,866.7532262625047,880.30078125,6384331
2022-12-21,880.8330193559941,886.2520178769291,858.3344006248467,863.4147338867188,11341147
2022-12-22,871.3981042199335,874.6398170181222,857.7053730160692,861.866455078125,9788367
2022-12-23,854.5120629604986,860.8988032205845,847.0125232068142,850.4962158203125,11059215
2022-12-26,852.6250513893447,868.0112272022727,846.9641322283046,864.3340454101562,6943159
2022-12-27,868.688659551625,873.5754447437527,859.495675087415,871.5433349609375,4994381
2022-12-28,867.0435790127059,874.7366672238433,866.8500306870021,869.8982543945312,8980300
2022-12-29,868.8821594099194,893.5096323243187,860.6084266035422,878.7041015625,11994220
2022-12-30,879.139556373027,879.139556373027,859.8342785729984,862.0599365234375,9688527
2023-01-02,865.1081661717191,877.6880388341714,865.1081661717191,873.2850952148438,4315403
2023-01-03,869.4627704497066,876.6720172537239,867.7693259886192,872.2206420898438,5846855
2023-01-04,869.9465903334593,878.5589884345696,865.8823119142538,870.0433349609375,12454582
2023-01-05,871.7852551795887,873.8173649614129,843.8192051454618,850.7381591796875,16547196
2023-01-06,850.5445554510902,850.5445554510902,832.6908012981177,841.9805297851562,14804613
2023-01-09,845.9964261568585,850.3509974095962,834.4326084620582,845.12548828125,16811853
2023-01-10,847.1093541990182,850.0124019391619,828.9168744439911,833.5133666992188,13470142
2023-01-11,835.0133204331208,842.7063496804153,827.2234284277454,838.3034057617188,15558460
2023-01-12,837.5292352113945,841.2547893512822,827.3201962654273,832.8359985351562,16659001
2023-01-13,836.7551286017936,846.6255026107519,830.561936539757,845.2223510742188,11223103
2023-01-16,848.8995444918602,849.0930928206624,833.2230748614112,837.287353515625,8319812
2023-01-17,838.9323684728654,839.9000509881896,830.3683427746539,837.1905517578125,12624859
2023-01-18,836.5131783943544,843.8191697140958,830.9006315092457,841.3999633789062,11313898
2023-01-19,839.9484532522791,842.416031941814,834.1423579533002,838.1582641601562,6694679
2023-01-20,845.2706967636465,848.1737443770304,837.5776087756478,842.2224731445312,8127162
2023-01-23,853.4959260766733,854.7539014567733,836.6582277194884,843.52880859375,16882379
2023-01-24,850.5929389316187,853.2056935599804,839.9484311634187,842.6095581054688,11504090
2023-01-25,845.077098119616,848.4639868002098,820.5947431838545,827.6588134765625,14918485
2023-01-27,812.0309294466701,815.7564840703249,786.8227488513064,790.790283203125,39718683
2023-01-30,774.1459969831512,799.5476625091609,770.2752669982355,796.8865356445312,36301441
2023-01-31,799.3057860504701,811.2082695992232,787.7903400840028,805.01513671875,27291226
2023-02-01,816.191876185139,846.915797809219,796.5479318096759,820.5464477539062,39237711
2023-02-02,801.6282311010465,832.7875613023073,799.402514032967,830.1748657226562,16798190
2023-02-03,836.7067208592392,844.4481810776783,824.5622578914393,835.8841552734375,14914366
2023-02-06,833.6584461051427,839.7548338404506,822.1914324854602,826.1105346679688,8463833
2023-02-07,827.3685698899242,828.3362524278072,819.8206579069681,825.1912841796875,9337066
2023-02-08,824.9493783308778,832.884387096269,824.3687924228041,831.3360595703125,8082983
2023-02-09,830.7554820497575,836.9486740907996,824.0784487262168,832.9811401367188,6299265
2023-02-10,827.9008706399795,834.0456908400956,824.4656090813395,826.2557983398438,8656405
2023-02-13,825.8203066835285,831.5295982555967,821.9011451301623,823.1591796875,9394365
2023-02-14,826.3041477973615,839.2710584470253,824.562271968352,837.335693359375,13402934
2023-02-15,838.4001304435947,845.0287318551302,832.7875247683261,842.6578979492188,12070288
2023-02-16,847.6415602493975,849.4317493814649,836.9002482690221,841.3516235351562,10715685
2023-02-17,839.5129712878102,839.5129712878102,827.5137432933884,834.7713623046875,9990618
2023-02-20,834.7712919565588,838.5452180868039,822.7720059106903,824.5621948242188,9013430
2023-02-21,826.7879697034813,831.6747546228045,819.4819194186063,826.5944213867188,11704445
2023-02-22,823.7397538390513,826.4976254250806,807.7729920906293,812.1275634765625,13880984
2023-02-23,809.514854112909,817.1595701542185,806.611806359904,812.6114501953125,11743574
2023-02-24,816.6757001552671,818.2723409257021,808.5471431075151,812.5630493164062,8246139
2023-02-27,806.6118061869664,830.5619501441226,806.6118061869664,828.723388671875,14422574
2023-02-28,827.2718200485879,830.2716122720615,822.5301520177766,827.223388671875,19600146
2023-03-01,836.0776930578087,836.0776930578087,824.3203268741219,828.6265258789062,11015843
2023-03-02,825.4331963782566,833.9971631259353,823.5945759500078,826.40087890625,12327141
2023-03-03,829.0620699895568,844.786912285828,822.3850364048458,840.480712890625,12823098
2023-03-06,843.5772732157969,848.5124306557193,837.3840811954593,839.70654296875,13904231
2023-03-08,838.6420711240055,845.4158486956811,833.6584825712115,843.9158935546875,16144568
2023-03-09,839.1743316818115,841.6902827242536,826.5460860285978,828.2879028320312,10624440
2023-03-10,817.4014620248957,818.0304202449772,809.2245326625901,815.417724609375,17273189
2023-03-13,814.2564181239363,827.658796575545,797.3219750667736,801.628173828125,16413159
2023-03-14,800.2735455608877,807.4827930619672,791.806322436755,803.5152587890625,15456802
2023-03-15,809.4180227330859,816.6756413377892,795.6285473841493,799.208984375,12914488
2023-03-16,802.886228653789,804.4344971185735,784.1131634393323,797.273681640625,14987868
2023-03-17,804.91834909519,811.3050894882914,792.1933587502203,809.2245483398438,11104490
2023-03-20,809.9503044168963,810.7244386539869,798.3381136725679,809.4180908203125,14838651
2023-03-21,815.7564211861012,826.8847709413091,811.9340631533026,824.8526611328125,18755854
2023-03-22,829.9329340902065,834.6745429845437,823.4978217289552,832.4005126953125,17431520
2023-03-23,829.3039121932823,839.4162062490099,825.2396338332466,827.8040161132812,17920621
2023-03-24,824.9494057664903,832.2070251720605,821.7076927237321,824.8526611328125,17295696
2023-03-27,827.3202329170024,828.7233844694034,816.7724691784372,821.272216796875,17047675
2023-03-28,827.9007821657716,831.1425541001529,820.7883391486262,827.1266479492188,24469018
2023-03-29,829.352331482036,834.2391166284191,820.5948160711663,823.4978637695312,34881515
2023-03-31,834.0939446257819,852.5282844810888,830.7554281804934,848.8994750976562,25739021
2023-04-03,851.7541595478591,858.4311334483423,840.7709275903899,855.23779296875,26416933
2023-04-05,857.9473279969231,859.0601865581069,845.7545514523069,856.011962890625,21068934
2023-04-06,853.4960068359375,861.3342118450829,844.4965709573414,846.7222290039062,26042745
2023-04-10,851.6089430873781,854.2700698710548,836.4647479196806,840.3838500976562,30906205
2023-04-11,845.4642830137524,856.9796702925302,837.0454327447134,853.3992919921875,39504022
2023-04-12,854.8991446182802,863.1728184534817,851.8509210177381,861.3826293945312,22686032
2023-04-13,862.3018786282557,872.51097656716,857.8505626165031,869.9465942382812,34439635
2023-04-17,887.6551614909503,887.6551614909503,864.2856641308982,872.1722412109375,29957514
2023-04-18,878.6073390361097,878.6073390361097,865.2049009529467,867.8660278320312,26699379
2023-04-19,866.9467798245536,867.9144623295201,858.5763025315322,863.0760498046875,24377956
2023-04-20,863.4147591759163,870.236909372004,860.4633391974846,865.4953002929688,16999919
2023-04-21,865.6404154507798,871.5916867731976,853.8831078765245,857.028076171875,29578071
2023-04-24,875.7526628125863,877.2041865631045,866.0758378091324,875.5107421875,30881665
2023-04-25,877.0107332480105,886.3972663306375,873.9141370989526,883.9296875,41383839
2023-04-26,881.9943364136254,887.3165908272587,876.4785336633281,885.3812255859375,30371555
2023-04-27,880.1072975279017,890.1712198822554,879.1879872737524,888.6712646484375,25835108
2023-04-28,885.5263196505074,890.7034569748081,880.8330826866882,887.9939575195312,20381002
2023-05-02,894.1386692839658,895.880486047962,889.0099636211668,892.300048828125,17515017
2023-05-03,889.8324164509045,893.9934393200476,882.0909565780238,893.0257568359375,18715142
2023-05-04,890.2679527423538,894.0419383409981,882.3329439597278,891.9130249023438,20485002
2023-05-05,895.1063543921246,911.9924266199449,893.606458259458,896.9933471679688,19002035
2023-05-08,897.0417142320913,911.2666593771053,897.0417142320913,907.5894775390625,18623913
2023-05-09,910.5893181947338,914.4600485590047,901.686626544379,904.20263671875,21507610
2023-05-10,904.3960428952724,910.5892345341686,898.2512826316067,905.7991943359375,25910923
2023-05-11,909.6699186059626,916.3953237660901,903.670275317878,908.847412109375,20027372
2023-05-12,909.379662700427,917.3630436179886,904.8799152854667,913.3955688476562,13873480
2023-05-15,913.2503649686147,918.3306981247315,907.8797388732504,915.1857299804688,10453762
2023-05-16,919.29836108331,921.4272743636122,912.524583685854,915.7662963867188,19612293
2023-05-17,916.6857646792992,917.7502510343892,905.5574141782371,908.99267578125,19273344
2023-05-18,917.314711609197,921.4757348819819,911.6537330904164,915.9115600585938,21550141
2023-05-19,920.7016009331666,925.1045448518862,911.1698920993472,923.45947265625,15427412
2023-05-22,920.3144745564015,923.4110705194826,915.572865513465,919.6370849609375,15509525
2023-05-23,921.2337828236806,927.8623846317511,914.4600050088006,922.5885620117188,16579935
2023-05-24,916.1050165135316,923.0239108146249,908.1700083573357,910.2505493164062,18049620
2023-05-25,906.7185078782338,911.169823779576,902.7994055425181,909.4763793945312,19328582
2023-05-26,909.4280061165383,921.6692134262162,905.3153554715091,919.9757690429688,10957182
2023-05-29,923.0239830690742,926.6527926566437,916.2018328569751,917.5082397460938,12108079
2023-05-30,914.7986858150222,921.5240914294349,914.1213552721521,919.2500610351562,18483624
2023-05-31,918.8146174292197,921.2338238995442,910.1054741360517,918.4759521484375,27254425
2023-06-01,923.4110568080118,923.4110568080118,902.6542546695372,905.8475952148438,21650700
2023-06-02,912.5245963573434,914.121296105405,904.8315086794461,907.8313598632812,12494376
2023-06-05,912.524632867169,921.0402273846815,912.524632867169,916.1534423828125,10751684
2023-06-06,915.911574594344,917.1695501531516,907.7830171852421,911.6537475585938,11894330
2023-06-07,913.8310328693285,915.2825567585027,903.6219933280021,909.815185546875,16486469
2023-06-08,906.3314429874264,919.7822539132716,904.9767228695448,907.5894775390625,17608140
2023-06-09,910.976391174022,913.4923422203289,905.9444300187516,907.734619140625,12253128
2023-06-12,907.6861909387297,913.0084447235517,903.1380713464422,905.7024536132812,10520125
2023-06-13,905.6542090209631,915.6697007488717,903.9123330137952,913.0569458007812,13528776
2023-06-14,915.4760554275856,916.3469933389074,905.9927783452874,909.4280395507812,13489262
2023-06-15,910.2990230245307,912.476308849158,894.47737726131,896.6546630859375,19366819
2023-06-16,899.2674258863005,907.4443556462712,897.041767724973,904.0090942382812,11249387
2023-06-19,903.3317145116428,903.7671834977474,889.0100237266681,893.3162231445312,19351375
2023-06-20,891.187294543562,898.541658614634,885.2360229801786,895.6386108398438,15212286
2023-06-21,898.0094418025799,898.3965384629029,890.2679810973852,894.8161010742188,9210553
2023-06-22,894.5257445090998,905.3153691622226,890.9453073749864,895.8320922851562,27291569
2023-06-23,896.1223637087963,901.7833417486228,889.3002139237615,893.65478515625,8767733
2023-06-26,897.1384485290017,901.6865682253899,893.3645221055212,897.4771728515625,11749040
2023-06-27,899.9447553905696,909.5732084032469,892.3968434482118,905.8475952148438,13422726
2023-06-28,913.4923618648676,913.4923618648676,904.1058289611399,907.154052734375,25708001
2023-06-30,910.1054690270411,911.7505412301584,900.5738192125333,904.3961181640625,13843218
2023-07-03,906.7184853671359,915.1857070821438,906.2346441262783,912.089111328125,12350359
2023-07-04,916.6372563189024,920.5563586664051,911.5569231484889,914.169677734375,14041699
2023-07-05,911.6053079205813,933.571712979693,910.5892530851423,927.0398559570312,13817767
2023-07-06,923.846533565768,932.7492247541551,923.1691439746393,928.3946533203125,16334427
2023-07-07,922.2014392920128,924.1851766406033,913.2987483173766,915.8147583007812,8593807
2023-07-10,915.4277212868661,922.1047547183556,910.9279736618201,917.7501831054688,12069184
2023-07-11,917.750137644119,921.9111607222271,911.4602011815253,914.41162109375,16977595
2023-07-12,917.7501859007617,920.4113130056312,910.8312318030381,913.8794555664062,21511161
2023-07-13,917.0727487171628,928.2494701654196,911.7504947834543,924.814208984375,23222286
2023-07-14,928.7333276529091,933.8136610419978,920.6047706053051,929.0236206054688,12871569
2023-07-17,931.7815569904748,942.3292614154661,922.0563000505355,937.3941040039062,16290763
2023-07-18,946.3935430693452,956.0219963476638,939.7649411626849,943.9259643554688,29709508
2023-07-19,948.3288481005554,948.3288481005554,936.2811891871556,941.9905395507812,15994261
2023-07-20,944.5065612098798,965.8923814574687,940.6842032435259,963.4247436523438,26487838
2023-07-21,963.1344078710805,969.0856790406557,956.84447144192,964.7794799804688,16903003
2023-07-24,972.472540227103,976.1013496022506,958.1024196639266,959.9410400390625,21687719
2023-07-25,966.714794812472,966.714794812472,956.312208181607,962.5537719726562,29325327
2023-07-26,961.0055423866522,965.5052899891136,958.0057500267827,964.247314453125,12780537
2023-07-27,970.1501028645305,973.9724606478103,955.2961997425043,958.2476196289062,25932395
2023-07-28,956.070362346762,966.4245774762064,945.4742265790718,964.00537109375,12584130
2023-07-31,963.8117566441534,967.1019007236218,956.6508826183228,966.0374145507812,14303116
2023-08-01,969.2792731138692,971.2630105764858,958.4412164810167,962.40869140625,15508569
2023-08-02,953.4092491126727,961.9732162053438,945.9097092186121,955.0543212890625,15787996
2023-08-03,944.9903812949868,951.2319455477858,929.023619238488,933.8136596679688,30994707
2023-08-04,937.3457361804816,944.458179377576,930.1848616052202,939.1359252929688,20582882
2023-08-07,939.571387022493,949.7804261481822,936.910260000682,944.1195068359375,16686062
2023-08-08,944.2162106511983,954.7155422765243,940.8776941737979,948.2321166992188,23784778
2023-08-09,951.2078418442472,951.5492947573501,940.1342034996886,949.0126342773438,19317331
2023-08-10,947.8906587198094,949.9395549383418,936.0853435299007,940.6220703125,24858441
2023-08-11,939.9391281743053,940.0366691362146,926.8654236423497,929.64599609375,17162177
2023-08-14,925.889728289711,939.4512560325527,922.962784996909,936.1828002929688,19026691
2023-08-16,931.2070871701633,936.4267792630915,923.5482159431574,933.2071533203125,17930805
2023-08-17,933.6462023482969,934.4754791838435,923.4019001385633,928.4752807617188,27077611
2023-08-18,924.8166022554632,931.7436780317744,922.9628475581766,927.4996337890625,13257508
2023-08-21,927.548427427032,935.9389751584126,925.3044492708552,931.9388427734375,13358017
2023-08-22,933.1096469094867,933.6462413283504,926.1825113015468,928.8167724609375,16872719
2023-08-23,930.7680634965125,944.4759040942181,926.7191010359882,943.3051147460938,14707331
2023-08-24,948.8175418923399,958.4764795059389,943.2075667089148,945.35400390625,28389740
2023-08-25,939.5000885244812,948.9150543418253,936.8170569956474,946.7686767578125,10275758
2023-08-28,946.329613155961,951.2566227280197,941.5489150273396,946.9149780273438,10481574
2023-08-29,949.5979999303318,953.4518206829681,942.134329925956,944.1831665039062,13209913
2023-08-30,946.8174880873403,952.134780892738,932.133999542189,935.5487670898438,13936165
2023-08-31,936.6219035202087,942.6709318902067,930.8167871042523,935.40234375,36675400
2023-09-01,933.5974744188251,949.3541518541045,929.597282406267,945.110107421875,16268147
2023-09-04,945.1100680190779,945.4515209412026,937.1585143582263,943.7929077148438,9512956
2023-09-05,940.6220495025765,946.3783955216684,938.8171248357994,944.8173828125,16623486
2023-09-06,939.1098712979502,945.8906360915063,927.6460085088062,934.182861328125,30802100
2023-09-07,934.0852438880298,945.8905586551218,931.4509828721614,942.1343383789062,13462347
2023-09-08,943.9392640916503,951.2566227280197,937.8414652280092,946.9149780273438,13086915
2023-09-11,951.2078034740647,958.086108329806,945.7441402430992,954.4274291992188,7894110
2023-09-12,965.9888674492851,970.9159365012332,958.7203389445621,966.379150390625,20959591
2023-09-13,965.6961669921875,970.6231764033528,956.671424968705,965.6961669921875,21997553
2023-09-14,968.1353562233099,968.720780666579,958.3301071739512,963.6473999023438,11464188
2023-09-15,966.2328420296343,973.2087481037405,964.5254582610313,968.28173828125,13307980
2023-09-18,965.9888863047581,971.989144239288,963.257084308504,966.0864868164062,16713222
2023-09-20,957.6471152335464,971.7452382810216,956.7690679161975,963.1107788085938,25741856
2023-09-21,956.0861166419703,958.574006734418,934.1340401518692,935.93896484375,19742813
2023-09-22,933.2071706835995,937.500045053057,924.3287990475906,927.1581420898438,12701888
2023-09-25,927.1581334740866,937.7927187843896,918.5724443637747,933.060791015625,8997098
2023-09-26,935.5974971770788,935.5974971770788,924.0360346784909,925.5971069335938,10521409
2023-09-27,923.2555077433504,923.4506492144903,911.6453345707359,920.1334228515625,15152973
2023-09-28,922.4750936604116,924.1824774932046,911.9868786875408,919.6456909179688,25991282
2023-09-29,923.6457967074638,932.7193094608657,920.718853267733,928.7191772460938,10447334
2023-10-03,928.4264195210825,928.4264195210825,916.133281102177,917.401611328125,11131636
2023-10-04,912.2307137467868,912.7185376578814,902.4742355248961,907.4012451171875,17334739
2023-10-05,912.4257972707443,920.9627151726995,911.7916024070736,917.9381713867188,10478856
2023-10-06,922.9628794283824,923.4994738438675,915.1576965156688,922.182373046875,6355755
2023-10-09,917.3529458957726,919.1091002211714,913.4991247477328,915.7431030273438,6725306
2023-10-10,917.4992699211415,934.1828244813858,917.4504398891626,928.0362548828125,11452715
2023-10-11,931.6461674042404,938.6220138894535,927.5972049567132,929.8899536132812,12233117
2023-10-12,929.6460320781218,936.7194790060307,925.3044467752193,931.011962890625,7836818
2023-10-13,926.816627334187,934.0852152583844,921.54810546393,928.1337280273438,6650442
2023-10-16,925.401981705107,931.5973217061672,923.1092330870941,928.2313842773438,5763024
2023-10-17,932.133942908628,937.548776352585,928.3288926243248,930.6704711914062,7747527
2023-10-18,926.0849931287213,927.4996944851433,916.2309136675367,920.7677001953125,12000153
2023-10-19,913.2063753381311,921.9872058702285,911.2550796643318,912.9624633789062,8612676
2023-10-20,909.303786581178,917.108969298613,907.3524909018192,910.0355224609375,6586576
2023-10-23,919.060255373007,921.7920573857958,902.8645252231158,907.3037109375,11856890
2023-10-25,903.4986624227306,911.0599331166206,889.2054574209906,893.7909545898438,12593434
2023-10-26,892.034835673972,894.2788138653154,877.1074351720209,886.5224609375,21693345
2023-10-27,893.6934385485141,895.7911052641983,889.1078817029663,890.5225830078125,8645505
2023-10-30,886.9614255083601,903.7425802279794,886.083378183647,902.376708984375,7687791
2023-10-31,906.6695030375992,908.3281162337183,891.8396443321832,893.0592041015625,17211107
2023-11-01,891.54692057696,895.2543701942814,887.156505610676,891.7908325195312,12927203
2023-11-02,897.6447821752898,902.279109409575,890.5713353440126,897.5472412109375,9747311
2023-11-03,905.9377853890679,911.7429019177837,904.2304016776113,911.0599365234375,7146961
2023-11-06,918.0845639512796,924.6701864875932,914.5722557514383,922.4262084960938,10338367
2023-11-07,920.6212426036691,927.3044657799691,907.791509730304,925.0116577148438,15704942
2023-11-08,925.3532028172963,925.3532028172963,911.3526206284945,912.9624633789062,17606074
2023-11-09,911.2550412038593,919.4016764786073,910.2793934081378,914.5234375,9406117
2023-11-10,912.1332534052325,918.523735295646,909.6941336341723,915.7431030273438,9560455
2023-11-13,917.987093425993,917.987093425993,909.3038036701303,911.6941528320312,11470096
2023-11-15,921.401875563048,921.401875563048,915.8894412581842,918.1821899414062,19492138
2023-11-16,916.1333033243815,923.1579795407855,911.2550642225477,913.2063598632812,19706373
2023-11-17,903.9864967116965,915.5479593765705,897.7423862479302,899.4009399414062,10956653
2023-11-20,899.5473366065142,904.1816639914177,895.1569211892373,899.0107421875,10562301
2023-11-21,901.8888706577264,905.4499494794524,899.5472920649286,903.5474243164062,8989572
2023-11-22,900.7668766589127,902.6694018743736,892.4738699417713,900.279052734375,12197979
2023-11-23,900.52294921875,902.8156978051427,896.1325339733714,900.52294921875,5534614
2023-11-24,899.0594483982376,907.7427376445077,897.7911181670157,906.76708984375,7452002
2023-11-28,906.2793237215551,908.3769308976238,899.2546471984909,902.9620971679688,14231987
2023-11-29,908.2306003744137,918.1821607285481,903.4499021267856,916.7186889648438,11680078
2023-11-30,916.0845371003845,917.9382322384056,905.5963229827007,912.1819458007812,23950292
2023-12-01,913.1575988110403,928.8167345798552,910.2794258014757,923.6458129882812,16986046
2023-12-04,940.2318186642837,970.6232126126973,937.987840581793,967.0621337890625,33131257
2023-12-05,978.087029223942,991.0143640241587,970.8184403887726,988.7703857421875,31378461
2023-12-06,989.3068784993693,991.502086070004,975.8917211232683,978.8186645507812,18786590
2023-12-07,972.0866896120442,977.7942651351568,964.0864250614673,974.6721801757812,11841945
2023-12-08,970.2817634001109,988.1848771958599,969.0622036170539,986.2335815429688,16116363
2023-12-11,982.574942236379,995.1608235299625,980.1846526032307,992.3314208984375,11714606
2023-12-12,992.3313252533103,996.1363753842941,984.0383191898759,990.9654541015625,12380856
2023-12-13,990.0873978964831,995.8437438660465,984.6237939125858,989.2093505859375,15887040
2023-12-14,997.3559242186243,1014.6736719856876,996.3802764570995,1008.4783325195312,16317672
2023-12-15,1018.2348839122907,1018.2835948453201,1000.7219338654228,1012.1370849609375,14306067
2023-12-18,1004.8684475995219,1004.8684475995219,993.2095035223759,996.5755004882812,8592711
2023-12-19,1000.5268676099422,1000.5268676099422,987.9409865576811,990.7216186523438,10094256
2023-12-20,997.1120958683326,997.1120958683326,977.5991390020248,982.1359252929688,16490281
2023-12-21,972.2818028712693,986.2823845261098,965.1108153630744,979.940673828125,18064916
2023-12-22,978.5259862915714,984.965238040039,967.4523478809576,970.0866088867188,20881976
2023-12-26,970.6721055618648,973.2087662458342,965.7938661320611,970.8671875,14339699
2023-12-27,973.6478046781592,980.4285692907043,967.8426879365178,977.8430786132812,12996468
2023-12-28,983.4530114256305,987.0629203019365,974.7697219298256,981.4041748046875,24915990
2023-12-29,979.5991543717847,983.9895694390293,969.5012235366482,972.33056640625,12280140
2024-01-01,967.4035679755073,980.3796718566513,966.8669735931653,975.0624389648438,7683792
2024-01-02,972.7208835740646,973.3550784811775,956.3787824708895,958.330078125,16263825
2024-01-03,960.7204375897454,963.9400635440459,951.3541826195407,960.0862426757812,16826752
2024-01-04,962.3790429363942,965.0620744677926,957.9886277031968,963.1107788085938,22789140
2024-01-05,963.9400163911056,973.9891767169987,959.8422837638905,969.501220703125,14875499
2024-01-08,969.7939557543597,973.8916886039306,956.4275683980821,958.086181640625,8393164
2024-01-09,962.2326408633471,970.7695590966088,951.6468860736289,955.8909301757812,14660414
2024-01-10,950.5736686217577,970.7208201257515,950.5736686217577,968.8670654296875,9409181
2024-01-11,971.0622694484135,974.1843544018284,962.8180334077583,967.0133666992188,6451345
2024-01-12,970.5744738257089,984.1360028238887,967.598759779006,979.0626220703125,12255743
2024-01-15,979.0625946865415,987.0141482984905,974.9160914205547,985.2579345703125,12388044
2024-01-16,981.5993048814522,991.0631011947543,980.1358330664721,984.4774780273438,11505126
2024-01-17,963.8425433060156,983.2578999623713,952.9640458633737,957.84228515625,41914771
2024-01-18,950.2322029973618,970.086612247944,946.5247532036159,962.3302001953125,17902484
2024-01-19,967.1596680050709,986.2824009262613,963.500988695396,974.8673095703125,23271148
2024-01-23,1033.3085624484331,1033.6013044278507,996.331546511633,1003.9904174804688,50797448
2024-01-24,1004.3805964528723,1010.7223072563087,972.379419549497,974.8673095703125,34578943
2024-01-25,974.086809350288,990.380080339403,964.0864191743161,985.3555297851562,28315035
2024-01-29,995.1607457242064,1006.8685192033147,985.4042678249494,991.6484375,14078922
2024-01-30,990.233827264166,998.9170576629135,983.4530625914942,992.1363525390625,16085742
2024-01-31,992.0387268414895,1013.6981211276084,978.8187103188384,1003.1123657226562,25627447
2024-02-01,1008.77105449098,1008.77105449098,992.6241539100525,1000.1854248046875,13058880
2024-02-02,1011.8443169459497,1024.4301974773407,996.770605964979,999.0633544921875,14774650
2024-02-05,997.5999136860917,1001.4536750045531,987.453152358168,998.5755615234375,12948430
2024-02-06,998.6243361843565,1009.6979749138608,991.9411722900987,1001.4049682617188,12886927
2024-02-07,1002.9659386635358,1006.4295359934986,988.3312216596904,997.2584228515625,16410895
2024-02-08,999.1609061655041,1003.2098684279933,961.2570122719966,965.2083740234375,20565502
2024-02-09,964.7693393163379,989.0629942650385,961.5009428835466,986.0872802734375,12799837
2024-02-12,985.794584956461,987.5507391294831,961.2570183691254,971.8427734375,8050066
2024-02-13,981.5017091699309,1002.0391434670632,975.9405046734194,994.9656372070312,18706292
2024-02-14,984.9652512089306,1010.4784061393933,983.013955556177,997.7950439453125,17878720
2024-02-15,997.9413025485616,1001.6488117315333,982.0870262094294,991.892333984375,10069878
2024-02-16,998.2828945562029,1001.2097785647912,992.136324995411,998.3316650390625,7159395
2024-02-19,998.4291584000189,1020.5276050243264,998.4291584000189,1018.3323974609375,9388255
2024-02-20,1015.6981918880425,1027.0156825714587,1008.0880913935629,1023.2106323242188,11293528
2024-02-21,1031.064628645261,1038.0892450705965,1022.4788804830687,1026.3326416015625,15946325
2024-02-22,1030.284129893754,1040.0406083965356,1014.9665062834417,1036.8209228515625,13432573
2024-02-23,1043.9432895837097,1043.9432895837097,1031.894061415988,1035.4552001953125,13142759
2024-02-26,1027.454643303216,1036.4306742504732,1024.917982919419,1028.52783203125,7875941
2024-02-27,1025.1620110998556,1040.2357232242944,1021.015507605043,1034.3818359375,10580973
2024-02-28,1037.1135865360943,1038.9185111032964,1016.7713542133081,1020.72265625,7730332
2024-02-29,1017.6495772588014,1034.869667204587,1013.2103317291641,1026.57666015625,20944844
2024-03-01,1029.3084513108604,1063.40729502092,1028.3328034897127,1060.431640625,14909562
2024-03-04,1054.6752013263406,1068.3342696136383,1053.7970945454895,1065.748779296875,11424581
2024-03-05,1059.7486671027018,1072.724831392527,1050.284930417513,1061.5537109375,9222544
2024-03-06,1053.9923671118995,1086.4326564967669,1053.9923671118995,1070.3831787109375,21796484
2024-03-07,1068.285589791398,1068.3344198240536,1056.3339033595764,1061.4560546875,9963926
2024-03-11,1061.4558937916418,1061.4558937916418,1050.528686920811,1052.43115234375,13310362
2024-03-12,1050.821543798178,1068.1392927948118,1029.9426563996108,1050.6263427734375,21785435
2024-03-13,1050.9190113988607,1063.1146084324603,1047.016420348109,1057.5533447265625,24855870
2024-03-14,1053.6996058624843,1070.383159135781,1048.8701969746664,1057.2119140625,14231421
2024-03-15,1045.8945019150356,1059.7974838667978,1043.9432062025076,1054.0411376953125,66192734
2024-03-18,1048.870343968933,1058.3829111883333,1034.2356251698557,1054.8704833984375,8769440
2024-03-19,1052.1872820317788,1062.2365016265157,1049.0652568302282,1057.5533447265625,16708715
2024-03-20,1053.6996725881743,1063.4561510380647,1041.5040745258111,1058.090087890625,18725251
2024-03-21,1065.4073702120015,1073.212552411357,1052.870320123813,1055.455810546875,19992607
2024-03-22,1054.821699696048,1067.0660087880365,1052.431290998509,1063.7489013671875,17214415
2024-03-26,1054.675246883473,1062.626800085145,1050.7238257477718,1057.3094482421875,13367635
2024-03-27,1057.3095684040516,1065.8953174560265,1053.2607249476644,1057.3583984375,26907245
2024-03-28,1058.5778569174774,1078.1396428341293,1058.5778569174774,1066.67578125,22070566
2024-04-01,1069.3589072693567,1076.0907823680045,1067.7977753821392,1072.8712158203125,10848191
2024-04-02,1067.7978183376224,1067.7978183376224,1052.968017593616,1054.8704833984375,14380396
2024-04-03,1048.821274073248,1057.2606504701985,1046.1382429070143,1050.9676513671875,15477184
2024-04-04,1058.3339827305892,1059.358460590309,1037.5526363294593,1052.57763671875,21419689
2024-04-05,1043.9432619814309,1059.5536285157325,1041.4553121759684,1057.0169677734375,15340637
2024-04-08,1052.089788769452,1065.1634932016668,1050.0897822238517,1060.675537109375,8023461
2024-04-09,1065.3585653553457,1088.091206687122,1061.7975461708568,1080.0909423828125,12298463
2024-04-10,1083.8959718279336,1089.3596952702449,1078.2372855450287,1082.3837890625,10598000
2024-04-12,1076.6273862927333,1084.7740218982576,1069.1149455997045,1077.5054931640625,12216657
2024-04-15,1073.4077256256494,1079.2129018387545,1050.3824599986701,1052.08984375,10526597
2024-04-16,1044.4798308777445,1048.4311331262454,1036.8209001426994,1041.0650634765625,11278092
2024-04-18,1047.8458753081973,1051.7972970580554,1024.869318950788,1029.74755859375,16564216
2024-04-19,1027.3084408599673,1045.8945815764816,1022.5765722162078,1041.26025390625,11284433
2024-04-22,1052.5290536408547,1062.1878730451763,1044.2847570240194,1060.1878662109375,10346714
2024-04-23,1073.2126398224318,1073.2126398224318,1056.3338843025326,1063.7000732421875,9848215
2024-04-24,1065.6513328508768,1071.6515907716011,1062.4804774315448,1070.041748046875,5461309
2024-04-25,1063.4561708666527,1098.2380410085623,1063.407340834438,1086.6278076171875,19905338
2024-04-26,1085.066791491599,1092.7256033742926,1075.8956777866083,1080.9202880859375,14190059
2024-04-29,1081.017770192159,1135.1173934530657,1080.9202292309824,1131.8978271484375,28578063
2024-04-30,1131.702618945696,1141.0689331118688,1118.8241156136564,1122.38525390625,29568491
2024-05-02,1115.16550183226,1127.361100058772,1105.6529352155806,1111.701904296875,25118334
2024-05-03,1113.5070335814937,1129.2149414833987,1107.7993978952763,1114.23876953125,19933604
2024-05-06,1113.7508047401204,1130.2391574450266,1110.3847483382629,1118.3851318359375,14970524
2024-05-07,1119.9948918245757,1124.6780491020515,1098.8722113377237,1104.3358154296875,15097728
2024-05-08,1099.1161855626403,1104.4334189600957,1088.871882648258,1095.652587890625,19913090
2024-05-09,1093.262260852585,1101.3600666593375,1082.9691282557828,1088.5302734375,12229853
2024-05-10,1090.7742298713763,1101.408814608253,1084.969173156462,1089.847412109375,8573656
2024-05-13,1085.3106792591882,1103.1162523100456,1079.7494151217084,1100.53076171875,9707983
2024-05-14,1098.4818990233766,1100.4331946539014,1091.3109114007254,1093.26220703125,8944262
2024-05-15,1094.7743968933958,1100.335660935582,1086.3838494464303,1096.9696044921875,10743423
2024-05-16,1105.4090575401685,1108.8726551829923,1085.7010178338494,1103.506591796875,14265565
2024-05-17,1103.5065025670874,1116.1410940609796,1093.3109114992967,1102.9698486328125,8641784
2024-05-21,1094.8719034888254,1106.1895131432295,1089.0668467710689,1093.65234375,10452900
2024-05-22,1097.603764437141,1098.481871268217,1071.3588150501846,1084.042236328125,17527411
2024-05-23,1088.383958228494,1109.311556039796,1084.3349960118126,1106.8724365234375,13787687
2024-05-24,1102.4820558412257,1107.360295026364,1096.7745398141412,1104.384521484375,6312670
2024-05-27,1104.3358239678098,1119.8486485845435,1094.2378925514201,1102.2869873046875,11599857
2024-05-28,1104.9211184411913,1107.5553198262376,1097.6037600409186,1099.5062255859375,9311718
2024-05-29,1087.896192626463,1096.1891994265106,1071.7491729237856,1075.1639404296875,19268547
2024-05-30,1070.2857077875317,1093.7012565449618,1070.1881668205704,1086.5789794921875,15255387
2024-05-31,1090.774348346767,1103.0674880238118,1084.188725045031,1093.7501220703125,26197718
2024-06-03,1141.5079429889547,1144.4348864325161,1108.6286592786682,1131.75146484375,25699977
2024-06-04,1129.702611888,1131.1660835885812,1027.89378773711,1045.3577880859375,43476837
2024-06-05,1058.5778828175676,1095.8964118662052,1025.454687026523,1081.6519775390625,42172104
2024-06-06,1090.7742746935958,1090.7742746935958,1069.8953872976438,1083.359375,18574162
2024-06-07,1083.3594059306379,1100.8235264178431,1076.724952853582,1094.3841552734375,17197635
2024-06-10,1088.8228833488845,1105.6039769227384,1087.9447765589168,1096.4329833984375,10851455
2024-06-11,1092.4817843728597,1101.5553578834688,1083.9448648700577,1090.969482421875,12250002
2024-06-12,1093.701262866966,1105.7993202810974,1084.9204320321733,1092.28662109375,16096514
2024-06-13,1094.871890629427,1095.8475384090284,1078.090796459338,1080.383544921875,12494254
2024-06-14,1086.8716106071388,1086.8716106071388,1072.6758879821507,1078.7249755859375,11377979
2024-06-18,1086.8228143148967,1107.4090780810202,1074.3833049204777,1095.506103515625,18306176
2024-06-19,1100.4818894098034,1137.166342002539,1098.7257948267247,1116.580078125,34309514
2024-06-20,1125.9463631481642,1131.7514197743346,1107.84804927048,1128.62939453125,15475933
2024-06-21,1135.2150241220932,1141.4103637168316,1122.6291439176837,1130.434326171875,69259425
2024-06-24,1126.5317578554238,1147.0203616875408,1124.5804622523651,1141.60546875,12210295
2024-06-25,1141.7518255521975,1176.6312340234567,1139.2151651192685,1168.7772216796875,27309845
2024-06-26,1172.728745333667,1193.0709797006668,1164.7771913357117,1188.339111328125,25403461
2024-06-27,1198.4369251141775,1204.925006661883,1179.655705374711,1190.1927490234375,20516632
2024-06-28,1197.1199835394345,1197.1199835394345,1167.2163513291284,1170.38720703125,12507092
2024-07-01,1170.3870597440186,1185.7535123666644,1163.0209904215824,1182.3387451171875,8636894
2024-07-02,1187.3633258983155,1187.3633258983155,1156.6792514342421,1161.606201171875,16153925
2024-07-03,1167.70405183156,1186.24136013032,1150.7277562015904,1172.33837890625,22330897
2024-07-04,1199.0711636260962,1204.8762204814082,1184.729188396717,1202.9737548828125,15275791
2024-07-05,1195.1685483777583,1212.339925743088,1191.1195862106667,1203.364013671875,9535575
2024-07-08,1198.9736190942626,1209.3154620742414,1187.2658453589734,1204.973876953125,6617190
2024-07-09,1204.8762530735444,1219.7548826422453,1199.3639380524303,1217.8524169921875,13366874
2024-07-10,1222.2427770643699,1222.2427770643699,1206.2421293822567,1212.92529296875,18226503
2024-07-11,1215.998657353838,1227.1698965417374,1195.2174298923792,1208.291015625,11307116
2024-07-12,1205.8031641621653,1222.389177096727,1200.144359168967,1202.876220703125,12208290
2024-07-15,1203.071361476852,1208.2910537479374,1194.241819735426,1199.998046875,15612671
2024-07-16,1200.0467517768816,1214.6814682619654,1199.0711040112092,1209.7056884765625,12320605
2024-07-18,1204.8276591098086,1225.8528006567306,1201.70551425829,1219.8526611328125,10999632
2024-07-19,1213.7058895930675,1220.0476004309733,1210.0472102635063,1218.24267578125,7958817
2024-07-22,1209.803396134409,1214.9743776440412,1202.8763198631682,1210.9254150390625,9958965
2024-07-23,1210.9253291470568,1218.2426878788428,1182.972994972106,1196.8759765625,19369832
2024-07-24,1195.1685807983697,1203.6079582700647,1172.777510944099,1193.21728515625,20122521
2024-07-25,1176.143415035895,1188.5829244027202,1161.6062390935692,1168.728515625,14154461
2024-07-26,1161.020907069825,1190.2903417018374,1157.0694857554495,1177.802001953125,19309265
2024-07-29,1185.558499492736,1212.4863561230136,1174.8263732265093,1183.1680908203125,28458261
2024-07-30,1183.4607897362628,1200.876079269409,1175.0702424166864,1179.9971923828125,23972277
2024-07-31,1189.3147074879269,1194.8271415595514,1181.5095248300897,1185.3145751953125,22297629
2024-08-01,1182.97292613369,1192.875774860644,1177.5093224180825,1180.63134765625,8725046
2024-08-02,1167.8503708068586,1172.3871567184908,1161.1183774313038,1167.411376953125,10735395
2024-08-05,1153.2156685567127,1159.9476620150213,1138.5809519506631,1144.0445556640625,14306771
2024-08-06,1146.3862463365044,1158.776926636575,1133.215000102,1138.4346923828125,13575619
2024-08-07,1150.2399039367897,1151.0692998288628,1133.3124387535242,1143.898193359375,15753644
2024-08-08,1138.5321283444994,1145.8007757584114,1130.678235180199,1136.2393798828125,10806438
2024-08-09,1147.8984979263976,1152.1912530849597,1140.5323091971482,1143.0689697265625,8687307
2024-08-12,1152.3189994398172,1159.4533399572713,1137.5582949209468,1154.09033203125,10860455
2024-08-13,1164.3243778306348,1170.2779103089574,1145.0370803987933,1149.7113037109375,13117927
2024-08-14,1148.3827912230433,1151.3841824712085,1134.6061339161688,1143.1181640625,13431801
2024-08-16,1151.33488320732,1173.9679621079767,1147.0543031789523,1168.3096923828125,10961370
2024-08-19,1171.9999545311712,1176.67417769156,1154.58237101426,1157.140869140625,6686394
2024-08-20,1155.4679086606573,1170.8191375512558,1151.3349594196018,1160.6341552734375,10427061
2024-08-21,1158.223268928432,1159.846970432822,1146.513086110094,1156.1075439453125,17234142
2024-08-22,1163.1435847596479,1173.5744592109102,1157.829706794536,1172.098388671875,8564142
2024-08-23,1173.968043848346,1185.7766075752363,1169.589082848793,1184.300537109375,7518309
2024-08-26,1186.3178499958535,1195.5677952382332,1181.889638715724,1193.9442138671875,10920226
2024-08-27,1193.9442695051366,1212.8379237983015,1189.6144386937667,1206.7860107421875,16295325
2024-08-28,1203.1451193533376,1206.8352956977394,1197.8804917932434,1204.325927734375,12291305
2024-08-29,1199.504093644897,1215.2980967161698,1197.5852499624118,1202.4071044921875,10806748
2024-08-30,1210.3777397050092,1215.8392482869917,1199.4548426639624,1209.5904541015625,21211148
2024-09-02,1219.2341641068904,1219.4309254466023,1202.997389524353,1210.3284912109375,12516759
2024-09-03,1207.6224463883482,1230.9935629487222,1200.930998773239,1227.79541015625,19114907
2024-09-04,1220.070629288316,1223.859186152754,1213.1331701237295,1216.62646484375,13505843
2024-09-05,1218.2502546691317,1224.9909529744998,1211.65718744667,1216.23291015625,9142811
2024-09-06,1206.3923063523205,1214.21555165295,1185.7765708665058,1188.8763427734375,10170479
2024-09-09,1183.710090812365,1218.5453765912819,1181.299103730193,1215.2979736328125,13863250
2024-09-10,1217.216888818786,1221.5467196441462,1207.4256692162026,1217.5614013671875,15545130
2024-09-11,1211.8538609951502,1219.5294755207808,1206.83524540051,1216.62646484375,11993242
2024-09-12,1218.2502705064035,1236.9471648033514,1206.7860981365827,1232.174560546875,15376442
2024-09-13,1232.0267776590285,1235.9137150505585,1222.2355585854264,1230.403076171875,9877288
2024-09-16,1231.042802375231,1245.4098646133787,1224.8432581989914,1242.7037353515625,8973335
2024-09-17,1239.849987924078,1251.9538142521255,1238.3247871252927,1247.8699951171875,11513121
2024-09-18,1241.8672616672682,1274.6852037097235,1241.8672616672682,1267.796875,12466597
2024-09-19,1267.7968764476732,1279.2610475522447,1264.8447355687065,1271.388671875,13172268
2024-09-20,1274.340862241716,1340.616403523679,1270.9459481482343,1317.09765625,73257767
2024-09-23,1309.7664484410157,1310.553734024932,1287.62539277616,1300.8116455078125,11380409
2024-09-24,1299.9260678444703,1310.1601805182468,1294.4645590257803,1297.5643310546875,13886037
2024-09-25,1289.8395992053097,1306.568398126912,1289.1999446337225,1302.7305908203125,8728019
2024-09-26,1298.9419832399822,1312.0789860913483,1295.8914616978661,1307.84765625,11100869
2024-09-27,1311.7346011418329,1311.7346011418329,1283.0496081575457,1285.7557373046875,17117379
2024-09-30,1271.4871691598821,1276.1122623682022,1250.625419751032,1252.69189453125,12622212
2024-10-01,1249.542987688833,1259.8262312755362,1247.3780121127852,1254.069580078125,10972413
2024-10-03,1233.6012439093365,1245.5574384870451,1228.2382360313827,1236.307373046875,17648551
2024-10-04,1227.2048887996382,1244.2289485494368,1216.4787533567373,1219.97216796875,13488887
2024-10-07,1221.7435594913184,1242.8020684792546,1205.4575341441214,1214.215576171875,20667247
2024-10-08,1221.202267135771,1227.8938344569156,1210.1317389284563,1216.8724365234375,12219259
2024-10-09,1223.2195743635768,1244.9177369185495,1212.9854623508438,1224.302001953125,14765997
2024-10-10,1226.8606284171833,1234.6837542167523,1218.2502169484444,1223.6624755859375,9118195
2024-10-11,1217.2661601929808,1221.0055869072553,1202.5054549359925,1203.489501953125,8472512
2024-10-14,1201.5213486036762,1218.1517663968125,1197.9788035414683,1212.099853515625,11833929
2024-10-15,1219.1849221736488,1238.2263267782284,1215.691627570544,1235.470947265625,11657338
2024-10-16,1228.5826203359522,1234.9296751311315,1221.7926723383464,1223.3179931640625,7869727
2024-10-17,1229.5175181191341,1236.897870871355,1204.867212000474,1211.60791015625,8459497
2024-10-18,1208.3604278039818,1248.6572232672752,1205.7035490362575,1244.327392578125,11018126
2024-10-21,1244.3274858742436,1252.0522311372122,1230.6000776735575,1238.9644775390625,7742775
2024-10-22,1246.3938747133964,1264.4019824079978,1239.653176958133,1247.279541015625,20090801
2024-10-23,1240.8832443668052,1247.7223228428932,1223.2196490881518,1231.6331787109375,14055447
2024-10-24,1230.3047750515273,1240.3420065108755,1221.251590602818,1232.764892578125,12223031
2024-10-25,1227.3526156126327,1248.657257098042,1214.5107542672154,1235.4217529296875,13546055
2024-10-28,1264.9924978474703,1286.9367953731105,1260.1706432204314,1272.2252197265625,24096412
2024-10-29,1280.5894733227,1314.0470695956533,1278.5229987539544,1310.6029052734375,20656117
2024-10-30,1302.878217992093,1309.6681662645217,1284.771729306591,1291.21728515625,15055031
2024-10-31,1286.3953474845157,1297.908648500615,1267.9937179678298,1271.6346435546875,23497314
2024-11-01,1269.3713115804678,1275.521605000899,1265.7303859247397,1271.19189453125,1007022
2024-11-04,1269.5189366152897,1271.1918884914494,1249.7888674900407,1256.82470703125,14309121
2024-11-05,1252.6918064806564,1280.540384084737,1242.9497173467564,1276.013671875,16431920
2024-11-06,1279.507133687592,1294.0218271864514,1272.077530661039,1281.5736083984375,12037405
2024-11-07,1276.4565194695,1282.016408736549,1254.905867336954,1258.30078125,9909035
2024-11-08,1249.739603368689,1254.6598380276207,1232.7155433996181,1238.7674560546875,11195808
2024-11-11,1241.8673121816607,1255.545589486218,1226.7622147783625,1249.0509033203125,8387780
2024-11-12,1255.7915869540607,1274.34084864136,1244.3274155266408,1250.330078125,13486168
2024-11-13,1250.330002060316,1255.8898912252891,1230.058659378344,1233.6995849609375,12260404
2024-11-14,1233.7488030417599,1247.4762092717035,1223.219549242433,1236.897705078125,9506892
2024-11-18,1239.8991689148563,1242.4576669848584,1229.468295169204,1233.45361328125,6195554
2024-11-19,1236.996341503432,1240.8832791422965,1221.054707873685,1229.173095703125,11537317
2024-11-21,1228.6318816632047,1236.8486497660301,1212.887130281342,1230.5999755859375,9593870
2024-11-22,1237.931065448711,1260.9577881469831,1235.962971544977,1257.6612548828125,11604338
2024-11-25,1275.3249381508517,1290.2824048083883,1269.420656029783,1280.1959228515625,22717581
2024-11-26,1289.691969633128,1293.2837651950626,1281.6719625867895,1284.132080078125,7646955
2024-11-27,1277.7849738450245,1289.9379297411074,1277.1453192983001,1279.9498291015625,21938082
2024-11-28,1280.294297193127,1289.593492566128,1261.8434173872402,1265.8287353515625,22803745
2024-11-29,1262.6306978559342,1282.4592691846208,1262.6306978559342,1279.3594970703125,11397228
2024-12-02,1279.1626909163074,1289.6428152581445,1268.58418590124,1283.8369140625,9626400
2024-12-03,1283.1480184509742,1291.8569303693412,1275.4232736408442,1287.527099609375,11509276
2024-12-04,1281.819549984778,1298.9419911656362,1280.9338836934899,1295.0550537109375,11570281
2024-12-05,1295.2518809925427,1321.4767579162362,1287.7238973177443,1315.1788330078125,19210697
2024-12-06,1321.0831368877882,1325.6097291981625,1305.5351457750585,1307.552490234375,8942672
2024-12-09,1301.008440803049,1307.8476391384686,1299.1879779810015,1301.205322265625,8000764
2024-12-10,1297.957930171136,1310.750540551898,1294.2677540997624,1309.2252197265625,8218214
2024-12-11,1303.567008056277,1310.01256393174,1295.005847236935,1306.3223876953125,8138066
2024-12-12,1300.467319981326,1317.392879799611,1300.467319981326,1308.04443359375,9076896
2024-12-13,1304.206657466483,1325.658929951843,1292.5457246301107,1323.44482421875,13536684
2024-12-16,1323.4448020295467,1328.9061906725217,1318.672198220594,1324.6256103515625,9071006
2024-12-17,1320.591043814433,1326.5937063526414,1304.8955425723648,1312.47265625,9879257
2024-12-18,1304.108322781897,1313.6535308964567,1286.5922376487658,1293.1854248046875,8510595
2024-12-19,1265.4844508567164,1282.2132499737959,1263.9591299468714,1266.3701171875,11517304
2024-12-20,1263.4671101390386,1277.0470069229707,1252.1014392500044,1267.84619140625,58491181
2024-12-23,1273.9964575675247,1286.149413849784,1266.5177244802055,1276.1121826171875,6827512
2024-12-24,1276.1122805813325,1283.689394924585,1269.6667242632777,1276.5550537109375,7138516
2024-12-26,1286.149397655659,1291.8076677677632,1268.6333134333681,1276.6533203125,7338444
2024-12-27,1277.834372258314,1294.9566951975391,1277.834372258314,1286.6907958984375,4756066
2024-12-30,1284.1320718868315,1305.3383325760412,1268.8793435378464,1273.9964599609375,14207425
2024-12-31,1266.3701041548643,1269.3713754212274,1259.6785365277274,1261.203857421875,8449607
2025-01-01,1261.2039030056599,1272.3728127979782,1246.8859706361397,1263.1719970703125,4705399
2025-01-02,1264.5988495821298,1272.7664882086394,1258.0057823459824,1270.0111083984375,7433222
2025-01-03,1265.6811494083963,1267.4524819820733,1242.1132728120124,1244.86865234375,11194997
2025-01-06,1247.8208957681682,1257.3661039966464,1236.9471279387867,1243.933837890625,7504047
2025-01-07,1246.2955634538516,1268.387371227451,1246.2955634538516,1258.8421630859375,7539758
2025-01-08,1260.1213925757818,1264.500353533012,1232.3711960120443,1243.58935546875,7566309
2025-01-09,1237.9311554007072,1244.5734728084612,1228.1890658447487,1242.260986328125,8684920
2025-01-10,1238.9151869887507,1244.7702186556908,1223.2688154875007,1229.9111328125,7854524
2025-01-13,1215.1997021699149,1224.1052557235084,1205.3592318634503,1210.1318359375,9669336
2025-01-14,1213.6743510380347,1224.9908916090162,1207.868449677033,1220.5135498046875,10342698
2025-01-15,1214.3138943569554,1224.5480063080474,1210.3777066929133,1218.49609375,5355382
2025-01-16,1225.2369076646085,1235.4710205893364,1219.8738995113004,1229.173095703125,11895924
2025-01-17,1223.51473271735,1229.0746219251816,1198.569166937447,1205.9002685546875,9790533
2025-01-20,1204.3752079938956,1221.9404238041425,1195.8631769905248,1213.28076171875,7676418
2025-01-21,1217.216791341657,1219.1848851844006,1173.6727150709557,1177.0677490234375,20520898
2025-01-22,1181.840346118592,1188.236651072606,1172.787162540538,1181.299072265625,10377123
2025-01-23,1178.150279677383,1188.6304043313805,1167.0797508434964,1182.5784912109375,8770650
2025-01-24,1183.9070048715128,1198.569330226456,1182.824577120033,1189.90966796875,9216792
2025-01-27,1175.9361728164579,1214.9536606503923,1174.0664594794448,1208.3604736328125,16164687
2025-01-28,1227.4509517938643,1243.8353577059515,1216.28204282006,1227.0081787109375,18066499
2025-01-29,1232.0268875547777,1235.7663143361442,1223.2197146425951,1231.6824951171875,7666777
2025-01-30,1230.058696999526,1239.7515355072983,1219.72620394473,1235.5693359375,11921041
2025-01-31,1234.4870409428568,1235.963111537846,1219.332692143045,1232.814208984375,10195417
2025-02-01,1231.1904328305643,1241.2276642201673,1214.117241339197,1235.520263671875,3011914
2025-02-03,1226.9589513144845,1239.8991931084147,1218.0533982313877,1233.0108642578125,6176831
2025-02-04,1242.6546259748302,1260.0722101946521,1239.8992462672875,1247.9683837890625,14839077
2025-02-05,1249.9364358288246,1257.366038635732,1244.9670706142904,1247.476318359375,6840709
2025-02-06,1254.6598163131562,1258.5960039721779,1243.0480146698765,1252.101318359375,8396554
2025-02-07,1251.707841237699,1254.6599823726938,1229.616033126662,1236.8487548828125,7382039
2025-02-10,1237.143764104477,1244.8193782805915,1229.4190196551453,1242.4576416015625,5740361
2025-02-11,1235.815414286521,1241.7196963503554,1228.48431210643,1232.764892578125,6586627
2025-02-12,1237.1437132102558,1249.49354984024,1224.7939967031841,1231.8299560546875,8809352
2025-02-13,1232.5681139223714,1245.8034979804984,1226.0241773689,1228.976318359375,7263785
2025-02-14,1232.125182860914,1243.3433423047895,1224.5971995418054,1239.99755859375,10368438
2025-02-17,1231.1904296875,1238.0787586965241,1213.5759643398394,1231.1904296875,8386151
2025-02-18,1232.912442887429,1237.537415485285,1217.3153228151366,1223.2196044921875,8135042
2025-02-19,1215.150440982361,1244.2782088063445,1210.6238487061553,1241.52294921875,10683412
2025-02-20,1235.323399403501,1243.8354301295267,1226.8606190775215,1230.009521484375,8398849
2025-02-21,1221.3007691973355,1224.843314551203,1205.0148626007026,1213.28076171875,7786428
2025-02-24,1207.1304651110468,1212.2475818317712,1190.9429392289517,1198.9136962890625,11522480
2025-02-25,1207.0320830347105,1212.0015686679765,1201.5214435997075,1204.6212158203125,11059417
2025-02-27,1205.6052412387521,1215.1504493679895,1199.0120540726923,1202.9482421875,12008162
2025-02-28,1196.6011747582393,1205.4575979266801,1180.9548031360748,1184.8909912109375,20215075
2025-03-03,1191.188847446512,1197.5851526992194,1184.9401732626818,1186.9573974609375,8158881
2025-03-04,1187.8923015092375,1197.2407475483415,1187.0066352283177,1191.0904541015625,9574490
2025-03-05,1197.5852173719204,1206.3923901078597,1191.9761974350436,1196.305908203125,9052846
2025-03-06,1208.3604997504162,1208.3604997504162,1189.7128566225836,1198.6185302734375,11949475
2025-03-07,1191.7792822265046,1198.4215993904008,1187.0559287614878,1195.17431640625,6620284
2025-03-10,1188.7287844485525,1206.2448692222129,1188.7287844485525,1195.469482421875,7363437
2025-03-11,1197.7819082260587,1228.0906025562624,1197.7819082260587,1225.5321044921875,10927950
2025-03-12,1227.0573656262773,1231.9776006544478,1215.5933141089804,1224.105224609375,11548372
2025-03-13,1231.0919570840585,1235.5692985318378,1225.4336872491594,1230.10791015625,8132940
2025-03-17,1236.9964228158067,1253.626722273369,1234.7330664957105,1248.7557373046875,11164812
2025-03-18,1248.7557373046875,1248.7557373046875,1248.7557373046875,1248.7557373046875,0
2025-03-19,1284.771625690972,1297.2690935608202,1281.3767118900164,1292.1519775390625,11278014
2025-03-20,1298.9420363179743,1303.1242360561191,1290.1348637421092,1300.6148681640625,10886735
2025-03-21,1295.005932648197,1327.47948567053,1290.676101553966,1321.673583984375,60494318
2025-03-24,1334.3185449313019,1351.0965951268047,1323.592528220555,1336.4835205078125,9352280
2025-03-25,1337.3198832805363,1342.0433569660177,1308.8317704607064,1322.263916015625,16419207
2025-03-26,1322.608385783058,1336.3357930453642,1310.2585481884407,1314.58837890625,10859639
2025-03-27,1311.8822515956433,1329.9394896015347,1311.8822515956433,1315.326416015625,15109614
2025-03-28,1314.6867654992452,1336.2865486646785,1306.027104024632,1326.8397216796875,8266544
2025-04-01,1318.6230094191676,1330.7759661157215,1294.4154767036698,1297.416748046875,14288024
2025-04-02,1301.0577695360655,1316.605640115626,1301.0577695360655,1310.0125732421875,8042214
2025-04-03,1300.8608684683468,1311.7346357410256,1300.172083625529,1308.3397216796875,4591008
2025-04-04,1308.3397764539347,1317.196199721689,1301.0085540085365,1313.998046875,8648542
2025-04-07,1274.5868794921314,1303.8622778051142,1244.8194576780902,1267.009765625,19185012
2025-04-08,1279.113469327377,1289.1508208042862,1266.8128818235116,1279.1627197265625,13085762
2025-04-09,1284.1320386492785,1284.2796697185806,1264.008326268558,1280.04833984375,13005622
2025-04-11,1284.2796640863085,1303.8622226242683,1284.2796640863085,1290.7252197265625,13064247
2025-04-15,1329.4474418665204,1332.6948448810174,1314.8834988213314,1328.66015625,15202603
2025-04-16,1335.35175670462,1338.0086355110902,1321.4767182608662,1334.7613525390625,14039073
2025-04-17,1340.271938683508,1386.4237644145942,1338.4022254639915,1384.2587890625,17490424
2025-04-21,1413.0915548092914,1413.0915548092914,1382.2908342910866,1387.3095703125,16882426
2025-04-22,1390.2616620074302,1396.1659440599142,1376.5833845612567,1393.902587890625,16135274
2025-04-23,1406.2031056627204,1407.0887719511927,1388.7855225220842,1401.676513671875,13990764
2025-04-24,1393.7057666784372,1398.5275007158652,1376.4849447649922,1380.3226318359375,15678099
2025-04-25,1387.5061560869792,1392.2296293483562,1366.2507666566128,1382.38916015625,11705093
2025-04-28,1383.1763860592027,1412.1073907727903,1381.4051736009749,1406.00634765625,10948561
2025-04-29,1406.0063095097996,1415.354755397171,1399.9051464358704,1406.9903564453125,10786910
2025-04-30,1410.1393895834246,1410.828174453101,1377.665837694902,1404.235107421875,14192027
2025-05-02,1404.136620262742,1423.5222971739024,1401.8732642232824,1407.2855224609375,8842434
2025-05-05,1417.0276759030696,1423.719243532893,1403.251017942901,1406.5968017578125,4565705
2025-05-06,1406.2030986214052,1410.8280712604956,1397.740318833432,1408.7615966796875,6301690
2025-05-07,1402.2669857299177,1418.9957848579238,1398.3307976997987,1412.5010986328125,10480453
2025-05-08,1415.6500090207114,1425.7857413048096,1403.3494213569647,1412.5994873046875,15306490
2025-05-09,1392.6232842813388,1397.2483773146432,1364.8732065732167,1366.742919921875,13491197
2025-05-12,1386.9158758891217,1429.8203013758846,1381.601998025975,1425.39208984375,9925445
2025-05-13,1417.126034216079,1424.8016487219365,1404.6286855985884,1407.777587890625,12475424
2025-05-14,1407.088799803615,1417.7164351068907,1394.6898318883327,1403.44775390625,8026837
2025-05-15,1403.152601872172,1433.2644152009339,1392.9184893353395,1427.6553955078125,18209264
2025-05-16,1430.115536446277,1435.4292940858757,1423.915992369514,1430.8043212890625,6439208
2025-05-19,1423.4240376832488,1436.413410510274,1420.7671587350164,1425.8841552734375,6005334
2025-05-20,1427.0649116587983,1435.724573309837,1412.5994688048465,1415.25634765625,11352383
2025-05-21,1419.88149736354,1428.1475165201844,1415.5516663650185,1421.6527099609375,5510460
2025-05-22,1418.11006923761,1422.2431385993382,1405.0223165661077,1419.0941162109375,7245933
2025-05-23,1419.1925334305297,1428.639480716087,1411.5170389146704,1426.67138671875,5203706
2025-05-26,1434.7404521515875,1448.1234666381572,1431.7883113035389,1437.2989501953125,5608725
2025-05-27,1429.3282240162364,1439.660717201896,1412.7961868700127,1423.3255615234375,14842959
2025-05-28,1424.5063806110309,1434.7404932016627,1419.487765050342,1430.6075439453125,8618343
2025-05-29,1433.3627849687755,1439.5623288964678,1421.9478642011566,1433.264404296875,15545514
2025-05-30,1436.6102684488903,1437.5943154688398,1421.2591589622632,1422.7352294921875,11803975
2025-06-02,1418.9958296640707,1436.7086763589064,1409.9426449581042,1427.3602294921875,9458990
2025-06-03,1431.6899803606145,1431.7883610343827,1409.1552804132207,1414.961181640625,11167345
2025-06-04,1414.4691895072294,1417.1260683724902,1403.6446724484365,1408.1712646484375,8025388
2025-06-05,1408.072806574806,1435.724501880477,1404.5302615748733,1431.591552734375,11385668
2025-06-06,1425.4904326139017,1438.0862820195339,1419.0941272375726,1436.413330078125,11580994
2025-06-09,1441.6289396983907,1443.40027245163,1410.5330766960358,1411.9107666015625,11022031
2025-06-10,1416.0435714397854,1418.7004501751119,1393.902514902332,1400.200439453125,12905272
2025-06-11,1399.1180802484353,1411.6154291671444,1395.9690577575766,1408.1712646484375,7136877
2025-06-12,1407.679242298958,1413.5835243358638,1397.3467487343728,1402.4637451171875,7953247
2025-06-13,1381.2083238229704,1398.822788875249,1381.2083238229704,1393.5089111328125,7573103
2025-06-16,1394.000986381205,1406.2031934701922,1391.639249505445,1404.13671875,5451137
2025-06-17,1404.1366513466178,1406.990411596049,1395.1818479070278,1400.49560546875,6970098
2025-06-18,1394.3945278693373,1409.1552321163663,1387.7029605615166,1390.064697265625,6751745
2025-06-19,1385.538241229197,1392.1313083904192,1382.2908379271437,1388.78564453125,8849883
2025-06-20,1388.7856250535913,1410.4346597691706,1387.7030772194692,1404.33349609375,12408178
2025-06-23,1394.394668602004,1400.4957122573712,1389.3760526760818,1397.4451904296875,5514384
2025-06-24,1404.9238929302046,1412.993150628414,1393.9026142728064,1401.38134765625,11188438
2025-06-25,1399.3147727333048,1406.104720760603,1392.7217061711412,1403.05419921875,7527388
2025-06-26,1402.0701682033073,1424.4079863300926,1399.0195265038492,1416.1419677734375,13617435
2025-06-27,1415.9451910518737,1442.6128395732899,1414.1738584793554,1438.8734130859375,22532899
2025-06-30,1438.4799818113797,1438.5783624887893,1419.291064922364,1422.7352294921875,6325073
2025-07-01,1422.6366689959384,1424.506382279972,1406.7935366641375,1409.1552734375,7761449
2025-07-02,1409.352049520214,1427.8521809615802,1399.905222450911,1405.0223388671875,13372280
2025-07-03,1409.253631009119,1423.030288484485,1400.9876124993152,1403.152587890625,10177738
2025-07-04,1404.2350901711065,1421.35753225384,1398.4291887589882,1419.7830810546875,5066503
2025-07-07,1414.0754516482682,1417.9132587357801,1406.7934802735126,1412.796142578125,5177477
2025-07-08,1409.1552578612602,1421.947868442403,1407.1871639257,1418.9957275390625,5315847
2025-07-09,1413.2883371129633,1415.7484547587683,1403.8415093776578,1409.0570068359375,8827347
2025-07-10,1413.8788169776346,1416.0436723886824,1399.4132536015054,1401.38134765625,7795964
2025-07-11,1399.3148113378843,1405.2190932422636,1392.032839631232,1399.2164306640625,7158015
2025-07-14,1402.1686636122888,1402.1686636122888,1393.5090015352046,1400.2989501953125,5846154
2025-07-15,1398.429159387504,1410.9266282871913,1396.3626847243358,1407.9744873046875,6041457
2025-07-16,1403.2510104989537,1406.3999128239755,1396.4610622300193,1403.6446533203125,5649093
2025-07-17,1398.3308611520058,1400.495716617636,1387.0143200519017,1396.0675048828125,12927394
2025-07-18,1393.213729649599,1406.2031014317106,1386.0301388149505,1403.05419921875,11297246
2025-07-21,1424.9000530820128,1444.2857308931439,1414.07553610418,1442.4161376953125,13867136
2025-07-22,1450.5836983181339,1458.3576938551728,1446.25386737522,1450.0916748046875,8930165
2025-07-23,1459.243275244324,1466.2299847038992,1449.1075434082761,1464.852294921875,11974174
2025-07-24,1463.9666816111749,1464.9507286163912,1454.5198543856832,1459.7353515625,6700578
2025-07-25,1476.0704664133914,1476.0704664133914,1450.0916021799312,1453.5357666015625,8696077
2025-07-28,1453.5358600374882,1469.969517693696,1453.5358600374882,1464.6556396484375,7507479
2025-07-29,1456.2911765714125,1466.0332658775797,1451.8629650797843,1462.4906005859375,9776027
2025-07-30,1463.9667199639605,1464.754005637929,1453.7327269399423,1458.7513427734375,7238625
2025-07-31,1446.4507928310486,1470.6583264040125,1440.6448911712775,1457.767333984375,12406146
2025-08-01,1456.7831967694258,1461.408169601032,1446.3523226373668,1448.12353515625,4416771
2025-08-04,1453.240679444368,1455.2087734738848,1437.987950715613,1439.8575439453125,6140054
2025-08-05,1429.820201520808,1438.184600497358,1418.0116382597967,1421.357421875,14799343
2025-08-06,1419.291123395121,1430.8044259536912,1418.6022183790183,1420.5703125,7805252
2025-08-07,1418.110163604165,1424.8017315172433,1406.301599138448,1417.322998046875,7432535
2025-08-08,1422.8336344297813,1424.5064663430474,1409.1553565946745,1412.9931640625,5415511
2025-08-11,1405.1207239838918,1415.4532174004985,1397.7403715434584,1413.681884765625,8492484
2025-08-12,1419.0368204237539,1421.8134608053708,1408.2279203629066,1410.112060546875,5913947
2025-08-13,1412.6902784003407,1415.7643381003145,1403.368838463484,1408.922119140625,9009465
2025-08-14,1400.1956576735638,1419.1359571615956,1400.1956576735638,1415.3677978515625,7577793
2025-08-18,1437.8779693374279,1440.2579294966365,1419.0368097392131,1422.606689453125,6908844
2025-08-19,1419.1358802007367,1426.474039895735,1414.3760811646432,1424.29248046875,6709554
2025-08-20,1420.6234166864958,1423.8958770531979,1411.1036970512757,1418.64013671875,5817858
2025-08-21,1428.0606770004104,1435.6963772945633,1424.3916575816534,1433.911376953125,6238645
2025-08-22,1432.2257038615987,1433.9114434457279,1417.450243616132,1424.3917236328125,6657207
2025-08-25,1423.8958843891958,1423.8958843891958,1412.0953443103494,1421.2183837890625,6738427
2025-08-26,1415.9627825871721,1415.9627825871721,1401.2864621426106,1404.7572021484375,8720155
2025-08-28,1396.2290622275916,1399.9973424915918,1384.6269231275805,1387.4034423828125,12990789
2025-08-29,1380.4619594997932,1393.254139151069,1380.4619594997932,1386.1143798828125,8519507
2025-09-01,1386.4117998354175,1400.5922996421114,1386.4117998354175,1399.2039794921875,4927348
2025-09-02,1402.0798141390458,1402.0798141390458,1378.3795940317052,1382.54443359375,7163073
2025-09-03,1377.387925122752,1388.2959648465462,1372.6280048233573,1385.321044921875,9813382
2025-09-04,1398.1132401473494,1403.2697196534332,1390.180120261188,1393.75,10564859
2025-09-05,1399.2040313658385,1399.699851362779,1376.098771088494,1391.0726318359375,6621077
2025-09-08,1390.4775686686341,1398.807368933041,1385.9160488487796,1390.973388671875,5880943
2025-09-09,1387.304306420236,1395.7332460946977,1383.5360261458507,1391.9649658203125,6470679
2025-09-10,1398.2123094765393,1401.8813288190768,1390.3783297737682,1392.163330078125,7452347
2025-09-11,1386.3126886500647,1396.2290884258164,1384.3294086949145,1389.882568359375,10192026
2025-09-12,1393.3532613043915,1407.8311802789096,1388.39506158368,1405.847900390625,7770038
2025-09-15,1410.1120532176328,1414.8719735471493,1404.4597537449094,1407.5338134765625,5845637
2025-09-16,1402.1788926034542,1412.987792293879,1401.8813521978338,1409.71533203125,8213151
2025-09-17,1408.2279494348236,1414.1777894755733,1404.5589298296168,1407.33544921875,7484283
2025-09-18,1419.1358927633355,1420.821753289835,1403.4680543540285,1409.814453125,8130537
2025-09-19,1404.26135906907,1406.145499251229,1388.494259091765,1390.4775390625,13457344
2025-09-22,1392.1634074537787,1398.1132473992611,1385.5193468847744,1389.783447265625,8847948
2025-09-23,1379.3712163938944,1391.568436605077,1379.3712163938944,1382.6436767578125,12827524
2025-09-24,1374.8096433544556,1379.2720231049968,1364.9923836933056,1371.1405029296875,9735678
2025-09-25,1365.488259405882,1379.867039189023,1360.331779903573,1364.29833984375,21613389
2025-09-26,1356.563442311047,1361.2241016242142,1345.655402935739,1348.233642578125,18342280
2025-09-29,1348.233693764239,1355.076033842118,1334.9456938107846,1336.829833984375,20563163
2025-09-30,1342.3830124406416,1345.2587926353076,1331.3758327091439,1336.730712890625,20166871
2025-10-01,1336.7306701838102,1367.8681892333634,1335.8381700071102,1360.530029296875,20952632
2025-10-03,1360.4309257938526,1360.4309257938526,1349.9195661151996,1353.786865234375,12163695
2025-10-06,1359.5383926525742,1361.1249923873581,1347.73785285358,1352.001953125,14314283
2025-10-07,1352.2002408686599,1371.5372203120692,1352.2002408686599,1364.3974609375,16126464
2025-10-08,1360.8276403806535,1370.0498198860423,1352.8945202642897,1358.8443603515625,8100832
2025-10-09,1358.3484255020637,1367.173924045517,1353.687645197864,1364.69482421875,7909575
2025-10-10,1358.8443421746942,1373.4214017735967,1358.8443421746942,1368.7607421875,7673816
2025-10-13,1361.6207839903618,1374.8096436760768,1361.6207839903618,1367.8681640625,8923018
2025-10-14,1377.3878684808556,1377.3878684808556,1363.6040491867466,1372.52880859375,10610855
2025-10-15,1374.9088107982643,1388.692630514965,1373.9171708337506,1386.7093505859375,8988550
2025-10-16,1389.287635646356,1407.0380158006922,1387.7010358612888,1405.451416015625,12185032
2025-10-17,1400.1956466119625,1427.5648857493748,1399.1048668479334,1424.5899658203125,17037215
2025-10-20,1429.944862993793,1432.9197829584125,1377.5862231965677,1378.6771240234375,23330227
2025-10-21,1372.9255110082336,1375.999570643796,1364.3974316467445,1370.4464111328125,3415560
2025-10-23,1373.4214191916344,1378.1813396780694,1348.7295586366392,1352.2994384765625,21124942
2025-10-24,1356.66265330236,1370.0497932383416,1356.66265330236,1366.182373046875,10570263
2025-10-27,1370.5456319928564,1375.206412664237,1362.5133721313011,1366.083251953125,11499836
2025-10-28,1361.521728041381,1364.298368477702,1344.8621275230646,1351.7044677734375,26477914
2025-10-29,1353.191921020162,1360.2325408166014,1347.043801434495,1358.9434814453125,16129382
2025-10-30,1351.0103759765625,1358.7450954369456,1349.9195961737937,1351.0103759765625,9324401
2025-10-31,1345.6554843440952,1350.6136843601014,1332.07006472016,1334.0533447265625,15926798
2025-11-03,1329.2933430972657,1340.3005222505137,1326.715103456384,1335.14404296875,11071450
2025-11-04,1331.375810196628,1338.5156906678078,1322.0543701938611,1325.7235107421875,15211183
2025-11-06,1318.88116976713,1330.979129069885,1306.386530263507,1309.3614501953125,24221853
2025-11-07,1309.3614221413634,1333.0616413002483,1307.576421800604,1331.7724609375,7719245
2025-11-10,1331.6733731274833,1338.3173126722259,1329.7892329275433,1336.730712890625,8542340
2025-11-11,1337.7222802082897,1349.0269997439532,1334.9456399539874,1346.944580078125,8305184
2025-11-12,1358.5467300041707,1358.5467300041707,1344.0688109600715,1347.53955078125,9736761
2025-11-13,1347.5395638924115,1378.7762225869417,1347.142883699029,1374.3138427734375,18296626
2025-11-14,1362.513368521827,1369.653128146561,1351.8036080349211,1361.521728515625,9694498
2025-11-17,1363.6041374139656,1370.9422976111398,1362.1166774165574,1367.4715576171875,7660717
2025-11-18,1368.6614140079962,1371.2397747243117,1357.6542347453071,1361.9183349609375,9529560
2025-11-19,1362.0175118520117,1372.4297316368286,1360.133371680989,1371.5372314453125,10393918
2025-11-20,1368.5623301618334,1376.6938507345087,1363.9016706145442,1371.4381103515625,10131863
2025-11-21,1361.5216431243439,1364.4965629563708,1353.1918433847088,1358.0509033203125,11483595
2025-11-24,1361.8192653055182,1365.488284898759,1350.1178648436169,1356.960205078125,15896003
2025-11-25,1353.5886121834044,1365.3891524995797,1342.978112507823,1346.4488525390625,12235000
2025-11-26,1348.6304048295453,1365.4882848899147,1348.5312650391513,1363.5050048828125,9659004
2025-11-27,1367.471557668799,1382.3461576434415,1364.1990972544559,1380.5611572265625,15158741
2025-11-28,1380.3628968845176,1386.8085569633604,1374.0163765969262,1377.189697265625,7683986
2025-12-01,1382.3461800316288,1388.2960201178482,1373.8181001180092,1378.478759765625,8867593
2025-12-02,1370.2482089901266,1370.2482089901266,1359.1417682907786,1361.521728515625,12126396
2025-12-03,1355.5718853340877,1382.544445020301,1355.5718853340877,1379.8670654296875,7955933
2025-12-04,1375.4045960658268,1379.9661155774988,1368.3639767054422,1375.1070556640625,7373909
2025-12-05,1369.4547830523452,1383.6352828825825,1369.4547830523452,1380.858642578125,4942638
2025-12-08,1375.404670384236,1383.2386505394277,1371.7356508298087,1377.98291015625,7826227
2025-12-09,1368.3640275890855,1372.7272676950297,1361.9183677427457,1363.7032470703125,10492030
2025-12-10,1366.3806948465074,1367.8681547535796,1346.5478960855444,1352.2001953125,8725381
2025-12-11,1352.299390595187,1355.1751707435094,1341.490611666704,1348.63037109375,6734750
2025-12-12,1356.5634801370334,1359.240859638436,1351.90282069391,1354.5802001953125,3890885
2025-12-15,1344.7629655399599,1358.5467856038574,1344.7629655399599,1353.786865234375,5342530
2025-12-16,1352.5969202535916,1357.257579696715,1344.1679805012782,1354.5802001953125,12359741
2025-12-17,1353.5885110391764,1353.5885110391764,1331.8715722565005,1341.0938720703125,9440391
2025-12-18,1335.0449336848067,1358.0509324595278,1334.2515732926577,1345.4571533203125,7314573
2025-12-19,1342.6805232986085,1349.0270433350909,1339.5073238052678,1342.7796630859375,14318512
2025-12-22,1346.647106277973,1359.8359665635035,1343.4739067302291,1357.059326171875,9375294
2025-12-23,1349.7210845323889,1353.5885044694035,1345.6553850292898,1351.605224609375,9105467
2025-12-24,1352.3986889312134,1356.7618081188289,1346.2504482626368,1348.43212890625,8955140
2025-12-26,1345.159575111433,1350.6135947672478,1337.2264556120658,1339.110595703125,2812144
2025-12-29,1340.7964277815033,1344.3663075928198,1330.2850679288142,1332.070068359375,6057201
2025-12-30,1332.0699716952038,1335.8381308143366,1326.9133714087848,1331.276611328125,18621277
