Date,Open,High,Low,Close,Volume
2018-01-01,408.08094545999677,410.75510030776525,405.0528992982271,406.448974609375,5431340
2018-01-02,407.9039100793309,409.77187206812516,402.30002411294817,404.934814453125,6112248
2018-01-03,404.4630037335253,405.6820853445986,400.5697673586619,401.6315612792969,6846552
2018-01-04,401.513529168781,401.513529168781,397.030410623139,399.3113098144531,8947614
2018-01-05,399.27198046085834,403.6371273713061,395.61471207810956,397.9742431640625,11025976
2018-01-08,403.04732318232135,408.5922127144463,401.14002078120603,407.43212890625,5594690
2018-01-09,408.9854114631804,410.9123715604544,404.62028830717475,409.51629638671875,9948236
2018-01-10,411.6595433544917,415.2774718237705,406.25228460678636,413.8027648925781,9468634
2018-01-11,414.98252131890166,426.0526640400922,414.98252131890166,423.0639343261719,16775298
2018-01-12,426.99648196415524,427.0357978801231,420.99934063322485,424.10601806640625,18016528
2018-01-15,424.71568507790806,429.8083215442862,418.8561720439302,425.1679382324219,10649250
2018-01-16,425.20715333704703,446.2659869308199,425.20715333704703,441.5665588378906,22646966
2018-01-17,442.3531012411883,456.88390965522285,441.6255887235891,453.0693054199219,26154088
2018-01-18,450.2771607515813,458.1029480808836,445.2041595578781,453.3052062988281,13204970
2018-01-19,450.2771366922803,451.4175862027622,446.7378404213366,449.6675720214844,5988278
2018-01-22,445.2239337740644,454.9766350153477,445.1649358865489,452.2435302734375,9650214
2018-01-23,454.20979524833183,467.1872179697127,454.20979524833183,462.9007263183594,15403796
2018-01-24,461.99624464759285,480.18429829660766,459.125462383239,466.3220520019531,20604718
2018-01-25,464.82765248740844,465.3782193755758,457.06086218569413,462.232177734375,13548914
2018-01-29,458.7518065634599,470.4314651161567,458.22087371624605,465.1815185546875,10823002
2018-01-30,463.60855208781675,465.26020468032584,457.23778922074496,460.36419677734375,8628312
2018-01-31,455.8417470260428,458.77147888638837,449.15640903162756,452.3417663574219,9213698
2018-02-01,449.1760814599165,455.3502170570369,439.8756341513902,450.1199035644531,13005454
2018-02-02,446.4430083928212,457.3165253111643,444.41773431864317,449.58905029296875,10244486
2018-02-05,448.3110586999286,454.1508905215073,446.6790395431752,447.6031799316406,9860220
2018-02-06,432.56106902227475,443.7295271032243,430.67347272993806,435.62847900390625,10552078
2018-02-07,438.872721851405,442.33338617185706,433.97671472083346,436.1396179199219,8342056
2018-02-08,441.5470206901145,450.8278351318364,439.08917533982844,446.0497741699219,8807244
2018-02-09,439.65928428267307,440.5637903842729,434.9402221973492,436.1789855957031,4382690
2018-02-12,438.40100920229224,440.6818610434787,431.71566938348496,433.68194580078125,6291972
2018-02-14,434.940247707936,439.3840506341715,428.7267963959087,431.6958923339844,8345712
2018-02-15,433.76055213529133,444.26044838397473,433.76055213529133,438.2633056640625,7986736
2018-02-16,442.4120028966606,448.9597101404861,439.69853301127284,443.6114501953125,9889222
2018-02-19,443.7492244140759,446.73795465056884,440.56386655669803,445.0666198730469,6461840
2018-02-20,434.05542726678016,452.04685267783805,434.05542726678016,447.1114807128906,7188594
2018-02-21,451.26029369803786,452.9906259937837,448.31088001373695,451.2209777832031,13771358
2018-02-22,450.49342753386253,457.74896538640155,448.4877879930395,456.47088623046875,17859974
2018-02-23,457.5524368641456,458.5355748892082,450.96541209622603,454.46539306640625,9459828
2018-02-26,452.6367502193267,454.2294530340896,446.08904132110456,447.7603759765625,5083608
2018-02-27,450.2574624750706,453.6788110653432,442.6676669219697,452.3220520019531,6616026
2018-02-28,451.2996623832185,467.77706502716705,449.3137524064453,461.13104248046875,17268416
2018-03-01,459.95118448489984,459.95118448489984,454.62260634533783,456.47088623046875,6579852
2018-03-05,456.4709069919601,460.4231403788976,449.5889419931582,454.5636291503906,8101456
2018-03-06,457.1789015834276,458.299669424117,449.72668593170414,452.7744140625,6689734
2018-03-07,454.20977022378423,456.17604628535906,447.5441135769602,449.92327880859375,6370416
2018-03-08,451.8502609739008,458.45696806472984,451.8502609739008,454.8586730957031,6093014
2018-03-09,457.10015489466184,458.5355459215307,454.4260484382982,457.5130920410156,4220964
2018-03-12,462.4681298426629,468.70121535905776,460.7967951897451,466.3023681640625,7676970
2018-03-13,464.1197653447152,470.7264718711363,462.1338553982551,465.5355224609375,8581052
2018-03-14,464.0411505539995,468.20964620378146,459.7546591386027,464.35577392578125,4429710
2018-03-15,464.0412453133259,467.3445993724478,460.89520297221856,465.0243835449219,6101500
2018-03-16,464.8276725861583,464.9849842759775,459.8136685036934,460.8558044433594,17954826
2018-03-19,457.7491071063604,464.237818676167,449.35311719123536,450.9654541015625,7526620
2018-03-20,451.692973502595,460.1086455085821,451.692973502595,457.9654235839844,8553766
2018-03-21,460.108626371788,462.27153017097163,457.04121632739356,459.12548828125,7692994
2018-03-22,457.9455614177731,463.038195732704,454.32763371968775,456.6871643066406,6813168
2018-03-23,451.0637168414066,461.602975460365,449.2350705505519,459.1647644042969,12008084
2018-03-26,458.8894768587453,458.8894768587453,449.8839236806157,454.30804443359375,8930722
2018-03-27,456.17605966339903,456.68731065631636,452.2828233463486,453.8165283203125,3802088
2018-03-28,452.53840931485536,452.53840931485536,442.90365717215366,445.08624267578125,12558322
2018-04-02,448.7041473096601,452.06649820263095,440.9570396912393,447.19012451171875,8072702
2018-04-03,446.22660633918673,449.7069528738282,443.6311319103804,448.4878234863281,4077168
2018-04-04,449.8839762999859,450.10028587512227,440.4458509230631,442.0975036621094,4813302
2018-04-05,448.13401796451166,452.7547669316132,444.0244719951523,451.2800598144531,7763544
2018-04-06,449.4906606191857,450.6704261326219,441.27161794129063,443.1985778808594,5937742
2018-04-09,442.4119878539352,442.7266111360961,435.1564504550399,437.0047302246094,7202882
2018-04-10,437.29974444612435,442.2154340194846,434.70426995234635,437.8503112792969,8926058
2018-04-11,439.65934233933734,444.96828788636867,439.0694595007783,442.1171875,9025574
2018-04-12,444.16203718809436,461.1900054286431,442.4120708652513,457.1984558105469,17044366
2018-04-13,461.6816530745839,466.36140004486697,452.3418410979899,460.6788330078125,21227038
2018-04-16,433.36720689496934,448.31090368445103,433.36720689496934,445.6367492675781,24745084
2018-04-17,443.19857063707644,443.35588230391977,438.4795086604616,442.4906921386719,10397940
2018-04-18,441.5665630912429,446.246309268801,438.02726652070385,442.78564453125,10430380
2018-04-19,442.01881629562473,448.2322672568533,441.6648770374921,445.4991149902344,8525542
2018-04-20,447.9177103681408,469.4287524104194,447.11151793860904,463.4316101074219,24272692
2018-04-23,459.32207508645234,477.56912602646025,454.3080712702261,467.0691833496094,21830638
2018-04-24,466.0073746804708,470.4904932024037,452.2827596986297,454.0130920410156,8526216
2018-04-25,453.03004895962766,460.50189872545485,450.3558940520466,456.313720703125,11594178
2018-04-26,461.6815635791853,464.6899751915391,456.1759912707453,462.64501953125,11302084
2018-04-27,464.04112127951777,468.6028718538512,461.7602219899592,466.0860290527344,7663370
2018-04-30,464.7095730974928,475.03252037502466,464.29668400925783,471.70953369140625,5511678
2018-05-02,471.4736367370211,472.5354065027181,464.434359535985,470.7461242675781,10295042
2018-05-03,470.824684727405,473.7544161216273,462.5073294743435,465.0438537597656,5332230
2018-05-04,466.00729042610146,466.40054552350745,454.20963750392167,461.3275451660156,6023368
2018-05-07,464.5327201256385,467.97370323768024,462.27150265201107,465.2209167480469,4638960
2018-05-08,463.21530412129823,463.21530412129823,456.5889636817867,458.3586120605469,5718556
2018-05-09,459.12545264136725,462.8220611757967,457.35580421576884,460.38385009765625,3783504
2018-05-10,462.46815490722656,465.2209415435791,457.2968389822636,459.3221130371094,3182862
2018-05-11,461.01301186146077,465.2994544096046,458.55516727891177,464.33599853515625,3311706
2018-05-14,465.75181365426226,468.563598099037,460.10861080644,467.6984558105469,4432094
2018-05-15,467.22653644751216,475.05232524749755,467.22653644751216,469.7630615234375,5611974
2018-05-16,466.8922401626681,471.11973359854824,465.81078835348944,467.9540100097656,6205004
2018-05-17,470.33315133034347,470.90335208614874,461.5045925662295,465.1815185546875,9519598
2018-05-18,465.2209287042079,466.6170039474586,461.28837647509374,465.299560546875,7139660
2018-05-21,463.8641949015598,467.344493854663,460.10858850289117,463.8445129394531,8475320
2018-05-22,462.07482061128917,471.11968944027615,461.64224952911997,469.4876708984375,5636804
2018-05-23,469.93997716113853,474.91466518141664,464.6310318124562,465.9681091308594,9538442
2018-05-24,471.1198018641866,482.74051400858,471.1198018641866,480.1646728515625,9740570
2018-05-25,483.7432004133402,491.0381034017469,480.08595594319786,483.0353698730469,8901438
2018-05-28,484.097179938613,484.72637869500863,474.2657993549694,477.56915283203125,5739794
2018-05-29,477.4313925714881,482.34708151932364,474.3443015084275,478.4734802246094,3388934
2018-05-30,478.59153475543525,483.2122829340518,474.1084162833107,476.50726318359375,6323066
2018-05-31,476.50739583098425,488.42304982327653,475.9371948861678,484.411865234375,19720340
2018-06-01,483.8611160691016,490.0942002080035,478.67011960906797,480.08587646484375,4998356
2018-06-04,480.20386307815437,488.8161606257753,476.62525074693457,487.40045166015625,4270156
2018-06-05,488.42291667312423,488.42291667312423,478.5915375130372,480.1055603027344,4710862
2018-06-06,481.8161695446748,488.2459293703105,479.7909440144081,486.633544921875,4038184
2018-06-07,486.8499520958434,494.71505633002505,486.8499520958434,492.532470703125,6676226
2018-06-08,490.7825260382104,496.28809924697237,490.01569754319115,495.5212707519531,6459878
2018-06-11,497.6841064210238,499.4340727496115,493.5549270793931,496.4453430175781,5171290
2018-06-12,497.7627517100029,499.9256552331354,491.74592816192074,494.9116516113281,7839820
2018-06-13,498.1757052345543,504.93967545461805,498.1757052345543,501.3217468261719,5766928
2018-06-14,504.8269321416256,504.8269321416256,497.2122143903463,499.4684143066406,7598848
2018-06-15,498.38053515625,520.3382871093751,497.57474609375004,516.2086181640625,19957760
2018-06-18,517.3165794385017,520.2375647974807,508.5939029784994,510.6285400390625,8214846
2018-06-19,508.8559024133565,509.0170700968127,498.8037013692285,500.23394775390625,7545700
2018-06-20,503.01387456751524,504.5650088378178,498.7834815495265,500.8583984375,5371802
2018-06-21,501.9864648820019,506.2370222262851,497.97768362251367,502.2282409667969,5798790
2018-06-22,500.79792439867515,505.83410626109145,500.07269453790184,502.751953125,4343118
2018-06-25,506.4988899086456,515.2215666928494,505.2297622485229,512.6631469726562,7731178
2018-06-26,511.2731991153735,517.2763379247311,510.1652390700092,514.8388061523438,4483504
2018-06-27,517.2965075183337,521.1240062591833,509.90340136572365,511.6761474609375,6952142
2018-06-28,514.2142863945177,522.9570776502941,514.1941219962927,519.57275390625,10996818
2018-06-29,522.9773113882401,529.806354613524,517.0144521352127,526.6637573242188,9966600
2018-07-02,529.4034494856438,539.8787079990583,529.4034494856438,537.7433471679688,4830144
2018-07-03,536.6152816461889,547.0905403495881,536.5548376250686,545.4185180664062,8127452
2018-07-04,544.7335606813866,544.9752875594211,539.4153234573251,541.9736938476562,5025722
2018-07-05,542.7392890275778,542.7997330520012,510.91061661257834,517.316650390625,17019902
2018-07-06,519.8347871708735,524.5083549599866,511.2732764346743,517.4174194335938,11215356
2018-07-09,522.5542764365148,524.9716439450877,515.3223383126212,523.2996215820312,6644998
2018-07-10,527.1876294722415,529.9877275106431,521.466545332446,524.3270874023438,5974488
2018-07-11,530.8338421777539,540.7248758865858,520.2779733082115,532.002197265625,11899832
2018-07-12,534.2784747508383,534.6813693173017,517.497906221344,521.486572265625,13272240
2018-07-13,529.8063586270787,536.4943986411349,523.0981542119712,530.7733154296875,19496158
2018-07-16,530.773345103922,557.7672827560634,518.8073462178975,536.998046875,35344680
2018-07-17,535.7289038803642,543.7062362447977,528.8796960136272,535.0037231445312,11161690
2018-07-18,539.7981983693784,541.248609075933,529.4034981397097,532.8482666015625,6919016
2018-07-19,533.0295888176285,536.6153608160371,527.4293436944366,530.4913330078125,5118864
2018-07-20,534.2381908674092,550.8173119813748,532.3446060927276,543.1421508789062,11705738
2018-07-23,544.7738398895999,551.1597082519876,538.3678071284492,546.3048095703125,7675702
2018-07-24,553.7382314895253,556.9613876109062,546.3249625740574,554.84619140625,6172246
2018-07-25,555.5916826780572,561.5545427448704,550.1324408877832,557.5054321289062,6936922
2018-07-26,555.410324253683,560.1846150298348,551.6432207121932,553.2749633789062,7362218
2018-07-27,553.2548061422392,559.6205600471839,551.2806620862378,553.3555297851562,6493232
2018-07-30,551.9656053567091,553.1742891640596,543.1019241028058,544.3106079101562,6409970
2018-07-31,543.3235180986217,551.9655873669252,538.0858884374757,549.9913940429688,7943996
2018-08-01,549.4675894128154,551.3410096653082,544.3105196649446,545.5393676757812,4675706
2018-08-02,547.7753765363275,550.6560821747407,543.9680430158978,545.378173828125,5940742
2018-08-03,550.4344475219483,550.4344475219483,546.3249432848664,549.58837890625,3970390
2018-08-06,550.3741880397221,553.9800750373774,542.9004735366299,548.1985473632812,6178930
2018-08-07,553.5771804402652,555.9743836378517,548.198547366168,551.1396484375,7351528
2018-08-08,552.6908325054541,552.9728390531483,545.2372823979981,549.0446166992188,3992358
2018-08-09,553.4361588470902,559.8018638079582,553.4361588470902,555.974365234375,6409524
2018-08-10,558.3313600733032,559.6206031293068,553.1944538890709,558.1903076171875,4779520
2018-08-13,560.0234851583297,568.0209330057718,555.4707565776204,567.5777587890625,9979746
2018-08-14,569.6728607979289,573.943583358914,565.6640787726643,567.3965454101562,6151320
2018-08-16,570.0756467657172,578.1134228701965,568.5849565433801,575.9579467773438,6626774
2018-08-17,576.5018240784468,579.2213623034343,573.318947282539,576.2802124023438,6390408
2018-08-20,559.2177640898726,567.2554925394678,553.37579177049,557.7069091796875,16101876
2018-08-21,560.0235306974719,562.4408984558783,553.4764930184547,557.5859985351562,8361482
2018-08-23,561.232319394425,564.6569243584254,558.1501650905282,563.0050659179688,7717182
2018-08-24,562.6422313492282,564.8178717256466,554.4231728057932,555.3095703125,7053000
2018-08-27,557.2031647034137,572.0900987081898,556.5585432573308,570.2569580078125,7012950
2018-08-28,570.9821360924632,579.5235300539373,568.6856568320393,574.0038452148438,6496890
2018-08-29,577.5895416858044,577.5895416858044,566.1272129063758,568.1215209960938,5646496
2018-08-30,569.2094824407956,572.7348100166887,562.5012778458025,570.5792846679688,11507962
2018-08-31,574.16501530328,585.9295657117973,572.5534370978501,580.611328125,10875864
2018-09-03,583.7942576695136,591.4089752145401,576.1392605020045,577.8515625,10976328
2018-09-04,581.7798821375279,603.1332988641823,576.9451462748891,593.9876098632812,15370124
2018-09-05,597.8553811138323,599.5475189716453,584.519578031948,588.1456298828125,8658978
2018-09-06,590.280858561791,592.657946497565,583.4719301015618,585.9296264648438,5598659
2018-09-07,591.731202030044,592.3758726509852,583.2301369171125,590.4822387695312,6510605
2018-09-10,594.470914222908,601.9244634693491,587.7425948460037,588.9109497070312,5629871
2018-09-11,592.9803323557913,600.1115475890947,589.83773458908,591.6910400390625,6963561
2018-09-12,599.829472318131,601.5216098870213,593.2622709702872,598.6207885742188,4636617
2018-09-14,597.814938795805,600.3128652740247,587.4605195973018,591.2074584960938,7896514
2018-09-17,592.2549666994985,596.2839120511957,583.8747406953834,584.9625854492188,5427054
2018-09-18,588.2261770635799,588.2261770635799,577.7509163761464,579.4430541992188,7729732
2018-09-19,585.808645478302,585.808645478302,574.688766308266,579.9666748046875,4849498
2018-09-21,575.2124844779886,578.0730749049446,557.6060136894251,568.322998046875,14350769
2018-09-24,569.2899140604605,588.1856754674776,569.2899140604605,578.7579345703125,8637881
2018-09-25,578.7580895954392,593.060847813774,577.7508531011902,585.1641235351562,9602273
2018-09-26,589.1929826264388,589.716716017334,573.7218225199456,578.4356689453125,6599606
2018-09-27,581.7796891872194,588.8706229310486,578.1133588769715,584.035888671875,14592616
2018-09-28,580.973975471734,591.8924085864004,576.3004082515279,588.266357421875,7490031
2018-10-01,594.2695866318256,608.2903396025763,590.643534916784,601.642578125,8252398
2018-10-03,599.3458968453524,605.9130973991623,585.2445882046844,587.017333984375,7792464
2018-10-04,587.0174259165523,588.0246624057708,566.066906940807,569.8541259765625,6173037
2018-10-05,574.5276821313215,589.4347818780668,571.5462523456788,583.8748168945312,8543578
2018-10-08,584.237451836798,587.178602100527,571.5059922648652,575.6961059570312,7259306
2018-10-09,577.8314419329602,582.1021642324112,566.187826808468,578.355224609375,6777212
2018-10-10,580.0875856669284,580.0875856669284,560.3457529584114,564.4149780273438,8866251
2018-10-11,551.9656507162782,558.3314056307051,534.4800136967086,542.5781860351562,10985897
2018-10-12,545.0359227137299,551.2001815819348,533.0296420190912,546.9697875976562,8909221
2018-10-15,554.8663900373487,568.0813517942266,549.145306734419,563.08544921875,6222176
2018-10-16,572.1102423532452,575.2528394134042,555.5110071068485,560.224853515625,11588963
2018-10-17,572.1102814063898,581.6185832892453,565.1401857701907,568.3633422851562,20360697
2018-10-19,553.5772240062154,554.1412863269414,546.3251206349549,550.7972412109375,10421001
2018-10-22,554.9470794441985,560.0638216301979,542.9407996624791,547.8964233398438,6672840
2018-10-23,544.673287087389,549.5483025153428,526.4221397726102,529.8870239257812,9041701
2018-10-24,534.238233801473,537.0584959708624,521.4664947926832,523.601806640625,7058164
2018-10-25,523.7647425186657,534.6391539111992,518.2664345684309,528.448486328125,8270469
2018-10-26,525.638135730253,528.4076731984894,513.093880044633,516.1077270507812,5464141
2018-10-29,516.189202503433,529.9145856379781,514.3971518094617,525.1901245117188,7137446
2018-10-30,522.2170620922068,540.7076784323162,519.2439327441133,537.2864990234375,8793411
2018-10-31,540.7891289354051,564.4522062308288,540.0967196162607,559.1168212890625,11947995
2018-11-01,561.8047960626571,561.8047960626571,537.2863900367108,543.06982421875,5860244
2018-11-02,542.458965434426,550.4824018304912,537.6937356798456,539.445068359375,6654067
2018-11-05,540.4632845583621,544.6175416138907,535.1686178671348,542.4996948242188,5799426
2018-11-06,544.0472775634202,549.8306616734668,538.1416889750756,542.8661499023438,6975525
2018-11-07,548.2016269054172,551.8671652725411,547.3870628238342,550.238037109375,758956
2018-11-09,553.0890796768385,553.0890796768385,533.9468213964177,537.205078125,9694143
2018-11-12,542.4995913989502,550.9710763766799,539.4856948366595,541.0333862304688,7118080
2018-11-13,540.4631374985341,543.9250340085097,534.5982675852864,542.2551879882812,4137808
2018-11-14,542.2553549158445,542.2553549158445,521.7283287589671,532.0733032226562,7323026
2018-11-15,532.7248969683084,542.4996657200204,526.7785892544258,534.6798706054688,5513390
2018-11-16,537.5308410711052,539.6486877323691,524.7421754335104,530.1589965820312,8583785
2018-11-19,536.7977484892699,539.2414408192666,528.8557484167807,530.8514404296875,6018930
2018-11-20,530.8513639265561,534.3539791513658,521.4023917820699,522.4613647460938,5384830
2018-11-21,521.3210409910587,521.3617592539764,498.5946819735353,504.296630859375,14359086
2018-11-22,506.8625016444833,511.66844963046196,502.3823991791644,505.6406555175781,6632975
2018-11-26,505.8443736626308,511.54632312420637,488.6163207597632,506.2109375,15075209
2018-11-27,509.5098097124708,522.1355523991907,509.3468869602012,520.4249877929688,12285851
2018-11-28,522.0948942651238,544.699049097681,521.3210483905093,542.8255615234375,17719890
2018-11-29,546.5725131000994,549.7493329885433,536.6348211003245,538.4675903320312,13399070
2018-11-30,538.4268380570767,547.3870426238359,538.3861197979093,543.6807861328125,10445773
2018-12-03,548.3238490606687,553.0890292045517,542.4589775410107,546.0430297851562,8260890
2018-12-04,547.8350796199485,560.6237460292634,546.8168744873127,558.1800537109375,7827923
2018-12-05,556.3472278628434,556.8767143647568,547.7943056189783,555.0439453125,5177288
2018-12-06,550.7268004490533,558.343005061328,541.3185944852315,544.5361328125,8039771
2018-12-07,547.386984261636,558.587238775918,542.1737550009001,556.1842651367188,5553948
2018-12-10,545.6765280739851,556.998939598886,541.8480667371141,545.1063232421875,5121196
2018-12-11,545.1063428679722,555.4513175874463,538.1010612996199,549.4235229492188,7120933
2018-12-12,551.5413530254813,554.4330954631859,546.246686175784,552.6817626953125,6926183
2018-12-13,555.5327961948002,570.1949521061,553.9036677602114,568.3621826171875,7521474
2018-12-14,568.117694016859,581.3543595358117,565.6332836628642,575.1229248046875,9560576
2018-12-17,579.8474037950681,579.8474037950681,564.2892502010627,565.63330078125,4778465
2018-12-18,559.1981755034138,559.1981755034138,549.4641259427214,551.1339721679688,8021298
2018-12-19,547.0205167123889,547.0205167123889,538.5083118414935,541.5629272460938,8295459
2018-12-20,537.612313427817,547.0205189693942,534.6799025141207,543.35498046875,11705260
2018-12-21,537.2050306115577,537.2050306115577,524.1312865878474,526.371337890625,12802132
2018-12-24,535.1684888184346,536.6346939128862,527.5115681783582,528.6519775390625,8379825
2018-12-26,527.0229691393621,527.0229691393621,519.1624057406502,524.6199951171875,6178552
2018-12-27,531.7067623571801,540.2596861484484,528.6521467174414,535.0057373046875,15333902
2018-12-28,540.3409255416541,540.4631300094793,532.1545685572607,535.1277465820312,4736598
2018-12-31,537.6122402648256,539.2413682656281,534.1910615197321,536.7569580078125,3373319
2019-01-01,538.3860765865863,542.7439740256513,532.8470514242018,541.7257690429688,2943390
2019-01-02,542.4995986485692,549.0161103440474,539.282061055519,544.9840087890625,7416655
2019-01-03,547.3871619944043,551.459983140196,540.137520468073,545.065673828125,6827249
2019-01-04,547.183436177335,548.9347688855626,530.2812310404839,538.4675903320312,7889310
2019-01-07,541.6850505123382,548.6902809028246,538.8340765622733,547.1426391601562,8046340
2019-01-08,549.7900288483215,551.8264390227971,544.576798914846,545.7986450195312,8621545
2019-01-09,558.9540583501338,561.8864700783838,540.8707201137614,550.7269287109375,18130292
2019-01-10,555.2069439217651,555.5327894915728,547.8351477876116,553.6593017578125,9572493
2019-01-11,554.0665259763227,558.3837058814494,547.7943722906998,556.7545776367188,12281903
2019-01-14,575.8967491976039,578.5033639464326,566.8958269222942,571.7424926757812,19312937
2019-01-15,576.0597896557134,594.6318427460143,576.0597896557134,591.8623046875,19671304
2019-01-16,594.5504352332205,600.9854626454003,593.4100254553385,600.1708984375,9658944
2019-01-17,599.3562265622323,601.9628415026759,593.8986374062822,597.3605346679688,6903771
2019-01-18,594.6318547648044,599.6821626527926,591.6179573383395,595.4057006835938,5902151
2019-01-21,601.3112545854243,611.7376655732226,597.8900752739619,606.8502807617188,8129422
2019-01-22,603.7956221123251,610.1084937094522,597.8900325537222,607.1353149414062,6723375
2019-01-23,604.691502120461,604.8951430991124,593.9800164736223,595.9757080078125,7212099
2019-01-24,596.3443520371522,602.8966868486704,590.5291748880688,599.5386352539062,7429783
2019-01-25,596.2625273126797,604.3710624467266,593.1911200634729,598.187255859375,5543112
2019-01-28,598.7196866903954,600.030133860744,588.8911829417159,596.2216186523438,7944693
2019-01-29,594.2148216899769,600.2347588811879,586.8434455422033,596.1805419921875,6760819
2019-01-30,596.1805641179376,601.831922713427,590.6110397184234,594.54248046875,5763026
2019-01-31,594.6243560691161,615.3461039340616,594.6243560691161,613.9127807617188,13825233
2019-02-01,615.3870546312231,624.5193909674094,609.7766381314575,620.0556030273438,6276585
2019-02-04,620.0147567160874,624.5194874452003,613.6262394983253,619.1138305664062,3945391
2019-02-05,611.8243853912792,622.43098948683,611.8243853912792,618.2538452148438,4694366
2019-02-06,618.8271077871492,628.1642055977976,617.8442474928149,625.1746826171875,5880482
2019-02-07,624.9698860688056,630.2117740091531,623.2908602409962,625.7479858398438,3961797
2019-02-08,622.4718876523211,632.5051516309277,618.2947936655327,623.2090454101562,5915169
2019-02-11,628.1232384244684,629.6384459079119,621.6527875695677,624.76513671875,5500216
2019-02-12,622.7585713414279,622.7585713414279,606.9101284686524,614.6500854492188,7310690
2019-02-14,615.1005388957788,616.7386228875118,603.8387114526137,606.1320190429688,4610535
2019-02-15,607.9748160667501,611.414802178888,600.0300993290477,607.6881713867188,5586389
2019-02-18,608.0157943815352,612.3567568715654,602.8148978001893,606.9510498046875,5346825
2019-02-19,605.353866143418,606.5414869315065,590.7749298916114,593.2320556640625,9401334
2019-02-20,595.4434832343671,608.5481541171042,594.6653834026342,606.6643676757812,5210675
2019-02-21,604.4528877588086,604.4528877588086,595.5253115613539,600.7262573242188,7202786
2019-02-22,599.9482322310631,604.61678137414,596.262543432374,601.9548950195312,3750833
2019-02-25,602.4463077767017,620.8338099018117,602.4463077767017,618.2947998046875,6547552
2019-02-26,613.1346848978538,616.410852169529,606.2138215287165,608.1385498046875,8319610
2019-02-27,610.1862201087534,611.3328987735545,600.1529567579719,602.2005615234375,5936354
2019-02-28,605.0262898765588,608.0567550466212,599.7844014748101,601.4224853515625,8559921
2019-03-01,602.4052680355632,608.8757185109415,602.4052680355632,607.6471557617188,3998826
2019-03-05,606.5005162366015,608.1386000076659,598.1053369098963,599.9481811523438,4826505
2019-03-06,602.8967119441199,602.8967119441199,595.4434507819166,599.9481811523438,6076668
2019-03-07,601.1767456354103,601.5862665793036,590.1606222466097,592.1263427734375,5951551
2019-03-08,592.1262699090526,592.1262699090526,582.0520659270326,583.4443969726562,7193994
2019-03-11,584.2225438673331,588.481571501881,581.0283106341827,582.5435180664062,9932198
2019-03-12,580.7006933376064,585.5740025251808,577.9159309474641,579.0216674804688,11997387
2019-03-13,581.5197490877465,588.5634894326691,578.4892840592191,580.250244140625,11348867
2019-03-14,584.795880370228,585.5330380306991,578.4073639440849,580.1682739257812,6415187
2019-03-15,583.1578077561155,592.7815496678211,581.1920872843938,588.5225219726562,14638664
2019-03-18,590.9796997403197,592.7406599012969,577.7112103606929,581.68359375,8065544
2019-03-19,583.8130832408314,595.0339677862826,579.3902867711118,591.5530395507812,8917337
2019-03-20,595.6482179006665,607.9747884174195,595.5663337073393,605.2310180664062,13471173
2019-03-22,610.186265652015,611.2919523117528,599.7844226690037,608.6300659179688,8883260
2019-03-25,608.0567311488095,608.0567311488095,598.351054566292,602.2005615234375,7644966
2019-03-26,602.200368479575,602.200368479575,588.9728259388031,596.0575561523438,9406261
2019-03-27,597.9005487476167,599.784334999026,595.566299478097,597.6548461914062,7387487
2019-03-28,597.9004857250283,610.1861121440356,597.9004857250283,604.2890014648438,9277241
2019-04-01,607.7290076156941,622.4717598220046,607.7290076156941,618.4584350585938,6584982
2019-04-02,621.6527709751077,627.2222456181854,618.0489667994027,621.9804077148438,7283600
2019-04-03,619.1957373104522,621.2433422618756,611.6605410911428,616.9843139648438,6897127
2019-04-04,615.42804775681,617.393718144058,610.2680442632128,612.5614013671875,7688525
2019-04-05,615.0185162773181,623.2498764851698,612.6432750277303,621.8984375,6276040
2019-04-08,624.9699867538799,630.662338639673,618.7043454616087,628.4099731445312,4919911
2019-04-09,630.6622707871418,633.1193965174813,620.9975862458765,622.9632568359375,6730692
2019-04-10,625.748022520164,627.9594456868265,615.3461802105675,616.4928588867188,7031088
2019-04-11,615.7147483970157,615.7147483970157,606.1319481678248,608.3024291992188,8200995
2019-04-12,608.6299730347116,615.5508866004176,606.5823684289021,612.4385375976562,7043212
2019-04-15,593.5596590480188,599.0062575430907,583.6492223289517,595.8529663085938,31574803
2019-04-16,596.1806366088639,596.1806366088639,584.8778180628586,593.0682373046875,12524411
2019-04-18,591.7576718694446,591.7576718694446,583.7720147058085,587.2938842773438,13801105
2019-04-22,587.2939012233514,594.4195747422713,585.614875564208,590.570068359375,6455426
2019-04-23,592.904521016147,597.9006571965787,588.3997900372688,596.4263916015625,5516668
2019-04-24,596.4261943407294,604.3709090739302,592.9862090965214,603.1832885742188,8285120
2019-04-25,603.1834642051152,604.1663245596916,595.4844497496807,596.7130126953125,8005235
2019-04-26,598.7195879514948,605.9271461804748,597.0815042635289,604.452880859375,6895168
2019-04-30,604.4528960648468,617.393747527244,604.4528960648468,615.3870849609375,9920046
2019-05-02,611.8242119820833,612.9708904745726,597.4909807776837,598.5557250976562,6351352
2019-05-03,592.0854020757248,598.7196213863281,588.2358951959644,592.65869140625,6348116
2019-05-06,585.615017536562,591.1844930199576,582.0522049085307,588.3997802734375,8858265
2019-05-07,590.0377131797176,596.1805264763262,588.6453321677511,593.4367065429688,5747536
2019-05-08,590.5292345978179,594.6244442690927,586.8435458936706,589.1777954101562,6247642
2019-05-09,589.0139189639698,598.1462048614294,586.270098993344,590.570068359375,7396525
2019-05-10,590.3652908694593,594.6243180214,585.6148586574394,587.1300659179688,8352335
2019-05-13,586.8845362729284,594.9930720852498,583.2397893675848,589.4645385742188,6808993
2019-05-14,586.8434544163941,587.8672566746224,576.2777951153414,584.6729736328125,10513001
2019-05-15,585.5330588787999,593.969180228459,583.6492225661541,586.515869140625,6668929
2019-05-16,589.7101466891902,603.6338584860183,588.9729890096893,600.4395751953125,6468556
2019-05-17,600.4804942904639,602.6509249889951,589.7919591886748,592.9043579101562,8155948
2019-05-20,589.4644193300267,594.9520096289493,578.2435361794663,591.6758422851562,11213708
2019-05-21,591.8805261516688,591.8805261516688,579.6358422907001,580.9462890625,8645535
2019-05-22,581.519701864653,588.2767969919536,579.0625763638164,581.31494140625,5795713
2019-05-23,585.6148513978275,587.0072323712471,571.2406786797671,574.189208984375,7233736
2019-05-24,576.4416558761096,582.953048715469,573.6978856183721,580.864501953125,7016424
2019-05-27,579.3902726615264,584.6321109413592,577.8340730215291,579.9635620117188,10247544
2019-05-28,583.1578063556703,600.7262643120674,581.3559042593108,596.3443603515625,23860490
2019-05-29,594.2147857626564,600.8899959779046,592.6995785311416,596.0985717773438,10293077
2019-05-30,595.4435126296721,603.8386928283711,591.7987658624099,600.8082275390625,15089296
2019-05-31,603.2244274898206,608.5072583396358,600.5215989125811,604.2482299804688,8290306
2019-06-03,597.7368542515161,615.0186708114559,597.0816306357212,609.899658203125,7744761
2019-06-04,603.8384742704812,605.6403759516887,600.480423402582,602.2413330078125,11733702
2019-06-06,603.2244625197166,609.8996751425209,600.890212701629,602.4873046875,7563925
2019-06-07,602.691934746675,609.3262038295796,602.691934746675,605.3538208007812,3218358
2019-06-10,606.1729497890659,617.6395375163905,606.1729497890659,617.1481323242188,4435148
2019-06-11,618.3766840051027,621.6528518673814,614.6909951600392,618.2947998046875,5733127
2019-06-12,619.973800912091,619.973800912091,610.1862398189382,617.393798828125,8738342
2019-06-13,614.6527402577572,620.6331554374073,614.6527402577572,616.8538818359375,4808577
2019-06-14,617.850477515037,619.221007064812,613.1990723884608,615.0264282226562,5556353
2019-06-17,617.1445671539617,618.390484853465,612.8253756563794,615.1095581054688,3085588
2019-06-18,614.8188378672859,624.9938319765372,614.8188378672859,623.0834350585938,6202838
2019-06-19,625.0354562375752,627.444251031919,621.7960495412545,624.537109375,4596253
2019-06-20,612.8253773963293,628.6900932329605,611.2472453903904,627.0288696289062,7148684
2019-06-21,627.111865186994,627.111865186994,620.5915832911402,623.1249389648438,13200318
2019-06-24,624.5370048979119,624.5370048979119,616.8538460899207,619.2210693359375,4758178
2019-06-25,617.9751881189896,623.7064299003147,612.4100788393664,621.3806762695312,3677911
2019-06-26,617.1446574463839,624.1633383197702,612.991597840419,613.9883422851562,5447130
2019-06-27,616.3141064442115,618.5567689924122,604.8101504772018,606.8035888671875,11122346
2019-06-28,610.9150763339684,614.2375240638607,605.1007928066566,608.0079345703125,5919494
2019-07-01,610.4996653624189,612.5761948364407,606.2219943673258,607.4263916015625,3224968
2019-07-02,609.6690393396326,616.023239660404,606.4296331571768,614.6527099609375,4837606
2019-07-03,615.4833361000713,617.3106921765145,606.3466064143752,607.4263916015625,5958379
2019-07-04,605.5160638162577,611.6626120403281,605.1837987838386,609.5029907226562,3274064
2019-07-05,610.4996730623802,611.6625498611075,592.6415193605555,596.3792724609375,4926289
2019-07-08,595.0918848721274,602.1520857727191,591.6448253302872,596.0470581054688,7177092
2019-07-09,596.3793863420466,597.9159981870176,588.9453991724322,594.3028564453125,5022638
2019-07-10,588.9037395808372,600.2831308657792,586.8272101746988,595.7562866210938,7573816
2019-07-11,597.5836330068375,600.9476004512626,589.4020768605993,599.286376953125,6252688
2019-07-12,600.1170554356268,606.8449910726279,597.7082608168605,603.6471557617188,7874441
2019-07-15,633.7567977432616,649.2477279536022,626.4474241078071,647.3372802734375,31064152
2019-07-16,645.3853574100967,654.3559545552573,644.5547456244981,651.9056396484375,9924322
2019-07-17,651.1166002748175,660.3363708342729,645.1777057176371,659.63037109375,6754348
2019-07-18,655.3942110973113,663.2435025124355,653.0269878165446,658.4259643554688,6534471
2019-07-19,655.103619007945,659.9211579131915,648.915550182103,652.3626098632812,6812754
2019-07-22,652.8193595476663,657.8445508383775,649.5799532232627,651.5319213867188,7107151
2019-07-23,653.6914976222131,667.8118984603041,652.4871003526009,656.224853515625,10782564
2019-07-24,654.5221577492177,659.2981760322863,650.8674452192159,653.110107421875,5745146
2019-07-25,654.7296971872665,664.6555175154539,654.2313504271008,659.9210205078125,9773568
2019-07-26,658.0936995557778,660.3363614888174,649.7045409022636,653.6914672851562,4941763
2019-07-29,655.7680531069474,661.9561215054628,653.0270441515682,657.3877563476562,6244316
2019-07-30,657.7614850745973,662.6620641304783,654.9789052097018,658.4259643554688,8673253
2019-07-31,656.8895167086199,664.3235046642459,649.2063552783462,659.2152709960938,7350584
2019-08-01,653.2347048579319,654.8544081178437,634.9197235565276,638.6159057617188,10066407
2019-08-02,635.4595290476127,647.7941443383114,633.1338262142699,644.2224731445312,10838336
2019-08-05,641.730630771693,652.7778078277031,638.4497548499427,645.1361694335938,9976238
2019-08-06,646.8805364998835,650.9505550816942,639.4050294123737,643.2673950195312,9331718
2019-08-07,646.9635097956751,650.7427831039292,641.5229622974713,644.6377563476562,5130457
2019-08-08,650.1198285698702,658.4674665399663,648.9154313899069,655.14501953125,8009009
2019-08-09,657.8445514848964,661.789957570191,651.8641363320932,656.0587158203125,4362520
2019-08-13,651.3242777407403,652.860889326322,631.3895940971885,635.2103881835938,7517099
2019-08-14,643.8072178466534,646.4236654250881,637.9098940526408,643.5580444335938,5940968
2019-08-16,647.8773705151216,647.9188909764889,633.3416602792055,643.3505249023438,5128088
2019-08-19,644.2224982046083,650.36904586431,642.3536216360327,645.92529296875,3881451
2019-08-20,652.1963596556726,662.8281799720612,651.0750033693879,658.4674682617188,8435344
2019-08-21,658.6751972352819,667.6042746252937,658.6751972352819,664.0326538085938,5926896
2019-08-22,664.4064265229881,665.5692526730729,658.1352666169197,660.9178466796875,5222488
2019-08-23,661.5408153780414,672.7540753073816,661.0008973991304,666.3168334960938,6895015
2019-08-26,661.0839449164071,670.1375830228723,653.6084387953615,666.6074829101562,5412074
2019-08-27,657.0139891189174,660.2949161444673,648.7909113279466,651.7396240234375,16061642
2019-08-28,654.0238208103959,668.6425697588104,653.1101173157911,666.5660400390625,5881134
2019-08-29,660.7516315435613,672.5463282547296,660.7516315435613,670.2621459960938,7830413
2019-08-30,672.7955216719363,678.9004977936854,666.150627630732,676.8655395507812,8174186
2019-09-03,676.9487646499366,683.0953135891747,674.4984491661918,676.3258056640625,5647088
2019-09-04,673.4185132161217,683.1366813629851,673.0032073183628,682.1814575195312,6199015
2019-09-05,689.4908626693439,695.637410515493,686.6252924011552,692.7717895507812,7926895
2019-09-06,700.4549589061407,703.5282328726341,693.6024111833553,697.8385620117188,6106841
2019-09-09,695.0558150264408,697.9629557865748,687.3726573032296,688.6600952148438,4377870
2019-09-11,683.0119872174528,688.2033103154458,676.2425323155785,681.1846313476562,7981036
2019-09-12,678.1114501953125,680.9770201638365,673.5015144445196,678.1114501953125,4400017
2019-09-13,679.523492689541,690.27992562916,679.0251458885981,688.8263549804688,4832021
2019-09-16,691.1105164266216,696.0111461718949,681.5584810254942,687.4973754882812,4846496
2019-09-17,690.6536368142034,693.5607777989896,681.5584284510693,690.4459838867188,5540901
2019-09-18,689.3247742734939,691.85813020201,684.4241442243464,689.283203125,3199389
2019-09-19,685.1301753194666,686.9160111045757,677.1148012547222,681.6831665039062,6601607
2019-09-20,683.510488990699,693.5608717639994,666.1506816224282,668.6425170898438,22462366
2019-09-23,670.2205567827158,670.2205567827158,616.2307998453416,634.8779907226562,17279260
2019-09-24,635.4180979368111,663.3682084057142,635.4180979368111,659.54736328125,13717998
2019-09-25,654.27292191927,665.3200486679606,649.2477306922306,658.3844604492188,9313576
2019-09-26,654.3144921002154,661.9976517979965,646.2990673801368,649.9953002929688,18442824
2019-09-27,653.7330369795699,659.7134523526664,647.9602745659801,649.70458984375,5087642
2019-09-30,652.1133800760923,671.1344127965866,651.3243393311396,669.1824951171875,8178091
2019-10-01,670.3036964207963,670.7605227536503,657.4707344726928,659.1319580078125,5881438
2019-10-03,658.3013877763635,662.7036202828897,651.3242789065454,652.5286254882812,5497672
2019-10-04,656.1833900838353,662.4960201402085,653.733074880293,659.0490112304688,8201713
2019-10-07,660.2117414949626,666.1506358965884,652.943888547213,655.8095092773438,3679845
2019-10-09,660.7102062734932,661.0839917453272,646.8804986913017,650.9089965820312,6335025
2019-10-10,652.3626129333,660.0872935397148,645.0531875844289,650.41064453125,10402917
2019-10-11,649.1231670070367,684.2580384600514,645.0531486243522,676.7825317382812,20636344
2019-10-14,653.4839488054703,661.9977212557482,647.8773181674825,652.9440307617188,15150858
2019-10-15,642.1460456706589,644.5133200259127,635.4181094957851,638.1591186523438,13762133
2019-10-16,635.6257091593558,644.5132659670761,632.5524352188232,640.7755126953125,10767032
2019-10-17,637.0791714416068,640.0278328259254,635.5009889390908,639.1557006835938,9860495
2019-10-18,634.4212498088667,642.7273673782327,631.2649352718113,637.7852172851562,10037200
2019-10-22,574.0358037405917,574.0358037405917,530.2210306006513,534.5402221679688,90152532
2019-10-23,529.8722802251152,552.286739279614,517.3403597303704,547.1982421875,60516887
2019-10-24,546.6936639289946,549.3850891568092,531.5544547740378,534.3720092773438,25666433
2019-10-25,544.1704253387669,548.7962944877054,534.9186870408898,536.1382446289062,16549337
2019-10-27,547.6188416582735,548.7963562899278,542.9509288946952,545.7264404296875,2945281
2019-10-29,547.53470941113,549.8476440514997,544.1704408433197,547.2403564453125,16709764
2019-10-30,555.4407143722327,564.6924521557306,551.9082224061469,555.60888671875,22879467
2019-10-31,562.1692466354746,584.9201004709493,560.2347513187437,576.6355590820312,27405901
2019-11-01,580.3363499256558,583.700618620877,574.11243230563,578.5701293945312,9713519
2019-11-04,573.4396120692132,616.0817297759278,570.3697475612332,596.316650390625,29381982
2019-11-05,596.1063785335464,596.1063785335464,581.5979693205605,585.4668579101562,12897805
2019-11-06,585.2144945072711,606.8299298571256,582.0184497035772,599.0921020507812,21372589
2019-11-07,603.0451172805697,609.2269399991624,598.9238679117328,605.6524047851562,13733737
2019-11-08,607.250505545007,609.1429067049463,593.3728970387845,595.6017456054688,8585630
2019-11-11,587.821884324268,594.8027317901436,587.0649033133493,592.44775390625,6951494
2019-11-13,585.8033184727783,588.7470537414857,578.4439803010097,581.4718017578125,9973690
2019-11-14,585.6770293556489,596.9893916309301,585.6770293556489,593.20458984375,10539902
2019-11-15,596.3586254703425,599.6388077408627,590.6814224645931,592.0271606445312,7362623
2019-11-18,592.9523817601822,597.1577178010346,588.1582884066768,593.12060546875,7490916
2019-11-19,597.0735805159674,600.5219352404855,592.952331014765,599.5546875,6495885
2019-11-20,599.5126234796708,601.3629813816236,592.9523103133492,599.6808471679688,6142171
2019-11-21,601.7835754972151,606.7879355533987,597.5782395398621,599.8911743164062,9692973
2019-11-22,598.6296193605766,598.8398861745424,576.2151564579559,583.02783203125,14415826
2019-11-25,583.1539176502212,593.0785515939518,583.0277883720895,587.1489868164062,7334511
2019-11-26,592.9523919577827,594.8447932087118,576.9721147277148,580.8410034179688,27253106
2019-11-27,583.9108845926299,586.7705335134103,580.4204352923832,585.1724853515625,3861635
2019-11-28,587.9901045714655,591.5646404485899,583.7427251491109,590.3030395507812,4837683
2019-11-29,589.5039594161403,590.6814225723055,581.6399511170558,585.6770629882812,4262379
2019-12-02,591.3543065343835,592.1112875210467,580.5886570282067,582.6072387695312,9383736
2019-12-03,582.607193554897,588.4946632864052,579.1167445373522,587.3591918945312,5239013
2019-12-04,586.2238044780871,597.578211021063,583.153888841861,596.1904296875,7427886
2019-12-05,594.1718833260984,602.1199779590996,591.943034901219,601.23681640625,4814422
2019-12-06,602.1619592712076,605.5682705259846,596.8211527511904,601.447021484375,5226096
2019-12-09,602.2040981586572,607.5448541936557,600.7322306003085,603.2554321289062,6435865
2019-12-10,599.6808533083139,604.3067224432308,597.1576519619956,600.9844970703125,4457939
2019-12-11,602.7087178502597,607.8392584251918,599.6808965502122,606.4514770507812,6043554
2019-12-12,604.3067668700361,606.1571249269681,588.3685335937956,590.5132446289062,11112042
2019-12-13,589.0414023790205,599.5968369750725,589.0414023790205,598.2510986328125,10302412
2019-12-16,599.0922699483732,605.7367226227763,597.3260490271662,600.5220947265625,5616324
2019-12-17,605.3160134136265,615.0303283326663,601.3629877030515,613.7266845703125,10525565
2019-12-18,614.8199933319228,620.1187053057453,607.8811903976023,616.03955078125,12215295
2019-12-19,616.9226959259063,618.9833205146085,609.4371784680606,614.69384765625,7199210
2019-12-20,614.8200161609049,618.1842843751916,612.5070817635827,615.2825927734375,7794167
2019-12-23,615.7873635134639,620.1188287399051,615.3668299185862,619.0254516601562,4975608
2019-12-24,619.8244622737782,619.8244622737782,612.5492107067897,616.8386840820312,2890759
2019-12-26,615.6611306746806,617.8058415596886,611.0773046124243,613.0958862304688,3821806
2019-12-27,613.7688294220009,620.2871006491616,613.0118483585267,619.8245239257812,3399094
2019-12-30,619.1094031390497,620.6654079023416,611.6659806631237,616.4180297851562,5368416
2019-12-31,613.7267313848213,620.4973119154746,610.1521958705674,614.9462890625,6927885
2020-01-01,618.1843417505002,622.3896774086668,616.1237170110657,619.7402954101562,2112415
2020-01-02,621.4645602966463,623.062557139031,614.7360228516574,617.9320678710938,5658200
2020-01-03,617.2592642182839,629.1182916963388,617.2592642182839,627.4361572265625,7882938
2020-01-06,627.5200993341153,633.9963258227109,619.4458762669432,621.42236328125,6519403
2020-01-07,620.7075258131158,624.576413976731,609.8577395841436,612.2127685546875,7899363
2020-01-08,609.7315850691181,613.1378964491256,595.7277977645024,604.0543823242188,8639443
2020-01-09,606.9981131477696,615.2405601459508,600.7741963116773,611.9183349609375,13521186
2020-01-10,622.7683068722345,624.8289320715525,614.3996767778665,620.8338623046875,9341405
2020-01-13,639.2110333069456,653.9297084159871,635.0056975615051,650.6074829101562,36952038
2020-01-14,647.579625512934,653.4670952274895,645.2666909822158,652.3737182617188,11414418
2020-01-15,650.8598090964978,650.8598090964978,641.0193642733277,645.5610961914062,6047430
2020-01-16,648.2104694964037,649.7243801151758,639.4213074207928,645.0985107421875,5740586
2020-01-17,648.2104265364883,650.0607844299849,641.1033992493434,645.8133544921875,3762957
2020-01-20,648.967384890237,651.3224139506946,641.6921849277924,646.3180541992188,3887680
2020-01-21,646.3182036823425,648.0423814517162,639.841974937564,641.3138427734375,4448374
2020-01-22,646.3180495074183,654.3502303716543,644.2574247618087,647.7899169921875,9733935
2020-01-23,653.5932423472493,660.6582267315861,653.2568462980249,659.6909790039062,12528017
2020-01-24,652.4578666382421,661.4993388475377,650.6495516625163,658.3453369140625,7540490
2020-01-27,655.2334724473529,660.0696094419068,651.3225402873445,654.4344482421875,3741610
2020-01-28,656.873421087976,657.5462645174204,649.3038170037356,654.3502197265625,5121009
2020-01-29,661.5833959122372,666.7980224796606,659.6069086547881,664.1907348632812,6832757
2020-01-30,664.1906976328585,664.1906976328585,654.3502023182101,656.62109375,3859680
2020-01-31,656.4948643925258,660.1955798831523,648.9673041567233,652.6259765625,6092028
2020-02-03,657.714558292072,665.2421200893305,642.995882115459,645.4349975585938,6416745
2020-02-04,647.7057036707353,664.358872045631,647.7057036707353,662.6346435546875,5771311
2020-02-05,656.8734139163893,661.0787494728322,651.3223915157496,659.8591918945312,6310409
2020-02-06,659.6910143244213,661.7516391580695,647.6217209675293,648.7571411132812,7341622
2020-02-07,652.6261154386838,655.0651795602332,648.4628224594617,653.7615356445312,2853344
2020-02-10,650.985892685325,654.3501608645773,647.4113577448694,650.3130493164062,3827682
2020-02-11,655.1913091396193,655.2753953206621,646.9488613454889,650.6074829101562,4312817
2020-02-12,652.4999245366876,658.7658854536431,651.9111672288124,656.91552734375,2948825
2020-02-13,660.2376519080102,667.8072555604587,657.8826743719583,666.3353881835938,4387430
2020-02-14,668.2279173923379,672.1809436589497,659.9013312421273,661.4573364257812,5321680
2020-02-17,664.6953552903132,667.3447373343718,658.8078852676626,663.98046875,2929629
2020-02-18,660.2376778467144,672.0546604125798,659.102257788104,670.877197265625,5083346
2020-02-19,672.8537482691964,676.9329035842115,669.6156601395177,673.2322387695312,3985192
2020-02-20,675.5872979828225,677.984319215839,667.6812449546632,670.3306274414062,4564569
2020-02-24,672.9378166933391,682.6100890694331,666.2513738141197,669.36328125,6627536
2020-02-25,672.0126153334312,677.9000850547504,668.984794296332,671.5079956054688,6996695
2020-02-26,667.7652996223086,674.073303489259,656.4529357539774,658.3453369140625,8760569
2020-02-27,654.3501796176391,656.6631140571616,649.4720008848509,654.2239990234375,5223386
2020-02-28,630.800268731524,636.5195142344251,607.2924351165311,615.4087524414062,14123957
2020-03-02,619.866454614692,644.1733144136376,617.1329865312487,623.2727661132812,9821523
2020-03-03,635.0057595290015,638.3700284536584,623.4410851004932,628.2772216796875,7826587
2020-03-04,634.0803917402294,640.472480002188,627.0574519335045,638.1595458984375,11013444
2020-03-05,642.3649736649388,650.607420670565,632.272168841398,634.669189453125,7755293
2020-03-06,623.2307692180619,625.7539707128719,613.2220494214494,621.506591796875,9216022
2020-03-09,609.353131672268,610.4885517564255,586.2237857495801,592.48974609375,10308654
2020-03-11,580.8830285510021,585.3406740322644,562.7159479085041,576.9720458984375,16165009
2020-03-12,561.832917036573,563.5150515187185,527.7696937731281,530.8816528320312,13965574
2020-03-13,497.9116939506067,560.9917227450248,479.4082188375774,540.2593994140625,16903113
2020-03-16,523.1437931283513,523.269973740947,487.8189710843147,490.4683532714844,19140152
2020-03-17,494.63165517726236,497.91183815845955,462.5870118026229,466.75030517578125,16059887
2020-03-18,477.72614508318566,486.1368166515516,444.0834588097219,449.3821716308594,15390183
2020-03-19,428.31344971314985,469.3154736179433,428.31344971314985,458.84417724609375,16583991
2020-03-20,462.16639745629834,519.3169203841148,460.90479673530757,492.1925048828125,21354894
2020-03-23,454.17632800590167,471.79669766491696,433.90662723432206,442.7798767089844,17146150
2020-03-24,439.0370581095472,505.60754444680555,439.0370581095472,496.0614013671875,20027097
2020-03-25,502.11706128918286,534.0776112539885,475.79167119036754,509.8548889160156,18339548
2020-03-26,517.2563316143504,547.4085704111733,514.8172161834398,540.8062133789062,14843813
2020-03-27,559.3517595234601,567.6363026653427,540.1754366557111,548.964599609375,13495283
2020-03-30,525.7510026157663,558.0479984958881,522.3867343505311,527.0967407226562,14624804
2020-03-31,546.6936880038849,556.786494551649,532.9843027101059,539.5446166992188,15175521
2020-04-01,533.5309603116438,536.1803425380521,499.5939191648673,506.99530029296875,13083824
2020-04-03,507.5839276888164,509.68659516060103,489.6271680136374,492.6129455566406,10221655
2020-04-07,517.2563422117995,541.8575584877266,515.4901215771391,537.4419555664062,15145605
2020-04-08,529.8722697251504,551.4456612406818,526.8023542952592,531.2179565429688,11806896
2020-04-09,544.002215336272,549.0486181711811,531.6385181238118,535.1289672851562,11931114
2020-04-13,529.0312674456261,548.1235031036816,526.5501089450446,536.0962524414062,8330276
2020-04-15,547.8711577762954,549.4691545480491,534.5822558420756,537.4839477539062,11963447
2020-04-16,521.4196366879324,533.9936019754227,507.5840705622592,524.6997680664062,17783287
2020-04-17,541.6473207629225,543.3294552994532,526.5081099341452,528.821044921875,8878320
2020-04-20,538.282934250477,555.9453430305707,537.4418671657106,549.4691162109375,13322913
2020-04-21,528.0219376355332,543.7499033433327,528.0219376355332,532.563720703125,11660575
2020-04-22,532.5637884083881,542.4883716065032,528.2322715740959,539.8389892578125,8266728
2020-04-23,544.2124980318446,574.995587025574,536.6849366494273,571.3369140625,14451289
2020-04-24,562.2954282688096,567.7203216088942,550.7307550508507,553.4221801757812,7319940
2020-04-27,555.9873667512646,572.7666647748156,555.9873667512646,558.97314453125,7183306
2020-04-28,566.0381694663669,569.4024379327346,549.2588702234253,555.6930541992188,7296571
2020-04-29,560.1506783062439,573.6077516589464,553.4221416298926,569.02392578125,8639056
2020-04-30,588.7470280016161,605.5683716588051,587.1489798203163,601.7835693359375,16253821
2020-05-04,580.1681762931736,589.7563634358927,563.8094080839459,566.6270141601562,9122740
2020-05-05,573.397595226665,576.6356835913997,563.5150550815775,566.6270141601562,6393053
2020-05-06,569.318327239592,573.1451721883653,558.5105844559789,560.0665893554688,7934250
2020-05-07,559.7721367606489,567.1735161621764,557.1648495703952,559.2675170898438,4779548
2020-05-08,565.4073332761186,572.6825839071761,562.2533317888959,567.0474243164062,8400321
2020-05-11,574.028237718742,587.5273530421197,570.2434361513658,574.3646850585938,7370186
2020-05-12,570.6640780980144,581.1774177829448,568.1408765736312,578.35986328125,7356039
2020-05-13,584.3734450728143,588.6629183350881,575.0796633398852,583.8267822265625,8287101
2020-05-14,554.2632874684809,564.9868943201093,548.8804368286982,553.5484008789062,16888262
2020-05-15,559.1413903678222,559.1413903678222,543.9180965943926,548.6280517578125,9255353
2020-05-18,554.9780976739177,563.9775257855467,549.2168086529995,558.3844604492188,10435442
2020-05-19,558.4685751093036,567.552089859209,550.8989709286053,562.3374633789062,5902208
2020-05-20,562.2534253480909,566.0382277625507,554.8100011335205,563.1365356445312,5794636
2020-05-21,560.5712633559801,571.4630933685396,559.6461100118395,565.3653564453125,7213225
2020-05-22,567.72037055354,585.2566014656595,566.4587697300877,582.3128662109375,11867731
2020-05-26,582.859603174169,588.28449719359,571.0846616959029,572.3883056640625,7099606
2020-05-27,577.0140285152447,596.4847508898008,567.7202480547613,593.3307495117188,8774636
2020-05-28,594.634438857081,597.1576401535042,580.3362981773491,594.9708862304688,9440091
2020-05-29,590.3673971924181,597.4432703910662,575.405750096254,589.088623046875,28290128
2020-06-01,595.6955610762953,602.4304583583724,589.5148200132496,596.3775634765625,12276438
2020-06-02,597.1874640887264,606.693038399021,594.6725314563955,603.6665649414062,7059304
2020-06-03,605.8830608334472,606.9060903206365,593.3510666906208,598.08251953125,11378568
2020-06-04,598.4661973463441,604.8174515852697,594.6298755684829,603.3681640625,10782424
2020-06-05,602.7288494809951,606.7356853368517,597.2727259283245,599.7876586914062,7718679
2020-06-08,603.2829034128403,618.7560359307533,600.1711995336993,614.5360717773438,10719105
2020-06-09,613.8115622840146,621.995695634421,609.5915973866217,611.7655029296875,10078029
2020-06-10,609.5490027442587,613.3427097414555,604.6044198419748,610.2736206054688,7263049
2020-06-11,606.9914056570949,608.1849488973281,596.9743424317145,600.128662109375,8825715
2020-06-12,576.1302586304287,592.6264731974438,575.8745142565444,589.983642578125,9795316
2020-06-15,590.793561263612,600.5122640371706,584.1865625626119,586.1473388671875,7857344
2020-06-16,598.4661820238586,606.9913413119477,596.0365324401304,597.7841796875,10131760
2020-06-17,596.6759289850708,605.5420635672415,595.0561278809,599.8728637695312,7291916
2020-06-18,603.7517937976373,610.9128964105056,601.876248339466,608.6111450195312,6670195
2020-06-19,604.4338664974124,606.9061838028125,597.6137382435629,601.49267578125,22438862
2020-06-22,602.8140505610636,604.1781073987241,596.7612076963795,599.91552734375,7804096
2020-06-23,593.0953185975864,617.6477659685293,590.026230155318,614.3656005859375,12157390
2020-06-24,611.1687598919627,619.6086373298346,604.7748896965528,608.8243408203125,10220838
2020-06-25,600.8958012190868,601.5351881333584,591.2197667298192,597.1873779296875,14945284
2020-06-26,605.4569860796709,640.7511238160334,605.2864724413058,637.8526000976562,26030458
2020-06-29,626.9401949664656,634.8685821932067,622.4218192045339,623.8284912109375,8954428
2020-06-30,624.7236726185384,629.9666664813226,617.4346717126376,627.4091186523438,10411290
2020-07-01,628.5174832067848,632.8226790261972,622.123612573959,623.95654296875,5477468
2020-07-02,628.6026176947248,652.5583472155681,626.94025321164,645.0135498046875,17263756
2020-07-03,643.6494845542326,651.3221274164684,641.5181948702781,650.2138671875,7796572
2020-07-06,652.3452341660457,660.6998803103781,649.1909146533586,651.3222045898438,8810958
2020-07-07,655.9258036181499,679.4126080233551,652.6435859361666,677.0255737304688,19362533
2020-07-08,669.1398882409582,669.1398882409582,658.3129236791776,660.4442138671875,8476642
2020-07-09,664.9625165129492,673.4876769810639,660.6999362788918,666.4118041992188,6854166
2020-07-10,659.4211844341415,673.4024688864621,659.4211844341415,666.5396728515625,5206452
2020-07-13,671.7824837330834,686.5736127836284,670.1200674339092,679.4977416992188,10804688
2020-07-14,676.0025080790534,687.4688575912256,666.1132922029575,667.7330932617188,8961822
2020-07-15,681.1602375739893,723.3171613073787,677.5796602113422,708.3981323242188,30060599
2020-07-16,767.3495841598553,814.5789885034153,762.3623866762733,776.6420288085938,90432109
2020-07-17,776.6419971737915,784.229409617077,760.5720930182047,769.9497680664062,31682878
2020-07-20,774.5107742110097,805.6276077373739,773.0188712337183,796.5056762695312,18421053
2020-07-21,805.6276173282375,809.6344529216389,792.1578749795978,798.5943603515625,12877784
2020-07-22,800.4699893359641,800.5126047335725,775.7896382402033,782.5245361328125,14354201
2020-07-23,780.6062533635381,780.7340995364518,767.8185140654958,774.0418701171875,13051307
2020-07-24,770.0349721831532,789.2165795721606,770.0349721831532,786.7442626953125,18209580
2020-07-27,785.6362046961398,812.2773329278835,783.1639392163061,808.5689086914062,16827870
2020-07-28,806.4800976004691,824.851806119034,802.3880314019972,820.844970703125,15818463
2020-07-29,812.6608764082735,818.4153594040835,804.4340762008848,813.4281616210938,11152710
2020-07-30,820.1203626343344,829.1996785226145,817.3496857335426,819.6514892578125,12492320
2020-07-31,826.3010723042933,840.9643568338954,812.7034326964146,823.5303955078125,12704346
2020-08-03,818.4153618002468,823.0189690237522,807.7162963834019,815.7725830078125,8479792
2020-08-04,818.7989685101674,827.5372571462865,801.8338800032506,809.7622680664062,11133170
2020-08-05,811.5953051967749,819.2253344916073,799.9158245367275,805.3719482421875,9614176
2020-08-06,812.8740289289736,830.6916346449389,803.4963526644548,827.6651611328125,10976491
2020-08-07,826.4716318133721,826.4716318133721,809.0376695187394,810.657470703125,8010948
2020-08-10,808.9523323287119,815.6871765022314,805.8832439672684,811.0409545898438,5716319
2020-08-11,809.8050674480498,820.1204914859995,806.5654646283069,808.5689086914062,6802442
2020-08-12,808.1851112313698,817.3922729779498,803.2405291853771,814.110107421875,6908726
2020-08-13,813.9822447126891,825.6617240082926,808.398275468109,810.9132080078125,5097703
2020-08-14,814.8773894961097,820.9728996474734,811.6378391357582,812.959228515625,4663873
2020-08-17,813.385421629355,829.0291200424026,813.385421629355,816.2839965820312,9008210
2020-08-18,821.7402154117917,826.2585399271599,817.307121685347,824.8518676757812,6141761
2020-08-19,827.7078205185552,828.2619247087329,816.241469699841,817.818603515625,6622744
2020-08-20,817.4776357718137,823.1042207137014,810.998482772952,814.2807006835938,5656501
2020-08-21,821.0154168532418,821.356444022367,806.9489046786,808.8670654296875,6513773
2020-08-24,807.3326178205901,811.5951976401286,800.6830037087991,807.6736450195312,5798574
2020-08-25,807.7588488291673,808.7392629683003,795.9088565131773,799.7451782226562,6233918
2020-08-26,802.4306871744709,813.5133952045035,800.0010373812659,810.5722045898438,5153601
2020-08-27,818.4152745596017,819.2251750817397,805.7980494834962,807.3751831054688,6154280
2020-08-28,811.1262586270263,812.0213899100028,795.4399453471472,797.3154907226562,7593610
2020-08-31,797.3156147008101,810.3164841198824,779.7111379199654,791.6463623046875,12808355
2020-09-01,789.6429373349267,797.1024522625171,777.5798152386446,779.3275146484375,6907773
2020-09-02,780.0519670758929,789.7706681348029,778.773193359375,787.724609375,5678118
2020-09-03,789.8560300980209,809.3786662262877,787.7247402164828,797.5712890625,8827948
2020-09-04,780.0521865014927,792.4136692384016,779.583313080231,783.5901489257812,8650342
2020-09-07,783.3769917778524,790.7512241325386,778.3897418395961,788.6199340820312,6700385
2020-09-08,792.7972459130488,811.5952128631155,789.0461547881181,800.7682495117188,12891964
2020-09-09,797.1023711705908,806.4800461255389,789.4297280256333,790.921630859375,5528947
2020-09-10,797.3582028166012,803.070070411996,788.4067848343019,801.4076538085938,5171884
2020-09-11,797.0172031422388,813.4281356054228,793.6923700376182,806.224365234375,6671903
2020-09-14,815.857880852441,844.8860426955162,808.4409806198194,834.1017456054688,21871587
2020-09-15,835.0393887824163,847.4008702906807,828.3471592620098,837.5543212890625,11608203
2020-09-16,840.5807469984169,857.3327066338223,837.1706831160703,854.0078735351562,10059251
2020-09-17,848.2533606766004,870.4187751264412,848.2533606766004,861.8936157226562,15628241
2020-09-18,861.8936222694053,868.5432362481778,851.748661688465,854.348876953125,12897633
2020-09-21,853.3684588765447,878.943937164553,852.9422009050778,860.9558715820312,14140637
2020-09-22,860.1886250460414,871.6975907924453,845.0138509871017,858.9098510742188,12625762
2020-09-23,869.6941766111281,884.0590497105984,859.4213176757776,869.3531494140625,13486204
2020-09-24,855.0734864764644,860.1885821084272,826.9404605006685,831.5440673828125,14427432
2020-09-25,831.884949998758,865.2183507124187,831.2029477303847,862.2771606445312,13311078
2020-09-28,865.133180092462,866.2841078509341,851.2371804428481,861.3821411132812,8554526
2020-09-29,867.8614269668685,876.3865883319655,856.0114318560015,860.1887817382812,8708463
2020-09-30,860.1887034504401,872.9338289379866,856.7786392147594,859.54931640625,8048817
2020-10-01,870.0778078165321,875.1076730243029,862.5330620383229,867.5629272460938,5563358
2020-10-05,867.9039235150535,899.3191700634624,867.9039235150535,894.0335083007812,14212509
2020-10-06,899.4043752104361,903.6669551877368,879.2423511044252,900.0437622070312,9090819
2020-10-07,890.7939844478612,913.8971471108864,882.7803132773535,909.2509765625,9284008
2020-10-08,929.2423392141828,958.227880070405,927.878334575502,932.3966064453125,21482613
2020-10-09,933.5903189673562,949.1061737406264,927.921066339948,943.5648193359375,10567867
2020-10-12,957.3754868768211,971.8682591625789,948.0830414802206,965.1333618164062,14633537
2020-10-13,968.0744297648869,994.0761635839289,968.0744297648869,987.0429077148438,17523825
2020-10-14,990.6233189296806,993.095635461553,964.280560977816,969.3104248046875,16649573
2020-10-15,1005.9687993458155,1011.0838949357095,931.3736553265284,944.80078125,44288251
2020-10-16,949.5750483471644,968.4156335655179,935.1249419088639,961.2119140625,18365685
2020-10-19,967.6056530512211,971.015717026732,950.8111295985873,959.8477783203125,12902123
2020-10-20,953.8801618783683,975.8750119768656,946.2927487551511,969.7369384765625,10448776
2020-10-21,972.8485603199485,984.1017288071033,967.6055666125916,978.9866333007812,19811433
2020-10-22,973.573366844059,987.2136241728725,958.0576157592957,962.5333251953125,11271335
2020-10-23,976.2770731834634,978.0004219445991,965.2045784301376,967.2294921875,9069862
2020-10-26,967.0140307071399,973.3473160864729,950.5560718051436,958.569580078125,6309368
2020-10-27,952.7531780265001,956.1998750332847,928.152441251482,939.9573364257812,10172479
2020-10-28,943.9640595330724,951.934545658751,922.0344938341937,927.6353759765625,7608392
2020-10-29,921.9913116962749,932.3314011732425,913.4607168408107,926.17041015625,6935616
2020-10-30,923.7146464236655,933.7100450681501,906.7827291159676,913.8915405273438,8800386
2020-11-02,917.6830636243235,930.5650514106525,905.7057706771407,923.9733276367188,7183119
2020-11-03,923.7146779620905,930.0910876342429,911.2204029336852,915.5718994140625,7204782
2020-11-04,920.2680748764902,961.6284377922875,919.2341078775322,942.6284790039062,15702690
2020-11-05,956.3724130500796,967.6603263633838,946.9801412941753,951.2885131835938,9568890
2020-11-06,954.7348679984133,966.0227772599859,940.689538606457,958.8278198242188,8807127
2020-11-09,973.0886777262612,987.4785942243576,966.0660122364769,979.3358154296875,10160320
2020-11-10,959.7756841888363,959.7756841888363,928.8846884530361,940.1295776367188,15622869
2020-11-11,944.3951211024499,970.5469175157144,936.6400516773385,967.2294921875,12514800
2020-11-12,972.0545980151975,984.0318898657669,959.6895948668982,963.1362915039062,9180976
2020-11-13,965.0751022374202,976.2768668169616,962.4900796421414,968.694091796875,6363212
2020-11-14,979.7235361739331,982.0069937727832,974.6396375086227,976.66455078125,1136144
2020-11-17,986.4014662125829,986.6168847463703,958.7417475112447,968.26318359375,12813968
2020-11-18,972.3994456630774,976.0184356421144,949.0911138193663,956.9324340820312,9839468
2020-11-19,947.8416399393806,960.5082088719068,942.4993018609314,945.0411987304688,10092343
2020-11-20,953.0115457596897,955.5965680357107,940.172580751821,950.7280883789062,8063554
2020-11-23,952.1499371201602,986.4446104134439,949.5217888849451,982.1792602539062,10546363
2020-11-24,986.6172361603506,995.1478341737325,976.578707873361,982.3519897460938,8515426
2020-11-25,979.7236286169614,985.3245112783601,957.5355165352668,961.326904296875,8958701
2020-11-26,965.0319378135229,965.0319378135229,946.3767763124209,959.2156372070312,10962256
2020-11-27,963.3516251997514,965.9366474498403,940.0864249489524,947.8414916992188,25306145
2020-12-01,952.1931422474431,982.5240328246149,952.1931422474431,980.4559936523438,8933802
2020-12-02,977.1387154830925,988.7281934472868,965.9369489034804,983.0842895507812,6741637
2020-12-03,988.3403828052343,988.3403828052343,967.4016560737828,970.6329345703125,16212632
2020-12-04,969.383431702864,979.7235216410278,960.7666900877274,977.6986083984375,10564055
2020-12-07,988.5988057370549,993.5103063746003,978.8618456561543,985.3244018554688,7792141
2020-12-08,986.6170525038359,1005.5738867004161,986.6170525038359,993.81201171875,12308330
2020-12-09,1006.478700353189,1016.3448289374377,996.9571573383768,1012.6395874023438,10039346
2020-12-10,997.3014829641962,1009.5803371481111,990.9250744913763,1006.2197875976562,9488782
2020-12-11,999.283578622774,1009.8390881110338,995.4491703111808,1002.2994384765625,10574009
2020-12-14,1007.6419288306225,1010.3992444657129,989.3743708973892,1003.4628295898438,6728187
2020-12-15,996.0952197091225,1002.7300679394843,992.6485234471533,994.8888549804688,6905926
2020-12-16,999.5421729542776,1007.2110951458104,994.0274364803186,1004.4536743164062,7788404
2020-12-17,1004.6260026015282,1007.2110252833137,996.2676994861832,998.8527221679688,6658153
2020-12-18,1019.2313934611827,1029.7007569220882,1012.9842549777642,1025.2200927734375,15995676
2020-12-21,1023.668907128064,1042.4103202004844,992.6917629972387,1014.4490356445312,10858352
2020-12-22,1018.4988838142667,1054.559927318439,1013.4149851000539,1051.67333984375,10901851
2020-12-23,1066.7527078945845,1084.7185947409778,1060.3332768878963,1079.720947265625,15878346
2020-12-24,1077.0066772141781,1077.0066772141781,1056.4126413899178,1065.072509765625,7313885
2020-12-28,1067.1404376231014,1075.3694688214343,1065.0293777750744,1068.734619140625,4607051
2020-12-29,1064.167540154912,1080.9270597457682,1064.167540154912,1077.3511962890625,6878105
2020-12-30,1079.6776645800098,1079.9362088880785,1066.8818250271804,1074.3353271484375,5194690
2020-12-31,1071.0611035863476,1084.3309082075723,1067.614406551476,1082.090576171875,7430470
2021-01-01,1083.899961941162,1090.448664611065,1082.0904672170202,1086.09716796875,4253550
2021-01-04,1093.4645299158258,1111.5596876212885,1086.7004086676557,1110.0517578125,7208454
2021-01-05,1104.666187996577,1119.3146475877952,1098.6775951199797,1114.833984375,8145280
2021-01-06,1120.17655398767,1121.8999025322664,1092.6461030616813,1104.7525634765625,7161715
2021-01-07,1116.729659647104,1118.1514429822316,1081.8318577831321,1087.56201171875,10954918
2021-01-08,1101.4348924983926,1134.6524703484326,1101.4348924983926,1130.6025390625,13186251
2021-01-11,1156.4528696665475,1191.9969287839901,1154.6433749666262,1185.8359375,20528626
2021-01-12,1187.3870506780231,1187.3870506780231,1171.8769150378166,1182.0015869140625,8309868
2021-01-13,1183.8110536129677,1200.139842468759,1171.8768872321662,1195.2713623046875,14442997
2021-01-14,1171.8769809148123,1192.5571629309559,1136.0743737254254,1180.924560546875,27521697
2021-01-15,1171.8768069574498,1175.7112147298128,1154.6433245021933,1158.9085693359375,15018441
2021-01-18,1152.919971634621,1154.643319873238,1125.3463998167526,1130.5595703125,8861765
2021-01-19,1137.4099028583078,1146.8883187154604,1130.5165095076513,1134.5233154296875,5585744
2021-01-20,1137.883875806407,1161.8814805840243,1137.883875806407,1154.16943359375,8225838
2021-01-21,1163.260297069055,1172.781840093079,1150.3351826571766,1154.385009765625,6142421
2021-01-22,1143.4419292253458,1168.4304868346412,1143.054217819147,1155.3760986328125,9646591
2021-01-25,1158.951780705668,1161.4506568831903,1131.3782067409234,1141.804443359375,6542611
2021-01-27,1137.0654519615634,1143.915826159427,1107.337686867255,1121.038330078125,8133665
2021-01-28,1113.1109044191408,1117.117605772038,1096.5236741202204,1099.668701171875,4660690
2021-01-29,1108.3283245723426,1112.550548750536,1060.720829969721,1067.6573486328125,12183519
2021-02-01,1077.566678701436,1101.176466884617,1069.3376482785413,1086.4849853515625,8880279
2021-02-02,1102.9428466076697,1115.3509746689713,1088.8113703485435,1095.4031982421875,6892490
2021-02-03,1100.9179880401161,1123.6230806340604,1096.911182244754,1106.94970703125,8182968
2021-02-04,1107.2514151368716,1114.489499899249,1096.0927756341387,1102.3829345703125,5032240
2021-02-05,1108.4577254721191,1110.4826388299136,1087.4328536980415,1096.1357421875,5477481
2021-02-08,1107.682211859104,1128.7932302881572,1099.0654696431639,1123.2354736328125,6921922
2021-02-09,1126.1219793119321,1147.7499796635198,1118.3237860998943,1124.958740234375,7965949
2021-02-10,1116.5575146413062,1123.924766232091,1106.0450258741864,1117.16064453125,5951207
2021-02-11,1110.6978861575487,1116.729604701461,1105.570967469153,1113.843017578125,4673317
2021-02-12,1124.4847715939468,1140.6411619904115,1121.5120378349307,1128.620849609375,5797875
2021-02-15,1137.410006642959,1144.648091358565,1126.2943878137974,1128.49169921875,4363513
2021-02-16,1132.2399092154096,1137.194535910987,1108.113031393468,1111.9044189453125,6896421
2021-02-17,1111.9046927485392,1115.4375368340222,1098.6348856418526,1104.0634765625,4575741
2021-02-18,1099.4961573516564,1125.3463804868834,1098.6344832471489,1113.670654296875,6437551
2021-02-19,1116.8157821474692,1119.7454951301386,1100.185535095986,1112.6798095703125,5389696
2021-02-22,1115.8681194822566,1127.543847285139,1085.7095216584119,1090.190185546875,7371303
2021-02-23,1095.3172307680072,1112.42144338809,1083.5984821457366,1091.18115234375,6612942
2021-02-24,1085.7526365780805,1100.013281724026,1078.8161170740752,1098.031494140625,4537258
2021-02-25,1110.2241360693142,1119.9610970869585,1096.049636849095,1098.2469482421875,8788221
2021-02-26,1093.4645216914641,1098.0314368662373,1072.5689230697005,1079.936279296875,15132388
2021-03-01,1088.5531801866234,1106.8206331874785,1084.8479386399652,1091.7413330078125,5756286
2021-03-02,1104.8818247785234,1128.7932855994275,1102.253676199945,1124.0540771484375,10461434
2021-03-03,1136.7204221811978,1160.6750040567447,1127.0697144069948,1157.7022705078125,9056399
2021-03-04,1150.3350531237788,1175.194332673044,1142.4938389671688,1146.3282470703125,12041941
2021-03-05,1144.7342041454772,1154.6434577003683,1124.5279857096573,1134.56640625,6486176
2021-03-08,1141.5461538089207,1159.8997532734595,1134.9973449862318,1150.9814453125,5119392
2021-03-09,1145.5957474208333,1163.6477782378126,1136.332750591368,1159.4256591796875,6518173
2021-03-10,1169.205822791716,1183.9404315800884,1167.568620663042,1178.899658203125,7925984
2021-03-12,1183.0786532905622,1199.1919184391575,1180.5367565245792,1184.6727294921875,9462061
2021-03-15,1180.4934534283886,1189.0240475959667,1170.584201812019,1183.595458984375,6658635
2021-03-16,1194.323603143668,1211.5139618801932,1189.5412691149409,1192.55712890625,9352771
2021-03-17,1199.6657567646491,1206.343730989771,1190.8335973056169,1195.1419677734375,7626744
2021-03-18,1200.9585220891945,1200.9585220891945,1131.809161445135,1152.1446533203125,10961755
2021-03-19,1146.0267544140797,1167.7409034764084,1135.6866633968098,1158.4779052734375,12767112
2021-03-22,1163.346265133308,1185.663646967112,1151.2828268647472,1181.1829833984375,4862758
2021-03-23,1182.6047683710906,1191.910892235116,1171.5322754263343,1181.829345703125,7165335
2021-03-24,1170.0241758418215,1180.8812486522415,1160.0287771462733,1166.4913330078125,6134303
2021-03-25,1160.4596635790633,1165.4142899503865,1143.9585825402114,1149.301025390625,8749994
2021-03-26,1158.6932492202639,1169.0333395716661,1147.750029005632,1151.3690185546875,4922071
2021-03-30,1160.5890562717839,1206.3439374331733,1151.326058180779,1193.6773681640625,10546381
2021-03-31,1190.8337900392485,1196.0038354373928,1174.7205239556358,1178.8134765625,8220987
2021-04-01,1189.1106438936024,1199.1060456603736,1181.355574476905,1193.59130859375,5675155
2021-04-05,1198.5888478178297,1227.885771488431,1195.142150915406,1214.87451171875,9479572
2021-04-06,1226.162443610447,1228.7474663306377,1211.9016928634576,1215.865478515625,5793571
2021-04-07,1215.1762164441059,1236.4595301908835,1212.031084121887,1232.3665771484375,5879234
2021-04-08,1232.1941703487278,1250.8924593912707,1224.4391021437357,1240.681640625,5654434
2021-04-09,1253.7356419887637,1253.7356419887637,1232.2369182430189,1241.71533203125,6052712
2021-04-12,1270.1078884948163,1273.1668742622135,1219.2691059838298,1228.5321044921875,20384532
2021-04-13,1234.7790588105163,1236.7178256509376,1184.8019580352127,1203.8880615234375,14855206
2021-04-15,1148.0086039057906,1177.3916737330917,1137.4099689394636,1172.523193359375,25342491
2021-04-16,1176.1851668001211,1181.225939335156,1160.3303420495129,1166.4913330078125,10879878
2021-04-19,1154.6435435911633,1188.8519706818274,1148.0517142642886,1174.0743408203125,12508028
2021-04-20,1188.2487756609848,1188.2487756609848,1156.7115195484307,1164.4234619140625,8560766
2021-04-22,1168.04239869778,1176.0128843300108,1159.0809667878193,1164.2078857421875,6622446
2021-04-23,1157.228385510809,1161.8814469660617,1146.8882956923953,1149.301025390625,7316262
2021-04-26,1147.9653111763905,1164.3802447330834,1138.271477623578,1157.7022705078125,7088606
2021-04-27,1159.813465880782,1165.8451852427174,1154.7726928795603,1161.9676513671875,3636115
2021-04-28,1170.1536463734674,1171.446157764896,1158.607190239735,1168.4302978515625,4879234
2021-04-29,1178.7702141412208,1179.6318882743649,1164.4664445679937,1168.731689453125,5412357
2021-04-30,1160.0718873604987,1183.854071574896,1159.7271966822093,1167.00830078125,8354677
2021-05-03,1155.3327768515082,1172.7385531266991,1152.920047085616,1165.026611328125,4560337
2021-05-04,1166.706806746648,1167.5253551205797,1140.9427284558226,1145.5096435546875,4887060
2021-05-05,1155.5913444106986,1158.0040744447103,1144.131139711262,1155.93603515625,3939788
2021-05-06,1158.9519645780922,1175.9269066693464,1152.4032607594545,1173.2557373046875,4810090
2021-05-07,1176.4436194997431,1183.1215933699916,1161.9674534232122,1165.457275390625,4991435
2021-05-10,1163.1306725944937,1165.7588204694923,1150.3779600149412,1154.2554931640625,7195348
2021-05-11,1151.9723783704771,1155.50522191954,1141.8045796830766,1146.5869140625,6420988
2021-05-12,1146.0265506149326,1146.0265506149326,1132.6706020927286,1143.4415283203125,5241898
2021-05-14,1143.3124370755465,1143.3124370755465,1129.9134658392018,1134.3079833984375,4824609
2021-05-17,1137.6684297752622,1150.2918720076307,1137.6684297752622,1145.5096435546875,5017129
2021-05-18,1152.9200842102962,1158.6071129160698,1145.5958534810081,1154.6434326171875,5620150
2021-05-19,1156.3668429275547,1169.6796680095263,1148.827193243787,1152.0584716796875,4435878
2021-05-20,1161.8812514852518,1162.484381215919,1150.334798760357,1154.0400390625,4490092
2021-05-21,1161.10597595688,1169.7227178934802,1160.1150295972031,1167.1376953125,4969733
2021-05-24,1168.9903331930352,1174.461943366911,1159.037954034809,1161.5799560546875,4225371
2021-05-25,1170.1537307784752,1178.7704740095392,1167.094744857506,1173.2557373046875,4099340
2021-05-26,1178.6842466258772,1206.3439694601002,1173.6434732190312,1203.974365234375,6850024
2021-05-27,1209.9628153141646,1220.346031032541,1199.1918882971079,1208.2825927734375,15365391
2021-05-28,1214.745138951032,1218.4072541065857,1202.983265708581,1210.6953125,4261312
2021-05-31,1220.6681286347393,1220.6681286347393,1204.5551351422366,1213.9180908203125,4429904
2021-06-01,1219.3615032530086,1220.232475755332,1200.7662615923773,1208.2130126953125,4791325
2021-06-02,1202.5952563024946,1212.3501055873878,1188.877439690679,1200.7662353515625,9272276
2021-06-03,1208.9969958950846,1218.4906181150707,1199.3728128462976,1210.3470458984375,5115645
2021-06-04,1214.0920448950565,1216.6614775007154,1199.895257275533,1206.863037109375,4194328
2021-06-07,1211.5228375969002,1212.3938101616714,1199.5905559874905,1210.3470458984375,5154576
2021-06-08,1215.8774415575238,1238.304980325508,1215.4855465147693,1230.640380859375,7360630
2021-06-09,1231.0327527874454,1241.1360141650894,1223.368151014114,1232.6876220703125,5394317
2021-06-10,1240.2647887797134,1244.6196510998668,1235.90992645956,1240.526123046875,3496575
2021-06-11,1245.577823696013,1264.3037335391286,1245.011670273987,1260.210205078125,6140828
2021-06-14,1281.2004035718885,1286.426237984826,1265.9147953860963,1273.1875,7132294
2021-06-15,1275.103669819977,1285.5553392447312,1274.2326973679144,1283.726318359375,5403104
2021-06-16,1282.6811854881962,1297.2699751733123,1278.1521709198764,1289.5618896484375,7661710
2021-06-17,1284.7716463341542,1308.7669837182775,1284.7716463341542,1302.3653564453125,7677951
2021-06-18,1314.2975085574267,1320.2201641126776,1295.4845237346972,1309.3330078125,13533974
2021-06-21,1300.3618294777948,1311.5103190367672,1292.6972296160168,1306.719970703125,5454052
2021-06-22,1314.90729486806,1325.141222942779,1308.287924356051,1316.7799072265625,6427862
2021-06-23,1328.2329974366169,1328.2329974366169,1305.2828944498028,1309.2022705078125,5529809
2021-06-24,1321.2653858939264,1366.3382162960427,1316.2137024706592,1358.0203857421875,10785137
2021-06-25,1369.1686200346994,1374.3944544623128,1343.910420301235,1371.084716796875,9780240
2021-06-28,1369.9525552441462,1376.2671053562678,1359.23955183632,1368.9945068359375,5019178
2021-06-29,1359.5879990996918,1370.6058218938479,1358.0202061563784,1361.37353515625,5913567
2021-06-30,1369.2124860237218,1385.7173738759964,1369.2124860237218,1376.83349609375,6058722
2021-07-01,1373.3928839350976,1373.3928839350976,1357.8896381461875,1359.0654296875,4814317
2021-07-02,1357.8025504266625,1366.9477617714929,1343.562171167975,1365.5107421875,5166064
2021-07-05,1366.6865788207563,1380.491472279574,1359.6317225292362,1375.2220458984375,4058338
2021-07-06,1370.6493623265098,1382.0155958269174,1356.1912402845298,1360.6331787109375,4089574
2021-07-07,1363.9863624372147,1367.905738216782,1345.347531910408,1362.723388671875,4797120
2021-07-08,1365.684912101554,1372.6526922653372,1349.1364342125682,1359.370361328125,3326813
2021-07-09,1355.2331885032247,1367.3397273251671,1350.8783260723017,1361.242919921875,3436594
2021-07-12,1367.9059052074665,1374.3946078178155,1335.854074613799,1348.134765625,4588982
2021-07-13,1355.581708354052,1355.581708354052,1338.0751812303984,1345.6090087890625,4456160
2021-07-14,1353.4912324038655,1378.5752823277203,1339.6427487234016,1373.4365234375,5657716
2021-07-15,1356.8882027607826,1390.8125422016935,1355.2333335958833,1376.83349609375,10021355
2021-07-16,1370.6929898779226,1371.4768864021955,1349.6589824626813,1354.754150390625,6265593
2021-07-19,1345.3911156206077,1352.533153580218,1339.1637475912771,1342.7781982421875,5669162
2021-07-20,1339.8170980665798,1356.7138802520703,1339.5557637771587,1350.051025390625,5069939
2021-07-22,1359.936562140339,1387.3286063361954,1359.936562140339,1385.0205078125,7854575
2021-07-23,1383.5833964986373,1392.2495302773834,1380.5349927726625,1385.2381591796875,4179719
2021-07-26,1388.4171860985402,1403.7027953972172,1388.4171860985402,1396.9527587890625,4586710
2021-07-27,1397.9108175675212,1401.6560417250942,1391.7269342802642,1395.7769775390625,5892859
2021-07-28,1397.9978633827702,1400.1752945157943,1380.9268245638377,1398.433349609375,4686788
2021-07-29,1393.6432129379934,1410.9755886552064,1393.6432129379934,1408.3626708984375,4660873
2021-07-30,1402.2655636048103,1413.9366150254957,1398.9123411297298,1402.7010498046875,6234257
2021-08-02,1417.4642058801662,1423.8223478971256,1410.278682485059,1421.0352783203125,5553389
2021-08-03,1434.4918563493748,1444.6387082912352,1424.5627475551084,1441.6337890625,5513668
2021-08-04,1453.7401991220645,1463.146744783546,1427.5675389174712,1436.451416015625,6740391
2021-08-05,1436.6690522625252,1451.0400976473882,1434.5352122939364,1440.196533203125,5420536
2021-08-06,1443.201464252009,1446.380535210929,1431.8788215028985,1437.27880859375,3754855
2021-08-09,1446.6853193592076,1452.3030494440573,1433.9691421507919,1448.6885986328125,5018477
2021-08-10,1452.7822488331904,1463.2339196881055,1446.7290319910098,1460.8387451171875,6846517
2021-08-11,1458.7048011852285,1466.7177057432823,1452.7821455937024,1461.0999755859375,4899639
2021-08-12,1462.4933514969034,1477.6047016288974,1458.0078222969491,1471.594970703125,5659579
2021-08-13,1478.0403134331104,1500.2501118966013,1473.0758127751071,1491.279052734375,5612790
2021-08-16,1487.359618942514,1498.0290315167445,1472.0305249977998,1484.4854736328125,4564109
2021-08-17,1484.0501084300226,1523.2438721030503,1468.9387563667328,1516.9293212890625,9510390
2021-08-18,1505.9115681210037,1528.9923411431014,1504.1696229872607,1509.787353515625,6686090
2021-08-20,1494.6759407419665,1519.8470681780625,1494.6759407419665,1509.351806640625,6206972
2021-08-23,1511.7907685883863,1526.945713875664,1508.5246211695724,1514.4036865234375,6189051
2021-08-24,1524.2018576309072,1530.298665061431,1491.7145412231635,1498.81298828125,7602939
2021-08-25,1496.3307234273852,1521.5018494102508,1496.3307234273852,1511.6163330078125,6153253
2021-08-26,1510.2662216732501,1520.7178910273901,1498.0726074267532,1504.779052734375,5302248
2021-08-27,1502.4277064883427,1504.7792899357576,1485.1824068076487,1488.3179931640625,6698514
2021-08-30,1483.3098187310713,1496.8969690174113,1472.2919948958422,1478.9549560546875,6559667
2021-08-31,1480.783933076624,1493.7178535768544,1468.3289836646177,1486.27099609375,12255438
2021-09-01,1488.9275478953632,1488.9275478953632,1457.267717526702,1461.274169921875,7801974
2021-09-02,1460.9256195979472,1475.688666436114,1448.122367094647,1471.1595458984375,6830050
2021-09-03,1477.2131517122136,1485.8356955769768,1467.066299445612,1481.2196044921875,5339139
2021-09-06,1485.1389236872342,1508.5245163164989,1480.0872401693016,1507.1309814453125,4876026
2021-09-07,1506.7827476058906,1511.0505350336114,1484.1374577574782,1486.445556640625,3520341
2021-09-08,1481.393539587416,1481.393539587416,1465.8031107394431,1474.774169921875,4584896
2021-09-09,1468.3726571492882,1476.2114101731731,1465.1065100560027,1473.337158203125,3331674
2021-09-13,1465.8467121859994,1481.9597033775865,1459.0530841826737,1473.598388671875,4662374
2021-09-14,1477.12592169284,1477.12592169284,1462.0145685181678,1468.5904541015625,4945167
2021-09-15,1474.7743181658348,1493.8050477371864,1472.1178092741352,1490.6259765625,4062344
2021-09-16,1493.891966210481,1497.4194473085083,1473.2063696575788,1482.6129150390625,3246568
2021-09-17,1478.0404287798092,1496.3308524712506,1467.1096806648243,1473.075927734375,7454864
2021-09-20,1467.588794337864,1487.359829336001,1461.4483951332998,1470.071044921875,5660743
2021-09-21,1480.6532560868934,1503.9517705576725,1467.2838494209095,1496.72265625,4672222
2021-09-22,1495.4597566485802,1514.5340753328271,1492.0194578610053,1495.3726806640625,4553892
2021-09-23,1508.5244539217945,1519.8470970516926,1499.030831879671,1517.7132568359375,3826090
2021-09-24,1531.169602820424,1557.2987769299875,1526.335663082202,1536.2647705078125,8280446
2021-09-27,1540.5327360352849,1540.7504791781873,1496.4179540192567,1499.074462890625,5045337
2021-09-28,1489.3630166815442,1489.3630166815442,1458.878978328413,1469.417724609375,6557197
2021-09-29,1445.1613454121327,1481.8728632613904,1441.4597117113633,1473.9034423828125,7792548
2021-09-30,1483.2663028944044,1483.2663028944044,1454.6112837647613,1459.05322265625,6914031
2021-10-01,1450.2562135367987,1462.3191607744086,1446.9029908490702,1450.2998046875,5733906
2021-10-04,1456.7014416476638,1470.2015147989575,1450.517558435886,1462.14501953125,2947154
2021-10-05,1455.3950807569224,1483.2226102398492,1448.4273005977032,1474.38232421875,4373310
2021-10-06,1482.4822902737767,1488.492021865943,1454.524093924005,1457.6160888671875,4271698
2021-10-07,1469.330685011527,1484.3113702738483,1460.3161404249604,1472.8145751953125,5476108
2021-10-08,1485.2255947887302,1508.0886188985114,1479.2594554754844,1501.4256591796875,4738376
2021-10-11,1464.9759556959,1506.7826417086249,1449.0371141255885,1472.7711181640625,8840633
2021-10-12,1460.621034543982,1471.072705631953,1447.556445684018,1467.719482421875,7439300
2021-10-13,1477.1257522003684,1492.5420290685638,1463.277374662343,1488.6661376953125,7104171
2021-10-14,1527.6857924741366,1553.4665576738048,1479.085483572147,1494.37109375,19655776
2021-10-18,1515.4922131177411,1566.8795927579404,1515.4922131177411,1560.9134521484375,13438109
2021-10-19,1579.944155219386,1597.799091923905,1552.3343687944996,1587.0426025390625,10324260
2021-10-20,1593.3572134225717,1609.5572816820163,1562.5683548664965,1569.79736328125,5876115
2021-10-21,1579.9441517799685,1579.9441517799685,1521.4583257794832,1527.3809814453125,8779629
2021-10-22,1524.11481075835,1535.6986813056806,1486.7500689564513,1497.8985595703125,7369809
2021-10-25,1499.858350257659,1506.564796489911,1469.5048712675496,1487.229248046875,5905209
2021-10-26,1502.6062654350915,1517.1485436893581,1490.1727607226414,1497.0264892578125,5871709
2021-10-27,1501.7716182584402,1523.7828831952202,1494.78606375197,1519.213623046875,5090259
2021-10-28,1510.7780094844702,1515.522964410046,1486.7897990608278,1497.2022705078125,5329972
2021-10-29,1492.8968534222288,1504.8470363291535,1459.5505540155075,1465.437744140625,5875091
2021-11-01,1474.0048022483252,1500.1018935472132,1472.6867651673283,1493.8193359375,3636806
2021-11-02,1489.3819492239559,1499.4429230262488,1481.7812470277015,1491.93017578125,3471772
2021-11-03,1501.6835397594302,1509.1084388738689,1492.896626127134,1495.9720458984375,3530713
2021-11-04,1506.955475446985,1508.7128579256405,1498.1685630537083,1501.419677734375,483407
2021-11-08,1520.1361328125,1529.80173828125,1496.4114648437499,1526.726318359375,5245903
2021-11-09,1524.3100142140984,1537.710059014078,1516.621463919028,1531.119873046875,4016134
2021-11-10,1516.6214263051052,1538.544734840755,1513.0626830662195,1529.054931640625,4780368
2021-11-11,1522.7282608636551,1528.703405453859,1501.6836441561402,1523.035888671875,4731349
2021-11-12,1531.559061749532,1566.5748914793885,1527.20958236198,1564.246337890625,5069009
2021-11-15,1565.915958976433,1581.6445568553665,1560.116617053724,1570.3533935546875,4354074
2021-11-16,1572.857750868686,1589.5089115274943,1561.4347616165671,1574.8787841796875,6034233
2021-11-17,1575.0984778513402,1583.402069550953,1564.6858978550656,1570.6170654296875,4732492
2021-11-18,1565.476535154988,1572.3742410091222,1545.618131495533,1563.54345703125,4326924
2021-11-22,1567.5853905552658,1568.8155799150782,1538.7204007522319,1545.9696044921875,6621839
2021-11-23,1524.6174092729004,1535.293531113381,1502.5622768372482,1526.1990966796875,8436160
2021-11-24,1528.923167102742,1529.362512840415,1483.231210384729,1490.2607421875,7333061
2021-11-25,1493.7753000534872,1516.7969705965193,1491.0952485220696,1513.4580078125,4476260
2021-11-26,1496.0158666598963,1509.8991243873395,1479.716100674578,1486.4381103515625,4494181
2021-11-29,1485.867137758942,1504.319656915026,1466.6677523751573,1490.568115234375,3942776
2021-11-30,1497.7733686584895,1520.0481727071376,1493.819257622796,1504.8907470703125,14808963
2021-12-01,1506.9558896878457,1530.5927119756113,1505.1985067261105,1506.8680419921875,5193264
2021-12-02,1506.9557521388576,1538.1492968624316,1503.748507074007,1536.1722412109375,5559574
2021-12-03,1556.2503551294296,1569.914049638286,1522.3768651886874,1525.012939453125,6754012
2021-12-06,1520.1363042844928,1523.607092825833,1486.3066813278726,1489.645751953125,3991449
2021-12-07,1494.7419695434742,1515.654868474255,1488.5032818453103,1504.01220703125,4202122
2021-12-08,1522.7722156867264,1546.3211884129332,1522.4207176698017,1540.653564453125,3029169
2021-12-09,1545.6180646900336,1554.7564760644466,1530.6803119329384,1549.5281982421875,2082171
2021-12-10,1546.4967870719056,1549.7918796579963,1534.1951080838337,1545.8377685546875,1823469
2021-12-13,1552.691619157812,1556.4699276693766,1527.8685881008832,1533.0089111328125,4040584
2021-12-14,1520.9269292908916,1549.1329011030184,1502.8697785484514,1539.59912109375,4768144
2021-12-15,1533.3164478312353,1535.9085444800232,1512.4035502224383,1523.8265380859375,3053149
2021-12-16,1548.8254519662987,1561.9618457823942,1544.7395154133753,1556.689697265625,4481031
2021-12-17,1599.2183437253605,1618.549554473689,1587.5756827064808,1599.9652099609375,18887243
2021-12-20,1583.1382500746142,1607.6977390246545,1570.4851797435072,1580.677978515625,5773891
2021-12-21,1582.523173111217,1615.0347541246067,1582.523173111217,1591.8372802734375,5353584
2021-12-22,1603.6116727640501,1607.258263225774,1592.4962060182195,1603.3480224609375,4156428
2021-12-23,1609.103704090808,1635.7719679184652,1605.3692654601534,1632.2572021484375,4112933
2021-12-24,1645.744996985642,1648.2053757839751,1629.0938380399784,1637.44140625,3780347
2021-12-27,1634.3659241624905,1647.1069488401015,1621.2295312790468,1639.7698974609375,2647733
2021-12-28,1652.5547486394014,1665.910921270975,1650.5338229288552,1658.96923828125,3340933
2021-12-29,1655.0151681366292,1664.065732003417,1648.7764809648074,1656.8165283203125,3236635
2021-12-30,1655.8940269931556,1678.124963441618,1646.9752873799528,1663.2310791015625,4584738
2021-12-31,1660.7268115874554,1668.0638636147924,1644.6028452130947,1658.749755859375,4619420
2022-01-03,1658.7497778274603,1681.8594057710459,1658.7497778274603,1668.1517333984375,3329616
2022-01-04,1668.151697346698,1675.3570314082458,1650.1825005622568,1668.766845703125,3921999
2022-01-05,1669.5137232070176,1672.061949815919,1616.7922372110065,1620.878173828125,6995719
2022-01-06,1606.2478877431283,1606.2478877431283,1581.6445284122708,1597.2852783203125,6449205
2022-01-07,1595.2202481604722,1613.2773992100788,1587.619653412898,1594.2098388671875,4834389
2022-01-10,1594.8248209393573,1643.0649981325935,1593.0674382165591,1626.238037109375,7857560
2022-01-11,1629.9725624667992,1643.1529335918676,1625.7109305887875,1630.499755859375,5142287
2022-01-12,1642.1864712150102,1659.8481478952956,1634.3660958630228,1649.69921875,5362535
2022-01-13,1673.9072535300188,1680.4974395675385,1639.9458066975717,1666.7020263671875,14277630
2022-01-14,1653.697325601296,1698.5105900038816,1652.8186341424216,1695.3033447265625,7688506
2022-01-17,1703.3873319362635,1716.8752240721528,1696.3138229476326,1704.2220458984375,5262464
2022-01-18,1688.9327940218743,1709.0548494342218,1679.574708740925,1687.74658203125,3690315
2022-01-19,1683.5726913474412,1683.5726913474412,1636.8702228464153,1640.560791015625,5747770
2022-01-20,1620.3068375307487,1623.8216029050018,1595.2641342391942,1602.4693603515625,5533463
2022-01-21,1577.2510967324367,1588.6740851767383,1560.5559597753802,1569.0792236328125,8252758
2022-01-24,1550.89025964962,1554.097504585174,1518.3786791357186,1526.1112060546875,7116712
2022-01-25,1517.14829234132,1528.922776555724,1494.2144721454074,1513.2381591796875,9137653
2022-01-27,1495.5327130043718,1502.29859365424,1463.0211322868854,1474.9713134765625,11231734
2022-01-28,1477.080383324827,1517.9835147744618,1475.7623460999685,1481.6495361328125,10998502
2022-01-31,1509.591964395572,1537.270746047761,1507.2634105184352,1525.5841064453125,8788872
2022-02-01,1551.856926666537,1564.0707591029711,1524.265994070383,1557.085205078125,5119935
2022-02-02,1571.9789834277135,1575.3180537987653,1557.0412289736769,1570.3094482421875,4253717
2022-02-03,1563.191948829261,1563.191948829261,1523.6508371388077,1527.64892578125,3832922
2022-02-04,1521.8936991988624,1541.180934987661,1502.694311108858,1529.8897705078125,4700077
2022-02-07,1513.2822233892216,1521.8934416567965,1489.7333592035418,1506.9556884765625,4310209
2022-02-08,1502.5623164200595,1515.7426876167267,1490.2606366365032,1508.976806640625,6053401
2022-02-09,1524.5296259925371,1531.5591574092173,1515.7427117216866,1526.5506591796875,3867244
2022-02-10,1542.6746701881318,1558.7107891978585,1536.6116777128484,1554.932373046875,4334630
2022-02-11,1528.9230162412698,1534.1511870988509,1505.1983487478708,1512.535400390625,7551371
2022-02-14,1484.9882341689197,1510.0749126273301,1474.6636118307629,1478.1343994140625,7459637
2022-02-15,1492.896618085269,1534.8541304534688,1485.383764065274,1527.38525390625,4669915
2022-02-16,1527.3853683173847,1542.4988179107663,1517.3682646277543,1523.035888671875,5350642
2022-02-17,1532.4378490996394,1536.8313062358195,1511.6129051790003,1515.5670166015625,3937950
2022-02-18,1502.5623760399344,1513.5460191396417,1496.8508816280867,1499.88232421875,5602215
2022-02-21,1494.6540080635389,1526.550547436766,1486.3064401172699,1520.7510986328125,5120890
2022-02-22,1493.6876185215017,1538.5887302005694,1485.911220635109,1523.95849609375,8878515
2022-02-23,1537.7099108964103,1544.9591147620647,1523.123655479762,1531.42724609375,5478811
2022-02-24,1485.0763695246333,1506.9118301831932,1467.8540388895212,1474.5760498046875,13592379
2022-02-25,1506.9558447051804,1518.5106587861058,1473.565569428914,1489.030517578125,9737281
2022-02-28,1478.1348359978454,1518.4229281074627,1463.0213847182283,1507.483154296875,15076542
2022-03-02,1502.5622527750063,1506.4285162813565,1485.8671166330619,1496.2357177734375,6771489
2022-03-03,1511.5247764511598,1523.5629119775879,1498.6520343318016,1512.095947265625,7344147
2022-03-04,1489.6014451161038,1525.4081160427997,1477.0800939331489,1514.248779296875,9074499
2022-03-07,1491.1392344591268,1538.5885677889987,1490.2605431011661,1528.7911376953125,9742588
2022-03-08,1509.9872022162124,1581.644529208251,1509.9872022162124,1562.489013671875,10984500
2022-03-09,1573.7361484508579,1609.41099446192,1573.7361484508579,1593.3748779296875,10193515
2022-03-10,1620.9660220308197,1620.9660220308197,1590.6071900970094,1604.4027099609375,6547182
2022-03-11,1593.9462984422166,1609.2355512027455,1591.310224078751,1600.975830078125,4758657
2022-03-14,1609.367286068122,1665.1202128221414,1609.367286068122,1661.341796875,10289724
2022-03-15,1659.2768725454414,1659.2768725454414,1608.0052511537049,1616.1771240234375,7140443
2022-03-16,1638.7594929307566,1664.1975665515567,1624.7004302568198,1660.1995849609375,5233979
2022-03-17,1689.9871323532464,1689.9871323532464,1610.6852372652634,1629.6209716796875,17731459
2022-03-21,1635.2448316509428,1658.0029622596096,1617.758849881559,1628.25927734375,8362085
2022-03-22,1625.579059476518,1660.7267148165508,1615.9134542580089,1658.442138671875,5709382
2022-03-23,1666.8777520338913,1669.513826496781,1631.7300925286959,1645.261962890625,6192824
2022-03-24,1630.9830683752546,1664.7687099000984,1630.9830683752546,1657.8270263671875,3784303
2022-03-25,1662.4838177397357,1664.2412002109195,1632.6083157296137,1648.9080810546875,3438588
2022-03-28,1639.6382720357626,1652.7307963034818,1627.907762442276,1646.5799560546875,4008555
2022-03-29,1646.5800125748235,1660.1997307360898,1634.8495025786779,1657.212158203125,3917785
2022-03-30,1678.3007455589025,1686.208968967295,1665.1203732115812,1672.984619140625,7795839
2022-03-31,1669.5135784299448,1680.9365660718338,1664.4171256540967,1675.5325927734375,5399145
2022-04-01,1657.9588459097863,1678.5642235880214,1650.4460988003643,1672.633056640625,6171518
2022-04-04,1660.506882018338,1663.3626287396291,1645.7888027624538,1654.53173828125,7364074
2022-04-05,1655.278878381211,1660.3752240705198,1631.8617314560988,1635.33251953125,5472024
2022-04-06,1629.9725526181892,1632.169281125761,1601.107561481124,1606.9947509765625,5407453
2022-04-07,1600.1410724456011,1606.3797601498356,1588.2787381336382,1591.3101806640625,5797544
2022-04-08,1601.854417864324,1615.0347888286492,1588.6740468999988,1594.473388671875,5131446
2022-04-11,1593.946182924903,1593.946182924903,1548.7375537727073,1552.2523193359375,8248407
2022-04-12,1544.3000311752362,1544.3000311752362,1518.1589637911889,1531.07568359375,6456184
2022-04-13,1542.0595748364601,1544.3002810224598,1521.8936482110387,1536.43603515625,6257693
2022-04-18,1410.738990878907,1449.8407567425704,1397.1192746792042,1424.710205078125,30523965
2022-04-19,1438.1104547442073,1438.1104547442073,1361.9718153559138,1372.51611328125,17044923
2022-04-20,1383.9390500304542,1402.6552210404843,1373.3947525064125,1395.098388671875,10678747
2022-04-21,1401.5128815545488,1429.8067037193202,1396.4604056492583,1422.42578125,7766514
2022-04-22,1409.7286280030771,1415.3082973438313,1390.4413932842554,1393.121337890625,8134245
2022-04-25,1382.0058512029284,1382.0058512029284,1365.5742579702844,1371.72509765625,7000570
2022-04-26,1385.8721112277144,1398.8767875849937,1376.5141331003783,1389.211181640625,5345435
2022-04-27,1381.961856821622,1381.961856821622,1362.2791486149092,1364.4320068359375,8819356
2022-04-28,1379.5453324302628,1407.487758501533,1368.5177137789178,1390.6168212890625,9245177
2022-04-29,1397.1194023690618,1403.533892844543,1371.4616549914167,1377.392822265625,9831395
2022-05-02,1362.7624202077359,1364.387977733773,1345.2764410950936,1354.0633544921875,7072627
2022-05-04,1359.5551819523712,1379.5454100276122,1344.5295814229673,1349.2745361328125,6220959
2022-05-05,1370.8026539111372,1396.592226787759,1368.5179703073688,1392.8577880859375,6144870
2022-05-06,1361.9717522559292,1372.384224522361,1348.8353579374136,1355.6890869140625,6171472
2022-05-09,1353.1848843470543,1394.3076886723288,1337.500262821824,1379.8531494140625,6832202
2022-05-10,1369.0012452272317,1378.7986761047448,1358.5009255643938,1364.6077880859375,6212545
2022-05-11,1361.927588201104,1361.927588201104,1328.2297970447912,1341.5419921875,7846080
2022-05-12,1330.3388057853947,1342.201139918884,1321.8155419424827,1325.7696533203125,7034979
2022-05-13,1334.9959664754047,1343.7389035215306,1316.3676433280884,1321.9034423828125,6723761
2022-05-16,1326.8242699820564,1328.4498279332458,1299.2773107298929,1308.4595947265625,6145331
2022-05-17,1313.555783441477,1340.0043728900273,1301.2541039526504,1334.2489013671875,6516378
2022-05-18,1337.3682641118933,1361.70797213733,1322.694161149026,1326.1209716796875,6594126
2022-05-19,1301.3419230322806,1304.5930382065774,1245.676846021442,1254.0244140625,16561140
2022-05-20,1276.7385996614764,1288.8206063685275,1271.2028009563014,1278.6278076171875,10488908
2022-05-23,1278.5839899389152,1307.4929619615978,1274.1466621873956,1290.2706298828125,5887569
2022-05-24,1290.4459488549264,1291.2807699000564,1261.1416171071928,1266.194091796875,5693167
2022-05-25,1260.9222603048568,1267.5124463343247,1229.50904023106,1239.350341796875,9630092
2022-05-26,1245.9843537049899,1256.528650069207,1236.3627261774936,1251.2125244140625,13040065
2022-05-27,1268.7864314520264,1289.040311563104,1263.0310670153488,1284.07568359375,8284860
2022-05-30,1306.6140992805463,1344.3978291185176,1304.8567164973847,1341.5860595703125,10904213
2022-05-31,1341.49726302402,1347.9796856356543,1321.4729921530693,1335.1925048828125,16033857
2022-06-01,1343.5395760270444,1345.0935709100895,1307.2204739379727,1312.9481201171875,8738508
2022-06-02,1317.78779937987,1344.2944932066457,1310.3286014773466,1339.0997314453125,7205840
2022-06-03,1354.1067924628962,1380.835483354974,1347.9795908249841,1351.26513671875,9395707
2022-06-06,1346.2036506605543,1364.496369880414,1325.779716646575,1358.6800537109375,6624883
2022-06-07,1349.622374002398,1349.622374002398,1334.304423990545,1337.9451904296875,4904592
2022-06-08,1349.9331029298305,1349.9331029298305,1324.89162890625,1331.99560546875,4697608
2022-06-09,1318.675639841816,1347.0471026731207,1315.5676501182832,1345.3155517578125,4361061
2022-06-10,1319.6524730579197,1326.6232286366903,1308.5525092706785,1311.3941650390625,6516436
2022-06-13,1281.9126277011962,1281.9126277011962,1253.5854977400272,1264.951904296875,6987685
2022-06-14,1252.0761087251524,1286.619223049743,1245.9933493091928,1279.2044677734375,6090247
2022-06-15,1278.8933715213977,1284.3990185434857,1259.9346552426048,1262.909423828125,4651958
2022-06-16,1276.9401736627613,1282.046158362734,1236.092296062979,1240.7098388671875,6641772
2022-06-17,1235.2484462558373,1240.487542584052,1214.0252932515164,1231.91845703125,9692047
2022-06-20,1234.360400176754,1263.0426411881947,1227.2119802322318,1255.7611083984375,4595194
2022-06-21,1264.507932381181,1292.9238409740165,1263.3979359517734,1287.507080078125,6270787
2022-06-22,1275.2082505737685,1296.1205167768,1274.2758102801847,1276.2738037109375,6253366
2022-06-23,1278.5381645462396,1294.6996671000559,1272.4997413953224,1289.771240234375,6254281
2022-06-24,1294.6999234508755,1303.1358968889983,1268.8592264937179,1279.6927490234375,6114340
2022-06-27,1303.6242355705597,1317.7877464947417,1301.049022203048,1309.4405517578125,4511097
2022-06-28,1304.4677073865423,1321.561651135481,1290.2597541406712,1314.368896484375,4412178
2022-06-29,1300.649368901304,1311.5717770934775,1293.8118342756918,1299.36181640625,5060038
2022-06-30,1300.960054039024,1316.0115598972436,1292.035640789804,1298.162841796875,9165177
2022-07-01,1291.1479736567749,1318.6758878131434,1280.8027842377455,1313.703125,4651635
2022-07-04,1314.4577439626057,1325.1137094600226,1298.2517964352844,1321.3397216796875,4800224
2022-07-05,1330.9302267306132,1340.8313086434368,1307.1318587687915,1310.639404296875,7379669
2022-07-06,1316.1892947506883,1331.9956869281368,1305.3557731895742,1324.5809326171875,5209162
2022-07-07,1334.7041829822008,1344.3832653678094,1328.1773170972135,1330.84130859375,3323472
2022-07-08,1345.3158344251108,1347.047385704239,1331.9514324466636,1344.827392578125,3652582
2022-07-11,1327.555669124535,1331.9068766093092,1302.1589736556825,1308.1529541015625,4702638
2022-07-12,1298.0743788520106,1304.1126949058805,1275.164007229183,1277.4727783203125,4710356
2022-07-13,1287.5959081661404,1296.4758799465965,1277.4727186568018,1282.66748046875,5264025
2022-07-14,1288.4836077555337,1290.2151584935657,1255.627719756254,1268.814453125,6157606
2022-07-15,1284.0439058847987,1284.0439058847987,1252.6532276522264,1270.146728515625,5620018
2022-07-18,1287.5956319164334,1326.3122788930655,1285.8640811499806,1323.0267333984375,5835171
2022-07-19,1306.7321568201792,1320.3184472133253,1305.4444960050953,1317.9208984375,3418540
2022-07-20,1333.105628800247,1354.9060006770792,1331.9956324398804,1345.58203125,5079392
2022-07-21,1347.0915186497457,1363.4750207876066,1334.7483380319422,1361.210693359375,5008061
2022-07-22,1362.1875644368015,1367.5155470877928,1325.0249071257533,1337.590087890625,7020642
2022-07-25,1314.3245716730378,1347.224909731089,1314.3245716730378,1335.1925048828125,7859626
2022-07-26,1329.0209351127858,1329.0209351127858,1283.1558613643324,1288.6170654296875,7268273
2022-07-27,1288.4837019687088,1308.019636802142,1283.1557197414088,1306.2880859375,4517285
2022-07-28,1328.7987184700435,1353.7069690185922,1322.9822948221376,1347.4466552734375,6636841
2022-07-29,1361.1219644216355,1381.4570107879367,1356.8595350883038,1376.1290283203125,7009465
2022-08-01,1388.8275224964943,1388.8275224964943,1365.6508188965988,1377.3280029296875,2983249
2022-08-02,1373.3319367159932,1373.7314920454614,1357.1703247119033,1370.7122802734375,4374635
2022-08-03,1375.5075317485316,1394.1554711718493,1367.4267796780443,1390.6922607421875,6011955
2022-08-04,1409.6953575514096,1424.2140880582285,1398.5509508931095,1420.70654296875,7402209
2022-08-05,1428.2545901627868,1443.6168753071975,1422.8378294078434,1435.58056640625,5361971
2022-08-08,1435.8913682028474,1440.3313538806547,1417.2434283560572,1438.0225830078125,3763409
2022-08-10,1439.6210168307325,1439.6210168307325,1410.22833119954,1422.9710693359375,4423829
2022-08-11,1447.4352785059941,1448.6340529159374,1435.0033190587033,1438.5108642578125,3462090
2022-08-12,1432.6056381248397,1433.2271926806513,1412.0484853977919,1415.5560302734375,3562286
2022-08-16,1428.787474466892,1428.787474466892,1412.8923031334775,1417.64306640625,3004430
2022-08-17,1417.643043330634,1431.4514427285992,1407.475519060068,1426.345458984375,4067324
2022-08-18,1415.5562190867397,1419.1969856808453,1397.7074982537147,1405.655029296875,4635706
2022-08-19,1407.7417924309402,1425.1465132491517,1407.5641279788495,1418.2200927734375,4739884
2022-08-22,1408.3634783046587,1419.907441241582,1397.7075125167294,1399.1727294921875,3950555
2022-08-23,1374.619490522654,1380.3914715875098,1361.2995342191398,1369.646728515625,5551574
2022-08-24,1363.0754176194105,1372.843384781504,1359.5234295604673,1365.29541015625,2888426
2022-08-25,1374.6196086818957,1375.2411633369209,1344.205705841227,1348.1129150390625,4331088
2022-08-26,1363.2089425597997,1371.9112502041487,1347.491326858414,1351.1322021484375,3079136
2022-08-29,1304.068208908207,1304.068208908207,1287.5958190364718,1298.02978515625,8079050
2022-08-30,1308.108749599387,1328.532686697627,1301.8039906965078,1325.7354736328125,6725875
2022-09-01,1296.520342709969,1303.6686550621423,1288.5283679870784,1300.2054443359375,8140604
2022-09-02,1312.459816939898,1312.459816939898,1285.8199018463954,1290.2598876953125,5175653
2022-09-05,1288.4838352280558,1302.6917893036236,1284.3546268952266,1297.6302490234375,3669352
2022-09-06,1297.6302811685841,1305.3558130293177,1283.5554395953404,1292.1246337890625,3428442
2022-09-07,1278.715746471275,1301.5816704099107,1276.9841955904926,1294.388916015625,3600574
2022-09-08,1309.7958736116145,1315.2126348669317,1299.672683824082,1310.5950927734375,4061475
2022-09-09,1321.3396674929586,1349.755574320764,1314.2356907860071,1342.3408203125,4816910
2022-09-12,1354.9061513249576,1372.7548731045804,1350.7769427256635,1364.1412353515625,5494819
2022-09-13,1378.0829005700948,1379.0596758276358,1368.6701517643487,1371.9112548828125,4947158
2022-09-14,1329.331841362872,1331.0633925865702,1307.1319108123898,1310.151123046875,14332197
2022-09-15,1309.7958248853374,1309.9733809599834,1268.9923983100107,1272.3223876953125,12784100
2022-09-16,1265.3959486362396,1265.3959486362396,1215.0908880161,1222.8165283203125,20464045
2022-09-19,1236.092071374122,1248.5240318620802,1225.9688818685945,1234.58251953125,6595241
2022-09-20,1250.2554997650657,1255.2283703476603,1229.964787284812,1233.0284423828125,7219797
2022-09-21,1225.3472325735095,1233.250428524418,1215.1352658184694,1222.9940185546875,7917054
2022-09-22,1213.3149439431238,1228.9436728727633,1207.676183442698,1214.7357177734375,9168498
2022-09-23,1214.336184710104,1238.5785519030435,1209.4522000549628,1212.5157470703125,10426200
2022-09-26,1207.6761385505345,1242.7075831808704,1203.2361527470398,1225.6580810546875,9414587
2022-09-27,1237.379375300364,1248.9677795003172,1223.6598650205738,1237.46826171875,8561254
2022-09-28,1224.5481116517592,1248.390814263547,1222.7721172911329,1238.4896240234375,7022098
2022-09-29,1247.547174377518,1251.9427167580907,1236.9799869799815,1241.9971923828125,6119965
2022-09-30,1233.3837161802428,1260.334518980672,1221.8841953463611,1255.1396484375,8120130
2022-10-03,1253.8520673346413,1253.8520673346413,1230.764139749159,1237.6461181640625,4943169
2022-10-04,1260.6897059969506,1271.8341153169033,1255.628164816269,1269.3033447265625,6631341
2022-10-06,1283.155753461511,1296.2981533267844,1282.3565344267981,1292.1689453125,6180672
2022-10-07,1284.3547342638644,1294.566702109372,1278.8491949585682,1288.6614990234375,3994466
2022-10-10,1266.5947604561948,1300.915873263201,1266.5947604561948,1298.8291015625,5274677
2022-10-11,1298.8289881372887,1313.9249389319289,1261.0446679361762,1264.330322265625,12824774
2022-10-12,1276.0519384547556,1279.6927051868731,1255.2284480932105,1268.6815185546875,5481467
2022-10-13,1270.7238112587875,1276.8953475559135,1256.5158580930706,1260.8670654296875,4821514
2022-10-14,1318.6758527906138,1326.6678276560115,1302.913902361635,1309.1298828125,14990688
2022-10-17,1311.482749477432,1327.5554729891926,1310.2395320371597,1323.071044921875,4286396
2022-10-18,1340.8755527341007,1341.7191065769207,1329.553590285518,1335.2811279296875,4692004
2022-10-19,1335.54770780305,1336.3912617326525,1315.3902159447794,1319.0753173828125,3553171
2022-10-20,1309.7960143218104,1335.547935959324,1309.085573124291,1332.795166015625,4583939
2022-10-21,1332.2621411983666,1337.3236814941895,1324.314501823941,1332.439697265625,3594485
2022-10-24,1348.4237774893445,1351.3542116722354,1341.763798344682,1347.8465576171875,982837
2022-10-25,1356.9483052781436,1361.2107345868535,1350.6879909536958,1355.3499755859375,3914341
2022-10-27,1374.201712053986,1377.8822668553057,1357.7737282362873,1368.0523681640625,6760137
2022-10-28,1369.892594419864,1371.6430686464905,1352.836264607297,1358.4468994140625,3053981
2022-10-31,1373.7079380791174,1388.205841518274,1373.7079380791174,1380.3509521484375,4542336
2022-11-01,1394.1757329638529,1413.8802423495363,1388.8343418542265,1412.0848388671875,4542692
2022-11-02,1411.1870015279026,1411.8602777690894,1386.9490568451713,1394.4000244140625,2938906
2022-11-03,1381.3383511548413,1385.9615363587588,1365.987675554083,1374.15673828125,3174027
2022-11-04,1364.9106159972587,1364.9106159972587,1347.5850375397733,1359.1204833984375,4509682
2022-11-07,1365.7633606565107,1371.598421588422,1338.5629558638961,1353.2403564453125,4898592
2022-11-09,1372.5856991457824,1372.5856991457824,1347.5398034514983,1356.6065673828125,3334755
2022-11-10,1333.086979052459,1357.32492412614,1333.086979052459,1348.302978515625,3435763
2022-11-11,1388.4303838615199,1412.5336530698069,1388.4303838615199,1409.4814453125,7214098
2022-11-14,1414.0148924987643,1428.602545514008,1408.000225198226,1423.1265869140625,4908813
2022-11-15,1416.4386189277827,1434.392653098893,1411.8603621306952,1430.9365234375,3497614
2022-11-16,1433.764388917107,1444.4021328641024,1430.4877555742369,1438.83642578125,4497697
2022-11-17,1433.8090069491304,1438.8362237690626,1421.0167586560885,1425.0115966796875,3469515
2022-11-18,1428.8717905380126,1434.527355233414,1414.3290664394517,1430.39794921875,3126064
2022-11-21,1420.2538323357628,1425.4156170914362,1404.0503824610678,1407.7757568359375,3071764
2022-11-22,1408.4938228981273,1425.550153449475,1402.2099116423676,1422.9019775390625,3399329
2022-11-23,1426.3581957002846,1429.1410489418556,1417.7402816433105,1421.1964111328125,3245067
2022-11-24,1426.4479469523692,1468.639925244856,1422.6327148727294,1463.07421875,5282215
2022-11-25,1464.510573443889,1475.8215929330347,1448.7110454604212,1468.3258056640625,4563255
2022-11-28,1461.4581406136585,1484.3495304082828,1454.2765281290706,1457.3287353515625,3825766
2022-11-29,1455.3537119879327,1471.1084180555704,1449.8329351103673,1462.4007568359375,3131710
2022-11-30,1454.2318618548122,1477.3926101335646,1448.12755589009,1467.6973876953125,11868134
2022-12-01,1486.7734674759286,1501.49579683449,1483.272518616262,1487.5814208984375,5407928
2022-12-02,1486.5939592971272,1491.8006727944214,1466.799593723397,1470.3455810546875,4283343
2022-12-05,1470.4353696971718,1476.5846043633042,1457.2391986740056,1472.00634765625,3824966
2022-12-06,1458.765244692734,1459.6629463817758,1443.100394052047,1447.903076171875,4822398
2022-12-07,1443.5042639072717,1457.6879939155688,1433.3601913539392,1441.260009765625,4898087
2022-12-08,1441.260146588349,1457.7778805554876,1434.976234395189,1454.4114990234375,4206837
2022-12-09,1461.4584776596478,1461.4584776596478,1401.4022074903794,1408.763427734375,8880658
2022-12-12,1391.437558650479,1405.7558561467295,1373.5284545512598,1388.9239501953125,8037679
2022-12-13,1388.9239336053154,1416.1243371309986,1383.4929044328283,1411.3216552734375,6135067
2022-12-14,1420.164080614015,1425.9991416279158,1412.0847653639985,1417.830078125,4976020
2022-12-15,1408.7631514270713,1409.3914987080593,1378.19636840226,1382.9093017578125,6443866
2022-12-16,1368.9950538345975,1390.9887448634156,1357.369860981026,1366.4814453125,9630453
2022-12-19,1353.689233868756,1361.7237298285659,1342.1089696118938,1353.150634765625,6222740
2022-12-20,1347.4503918997082,1360.9159188007711,1330.797979798965,1353.10595703125,7396259
2022-12-21,1360.0179181471094,1365.4041277239296,1348.6619710394373,1355.12548828125,6236361
2022-12-22,1365.8530220311222,1373.4385569270282,1357.1004311899765,1366.3468017578125,6302640
2022-12-23,1354.362536751784,1355.4398445619386,1340.2686636264464,1343.94921875,6283822
2022-12-26,1347.0013761347504,1355.4397938764648,1343.2758922315616,1348.70703125,4115459
2022-12-27,1355.4845408502367,1365.808109659706,1344.3081993200292,1359.88330078125,4860076
2022-12-28,1351.130990675734,1368.9503499298432,1345.2061805657663,1355.6644287109375,5029860
2022-12-29,1350.1433491771486,1365.673632332556,1347.4502440923538,1362.3072509765625,4624745
2022-12-30,1371.6881105842783,1373.8426164441485,1350.188200066258,1353.91357421875,5060544
2023-01-02,1359.1202737002234,1370.341544123772,1350.1881862761663,1368.0972900390625,3801140
2023-01-03,1364.3716723035689,1375.8622959215108,1360.1075899615316,1366.7955322265625,4551130
2023-01-04,1365.4042617792377,1365.4042617792377,1338.5629595029297,1341.884521484375,7059590
2023-01-05,1351.8489350836053,1351.8489350836053,1318.948147732721,1324.2894287109375,9868404
2023-01-06,1319.6215095559523,1324.1100180918568,1298.5255194372007,1300.3209228515625,6443714
2023-01-09,1300.0515746789345,1336.9920220213673,1300.0515746789345,1332.59326171875,11498717
2023-01-10,1330.3939407278556,1332.0995959017448,1305.3032216437111,1319.3970947265625,7158624
2023-01-11,1319.6214032298747,1341.166242466281,1314.2351934207732,1320.7435302734375,6173092
2023-01-12,1330.3488381302957,1333.0868718348268,1306.1558239189717,1329.136962890625,6591385
2023-01-13,1331.7402710494264,1363.9677791342692,1317.8258967984887,1349.8289794921875,11610426
2023-01-16,1355.5295931085607,1371.6882240197885,1348.617333718516,1369.4439697265625,6073063
2023-01-17,1370.7903268138245,1384.4353471376285,1368.0972220460174,1382.0115966796875,5922644
2023-01-18,1386.7246995181722,1393.0983596644714,1382.1015138518171,1387.3082275390625,5843098
2023-01-19,1382.3707240663339,1391.0335664749514,1370.0273269921345,1381.4730224609375,6165284
2023-01-20,1380.665111024728,1386.9490224533192,1368.097288167546,1369.48876953125,6496429
2023-01-23,1377.9720899793838,1394.4000746897525,1371.777926420586,1389.6422119140625,4855020
2023-01-24,1400.414672506807,1408.3144914155778,1391.2132299470666,1393.143310546875,5200802
2023-01-25,1388.744493228618,1396.8238083152746,1381.338454399183,1385.1536865234375,4158617
2023-01-27,1387.8467984858346,1392.2903779726057,1353.1955355242728,1363.7435302734375,6209955
2023-01-30,1372.406405831687,1386.051427868807,1364.5065870211054,1381.3834228515625,6964719
2023-01-31,1390.450178190422,1390.450178190422,1358.2226654027863,1376.8499755859375,9448126
2023-02-01,1384.4354819888624,1395.9710362007636,1371.7330909295972,1392.425048828125,6194199
2023-02-02,1393.233077644041,1424.6077091096986,1393.233077644041,1421.735107421875,6916834
2023-02-03,1434.0784025458154,1440.4969913344742,1412.084711865144,1435.7840576171875,7040194
2023-02-06,1434.5272821728975,1434.5272821728975,1401.8509191605494,1409.2569580078125,4570612
2023-02-07,1408.494023406654,1414.822864476851,1396.0159473630506,1402.5692138671875,4336238
2023-02-08,1405.3518929839772,1439.0157038986365,1405.3518929839772,1427.79443359375,7983338
2023-02-09,1432.9113793663391,1454.0522977867906,1423.79979497045,1451.5836181640625,6904911
2023-02-10,1447.9479689111524,1450.9553573880837,1433.1358902910588,1443.9981689453125,4786762
2023-02-13,1433.6295447624907,1433.6295447624907,1405.8007934239577,1407.1024169921875,4001199
2023-02-14,1422.5877904936112,1432.731863182567,1416.7079103135172,1430.26318359375,5043736
2023-02-15,1421.9595093920875,1435.4250350492096,1414.7778957082892,1433.674560546875,3465747
2023-02-16,1436.3226917714796,1449.2944372484508,1434.3926112378667,1437.9385986328125,4290289
2023-02-17,1430.9364201598676,1431.8341218036317,1414.328939750233,1421.7799072265625,2857734
2023-02-20,1422.8122811217777,1439.0158408168427,1420.6129557658476,1429.5450439453125,2417716
2023-02-21,1435.1556281819492,1437.80391388057,1414.7778439330089,1417.9197998046875,2723288
2023-02-22,1403.1075935891906,1413.8800127338295,1396.1953351378,1402.0303955078125,3656244
2023-02-23,1409.257050222941,1409.257050222941,1389.7769663588479,1392.0660400390625,4766854
2023-02-24,1400.4144840656777,1408.493798396826,1386.9489601804307,1392.02099609375,2790986
2023-02-27,1382.4606439922532,1382.4606439922532,1348.3479787508859,1354.9012451171875,4920268
2023-02-28,1360.556563512157,1368.0972790929927,1329.7654634659286,1335.3760986328125,9679811
2023-03-01,1339.7299588712954,1347.3154939495362,1329.9449890099597,1343.006591796875,5125043
2023-03-02,1333.0870811609395,1336.318785501753,1317.1978042286796,1321.5516357421875,4644499
2023-03-03,1334.6579262232572,1337.3959600849184,1322.3145285534606,1327.9700927734375,4615015
2023-03-06,1341.6600924158531,1364.8656589746784,1340.4032881447426,1353.2403564453125,6561742
2023-03-08,1338.069174718111,1342.9616046452634,1329.5858287787105,1339.9991455078125,4137080
2023-03-09,1342.0639414577045,1345.0712200119858,1323.7508062262864,1328.95751953125,5104656
2023-03-10,1310.6443201947616,1323.4814967530424,1308.5347433767442,1321.0128173828125,3699580
2023-03-13,1314.4148468229184,1327.072529051493,1281.9180875951263,1288.291748046875,8798403
2023-03-14,1293.5880625550176,1300.1861476889799,1266.657013369278,1274.736328125,7402784
2023-03-15,1290.894921852731,1295.2487527671929,1271.9085107865455,1274.422119140625,7556182
2023-03-16,1272.7614692311392,1272.7614692311392,1255.615279699322,1260.462890625,7323117
2023-03-17,1283.7134156369266,1295.2937893448818,1267.016186133299,1275.36474609375,9090018
2023-03-20,1274.4668824223245,1274.4668824223245,1243.1820044445224,1260.058837890625,8221829
2023-03-21,1255.8845609971513,1261.2707706940655,1247.80524645178,1248.43359375,8536755
2023-03-22,1259.475478387338,1263.2907105920037,1240.7584199586402,1247.132080078125,8356487
2023-03-23,1242.3742213827816,1242.3742213827816,1229.851326526063,1233.9359130859375,7607718
2023-03-24,1246.0099507660507,1255.8397404782686,1236.584082982878,1239.411865234375,7559127
2023-03-27,1244.4390420940674,1252.967208658463,1233.5319439925304,1246.86279296875,4170193
2023-03-28,1249.6903792948028,1254.9868406676687,1235.102728249846,1236.6737060546875,6633366
2023-03-29,1237.930550460286,1247.7155201650944,1224.958805711683,1242.01513671875,8813966
2023-03-31,1260.37313586201,1283.6684502024389,1251.3063709749888,1281.873046875,8711975
2023-04-03,1288.201979583624,1288.201979583624,1261.405604921375,1266.5224609375,5242764
2023-04-05,1256.7825403486722,1281.4693402483783,1256.7825403486722,1277.9234619140625,7506334
2023-04-06,1271.1455548730469,1282.277077411361,1266.073518560293,1276.4420166015625,6948465
2023-04-10,1278.2820832335972,1287.3040276790762,1270.247698163105,1281.5587158203125,4993788
2023-04-11,1282.7260596530837,1286.7207886297933,1246.9077377115614,1262.3033447265625,6942255
2023-04-12,1268.4974270475386,1285.059979527605,1256.7823760661174,1282.1873779296875,5831169
2023-04-13,1265.534971977077,1266.7020280205386,1241.5214514944475,1247.087158203125,11267238
2023-04-17,1122.396511196189,1132.1365530010617,1064.0458990402255,1129.578125,53171705
2023-04-18,1140.0362461201344,1140.0362461201344,1124.909994178881,1130.5206298828125,12430884
2023-04-19,1126.0320630409092,1126.0320630409092,1103.6344503031144,1106.14794921875,11307230
2023-04-20,1104.801570530291,1111.220160369727,1096.4530094711436,1098.2484130859375,8621249
2023-04-21,1102.4674657463806,1107.0906515432816,1095.1961036957662,1101.794189453125,8691352
2023-04-24,1102.3777336910266,1104.1731371660935,1093.4007163156925,1100.8516845703125,8313774
2023-04-25,1100.537247505562,1109.110341734084,1090.7074586862907,1099.5947265625,6808576
2023-04-26,1102.3775546957118,1106.8660626545704,1095.6897216700977,1101.9736328125,5680192
2023-04-27,1104.1729691026203,1120.152101431663,1100.0435636550399,1118.7606201171875,8020704
2023-04-28,1127.2440014255426,1130.2064609226888,1117.5937079744554,1124.5958251953125,10118277
2023-05-02,1126.2116409241175,1148.833678512012,1126.2116409241175,1146.7689208984375,8886401
2023-05-03,1136.4902112432417,1142.3252715695298,1132.9891531309258,1139.3179931640625,5549783
2023-05-04,1139.1383075798776,1145.2876506991165,1133.3481765702838,1143.267822265625,4505401
2023-05-05,1148.160551597661,1148.160551597661,1125.9424330268698,1130.2962646484375,5373791
2023-05-08,1133.303321607686,1140.3503667127331,1126.7949851195513,1136.131103515625,5260842
2023-05-09,1136.4904402427994,1141.876650860064,1131.7325770311218,1140.7095947265625,4969897
2023-05-10,1145.8264050289897,1145.8264050289897,1130.3410516063245,1134.0216064453125,6515734
2023-05-11,1140.305527683217,1145.3775639523772,1124.8651030446258,1127.60302734375,6888461
2023-05-12,1125.1344060204995,1127.5133374467855,1112.2973374345554,1117.818115234375,8292212
2023-05-15,1122.0373891886634,1139.0937216777986,1118.2221569213568,1129.6229248046875,5534710
2023-05-16,1135.5927028546282,1143.6270896069495,1133.5728739365072,1134.96435546875,5236469
2023-05-17,1131.642583960043,1131.9567575948706,1115.3492784510368,1119.3441162109375,10465667
2023-05-18,1129.8473970507112,1130.7900277183155,1115.3494919176374,1118.536376953125,6948732
2023-05-19,1127.5581838226922,1143.043537044953,1124.6406535054546,1139.0936279296875,11094136
2023-05-22,1142.7293613064382,1163.0623271928262,1140.3056104941186,1160.548828125,7625947
2023-05-23,1166.293994801615,1179.714700851119,1164.3640238293533,1167.05712890625,7436031
2023-05-24,1163.6907159656682,1171.500676643536,1159.202207626038,1165.80029296875,4824077
2023-05-25,1162.0748961534305,1173.2961678428223,1157.3619620438858,1170.917236328125,4334121
2023-05-26,1172.398482842331,1188.0633345112276,1172.398482842331,1182.6771240234375,5521606
2023-05-29,1196.3668378156449,1196.3668378156449,1175.8543788695222,1179.93896484375,4419365
2023-05-30,1180.4776039676979,1190.7114241239608,1175.2260715243845,1188.4222412109375,6274719
2023-05-31,1184.8316796350223,1194.930824721551,1179.7148232909426,1183.4403076171875,17800782
2023-06-01,1187.2553678657034,1193.4943505359809,1183.2605297506059,1184.517333984375,4277841
2023-06-02,1190.8858847438232,1194.4340008819925,1179.104437792939,1181.7882080078125,10909311
2023-06-05,1186.3369863034209,1191.2951754512299,1180.241587621195,1186.7918701171875,5002553
2023-06-06,1172.3265202842344,1172.3265202842344,1158.134167776339,1163.5927734375,10008100
2023-06-07,1174.0549594386935,1177.2391456905614,1166.7768194344242,1172.644775390625,5397578
2023-06-08,1170.1429253728747,1175.4196213460507,1165.5031332892086,1167.0498046875,5034942
2023-06-09,1166.777036268273,1166.777036268273,1149.9463343805824,1151.7203369140625,5339073
2023-06-12,1158.5890989066725,1178.7858962557063,1158.1342150829948,1175.374267578125,4785588
2023-06-13,1182.60704590606,1188.6114904665221,1180.0142301930907,1187.1103515625,4846587
2023-06-14,1188.4749628140476,1188.7933592845616,1176.5114958499232,1183.0618896484375,3457981
2023-06-15,1177.1937141878004,1177.1937141878004,1166.9134071805377,1170.68896484375,6161155
2023-06-16,1170.8708768960637,1184.0625068222432,1165.4578042106698,1175.101318359375,8536287
2023-06-19,1177.2393798828125,1182.2431021311552,1170.9165389185205,1177.2393798828125,4451787
2023-06-20,1177.239421049196,1187.2468658958273,1174.6010724694127,1185.791259765625,4009180
2023-06-21,1182.6524057587176,1186.1551000366512,1178.1491003379751,1182.1065673828125,4041529
2023-06-22,1173.0543732215287,1173.0543732215287,1158.5890460770524,1165.9127197265625,6676607
2023-06-23,1161.2728742885731,1163.9112226889422,1149.354940265523,1150.8560791015625,7239467
2023-06-26,1155.6323120512568,1159.0439406048426,1148.3541711369407,1155.7232666015625,3403244
2023-06-27,1164.5025282959484,1166.322063496411,1159.2258317923613,1163.729248046875,3240024
2023-06-28,1173.600249850804,1179.695648586696,1165.7762703962558,1176.64794921875,5662358
2023-06-30,1190.1579290222737,1218.0878609550978,1186.7463005247835,1214.99462890625,12821692
2023-07-03,1209.9909598221436,1224.547242045568,1208.5807755595015,1213.3570556640625,7732412
2023-07-04,1223.0005235288127,1224.5470838930623,1211.2645002907818,1223.7738037109375,5797775
2023-07-05,1235.327962395677,1235.4189169481579,1219.9983999394044,1225.72998046875,5414936
2023-07-06,1221.4084327344483,1225.8662047537898,1216.495665897886,1222.6365966796875,5963897
2023-07-07,1213.6298905441663,1224.3651918692738,1205.7603791627248,1210.1727294921875,6295647
2023-07-10,1215.9499539497926,1220.817188493727,1200.2564625432983,1209.2176513671875,3940315
2023-07-11,1213.129475218487,1229.0049853388443,1207.2615190395204,1226.9124755859375,6126128
2023-07-12,1229.0960058756348,1229.9148189122855,1207.26158386156,1212.9931640625,8102770
2023-07-13,1214.4486500848052,1252.5679302987028,1210.7640473114604,1241.923583984375,9977644
2023-07-14,1256.0706748916025,1300.9676843031073,1256.0706748916025,1297.2830810546875,12833381
2023-07-17,1297.2830136298498,1327.3053432456984,1286.68431035238,1294.5537109375,11569884
2023-07-18,1304.6066121862784,1344.5908499157708,1300.057774626354,1342.0889892578125,16743977
2023-07-19,1351.9146708665796,1363.559740717556,1328.8975058703597,1341.8616943359375,13687062
2023-07-20,1338.2682570700565,1338.2682570700565,1310.7022519481309,1318.708251953125,8347221
2023-07-21,1201.075039161913,1228.186155763225,1187.2466172377842,1211.4464111328125,45548305
2023-07-24,1219.998361010124,1228.0953149237007,1213.8574296627578,1215.995361328125,8859789
2023-07-25,1216.359245637285,1221.681363730559,1204.759709076421,1214.17578125,6801982
2023-07-26,1221.817896357927,1228.186269607745,1218.5427551834298,1227.1400146484375,5528885
2023-07-27,1236.0103133187197,1240.7411717559758,1225.5025635415454,1231.0521240234375,9191861
2023-07-28,1231.6889554588863,1240.7866322891853,1215.4496245279279,1219.5435791015625,6122735
2023-07-31,1227.0489861059361,1235.0094521881804,1212.9475890459607,1233.371826171875,7902180
2023-08-01,1239.1034366209878,1245.471809643269,1234.55459874793,1242.0146484375,6064652
2023-08-02,1245.7447635687552,1248.1555587567932,1226.7760211098619,1234.4180908203125,7419145
2023-08-03,1228.186202359877,1243.2428998554956,1227.2764348025732,1241.1959228515625,6503741
2023-08-04,1245.3807687817762,1260.8468164782487,1239.1033507409106,1253.97802734375,5712345
2023-08-07,1262.6664818373094,1269.1258096249944,1252.7499927266074,1267.3062744140625,3729093
2023-08-08,1267.1696952534337,1267.8065991644844,1259.482203966465,1264.7587890625,4161877
2023-08-09,1259.1184720200824,1270.0356842052277,1257.7538204969392,1268.580078125,4090828
2023-08-10,1266.0327200509073,1269.8538110573086,1260.5741138037297,1263.75830078125,3873025
2023-08-11,1266.396413303026,1270.8087636526227,1243.6977576448737,1248.0645751953125,5783517
2023-08-14,1248.0646177377491,1269.1257591782453,1242.378570429603,1267.806640625,4304135
2023-08-16,1283.5000834227826,1291.8243675275844,1278.5873165202784,1290.5052490234375,7735313
2023-08-17,1291.8699868845008,1291.8699868845008,1279.1332405349353,1284.1824951171875,5618346
2023-08-18,1277.0408006474313,1281.589638878783,1261.0744450887594,1263.4853515625,5134103
2023-08-21,1264.3495172472738,1280.04300828704,1261.9841437074754,1278.58740234375,3032722
2023-08-22,1277.9502942266788,1279.1785691302266,1270.6267328781735,1277.0860595703125,2890714
2023-08-23,1288.2309000421885,1288.7767383819312,1278.8148277508842,1280.9072265625,2559125
2023-08-24,1293.2345299499723,1296.4642490688886,1286.820624510391,1295.14501953125,5171963
2023-08-25,1285.501488336358,1294.144279659214,1284.0458825352084,1291.9608154296875,4307172
2023-08-28,1291.9608968278883,1296.236871016697,1284.0459634347399,1287.9124755859375,3133464
2023-08-29,1295.509057691945,1295.8729869417455,1287.594124022955,1289.7320556640625,3074444
2023-08-30,1298.2384475504239,1307.0177276584382,1295.5091445772975,1305.653076171875,3070887
2023-08-31,1305.6529176191962,1314.523151204695,1299.739428562197,1305.92578125,9792735
2023-09-01,1301.831847342556,1315.5238935615507,1299.32998654913,1313.56787109375,3582133
2023-09-04,1312.794670582204,1337.3583962271932,1305.243554943164,1332.9005126953125,4609014
2023-09-05,1332.8095304482017,1346.5015772139598,1325.0765058688094,1345.455322265625,5496840
2023-09-06,1348.184640888555,1349.094408496813,1331.2629855860807,1344.1361083984375,5075786
2023-09-07,1337.90412243496,1340.4515159698167,1330.1256765994524,1333.901123046875,4411743
2023-09-08,1331.4449464210497,1341.6798324116455,1328.4426687748935,1336.9945068359375,3125838
2023-09-11,1336.9943110540305,1344.6819131501657,1332.3545189621761,1343.2261962890625,4182226
2023-09-12,1348.7304447397828,1368.2904478169532,1343.8176775697427,1365.652099609375,6793161
2023-09-13,1369.2002453382354,1369.2002453382354,1354.3255672096375,1363.1502685546875,4804686
2023-09-14,1369.200240762729,1376.0690305788348,1363.8781225031132,1370.9742431640625,6444213
2023-09-15,1381.0272468920564,1381.3911761511094,1372.839338313645,1375.2047119140625,8657816
2023-09-18,1369.1093400919283,1369.1093400919283,1353.7342448047293,1357.19140625,3991916
2023-09-20,1342.9989700048607,1360.193600922578,1342.9989700048607,1355.78125,4169337
2023-09-21,1352.4149859666784,1368.790801746706,1342.8168939622524,1366.243408203125,6779195
2023-09-22,1357.282291448548,1370.9742270619945,1351.1867819544711,1361.1488037109375,5455613
2023-09-25,1355.417217832278,1355.417217832278,1338.7685376167728,1341.1339111328125,4217863
2023-09-26,1345.682751173916,1346.3650768655104,1327.3509120486192,1328.85205078125,3996528
2023-09-27,1324.6215850268404,1336.994401796738,1319.2085123948889,1334.6290283203125,3863586
2023-09-28,1335.448145502444,1339.7240096430812,1305.5167633510725,1309.565185546875,5814602
2023-09-29,1302.8780821778992,1316.251731755555,1288.2308468786073,1305.92578125,6068968
2023-10-03,1306.4717573853966,1307.3359921507258,1292.142918222993,1304.606689453125,4181867
2023-10-04,1296.4188460811952,1319.1175035605104,1290.2323819022101,1314.0228271484375,4510406
2023-10-05,1320.982497846701,1342.4985228636597,1319.3448718155562,1331.3992919921875,7384621
2023-10-06,1336.9034978713848,1350.5500119701062,1331.2629831328265,1345.2733154296875,3598672
2023-10-09,1332.718425809864,1356.46333522133,1330.261986939683,1342.31640625,3567552
2023-10-10,1350.0042495921527,1361.9221836979577,1336.539643834747,1360.2391357421875,5688951
2023-10-11,1361.9220140294271,1381.254574348816,1347.7750842911132,1359.556640625,7220129
2023-10-12,1357.2821666354187,1368.6542604790434,1320.9824208754478,1333.2642822265625,11081662
2023-10-13,1278.2233513513881,1308.2456791767233,1273.6745138020951,1302.0137939453125,17973439
2023-10-16,1302.8782180442538,1313.3405459284356,1300.967728206962,1304.7432861328125,4850745
2023-10-17,1310.292988985787,1322.2109241818564,1308.2915443778238,1312.29443359375,3923764
2023-10-18,1311.8847923385383,1322.8020028156968,1308.5641186072812,1310.565673828125,4264837
2023-10-19,1297.4195403384058,1309.746935628435,1297.4195403384058,1304.288330078125,6795691
2023-10-20,1300.9675589324422,1308.7005828841384,1296.6461631947295,1298.4656982421875,3928622
2023-10-23,1296.9647063021316,1303.1056377818345,1278.4509573114844,1281.544189453125,2636516
2023-10-25,1289.2389333048216,1292.5104566531788,1254.4967997562355,1262.560302734375,6940777
2023-10-26,1248.7371699932087,1266.2003688015045,1246.9400932403355,1252.7918701171875,6357656
2023-10-27,1256.6622771033196,1276.3371998881837,1256.6622771033196,1272.052001953125,4634358
2023-10-30,1272.0521334622172,1272.0521334622172,1256.155513264206,1269.0111083984375,2667696
2023-10-31,1271.6834287710847,1272.7893480503349,1256.0633173275878,1261.0396728515625,3451595
2023-11-01,1265.3249033766447,1269.379603358429,1245.6038569027073,1247.90771484375,3090672
2023-11-02,1262.5142118386507,1268.3199791238953,1254.819348447591,1262.6524658203125,3758060
2023-11-03,1271.7756915818663,1282.7880874213406,1269.6560973022642,1280.069580078125,3349045
2023-11-06,1284.5391312922866,1296.8417109189295,1281.6823697767961,1293.20166015625,2736381
2023-11-07,1290.1604881630135,1295.5976155760281,1285.4145181543718,1294.1231689453125,2272209
2023-11-08,1294.7683051059266,1294.7683051059266,1277.6736323081873,1281.86669921875,3550635
2023-11-09,1286.3821608724284,1287.8566074771882,1262.5602919196745,1266.9376220703125,5498051
2023-11-10,1262.46802069147,1265.4170263311844,1254.2202543175401,1261.454345703125,2943649
2023-11-13,1271.5914215374528,1273.9874114709824,1263.2975323492624,1265.7857666015625,3462092
2023-11-15,1289.2389232333946,1303.062071087934,1283.7096640915788,1299.836669921875,8551860
2023-11-16,1304.9972320134652,1339.3708365003445,1299.9287446892533,1331.5377197265625,6673907
2023-11-17,1327.9898053316556,1337.1591147047359,1322.4605464148888,1324.764404296875,4901251
2023-11-20,1328.8653942384274,1338.0808269307881,1321.170530438921,1323.8890380859375,3584210
2023-11-21,1328.8653376978914,1336.2376835381015,1324.0272357402534,1326.1007080078125,3793135
2023-11-22,1323.520357257011,1344.4854659823166,1323.520357257011,1343.42578125,3108786
2023-11-23,1352.733312304696,1352.733312304696,1334.1180718038254,1335.5465087890625,3186928
2023-11-24,1332.1369430585005,1338.679877895318,1321.3548191084903,1324.6263427734375,2973195
2023-11-28,1330.7084271755414,1331.6299704076575,1315.088314388403,1329.5103759765625,3755373
2023-11-29,1337.251355220777,1346.0981477081089,1336.0534165206054,1345.08447265625,3875778
2023-11-30,1339.2328098678681,1346.0522528330398,1335.823144631822,1340.9837646484375,10120867
2023-12-01,1345.3610059685648,1345.3610059685648,1332.6897863489253,1338.3572998046875,3489187
2023-12-04,1345.8677509348179,1356.4194883018783,1335.592634024112,1349.4617919921875,5511948
2023-12-05,1350.7981854850148,1351.8118605948976,1328.8654104130064,1339.8778076171875,5123039
2023-12-06,1342.4580969426866,1361.1193473034825,1337.2053455420607,1358.6312255859375,5269178
2023-12-07,1357.2949393135057,1357.2949393135057,1347.1119540015106,1350.8902587890625,4424453
2023-12-08,1355.0371580856024,1377.4305905862009,1351.2127312666094,1374.1591796875,6323433
2023-12-11,1373.0993558033465,1380.471701337861,1365.727010268832,1371.717041015625,3862018
2023-12-12,1361.5800891380788,1373.0993792323097,1352.5029110424384,1360.243896484375,6103494
2023-12-13,1360.19782972632,1360.2439518858023,1320.7097241735976,1335.316162109375,8549258
2023-12-14,1348.5863495012065,1392.4517835867966,1346.697140932601,1383.6510009765625,12489858
2023-12-15,1403.5564479809898,1463.917528966799,1401.6672393803897,1454.5638427734375,18395389
2023-12-18,1444.9336219034078,1468.0183241638513,1437.88390638634,1441.6160888671875,6467243
2023-12-19,1446.915036424613,1450.4629554436433,1422.1716226248461,1436.0408935546875,4221721
2023-12-20,1442.2612442252062,1459.2636714338232,1409.9611097529205,1415.8590087890625,6592367
2023-12-21,1401.897594233354,1425.3048140325604,1401.897594233354,1415.4903564453125,5319038
2023-12-22,1414.522706978693,1443.1366686825568,1403.5103106025122,1440.2799072265625,6741060
2023-12-26,1414.5688833319446,1426.5489455360587,1403.5103643743007,1422.816650390625,6878067
2023-12-27,1422.8627642542663,1446.8228885227966,1422.8627642542663,1444.150390625,4225849
2023-12-28,1445.8552154390939,1445.8552154390939,1432.9997322913293,1440.049560546875,5702253
2023-12-29,1420.144166634131,1437.1004712006081,1419.1765012951132,1421.8489990234375,4388990
2024-01-01,1418.255192778404,1434.8429728109002,1414.7994052716342,1429.63623046875,2808451
2024-01-02,1424.7057474638627,1427.6086309615123,1403.5102544550214,1414.015869140625,5396313
2024-01-03,1400.6995390215577,1400.6995390215577,1371.2562788380874,1373.099365234375,7550363
2024-01-04,1386.8764724125788,1400.5153575424802,1375.771943719321,1394.0184326171875,7056038
2024-01-05,1388.5352963045564,1418.9001014903272,1388.0745246781073,1412.3111572265625,8895403
2024-01-08,1408.9934505703893,1415.4903752195028,1394.52526712299,1403.3260498046875,4440136
2024-01-09,1420.9274616897512,1431.1565685607613,1406.1366485499625,1409.3160400390625,4412074
2024-01-10,1405.3071677486228,1414.983370728282,1386.9224270844938,1400.6534423828125,4096845
2024-01-11,1405.2614178549768,1405.3535496874879,1369.9662640360852,1376.969970703125,11296088
2024-01-12,1439.450552270239,1491.056974118596,1433.3683893367258,1486.2188720703125,26754401
2024-01-15,1515.8923891628679,1534.3232525223632,1507.6446228067189,1522.4814453125,13228305
2024-01-16,1515.7543934625273,1519.1640585147397,1497.5077919845023,1503.5439453125,6500917
2024-01-17,1493.1303945709744,1518.2424471875822,1493.1303945709744,1511.51513671875,9209876
2024-01-18,1513.7729287969016,1519.6247054977496,1500.5026844916376,1513.726806640625,6375464
2024-01-19,1522.0207083253042,1534.830181149936,1515.1552565650597,1529.0244140625,4522736
2024-01-23,1520.638356967558,1543.3082963711743,1509.2111992011553,1513.3121337890625,9401255
2024-01-24,1529.669692631178,1548.1926898142694,1515.9386754431387,1543.95361328125,8999681
2024-01-25,1541.695746187862,1548.6995649327355,1527.9187194984197,1538.1478271484375,8865304
2024-01-29,1534.5077798990815,1547.5936491768944,1518.3346507098104,1526.6285400390625,4253785
2024-01-30,1532.0194213135253,1557.4079810311105,1518.9335530973535,1521.8824462890625,4995943
2024-01-31,1518.93364206389,1536.4429635862402,1509.5799556993886,1530.5911865234375,6763779
2024-02-01,1529.3471931576782,1545.4280783736983,1520.8689274978267,1527.0433349609375,5760011
2024-02-02,1535.3370559365164,1583.6719506012253,1534.3693906028748,1560.4951171875,7858483
2024-02-05,1561.785455468717,1567.3147150838886,1549.8975247974827,1554.8277587890625,3634135
2024-02-06,1554.4129683538292,1597.034340689009,1542.6171705805966,1593.7628173828125,7694265
2024-02-07,1593.3481668011993,1593.3481668011993,1554.5050990563916,1560.86376953125,4613877
2024-02-08,1564.7803892211357,1572.4752526176906,1550.7729772594932,1559.34326171875,5919715
2024-02-09,1552.523963151758,1560.080685759389,1529.5776248189763,1538.3782958984375,4600004
2024-02-12,1539.2997433619348,1560.126598289278,1539.2997433619348,1548.2847900390625,3555808
2024-02-13,1550.957305138598,1556.578696520759,1532.9872115852988,1552.3857421875,2696481
2024-02-14,1529.9460822117326,1538.470357405494,1507.1840085834583,1535.475341796875,3768579
2024-02-15,1545.428005093551,1555.3345948697918,1531.2362167759502,1544.8289794921875,4834391
2024-02-16,1556.486498735968,1574.917363137815,1555.5188333576436,1568.14404296875,4880654
2024-02-19,1571.2310457966014,1577.2210761764713,1555.2883045575709,1566.3929443359375,3690993
2024-02-20,1552.800253854097,1561.3245282446908,1537.825177221973,1553.0306396484375,3706389
2024-02-21,1542.6633157025528,1542.6633157025528,1516.2150708785946,1525.660888671875,4300508
2024-02-22,1534.3695574852186,1552.4317832308739,1515.3857884617946,1549.436767578125,5841277
2024-02-23,1563.8587905950133,1565.194983220865,1540.728079066558,1545.2896728515625,5373072
2024-02-26,1543.5387967991637,1543.5387967991637,1515.938621902185,1529.9000244140625,2782438
2024-02-27,1530.683233844853,1539.9907975363865,1523.1266247075048,1533.0792236328125,5159088
2024-02-28,1538.9770993537304,1555.3806128350852,1531.6508761234932,1540.1290283203125,3188916
2024-02-29,1534.369410109207,1550.2660301238518,1523.5873997921522,1542.5711669921875,7814722
2024-03-01,1538.0556768856939,1540.7741844629486,1521.4678984651173,1524.8775634765625,6387291
2024-03-04,1527.7805015485362,1533.862664687169,1505.4791992091916,1508.7506103515625,4445156
2024-03-05,1505.8015436860508,1508.8886908149464,1476.3121621695554,1480.4591064453125,4596579
2024-03-06,1477.049450044554,1493.0382016771937,1452.352047887815,1490.6422119140625,6420684
2024-03-07,1489.7667940250446,1500.6870590284748,1478.3396352373709,1489.6285400390625,6348359
2024-03-11,1481.9797912201366,1487.186533050453,1463.4106723438592,1475.0220947265625,6752895
2024-03-12,1474.469015504546,1497.5075938718044,1472.3034116366352,1486.4029541015625,4614222
2024-03-13,1486.3570462420234,1497.046924837975,1473.1329238521018,1484.9747314453125,5688997
2024-03-14,1487.7394689212454,1527.6883469444472,1481.8415695289827,1523.5875244140625,8803799
2024-03-15,1512.3446927682714,1516.6760137902625,1491.3795826151293,1505.8017578125,11809997
2024-03-18,1502.11543929507,1504.5575513115562,1473.4093456712776,1476.9112548828125,4958904
2024-03-19,1467.4193112677192,1473.5475961267095,1435.764324431153,1438.943603515625,6870411
2024-03-20,1440.371958643916,1451.3843544053573,1430.5575014942751,1432.9534912109375,4759059
2024-03-21,1441.2935411478331,1453.2274803947662,1422.3097740379771,1432.72314453125,11062497
2024-03-22,1401.6671085042765,1408.9473217702673,1380.6558800265154,1390.4703369140625,14673890
2024-03-26,1374.9424783172167,1389.1802760076575,1371.164173630106,1375.54150390625,8351081
2024-03-27,1378.628657389427,1381.3932870499673,1365.3124028550521,1367.431884765625,6857402
2024-03-28,1370.4729789851785,1393.189041141791,1370.4729789851785,1380.517822265625,12499530
2024-04-01,1405.353474561426,1409.9150687111335,1375.6798265220143,1378.121826171875,6580002
2024-04-02,1368.353462463362,1376.0023163808078,1364.6672894897633,1366.5103759765625,7279400
2024-04-03,1362.9624633692197,1377.799287158803,1359.2762903783632,1364.4830322265625,8736248
2024-04-04,1373.6062588459959,1378.3061066574217,1352.8254147328123,1370.0582275390625,11186915
2024-04-05,1363.93009899174,1370.0582714607572,1360.24392608138,1363.0545654296875,5072482
2024-04-08,1366.6486630791478,1373.97488704448,1358.4469055155266,1360.8428955078125,6610887
2024-04-09,1373.0993855776476,1395.0321590156452,1370.6112639030227,1377.56884765625,9423230
2024-04-10,1382.6371563154344,1391.3918156940683,1368.0768429499594,1388.5811767578125,6744595
2024-04-12,1386.001060258461,1388.581426378512,1363.423250433772,1368.2613525390625,12275616
2024-04-15,1363.8838870765444,1374.8962829242955,1346.420689060188,1352.963623046875,8531224
2024-04-16,1337.1591322439795,1340.9835588768526,1302.1866141339272,1303.4766845703125,16173541
2024-04-18,1309.6051010829012,1331.3534994670702,1297.072135276183,1307.9002685546875,22107945
2024-04-19,1276.3374429978132,1314.9040067731753,1270.5777974969205,1300.5279541015625,20603621
2024-04-22,1308.4991354557612,1324.1192467826613,1302.1865874045059,1320.3409423828125,5859087
2024-04-23,1329.7867901203954,1333.334708815105,1320.5713584494295,1329.23388671875,4856174
2024-04-24,1330.985003306902,1330.985003306902,1315.0883817387778,1318.498046875,4268213
2024-04-25,1308.5913232271268,1331.5377710414832,1308.5913232271268,1325.59375,9089398
2024-04-26,1326.745647271391,1331.9985107982977,1315.042094094127,1318.037109375,8062444
2024-04-29,1317.7607514168,1326.838042603384,1316.1941728580287,1322.1842041015625,5055957
2024-04-30,1322.1380131744238,1323.8429581264434,1306.3336369406475,1309.0982666015625,6936588
2024-05-02,1302.1404919784582,1312.2774667921617,1301.0806948402314,1303.4766845703125,10076354
2024-05-03,1310.5266461015717,1313.0148803966708,1293.109456008172,1305.1817626953125,8842345
2024-05-06,1308.5913151241766,1332.2749298443393,1305.9188174045357,1314.0284423828125,6445422
2024-05-07,1313.1530130338447,1330.1094313833817,1304.536606119083,1327.897705078125,6080661
2024-05-08,1322.6450721756842,1326.7920171851183,1313.7521564901695,1315.31884765625,6234983
2024-05-09,1315.5489046143746,1336.1913801730982,1313.060670734901,1326.607421875,6088406
2024-05-10,1322.4607425507959,1323.2900415168567,1302.140668020757,1313.1070556640625,8777481
2024-05-13,1313.1990668474873,1313.1990668474873,1300.481725623948,1311.7706298828125,3735954
2024-05-14,1314.4891762078207,1321.2624958851497,1306.7943133773022,1312.9224853515625,3463230
2024-05-15,1314.120547134986,1319.4655424641765,1307.255095585117,1308.545166015625,4327544
2024-05-16,1321.4467475230538,1341.5364330774394,1315.0420676637514,1339.32470703125,9249145
2024-05-17,1342.6882935563137,1342.6882935563137,1326.330903569612,1330.9847412109375,7542860
2024-05-21,1317.8069204584017,1331.3535619861623,1316.3324736753857,1321.63134765625,6752663
2024-05-22,1316.6550066153582,1345.40711294369,1315.9638491315707,1340.6612548828125,7173285
2024-05-23,1340.5688666610595,1362.17912249703,1336.2376585581328,1356.8802490234375,8641428
2024-05-24,1353.0558377538796,1359.737026123514,1345.4531061608475,1350.1529541015625,5277938
2024-05-27,1356.373491379203,1363.5154519951307,1345.6836115365593,1355.9127197265625,5821844
2024-05-28,1359.7369459532367,1360.1977175377685,1345.7295347806962,1351.949951171875,6186922
2024-05-29,1350.4295268928772,1350.521658721026,1336.237738072663,1337.1131591796875,7401634
2024-05-30,1329.6026885129104,1336.0995011368218,1310.0198938256992,1315.4569091796875,9663150
2024-05-31,1325.18568552157,1350.5181357141773,1315.9738228639974,1322.459716796875,37113815
2024-06-03,1353.5731158092904,1353.5731158092904,1319.7337879140582,1321.519775390625,10589244
2024-06-04,1324.4336953647442,1330.0735833506835,1276.8236180013437,1310.0050048828125,13736134
2024-06-05,1316.1148183429186,1351.6930870098186,1316.1148183429186,1344.2672119140625,9233424
2024-06-06,1358.2260359203012,1385.8145809499692,1351.2232206049546,1383.8875732421875,12660930
2024-06-07,1392.1123044504961,1447.2891608293014,1388.5873745776473,1441.5552978515625,24075302
2024-06-10,1433.7536304630544,1437.983546630723,1407.4341520864498,1409.737060546875,6810606
2024-06-11,1410.0190163300265,1416.0348049461413,1404.2850385180848,1405.97705078125,4853054
2024-06-12,1416.5519427607585,1418.1969101793593,1393.7573942458623,1396.060302734375,9564320
2024-06-13,1405.2721826102318,1414.6719965407349,1399.961264790733,1404.28515625,7307565
2024-06-14,1413.4498626747718,1413.4498626747718,1396.8592841989566,1399.5382080078125,4237727
2024-06-18,1407.151975588544,1416.5517883847267,1405.6480284899164,1408.2799072265625,5420939
2024-06-19,1414.6718886285164,1424.6827126496337,1406.8699977638037,1420.6407470703125,5493456
2024-06-20,1425.2936379231433,1426.4215695435462,1409.125891319924,1424.4476318359375,7927010
2024-06-21,1452.2712899886412,1464.256053061363,1432.2496398990345,1440.70947265625,17301941
2024-06-24,1433.0485032665965,1437.3253492351942,1424.4476516241698,1435.492431640625,5564989
2024-06-25,1434.4115183965616,1451.237207255743,1429.1006009006553,1449.4041748046875,4551525
2024-06-26,1448.5111662607692,1455.889996430208,1442.8712785271127,1448.2291259765625,4851004
2024-06-27,1446.1141853395814,1483.6665071274144,1440.0983968135813,1478.9195556640625,14757754
2024-06-28,1478.1676356666337,1493.1602914681441,1470.3657449978248,1472.7156982421875,8197544
2024-07-01,1465.900925341744,1503.8761950899986,1465.900925341744,1495.3223876953125,6801771
2024-07-02,1500.3982072481522,1535.7415983279318,1491.2804339153117,1523.7568359375,10493173
2024-07-03,1527.469729765856,1537.8095248596555,1509.6100836947476,1529.7257080078125,7269965
2024-07-04,1530.4776709701966,1560.3691254148293,1530.2897205875556,1551.580322265625,8008311
2024-07-05,1552.332191113537,1565.8679458210338,1535.3185512266714,1548.572265625,7065022
2024-07-08,1544.483343885064,1566.008939897241,1541.5694246287367,1561.9200439453125,5880533
2024-07-09,1560.2750121000736,1566.7138611771477,1551.9091554243114,1557.6900634765625,5191182
2024-07-10,1557.5490553427878,1573.5287378659184,1539.2664644712022,1549.32421875,9852770
2024-07-11,1556.6090643284788,1565.0688961998292,1543.4963708254108,1553.507080078125,8857679
2024-07-12,1579.1685341207829,1616.532789615605,1566.6198071109059,1609.012939453125,17078316
2024-07-15,1622.5957659620963,1624.2877782953476,1600.4592739409936,1604.59521484375,6942230
2024-07-16,1615.452025715,1633.5937127967557,1597.9683944654953,1622.4549560546875,6886281
2024-07-18,1615.827863817848,1659.4430193327232,1615.827863817848,1652.5341796875,11248896
2024-07-19,1733.3255702708213,1733.3255702708213,1679.2295989019908,1685.3394775390625,29819116
2024-07-22,1692.1072854937383,1713.5858343024156,1685.33935158603,1702.1650390625,8462126
2024-07-23,1701.3662125939957,1729.5186076175692,1676.2217119382558,1726.6517333984375,7113056
2024-07-24,1727.2157639340674,1731.7746506207213,1710.3900744958235,1723.8787841796875,6002845
2024-07-25,1710.7660645530111,1721.0118842620095,1703.246213719811,1715.324951171875,5815599
2024-07-26,1715.7949342558115,1769.9848820315087,1715.7949342558115,1766.1309814453125,11369047
2024-07-29,1779.9486525351583,1788.78450012986,1752.1252276626687,1758.799072265625,4635931
2024-07-30,1758.7990290172347,1767.1178407699306,1748.365259289592,1764.4859619140625,2721265
2024-07-31,1764.344953812893,1772.0058245898792,1753.1122228334534,1756.1201171875,5004209
2024-08-01,1744.699358548906,1755.7911843622094,1734.3595637121655,1741.409423828125,7475014
2024-08-02,1732.3856829456133,1747.8953757120823,1707.1472058471231,1711.89404296875,7400938
2024-08-05,1677.8197340219435,1689.616546348778,1615.405061601391,1646.75341796875,10736703
2024-08-06,1654.5551502330297,1689.0994653436978,1640.126459251215,1646.0013427734375,7690163
2024-08-07,1688.2065718679119,1689.9925594528395,1656.341179884447,1684.11767578125,5094329
2024-08-08,1673.1196857214622,1673.1196857214622,1623.4416964698462,1638.5284423828125,6227910
2024-08-09,1664.9419144885312,1673.8717370362467,1650.6071993461458,1664.471923828125,4258524
2024-08-12,1666.634058979033,1695.2564465708763,1661.9810822256,1689.5225830078125,4315329
2024-08-13,1701.366147109179,1701.366147109179,1681.673584839887,1689.5693359375,4176918
2024-08-14,1693.8464406687062,1715.4660123309595,1689.5694795075585,1713.821044921875,7450718
2024-08-16,1738.9653871768742,1750.1041425189478,1719.6957707243737,1747.378173828125,7335657
2024-08-19,1748.3653628246682,1755.46226812506,1738.2135180462226,1752.8773193359375,2585989
2024-08-20,1767.165030694927,1772.5228787734409,1756.073204285589,1759.8331298828125,3870333
2024-08-21,1762.5588344138969,1766.2247842698705,1755.0389843478197,1760.3028564453125,1966902
2024-08-22,1770.9248323444356,1779.9956751616294,1757.4830533776285,1767.39990234375,4300287
2024-08-23,1765.4729100507645,1769.6088509029312,1745.5453515046195,1750.3392333984375,5015935
2024-08-26,1757.7651122966831,1775.3897624868237,1752.125224235838,1763.5460205078125,3728589
2024-08-27,1763.54596510821,1788.5494451104064,1761.431007151832,1786.0584716796875,3830679
2024-08-28,1792.4505405625268,1833.9036970289214,1783.5207173325039,1822.7178955078125,6514531
2024-08-29,1816.9838956969513,1833.4335688344042,1805.610144647818,1817.3128662109375,7228284
2024-08-30,1821.6839001205192,1832.9636765918535,1812.284086394407,1827.041748046875,13466759
2024-09-02,1826.712755054023,1857.1681741009113,1826.195834151735,1846.5933837890625,5573739
2024-09-03,1848.943412636329,1848.943412636329,1820.226934986873,1824.7388916015625,4694322
2024-09-04,1805.7980647866775,1811.5319278069883,1786.0115271331308,1807.0670166015625,4778310
2024-09-05,1810.638983993486,1823.5637269032381,1794.9882723576418,1817.1248779296875,4081810
2024-09-06,1806.6441381891027,1820.2738676395406,1783.00358450389,1787.7034912109375,5848106
2024-09-09,1776.564732765143,1805.5631341580754,1775.6247514250556,1780.9356689453125,4772612
2024-09-10,1790.5704823041315,1818.8638977650467,1782.2046254069915,1797.5263671875,6909600
2024-09-11,1799.7820949632378,1810.4039292305977,1790.6643225255912,1795.5052490234375,5312946
2024-09-12,1809.464116978717,1838.9795546148218,1796.1164275717779,1833.3865966796875,8555092
2024-09-13,1833.3865832495185,1841.0474542218399,1819.4749280775688,1827.417724609375,3843127
2024-09-16,1828.9688141569388,1834.8436979233431,1817.0310962411352,1833.19873046875,1570181
2024-09-17,1830.8486394119768,1840.9063937669002,1825.584766901514,1835.360595703125,2793127
2024-09-18,1822.388800311061,1822.388800311061,1768.3869188956942,1778.585693359375,6385468
2024-09-19,1795.9282898631557,1809.370068657787,1766.036952686509,1780.5125732421875,7976570
2024-09-20,1790.664520804125,1800.0643345616268,1755.3212440246816,1791.3695068359375,15242974
2024-09-23,1794.4243751721033,1803.73021337189,1765.7078993837924,1782.6275634765625,3636672
2024-09-24,1774.6847802570394,1796.210376017183,1759.0811128709156,1784.6485595703125,7277616
2024-09-25,1773.1337292502485,1787.4684442930745,1764.156976545127,1781.546630859375,4268341
2024-09-26,1783.8966765192179,1802.8372091877666,1779.384720079492,1786.1995849609375,8952803
2024-09-27,1816.137952637302,1856.0871602157958,1789.0665584656958,1792.3094482421875,14908931
2024-09-30,1767.1649937536263,1787.1395980713203,1758.2351706468926,1763.029052734375,6986955
2024-10-01,1762.4650370326212,1794.3773580722982,1762.4650370326212,1790.053466796875,4029072
2024-10-03,1776.0946700907043,1797.1032292411892,1768.1048290238766,1779.7606201171875,7503887
2024-10-04,1776.1418246086153,1836.8175525476968,1772.8048448832324,1803.0252685546875,10001483
2024-10-07,1807.772048058558,1825.4437429610623,1801.0512733437376,1818.2059326171875,6112575
2024-10-08,1821.5897622643915,1840.4363182559603,1791.933306709296,1831.6005859375,5637391
2024-10-09,1835.3605115538048,1858.3430081700687,1828.3575821051584,1835.5484619140625,4857163
2024-10-10,1840.3895163779584,1846.1233796899428,1799.2182871655539,1803.82421875,4782119
2024-10-11,1802.8842276209207,1830.1436867455332,1795.4583520140732,1818.9578857421875,4709431
2024-10-14,1816.1849669571325,1851.2932470173037,1815.1979406537325,1841.3294677734375,3751378
2024-10-15,1842.3635074756771,1871.9258760220825,1834.6086610794148,1841.70556640625,5353705
2024-10-16,1837.66365041544,1841.9406117141925,1801.3333460914546,1804.8582763671875,3111512
2024-10-17,1819.0518851747047,1859.2831333510103,1814.3050481446446,1849.977294921875,8162822
2024-10-18,1780.1367445813487,1820.6028732629586,1757.0601563072833,1766.7889404296875,10526196
2024-10-21,1777.5988008145812,1784.8367264336412,1727.6858114732324,1741.550537109375,4654601
2024-10-22,1746.6732140121014,1765.0969393741664,1736.098424337156,1740.4693603515625,4125240
2024-10-23,1734.5006822227795,1772.804924358305,1733.325705470156,1760.961181640625,4311910
2024-10-24,1749.6812424897346,1770.9247972575436,1748.3652457001226,1751.51416015625,2906475
2024-10-25,1751.6082405232555,1763.7340231622866,1735.5816269882255,1750.2923583984375,4689120
2024-10-28,1748.0833692337449,1768.951025226307,1745.5454653432146,1753.394287109375,7018940
2024-10-29,1754.9627985871089,1760.2866061853301,1738.8011693476826,1748.59326171875,4621252
2024-10-30,1741.6532608340028,1748.308049494395,1707.7613496606602,1713.227783203125,5919715
2024-10-31,1699.7282140714156,1699.7282140714156,1660.369867072741,1670.5897216796875,7395236
2024-11-01,1677.4819828348002,1678.9080088899161,1665.6460129974564,1674.011962890625,371966
2024-11-04,1639.4546463788554,1679.8587185569368,1633.275200045737,1676.6739501953125,7336722
2024-11-05,1673.2039554066878,1681.2371893406507,1658.9436944231081,1667.68994140625,3160880
2024-11-06,1677.0067780250674,1737.089967643031,1675.7233776805178,1733.7625732421875,10421494
2024-11-07,1723.5426610222241,1735.6638830746192,1698.8724555004114,1714.1309814453125,4550965
2024-11-08,1728.3437169759088,1749.829154713953,1723.7329222391422,1739.704345703125,4210960
2024-11-11,1738.8011800020988,1775.8778590726738,1732.669314114394,1768.367431640625,3804234
2024-11-12,1778.8248092339409,1788.2366040442323,1769.2229240437619,1776.6383056640625,5012450
2024-11-13,1769.3181384269985,1780.8213927172376,1764.7549244206982,1776.2581787109375,4257495
2024-11-14,1773.5961711004963,1783.4833086013102,1764.469627272938,1772.5980224609375,4311431
2024-11-18,1758.005024675079,1758.005024675079,1706.477991896976,1722.11669921875,4839244
2024-11-19,1735.4737552340218,1767.987103735295,1730.7679155470983,1734.7607421875,4669769
2024-11-21,1751.16006482196,1774.9271666789355,1730.8154024223286,1743.6021728515625,5436504
2024-11-22,1762.6632608249854,1819.6568388300636,1743.5545347717343,1808.438720703125,6301486
2024-11-25,1821.5107285834974,1824.6480325215346,1789.1874693080074,1796.5076904296875,12764638
2024-11-26,1811.0054643107326,1842.9960045611826,1803.7328244508496,1829.2586669921875,6850495
2024-11-27,1834.9153604909611,1845.6581372544963,1817.4703304442407,1829.591552734375,4447143
2024-11-28,1820.4648690644453,1820.4648690644453,1760.3341042723987,1765.0875244140625,8468790
2024-11-29,1759.811276019277,1784.4340168837268,1754.0121263454853,1766.2283935546875,5244346
2024-12-02,1767.321793063357,1789.9481217185034,1744.6954644082105,1787.0960693359375,2868263
2024-12-03,1793.9408410909798,1806.0620629902432,1778.8725217831325,1798.789306640625,4715792
2024-12-04,1791.0887427426558,1819.5616835014869,1782.53258632828,1796.079833984375,4705573
2024-12-05,1806.2997139926326,1853.7388717964993,1795.7946087095554,1839.4310302734375,9050038
2024-12-06,1837.4822303839658,1842.3781605401093,1818.088252003757,1827.5950927734375,3573331
2024-12-09,1829.3062538776032,1835.0103583375276,1803.6377838079438,1828.783447265625,4274645
2024-12-10,1843.3763652761136,1868.6645376907804,1836.7215769538172,1852.4554443359375,6174921
2024-12-11,1858.5873457085745,1880.4530791874988,1855.7352935156714,1876.79296875,5025612
2024-12-12,1877.7911587179638,1900.2273959695365,1873.3705705619063,1889.00927734375,6462130
2024-12-13,1872.6099443049989,1907.500003205855,1857.4465798294907,1901.0828857421875,5362693
2024-12-16,1897.042541916786,1900.9879041439099,1880.0728539329739,1882.402099609375,3119221
2024-12-17,1870.9463322304846,1884.2559097971648,1861.439491111427,1879.1221923828125,5811050
2024-12-18,1869.8054617493733,1887.060284654621,1864.8618349910091,1881.54638671875,3064095
2024-12-19,1838.623014099366,1863.1031292043601,1825.3134369549032,1850.2213134765625,5323592
2024-12-20,1877.7436779576376,1882.3068918972044,1816.9949422253026,1827.357421875,11056720
2024-12-23,1834.8678004850174,1844.3270603797318,1814.8558547757257,1829.4013671875,2781793
2024-12-24,1832.015755380025,1846.2284355881454,1749.2586619372746,1814.9034423828125,2360544
2024-12-26,1814.9034908105154,1825.0757640546135,1808.4863732653307,1813.3348388671875,3623321
2024-12-27,1815.236249934069,1829.25884045684,1810.007487366256,1822.2237548828125,3937500
2024-12-30,1821.2253729676181,1821.5106246003575,1793.4654453593812,1812.0037841796875,7789055
2024-12-31,1798.9794709559926,1803.4476395627287,1754.0596496753712,1787.2860107421875,3613063
2025-01-01,1781.5820268405544,1799.597444352464,1781.5820268405544,1789.662841796875,1838368
2025-01-02,1793.9409285299619,1865.8602051810894,1792.3248119514092,1861.296875,7083645
2025-01-03,1856.6384617090841,1856.6384617090841,1827.214835312903,1843.1387939453125,6218003
2025-01-06,1855.7354066651392,1875.6997732327457,1832.9189877307317,1842.283203125,7164403
2025-01-07,1849.08049857111,1861.9623140172655,1828.7834170796311,1835.6282958984375,4294832
2025-01-08,1834.8202633622047,1842.9961231909604,1795.6045452981161,1837.81494140625,5482050
2025-01-09,1838.670663062687,1855.5927707165636,1816.3295863112587,1822.7467041015625,6833503
2025-01-10,1841.475056372847,1880.2630131182193,1836.9593070090002,1869.947998046875,8036913
2025-01-13,1859.538056114521,1885.0164358188285,1852.8832675701437,1865.4322509765625,5804152
2025-01-14,1871.7543886244132,1874.5589763818855,1835.8660634362316,1844.374755859375,5792162
2025-01-15,1850.981884706997,1861.4869901029845,1841.5700892018165,1853.501220703125,2985439
2025-01-16,1868.9973329214629,1869.948017007702,1822.3187674971882,1833.3466796875,7533579
2025-01-17,1759.7161759087412,1766.3709642563163,1722.6394979722525,1725.9193115234375,16409953
2025-01-20,1733.0496195308024,1737.8030402662885,1704.7193015774908,1723.8756103515625,4333011
2025-01-21,1729.3418737355341,1741.3204695981628,1704.6240883474466,1711.896728515625,7169109
2025-01-22,1718.2664752007781,1773.7864501626696,1716.1274359637641,1764.8974609375,8373913
2025-01-23,1766.370941552174,1786.8582289789933,1761.3322697336553,1773.4534912109375,5907471
2025-01-24,1773.501188842313,1801.4513245969808,1772.312833717117,1782.96044921875,4887027
2025-01-27,1757.5772848453794,1771.1245336940863,1722.639643077662,1732.146484375,7652371
2025-01-28,1739.7518311714375,1771.599747206543,1734.9033656716754,1739.51416015625,6999495
2025-01-29,1754.0120684956396,1795.5094503993766,1749.7339902797964,1788.474365234375,5145155
2025-01-30,1780.7738303869369,1794.1308715011382,1753.0613674474346,1768.2247314453125,7336056
2025-01-31,1778.7300025936208,1803.8755513464537,1778.7300025936208,1787.0960693359375,5820470
2025-02-01,1787.571323971164,1797.3633003755383,1754.9628135718901,1760.0489501953125,1701402
2025-02-03,1745.4559465267448,1784.0062318529979,1742.0335070965566,1771.40966796875,4823228
2025-02-04,1795.8423067996916,1816.9474478919842,1782.5327290891591,1805.1590576171875,7334787
2025-02-05,1812.0038151596648,1825.0281403385413,1800.88085809743,1803.4952392578125,4996744
2025-02-06,1822.46137881177,1829.116167362465,1806.2997494743677,1821.177978515625,4765255
2025-02-07,1824.647881405861,1828.8307982430788,1796.2698706401704,1809.7696533203125,4126260
2025-02-10,1811.0531389851265,1811.0531389851265,1785.9550565261386,1787.5712890625,3828734
2025-02-11,1790.2331848086437,1809.1518213900456,1777.7792464526458,1783.150634765625,4411601
2025-02-12,1792.0396375530902,1801.1661822584174,1755.9136395546725,1771.2672119140625,5633947
2025-02-13,1776.3532848619434,1781.106705479717,1745.1233346132335,1752.3485107421875,5237744
2025-02-14,1762.568310549922,1767.6069826690268,1738.1832403249714,1764.8499755859375,5292961
2025-02-17,1747.8801254076848,1761.3797918708847,1732.2888845014002,1751.4451904296875,4428956
2025-02-18,1751.445375977347,1769.8410902296603,1746.977091046225,1760.619384765625,4365260
2025-02-19,1756.2937934312417,1758.004955145868,1716.840404092615,1721.498779296875,4611411
2025-02-20,1716.5077280780874,1740.7025920720746,1716.5077280780874,1735.14111328125,2218020
2025-02-21,1731.956275207461,1739.6092122968646,1717.1255109603246,1725.4915771484375,3379879
2025-02-24,1711.2788452920981,1718.8367369576058,1663.9347338827708,1677.1016845703125,7594720
2025-02-25,1659.0864344677666,1690.7441464007027,1659.0864344677666,1680.5242919921875,5092963
2025-02-27,1668.640674098442,1688.2723238346587,1664.7428925260701,1677.2919921875,5757079
2025-02-28,1668.4981483304996,1668.5456129045258,1599.478390980019,1604.469482421875,12182167
2025-03-03,1608.8427856333933,1643.3525496222132,1608.8427856333933,1624.3388671875,7504969
2025-03-04,1611.4095762179882,1615.2123126810395,1587.6424733239176,1605.0400390625,6759673
2025-03-05,1608.9852468032536,1647.4879525703643,1608.9852468032536,1627.0958251953125,8180782
2025-03-06,1630.42326495067,1637.3633054431778,1607.7018912844446,1631.2313232421875,10610547
2025-03-07,1619.109945155919,1620.9162680194895,1592.8710891886537,1602.853271484375,8019331
2025-03-10,1602.8533592169706,1634.225933863566,1593.5366088108908,1617.5413818359375,7558981
2025-03-11,1597.149102761885,1597.149102761885,1556.3172718227022,1579.656494140625,12671234
2025-03-12,1556.174800445261,1556.174800445261,1486.6798171088662,1512.395751953125,14870008
2025-03-13,1520.381526929375,1526.8462251444753,1492.8592690164621,1501.938232421875,7822888
2025-03-17,1468.9496345204805,1515.3905319411103,1468.9496345204805,1511.6353759765625,7526032
2025-03-18,1511.6353759765625,1511.6353759765625,1511.6353759765625,1511.6353759765625,0
2025-03-19,1523.9465678973438,1523.9465678973438,1495.2359553339961,1508.307861328125,7387068
2025-03-20,1513.4891497172634,1551.4214700841842,1513.4891497172634,1535.8778076171875,7186750
2025-03-21,1500.131882621123,1524.8022038807094,1486.5371700431922,1514.011962890625,10074677
2025-03-24,1519.1456594946171,1527.844442496362,1495.140885206093,1514.2021484375,8857726
2025-03-25,1525.8478634077803,1555.461694060302,1525.8478634077803,1548.141357421875,9890140
2025-03-26,1545.8123648464964,1556.9829031533513,1516.3411573986234,1520.5716552734375,6651302
2025-03-27,1516.8640098840594,1540.0606082841557,1507.7849306219216,1524.469482421875,9426573
2025-03-28,1511.5877308709687,1519.620965158934,1483.0672076469882,1493.1920166015625,6799047
2025-04-01,1463.3404602190724,1471.0885586286036,1442.9957978349414,1451.21923828125,12680733
2025-04-02,1459.4902057913214,1478.9317655581158,1459.4902057913214,1473.7030029296875,6193478
2025-04-03,1458.967226269639,1458.967226269639,1411.8133230002038,1422.6986083984375,10459504
2025-04-04,1388.4740776445042,1399.4069443976105,1376.5905268259103,1380.060546875,9590254
2025-04-07,1285.3249277060586,1336.5668248830998,1242.5441423903983,1327.8680419921875,21715252
2025-04-08,1360.4289830692378,1384.671428260199,1345.218037067066,1358.3375244140625,12805001
2025-04-09,1335.758736096975,1339.9416532809853,1313.7503760547593,1334.4752197265625,8546854
2025-04-11,1341.653050406826,1367.8444460129276,1328.1533814570482,1339.9417724609375,12567440
2025-04-15,1374.3089224037624,1376.3053358191778,1339.513907284088,1355.675537109375,10178530
2025-04-16,1354.7249077086744,1357.1016180730755,1327.9156612183533,1343.4117431640625,12022740
2025-04-17,1329.0562651695689,1359.2880635441882,1310.3278363222762,1349.4959716796875,14264227
2025-04-21,1340.4645789137878,1399.2169026224717,1340.4645789137878,1379.442626953125,15648970
2025-04-22,1368.985143422317,1368.985143422317,1349.3060284057444,1352.6334228515625,9399738
2025-04-23,1374.6891479419496,1414.4277879886072,1368.6047467603623,1402.1639404296875,11136642
2025-04-24,1397.4105217628291,1409.7694145318515,1389.4247524558623,1398.8365478515625,7114292
2025-04-25,1402.7343459374797,1427.642222162945,1391.3261370921732,1407.2025146484375,8329979
2025-04-28,1407.2024661808139,1416.1389193452367,1393.0373668593481,1409.0087890625,5886253
2025-04-29,1408.9139315851942,1435.3429977745961,1401.403503476668,1423.6495361328125,8056743
2025-04-30,1422.9840278751349,1434.3922372400868,1409.4842438297574,1426.1212158203125,7704183
2025-05-02,1425.740942139582,1448.082019175758,1422.4135476873855,1432.5859375,7402310
2025-05-05,1440.2864278864722,1447.8919007730015,1428.6881281546378,1434.2020263671875,4282493
2025-05-06,1431.730100318134,1440.8566434846055,1425.1703575249446,1436.9588623046875,4270530
2025-05-07,1426.026145690909,1443.8990531370239,1422.7937965506155,1433.9168701171875,5691799
2025-05-08,1433.631664427957,1441.7124795125974,1427.1669659401214,1436.864013671875,8424409
2025-05-09,1426.6915991963783,1436.8639888159648,1420.4171072727893,1433.2513427734375,4478653
2025-05-12,1461.2014458755218,1551.516434397431,1456.4480254270004,1546.66796875,11372857
2025-05-13,1529.6507024801845,1532.6928451513845,1487.4403056280353,1491.2430419921875,12846210
2025-05-14,1496.3767741072957,1516.3411402167324,1492.0986956552736,1513.869384765625,4870057
2025-05-15,1511.3975456512203,1538.7771765983814,1493.5246391320036,1533.453369140625,11151167
2025-05-16,1533.0731584594146,1533.0731584594146,1503.5069061207216,1511.49267578125,4576751
2025-05-19,1498.7534529196623,1506.8342676039738,1478.9791776249906,1482.8770751953125,8855798
2025-05-20,1492.5740269319685,1505.4082621953962,1481.1658178089215,1483.6375732421875,7143998
2025-05-21,1490.577561992386,1493.5246593705174,1475.556707413097,1491.14794921875,4157309
2025-05-22,1478.7889435849781,1483.82761514235,1464.0533417684774,1471.1834716796875,6158990
2025-05-23,1473.5603223754533,1508.9257236923431,1473.5603223754533,1487.6304931640625,5038421
2025-05-26,1489.3416207391451,1505.693456152503,1485.6339297061554,1502.55615234375,3170102
2025-05-27,1501.985940722686,1504.8379932276155,1479.6448627674063,1492.669189453125,7775714
2025-05-28,1503.0315254066693,1509.4010623010483,1492.5740005619675,1494.2852783203125,3623370
2025-05-29,1510.6371345194693,1529.5557725671263,1498.8486276920114,1507.40478515625,8609500
2025-05-30,1514.5387348868949,1515.5027951891782,1499.2101525439637,1506.5369873046875,13148092
2025-06-02,1503.9340358386107,1503.9340358386107,1483.6887699715526,1497.9569091796875,4374509
2025-06-03,1502.9700087561519,1510.9717563250315,1480.410974183671,1487.5450439453125,6853403
2025-06-04,1487.545069852834,1501.3311794658816,1486.0025968815146,1495.4503173828125,4548307
2025-06-05,1492.2689554139665,1511.3572786610305,1486.195328477135,1498.43896484375,6948539
2025-06-06,1498.8244913615613,1512.5142181403369,1487.641415492617,1507.5975341796875,3960020
2025-06-09,1521.2871674371763,1530.9277705261318,1514.5387452749073,1516.3704833984375,2903202
2025-06-10,1527.0715350387688,1549.726952383094,1520.8051430073597,1538.6402587890625,8591925
2025-06-11,1532.9522867625028,1575.8529708756475,1532.9522867625028,1572.478759765625,10597410
2025-06-12,1558.8854834598367,1569.4901466126246,1540.6647205061456,1550.787353515625,10483574
2025-06-13,1519.3589933969258,1551.1729824718614,1513.7673967286814,1544.424560546875,6968315
2025-06-16,1542.4964798976407,1576.0458254086714,1539.7006814911979,1565.441162109375,5591842
2025-06-17,1562.45249586964,1588.192976732241,1557.5358118299073,1580.9625244140625,7622083
2025-06-18,1562.7417700471647,1585.589952431105,1562.7417700471647,1574.214111328125,5629707
2025-06-19,1565.5375611980423,1571.4183055533617,1553.5831898154863,1560.2352294921875,5147760
2025-06-20,1560.8136276168789,1572.0930860674746,1551.076642111549,1564.573486328125,9202821
2025-06-23,1543.4605584963404,1543.4605584963404,1518.7806380620095,1527.071533203125,7943676
2025-06-24,1543.4604830931148,1551.172965207259,1519.9373891083474,1524.7576904296875,8083992
2025-06-25,1532.8558375256184,1561.6812632899293,1528.1319186406413,1556.8609619140625,7813533
2025-06-26,1550.9801998907828,1565.6338688312192,1548.8591966999713,1557.92138671875,6519233
2025-06-27,1560.8136478253264,1571.0326636135578,1544.8102701550988,1550.208984375,8912268
2025-06-30,1556.9573602116636,1556.9573602116636,1536.8084767193552,1544.2318115234375,6294505
2025-07-01,1551.1731318297038,1559.5604099565173,1542.9786187031953,1549.05224609375,4178937
2025-07-02,1559.8495930029494,1589.735462831807,1545.7743359105034,1552.619140625,8653641
2025-07-03,1560.331649069145,1573.7321112354073,1556.9574379034102,1560.5244140625,5259695
2025-07-04,1566.5979433677658,1584.3366759246808,1554.3544249759318,1581.733642578125,4411273
2025-07-07,1581.0590301119776,1584.915271648836,1564.670003580329,1568.5262451171875,3294523
2025-07-08,1569.490144015709,1587.035994129852,1563.2237521630664,1579.8055419921875,4590681
2025-07-09,1578.9380931561673,1579.1308581535004,1565.2483655342028,1574.9853515625,4580828
2025-07-10,1579.9985303020203,1579.9985303020203,1549.3413641152463,1557.728759765625,5330179
2025-07-11,1522.3475129338776,1549.341199857552,1506.826166489392,1537.5797119140625,11391755
2025-07-14,1534.5911874414394,1534.5911874414394,1503.7412587495296,1513.8638916015625,9173426
2025-07-15,1508.8507771918205,1545.967099361679,1507.790334380739,1528.614013671875,7614807
2025-07-16,1522.2513030563432,1554.0652948238287,1521.769272878048,1550.1126708984375,6223491
2025-07-17,1540.5684750083872,1552.1371994765352,1523.3117708067696,1526.589599609375,7374814
2025-07-18,1534.8803087969368,1541.821613244393,1523.2152032454187,1529.095947265625,5161833
2025-07-21,1523.2153333190533,1531.8918763569468,1510.4897839367352,1527.36083984375,3682661
2025-07-22,1508.7544033781517,1528.806905141675,1508.7544033781517,1514.4423828125,8473741
2025-07-23,1519.648319505044,1534.6876368616054,1494.2934861823694,1517.9129638671875,8035026
2025-07-24,1523.21527148752,1525.14339208434,1492.558106924831,1496.70361328125,14169664
2025-07-25,1487.930738061539,1493.8114825426642,1456.9844249801497,1461.2261962890625,10851259
2025-07-28,1459.4908778130184,1464.6968268487494,1429.2193615593824,1461.515380859375,6439855
2025-07-29,1458.5267960319763,1462.6721845547067,1442.3305365336291,1459.2979736328125,7070448
2025-07-30,1465.2753927209724,1467.0106307922656,1451.8749299240865,1464.40771484375,5719051
2025-07-31,1455.4418850255533,1472.21655890233,1443.198365471235,1454.76708984375,6851407
2025-08-01,1440.2096707795008,1444.8370894973941,1412.83033538686,1416.782958984375,8702978
2025-08-04,1408.9741142502269,1429.5086455065348,1398.8514812022438,1427.291259765625,8610216
2025-08-05,1425.5558755811649,1425.5558755811649,1402.7076942328947,1407.8172607421875,10213323
2025-08-06,1399.8155998166778,1403.768223634903,1378.895537719122,1385.0654296875,10566934
2025-08-07,1378.60613953599,1390.1748623852432,1363.3739407112198,1385.2581787109375,9892020
2025-08-08,1373.785961785155,1381.6912093691872,1366.169861688454,1371.9542236328125,10048009
2025-08-11,1368.8692198674414,1381.884033692687,1363.1812406590395,1376.870849609375,6625368
2025-08-12,1376.8709588997938,1389.2109785794498,1369.9297713819558,1372.9183349609375,9899184
2025-08-13,1373.7860181657672,1382.462561438393,1371.279484756972,1375.3284912109375,10318063
2025-08-14,1374.9427475738962,1417.1686356270611,1374.9427475738962,1395.6700439453125,12902347
2025-08-18,1412.0590009823861,1412.0590009823861,1378.2205097468736,1384.19775390625,7254561
2025-08-19,1381.2092603896435,1397.309139357621,1381.2092603896435,1388.2469482421875,3986094
2025-08-20,1388.921654258322,1445.1264179190935,1388.921654258322,1442.427001953125,10413061
2025-08-21,1453.802949118853,1453.802949118853,1430.9547668193538,1442.619873046875,6565539
2025-08-22,1444.258688328196,1450.2359327005538,1432.6899649169563,1434.0396728515625,5543397
2025-08-25,1452.549588321255,1483.6887826854402,1452.549588321255,1477.0367431640625,10694531
2025-08-26,1468.2638125760993,1483.1103644867733,1464.021923789744,1474.6265869140625,15994798
2025-08-28,1474.6266696224122,1474.6266696224122,1444.162386475055,1446.1868896484375,5443364
2025-08-29,1447.922152992462,1447.922152992462,1414.951220922169,1416.782958984375,8169075
2025-09-01,1423.6278448203498,1449.368326287933,1423.1458146544753,1445.5120849609375,4546057
2025-09-02,1445.5120710387366,1458.4305028963795,1432.8829043510907,1444.837158203125,5218763
2025-09-03,1446.0904115917858,1447.9221496497632,1420.0607841831338,1425.9415283203125,4623483
2025-09-04,1430.665555379037,1430.665555379037,1407.6244895421655,1410.4202880859375,5787724
2025-09-05,1417.1685500698275,1419.771465639559,1381.4983212585462,1392.681396484375,5466487
2025-09-08,1398.8515684147906,1405.5999908675153,1376.967445534214,1381.402099609375,3811567
2025-09-09,1427.7733097648295,1453.0316426482493,1419.5787971834648,1450.2359619140625,13072640
2025-09-10,1455.8274419814547,1479.7361846012639,1455.056264347903,1477.518798828125,7281071
2025-09-11,1469.1314991861996,1472.6020926929066,1452.3568266067848,1455.4417724609375,8003662
2025-09-12,1481.7606968153777,1487.4486761823323,1466.4321143461764,1470.7703857421875,12856963
2025-09-15,1470.7703889313757,1472.6021270614033,1447.2472937742573,1454.1885986328125,6167414
2025-09-16,1454.18869843609,1459.5874130189484,1449.4647790449067,1456.9844970703125,8923112
2025-09-17,1462.3832147820146,1471.830935901443,1459.58741614181,1467.685546875,4795698
2025-09-18,1494.2935138953433,1499.1138155530703,1483.2068200825713,1485.2313232421875,9331945
2025-09-19,1489.0875921991392,1495.546867150236,1465.4681136380061,1484.845703125,12988129
2025-09-22,1429.4121385641438,1460.2620677071914,1428.7373434373958,1445.6083984375,15655204
2025-09-23,1439.3420265057648,1458.6232324870878,1439.3420265057648,1443.6802978515625,9832164
2025-09-24,1433.7504516255494,1442.909024606748,1429.4121802134027,1440.884521484375,4937004
2025-09-25,1435.4857737282794,1448.6933526456728,1423.4350200871756,1431.436767578125,9491867
2025-09-26,1421.9889772759154,1425.555953399892,1389.4036912657584,1396.8270263671875,8597058
2025-09-29,1407.5280279964163,1412.3483294621576,1384.872611107433,1389.982177734375,10513117
2025-09-30,1391.1390030128964,1400.0083106366037,1386.4150840398418,1389.982177734375,7556305
2025-10-01,1394.031143886091,1397.405354815276,1376.099646484765,1393.83837890625,6250692
2025-10-03,1387.282784330546,1396.2485922754322,1381.6911874663804,1394.609619140625,6877533
2025-10-06,1394.6096065704758,1425.6524188431904,1390.4642178899833,1422.9530029296875,4630590
2025-10-07,1424.5918193613172,1429.6050033943986,1401.743637948074,1406.0819091796875,5570320
2025-10-08,1404.6358503769075,1444.1623224877194,1402.707729786136,1441.2701416015625,4657192
2025-10-09,1448.0185870707542,1459.5873108023447,1433.557682406266,1455.0562744140625,7028753
2025-10-10,1455.7310370996563,1467.0104954131987,1444.933608930849,1460.4549560546875,3738353
2025-10-13,1443.1982662450723,1450.6214834671307,1430.087069727637,1439.5347900390625,5859355
2025-10-14,1445.1264411305913,1459.9729938155936,1433.075686951717,1436.353515625,5600789
2025-10-15,1430.569218120133,1435.1002548224249,1414.7586043879573,1421.41064453125,6986098
2025-10-16,1420.9285143742625,1421.5069270236047,1408.0100826842827,1418.61474609375,8005748
2025-10-17,1402.6114532010124,1405.9856644896408,1382.4625679694304,1389.307373046875,16959378
2025-10-20,1401.4544470050912,1414.276496397426,1397.8874708768014,1408.395751953125,6994246
2025-10-21,1424.881136066363,1432.5936185349226,1417.1686535978035,1419.482421875,1698704
2025-10-23,1455.7310466373283,1490.4372172856354,1451.8748054541832,1473.566162109375,20358624
2025-10-24,1484.1708637038648,1487.5450748262833,1463.4435668090073,1470.57763671875,8652257
2025-10-27,1478.0165606695539,1483.2043487095048,1466.3685916918344,1472.633056640625,7273211
2025-10-28,1467.9347848431598,1474.5908017388306,1458.9296979699484,1468.4241943359375,8211019
2025-10-29,1468.4241778932897,1488.0005573851865,1465.1941469679696,1478.408203125,4884976
2025-10-30,1475.0801523386458,1476.2546872805226,1457.5592692997866,1462.1597900390625,5608867
2025-10-31,1458.4403008415877,1465.3898918009988,1449.3372364048548,1450.9034423828125,4819814
2025-11-03,1450.9033496746388,1459.8105780526128,1442.974820743242,1454.0355224609375,5470600
2025-11-04,1448.3583414401685,1450.511814804534,1431.9142548968182,1436.808349609375,8691330
2025-11-06,1447.2816360762577,1451.58846323567,1430.9354078512456,1435.6336669921875,7944752
2025-11-07,1438.8638806951196,1449.533031326473,1418.4065403991735,1445.5198974609375,8765759
2025-11-10,1458.5381171839108,1487.8048281611332,1458.4402591842686,1481.4425048828125,9787975
2025-11-11,1492.6989304110698,1500.9210336624128,1479.0933228205395,1497.88671875,13692989
2025-11-12,1507.3812396717751,1526.1745164244364,1505.5214596999074,1518.8333740234375,14635417
2025-11-13,1524.1189242683809,1524.5104757353395,1497.8866487683968,1509.14306640625,19655689
2025-11-14,1487.8047537888665,1497.59294295853,1457.2656513734084,1470.9691162109375,9739549
2025-11-17,1464.3132041198487,1478.212385937251,1460.8873376663598,1475.66748046875,7910354
2025-11-18,1474.1013313334302,1474.1013313334302,1451.784211591062,1454.91650390625,7525119
2025-11-19,1458.9296699222182,1510.317665675936,1458.9296699222182,1508.4578857421875,10981126
2025-11-20,1522.0634729079381,1522.0634729079381,1501.5082748815287,1503.955322265625,7387584
2025-11-21,1498.5718033380108,1518.6375916910017,1493.9714020948772,1512.2752685546875,9186302
2025-11-24,1530.4813442936104,1551.4280945139647,1508.3600590826622,1515.2117919921875,19270381
2025-11-25,1516.1905908718425,1517.7566773334454,1493.5798964672151,1498.1802978515625,8107952
2025-11-26,1499.6485223505715,1527.251289037942,1499.6485223505715,1524.902099609375,7575038
2025-11-27,1530.8728564928056,1540.954739594805,1519.3227449478784,1533.2220458984375,7552252
2025-11-28,1531.8516566735827,1535.179665000364,1524.0211050739736,1527.055419921875,4453221
2025-12-01,1529.4045743430058,1540.6609920101703,1523.042251313739,1530.872802734375,5341800
2025-12-02,1533.8093151456649,1546.4361036663386,1523.1401645511503,1527.9364013671875,6335969
2025-12-03,1522.1613705980963,1552.406900951154,1521.182551618934,1545.261474609375,12895312
2025-12-04,1534.7880917871573,1565.1314788059085,1534.7880917871573,1563.7611083984375,12609619
2025-12-05,1575.8985332981872,1597.2368345243183,1566.1103436503722,1581.9671630859375,10344725
2025-12-08,1582.8481284293375,1595.4749170068917,1566.306063981828,1576.681640625,7550413
2025-12-09,1567.2848235795727,1572.8641631737528,1548.883099378693,1565.1314697265625,6957599
2025-12-10,1573.9408513587562,1573.9408513587562,1549.2746619298632,1551.2322998046875,5116140
2025-12-11,1564.1527099609375,1573.3536321517727,1547.023378030827,1564.1527099609375,5159319
2025-12-12,1567.4806809838458,1567.8722324584342,1549.0788370408115,1564.348388671875,4633912
2025-12-15,1551.4280562362142,1576.6816332735752,1551.4280562362142,1572.766357421875,4190558
2025-12-16,1566.1103574156468,1569.0468143358012,1552.0153403019585,1559.1607666015625,5499258
2025-12-17,1553.5814245843821,1572.8642300238714,1552.4068896118622,1568.0679931640625,4817628
2025-12-18,1576.3879761796316,1595.4749463972676,1572.6684162407605,1592.3427734375,6577293
2025-12-19,1615.0513027562847,1619.847539612933,1595.2792073285575,1603.9906005859375,13149023
2025-12-22,1628.7547583833573,1657.3362243784013,1628.7547583833573,1653.8125,23098923
2025-12-23,1643.4370603643276,1643.4370603643276,1621.3157754082474,1632.9637451171875,6593060
2025-12-24,1625.8182910699556,1632.2784723030877,1617.4983299175808,1628.16748046875,4271167
2025-12-26,1628.167521100225,1633.453167508233,1616.7152673020842,1621.0220947265625,2006491
2025-12-29,1622.8818655924697,1637.6620082639456,1602.4245250544589,1609.863525390625,4062817
2025-12-30,1612.1148331917736,1612.9957941560388,1582.554548282334,1587.2528076171875,9395937
