Date,Open,High,Low,Close,Volume
2018-01-01,105.26066030906759,105.43901781826901,104.45805151766118,104.96339416503906,6689762
2018-01-02,105.11201690286592,106.56860678892463,104.96338928080692,106.36051940917969,10171537
2018-01-03,106.71725277356,107.19287648649731,105.08231599135772,105.26067352294922,12409998
2018-01-04,105.49847742524545,105.76601371626467,104.96340484320702,105.29039001464844,8712321
2018-01-05,105.40926674308612,105.9740690373503,104.93364318549122,105.5281753540039,12431070
2018-01-08,105.5876483538185,106.12272089615203,105.17148444958532,105.61737823486328,7290126
2018-01-09,105.76598884051441,106.06325494486866,104.48775656647578,105.05255889892578,7868696
2018-01-10,104.75527583356167,105.1119907466,103.09060986807458,103.41759490966797,9836607
2018-01-11,103.44735923384026,103.9824317816015,102.85283780946516,103.15009307861328,6643371
2018-01-12,103.26900257939877,103.50680897391685,102.13940859783926,102.55557250976562,8369301
2018-01-15,102.85285000205815,104.27971029856725,102.1394198538036,102.8231201171875,5463837
2018-01-16,103.20955223980404,103.8040736607143,101.42597709099452,103.00146484375,10138000
2018-01-17,102.97174169906984,103.95270809509067,101.57461136979394,103.59599304199219,7596332
2018-01-18,103.95268286447356,103.95268286447356,102.05021030042187,102.34746551513672,8280381
2018-01-19,102.28802163331568,103.1203602244414,101.18814680426497,102.70418548583984,3836697
2018-01-22,102.85281633676355,103.03117381544807,101.93129906820135,102.49610137939453,5422626
2018-01-23,102.3177616044448,104.78503685779364,102.3177616044448,102.67447662353516,6478592
2018-01-24,102.64474837204506,103.86352107791744,102.02049707873114,103.44735717773438,11677422
2018-01-25,103.17981302477764,104.33913676662908,101.90158065506935,102.22857666015625,13565392
2018-01-29,102.25830349485001,102.70419727591198,101.3665159327261,101.69351196289062,12918822
2018-01-30,101.6935057533468,102.55556338206863,100.95034586826235,101.24761199951172,9204885
2018-01-31,101.06926786556906,101.6340594377418,100.32610788219301,101.2178955078125,7820538
2018-02-01,100.62335656178469,100.95034167231346,99.5234817193479,100.50444793701172,11024756
2018-02-02,99.58296153556611,100.20721295898386,97.97774358963476,98.21556091308594,4803742
2018-02-05,96.31305532582473,99.52349050335224,96.31305532582473,98.83979034423828,7129994
2018-02-06,96.31306116896836,98.69115781605231,95.86716736726017,98.27499389648438,4853142
2018-02-07,99.44168893127438,100.4995866575627,96.02621807191767,100.01597595214844,11374195
2018-02-08,100.01597070838324,100.19732332979463,98.53492061056167,98.95808410644531,7486767
2018-02-09,98.20245494231646,99.16966533645305,97.02366277772725,98.68606567382812,4518222
2018-02-12,99.01853126656236,99.92529437339901,97.99086272251895,99.6834945678711,10466476
2018-02-14,99.74394661995409,100.16709906750094,98.02109663288215,98.50470733642578,4921964
2018-02-15,98.80693860266013,99.35099640665558,98.3233390450315,98.65581512451172,2581964
2018-02-16,98.83719209629999,99.01854474234824,97.96065799669577,98.4140396118164,7340724
2018-02-19,98.74650097420202,98.92785359307109,97.5979380776598,98.47447204589844,2634882
2018-02-20,98.1419964241772,99.80438805951835,97.99086186177492,99.26033020019531,6225978
2018-02-21,99.74394426328197,99.74394426328197,97.62815993776555,98.11177062988281,9316350
2018-02-22,97.86995890121248,98.11175868338563,96.81206133282537,97.17476654052734,5934736
2018-02-23,97.35614453900979,99.13945298796371,97.23525015083106,98.86742401123047,4571212
2018-02-26,98.89763065597425,98.92785978397264,97.62816224444757,98.50470733642578,3486711
2018-02-27,99.13945754238567,100.34846789303873,98.26291230894111,100.0764389038086,3844933
2018-02-28,99.13944727559321,99.86485783841734,98.26290213292289,98.68606567382812,5257828
2018-03-01,98.95809855522796,98.98831661728491,97.9304298608859,98.5349349975586,2576112
2018-03-05,97.62813965841259,99.80437071756396,96.75160583810448,98.71625518798828,3945470
2018-03-06,99.32080809525031,99.71373146987898,98.05133950576885,98.74652099609375,6137704
2018-03-07,98.5349154191912,99.56258390934096,97.86996322163988,98.83717346191406,3130801
2018-03-08,99.13944287956042,100.34845305139963,98.08154514309327,99.92530059814453,5446693
2018-03-09,99.80437796632249,99.92528339024008,98.26288085413185,99.3812255859375,4485285
2018-03-12,99.62303576771885,104.42888020756054,99.19988334314746,103.461669921875,3493401
2018-03-13,102.40377807617188,103.2198648260056,101.13430979865274,102.40377807617188,3752316
2018-03-14,102.34332553938742,102.85716534537019,101.64814418109292,102.58513641357422,4448883
2018-03-15,102.1619815193142,102.85717400502325,101.13432395860025,102.70603942871094,4383296
2018-03-16,101.43657955195707,102.43401913687136,98.92787155831695,99.65328216552734,14854449
2018-03-19,99.74395113298972,101.49703032738023,98.92786426008344,100.95297241210938,6026004
2018-03-20,100.59024047851562,101.13429824960936,99.53234298879977,100.59024047851562,3780434
2018-03-21,101.2552079909423,103.28031591418217,100.13687422626454,102.97805786132812,6866022
2018-03-22,102.16198238907089,103.49190911373182,101.85973537164608,103.34077453613281,4472313
2018-03-23,102.10151821681433,103.85459711561228,101.73881300112404,102.79669952392578,10827793
2018-03-26,102.73625131723277,103.37098543834541,102.01084089310403,102.6758041381836,6600055
2018-03-27,102.91761155409918,103.67325115822179,101.82949583722764,103.4012222290039,4195293
2018-03-28,103.18964146127007,103.37099408246738,100.62047563801296,102.58513641357422,10138818
2018-04-02,102.70603508091266,103.28032209503819,101.6179193081818,103.00829315185547,3367125
2018-04-03,103.25009974757123,103.91506311975822,101.92018407208398,102.37356567382812,4460793
2018-04-04,102.2526463853893,102.3735518191206,100.04619693476843,100.6809310913086,3998232
2018-04-05,100.95295246789367,102.6153439457645,100.83204704320173,102.13174438476562,3916746
2018-04-06,101.79925637478856,102.76647762639078,101.04362791627447,102.43399047851562,3134724
2018-04-09,102.16197437793758,103.03851943883953,101.82949825728709,102.5549087524414,3930802
2018-04-10,102.70602606483018,103.00828410923917,101.64813951272632,101.79926300048828,2607237
2018-04-11,102.3433255628618,103.1291943008208,101.3761152725495,101.85972595214844,6787894
2018-04-12,101.61793258930763,102.67583044142816,101.16455095808097,102.46424865722656,6867020
2018-04-13,102.52468766508994,103.79415613115663,102.25265870807566,103.34077453613281,3483164
2018-04-16,102.52469022045402,105.72859059477307,102.52469022045402,105.24497985839844,3694548
2018-04-17,105.45655855587884,107.48166669470342,105.24497678946835,106.96782684326172,6699236
2018-04-18,106.69580807501556,108.8115927344819,106.60513174773682,107.93505859375,4948994
2018-04-19,108.20707335369059,108.56977861513437,106.99805212591592,107.33052825927734,3141238
2018-04-20,107.57231880360902,107.57231880360902,104.73112443662382,105.39608764648438,3495886
2018-04-23,105.21475508168554,106.09128910833651,104.67069718882227,104.9427261352539,3569025
2018-04-24,104.91248651338492,105.57744978333436,104.03595257440821,104.48933410644531,2003576
2018-04-25,104.45912901461551,104.48935814666793,102.46424981468363,103.88484191894531,5424140
2018-04-26,104.36844405217526,105.09385461031376,102.49447046661307,103.97550964355469,5347538
2018-04-27,104.33822074001033,104.42889706483331,102.40379985637836,103.21988677978516,9327048
2018-04-30,103.49190143632684,104.67069349594168,102.64558549876963,104.06617736816406,2290147
2018-05-02,104.4288850544032,104.4288850544032,102.6455878942785,103.00829315185547,2610385
2018-05-03,103.21987286884267,106.51443818081074,102.79670936410699,105.36587524414062,3549040
2018-05-04,105.30543348443389,105.30543348443389,103.1292018698455,103.31055450439453,3371295
2018-05-07,103.46169054895452,104.15687204268079,102.76650905522824,103.06875610351562,5823535
2018-05-08,103.4012146780043,103.97549055182566,102.91760403841583,103.61278533935547,3453937
2018-05-09,103.09896946624971,104.21731436674067,102.70603508091266,103.00829315185547,10928712
2018-05-10,103.61279391153417,103.79414653277307,101.46679158316894,101.85972595214844,9844190
2018-05-11,101.557451648731,102.91759609045508,100.89248845426019,101.2249755859375,15561708
2018-05-14,101.25519767713267,104.51954446746407,100.28798750295887,103.763916015625,7046984
2018-05-15,102.91761112381332,105.15428973173614,102.34332414157032,102.82693481445312,5782708
2018-05-16,103.09898619352504,103.79416769370845,101.85974671870561,102.76651000976562,3899072
2018-05-17,102.82693096551262,103.43143598232469,100.71114680334287,101.0134048461914,6783446
2018-05-18,100.65070393943846,101.61791422160037,100.19732239016172,100.71115112304688,5496430
2018-05-21,100.34843577062507,101.07384617636184,98.35355715484896,99.3812255859375,3879174
2018-05-22,99.29055975308536,101.52723838361767,99.13943625891922,99.8346176147461,4612272
2018-05-23,99.62303345115149,101.52723592077197,99.47190996065129,100.6809310913086,3475720
2018-05-24,100.74138790695203,101.43656931239072,99.29056683898511,99.77417755126953,2379879
2018-05-25,99.9857477860706,101.6179214800512,99.68350077755395,99.92530059814453,7705690
2018-05-28,100.37868204270366,102.67581907627864,100.07642396571356,101.3761215209961,11540245
2018-05-29,102.07128988949927,102.4037770524012,99.56258248434887,100.31822204589844,7141778
2018-05-30,99.44168988807708,101.7690560531958,99.381242700151,99.92530059814453,5414080
2018-05-31,100.04622192876272,103.03854084286368,99.19990581898361,101.28546142578125,29432894
2018-06-01,101.25521581913162,101.25521581913162,98.95808986027993,99.35101318359375,2975864
2018-06-04,99.62304704133719,99.98575232312469,97.83974976217759,97.96065521240234,5021538
2018-06-05,97.62813463544283,98.2628686617049,96.72137174078274,97.50724029541016,2369418
2018-06-06,97.56769518788704,98.56513445096024,96.8725139365852,98.23265838623047,3647491
2018-06-07,97.93040037445911,98.83716334088929,97.8094949559738,98.23265838623047,4624826
2018-06-08,98.08154581146884,98.23268038564336,97.20501177057935,97.59794616699219,2199740
2018-06-11,97.62816992140428,98.29313330745518,97.47704640730103,97.77930450439453,4838494
2018-06-12,97.93039262329053,98.2628686617049,97.26542947757879,97.50724029541016,3082809
2018-06-13,97.62817199037777,97.71884831453876,96.7214087487678,96.87254333496094,6527995
2018-06-14,96.84230431643398,96.84230431643398,95.51238872081828,95.75418853759766,6200254
2018-06-15,95.81464985050943,95.93555531116724,93.42684725195373,94.33361053466797,10800649
2018-06-18,94.51495173208936,95.39148577614503,94.24292278025624,94.90787506103516,2289944
2018-06-19,95.11945348147815,95.11945348147815,93.18502175790776,94.39404296875,5222522
2018-06-20,94.78697921867004,95.33103711392602,94.24292132341407,94.93810272216797,7262452
2018-06-21,95.33103333895458,95.33103333895458,93.6384014637043,93.84998321533203,9600354
2018-06-22,93.69887049605184,95.63329133473286,92.91300165325607,95.0892333984375,5141889
2018-06-25,94.93810285536787,95.33103724767722,92.70141854914081,93.4872817993164,8198617
2018-06-26,93.36637674236755,94.48472166734233,92.82232437853423,94.06156921386719,6173371
2018-06-27,94.57540973120999,94.57540973120999,91.64354364891454,92.97346496582031,7083915
2018-06-28,92.48983992905248,95.45192915218433,90.37406112189501,94.545166015625,15010362
2018-06-29,93.91043162807549,97.26545522648719,92.85254499388061,96.50982666015625,6659236
2018-07-02,96.11688982458902,96.2075661357443,91.5226215479076,92.82231903076172,15954402
2018-07-03,93.09433645755146,93.97088145507699,91.64352110658334,93.6988525390625,7506727
2018-07-04,93.66863478853084,94.21269268662492,92.187590132978,92.42938995361328,11418056
2018-07-05,92.39915586451687,92.79208467925086,91.70396900665597,91.97599792480469,4155312
2018-07-06,92.1271353768302,92.15735897013161,90.58563803292654,90.7669906616211,10642270
2018-07-09,90.85766433806948,91.8248801745066,90.82744074564556,91.43194580078125,5759994
2018-07-10,91.88531385011268,93.245463860302,91.46216148061934,93.03388214111328,3890373
2018-07-11,92.3689396588236,92.94322113157021,91.73420546572996,92.30848693847656,4037034
2018-07-12,93.09434362683726,93.5175071302602,92.15735691099881,93.12457275390625,3424965
2018-07-13,93.21525172751537,94.00110943377364,91.82488341037586,92.4596176147461,3615536
2018-07-16,92.48984270699536,94.90787412081747,91.91556121474017,94.06156921386719,4117044
2018-07-17,93.69885064006947,94.30335564044407,92.52005316012156,93.88020324707031,2670880
2018-07-18,94.27313564970171,94.36381196198705,92.36893862615236,93.84998321533203,2892637
2018-07-19,93.69887070459296,94.21269951149762,92.7618783448143,93.42684173583984,3163729
2018-07-20,93.09435729304279,94.30337865777156,93.09435729304279,94.091796875,3659896
2018-07-23,93.8802154993656,96.4795995159949,93.8802154993656,95.60306549072266,6286406
2018-07-24,95.51239597827376,96.08667197037158,94.54517449989028,95.1799087524414,4224482
2018-07-25,94.30334888375694,94.99853013782334,90.58562070660884,91.28080749511719,15232765
2018-07-26,91.55285306726972,93.0036685492275,90.67631352504661,92.701416015625,17803995
2018-07-27,92.4898328901145,93.84997749143972,91.94577504958441,93.66862487792969,5766367
2018-07-30,94.90787218248595,95.14968306714998,93.1245750197405,94.242919921875,9747265
2018-07-31,94.21268988249204,95.99598702798275,93.24547955985257,93.60818481445312,9065227
2018-08-01,93.57793197717022,94.30334230257463,92.33868749312381,93.91040802001953,4903117
2018-08-02,93.51749854425461,94.15223267222719,93.18501138367913,93.9406509399414,3895179
2018-08-03,94.21268082762268,94.96832039171058,93.94065191281723,94.57538604736328,3276529
2018-08-06,94.84741305848628,95.51237630429254,94.30335523979515,94.7567367553711,2395237
2018-08-07,94.90786972641592,96.66094878487591,94.51494641955571,96.02621459960938,4450873
2018-08-08,96.41914514867916,96.57026864002101,95.270571194048,95.66350555419922,4151246
2018-08-09,95.75418792499809,97.53748508372007,94.78697759518234,97.14456176757812,4915016
2018-08-10,97.32590104321943,97.59792994886612,95.66349848575042,96.44935607910156,4518788
2018-08-13,96.11689522207158,96.1471243504494,94.63584503373795,95.51239013671875,2702390
2018-08-14,95.39147759577968,95.96576457891888,94.6056199363935,94.84741973876953,2030044
2018-08-16,94.84741688767129,96.11688518253496,94.39403535379141,95.84485626220703,2153881
2018-08-17,96.11689522207158,96.87253488042731,95.30080837584644,95.51239013671875,4672155
2018-08-20,95.69373277387544,96.78184845518716,95.51238016032349,95.84485626220703,3448567
2018-08-21,96.47958991662071,97.7490582049973,95.27056880949084,97.2352294921875,5279408
2018-08-23,97.44681054805586,99.7439475757938,96.78185827680805,99.35101318359375,7704134
2018-08-24,99.50213813688485,101.34588233760458,98.9278511682474,99.32078552246094,5436786
2018-08-27,99.68349650325756,100.86228856503183,99.13943862859252,100.43912506103516,2630486
2018-08-28,100.74137594185623,105.51699103375003,100.56002332989969,101.73881530761719,8727238
2018-08-29,102.4340112024898,102.4340112024898,100.04620885130274,100.3786849975586,3769664
2018-08-30,100.07641777442103,103.2198705877648,100.07641777442103,102.58513641357422,13384598
2018-08-31,102.4340281990498,104.39868947998009,102.16199919727993,103.67327880859375,8445506
2018-09-03,104.27777518213323,104.4591278346239,101.19478008979189,102.46424865722656,4592967
2018-09-04,102.46424357722961,103.0687486992657,101.19477507273295,101.61792755126953,3016566
2018-09-05,101.37610582842336,103.00827926752142,100.65069541104646,101.52722930908203,2837060
2018-09-06,101.79706838367868,104.67927838557567,101.5824434884723,103.57545471191406,7658860
2018-09-07,104.55661849842677,104.58728400737131,101.73573976442627,103.97405242919922,3585828
2018-09-10,104.188667986916,105.07786660870877,103.11551001393204,103.75940704345703,5871138
2018-09-11,103.66742635438455,105.32316164664624,103.48345576635548,104.09668731689453,9709410
2018-09-12,104.49532095533229,105.23120349727124,102.31833884498836,104.25003051757812,7109565
2018-09-14,104.4952980254648,107.37750775849513,104.4952980254648,107.2855224609375,7340733
2018-09-17,107.31616545980852,107.56146704662515,104.92454797471979,105.62977600097656,2792490
2018-09-18,106.21235622467971,106.97890413592835,103.69809883825104,104.0660400390625,3646318
2018-09-19,104.86324895037748,105.44582629854905,103.02354282844104,103.728759765625,5092003
2018-09-21,103.75941904904212,106.58029785712934,102.31831974958577,103.17684173583984,9597428
2018-09-24,103.14619748671947,104.74060203264779,101.98104274699246,102.96222686767578,6216532
2018-09-25,103.72877289792038,104.5566407576017,100.81590824563749,104.25003051757812,6496965
2018-09-26,105.23118457566615,105.23118457566615,101.79706292121446,102.90088653564453,3591889
2018-09-27,103.11550968245837,104.24999866419891,102.10367149645744,102.99285888671875,6718629
2018-09-28,102.99284190410692,104.06601092535807,101.79703333601138,102.31829071044922,5444684
2018-10-01,102.71690561950273,104.4339718886563,101.88903799180582,104.00469970703125,4950123
2018-10-03,103.51411468128491,103.54476895822172,101.85837949447411,102.62491607666016,5780126
2018-10-04,102.04236067765603,103.39147463462336,101.03052240276205,102.28765106201172,6563494
2018-10-05,102.16500119574825,102.96221460242076,98.4549349727749,99.89603424072266,13292940
2018-10-08,98.97618578579471,101.12251326010065,97.78037684972098,100.23331451416016,4637569
2018-10-09,101.06117431942032,101.18382512306681,98.6695566346933,99.16014862060547,5756458
2018-10-10,99.1601625042991,102.19567768300213,98.88420657896246,100.78523254394531,3411681
2018-10-11,99.34412241524147,101.61308936948832,98.91486143164724,100.0493392944336,3668989
2018-10-12,100.5092667059404,101.39846541900087,99.98802041904837,100.6932373046875,4147903
2018-10-15,100.72392495038692,101.52112731060276,100.38664918811804,100.9692153930664,2191491
2018-10-16,100.96918557667874,101.39845776044885,99.4054356054373,100.53992462158203,3857880
2018-10-17,100.90787252492888,101.61308940436304,99.4667732569811,99.89603424072266,5369029
2018-10-19,99.71206810729288,101.33713804511675,98.3016230566106,99.00685119628906,6202959
2018-10-22,99.98803416591433,102.96222966412478,99.40545678022805,101.09185791015625,6407974
2018-10-23,100.6625991496266,101.79707720452157,99.68141498001208,101.18384552001953,7316558
2018-10-24,101.79707012203777,102.25699666058412,97.93368719824826,99.98802947998047,12856915
2018-10-25,99.65074987511294,101.15316902332322,96.46191851309864,99.5280990600586,94631476
2018-10-26,97.47374129546421,98.27095462301949,94.92881869730977,97.6883773803711,9339921
2018-10-29,97.84171140823067,98.08701307176764,96.46193165837153,97.47377014160156,6963919
2018-10-30,97.56573186478673,98.76154069215927,96.18595244858764,97.74970245361328,3257071
2018-10-31,98.11764764273661,98.66955943178077,95.20478361011715,97.90302276611328,6069514
2018-11-01,97.964355195233,98.27097663826643,96.12464899438356,96.2779541015625,2992327
2018-11-02,96.8298585540753,97.71905730224348,95.69538063612575,96.89118957519531,11487762
2018-11-05,96.58457336096893,96.58457336096893,93.02780624829371,94.13162994384766,18263054
2018-11-06,94.40758807405973,94.86751459727101,93.42640961976319,94.53022766113281,6223800
2018-11-07,95.05148848163982,95.08214276512687,94.74486704604243,94.95950317382812,212175
2018-11-09,95.3887578735651,95.41942338369337,94.13162354541213,94.71419525146484,8098182
2018-11-12,94.62221716282717,95.3274453488154,93.51839907249672,93.7023696899414,3916333
2018-11-13,93.51838273162318,96.76852786712149,93.42639743897382,96.1552963256836,7903864
2018-11-14,96.27794049646052,98.48558762551572,95.90999930828465,96.4925765991211,3853852
2018-11-15,96.86053608231221,97.59641859765742,94.070316749741,94.31561279296875,4538966
2018-11-16,93.94765068593723,95.35809007351229,93.82500549138115,94.46890258789062,5166086
2018-11-19,94.4382411805508,94.74486260176525,93.15045254593214,93.79434967041016,6879644
2018-11-20,93.45707484127738,93.88634149217799,91.06545678431556,91.46405792236328,4600113
2018-11-21,91.46404943108925,91.89331604213791,90.23758061795525,90.6668472290039,7625524
2018-11-22,90.60551223975429,91.00411329863593,89.28705826473303,89.5323486328125,3684871
2018-11-26,89.77765909596644,90.1149404243985,86.89545469862102,88.73516082763672,6534517
2018-11-27,88.61251086715632,90.0229559892784,87.8459685107596,89.37905883789062,4866687
2018-11-28,90.11494022625584,90.48288145124995,87.07942512005434,87.96861267089844,17823474
2018-11-29,88.21390548655437,89.37905452813885,86.37419942844062,87.23272705078125,30727317
2018-11-30,87.07940704533442,87.44734819395649,84.35050832160864,86.03690338134766,29840662
2018-12-03,86.06757694837351,89.31772219418986,85.85294084868194,88.85779571533203,12013041
2018-12-04,88.76580515353655,88.76580515353655,87.07941003588208,87.81529235839844,6785000
2018-12-05,87.66199042918534,88.85779932276289,85.36235794153619,86.49684143066406,8833965
2018-12-06,86.28221271171078,87.20206572569491,84.74912248362483,85.73030090332031,5460772
2018-12-07,85.85294661585645,86.52750923971963,83.73728467099079,84.53449249267578,13240540
2018-12-10,83.338681073966,85.39301755128989,82.6027986803769,83.52265167236328,34436070
2018-12-11,82.20419071334825,84.65712807726516,82.20419071334825,84.22786712646484,13406569
2018-12-12,84.59583097092633,86.83413845948827,83.95193375777335,86.2822265625,12274362
2018-12-13,86.68081202967599,87.07941873709326,85.69963924450377,86.49684143066406,10636545
2018-12-14,86.46617745394977,88.39786865238906,85.60764990386681,87.999267578125,13732576
2018-12-17,91.98529127931693,92.81315890083079,88.76580608454084,89.59367370605469,21749589
2018-12-18,89.5323482793458,91.0041129393588,89.07242182309173,90.5748519897461,13037010
2018-12-19,90.97347008233328,92.16927909251562,90.29891302495837,91.86266326904297,8182075
2018-12-20,91.12676929763211,91.95463696940433,89.93096043840558,91.5560302734375,13909968
2018-12-21,91.6786813502245,92.84382470438788,90.91213346453402,92.32257843017578,18956932
2018-12-24,91.98531166451876,92.32259301206795,89.04178169125416,89.77766418457031,8506178
2018-12-26,89.65500777231469,90.9734618699994,88.45919887008012,89.25640106201172,10358386
2018-12-27,89.9616315647646,91.83199762973679,88.42854122084488,90.94281005859375,32905857
2018-12-28,90.42155332059355,92.96648192164574,89.83898160333426,91.89331817626953,11010662
2018-12-31,91.8626747075569,92.01597983121357,90.82017067213202,91.40274810791016,5010889
2019-01-01,91.34140580242403,91.74000691031075,89.77765565273499,91.18809509277344,4011082
2019-01-02,90.72816341642852,91.18808990487668,89.62433984415293,90.14559173583984,5201079
2019-01-03,90.14559741798305,90.39089343206281,87.60066881670986,87.93795013427734,7035283
2019-01-04,88.27523514979731,89.71633455524963,87.23273125703967,89.37905883789062,7988112
2019-01-07,89.68566515247319,91.80132699709563,89.62433974929932,91.12677001953125,14121843
2019-01-08,90.75884163198461,91.67869473766574,89.53236708151789,90.11494445800781,6656692
2019-01-09,90.14559243084099,91.03478552014191,89.16441404314125,89.86963653564453,4636543
2019-01-10,90.11493538227559,91.70934540009937,89.99228457097874,90.82015228271484,15340801
2019-01-11,90.75884246826172,92.16928203852305,90.26825039781947,90.75884246826172,13579929
2019-01-14,90.75883137437738,90.9734618699994,89.0417705663897,89.25640106201172,5010679
2019-01-15,89.53235894328064,89.80831484990136,88.39787542084117,89.40971374511719,14730974
2019-01-16,89.71632850861602,91.06544813013788,89.34838730404981,89.74699401855469,5679378
2019-01-17,90.08426445417393,90.54419093303176,88.45919463843421,88.85779571533203,7529166
2019-01-18,89.10309775285432,89.77765476282323,88.30588993064579,88.48986053466797,3100312
2019-01-21,89.83898161113639,89.99228670739103,87.47802361683866,87.93795013427734,13187677
2019-01-22,88.24457202088567,88.24457202088567,87.07942850599133,87.57001495361328,7074433
2019-01-23,87.63133358876762,88.06059459186714,86.03691793219491,86.31287384033203,5323552
2019-01-24,86.31288226079745,87.1407500659735,85.30104383224895,85.88362121582031,4250377
2019-01-25,86.15956731503496,87.01809492131893,84.65713698611647,84.8104476928711,5463236
2019-01-28,84.93309750369683,85.54633474969243,83.7986139322256,84.99442291259766,7303346
2019-01-29,84.99442324849865,85.48500967863143,84.2585407961307,84.93309783935547,9728281
2019-01-30,85.48500900343898,86.09824624701454,84.687806762562,85.05574798583984,13777792
2019-01-31,86.15955250282835,86.58881342500489,85.23969964911251,85.66896057128906,44034840
2019-02-01,85.85293810804374,86.15955949371879,85.11705576536241,85.9449234008789,7099405
2019-02-04,85.91427038640923,86.09824098680839,83.85993388673097,84.16654968261719,6716304
2019-02-05,84.01324548786616,84.87177876581656,83.52265905356423,84.65714263916016,8526399
2019-02-06,85.49445715721818,86.72210218816848,84.99080983502077,86.3128890991211,12810810
2019-02-07,86.24993738589949,86.87950090795128,85.05377418695227,85.58889770507812,5193513
2019-02-08,85.24262547811757,86.50174650451237,82.81881188259536,83.13359069824219,5597162
2019-02-11,83.07063952653901,83.92054752780551,80.96160471789491,82.06333923339844,13126864
2019-02-12,81.87447370918028,84.32976357819837,81.84299755520568,83.88906860351562,14900754
2019-02-14,82.47255917201564,83.92055454519976,80.64683264160156,82.62995147705078,37913966
2019-02-15,83.10210639832341,86.50173802370936,83.10210639832341,85.77774047851562,25855830
2019-02-18,85.4944570788797,88.39044214742955,84.95933360072536,86.53323364257812,13001166
2019-02-19,86.31290540931502,86.8165528266846,83.38544362847392,84.17239379882812,9029095
2019-02-20,84.48714728149513,87.44608413215651,83.2909786226372,86.3758316040039,14955330
2019-02-21,86.75357931604867,87.19426853719911,85.30558397853193,85.90367126464844,4719134
2019-02-22,86.09253501028712,88.29599828690871,84.99080049007256,87.94973754882812,11678731
2019-02-25,87.88679945191802,88.7681837523026,85.77776429327824,88.35897064208984,27557787
2019-02-26,86.37583430965402,88.89407630934278,85.80922899515296,88.48486328125,15501729
2019-02-27,87.69793010213589,89.99582795014253,86.97393236314927,87.35166931152344,18258775
2019-02-28,88.2645355961577,89.83843570645199,87.06836667073496,88.92557525634766,50183582
2019-03-01,89.20886425709021,90.49946145751892,89.17738234033314,90.02729034423828,6789074
2019-03-05,90.0272919522128,93.30101365069955,90.0272919522128,92.54553985595703,12988303
2019-03-06,92.98625090442671,94.11946179250852,92.60851394173278,93.77320098876953,10313295
2019-03-07,93.86761942981936,94.81196167760426,91.60119803513558,92.0418930053711,8337421
2019-03-08,92.86032422441257,97.45612533797666,91.5067688493211,95.81926727294922,34663172
2019-03-11,96.32292857247818,100.91872458993302,94.11946480744926,95.31562805175781,30007645
2019-03-12,94.93786586221384,98.43193771486946,94.56012898774374,95.2211685180664,23315044
2019-03-13,95.06377640081453,95.09525255056528,91.28640787844849,93.3010025024414,20943115
2019-03-14,93.74171279919554,97.51907617754719,93.23805973770233,96.73213195800781,14675396
2019-03-15,97.33020249607385,100.25766342411103,96.10256335457552,99.50218963623047,20356743
2019-03-18,99.3762886205134,101.23349124040773,98.05420944386628,99.9428939819336,19289406
2019-03-19,101.1957313272471,103.72657362153245,98.51379655142622,101.9134292602539,25950621
2019-03-20,102.59334472762475,102.74443718266441,96.77619875148227,97.64498901367188,28098992
2019-03-22,98.96705115643834,102.89551195025521,97.98493307608078,101.72452545166016,53779933
2019-03-25,101.12018425157284,103.87765932441052,101.0446322519266,102.2533950805664,31535535
2019-03-26,102.74445787896984,107.27730160892439,102.74445787896984,106.37073516845703,23510777
2019-03-27,106.44623590177468,106.44623590177468,102.895511944627,103.49989318847656,20849776
2019-03-28,103.87765171339059,105.27528291112618,102.06451913089411,102.55557250976562,41232946
2019-04-01,103.0466054644534,103.87763112449478,100.89351239044109,102.06449890136719,26716877
2019-04-02,102.78221300101454,103.27326636095015,101.23348940239512,102.10227966308594,14343829
2019-04-03,102.70665797180887,103.87764463503592,101.23348640796227,101.8378677368164,12596804
2019-04-04,101.83788036973912,103.348828115499,101.57345990318456,102.48002624511719,12939086
2019-04-05,102.40447307118933,103.08439486139082,101.53567130858183,101.8378677368164,7742848
2019-04-08,101.91342266711975,103.34882996788929,101.64901372344248,102.40448760986328,13409083
2019-04-09,102.36669176301561,103.08438951044376,102.02673088556169,102.66887664794922,7506763
2019-04-10,102.93331777696459,103.49992319592035,101.46014599320293,101.6867904663086,9502300
2019-04-11,101.95117606136357,103.04661064826004,101.53566321044032,102.70664978027344,8703097
2019-04-12,102.74442577174175,103.12216263119669,102.14004449109103,102.70664978027344,7212573
2019-04-15,102.93329068032217,104.48201405663141,102.29113343017008,103.31102752685547,11013801
2019-04-16,103.80211541211128,104.36872087075297,103.12219347278827,103.91544342041016,7469500
2019-04-18,103.87765932441052,104.14207979555569,102.02675060924436,102.2533950805664,6634192
2019-04-22,102.06452393226381,103.0466307362076,101.49791853262715,102.74444580078125,5541225
2019-04-23,102.7444385050793,102.81999049737925,100.6668855206016,100.96907043457031,8790522
2019-04-24,100.96907240420462,101.57345377154746,99.94918965395337,101.19571685791016,9255095
2019-04-25,101.23349163131732,102.25338589685819,99.94918844599538,100.4024658203125,29354749
2019-04-26,100.81798657706686,102.06452539064895,100.74244610593908,101.30905151367188,4789673
2019-04-30,101.42237085549728,101.83788380512138,99.30704163455198,101.27127838134766,7527996
2019-05-02,100.70465843135909,101.15793578842465,99.79809218961279,100.5535659790039,6401386
2019-05-03,100.55356203811097,103.23548466324742,100.4780100510868,102.32891845703125,9226969
2019-05-06,101.98896026611328,102.44224914500869,101.00684204691657,101.98896026611328,6080575
2019-05-07,102.328934331021,102.89553973875381,100.93131457518335,101.30905151367188,9137799
2019-05-08,101.120184292033,101.23350076393102,98.36269769047531,98.81598663330078,8742473
2019-05-09,98.7782041605712,98.815980157934,95.49189412328703,96.47400665283203,14395488
2019-05-10,97.04060218822647,97.26724662180023,95.37856222137691,95.9451675415039,9724014
2019-05-13,95.86963482327036,95.94518105716791,92.92328559080042,93.33879852294922,11507204
2019-05-14,93.45211077255306,95.56743980902702,92.46999824861065,94.88751220703125,6908544
2019-05-15,95.41634400736991,95.8696271382276,92.9232781419411,93.64097595214844,9384447
2019-05-16,94.32090402226737,95.45411473722567,93.11214707907341,95.0008316040039,6519422
2019-05-17,94.24536815202569,95.64299370131809,93.67876273227402,94.81197357177734,10003051
2019-05-20,96.8517392151944,98.28714635710969,94.88750848064029,97.64498901367188,12330905
2019-05-21,97.98496027722238,98.02273627687939,96.51178851153249,97.15394592285156,8095621
2019-05-22,97.15393477336148,98.55155437934505,96.24736275990755,97.90940856933594,9540723
2019-05-23,98.66489490876053,100.81798858444533,97.72055254373647,98.0982894897461,11017547
2019-05-24,98.58932934458447,98.96706623862504,97.11615776334935,97.5694351196289,9371443
2019-05-27,100.02473087176776,103.19773019225788,98.32491474762628,100.62911224365234,19948676
2019-05-28,101.19571741159317,101.80009878224281,99.49590129092492,100.17583465576172,15628186
2019-05-29,99.72255113909371,100.66689347942604,98.36269586349188,98.89152526855469,5397986
2019-05-30,99.00482818817754,102.4422357418199,99.00482818817754,102.06449890136719,30257040
2019-05-31,102.17784074278755,102.78222214327741,99.94919513562157,100.6668930053711,11325445
2019-06-03,101.53567268312021,101.83786911544577,100.25136954667835,100.5535659790039,7302092
2019-06-04,100.59133386267041,103.00885929291829,100.59133386267041,102.02674102783203,10439893
2019-06-06,102.10228001402847,103.49991116267277,100.32692349094603,103.15995025634766,12191883
2019-06-07,103.49991080692635,103.87764770768156,101.61122630315032,102.10227966308594,9310029
2019-06-10,102.14005271654007,103.57545981463217,101.49790692032245,101.98896026611328,7295669
2019-06-11,102.29116242239093,103.23550480637762,101.0446350865753,102.21562194824219,4554162
2019-06-12,101.98897160752486,102.51780100663319,100.70466834465707,101.53568267822266,3660802
2019-06-13,101.61124429718285,102.63113872087813,100.70467788035229,101.9134292602539,5113806
2019-06-14,101.9511864690887,102.36669936242974,100.02472598368227,100.28914642333984,4761596
2019-06-17,100.81797370177628,101.12017013054404,99.26925014623481,99.91140747070312,3655275
2019-06-18,100.17583849122997,100.74244388647988,99.6469975669037,100.02473449707031,5172138
2019-06-19,100.10026166586321,102.17781426647548,100.10026166586321,101.72452545166016,5278372
2019-06-20,101.68679333517053,102.17784676773945,100.93131942191553,101.64901733398438,6963441
2019-06-21,101.87566181348429,102.1400707665533,101.27128037735687,101.64901733398438,9456244
2019-06-24,101.76231218935828,102.74443037345097,101.04461442977255,102.44224548339844,5918107
2019-06-25,102.706675040459,105.53970218313965,102.10229361116374,104.5953598022461,18761799
2019-06-26,105.38860237121904,107.20173500526882,105.23750990631758,105.80411529541016,24643824
2019-06-27,106.55960265914857,107.27730060414574,105.04865476331553,105.87966918945312,38789825
2019-06-28,105.8418972556738,107.16397657136329,105.38860830781925,106.78623962402344,10648757
2019-07-01,107.42836674243888,110.18585289265796,104.7464325795301,107.69278717041016,31289422
2019-07-02,108.03274822271662,109.090406880984,107.69278733453173,107.9949722290039,8847109
2019-07-03,108.6749228526973,109.09042426691201,107.76834496956832,108.22163391113281,6947927
2019-07-04,109.1281926424507,109.1281926424507,107.54170451304758,108.37271881103516,5792826
2019-07-05,107.88167250909903,108.63714639007645,102.29115887329615,103.12218475341797,21459265
2019-07-08,103.19772514115715,103.19772514115715,97.1161587780397,97.90940856933594,20404790
2019-07-09,97.04062475531109,99.722559533127,96.39847306259436,97.87165069580078,19374808
2019-07-10,97.45613574161675,98.96708358257204,97.19171525840268,97.49391174316406,9141198
2019-07-11,98.40046081958218,98.89151417039967,97.1539336812823,97.41834259033203,6669919
2019-07-12,98.0982609929621,100.06248562505006,95.52964358969002,96.5495376586914,21467991
2019-07-15,96.7006406783465,97.41833844035817,96.17181135515973,96.6628646850586,5852788
2019-07-16,97.30503423362246,99.26925932802374,96.70065284780048,98.9292984008789,11313969
2019-07-17,99.4203618439839,99.83586323342696,97.22948079386175,97.53167724609375,10958942
2019-07-18,98.28715350427689,98.92929936679435,95.49189677231828,95.98295593261719,18049102
2019-07-19,96.66286816356201,98.96706550566736,95.22747258788462,98.13603973388672,33840376
2019-07-22,98.58933930204425,100.2136034994222,96.43623994131296,98.853759765625,15870663
2019-07-23,99.30702260053603,100.81797010766512,98.58932484017265,100.51578521728516,9840729
2019-07-24,100.893525531401,100.893525531401,98.74042064934223,99.60922241210938,10421947
2019-07-25,99.72253629651372,100.36469360340838,97.00282615010836,98.02272033691406,29337351
2019-07-26,98.51377430024188,98.51377430024188,96.889510317275,97.30502319335938,11411885
2019-07-29,96.70065097372768,97.30503234783666,95.75630867906237,96.17182159423828,22168687
2019-07-30,95.68075296063412,97.19169471846706,95.26524008666009,96.09626007080078,16228044
2019-07-31,95.3407813077318,96.2095772398533,94.81195200842676,95.6052017211914,14557889
2019-08-01,95.49188724797479,96.51177570145171,94.54754501997624,95.83184814453125,11138203
2019-08-02,95.34079273689503,95.86962786340229,92.50776594284535,92.99882507324219,21851409
2019-08-05,92.46999510977666,93.2632391486723,90.99681772815723,91.4123306274414,8713907
2019-08-06,90.65686953846523,94.3586928640476,90.4680010602601,93.18770599365234,13232442
2019-08-07,92.92327594598599,94.39644752741151,92.2433483838636,92.96105194091797,13132981
2019-08-08,93.03660430642825,94.54755198249266,92.31890070201287,94.16981506347656,8227791
2019-08-09,94.13202448963945,95.68074792330772,93.03658989964477,93.60319519042969,10566552
2019-08-13,94.83686472591978,94.83686472591978,88.47585550649833,90.32633209228516,25954194
2019-08-14,90.40341903275754,91.7527237944405,89.86369948108513,90.67327880859375,8641527
2019-08-16,90.51907045256667,91.98403101258084,89.90224309598122,90.82748413085938,10992249
2019-08-19,91.25155906674439,92.87072372472481,90.67328555442978,91.67562866210938,9653434
2019-08-20,91.7527233284575,92.71651243905055,90.48052052597431,90.9431381225586,7758935
2019-08-21,90.98171164914052,92.21536080008586,90.55764199607971,90.90460968017578,12842739
2019-08-22,90.98168932015079,91.29010300282114,87.78190839213667,88.47583770751953,16991585
2019-08-23,88.66860820271295,91.7141797836312,87.97467878810424,91.36721801757812,9284204
2019-08-26,91.75272405284612,92.98637294764451,90.7503810169151,92.56230926513672,11965007
2019-08-27,92.63941630165164,96.68733082022877,92.63941630165164,94.99105834960938,22238086
2019-08-28,95.45368643740338,96.14760996787922,92.09969525509156,92.44666290283203,11905383
2019-08-29,91.55998529404746,95.72355632813004,90.9046097337065,94.91397094726562,38336134
2019-08-30,94.75974089655767,95.33801432853524,89.13121047230872,93.79595184326172,18833819
2019-09-03,94.02726898062437,94.02726898062437,90.32632210093014,90.71183776855469,7635093
2019-09-04,90.98170018299051,92.44666093870863,89.94080902688897,92.09969329833984,7299231
2019-09-05,92.40810340065434,99.96420687871345,92.40810340065434,95.1838150024414,19432303
2019-09-06,95.18379644148315,98.5377867672167,95.06814647094149,97.92095947265625,11891983
2019-09-09,98.15227535405535,98.6534409343912,96.53310510758129,97.41979217529297,5303272
2019-09-11,97.53546323354942,98.34504848295526,95.49222903278886,95.99340057373047,5473674
2019-09-12,95.60788793895387,96.18616145471367,93.75741151202202,94.25858306884766,8444053
2019-09-13,94.33566676175265,95.83918114110703,93.48753361269443,95.64642333984375,7509999
2019-09-16,95.10672690643094,95.72355441116581,93.95017974693036,95.02962493896484,5593727
2019-09-17,94.72120601582867,94.95251778810285,92.9478373309033,93.21769714355469,5663425
2019-09-18,93.71886986747518,94.7212071670053,92.25390901777428,94.45134735107422,8627190
2019-09-19,94.79829996875495,94.79829996875495,92.60086184784177,93.83451080322266,6031946
2019-09-20,93.33335277634815,96.68733817020332,91.36722036486267,92.40811157226562,34008081
2019-09-23,93.37190018164343,93.75741587676376,87.93613240994837,89.47819519042969,33355557
2019-09-24,89.67094315903722,90.0564588116857,88.16742858420695,88.78425598144531,20864605
2019-09-25,89.13120959273259,91.44430329781649,88.7071459429681,90.13355255126953,18851203
2019-09-26,90.40341275147708,91.5214056947634,89.40106978801234,89.86369323730469,21458595
2019-09-27,90.90460495705612,91.82984030156699,89.67095587020734,90.24922943115234,9325734
2019-09-30,90.287762456416,91.13589569491315,89.24687139632853,90.59617614746094,12045142
2019-10-01,90.98170692201488,91.67563637164946,89.63240194647652,90.24922943115234,9718865
2019-10-03,90.63474895842712,90.63474895842712,88.36020266000985,90.0179214477539,10477900
2019-10-04,90.44198678058827,92.9092849405307,89.82515929935126,90.51908874511719,20289650
2019-10-07,90.55763968171988,90.94315539919421,88.43730323561104,89.40109252929688,14111765
2019-10-09,89.43962282615938,90.98168528867936,88.97700526390368,90.40341186523438,8413122
2019-10-10,90.36485795067078,90.59616967304937,89.70948258060008,90.40341186523438,6885340
2019-10-11,90.36487052768463,91.25155774354334,89.36253331704188,89.97935485839844,9176578
2019-10-14,89.8637051732139,91.09735414267946,89.59383949778199,90.7889404296875,12146203
2019-10-15,90.21068055156815,92.36957098614542,90.21068055156815,92.0611572265625,7630007
2019-10-16,91.59853389603056,92.36956530632543,90.13357303996976,90.51908874511719,10206387
2019-10-17,90.75039195237244,91.9069390335794,90.17211841176895,91.52142333984375,10163035
2019-10-18,91.59852303833412,93.68030524636357,91.29010933427365,93.33334350585938,16961782
2019-10-22,93.79597069173741,93.79597069173741,92.48521378635495,93.21769714355469,12091476
2019-10-23,92.71651609773843,93.83450915714273,92.71651609773843,93.33334350585938,6580501
2019-10-24,94.06582974364599,94.06582974364599,91.9069394948891,92.67797088623047,8009018
2019-10-25,93.17914057391566,93.17914057391566,91.13590625187437,91.36721801757812,8505881
2019-10-27,91.75272227450483,91.82982422596623,91.4057605516776,91.59851837158203,312098
2019-10-29,91.52142172469333,92.79362466806995,90.67328838994308,92.44666290283203,8581053
2019-10-30,93.29480239836126,93.87307596694615,91.94549740499653,93.2562484741211,12119474
2019-10-31,93.68031525231262,95.76209768269624,93.1405956244362,94.3742446899414,16511583
2019-11-01,94.836860185788,94.99106410951181,93.37189938040132,93.68031311035156,4170369
2019-11-04,93.79597119497438,94.52844867360132,92.44666624197538,92.94783782958984,7894331
2019-11-05,92.6779525997892,93.68029556376007,92.17678700030527,92.98636627197266,6156847
2019-11-06,92.60086326898484,93.87306616351236,92.48520739084555,93.02493286132812,5317553
2019-11-07,93.41044488561009,93.44899292181627,91.82982833860451,92.17679595947266,6794239
2019-11-08,91.82983978961732,92.02259764219104,90.21067500449868,90.51908874511719,9771715
2019-11-11,91.71417330721114,93.87306335965373,90.78893807473698,91.17445373535156,22943443
2019-11-13,90.9045913696782,91.94548244729816,90.63473159140666,91.21300506591797,12220298
2019-11-14,91.36720780127612,91.86837931592696,90.63473042928774,91.40576171875,5208393
2019-11-15,91.4057709555098,91.63707683622131,90.17211606170507,90.48052978515625,4650424
2019-11-18,90.24921699954191,90.8660385167492,90.0564591724455,90.55762481689453,4727251
2019-11-19,90.78894350860743,91.21301311366561,90.05646606260055,90.48052978515625,7577320
2019-11-20,90.44198728480069,90.67329317967697,89.478198016559,90.24922943115234,10033434
2019-11-21,90.51908227186712,90.51908227186712,88.51440192496084,88.89991760253906,15099980
2019-11-22,90.17210285854924,91.90692318113143,90.17210285854924,90.82748413085938,13934099
2019-11-25,90.98169778643549,91.29011149780521,90.28776840647916,91.05879974365234,10863475
2019-11-26,91.05879657482633,91.67562397610033,89.59383590867714,89.94080352783203,14426269
2019-11-27,90.05646485553203,90.44198053405313,89.01556781752309,89.24687957763672,5455521
2019-11-28,89.55529955481684,89.63240151940825,88.7071661793058,89.09268188476562,10014250
2019-11-29,89.43964335743986,90.67329243414537,89.05412765331296,89.70950317382812,7014266
2019-12-02,89.2468793593585,89.67094895769551,88.74570780200634,88.89991760253906,6609154
2019-12-03,88.74571137696017,89.28543687681295,88.20599175961004,88.32164764404297,6614178
2019-12-04,88.70716978683849,88.89992764740745,87.89758441944761,88.51441192626953,4444594
2019-12-05,88.4758649516911,88.86138070311458,87.7819354226281,87.97469329833984,2537275
2019-12-06,88.43729254480007,88.43729254480007,86.50971419044521,86.85668182373047,3836996
2019-12-09,87.28075650302011,87.28075650302011,85.9700054103037,86.8952407836914,7866941
2019-12-10,86.74103996970437,87.24221159936332,84.58214951079043,84.81346130371094,18958648
2019-12-11,85.19897025454361,87.74337624410576,84.89055651603566,87.12654876708984,8746687
2019-12-12,87.55062896995645,88.6300683613886,87.28076323959492,88.24455261230469,3850652
2019-12-13,88.70716687223353,89.55530025436968,88.28309723991401,89.16978454589844,4293299
2019-12-16,89.59383983939044,89.67094767980916,88.36019086522114,88.63005065917969,3659151
2019-12-17,88.63005833221158,89.40108974313122,87.58916710397062,89.09268188476562,6241009
2019-12-18,88.66859715186652,89.63238625134333,87.74336196936952,88.01322174072266,8626400
2019-12-19,87.89757278897076,88.20598650157287,87.01088557117805,87.93612670898438,5995825
2019-12-20,87.93613591809427,88.9770271599442,87.74337806284417,88.43730163574219,5813877
2019-12-23,88.05178523213634,88.97702645955543,87.74337737216617,88.36019897460938,13980109
2019-12-24,88.28308773128424,89.28543081835213,88.28308773128424,88.82280731201172,7929835
2019-12-26,88.78426527192146,91.21301531425416,87.89757800154568,89.74805450439453,12763347
2019-12-27,89.6709603392276,90.36488394094309,89.24689068706535,90.09502410888672,4474934
2019-12-30,90.09499907944935,90.7118264235048,89.70948346004006,89.86369323730469,4193724
2019-12-31,89.86369684987787,92.29244064379206,89.70948706641391,91.79127502441406,12438719
2020-01-01,91.79129350763641,94.06583385859301,91.17446601457888,93.7188720703125,9953746
2020-01-02,93.68029713914676,94.18146862956021,92.9863678356898,93.60319519042969,8731299
2020-01-03,93.29477033924053,93.5646300686803,91.82980995906632,92.02256774902344,7392962
2020-01-06,91.75273062058419,91.86838649954758,89.82515224620217,91.67562866210938,6596841
2020-01-07,91.94549465436091,93.71886923130357,91.94549465436091,92.94783782958984,8959942
2020-01-08,92.29245638307248,93.10204170744264,90.63474357627135,92.48521423339844,6372683
2020-01-09,92.90925475932632,93.44897421820586,91.675606080101,92.02256774902344,8309627
2020-01-10,92.48520026227699,93.91161284521274,91.7912768119321,92.75506591796875,5588344
2020-01-13,92.83217104022282,94.06581996157918,92.60085929387384,93.87306213378906,3534313
2020-01-14,93.87306906819826,95.60788964646066,93.56465534445113,95.22237396240234,8631692
2020-01-15,94.83685779332035,96.37892052166703,94.33568623010719,95.49223327636719,6537916
2020-01-16,95.14528430085747,95.14528430085747,93.25625367528845,93.64176940917969,8806007
2020-01-17,93.64177827092936,93.83453615611654,92.98640263779372,93.44902038574219,6811534
2020-01-20,93.29478986873184,93.87306335965373,90.82749199379928,91.17445373535156,10655638
2020-01-21,91.29012136795507,92.17680867807198,90.17212227867623,90.32633209228516,5150830
2020-01-22,88.63005280449345,89.24688024775973,85.96999695572536,86.4711685180664,19388739
2020-01-23,86.81814021963957,88.24454722771142,86.58683431380538,87.51206970214844,22793170
2020-01-24,87.89756425845077,89.67093852192897,87.55060254201021,88.47583770751953,9898052
2020-01-27,88.66860189644562,88.89991364569808,86.81812554993242,87.24219512939453,5597365
2020-01-28,87.70480131981373,87.70480131981373,85.50736351819118,86.39405059814453,12128081
2020-01-29,86.43261315152981,88.59150328435666,86.16275335555204,87.28074645996094,18501507
2020-01-30,87.47351387746976,88.51441101988587,86.39407457533942,87.62772369384766,18545239
2020-01-31,87.70481654128476,88.86136357259839,85.96999599431429,87.0108871459961,64518347
2020-02-03,84.38938286519755,86.08565544431117,82.65456224627616,85.00621032714844,14889516
2020-02-04,85.08331157336215,86.58682629327814,85.0062096118927,86.35551452636719,9743806
2020-02-05,85.81579345056764,86.81813069758759,85.19896600432268,85.73868560791016,10671590
2020-02-06,85.19896745681763,86.74103021621704,85.19896745681763,86.35551452636719,11852617
2020-02-07,86.66392012593012,89.6323894828399,86.58681817169261,89.13121795654297,18446803
2020-02-10,89.28544439272626,89.36254636133766,86.39407645102533,87.51206970214844,31637511
2020-02-11,88.28310137079033,90.63474965550262,87.97468761308171,90.09502410888672,20937033
2020-02-12,90.21066906783562,91.675629827489,89.74805142860363,90.05646514892578,13679292
2020-02-13,90.0564588116857,90.28776467377358,88.43728836456047,88.78425598144531,20903696
2020-02-14,88.51441151087444,89.05413116493342,86.27841916226728,86.8952407836914,23827224
2020-02-17,87.20365376681433,87.70482537402363,84.19663000606148,85.04476928710938,22137354
2020-02-18,84.50503540039062,85.50737851570872,80.03305706724638,84.50503540039062,34458578
2020-02-19,86.58680840324301,87.70480131981373,85.12184790799421,86.39405059814453,17935374
2020-02-20,86.12419174208763,86.66391716833503,85.54591828128802,85.85433197021484,19663654
2020-02-24,85.39173104707427,85.39173104707427,83.92677015057872,84.58214569091797,11370193
2020-02-25,85.50736844149125,86.70246337241164,84.54357936050623,84.89054107666016,10775289
2020-02-26,84.8134515108614,86.00855249878819,83.46414660046132,84.11952209472656,14998071
2020-02-27,84.19663604001381,85.04477538184362,82.23050927737127,84.08098602294922,22610691
2020-02-28,82.2304909320605,84.96764857116908,81.2281478694279,82.15338897705078,25696761
2020-03-02,84.31227142771004,84.81344294890854,79.18491210929837,80.11015319824219,15614944
2020-03-03,80.68844080490636,84.77490387865875,80.41858097930528,83.96532440185547,17194661
2020-03-04,83.77255934966367,85.58448188882753,82.88587209954018,83.23283386230469,17095867
2020-03-05,83.34848904163935,84.54359000553873,82.5389096411774,83.15573120117188,11579256
2020-03-06,80.76553798912381,82.65456253897099,79.33913109612669,81.0739517211914,13533444
2020-03-09,80.187252179067,80.49566586394837,76.75616537632878,79.33911895751953,47383195
2020-03-11,79.41622665927295,80.80408540049413,78.25967966908937,79.45478057861328,28434577
2020-03-12,76.33209206411149,77.10312329708232,71.89866247452926,72.74679565429688,47225243
2020-03-13,69.39282704657238,77.68141472157963,62.64630219482228,75.5996322631836,49533058
2020-03-16,74.01899584735767,74.01899584735767,68.04350399509703,70.00963592529297,34649740
2020-03-17,70.16384839483511,73.94190294644201,66.57855166848874,67.9278564453125,21241388
2020-03-18,68.62178729570888,69.66267839841302,57.750246889405986,62.10657501220703,88654467
2020-03-19,60.564522471379064,65.49911902263462,57.86591240881608,60.41031265258789,33846928
2020-03-20,60.525957547701324,63.49442690061048,58.86823906256961,62.64629364013672,58499591
2020-03-23,57.75025223250758,61.68251114126253,56.43949534125415,58.90679931640625,37653540
2020-03-24,60.21754744846723,61.374094477115776,57.865905353049946,59.79348373413086,13742927
2020-03-25,60.1404438527276,62.06802218134066,58.05866161082638,61.451194763183594,16472741
2020-03-26,63.6237271770714,63.77890463159832,59.27869333427266,61.80036544799805,39959613
2020-03-27,64.0116705377418,65.48587989162988,62.265897704894286,64.39962005615234,39345541
2020-03-30,61.99431407925622,64.78754852014944,61.45118137820274,63.429725646972656,17043895
2020-03-31,64.20563737975775,65.79623257696088,62.9642002578534,65.3306884765625,28293281
2020-04-01,65.40828146184522,65.44707285614366,62.53745190000534,62.84781265258789,14355207
2020-04-03,63.66250647746636,63.7012978702959,61.17962647046367,61.72275924682617,18310156
2020-04-07,63.31335423208135,63.6625123174091,62.14950578693412,63.27456283569336,47686619
2020-04-08,63.274571051840944,67.34804113879277,62.30469722161432,66.10659790039062,38072700
2020-04-09,68.55067668472226,68.55067668472226,66.1841882444361,67.58080291748047,9322342
2020-04-13,67.58080145246032,69.17139676411173,65.7574399935006,68.783447265625,33266662
2020-04-15,69.01620366245518,73.08967282107386,68.8222289406162,69.75331115722656,24127975
2020-04-16,67.69716736461054,74.71905356799259,67.50319267302139,73.78797149658203,20876392
2020-04-17,78.36579479597002,78.36579479597002,73.71040104571438,74.09835052490234,16969641
2020-04-20,75.26220276893788,77.04677283131493,72.4689675614413,76.73641204833984,17639066
2020-04-21,74.87424311782372,76.34845219733558,74.13714153788719,75.49496459960938,15085097
2020-04-22,75.494963684245,76.54242599237405,73.63280518110518,75.72772979736328,10342633
2020-04-23,75.61135033585919,75.80532507342643,73.36124811579042,73.8655776977539,14078729
2020-04-24,73.51643376864719,74.757871044137,71.34391409681011,72.4689712524414,10148964
2020-04-27,73.24486156187491,73.24486156187491,71.3051142001708,71.65426635742188,22675928
2020-04-28,71.49910646746336,72.08103081865872,68.78345949521841,70.10248565673828,19815445
2020-04-29,70.95594995147209,71.6542601248738,69.63692422809895,69.98607635498047,21550996
2020-04-30,70.87836919430869,75.26219952587789,70.14126754618933,73.74919891357422,15151435
2020-05-04,70.6456082619367,72.66294453352342,70.21886143233732,70.95596313476562,10305663
2020-05-05,71.5378829402618,73.67160511593775,70.87836999716257,71.8482437133789,10628539
2020-05-06,72.11979991964166,74.05954715706763,71.53787574841388,73.47762298583984,10232281
2020-05-07,73.01209384028962,73.24486590535335,69.94729519490782,70.18006134033203,8449705
2020-05-08,70.60679994780442,71.73185098571061,66.53333072004648,67.50320434570312,28174665
2020-05-11,68.43427570433184,69.40414925977666,66.61091460402324,67.23163604736328,12243824
2020-05-12,67.11526395831628,72.35258224408085,66.45575098774052,71.11114501953125,18124894
2020-05-13,73.67160629054331,76.42605005636979,71.88704217603613,72.19740295410156,19037031
2020-05-14,72.39137294612618,72.54655036514787,67.89115675882822,69.32656860351562,39115884
2020-05-15,69.83090456572032,71.22752502489038,69.21018304616938,70.49041748046875,16925981
2020-05-18,70.21886187972659,70.21886187972659,68.16272827611603,68.97742462158203,11368562
2020-05-19,69.52054237417366,71.30511226640017,68.43428269715052,70.64559936523438,12262118
2020-05-20,69.7533122138065,72.4689583606872,69.287774058269,72.08100891113281,10126022
2020-05-21,71.49907304800549,71.88702243413722,69.67571211711392,70.02486419677734,20143324
2020-05-22,69.753310520948,70.76197551352661,68.55066488866115,70.56800079345703,9392095
2020-05-26,69.94728171085796,72.46895294449659,69.94728171085796,72.1585922241211,12350762
2020-05-27,72.1585972322457,73.86557243332503,70.72318546047825,73.47762298583984,11684730
2020-05-28,73.90438022527842,74.87425398151566,73.32245597153606,74.25353240966797,12156645
2020-05-29,73.47761701930585,76.69759835589159,73.16726222223018,75.92169952392578,19891080
2020-06-01,76.34845207007139,77.31832568397057,75.3785784561722,75.96050262451172,10106253
2020-06-02,76.62001991764828,76.77519733696762,74.52509515864163,75.06822204589844,18170659
2020-06-03,75.84411698335502,75.88291429595905,73.244856869132,73.47762298583984,23102350
2020-06-04,73.0508984175489,74.09836097515446,71.96463853869714,73.82679748535156,12827335
2020-06-05,73.71039121230811,76.1932651800252,73.05087836959936,75.9992904663086,11744302
2020-06-08,76.7752062540796,77.74508003656996,75.8441297907448,76.46485137939453,14168383
2020-06-09,76.81399248084243,77.35711935275039,75.41737206788063,76.03809356689453,14232434
2020-06-10,76.15448760986328,77.70628560122212,75.45617732982389,76.15448760986328,12104423
2020-06-11,76.15448538084951,77.35712523716805,75.10702295126903,76.07689666748047,10258905
2020-06-12,73.32245726023487,75.99930650664152,73.1672798243654,75.18461608886719,10925477
2020-06-15,75.02942022121073,75.22339494351958,71.84823595927321,72.31377410888672,10980359
2020-06-16,73.6716192327677,73.78800528494322,71.57669397217013,72.0034408569336,8757035
2020-06-17,72.11981754007753,72.23620358668649,70.49043064647293,70.99476623535156,17081311
2020-06-18,71.22753784947994,73.16728554778125,69.75332841484291,71.92584228515625,16520026
2020-06-19,72.19738953403242,72.97328837515201,71.69305410337702,72.1585922241211,13836691
2020-06-22,73.01209392779988,74.3699171631402,72.43016968408261,73.94317626953125,18868376
2020-06-23,73.78799120924394,78.48218236762219,73.71040249580781,78.17182159423828,20331626
2020-06-24,79.14168425895194,80.53830458431828,75.06821521621177,75.30098724365234,24055051
2020-06-25,75.3009884055869,76.46483672147147,73.2060578852115,74.56388092041016,69278017
2020-06-26,74.7966612080399,75.57256017094562,74.13714827349789,75.26219940185547,15572219
2020-06-29,75.76652678987168,76.07688752569268,73.28364682294234,73.63280487060547,18130595
2020-06-30,75.26219974391357,75.84412396873765,73.86557923648006,74.33112335205078,18496305
2020-07-01,73.47762550825705,73.47762550825705,71.61547283211323,72.62413787841797,21639137
2020-07-02,73.32245900936316,73.32245900936316,72.27499649315737,72.4689712524414,14333457
2020-07-03,72.62414606774618,73.98196933366957,71.9646330939399,73.32245635986328,15274841
2020-07-06,74.40871051472574,74.79665998986025,73.5940142490876,73.8655776977539,11830916
2020-07-07,74.02075900576747,74.05955040043156,71.57667619564685,71.8094482421875,18786009
2020-07-08,72.04221575631271,72.04221575631271,70.49041786853155,70.60680389404297,26256635
2020-07-09,70.83957277604323,71.38269964461409,70.45162332145294,70.76197814941406,11910945
2020-07-10,70.76197377695252,70.83956839878704,69.63692279601439,70.1412582397461,12213053
2020-07-13,70.64559606161365,72.04221050707109,69.44295041835645,69.75331115722656,17508551
2020-07-14,69.67571379691432,69.75330249208368,67.81355551465998,68.00753021240234,14240946
2020-07-15,68.51188399050366,69.6369351713776,68.08513717312964,68.31790924072266,11582839
2020-07-16,68.43428574059621,68.58946908400891,66.61092437288163,67.30923461914062,10152592
2020-07-17,67.65837786076378,68.78343475350441,67.5032004574526,68.51187133789062,12238969
2020-07-20,68.9774138431197,68.9774138431197,67.50320473959165,67.61959075927734,12349129
2020-07-21,68.27909577813392,68.78343119224095,67.34801956719646,68.5506591796875,20118152
2020-07-22,68.86104822478299,71.84825871032433,68.82225090018039,70.10248565673828,31321718
2020-07-23,70.52920807237341,71.07233491047961,70.02487262576705,70.25764465332031,11161294
2020-07-24,70.06366657482457,70.21884397265468,68.70584362507711,69.3653564453125,11352904
2020-07-27,69.48173909917195,69.52053048693763,67.69716951208696,68.00753021240234,10071266
2020-07-28,68.20152838101693,68.89983871713356,67.42562932302957,68.70586395263672,13888285
2020-07-29,68.66706365771084,69.55934871967685,68.20152542701024,68.39550018310547,10732504
2020-07-30,68.70586251823256,69.05501471918146,66.80490631406666,67.19285583496094,10668042
2020-07-31,67.42561563957835,67.96874250209055,66.96007748319093,67.50320434570312,7906179
2020-08-03,67.6583912720098,67.6583912720098,65.95141581867638,66.41695404052734,14158505
2020-08-04,67.1152643331236,67.50321383793936,66.22297928811948,66.41695404052734,19621505
2020-08-05,66.64971160888672,67.19283842959332,66.26176218848532,66.64971160888672,9478990
2020-08-06,67.11525238594587,67.85235394602856,66.4169422176557,66.84368896484375,12208873
2020-08-07,66.8824754566612,67.27042486399598,66.2229626481197,66.5721206665039,10339288
2020-08-10,67.34802667465753,68.82222984427972,66.8436912073263,68.43428039550781,12215464
2020-08-11,69.05500771844017,69.52054591238942,68.12393133054164,68.47308349609375,11180265
2020-08-12,68.2791082054614,69.17139318980153,67.54200656428088,68.82223510742188,14803880
2020-08-13,69.90197559401732,69.98195374934244,69.18215999220709,69.7820053100586,13723113
2020-08-14,69.8619735715403,71.86145768121197,69.3421064826374,70.7017593383789,25402282
2020-08-17,71.50153171050562,77.18006367221881,71.50153171050562,76.2203140258789,115111358
2020-08-18,76.94014352025195,78.21981818909839,75.220592125129,76.0203857421875,52023697
2020-08-19,76.78020565107188,77.18010255550455,75.38056648555755,75.70048522949219,21840924
2020-08-20,75.66047251596787,81.49896817318606,75.38054597940335,80.859130859375,112338263
2020-08-21,82.13879948717423,86.25773770784424,81.2590277560459,84.73812866210938,107862545
2020-08-24,85.65789499653965,86.37771047085162,82.97858760510051,84.29824829101562,49154455
2020-08-25,84.77811325225791,85.89782540239278,82.53868895198818,83.01856994628906,50940674
2020-08-26,83.65839750333603,83.65839750333603,81.25901704280858,82.2187728881836,30828711
2020-08-27,82.53870524833701,83.09856448491259,81.57895527412393,82.05883026123047,19363725
2020-08-28,82.4987161651809,83.37848795923057,80.9791070107635,81.21904754638672,21358972
2020-08-31,82.05881511072637,82.13879324348753,76.38028225751881,77.10009765625,40298594
2020-09-01,77.97987686096447,80.89912475358364,77.18008325213405,79.81940460205078,44304572
2020-09-02,79.81940926169447,80.37926237978209,78.61971877841415,79.13957977294922,20904846
2020-09-03,79.17955792303667,79.73941094232244,77.49999276323909,78.13982391357422,19004282
2020-09-04,76.82017418997332,77.93988029695673,75.18059494455517,75.74044799804688,27339411
2020-09-07,75.82043040851774,76.78018022049775,73.62099816261805,73.90092468261719,28474893
2020-09-08,74.58074361051895,74.58074361051895,72.22135523466197,72.50128173828125,31186005
2020-09-09,72.06139008576518,72.98115379230273,70.78172176020594,72.30133056640625,28307198
2020-09-10,72.78121509162435,73.18111187784206,71.38157633986233,72.42131042480469,27263673
2020-09-11,72.14137186807993,72.7012309839691,71.54152673801738,72.06139373779297,18190992
2020-09-14,72.30134257462127,73.54101899198616,71.78147551484977,72.66124725341797,22533738
2020-09-15,72.70122691488272,74.18084359916818,72.42130042357573,72.8611831665039,26866105
2020-09-16,73.26109507210055,73.26109507210055,71.42157338967654,71.70149993896484,20778500
2020-09-17,71.22162920064723,71.54154178909907,70.6217839443878,70.9017105102539,21804215
2020-09-18,71.22162006615153,72.86119322847975,70.94168743424657,72.42131042480469,44757908
2020-09-21,72.90118315871737,73.06113942762482,69.86196523395157,70.62177276611328,17714694
2020-09-22,70.62178016979881,71.62152221013038,68.22239927300303,70.14189910888672,25113194
2020-09-23,70.10189951419177,70.50179625289003,67.34260835600983,68.06242370605469,24107408
2020-09-24,67.26263395674174,68.50231635619267,65.70303903015278,66.10293579101562,17724521
2020-09-25,66.66278271588645,68.10241336404441,65.86298926734086,67.8224868774414,15999517
2020-09-28,68.46233213619662,70.58178643362864,68.06243532920722,69.98194122314453,22735756
2020-09-29,70.78173189671942,71.10165054940913,67.70252783120509,68.10242462158203,21328822
2020-09-30,68.46232044475295,68.66226881410206,66.70277723525662,68.06242370605469,18475452
2020-10-01,68.62228115306716,68.62228115306716,67.58254721665045,67.9024658203125,18244405
2020-10-05,67.98245329536554,68.34235796027062,67.02270345432488,67.54256439208984,15677842
2020-10-06,67.54256962073487,67.70253200791852,66.90273837782367,67.3026351928711,13094249
2020-10-07,67.34262961915415,67.38262174642732,65.78303428657148,66.2229232788086,19056844
2020-10-08,66.46285460982236,66.6628030328976,65.86300934059663,66.06295776367188,11961568
2020-10-09,66.26289484434449,66.50283535174015,65.30314501864301,66.30288696289062,18016087
2020-10-12,66.90273784502237,67.62255332676351,65.90299581536556,66.18292236328125,11714109
2020-10-13,66.22290603966253,66.70278093230988,65.9029874105842,66.10293579101562,11503196
2020-10-14,66.22290383880716,66.42285221259348,62.46387075046017,63.26366424560547,47114322
2020-10-15,63.26367488940861,64.38338719138616,62.783799931972844,63.18369674682617,20107413
2020-10-16,63.183692725624375,64.38338309383244,62.74380381650512,64.22342681884766,16578267
2020-10-19,64.7432796368562,66.50282895053151,64.3833750123458,65.30313873291016,21839955
2020-10-20,65.30315828081345,65.54309273499591,64.22343798213784,64.50336456298828,14238188
2020-10-21,65.14319143965201,67.0227114300941,64.50336017013124,65.8230209350586,38563701
2020-10-22,65.82302357280213,68.70227965588029,65.10320802654718,67.7025375366211,34256481
2020-10-23,68.78223700039628,69.26211185210411,67.58254682015681,68.98218536376953,46258872
2020-10-26,69.66201227587379,70.38182764260667,67.42259414840947,68.74224853515625,34724632
2020-10-27,71.0216810440984,72.02142314155506,69.62204210765906,71.54154205322266,95412168
2020-10-28,71.54153501907514,72.50129099943277,69.98193994116274,70.4618148803711,44763206
2020-10-29,69.58204095212022,70.78173131336366,68.78224737795792,69.18214416503906,41912944
2020-10-30,69.5020519337407,70.98166859390169,69.02217708476144,70.06190490722656,40735912
2020-11-02,70.6217739280857,71.66150189697233,70.34184129998101,71.34158325195312,31922062
2020-11-03,73.14111276281918,73.58100162636151,66.42285227848609,68.74224853515625,118128168
2020-11-04,68.90220929809702,69.6620106608477,67.58254884000478,68.06242370605469,47519427
2020-11-05,68.6622734773587,69.58203725921922,68.46232509442991,69.42208099365234,41267817
2020-11-06,69.74199909628878,70.98168161025838,69.50206467877075,69.82198333740234,46143960
2020-11-09,70.90171077201529,71.8614607447971,70.14190311678333,71.54154205322266,42703600
2020-11-10,71.82145254603648,73.38104729574235,71.62150418828242,73.18109893798828,43483223
2020-11-11,73.58101156243346,74.7807019683427,73.34107104047523,74.30082702636719,51801855
2020-11-12,73.90092237732016,74.06087864034693,72.30133533929133,72.62125396728516,33374610
2020-11-13,71.98142265312057,73.8609363575639,71.34158534431653,73.14112091064453,24025139
2020-11-14,72.42131399578379,73.90093095735875,72.2213655928158,72.70124053955078,12521960
2020-11-17,73.38106930397728,73.9009364104428,70.58179145586915,70.94169616699219,55324429
2020-11-18,70.9416853039282,71.62151470163617,70.4618103952653,70.62177276611328,37574681
2020-11-19,70.70175983824787,73.50103761157942,70.38184115805029,71.82147216796875,55196018
2020-11-20,72.18136106981062,73.66097777716944,71.9014345741384,73.4210433959961,47670803
2020-11-23,74.300827704171,75.50051812102433,73.5810122336708,74.90067291259766,54262598
2020-11-24,75.38053812796946,75.82042699813954,74.98064137397493,75.3005599975586,35713773
2020-11-25,75.54049888963755,75.90040965084093,74.260830420998,75.1406021118164,32464332
2020-11-26,75.14060408393715,75.82043350562817,74.70072127795318,75.26057434082031,30825401
2020-11-27,76.58023368022508,77.61996775321326,73.42105154620353,75.74044799804688,216981706
2020-12-01,75.74044564678891,76.9401359544061,74.7407037237746,74.98064422607422,35330973
2020-12-02,75.70046431174468,76.14034712390556,75.02064098244819,75.8204345703125,27650080
2020-12-03,76.66020271707622,79.29952360327349,76.22031997066995,78.81964874267578,43841111
2020-12-04,79.33950961552502,79.81939057806264,77.97986316017486,78.81964874267578,34813873
2020-12-07,79.1795736900846,80.8991313087929,78.93963314721684,79.7794189453125,27049393
2020-12-08,80.41924603134659,80.6591804415613,78.21981371037127,78.53972625732422,30386160
2020-12-09,79.37952200719353,79.89938911478258,78.29980176954946,78.61972045898438,24061383
2020-12-10,78.69968546633652,79.45948688769094,77.18007652168723,77.69994354248047,25985382
2020-12-11,78.29979359506177,82.29876154065286,78.09984519778222,81.89886474609375,63463638
2020-12-14,82.73864526069346,84.25825431706804,82.3787405824204,83.65840911865234,45802433
2020-12-15,84.0583121060559,85.09804630063242,82.25877637832517,84.65815734863281,52215593
2020-12-16,85.5379268681204,85.77786739952491,83.61842702464901,83.89835357666016,25184934
2020-12-17,84.4982005627045,84.4982005627045,83.17853981638322,83.53844451904297,16840984
2020-12-18,83.6184215971381,83.81836999301653,82.25876884400026,82.97858428955078,33596568
2020-12-21,82.9385913874739,83.1385397814668,75.7804413233048,77.97987365722656,34210970
2020-12-22,77.85989648401281,79.81939423224198,77.18007322521501,79.09957885742188,29181188
2020-12-23,79.21954547683053,79.49947197035087,78.21980364144368,78.81964874267578,17602151
2020-12-24,79.41949307505459,81.1790362475255,79.17955259610862,79.9393539428711,23052394
2020-12-28,80.65918257336465,81.21904174921063,79.97935924021102,80.33926391601562,15454893
2020-12-29,80.3792432027394,80.81913204910249,78.33976742696858,78.85963439941406,23647197
2020-12-30,79.17955098972342,79.69941794893278,78.53971379347502,79.25952911376953,30281285
2020-12-31,78.45974597825715,80.17930332991016,78.3797678437027,79.45948791503906,50363279
2021-01-01,79.93937577475697,80.13932419450568,79.01961792546614,79.21956634521484,13493039
2021-01-04,79.77941947973461,79.97936789948332,78.77967738099107,79.21956634521484,22325584
2021-01-05,78.69967452439342,78.69967452439342,77.57996250496477,78.0598373413086,23510160
2021-01-06,78.37975875206962,79.1795522087234,77.7799136595793,78.2597885131836,21952878
2021-01-07,78.45973524774038,78.77965384414514,77.45999344768778,77.57996368408203,24999580
2021-01-08,78.05983617714377,80.3792383038108,77.8598878231542,80.09931182861328,43240591
2021-01-11,80.57919644827794,80.97909320484509,78.93961730557658,79.17955780029297,22036573
2021-01-12,79.17954817987332,80.77913501178995,78.6196952294783,80.09931182861328,24262426
2021-01-13,80.17930923516047,83.45846180892848,80.0993310947156,82.01883697509766,49236964
2021-01-14,82.93858182723284,83.05855207018787,81.3389948596724,81.7388916015625,29301114
2021-01-15,81.9788432212163,82.85861495247045,79.89938110135898,80.33926391601562,24067229
2021-01-18,80.33927132300738,80.69918213393532,77.42002932314875,78.0198745727539,23613664
2021-01-19,78.37978673679737,80.65919768171379,78.01988199357868,79.69944763183594,22934496
2021-01-20,79.65944857222102,79.73942671909438,78.37977991642282,78.61972045898438,25599184
2021-01-21,78.93962288846465,79.29953365599339,76.46026404278747,76.86016082763672,22667011
2021-01-22,77.02012424014198,77.18008051545989,74.30082484615212,75.22058868408203,26029669
2021-01-25,76.02037917079468,76.22032755777526,74.14085945162476,74.54075622558594,18599824
2021-01-27,74.38081072801468,74.46078887400061,72.62126710855864,73.02116394042969,22812859
2021-01-28,72.62125435280987,74.10087115045333,72.26134360617856,73.2610855102539,32227832
2021-01-29,73.58100478829223,74.06087968608867,70.50180091699633,71.14163208007812,36962884
2021-02-01,71.46155471667399,73.90092756156936,70.70175326108533,73.58100891113281,29033297
2021-02-02,74.30081811257226,76.26030976636939,74.30081811257226,75.3005599975586,29279584
2021-02-03,76.0603687442703,78.45974950025322,75.42053753717268,77.53998565673828,31420256
2021-02-04,77.81992740697387,80.13932419450568,77.57998686249883,79.21956634521484,39264443
2021-02-05,80.29928327519353,81.57895188834799,78.4997475717741,79.5794677734375,54911202
2021-02-08,76.94013340656055,80.7391525882118,76.86015527575594,80.21929168701172,53737961
2021-02-09,80.29926466129004,80.93909576857953,79.579449326392,79.9393539428711,28074809
2021-02-10,79.97935287910126,80.37924964349676,78.89963283562147,79.85938262939453,19070866
2021-02-11,80.72519293790101,80.72519293790101,79.36465474128826,80.23045349121094,18452535
2021-02-12,80.64272676134924,80.72518227641535,78.16902356365082,79.11727142333984,21660998
2021-02-15,79.52956538739596,79.7357073467111,78.33394453974954,78.49885559082031,12574055
2021-02-16,79.03481814236326,81.75589425312961,78.74622068599778,80.8076400756836,32865663
2021-02-17,80.6839552268448,82.58046361870454,79.98307387888023,81.92080688476562,28774857
2021-02-18,82.20941019364378,85.96119633921882,82.0857300518176,85.26031494140625,50705280
2021-02-19,85.4664439291464,88.02260255788272,83.61116659186081,85.91995239257812,61069583
2021-02-22,86.00241012295795,87.65154545577823,83.61116263217815,84.14713287353516,30636415
2021-02-23,84.22960515316622,85.87874081435027,82.91029788240964,85.26031494140625,31233104
2021-02-24,86.16734637526125,86.33225744045913,84.18838213811709,85.09540557861328,16153025
2021-02-25,85.42521496450192,90.86736068574936,84.93047558819806,89.05331420898438,68361756
2021-02-26,88.31120267445297,91.48578717854703,86.41470066895837,88.47611999511719,67331805
2021-03-01,90.29016076109069,90.53753358092659,88.35242797554994,89.42436218261719,27205189
2021-03-02,89.4243815023863,93.75336274810812,88.97087295597802,92.80511474609375,53649872
2021-03-03,94.37177311320656,94.57791504337166,92.35158471396946,92.92877960205078,31702057
2021-03-04,91.93931656877217,93.17616836117718,91.11474870716883,91.36212158203125,28057179
2021-03-05,91.52702448130293,92.64018973707412,89.38314949038192,89.6305160522461,24778407
2021-03-08,91.23842322960395,93.42352903568646,90.29016905440369,91.15596771240234,28163362
2021-03-09,91.85685650955516,92.22790951259141,88.59980984231815,90.29017639160156,20611697
2021-03-10,90.99104374619132,91.19718566962672,89.83664771676268,90.41384887695312,13207045
2021-03-12,91.52702242769296,92.43404571608313,89.54805852241714,89.96034240722656,21763020
2021-03-15,90.66122367507484,91.52702234880957,88.8059461950314,91.11473846435547,20350674
2021-03-16,91.15598114446662,91.898087199585,90.12527130018705,90.33141326904297,15360040
2021-03-17,90.45508777540597,90.62000511477608,87.5278757748107,87.85770416259766,18850429
2021-03-18,88.55857626373616,89.25945758240518,85.09538799174103,85.59013366699219,20023557
2021-03-19,84.39450624224264,90.33139769637566,84.10590879378779,89.4655990600586,72249183
2021-03-22,89.7129810646905,91.1559747453848,88.10507004591634,90.57877349853516,31980425
2021-03-23,90.7024520024018,90.86736303511601,89.13577202780615,89.58928680419922,14060206
2021-03-24,89.0533257250516,90.20772194634478,87.0743616729709,87.40419006347656,15196366
2021-03-25,87.40418428587682,87.81646817401776,84.64188349352318,84.93048095703125,22543755
2021-03-26,87.19803485242247,87.19803485242247,85.507668539848,85.91995239257812,17402475
2021-03-30,87.28050473148633,89.63052182067949,86.2497949300022,88.80595397949219,36129962
2021-03-31,88.80595212742443,89.87789281499374,87.48664486722986,87.85770416259766,23063667
2021-04-01,88.64104257831389,89.67175237573615,88.18752775106675,88.97087097167969,13753303
2021-04-05,88.55858122622895,88.88840959789454,85.54890755757896,87.65155792236328,15666099
2021-04-06,88.84718208087287,89.13577955797973,87.23927735773951,87.44541931152344,17393454
2021-04-07,88.14631083783102,88.51736388095216,86.78577252813037,86.95068359375,15692013
2021-04-08,87.40418047223773,87.77523343899354,86.33223989346132,86.5796127319336,11394998
2021-04-09,87.36293938177397,87.36293938177397,84.43572801959711,84.76555633544922,19751417
2021-04-12,83.69363533667389,83.69363533667389,80.84887881944414,81.67344665527344,20221362
2021-04-13,82.12696254685376,83.40504532325359,81.83836503665333,82.95153045654297,19192856
2021-04-15,83.44626747746908,84.93049218741707,81.87959352813407,83.56995391845703,13865351
2021-04-16,84.02345076336334,84.84801847195189,82.86905471314891,84.47695922851562,14654851
2021-04-19,82.45678358292994,82.78661197545233,81.34361826275105,81.67344665527344,11652043
2021-04-20,81.79712679788517,83.19889589336698,80.9313343448364,81.67344665527344,16528675
2021-04-22,80.84887454949501,82.25063727999084,80.0243067572144,81.59098052978516,18614270
2021-04-23,80.80765415356724,84.93049365119822,80.80765415356724,84.55944061279297,29484794
2021-04-26,85.71382157377434,85.71382157377434,83.15766261378813,84.43574523925781,24369413
2021-04-27,84.14713287353516,85.38398437315035,83.85852915752997,84.14713287353516,17763436
2021-04-28,84.80680601763007,85.71382943618606,84.22961101244545,85.42523193359375,15160578
2021-04-29,86.24978645881778,86.57961482108867,84.64188184280724,84.97171020507812,11588556
2021-04-30,84.31204820317886,87.1155796705704,84.1471371778421,84.47695922851562,15321193
2021-05-03,83.61117982510277,86.24979438381136,83.32258234070548,85.96119689941406,12186212
2021-05-04,86.00242686955572,87.44542056675664,85.34277009159686,85.54891204833984,12992684
2021-05-05,86.37347350613851,87.11558575388061,84.76556887849127,85.67259216308594,14956169
2021-05-06,86.57961482108867,86.6620703389182,84.64188184280724,84.97171020507812,13547274
2021-05-07,85.75504335282575,86.99189493964536,85.2190730736801,86.62084197998047,13229291
2021-05-10,87.40419116585511,89.05332684822973,87.0743627711895,88.80595397949219,23980945
2021-05-11,89.0533138313277,93.50598078108457,87.98137327808813,92.92877960205078,45613487
2021-05-12,94.16562115664001,96.26827113682285,92.14543297250496,93.42351531982422,62158914
2021-05-14,93.95949368265323,93.95949368265323,90.82613997099118,91.85684967041016,16227312
2021-05-17,91.6919336618032,92.55773233814023,90.66122394757002,91.98053741455078,12832920
2021-05-18,92.84632009749242,94.16562713565271,92.14543882324652,92.43403625488281,14892142
2021-05-19,93.29985662681078,93.29985662681078,91.48580352116511,92.31037139892578,12610425
2021-05-20,92.35158106998043,92.97000683607403,91.44455787123356,92.14543914794922,10303689
2021-05-21,92.59896646013937,93.2998478319772,91.73316775372301,93.05247497558594,12171685
2021-05-24,92.64018942531193,93.95949662367322,92.39282286428022,93.09370422363281,11341268
2021-05-25,93.91825464135201,94.7015913761917,93.21737341160832,93.42351531982422,15289982
2021-05-26,94.00073753103862,94.00073753103862,91.44457838268356,91.60948944091797,17466748
2021-05-27,92.02177116562292,92.06300207466731,90.12526887769705,90.94983673095703,34169451
2021-05-28,90.94984161633282,91.52703662823748,89.34193044153474,89.836669921875,13383166
2021-05-31,89.83665590616664,91.81561980973687,88.88840800468448,91.11473846435547,14754293
2021-06-01,91.48578878477967,91.89807265724998,90.29016807099684,90.86736297607422,10271211
2021-06-02,90.78490480690694,91.8156144579639,90.74368019543614,91.65070343017578,6492771
2021-06-03,92.02178154974018,92.51652105933393,91.07352715329559,92.18669891357422,12140851
2021-06-04,91.93929722591801,93.17614875810524,91.56824428264272,92.14543914794922,8930671
2021-06-07,92.4752774976542,96.26828801566988,92.3515910728482,95.97969055175781,28407410
2021-06-08,96.88670647564904,97.71127419033542,95.64985490361947,95.81476593017578,43191813
2021-06-09,96.06213973963027,99.77269449352157,95.4849448498504,97.3814468383789,49807823
2021-06-10,98.41216216962106,98.86567695986308,96.72180201434766,97.7112808227539,22144392
2021-06-11,98.0411041963165,98.57707447813847,96.92793902081087,97.95864868164062,13871562
2021-06-14,97.95865868434672,98.04111420744225,95.85600824516821,97.46391296386719,14179055
2021-06-15,97.46393165269625,98.08235763092644,96.96919212830298,97.13410949707031,8148417
2021-06-16,97.13408289351514,99.44286880532704,96.35073976106344,98.78321838378906,21585917
2021-06-17,97.46389535163236,99.4428590030819,96.43318577180989,96.80424499511719,14466025
2021-06-18,96.80426161142317,97.42268746546853,93.09370648715105,93.62967681884766,43927941
2021-06-21,93.38229909993835,97.67004894841092,93.21738806382508,97.29899597167969,34597018
2021-06-22,97.71129014283541,98.04111854074876,96.43320746002877,97.54637908935547,16712010
2021-06-23,97.99986423672274,97.99986423672274,96.43318443885768,96.68055725097656,12590251
2021-06-24,96.6393392453211,97.71127985291562,95.4024876016133,97.29899597167969,14046692
2021-06-25,98.20602140081475,98.20602140081475,95.40248968888261,95.69109344482422,12768348
2021-06-28,96.39197779552018,97.17531469496838,95.64986551180691,95.77355194091797,10709748
2021-06-29,95.85600437249948,97.75251278184193,95.15512301807394,96.96916961669922,33488455
2021-06-30,97.17531131265906,97.67005072093018,95.77354860739878,95.97969055175781,16739618
2021-07-01,96.30951489241639,97.1340826353619,95.40248534241422,96.76302337646484,12479506
2021-07-02,96.92794202469744,98.16479365602433,96.4744272434965,96.88671112060547,17215972
2021-07-05,97.21654437819745,98.20602321672725,96.68057405276338,97.79373931884766,16409169
2021-07-06,97.38145950139872,98.08234089897141,96.5156670541454,97.01040649414062,14979094
2021-07-07,96.51565979799368,97.46390769879703,96.3507424697584,96.8454818725586,14545289
2021-07-08,96.76302635391735,97.87619158295598,96.63933993047911,96.8454818725586,12037089
2021-07-09,96.4744526039097,97.6288490214636,95.8560266256795,97.13410949707031,9585144
2021-07-12,97.29900228752363,97.9174281495206,96.5981209021177,97.1753158569336,7651672
2021-07-13,97.4226832824019,100.59726793866935,97.38145237752131,98.86567687988281,30663035
2021-07-14,98.9069096803131,99.7314775185515,98.78322953734003,99.56656646728516,9539611
2021-07-15,99.56654854952086,99.93760149357297,98.28846611387075,99.19549560546875,11278872
2021-07-16,99.07181518359734,99.6077854725953,97.5463661233359,98.20601654052734,17198632
2021-07-19,98.20601550598975,100.47357676628779,97.71127612556978,100.10252380371094,14364285
2021-07-20,100.5972697265746,100.5972697265746,97.46390962854602,97.67005157470703,11360716
2021-07-22,97.91742205888433,98.70075891897429,97.75251102232417,98.2884750366211,9520328
2021-07-23,98.453393074535,99.03058799761317,97.5463697850038,97.7112808227539,10442400
2021-07-26,97.46391613630911,98.94814076415275,97.34023599311661,98.41217041015625,5370055
2021-07-27,98.37093719971182,98.61830375544187,97.4639076225098,97.9998779296875,5280342
2021-07-28,98.57707043823972,98.57707043823972,95.4849415824725,96.30950927734375,11010096
2021-07-29,97.05163221944491,97.5051470476759,95.03144352849597,96.26829528808594,11897018
2021-07-30,96.4332031977901,98.9069066363751,95.85600824516821,97.46391296386719,14546264
2021-08-02,97.79373872478695,97.91742515159008,96.47443151777718,97.09285736083984,11742555
2021-08-03,97.71128789171331,97.71128789171331,96.06215223109368,97.01040649414062,21122697
2021-08-04,97.34023319470471,97.99988367292956,96.10338147071076,97.1753158569336,9432176
2021-08-05,96.51565619046168,97.1340819935848,95.60862664645238,96.06214141845703,11045322
2021-08-06,96.06215223109368,97.87619894139395,96.02092132319686,97.01040649414062,8434733
2021-08-09,97.71127519939394,98.20601457512443,96.10337065553173,96.22705078125,7816050
2021-08-10,96.39197219937095,96.6393387522788,93.71212698500965,94.28932189941406,9774255
2021-08-11,94.5779270439842,96.7218084224918,94.45424690295383,96.4332046508789,8056886
2021-08-12,96.43320799426681,98.45340301083196,96.06215497640459,98.24726104736328,8640167
2021-08-13,98.49461334731419,98.49461334731419,96.63933594510979,97.50513458251953,9744939
2021-08-16,97.50513852727455,98.4533927182885,97.38145210393311,97.9998779296875,8768804
2021-08-17,98.41214942325944,98.53583583102854,95.81476002391639,96.80424499511719,8758578
2021-08-18,96.80425965815049,98.04111134128455,95.73231901638643,96.10337829589844,9357721
2021-08-20,95.89723450658236,96.47442943124285,93.54721132100775,94.1244125366211,11684504
2021-08-23,95.23757241280944,95.4437143444389,92.5164963989196,93.5059814453125,6271685
2021-08-24,94.16563748840203,95.89723485049923,93.71212898624319,93.9594955444336,11791078
2021-08-25,94.57791203279416,95.03142678110224,93.83580614058424,94.00071716308594,9491958
2021-08-26,94.08318171573455,94.41301008338674,92.3103597441878,92.97001647949219,11668986
2021-08-27,92.92878026217852,94.08317633749398,92.43404088445833,93.5059814453125,8095717
2021-08-30,93.3823025154901,95.23758004891043,93.3823025154901,94.78406524658203,9915170
2021-08-31,95.03143999874192,95.93846333056098,94.57792518735582,95.60863494873047,11386659
2021-09-01,95.64987558599732,96.22707059470373,94.61916571976892,95.15513610839844,7508413
2021-09-02,94.90774532777003,96.2270524495755,94.8252898122108,96.06214141845703,5700524
2021-09-03,96.47444152832031,97.21655387519043,96.0621575901651,96.47444152832031,9364904
2021-09-06,97.01041266306467,97.01041266306467,95.56741886826204,96.02092742919922,7005043
2021-09-07,96.2270424396213,96.39195974453693,95.03142186100462,95.52616119384766,7723357
2021-09-08,96.50093673415279,97.13664778835246,95.27189794941499,96.67046356201172,10508654
2021-09-09,96.58569479320929,97.26378915617633,96.20427075578226,97.09426879882812,5757417
2021-09-13,97.17903649671075,97.89950777136762,96.75522910376111,97.47570037841797,6322443
2021-09-14,97.68758223898041,98.45043666912795,97.30615825729973,98.23853302001953,7369292
2021-09-15,98.32330475402205,105.82469352163962,98.32330475402205,105.27374267578125,48721413
2021-09-16,105.52804017836047,106.54517532830434,104.25661800753686,105.10423278808594,17684303
2021-09-17,105.23137355170759,105.69755778876839,103.02757647316244,104.89232635498047,15763396
2021-09-20,103.832798985533,105.06183769293274,103.2394712923304,104.0023193359375,7431359
2021-09-21,103.66327756429837,106.29088176914632,103.49375074885822,105.18898010253906,8629222
2021-09-22,105.61278817209255,107.64706470394975,105.10422065582496,105.44326782226562,11698183
2021-09-23,105.78232340506001,107.64707326866846,105.6551798991805,106.96897888183594,11053966
2021-09-24,107.22324922435001,107.39276956131035,105.06182936078099,105.31611633300781,8598140
2021-09-27,106.20613655383248,108.32517354439746,105.5280421301366,107.51993560791016,8490460
2021-09-28,108.07086056912567,113.28368514079575,107.94371708686359,111.84274291992188,35900138
2021-09-29,111.37655260634068,122.2684053252037,110.6984712772182,119.21698760986328,75859390
2021-09-30,120.14940234977811,121.37844126858094,117.9032282200204,120.23416900634766,34614825
2021-10-01,119.47128921926061,122.35318695556894,116.71654144792737,118.58129119873047,22452069
2021-10-04,121.59032712315854,126.59126165422141,119.08986632441412,123.37032318115234,58612212
2021-10-05,123.3703216565079,125.3198380450813,122.22603664285698,123.24317169189453,24390676
2021-10-06,124.13316928261676,124.8536469455576,121.03938082461535,121.46318817138672,14421296
2021-10-07,122.22603064859416,123.45506931147173,120.57318465827099,121.03937530517578,10035682
2021-10-08,121.67508779152958,121.97174516424298,118.92034012928194,119.59843444824219,10686586
2021-10-11,120.36130272119632,124.38747305870112,119.89511199013855,122.73462677001953,17449923
2021-10-12,123.7517591942515,123.96366289150193,121.88700924516276,122.52272033691406,16030831
2021-10-13,123.3279460565598,124.81127186823663,122.64985167022117,124.04842376708984,19100941
2021-10-14,125.02318871323465,127.65079988673982,124.47224424148808,126.63365173339844,29263867
2021-10-18,128.20173816275613,128.5831622350377,126.04031784172682,126.76079559326172,25346029
2021-10-19,127.94741389320677,128.92217838704906,125.53172018287759,126.84551239013672,20234486
2021-10-20,127.69315318202234,127.69315318202234,123.15842216220231,123.96365356445312,16129487
2021-10-21,125.19271563306364,125.91319345704824,123.66700625694003,125.36223602294922,20818539
2021-10-22,125.31984019948119,125.53174387723914,122.05651838857914,122.81936645507812,11379569
2021-10-25,122.64983501692377,123.96364028702219,121.33602974682537,121.97174072265625,14079380
2021-10-26,123.15841394641454,123.45507132030967,120.74270696723744,121.37841796875,16224116
2021-10-27,122.05650114570501,122.52269175762875,119.38652035657162,119.7679443359375,15072448
2021-10-28,119.76795919220926,120.23414986196028,115.52988571006155,116.41988372802734,19999659
2021-10-29,111.03753696791226,116.03845903196829,108.96088332889154,112.43609619140625,29217522
2021-11-01,112.90228199367121,114.68227814021527,110.95276548402168,113.83466339111328,10043407
2021-11-02,114.42797907072463,119.34414668418154,114.42797907072463,115.8265380859375,21525811
2021-11-03,116.92844332486709,117.77605801070675,114.89417325228136,115.91130828857422,9808728
2021-11-04,117.22510792409797,117.22510792409797,116.08082298056414,116.2503433227539,1026849
2021-11-08,117.5641452958539,119.1746208352108,115.74177903491008,118.92033386230469,12765483
2021-11-09,119.30177117082616,119.85271556230619,117.01321402637772,117.39463806152344,9556650
2021-11-10,117.14035174814741,117.18273507087342,115.91131299053845,116.4622573852539,5479056
2021-11-11,116.5470157201825,116.75891938512828,113.87703471529491,115.8265380859375,11418813
2021-11-12,117.14036944146918,117.14036944146918,114.13133414346557,115.65704345703125,9306659
2021-11-15,116.37749327957603,116.67415064501488,115.2755916549829,116.2503433227539,3991733
2021-11-16,116.7165483646302,116.80131501297026,113.58037637966774,113.83466339111328,5762128
2021-11-17,113.58038966553337,116.97084905853437,113.58038966553337,115.65704345703125,15264066
2021-11-18,115.78418328691367,116.63179806080447,114.21609078178567,114.68228149414062,9942974
2021-11-22,114.42799146727069,116.03845432189868,109.93563069702586,110.31705474853516,15990636
2021-11-23,110.2322872354813,113.36845883715911,108.62181164886564,113.15655517578125,11510010
2021-11-24,114.00418506232823,116.37750897376081,113.19895362815686,114.72466278076172,7570759
2021-11-25,114.851790656181,115.86892569889366,112.13942623108926,114.59750366210938,13919886
2021-11-26,112.90227264843168,113.62275029896227,108.49467890464518,109.21515655517578,13323593
2021-11-29,108.32517607854366,109.63898163014404,105.99423533439243,107.22327423095703,16077669
2021-11-30,108.3251613140946,109.72372039653496,105.69755056903062,107.85897064208984,22883512
2021-12-01,110.18991098880183,112.69037176683293,106.67230869080191,108.24039459228516,17010938
2021-12-02,108.2404055390705,110.44420915515558,107.30803056822782,109.08802032470703,12916313
2021-12-03,109.08801430776829,110.40181973975474,107.13850428840543,107.6470718383789,12827354
2021-12-06,107.6470667815299,108.15563430761281,105.1042226843284,105.40088653564453,8158812
2021-12-07,106.03661618547287,107.13851807452606,105.10424114608297,106.24851989746094,8701301
2021-12-08,105.8246940674671,108.19801781565813,105.8246940674671,107.85897064208984,12093435
2021-12-09,107.85897007050032,108.19801724227186,106.50278785020112,106.84183502197266,11518172
2021-12-10,106.88421427274818,107.39278180841269,105.44327184390093,106.92659759521484,8389566
2021-12-13,108.15563112218045,109.00325226307018,106.3756415999216,106.62992858886719,13223189
2021-12-14,105.95185166645362,108.02850537240097,105.95185166645362,107.09613037109375,11649242
2021-12-15,106.92660749170182,108.87611763664856,106.71470379333014,107.39279174804688,11916145
2021-12-16,108.11325800081514,108.66420238457226,107.01135629972693,107.98611450195312,10758513
2021-12-17,107.98610796875833,108.24038848431135,105.18897703016911,106.41802215576172,13041775
2021-12-20,105.52801498005766,106.33324624258867,100.95089496467386,103.19707489013672,14185935
2021-12-21,104.72281454873202,105.69756642715372,102.43425063387622,103.57852935791016,10168470
2021-12-22,104.2989904515265,105.01946164646729,103.11232858920742,103.87518310546875,7885198
2021-12-23,104.34138158903804,106.29089823448192,104.08710102666782,105.57042694091797,9836979
2021-12-24,105.7823197581066,105.95184011557667,102.47662105314319,102.77328491210938,8509575
2021-12-27,102.7732851816369,103.53613972582708,102.22233431823358,103.28185272216797,5097217
2021-12-28,103.40899057453153,105.61278744095927,103.36660725397479,105.18898010253906,6511374
2021-12-29,105.61278963577277,105.73993313329844,103.57851307572267,104.38375091552734,8960770
2021-12-30,104.46852165362225,108.36754834895976,103.62090687347116,107.56231689453125,32394253
2021-12-31,107.47754435412283,107.47754435412283,105.10422065582496,105.44326782226562,9155163
2022-01-03,106.29089379446195,107.26565207646594,105.69755957347418,106.7994613647461,9034081
2022-01-04,107.6470585668862,112.98703335022584,107.43515490828996,112.64797973632812,33986738
2022-01-05,112.39372111858701,112.60562480626642,110.7832453320787,111.88514709472656,16122852
2022-01-06,112.18181816186564,112.18181816186564,109.59659056861703,110.95276641845703,8037648
2022-01-07,111.29182992855874,112.0546781032446,109.72373731733394,111.33421325683594,8820039
2022-01-10,111.84276457979806,112.13943491812589,110.8256294582916,111.75801086425781,7324926
2022-01-11,112.01227722015423,113.58036958562413,111.03752549042358,112.1394271850586,11971883
2022-01-12,113.02941686420324,113.74988154453311,112.18180222835193,113.4532241821289,10439580
2022-01-13,113.91940657338483,115.8265395825391,113.15655854315253,114.3855972290039,15114699
2022-01-14,113.91941841301553,115.40274424096404,112.98704993844993,114.72466278076172,9344382
2022-01-17,114.13133562390036,116.41990609072276,113.96181523876663,115.78419494628906,9803141
2022-01-18,115.78416713812838,116.75891881872107,113.91940454879294,114.427978515625,6473378
2022-01-19,113.66513331159798,114.68226833685793,112.69036867331145,114.25846099853516,21136414
2022-01-20,114.00418284826067,115.57227529506805,113.70751251500266,114.34322357177734,8466412
2022-01-21,113.62276254879218,115.3603754146736,112.35134039330457,113.66514587402344,12437749
2022-01-24,112.73275561289812,114.63988869657497,111.03752620518536,112.39371490478516,14284658
2022-01-25,111.20705574775832,114.97893890485737,111.0799187051047,114.68228149414062,10007486
2022-01-27,113.74988420437332,115.27559317129631,112.85988622920381,114.427978515625,18760325
2022-01-28,118.66607583994112,122.05653514965373,116.97084618508482,118.793212890625,34009553
2022-01-31,120.36131082286924,121.54796646036837,117.43704212550779,120.40369415283203,27928927
2022-02-01,122.05649957418085,122.18363658780845,119.04746522713073,119.64079284667969,17413984
2022-02-02,120.36127041342834,120.99698134871053,119.30175218795802,119.64079284667969,10783943
2022-02-03,119.94614911807211,120.90572363533083,118.89934902428965,119.20465850830078,9571728
2022-02-04,119.50996301164841,119.90251132288768,116.80571764838537,117.06742095947266,7213085
2022-02-07,117.06742496443813,118.9429543324075,117.06742496443813,117.8961410522461,10562489
2022-02-08,118.15784526366517,118.33230970808029,115.84616142590099,117.76529693603516,8721631
2022-02-09,118.02700570724846,118.2887090413457,116.7621217883604,117.80892181396484,5144026
2022-02-10,117.89615057623028,119.37913173933043,117.15467330546508,119.03018951416016,6081460
2022-02-11,117.28550492540586,120.12059529104052,117.28550492540586,119.64080810546875,8426925
2022-02-14,117.5035851397947,119.03017221220311,114.97381760125963,115.5844497680664,7705072
2022-02-15,115.23553468871621,118.46317365145173,113.97063745736048,118.07062530517578,12674466
2022-02-16,117.67806672993494,119.24827346694475,115.88978940442487,116.19509887695312,12946623
2022-02-17,117.32912311446195,117.67805198528461,115.54083270223359,115.80253601074219,5811964
2022-02-18,115.8025574755381,116.98021592672224,115.06106684912056,115.45362854003906,6760078
2022-02-21,115.49720832475792,117.02379536317086,114.40678901160581,115.10466003417969,12212740
2022-02-22,114.31956451546287,115.58444826831811,111.57170648970383,115.23551940917969,13578566
2022-02-23,115.14829351769825,116.41317741312218,113.2727773945646,113.57808685302734,9263264
2022-02-24,110.78661822614494,112.53128937931258,107.86429537566761,108.51854705810547,18045779
2022-02-25,109.04193099820219,114.27594368611591,109.04193099820219,113.70893096923828,10424521
2022-02-28,112.487657995176,116.84933541500277,112.35681299689445,116.456787109375,13262687
2022-03-02,115.84617178547519,117.76530746722857,113.79617777562052,114.23234558105469,12587947
2022-03-03,115.23551940917969,116.41316429185893,113.62169348640327,115.23551940917969,15628119
2022-03-04,115.14829351769825,116.32595184389751,113.18553851455567,113.57808685302734,15883138
2022-03-07,112.53127259705757,113.8397757667908,110.6993694905093,113.44722747802734,14985637
2022-03-08,113.83980530355578,118.46318703168114,113.83980530355578,116.67489624023438,28572640
2022-03-09,116.84933940264638,116.84933940264638,114.36319117497179,114.71212005615234,14286413
2022-03-10,115.93340081966979,117.76531098147356,115.10468462677207,115.97702026367188,13101323
2022-03-11,115.93337605001875,116.3695437752796,114.71211174360145,115.10466003417969,8669803
2022-03-14,115.10466459346199,115.93338064212641,114.05786467352888,115.27912902832031,5670284
2022-03-15,114.53766397247061,115.9770123508378,113.97063786070129,114.319580078125,6895190
2022-03-16,115.49721326568495,116.02061988270215,114.75573608749099,115.80253601074219,5561866
2022-03-17,116.4567944038245,117.15466549686565,115.06105221774223,115.93338775634766,13995384
2022-03-21,115.93338775634766,116.36955552565037,114.88658777217795,115.93338775634766,9172207
2022-03-22,116.2823417660728,117.02381906270985,114.93021888177718,115.8897933959961,10343712
2022-03-23,115.9333978693866,116.6748884661961,115.32276560125324,116.4131851196289,11892811
2022-03-24,116.45679508617384,118.37593062019369,116.32595007892996,118.11422729492188,11276181
2022-03-25,118.63763778771451,118.768482799196,117.06743109601435,117.5472183227539,7266868
2022-03-28,118.20146012911334,118.20146012911334,116.71849244278668,117.59082794189453,7778682
2022-03-29,117.76527775537828,118.0269810347688,116.80570350120696,117.1982650756836,5116935
2022-03-30,117.76529710485629,118.59401320010406,116.41317436482893,118.0270004272461,24047012
2022-03-31,117.15466472519027,118.28870358006442,117.15466472519027,117.76529693603516,11615450
2022-04-01,120.38229752002776,125.13652327442294,119.33549759505372,124.70035552978516,32589741
2022-04-04,123.74080182674122,127.36098899791634,123.43547906304904,125.87802124023438,15437496
2022-04-05,126.83756437130349,131.37371919061147,126.27055167428104,130.06521606445312,23958626
2022-04-06,131.1556621862612,135.47372072441442,129.3673715522586,133.46734619140625,52737388
2022-04-07,133.4237162158779,137.82901329015675,132.76946457051324,133.90350341796875,37738903
2022-04-08,135.12479003179544,135.12479003179544,131.8971507132063,132.63864135742188,17585569
2022-04-11,132.98756977722175,134.86309944781706,132.46417636347275,133.55459594726562,15583159
2022-04-12,133.2056185015231,133.99072838090228,131.59180593034483,133.11839294433594,11306524
2022-04-13,133.51095437946188,136.25880595099622,133.24925106055773,134.29605102539062,19454061
2022-04-18,135.12477040560955,142.84494529228482,134.7758415124153,142.3651580810547,82098517
2022-04-19,143.84812739495746,145.11302459569484,139.13752073210276,140.1407012939453,38522118
2022-04-20,141.44919010968675,142.36514500869623,138.70133872344115,140.0098419189453,20047692
2022-04-21,140.96942451589396,142.53961779390596,139.87900512239474,141.92898559570312,21966151
2022-04-22,140.66410338184033,142.19069055032543,139.44283897136577,139.9662322998047,9922564
2022-04-25,138.35240846130884,140.35876935880557,135.56092435720737,136.17156982421875,12008027
2022-04-26,137.48007163104072,138.22154877376357,136.08432959295382,136.9566650390625,11735823
2022-04-27,136.78220070820797,139.22474262118683,135.3864586691393,135.7790069580078,17873048
2022-04-28,137.82901346528445,139.6609233989467,135.43009076256587,139.31198120117188,29123808
2022-04-29,139.9226264788519,140.44603316901316,135.82265177520543,136.25881958007812,28941216
2022-05-02,134.86306996732537,138.13432800362094,133.4673278808594,137.39283752441406,13368198
2022-05-04,137.82901384072727,141.23111708590005,137.2183816314378,138.39602661132812,24511385
2022-05-05,139.2247613233589,140.22794189753452,136.9566835328953,138.17794799804688,33396072
2022-05-06,136.47688161115653,139.8789979304222,136.12795274749064,138.7013397216797,22604305
2022-05-09,138.65772028602572,139.3992107597944,136.0407138761827,138.7013397216797,22958742
2022-05-10,138.65774312925882,140.66411770283614,134.7758523106244,135.6045684814453,20322427
2022-05-11,134.38328657655262,136.91305420486339,130.89394457293312,133.0747833251953,13794764
2022-05-12,131.80990754377666,133.46733977218952,129.10566200185653,129.58544921875,11818556
2022-05-13,130.85032212294806,130.85032212294806,125.18014149762031,125.74715423583984,22913410
2022-05-16,125.09291297132951,129.89075851265474,123.56632575363513,129.32374572753906,16286682
2022-05-17,128.66947744375844,131.5045676247226,127.62267757755892,131.28648376464844,13925542
2022-05-18,131.2864953757135,131.6354242583787,128.407785505983,129.5418243408203,17611218
2022-05-19,128.66952973443108,129.58548498113885,127.14294209351411,129.10569763183594,11701170
2022-05-20,131.67906421295112,131.67906421295112,128.80035389469685,130.5014190673828,17841739
2022-05-23,134.6885808571078,135.51731013832625,129.45456844073135,130.9811553955078,26055890
2022-05-24,130.98116260256276,132.46414351742723,127.62267910372783,128.1460723876953,16581141
2022-05-25,129.45457686073757,133.59817029321056,128.58224140126958,133.16200256347656,19926619
2022-05-26,133.59816930770907,135.2992340897498,131.37372455110076,134.4705047607422,22698086
2022-05-27,135.21200335784644,135.21200335784644,130.41415807740674,131.2428741455078,10245727
2022-05-30,130.893944563683,133.03116387859222,129.80352518762896,131.6354217529297,12513990
2022-05-31,131.80991156492382,137.82902174729568,131.15565987941451,136.0843505859375,124665699
2022-06-01,136.4769037741227,139.7481623176577,136.30243931395785,136.7822265625,16084988
2022-06-02,135.64817089766672,138.96304847565065,134.5577515174604,138.74496459960938,17646975
2022-06-03,138.7013633481918,139.0939117143787,134.9503175263038,135.21202087402344,14063328
2022-06-06,135.90989658112647,138.3960451907338,134.8630964659873,135.38648986816406,18485464
2022-06-07,135.38646845395022,137.56730722837202,133.90350074950007,137.1747589111328,14911957
2022-06-08,136.17158903890638,139.3556085740305,136.17158903890638,137.00030517578125,16416591
2022-06-09,135.47369277152993,137.82899573265303,134.9502861975994,135.34283447265625,13821409
2022-06-10,134.4269188894904,136.6077578506386,134.3396800067306,135.4300994873047,7908849
2022-06-13,134.33966332284996,135.1247599270469,128.88756659708494,129.8907470703125,19208167
2022-06-14,129.8907854216425,132.98757993838785,129.8907854216425,132.07162475585938,17034328
2022-06-15,133.07481149212995,134.07799220619282,128.71313306440223,129.2365264892578,15172295
2022-06-16,130.93756226457538,130.98116839041256,123.87163947713002,124.70035552978516,18494040
2022-06-17,123.08654970664007,126.00886577176993,121.73442696090706,122.51952362060547,21387729
2022-06-20,122.51951342911201,123.348229458922,117.76528780577613,119.72804260253906,16578770
2022-06-21,120.55677153708925,123.21739765299213,120.16422319787374,122.08335876464844,51398446
2022-06-22,122.08335497549658,122.08335497549658,119.1174194926074,120.07698059082031,8317317
2022-06-23,120.2950635436878,121.3854829496704,118.3323086129191,119.07379913330078,11257409
2022-06-24,120.29508993029151,120.29508993029151,117.72170222985937,119.16106414794922,21879039
2022-06-27,119.7280694982205,121.29827635051828,119.2919016676259,120.81848907470703,12872030
2022-06-28,120.81848468451409,121.51635585026402,119.64082626038699,120.90572357177734,14272044
2022-06-29,120.20786393645943,124.83124587839761,119.33552822329324,123.6535873413086,53487394
2022-06-30,124.13337535441222,125.57272396503936,123.13018129207165,124.65676879882812,19270932
2022-07-01,123.87163555348995,124.91843544530654,121.90888076479028,122.69397735595703,9592229
2022-07-04,121.5599814892,124.04613017348491,121.5599814892,123.34825897216797,17526429
2022-07-05,123.34824314877825,125.8344048249188,122.30144313648172,122.86846923828125,11370649
2022-07-06,123.43547972722402,123.87164750011175,118.72487310435031,121.21102142333984,15929985
2022-07-07,122.12697529075626,124.52589801968183,121.6908075218607,122.51952362060547,18144208
2022-07-08,122.99931845135924,125.79078968313384,122.99931845135924,125.35462188720703,15375888
2022-07-11,125.61630743002902,128.2333138348213,125.26737856703656,126.31417846679688,16779135
2022-07-12,125.65994566109083,129.1929074981571,125.65994566109083,128.32057189941406,19138561
2022-07-13,128.88758352030314,130.28332578967616,128.66949962263763,129.6290740966797,13644449
2022-07-14,129.9780028560584,130.23970619510672,128.23333167678243,129.36737060546875,9775869
2022-07-15,129.49820905361784,130.98117681865415,129.2365057278387,130.6322479248047,11518139
2022-07-18,132.07160174700408,132.20246007073177,130.23970501187796,130.67587280273438,8286352
2022-07-19,130.67583124223745,131.89709534390735,130.19604416273125,131.50454711914062,6798359
2022-07-20,132.68223129324124,132.8130762903964,130.981166465526,131.33010864257812,7271345
2022-07-21,131.72264185716801,131.9407257013024,130.85030648063048,131.591796875,7521568
2022-07-22,131.72264694255145,132.07157578232486,129.23648569912424,129.93435668945312,6800124
2022-07-25,130.1524359484136,131.24285517269786,128.5386234829418,130.9375457763672,7996687
2022-07-26,130.850341796875,131.67905796609818,130.10885120237867,130.850341796875,5774871
2022-07-27,130.45780853182728,131.33014424476391,130.02164067535898,130.58865356445312,5403197
2022-07-28,130.89396680912947,131.6790635690023,130.02163116003268,131.15567016601562,6030744
2022-07-29,131.67906525177628,134.73224006263263,131.24289742165394,133.42373657226562,11771461
2022-08-01,133.38010954853004,137.56732314194704,131.72267721255366,136.52052307128906,14221965
2022-08-02,137.04390266475056,139.66090897933563,136.56411551158683,139.18112182617188,18278835
2022-08-03,139.617313804409,140.40241051088566,137.1311520492584,139.26837158203125,10147608
2022-08-04,139.3119797189226,140.0098507962632,133.5109538420202,134.95030212402344,15754128
2022-08-05,134.68859932224257,137.08752200862875,133.4673349153049,135.73541259765625,33864055
2022-08-08,135.6481893636855,139.57369966681466,135.16840210892377,139.05029296875,16964235
2022-08-10,139.49480466506958,139.71707173022494,137.80558039633075,138.47238159179688,14055597
2022-08-11,138.87247368754356,139.45037625525157,135.89410285190291,136.6053466796875,15810624
2022-08-12,136.6498120537436,141.3618773451363,135.67184494133474,140.91734313964844,17998843
2022-08-16,141.36183918630044,142.0730964363076,139.5392467225645,141.1395721435547,8309725
2022-08-17,141.36188508472952,145.49604799566987,141.36188508472952,143.54010009765625,19674110
2022-08-18,143.54007770287308,144.60695697478235,142.16201909219168,142.96218872070312,9585888
2022-08-19,143.18446236443685,143.71789524179076,139.71708761415667,140.2505340576172,9599472
2022-08-22,139.8504787094403,141.31743631792216,138.69468693839855,139.13922119140625,11400211
2022-08-23,139.09472697393005,141.53966469613948,138.38346965061174,141.05067443847656,14362373
2022-08-24,141.27295077124964,144.91813631355444,140.4727947088442,142.96218872070312,20602844
2022-08-25,143.45117743400547,143.98461028104504,140.8728711919439,141.27294921875,12889454
2022-08-26,141.36184790852795,146.4295340825939,141.27293565950217,145.27374267578125,30724938
2022-08-29,143.85124873391933,145.27374982561048,142.87326821092122,143.0955352783203,10928330
2022-08-30,143.85125759975534,147.09635155734168,143.6289905186575,145.8072052001953,24663153
2022-09-01,143.58456379280142,146.0295021855581,142.5176842982748,142.87330627441406,14554158
2022-09-02,144.91813659822375,147.9409634689222,143.3622670335189,143.85125732421875,25106698
2022-09-05,144.56254527553645,146.785216552429,144.20690973156832,146.25177001953125,15226001
2022-09-06,147.40753929604426,150.11920055315952,146.51847092099706,149.76356506347656,27866331
2022-09-07,149.8080139286383,151.27497124986502,148.16323208814256,148.7411346435547,19415892
2022-09-08,149.36346425733927,150.43034343167076,147.54087165288294,148.2965850830078,11595205
2022-09-09,149.0523005694188,150.5637275880834,147.54088711686035,148.11878967285156,16415150
2022-09-12,148.87448819890412,149.45239074939414,147.14080767964612,147.9409637451172,15469466
2022-09-13,148.42995431514683,150.2080909671788,147.27416277810485,148.8300323486328,15644741
2022-09-14,146.6962398839146,153.85324096722917,146.6962398839146,153.23089599609375,38751148
2022-09-15,155.0535141076825,156.60938371309948,153.49764450226556,155.67587280273438,29483891
2022-09-16,154.6534351280981,155.32023638352203,152.29740945204279,153.63101196289062,26126152
2022-09-19,154.2533717462194,154.78681822769258,151.63062260554264,152.03070068359375,13304030
2022-09-20,152.83082580566406,153.94216111130766,151.9417575611492,152.83082580566406,15395199
2022-09-21,152.030685459895,152.96420992594017,149.49683527578762,149.8969268798828,7370283
2022-09-22,148.47440323339768,150.83042875646754,148.34104841741464,149.9413604736328,7447846
2022-09-23,148.6077879711312,149.80803582106665,144.60697989282377,145.7627716064453,12264388
2022-09-26,144.42916136301088,145.67386528418794,139.22811927278332,141.00625610351562,21951865
2022-09-27,141.7174840824204,143.71788779255178,140.02825970919628,141.3618621826172,8367800
2022-09-28,140.29497465472735,141.76193186265468,137.80558080439468,140.42832946777344,14261815
2022-09-29,141.13960318924464,143.76235215733527,140.47280191433484,141.85086059570312,17623352
2022-09-30,142.25093765334057,143.62899632507862,139.93935449003115,141.93975830078125,12015533
2022-10-03,142.11758434535346,145.89612491717313,141.3174146728335,142.56211853027344,10528629
2022-10-04,143.9846047547897,145.80719743596026,143.45117192822374,144.51805114746094,9013773
2022-10-06,146.0294866742714,146.78520025093127,144.3847046855916,144.82923889160156,6456408
2022-10-07,145.00706470121867,146.56293443592656,143.45119496651077,146.07394409179688,8825983
2022-10-10,144.6514360291377,147.22974270815624,143.8957359762334,145.7627716064453,10484521
2022-10-11,146.16283439663684,146.16283439663684,142.51766222441142,143.18446350097656,13805741
2022-10-12,143.94017153851914,146.96301230128967,143.27337022459866,146.6962890625,12496248
2022-10-13,146.56292654586636,148.29660715798852,146.02948009624106,146.47401428222656,9447511
2022-10-14,147.80760992104064,148.9189453339808,146.5629196849901,146.78518676757812,9588164
2022-10-17,146.78519414673258,150.2970115149476,145.80721350773797,149.76356506347656,13426449
2022-10-18,150.20808346260824,150.6526176034068,147.94095663131458,148.42994689941406,20635735
2022-10-19,148.02986862559564,149.45238330009155,145.67384310994873,145.85165405273438,6947654
2022-10-20,145.8071981819237,149.27455905371022,143.58452747793095,148.42994689941406,12020720
2022-10-21,148.91895271920305,149.76356496170257,146.25174759587406,146.74073791503906,7414335
2022-10-24,148.42994689941406,149.31901518101114,147.80760181551716,148.42994689941406,685185
2022-10-25,148.87449789595883,150.87490175604037,147.0963611314419,150.56373596191406,8131380
2022-10-27,151.05269646571927,152.47521115071035,148.96339413188883,151.71949768066406,16225577
2022-10-28,151.719499732922,155.32022905555084,151.05269850895763,154.74234008789062,16185760
2022-10-31,151.0527210220003,154.69790701606323,150.2970209952071,153.8977508544922,24233760
2022-11-01,154.69790812748727,162.65506793001865,154.2533739087301,161.6326446533203,41101936
2022-11-02,161.72151952659024,162.4327768850144,160.0322951706754,160.8769073486328,22146420
2022-11-03,159.45440501983813,161.67707576967638,157.58735616353175,158.38751220703125,16719953
2022-11-04,159.1876972304482,159.5877752909367,156.78721530141038,157.32064819335938,14881752
2022-11-07,158.12078780097477,159.5877449324075,155.45358315029387,156.3426513671875,12799401
2022-11-09,158.03189665610753,158.03189665610753,153.1420208102083,154.16444396972656,14929008
2022-11-10,154.25337262670868,154.87571781457473,151.63062347106109,153.00868225097656,10668583
2022-11-11,153.80884497150134,154.34229147877065,150.8304601771128,152.4307861328125,16963169
2022-11-14,153.23095589371644,154.1644669322754,152.11962030866223,152.4307861328125,10224241
2022-11-15,153.18649322378005,154.83126167984696,152.38632349700288,153.00868225097656,13899999
2022-11-16,153.00865766727554,153.7643575718,150.38589536691612,151.09715270996094,9781274
2022-11-17,151.09714516257523,151.85285859545684,148.9189306807641,149.63018798828125,12778124
2022-11-18,149.85246224868044,150.29699639147327,146.78517937663108,147.4519805908203,11134908
2022-11-21,146.69628827157825,147.76316765487732,145.9405746934332,146.162841796875,12788632
2022-11-22,146.91854932991492,148.91895317858246,146.56292740548344,148.5188751220703,15198091
2022-11-23,149.23013276310084,149.58575468807103,147.8076179310063,149.40794372558594,12004998
2022-11-24,149.98579476600935,151.14158607865505,149.00782793692719,150.69705200195312,10986350
2022-11-25,151.36389148920028,152.25295986799148,149.89693409063756,150.9193572998047,12358833
2022-11-28,151.14161625326153,152.830840655532,150.60816982827814,151.4972381591797,5471921
2022-11-29,152.0306768481609,152.56412324600015,150.29699640434157,151.27496337890625,7693168
2022-11-30,151.23051425921633,153.67545193875853,150.9193349462872,153.09754943847656,9133076
2022-12-01,154.25334087293567,154.38669568355965,151.89731544454602,153.09754943847656,9214914
2022-12-02,153.27536765827614,153.67545924137005,152.16403229658297,153.0531005859375,6376672
2022-12-05,153.85327111720312,156.16484054385214,152.38630029122618,155.72030639648438,9861212
2022-12-06,156.12039068997007,156.47601256481175,154.56452124685404,155.76475524902344,7008295
2022-12-07,154.78681133802687,155.58696745851358,152.29741714546924,152.78640747070312,7718718
2022-12-08,152.78640714076565,153.31984003123588,151.14162520474187,151.4528045654297,4225180
2022-12-09,152.208465149519,152.6974553471118,149.36344977184734,150.69705200195312,6174919
2022-12-12,151.14161584167718,151.14161584167718,148.96340115012129,150.16363525390625,7153044
2022-12-13,150.91933387358347,151.1416009337802,149.40792057746663,150.4303436279297,5166993
2022-12-14,151.0971617886122,154.4311680662343,150.65262761826258,152.5641326904297,8562333
2022-12-15,152.919769981521,154.742362976499,152.65304673926192,153.00868225097656,10644546
2022-12-16,152.8308260706097,153.89771881876092,150.29698970901256,150.9637908935547,9433166
2022-12-19,150.9638066813057,153.14202139871935,150.69708346637404,152.741943359375,7706855
2022-12-20,152.16404760366962,152.43077083052833,149.8524779584766,150.9193572998047,7387632
2022-12-21,151.1416236423925,152.0751481486992,148.11879659598733,149.31903076171875,8454254
2022-12-22,149.80801251091984,149.94136733300348,146.2961953462886,147.49642944335938,6979001
2022-12-23,146.0739281293836,147.8965209040968,144.3402476133807,144.9181365966797,5313321
2022-12-26,144.0290608783794,149.14120347128483,143.94014862423458,147.27415466308594,8321609
2022-12-27,148.47441016974295,149.54128944576541,146.29619548825835,146.87408447265625,9244387
2022-12-28,146.69626712163034,149.00785009059518,146.5184561777343,147.4519805908203,9652984
2022-12-29,146.69626673479667,148.83002518813336,145.80719845155548,148.25213623046875,19571340
2022-12-30,148.25212050877545,149.1856448204023,147.5853193670568,147.9853973388672,8626291
2023-01-02,148.51888258549818,149.85248521829322,147.94097997162245,149.36349487304688,7322962
2023-01-03,149.36346488848974,150.43034406732943,148.29658570965006,149.00784301757812,9629995
2023-01-04,149.23012508886603,149.8080140787511,146.42955170084588,148.11878967285156,11995082
2023-01-05,149.3634643685259,151.45278015964658,148.6077509378385,151.0526885986328,18887530
2023-01-06,151.54166380747927,153.05307695278125,149.8524397449835,150.2525177001953,13216749
2023-01-09,151.3638833359869,152.03068458416305,150.65262595804444,151.4972381591797,6012344
2023-01-10,151.49724556569657,151.76396879122802,148.60777334900376,149.31903076171875,7557693
2023-01-11,149.76356519408608,150.07474455206668,147.14081619863094,147.6298065185547,8463293
2023-01-12,148.38547510221227,148.6521982717458,147.1852411884673,147.54086303710938,7628932
2023-01-13,147.76315418650208,149.4968347221043,147.14080906681232,149.1856689453125,5090393
2023-01-16,149.94134443070323,149.94134443070323,146.3850716798667,147.54086303710938,10321015
2023-01-17,148.1188192771296,149.5413207542776,147.40756175550118,149.09678649902344,13015434
2023-01-18,148.91895304624236,150.87490076109106,148.56333112212693,150.6526336669922,5536057
2023-01-19,151.49723803301362,151.49723803301362,148.7411343491778,149.98582458496094,6812613
2023-01-20,151.05270386793308,151.05270386793308,149.05230012507053,149.98582458496094,8545359
2023-01-23,150.60814698256303,150.69705922860857,147.5853205424721,148.34103393554688,7787735
2023-01-24,148.6522297243079,148.9634090822885,147.05190393460595,147.6298065185547,7033092
2023-01-25,147.58534170215248,148.11878812269904,146.16282695809898,147.49642944335938,9257370
2023-01-27,147.80762516450451,148.51888261535973,145.80722121490973,147.85208129882812,13756671
2023-01-30,149.0078510373242,153.14201316512185,148.56331689170702,150.1191864013672,30768122
2023-01-31,151.0082843473103,153.49766519874183,148.78561318274058,152.1640625,24990701
2023-02-01,153.1420051125919,154.52006360476508,148.6522077647202,151.1416015625,13878016
2023-02-02,151.14161528138982,151.89732878423916,147.1408078180589,148.385498046875,19898080
2023-02-03,150.07327168063736,151.85225296811436,148.2942903931604,151.03118896484375,11730514
2023-02-06,150.07325307544312,152.2171622590403,149.66272112470313,151.48731994628906,7588936
2023-02-07,151.89786643808802,152.99262305172286,149.8908103263265,150.7574920654297,8699758
2023-02-08,151.07680070253366,151.21364005742836,149.7083514712447,150.98556518554688,8839686
2023-02-09,151.39607841415045,152.03468519218367,150.21008644318377,151.4416961669922,5507650
2023-02-10,150.62063919638538,151.25924600366588,149.70833978010342,150.52940368652344,9468345
2023-02-13,150.62063228672216,153.44875199510673,150.34693969027626,153.12945556640625,9829152
2023-02-14,153.722450718615,153.722450718615,150.39256343745436,151.48731994628906,12916373
2023-02-15,151.44170392630355,151.89785363692496,149.79956218394963,151.25924682617188,11855678
2023-02-16,151.44170422267405,152.992610457705,151.07679002169658,152.7189178466797,7923121
2023-02-17,152.35400299183036,154.7715908842454,151.85223552720146,153.31192016601562,10182025
2023-02-20,152.9926069905602,155.09089840009,152.58207504361795,153.17506408691406,6679716
2023-02-21,154.22422282880206,158.96817712384728,154.22422282880206,158.05587768554688,26883881
2023-02-22,157.78217352282317,158.01024836570687,153.72244410361014,155.5470428466797,12225021
2023-02-23,155.95759387482002,156.5962007289671,154.17861266662985,154.7259979248047,11184381
2023-02-24,155.31899495710405,156.18567672634515,154.54353478849643,156.0032196044922,8338893
2023-02-27,156.14003651823413,158.28394567339853,155.5470474773167,157.28041076660156,17669762
2023-02-28,157.64533418532642,157.82779127551663,154.95405382341556,155.5470428466797,19044910
2023-03-01,155.9576082422867,157.87344290180798,155.04530867500736,157.1436004638672,9318790
2023-03-02,157.09796871714673,157.09796871714673,155.3189875034272,155.8207550048828,7725981
2023-03-03,156.91550538681204,159.65240373658204,156.4593556618504,157.462890625,12962719
2023-03-06,157.73657923347696,161.93316253501303,157.5541221161462,161.2945556640625,12402804
2023-03-08,160.29101274563556,163.43844310652506,160.06293788005536,163.16476440429688,22099710
2023-03-09,162.75422568256556,166.22096657628492,162.38931144978906,163.71214294433594,18874546
2023-03-10,162.38929370758774,165.12619191614257,162.20683661113424,164.8981170654297,12399692
2023-03-13,165.39988542645006,165.62796027841136,163.71212595370275,163.94020080566406,13669178
2023-03-14,162.9823050902574,165.12621454904573,161.65947355892644,162.29808044433594,9217542
2023-03-15,163.71216714930293,163.80340268127912,162.16126054982163,162.57179260253906,8548173
2023-03-16,162.57175620586682,164.21389796968054,161.4313819144107,163.84898376464844,9405016
2023-03-17,165.76480351462854,165.76480351462854,160.4734640407333,161.43138122558594,47276890
2023-03-20,161.9787641449789,161.9787641449789,159.60678009441207,160.564697265625,5627841
2023-03-21,161.34016244339946,161.97876927088905,159.9260955192966,161.5682373046875,12894327
2023-03-22,162.20684810332284,162.20684810332284,158.55765023337446,159.05941772460938,7893205
2023-03-23,158.7857081482713,160.42784979854994,158.46639780050637,159.2874755859375,5759884
2023-03-24,159.83485622493473,159.83485622493473,157.23481122011762,157.55410766601562,4977283
2023-03-27,157.50850648375865,158.69449864330355,155.7295252047343,156.23129272460938,12077986
2023-03-28,156.32249258318103,157.82778087882107,155.5470326002254,156.9154815673828,8750986
2023-03-29,157.5085175572493,160.0173414124192,156.64183573685344,158.74012756347656,20272070
2023-03-31,159.46992923693026,161.70505986133412,159.2874721509636,159.74362182617188,8125121
2023-04-03,160.19977702968134,162.48052548442863,160.0629237700462,162.2068328857422,9098662
2023-04-05,162.66300742802875,162.66300742802875,159.7892555836507,160.47348022460938,10829323
2023-04-06,160.92959527246342,161.11206627382853,159.51554245596446,159.8348388671875,7159274
2023-04-10,160.42787465865416,162.389313040061,159.83487162385302,162.02439880371094,10968456
2023-04-11,162.4805450439453,163.98583363705262,161.0664780476589,162.4805450439453,9208605
2023-04-12,162.38931940333796,162.66301205161815,159.92611340998886,160.38226318359375,7591360
2023-04-13,160.5647090359276,160.65594455247762,157.18920373235756,157.87342834472656,9944382
2023-04-17,157.23482150369955,158.6944923245235,154.40668753743844,154.7259979248047,17401126
2023-04-18,155.09089340072197,155.77511793043104,154.17859402777657,155.18212890625,16199789
2023-04-19,153.95052465668638,155.0452811590171,152.17154360032598,152.4452362060547,16314641
2023-04-20,152.4452597565564,155.27337999776415,152.17156710854627,154.81723022460938,15498083
2023-04-21,154.77161246317664,155.04530511118676,153.63123803028972,154.81723022460938,6672391
2023-04-24,153.72246484743576,156.2312884577055,153.44877221492558,155.9575958251953,8088991
2023-04-25,156.27689374575945,157.3260325126447,155.41021207912584,156.0944366455078,9175412
2023-04-26,156.09446075716602,156.6418321424725,154.63477588850887,154.95408630371094,9032416
2023-04-27,155.09091408940105,156.32252397540407,153.99615747994594,155.9575958251953,9054900
2023-04-28,156.8242460680059,157.37163122310196,154.72596878816407,156.9154815673828,21552892
2023-05-02,157.50850390881158,160.5647128176083,157.41728231069845,160.19979858398438,8893428
2023-05-03,160.19979333825668,162.98229559984412,159.7436436008705,160.88401794433594,11194149
2023-05-04,160.97523953946202,161.88753901423436,159.46995097432176,160.88401794433594,4671155
2023-05-05,160.88401991350995,160.92962375133857,157.82781106738142,158.9681854248047,5958697
2023-05-08,159.46996998009152,161.97879383471926,159.19627732092383,161.52264404296875,6287186
2023-05-09,161.65945378104647,162.98228515053844,159.83485494848256,160.564697265625,7918748
2023-05-10,160.5647266961753,161.79633670213644,159.6068093493819,161.52264404296875,6231734
2023-05-11,162.02436384714372,164.213876634031,161.43136094028227,163.8033447265625,12125975
2023-05-12,163.3928319574007,163.52967130239065,159.196249050305,159.60678100585938,8920297
2023-05-15,158.7401075651421,161.24893110424637,158.6032682130614,160.5190887451172,7980565
2023-05-16,161.38576000637258,162.38929492526805,160.10854640103676,161.8875274658203,7874923
2023-05-17,161.88752863511698,162.25245675398037,159.69801560427402,160.564697265625,6639494
2023-05-18,161.47698502372998,162.11559178490492,159.33307598201776,159.74362182617188,6921939
2023-05-19,159.652392376452,159.97170272943848,157.78217585306822,158.1014862060547,6657753
2023-05-22,158.10148704968526,161.52260976172153,157.96463378885346,158.83132934570312,13339834
2023-05-23,159.60679551264622,160.245402381617,157.64535714639612,158.876953125,8359389
2023-05-24,158.74009933955912,159.92609137161526,158.2383318736218,159.60678100585938,8507023
2023-05-25,159.6067905249608,160.15417577873617,158.19272355319544,159.19625854492188,7986243
2023-05-26,159.65240828287295,161.70508210365273,158.83134432279513,159.19625854492188,6926193
2023-05-29,159.6067843519711,162.2068433259658,159.46994500411233,160.83839416503906,9943211
2023-05-30,161.47701278139326,162.38931228863277,160.19979903949223,161.2945556640625,9727639
2023-05-31,161.47702483728787,161.47702483728787,156.86990919764338,158.60328674316406,41785992
2023-06-01,158.37518259731587,159.37870359249985,156.77865863532915,159.10501098632812,11602551
2023-06-02,160.4734629341032,160.4734629341032,158.192714376651,159.2418670654297,7262018
2023-06-05,160.3822355243761,160.74714971209306,158.32956189715435,158.83132934570312,12239684
2023-06-06,159.19625478490067,160.33662910284409,158.32957308738065,160.01731872558594,4889564
2023-06-07,160.5190828629856,162.38929948953825,160.01731538943474,161.7963104248047,6270083
2023-06-08,163.07350069722733,168.1823823712197,162.48051171747048,166.08409118652344,27382635
2023-06-09,167.8630976125922,168.09117247347888,164.71566731647306,166.76834106445312,10235269
2023-06-12,166.76833868454776,170.09822603773938,166.63148541761788,169.41400146484375,17450400
2023-06-13,169.68770038736824,170.28068947102554,168.77540092292003,169.09471130371094,8332566
2023-06-14,169.0947249104372,171.8772273644388,169.0947249104372,170.782470703125,15061573
2023-06-15,170.60001711403578,170.87370976518096,169.09472841361713,170.32632446289062,9840499
2023-06-16,170.50878620239695,172.15092823310147,169.73333991052735,171.6947784423828,8562558
2023-06-19,171.6947528888929,171.6947528888929,168.9578545519161,169.5508575439453,5363723
2023-06-20,169.6876728515625,171.512271484375,168.36484162688998,171.05612182617188,6035600
2023-06-21,171.05612182617188,172.1508782217428,170.1438225097656,171.05612182617188,5906854
2023-06-22,171.0561581743442,171.46669016984546,167.27012077498637,168.3192596435547,6683123
2023-06-23,168.36488598409218,171.05616689241555,167.63504355456726,170.32632446289062,15255365
2023-06-26,170.96490689054724,170.96490689054724,168.27362636754887,168.6841583251953,7231775
2023-06-27,168.68416938237058,170.55438611266797,168.59294778612767,169.7333221435547,6787438
2023-06-28,169.73332240256184,173.8842878540475,169.04909778706153,172.51583862304688,32476741
2023-06-30,171.60355896641525,174.84221138424405,171.51232343890442,172.56146240234375,9579059
2023-07-03,173.336905286203,175.70888955835375,172.15091315012765,174.47727966308594,7352149
2023-07-04,174.34044224717013,177.71594765620873,172.42460770444202,177.03172302246094,13258826
2023-07-05,176.9861212867057,177.67034598240173,175.48083252440927,176.43873596191406,6558910
2023-07-06,176.52996058385284,179.85984832895718,175.84573593042705,179.49493408203125,16276609
2023-07-07,179.49491466803735,180.407214107265,175.29833167935635,175.70887756347656,12652336
2023-07-10,175.7544823398829,176.39310308722892,173.15443727651547,174.75096130371094,10238356
2023-07-11,175.75447255340623,176.02816515551677,174.06672702812864,175.52639770507812,11236383
2023-07-12,176.75802260012162,177.6703220716061,173.56497444992587,174.06674194335938,9191559
2023-07-13,174.97904259940694,174.97904259940694,170.55438456451924,171.4210662841797,10612659
2023-07-14,171.46667828797558,171.83160641914446,168.5473228415488,171.01052856445312,12369394
2023-07-17,171.92284113671582,172.3789908950624,169.50525298571318,170.14385986328125,9058800
2023-07-18,170.60001637051775,172.56145484076774,169.96140946768656,170.91932678222656,7177677
2023-07-19,174.24918691774604,179.3580691704791,173.51934460727216,175.6632537841797,31761232
2023-07-20,175.80008685435038,177.2141536703282,175.02464073761553,175.9825439453125,8936996
2023-07-21,175.8913325543028,179.12999830877325,175.2527257386317,177.9896240234375,11031250
2023-07-24,178.3545377022958,179.72298684067658,176.02817138293156,178.71945190429688,9981788
2023-07-25,179.26684965046613,183.69150774187975,178.71946438864273,183.05288696289062,18028061
2023-07-26,183.82833541148548,184.42132447361126,182.4598862645017,183.91957092285156,13857423
2023-07-27,184.05640398806347,185.1967782382993,183.00726524608015,184.23886108398438,16013422
2023-07-28,184.1476507447128,191.99341771323233,182.0037414550781,191.5828857421875,39630520
2023-07-31,193.58992719806463,199.74794806224807,191.26356097636744,199.20057678222656,43494779
2023-08-01,200.29535188949723,206.77266978924447,199.6567450431257,205.4042205810547,63510580
2023-08-02,205.31302159163639,205.40424319654164,197.83216788065639,199.8848419189453,22647784
2023-08-03,199.8848044801385,203.9901517877769,198.835651815836,200.79710388183594,29868065
2023-08-04,202.2568013092009,202.7129510703496,198.51638162013344,198.83567810058594,12879897
2023-08-07,200.43220226460625,201.93750482874844,198.56198545977955,198.83567810058594,12929354
2023-08-08,200.97957239859744,201.0707939916003,195.23208305718936,198.4707489013672,15314866
2023-08-09,199.29180734505394,200.43218163052643,197.46720848829798,199.51988220214844,12554174
2023-08-10,199.9760192143692,201.48132152793062,197.51281369832208,198.33387756347656,10970619
2023-08-11,198.7964359755877,200.27654542161827,196.71504000700276,197.038818359375,7970536
2023-08-14,197.31634064492695,197.96388323430165,195.928743332537,197.038818359375,9283695
2023-08-16,196.99255788736465,201.61788215856538,196.16000516469632,201.1553497314453,9687712
2023-08-17,203.0054856554971,203.3292640105423,199.02770383739986,199.58274841308594,11865239
2023-08-18,199.62899531743736,200.41529196230388,197.31633321717828,199.02769470214844,14101163
2023-08-21,200.92408067151237,203.09798869432802,199.53648340980945,202.40419006347656,13336739
2023-08-22,202.82047738467793,205.64192812576002,202.4504570743659,205.08688354492188,16930149
2023-08-23,206.19695859122808,206.19695859122808,204.48559701182228,205.08688354492188,13507905
2023-08-24,205.36437116725278,205.73439141510076,203.19046339388478,204.30055236816406,11182959
2023-08-25,205.2256111273786,205.2256111273786,200.92405176571864,201.57159423828125,7413549
2023-08-28,201.57163653935987,202.8667358716371,200.92409393090634,202.3116912841797,4851793
2023-08-29,202.7742133989991,205.13313160239366,201.89540460979669,204.53184509277344,8799235
2023-08-30,205.36438667766444,205.36438667766444,203.28299086674215,203.88427734375,5490930
2023-08-31,205.04063828166758,205.04063828166758,202.35795560211923,203.79180908203125,18532999
2023-09-01,201.5253853482542,214.2912691208613,199.9527637943401,213.41246032714844,29859815
2023-09-04,216.18766808846513,218.77785267684646,213.22746317975947,218.13031005859375,21895573
2023-09-05,219.1478249261435,219.1478249261435,214.3374912402431,217.0201873779297,13952922
2023-09-06,217.85276090654713,218.17653923344744,211.28479516512795,214.52252197265625,14623019
2023-09-07,215.5400860958085,220.16540983177006,212.1636054147037,216.5576629638672,30334731
2023-09-08,218.31527065312824,225.34576806607078,217.39020594697092,222.24679565429688,28856420
2023-09-11,225.34577210746755,225.62328023199788,220.30415807619906,224.88323974609375,22493483
2023-09-12,225.90080775545326,226.5946063137411,216.55766230639745,217.48272705078125,21174310
2023-09-13,218.40781308903965,220.58170698106673,215.67886053475135,219.37911987304688,9151928
2023-09-14,220.11917114257812,221.2755021678232,218.269041502186,220.11917114257812,7568464
2023-09-15,217.94528997934432,221.36802719036555,217.94528997934432,218.5003204345703,14098284
2023-09-18,219.2403712896138,224.0044496609407,218.3615624978137,223.12564086914062,11163399
2023-09-20,223.40314847360352,227.5659400600682,222.33932960321,223.63441467285156,18936709
2023-09-21,222.06179684544688,224.69822292304454,219.3328586463751,221.04421997070312,10134737
2023-09-22,220.72047174492693,221.36801429599038,218.3152975662696,220.11917114257812,7209300
2023-09-25,221.2292552904216,222.24683228104035,219.3791255732017,221.69178771972656,8027642
2023-09-26,221.78431564806624,224.9757868145055,221.13677302399273,222.20059204101562,10681642
2023-09-27,221.92304189043165,222.47808642162272,220.02667032549456,221.36801147460938,9679279
2023-09-28,221.6455238138258,223.12561897176803,217.9915066919723,219.28660583496094,32887087
2023-09-29,221.59926955608648,232.65379078836455,221.5530134942875,227.149658203125,35038887
2023-10-03,226.03960364031292,228.2134975868321,222.52435435774308,223.12564086914062,14885044
2023-10-04,222.9406266648238,222.9406266648238,214.15251067596145,217.52899169921875,25424437
2023-10-05,219.4716153090053,219.6103693774897,214.66128135818292,216.32640075683594,22472389
2023-10-06,216.69641509152845,219.70287549301176,216.1413706020306,217.8990020751953,8825123
2023-10-09,216.32643522794095,218.59284143833017,213.2274621278736,217.11273193359375,10659145
2023-10-10,217.29771353028937,219.1016011631293,216.23389466791014,218.2227783203125,11665907
2023-10-11,218.5465670025454,221.73803785633413,218.3153007940771,220.81297302246094,14313043
2023-10-12,221.04423625789238,224.55948540240445,220.72047203961287,223.49566650390625,13170027
2023-10-13,222.52435946859646,225.53082032537444,221.64555065661224,223.91195678710938,11880728
2023-10-16,224.65198559705718,226.64086921133588,222.94061012217122,225.20701599121094,6936948
2023-10-17,226.50215141222347,228.67604550600007,225.06829796249053,227.51971435546875,10084205
2023-10-18,227.47340837297267,228.3059750878914,223.4956413802637,223.86566162109375,6987265
2023-10-19,222.20056684263196,223.68067620012476,220.62795947240141,221.5530242919922,11485237
2023-10-20,221.04425742196815,224.00446231090135,219.74917219411313,222.94064331054688,9040953
2023-10-23,222.75559129079633,222.8480892951919,217.3902129979853,218.82406616210938,7058625
2023-10-25,218.31528846475672,218.5928107223195,211.2385485314321,214.66128540039062,23949207
2023-10-26,213.55120399631403,215.81760981936523,210.68349761425384,214.29124450683594,17410264
2023-10-27,214.61504217320237,220.5817075484783,214.61504217320237,218.87034606933594,10519462
2023-10-30,219.65661334151227,220.53542199603982,213.36617046824222,217.0201873779297,8812268
2023-10-31,216.92772284448415,219.4253952950992,216.0489139971861,218.13031005859375,6583581
2023-11-01,218.96284713685048,218.96284713685048,214.70755729675378,215.1700897216797,6718059
2023-11-02,216.65016963205218,218.03776680832325,216.23389330224452,217.62149047851562,6057787
2023-11-03,217.90169992584364,219.72299287189608,217.90169992584364,218.8824005126953,6825146
2023-11-06,219.81638733174117,221.54427470602798,219.06918624344198,220.28338623046875,5338605
2023-11-07,220.70368486673357,223.739177742541,219.67628157732852,223.36557006835938,7002346
2023-11-08,224.01937205027576,225.00005831275516,220.37677217651293,221.0772705078125,9777991
2023-11-09,221.5442679087524,223.87926233074955,220.42347343652878,222.24476623535156,13987058
2023-11-10,222.15141268359568,227.1949957897685,220.23671408251397,226.72799682617188,9589671
2023-11-13,228.78276274466603,234.0598589691222,227.24167204512503,229.48326110839844,18792969
2023-11-15,232.51875181777143,232.51875181777143,229.7167583893548,230.9776611328125,10965645
2023-11-16,232.37864110245835,237.46892594695493,231.30453514795707,235.6943359375,22145147
2023-11-17,236.30145726283774,236.3948627489876,234.43346155325008,234.99386596679688,5618928
2023-11-20,234.43346083128765,238.54304567905407,233.77966518528063,234.48016357421875,6283832
2023-11-21,235.9278506713733,236.11464738158512,230.97765946654604,233.49945068359375,6851869
2023-11-22,234.2466686980665,237.23545903239122,232.89237463660268,236.90855407714844,5275418
2023-11-23,237.23544465469678,238.82323808748365,235.08724683307895,236.0679473876953,8200025
2023-11-24,236.58166914139184,239.8973645117953,236.3014669231634,237.14205932617188,7149443
2023-11-28,238.0293853347398,241.2516611883377,236.9085763836197,240.55116271972656,6151585
2023-11-29,242.41912353395304,242.41912353395304,239.1968481469377,241.34503173828125,8637363
2023-11-30,240.92476454822582,244.38053960222655,239.10345728087782,244.0536346435547,21687673
2023-12-01,245.03432413975418,257.2697008011713,244.4739197691262,251.19871520996094,29121320
2023-12-04,257.7834371279004,260.5854310097254,255.2149427362275,256.6626281738281,20464526
2023-12-05,257.0362322637108,267.6370855758094,254.79461451164667,266.6097106933594,18883076
2023-12-06,268.9913624724992,269.2248619190899,260.5386939072556,262.5467834472656,13415314
2023-12-07,263.24732463776456,269.22490574283205,262.7336086696334,265.068603515625,25133786
2023-12-08,267.5437344850088,272.6340064065801,262.453434060081,266.2361145019531,20815064
2023-12-11,267.17005768863254,269.4583636862686,265.628967028532,268.3375549316406,8071675
2023-12-12,268.4776850842147,269.5517768778401,262.3132937641081,264.6949768066406,8640883
2023-12-13,265.95589062968645,275.43596320782655,265.72239116469115,274.6420593261719,23629670
2023-12-14,278.09785470925806,278.7983530838406,274.22176940390517,275.9029541015625,24900443
2023-12-15,278.3313776810782,286.73735888621144,275.5293839460338,284.9627685546875,28843558
2023-12-18,285.80335407495204,286.3170415126342,281.8338630461333,283.18817138671875,13307504
2023-12-19,284.86934849478314,291.87433247416305,282.5343538349898,289.2124328613281,15650536
2023-12-20,291.8742973600474,292.6682011495366,275.66943066994776,278.0044250488281,23497233
2023-12-21,276.2765508570427,283.1414407111922,273.84817926529644,282.0206604003906,17868637
2023-12-22,283.9353535272093,288.55865440210215,279.82576858472294,282.8145446777344,15207726
2023-12-26,286.22362322366797,290.19311367968,284.49572167743986,289.16571044921875,9917180
2023-12-27,291.0337108289595,291.64080367878177,283.5150116785454,285.8500061035156,12630732
2023-12-28,288.698737067715,294.6763175228165,287.4378342873115,293.1819152832031,37591916
2023-12-29,293.6022384467633,293.6022384467633,287.8114402058299,290.6134338378906,12682889
2024-01-01,291.4072809473366,292.6214665499447,287.4844792255526,289.3057861328125,8024960
2024-01-02,290.2865230464224,290.2865230464224,282.11404178381645,285.8033447265625,13506040
2024-01-03,286.92407940430655,287.6712660967262,283.2814658945614,285.9900817871094,14259987
2024-01-04,290.37991742891063,300.513799507696,288.23173383765544,296.17071533203125,40057506
2024-01-05,301.58789382571854,304.156387860087,292.0611330547994,294.1626281738281,27456415
2024-01-08,295.5635986328125,297.3381886526034,291.9677016038406,295.5635986328125,10136462
2024-01-09,296.87122277127315,300.2336207370189,295.19000953672406,298.64581298828125,12229517
2024-01-10,298.552418691264,298.645824180576,287.6713490152226,292.6682434082031,14455000
2024-01-11,294.1626375204287,296.35750968958286,291.7342373828328,292.2479248046875,10316319
2024-01-12,294.39614653765057,294.48952352403376,289.2591581390157,292.0144348144531,12341629
2024-01-15,294.1158939485269,297.01129275466695,289.16571713728916,296.35748291015625,9706124
2024-01-16,296.3108259173496,296.3108259173496,289.67943530253183,290.9403381347656,10162832
2024-01-17,289.3058084435324,293.36870443227133,286.8307200606661,288.885498046875,13502940
2024-01-18,288.55863386656125,290.75350591027393,276.97703825737864,279.5455322265625,32481018
2024-01-19,283.74853154142625,289.025642124314,281.7871588859781,288.0916442871094,28651237
2024-01-23,292.76162864939937,294.4895018170768,280.47953448984475,282.62774658203125,21652362
2024-01-24,282.9546588870077,290.19314219453014,278.56485760884675,288.4652404785156,23922028
2024-01-25,289.53931013111844,296.26410550969734,288.7921233127653,293.9757995605469,32525422
2024-01-29,296.8245121699274,304.24980664990795,295.2834213825785,303.1289978027344,24694773
2024-01-30,300.6071881858156,302.56858920485996,293.74229887083516,294.6296081542969,20918448
2024-01-31,297.52496722674397,298.8792753444882,291.9676978028167,296.5442810058594,20931224
2024-02-01,298.92597687062204,305.37058432906383,296.1707005328499,300.7472839355469,24020951
2024-02-02,302.61524942727914,311.6750383577681,301.7746572128728,310.5542297363281,32346639
2024-02-05,315.69127724824244,318.53995932502903,311.0679764315795,313.91668701171875,19651482
2024-02-06,316.88748036035946,316.88748036035946,310.28565785285195,315.18988037109375,12024661
2024-02-07,318.67940596223247,318.67940596223247,310.8986863804681,311.88897705078125,8080437
2024-02-08,314.95410133395023,316.1801425739959,309.3425406838797,312.07757568359375,17754869
2024-02-09,314.0109977752463,315.94437722770573,301.42037280700356,306.41888427734375,18304439
2024-02-12,307.5977705725481,308.11650247279147,296.61045732157885,298.1665954589844,11714289
2024-02-13,300.4300773446933,305.5229350265288,297.93082164922237,303.2594299316406,15426888
2024-02-14,302.64641937920993,310.61577427733926,300.2414811128302,309.3425598144531,14085723
2024-02-15,312.171916739591,321.508774958249,311.3702610460115,319.95263671875,21973316
2024-02-16,322.45186519031887,323.4421558272422,317.6419602183447,318.5379333496094,20307449
2024-02-19,321.03721734675753,322.45189371178293,318.30218213070805,319.4810791015625,8496898
2024-02-20,321.2258610738862,326.7902491706758,318.58511451865945,326.0357666015625,19340526
2024-02-21,327.26175546440334,328.2520172751905,315.66142233092296,316.9817810058594,17751633
2024-02-22,319.7168620253103,320.89575900917947,311.79468005004264,320.2355651855469,16083122
2024-02-23,320.65994770945133,320.65994770945133,315.8028983754788,318.5379333496094,9665454
2024-02-26,318.7736950775129,319.2452537980418,315.5199283931997,318.3964538574219,7711995
2024-02-27,316.9817810058594,318.7736984062488,315.09554610404723,316.9817810058594,8882923
2024-02-28,316.60456957361873,317.3590520926745,312.926388143648,314.341064453125,12977628
2024-02-29,314.34106628342363,316.88749516797446,311.7946661805361,316.51025390625,13149469
2024-03-01,316.51025362125716,324.76253213382597,315.9443773383484,323.96087646484375,13027254
2024-03-04,328.2049242614699,337.9190240128646,326.0829096649517,333.72216796875,38075510
2024-03-05,334.71240719296793,339.475168010554,333.43919276523053,337.8718566894531,15918221
2024-03-06,339.003587349819,339.003587349819,325.3755283455788,331.9302062988281,13120921
2024-03-07,331.97741110087696,333.7693288703723,329.80825202964576,332.1660461425781,9172926
2024-03-11,332.21316998996457,333.061970061853,326.9788788952655,328.15777587890625,10664917
2024-03-12,328.2049333048178,329.5724653729209,323.0649307389582,325.1398010253906,9637912
2024-03-13,324.2909600055148,324.9039806277253,301.3260429914607,304.1553955078125,23722232
2024-03-14,302.78787760778266,308.3522941724707,298.49670427229967,303.5423889160156,20859127
2024-03-15,304.2968461281452,307.5034397718044,288.358166631579,298.30804443359375,43285007
2024-03-18,299.06256633081534,304.53263634237635,297.0348694531675,299.1097106933594,13690352
2024-03-19,296.4218050352715,299.8170336346599,292.460728987369,295.62017822265625,13388060
2024-03-20,298.02510857748774,299.3926403668522,290.76309283682804,295.80877685546875,10026655
2024-03-21,299.2039932720478,307.78636731451235,298.9682139235276,306.5131530761719,23370426
2024-03-22,306.0416559068123,308.6352292619548,302.88220624512405,306.2774353027344,14709219
2024-03-26,301.8919168827667,311.5116980938996,301.8919168827667,310.3799743652344,11208959
2024-03-27,313.11500368723387,315.095556153636,307.73922253295115,312.7377624511719,45209520
2024-03-28,313.0207301208347,320.6599885454566,311.51173618311117,316.6988830566406,19868037
2024-04-01,319.7168625773023,324.8096918000769,317.0289716931071,322.8763122558594,8580656
2024-04-02,323.48928972812627,325.9414008876454,321.36727543690677,325.1868896484375,9745257
2024-04-03,324.7625145836233,333.95791014356547,322.54618271797153,331.27001953125,21679943
2024-04-04,334.8066898766054,342.0687056485648,332.59035814503386,334.4765930175781,28962927
2024-04-05,336.127097486303,337.82472638784014,331.55297149785235,334.38232421875,11208130
2024-04-08,335.37258916712807,345.18100542280996,333.1562572830809,342.8232116699219,11447140
2024-04-09,344.2378766627308,346.0297940999854,339.85238618212685,342.25732421875,10010148
2024-04-10,343.38905955145583,347.3973086001493,340.7954866375954,341.88006591796875,12886638
2024-04-12,341.88009814385634,353.19750828930813,340.4654218756749,341.1727600097656,30924494
2024-04-15,335.27829458661336,345.18102902588043,332.73186564670766,340.6069030761719,18126999
2024-04-16,340.46542759777856,341.3614007620168,334.42948117509235,338.8149719238281,15328939
2024-04-18,339.09783934237214,340.7011503862648,329.336597574625,331.1756591796875,22966560
2024-04-19,323.58362455881763,332.35460591955143,323.4893070511583,330.6098327636719,12867942
2024-04-22,334.80671666185924,334.80671666185924,322.4518715019483,323.3949890136719,37382916
2024-04-23,326.3186798261619,328.8179356349716,324.43244468265806,327.40325927734375,14651106
2024-04-24,329.9025046232929,333.06195414479265,327.54471076869055,331.64727783203125,11132307
2024-04-25,331.034247144457,340.0881810278174,329.2423296256486,338.767822265625,19865014
2024-04-26,340.1825114046537,340.84267641989294,334.80672986319894,335.7498474121094,10986589
2024-04-29,339.2394382815767,342.96473581862915,336.645864682426,342.3517150878906,13652173
2024-04-30,344.19073880736045,344.6622975514277,338.86210197407104,342.540283203125,14566548
2024-05-02,342.5402808744374,351.4055794463008,342.5402808744374,348.0574951171875,27892188
2024-05-03,351.12262529630823,358.76188261899205,339.8523887112432,344.19073486328125,26844664
2024-05-06,346.87859518536254,347.86888580137645,334.24082679880854,336.5043029785156,15319437
2024-05-07,337.8718652835294,338.0605003078675,327.1203308745244,329.28948974609375,10028071
2024-05-08,325.56415574210763,338.1076063333009,325.56415574210763,335.2311096191406,9595776
2024-05-09,336.2213726058406,337.63604878791284,325.2340600147448,326.36578369140625,9043486
2024-05-10,327.8747814103867,336.07991488004933,327.7804639074223,335.27825927734375,11699095
2024-05-13,335.27831879537575,335.7498776122469,326.79026009169536,330.9399719238281,10691781
2024-05-14,330.609851043294,336.92875024423495,330.3740716519404,335.56121826171875,10891985
2024-05-15,337.16452390509795,342.82322920140734,336.3628682317881,340.7955322265625,8538183
2024-05-16,343.15333850455954,343.15333850455954,332.96765133400567,340.8898620605469,13114162
2024-05-17,341.83294005769295,345.6525543157758,339.8523876054176,344.66229248046875,8509179
2024-05-21,346.12413402270244,352.8202742519538,344.56799585222996,350.8397216796875,10939593
2024-05-22,353.66905199269536,355.8853838081818,349.5193408723133,352.58447265625,14001806
2024-05-23,353.7161926496941,354.2349245228482,348.48190224767745,351.12261962890625,15370357
2024-05-24,351.7827967302282,356.639845674059,347.72740334761056,353.62188720703125,13317821
2024-05-27,358.3375102113439,358.8562133302996,347.0672444298298,348.6233825683594,21891930
2024-05-28,351.4056006123417,352.01862125605305,343.38910153484284,344.6151428222656,10200096
2024-05-29,340.93698664282624,345.5111124135923,339.5223103497025,343.86065673828125,18146672
2024-05-30,343.2947427810277,344.0492252085419,336.8343826619209,339.2393493652344,14425073
2024-05-31,342.77601584275885,345.7939741243388,335.27822132163726,338.5791320800781,30515612
2024-06-03,363.1001802235183,370.8337540162666,352.20718632947575,369.51336669921875,39261174
2024-06-04,369.60775722457834,369.60775722457834,296.09176243855705,312.4076843261719,84042244
2024-06-05,320.6600012457615,322.7820159598879,297.36498376024105,321.6031188964844,46418629
2024-06-06,328.01625603614235,339.286521709843,325.37553854036366,329.8553466796875,33171039
2024-06-07,331.9773790783302,341.40855462032823,327.92198510793656,340.08819580078125,23930193
2024-06-10,344.2379027155794,349.04780793451334,341.21991506951724,344.1435852050781,16072588
2024-06-11,347.77461833714415,350.7926061987699,344.14360978596903,346.50140380859375,11235777
2024-06-12,348.529079199092,352.72596381057303,344.61514712169776,350.1795349121094,12134524
2024-06-13,354.98943234903857,354.98943234903857,347.020106493726,348.9063415527344,11243702
2024-06-14,348.95348937372086,349.7551450380742,345.2753367285467,347.4916687011719,10298434
2024-06-18,350.6510794629077,351.0754938559896,347.7274382009211,348.6233825683594,10228382
2024-06-19,348.76481159482535,349.8022465167015,340.984092853244,341.88006591796875,8337334
2024-06-20,341.8800948847965,344.1435711359772,336.7400929800706,337.30596923828125,14338604
2024-06-21,339.4751698554742,342.3045224739724,336.45718221641084,339.33367919921875,17931844
2024-06-24,337.25879576107,343.90776207148616,335.3253877775617,342.1158447265625,9335598
2024-06-25,343.5305377267369,343.95495210001087,337.40027418459886,340.3239440917969,14983828
2024-06-26,342.3516851505414,346.0298379949994,339.19223546788805,344.2850646972656,15918394
2024-06-27,344.28499018374663,359.4220414952767,343.3890459362054,355.69671630859375,55378829
2024-06-28,356.45124998912274,367.3442449704475,355.272353182414,356.8284912109375,25141039
2024-07-01,360.03512294684174,360.2709023331854,346.8786216761975,348.71771240234375,23389211
2024-07-02,351.405589023142,351.405589023142,344.3793520801558,349.3307189941406,13702830
2024-07-03,349.47217577837915,352.9617220177389,347.68025829667886,351.4527282714844,9207317
2024-07-04,352.6316316223521,359.1863098367604,350.6039347299438,351.7356872558594,14916930
2024-07-05,353.05601122699767,359.56351565564665,349.89656211998664,358.19598388671875,15946104
2024-07-08,359.186299499473,359.56354073670053,354.7536358124806,355.9797058105469,8898299
2024-07-09,357.6301425007019,358.6204042937801,353.71618212410715,355.6024169921875,8355819
2024-07-10,357.2528754670758,361.9684626764177,348.9534534912982,359.7049865722656,17715196
2024-07-11,360.6481391010833,361.49693912501135,353.2918338514895,355.6496276855469,19873143
2024-07-12,357.39434487207876,357.81873042670617,350.8396675279127,355.69671630859375,16151583
2024-07-15,357.0643199567442,366.82559262267625,355.4610085652071,363.7132873535156,22951140
2024-07-16,364.6563625348744,366.63691497014497,358.384637141235,358.8090515136719,11893034
2024-07-18,361.11968362763827,361.11968362763827,352.91457867767343,356.26263427734375,15709153
2024-07-19,356.2626835835513,356.4984629902909,342.2573810668852,343.9078369140625,13330099
2024-07-22,344.00214601488636,355.7911160633746,341.7386695219096,352.2544250488281,18715538
2024-07-23,355.2723566191035,363.713240567794,340.9841041582493,360.6952819824219,49882257
2024-07-24,362.25144541100974,372.5314206289964,359.9879691179509,370.2679443359375,36868466
2024-07-25,368.7117821773607,373.7574375586215,364.27911860657116,369.843505859375,25973101
2024-07-26,372.4842607147642,376.77543374158455,367.53289393843556,373.7574462890625,20381410
2024-07-29,381.0195121138672,385.0749062994428,370.3151215493847,371.4940185546875,27751449
2024-07-30,374.4176954553519,389.2246536144893,374.4176954553519,383.8017272949219,34447139
2024-07-31,386.20661973953247,393.65724230051944,385.3106465937722,392.3368835449219,29727771
2024-08-01,396.0150139076682,400.2118980983625,391.959620360663,399.36309814453125,28803487
2024-08-02,392.57267947891074,402.05099932663705,389.83764434518014,395.8264465332031,24233263
2024-08-05,384.4617925535299,392.00673156120536,381.6324404256516,389.7432556152344,42489503
2024-08-06,389.74331266104457,400.77779908752495,389.74331266104457,391.3937683105469,18230579
2024-08-07,400.18646248111804,400.18646248111804,394.48309246951067,395.71881103515625,15556736
2024-08-08,395.76639019644034,396.38424953183176,385.73794633415446,387.5440368652344,16447385
2024-08-09,393.34243874585275,395.766388602562,388.01931617729446,390.3481750488281,10954753
2024-08-12,389.73031856057224,389.73031856057224,380.3197630117318,381.0326843261719,26254763
2024-08-13,383.0763256005192,384.5021680034988,375.471832784628,376.6125183105469,11355664
2024-08-14,379.17907834289656,380.22470207537236,374.1886291281573,376.7551574707031,9424614
2024-08-16,378.3710632324219,381.12771529773863,373.8558952749522,378.3710632324219,13844122
2024-08-19,382.4109504905436,387.35388280720224,381.6029962733553,383.1714172363281,10677045
2024-08-20,384.54971348285216,388.01928679884855,383.1714164613233,386.1656799316406,10126083
2024-08-21,387.3538822208826,389.4451295075744,385.16760197384684,388.7322082519531,9726854
2024-08-22,389.5401630188982,389.7778034377748,382.36343397236266,383.4090576171875,10445288
2024-08-23,383.4090581336238,385.8329788058934,379.7969063565307,382.0782775878906,11513586
2024-08-26,382.5535266090836,395.38610817840873,382.0782458102197,394.3404846191406,13772637
2024-08-27,394.95837458899234,395.6237793627144,388.87478569191666,389.3975830078125,8441188
2024-08-28,389.77777106922434,393.91271981606326,387.21127216379307,388.82720947265625,15884745
2024-08-29,388.8272706203347,392.20178222413597,383.78930496977915,389.63525390625,19014705
2024-08-30,392.29678318555546,398.4754335739323,391.15609766416617,395.6237487792969,22633988
2024-09-02,397.14468618311986,398.3804338591832,387.54403574815154,389.7303161621094,11107165
2024-09-03,390.2055667172164,391.2036448702043,385.54782032187273,386.3082580566406,7538160
2024-09-04,380.22466993970386,388.06680375721027,380.12960797045093,385.0725402832031,11052003
2024-09-05,385.3102113566716,388.2094130920823,381.98324523001025,383.31402587890625,14246871
2024-09-06,383.3140272220206,384.64480787557966,373.2856123229109,375.2817687988281,17956121
2024-09-09,371.85977174484873,373.3331308678429,366.25143415936515,370.5765075683594,12293356
2024-09-10,370.8141155809618,379.6543275635485,370.48141319261924,376.70758056640625,15852309
2024-09-11,379.2741100423236,379.5592669425787,368.3426507303268,370.3863525390625,11492592
2024-09-12,371.6696443761837,386.1657110686052,371.33694196180227,384.8349304199219,24028069
2024-09-13,384.8348690409721,387.16372755251774,379.60678024804724,381.555419921875,12017217
2024-09-16,382.55358663272017,391.63143971182376,382.1258222430902,390.77593994140625,11479712
2024-09-17,391.48882901518476,397.00207508953594,389.8253460951326,395.71881103515625,14432501
2024-09-18,397.81005892991215,398.9982610175164,392.5819697444533,393.67510986328125,10303840
2024-09-19,403.0381475834211,410.50006248549533,399.75869822242566,402.9906311035156,59601773
2024-09-20,406.88791073864184,408.5989391478377,395.95645154711036,402.9906311035156,36084164
2024-09-23,406.3651429417406,409.21682815536684,403.9887385970521,407.1731262207031,14139629
2024-09-24,410.1198427075273,410.1198427075273,405.8898316871116,406.9354553222656,12539885
2024-09-25,406.9354541970759,415.3954472056752,404.60656651652874,414.5399475097656,19443168
2024-09-26,416.29852335550765,416.29852335550765,409.2643433109764,413.1141357421875,20041825
2024-09-27,414.4448848270497,420.62353563295756,412.0684806709313,415.3003845214844,53885913
2024-09-30,415.3003845505462,426.2793891578854,412.1635426677863,421.2889404296875,20903229
2024-10-01,423.95050161231416,425.61398452222795,417.10644603656147,418.3421936035156,15984996
2024-10-03,410.6426692726652,420.6235674841536,410.6426692726652,413.8270568847656,13563784
2024-10-04,411.4981396838071,417.62927403712814,405.224426882259,409.1692810058594,18347292
2024-10-07,409.3118616803518,411.59320389091215,388.8272402476825,394.9108581542969,23431004
2024-10-08,393.5325613378291,406.5552688117241,390.9660330299151,400.13897705078125,18706355
2024-10-09,403.46591274904824,403.75106964673415,396.38421669850067,397.7625427246094,13916492
2024-10-10,399.9013058607012,408.6464558125779,399.71118192331346,401.80242919921875,15866037
2024-10-11,402.9906307094901,405.55712980751457,398.85568165235975,401.6123046875,8639087
2024-10-14,403.6085202276325,404.93930086061727,399.2359304259607,403.5134582519531,8483177
2024-10-15,405.5571295169343,406.07995583920837,402.6103825467895,405.5096130371094,9365964
2024-10-16,404.2738349075414,408.17114325032804,400.42407204982595,403.2757568359375,6219440
2024-10-17,402.70547644828764,404.55908344988336,396.00402776653505,397.09716796875,11968387
2024-10-18,397.04962053042465,404.8917542954398,393.9602951078429,403.9411926269531,8828971
2024-10-21,404.9867866429599,407.5533147475299,398.38040046226894,403.98870849609375,9139781
2024-10-22,401.94497702605867,405.224397129858,393.00970381751915,395.19598388671875,14242323
2024-10-23,393.53253197843156,394.2454532320157,381.8406350231881,388.11431884765625,22522821
2024-10-24,389.01733348823035,394.72070306899855,386.68844597254827,391.53631591796875,9400171
2024-10-25,382.6010744651104,387.35388284355895,372.23995800186054,379.1790466308594,19642277
2024-10-28,379.17904587902217,386.40332040170773,378.1334222360687,383.9318542480469,11716022
2024-10-29,388.7797233551699,393.8176886068476,384.4546793565885,391.77398681640625,20284308
2024-10-30,393.6751419488806,394.293001283024,385.7379455550128,388.3044738769531,12264297
2024-10-31,391.1736762388107,392.7517549142615,385.9133945289978,390.3607177734375,12204072
2024-11-01,394.0429590454627,397.342602294981,392.46488021687617,393.4212951660156,2145479
2024-11-04,395.8123256490677,396.2426948562084,376.5405705968591,383.4745788574219,13866505
2024-11-05,382.5659915173096,386.4872987678558,379.84020299025497,385.5308837890625,6665326
2024-11-06,388.97393825143854,392.8952158578553,385.57864795964673,391.0780334472656,9700643
2024-11-07,392.9908999315078,392.9908999315078,384.4788126530508,386.2003479003906,7589295
2024-11-08,385.57867199119596,386.5829251770488,378.30991270833965,380.3183898925781,7536509
2024-11-11,380.7965723881851,383.4267132650421,374.72333216231317,375.4406433105469,12243693
2024-11-12,376.0145162971804,377.5925950623125,362.5290602190692,363.7245788574219,10549517
2024-11-13,367.2633451282351,370.7064448263059,362.8160213958165,364.7288513183594,20602407
2024-11-14,363.4854778392553,368.41103801595784,355.16468556677586,356.2645568847656,15086601
2024-11-18,363.4376523486218,363.4376523486218,346.84384843679027,350.71734619140625,16383636
2024-11-19,351.9606738534021,362.0030300367193,349.139238298341,350.71734619140625,17055094
2024-11-21,347.84808571715234,348.4697495198228,339.3359703710982,340.62713623046875,21276150
2024-11-22,341.48794176092724,351.0999293953261,340.19680494527046,349.5218505859375,15949254
2024-11-25,357.69916029441015,360.75969954410783,351.48246365827737,352.3432312011719,18388844
2024-11-26,353.873490396688,354.2560504947591,344.5484457173158,345.8874206542969,11222231
2024-11-27,347.9437280729496,355.4037817867321,345.60052908630234,353.2040100097656,14225274
2024-11-28,353.5865860558641,355.6428721710864,343.9267901149172,346.2699890136719,16837860
2024-11-29,347.4177023397705,349.47398847758507,344.5006486544366,347.8002624511719,14280017
2024-12-02,347.80027329354465,348.03937701905755,341.4401200323953,342.58782958984375,12510350
2024-12-03,343.3529443959696,353.8735081518349,342.5878241614385,351.4346618652344,14205760
2024-12-04,352.8692668749683,358.7990213701867,351.96066110202884,356.5036315917969,22035954
2024-12-05,356.5036770933476,357.6513867227602,348.51760632297817,353.0605773925781,18758283
2024-12-06,353.3474851209766,355.0212111421716,352.00848095404825,353.3952941894531,9736086
2024-12-09,354.73426543105546,357.0296552555859,351.7215644621427,353.73004150390625,10878679
2024-12-10,352.91712098576863,355.0212455772023,350.4304362470202,353.0605773925781,7913822
2024-12-11,353.15616610797093,354.5907883128781,348.8044904280714,349.5696105957031,9998662
2024-12-12,350.0478441125062,351.0042589871305,337.61445074238986,340.10113525390625,22538216
2024-12-13,340.2446125771388,342.6834589824658,332.880205914537,341.5835876464844,14269143
2024-12-16,341.583561990009,343.2572879978436,336.3711185066604,337.518798828125,12168143
2024-12-17,336.6580752898099,338.4274488525484,332.1151041033707,333.8366394042969,15646176
2024-12-18,334.31482202899264,335.70163533141687,325.1810712612015,326.85479736328125,14672392
2024-12-19,322.3118063503156,325.7549056681087,320.4467857068336,322.6943664550781,14513129
2024-12-20,323.07695709113017,328.91109409935586,316.57334713317,318.72528076171875,20375797
2024-12-23,321.2597520816882,323.50733288527266,316.09511757156724,319.1078186035156,8884187
2024-12-24,320.4946476131742,322.1683737340559,317.2906517728502,320.6859130859375,7755462
2024-12-26,320.68590334762325,322.694380469183,317.7688495862276,320.0642395019531,9030212
2024-12-27,321.97709620873263,325.1810922195662,319.6338970272788,320.3990173339844,9090597
2024-12-30,320.3990325356618,322.12056790116384,313.13027252720946,316.9559326171875,36657549
2024-12-31,315.71257432810154,320.01644151443213,311.9825619374418,318.8209228515625,8580998
2025-01-01,318.4861547695367,320.06423348270346,314.4692006019617,319.1078186035156,7843971
2025-01-02,319.10783868790577,323.84210431284254,315.6169299966485,323.26824951171875,16543382
2025-01-03,323.3160333870435,329.48492094030235,322.35961852219503,325.03759765625,8689629
2025-01-06,326.8069630201821,326.8069630201821,312.2216366870997,313.2258605957031,10538077
2025-01-07,312.747653996052,315.95164956102747,310.9304716298982,314.2779235839844,13891401
2025-01-08,316.0951291262153,316.0951291262153,307.8221459563206,311.2174072265625,8993608
2025-01-09,309.9262297454876,311.74344136485973,305.86146651130457,306.38751220703125,12403467
2025-01-10,306.3875060057976,307.0091698268324,294.19321655005893,294.81488037109375,15941143
2025-01-13,287.97653933549753,296.440817246911,283.91177591016867,285.20294189453125,29630336
2025-01-14,287.3549039014312,299.07098787471773,287.11580014687434,296.8712158203125,22732888
2025-01-15,298.92743481431563,310.16530874248485,298.92743481431563,307.3439025878906,21894626
2025-01-16,310.54792907295,313.03458445791597,307.6308461214071,311.31304931640625,14865186
2025-01-17,311.12176437417355,314.6605112824279,309.2567727772292,311.9347229003906,7129232
2025-01-20,311.9825353321262,322.31180402347104,310.40442748174263,321.4031982421875,17991880
2025-01-21,323.07691376030164,323.5073121032738,309.6871063118291,310.1653137207031,12774630
2025-01-22,312.7476587176767,312.7476587176767,303.51826117099364,308.34814453125,11068145
2025-01-23,307.0091770550428,310.9304839078808,305.6223638014589,309.5436706542969,6477347
2025-01-24,310.6435419308638,315.5212636654932,308.06123926250655,309.5436706542969,7492600
2025-01-27,309.5436749545241,310.8826499701401,301.270691949592,308.1568908691406,13803855
2025-01-28,308.4438223887501,309.7349884129873,294.71926197364854,304.3790588378906,22008929
2025-01-29,306.05274197470817,308.82633911136116,299.6447510146271,307.2482604980469,16056888
2025-01-30,308.20468593160433,312.5563618314478,307.15262375733937,308.9219970703125,10375720
2025-01-31,310.801598331615,314.46431265936957,306.07858588906396,312.29559326171875,13195557
2025-02-01,314.27150975849037,318.84991714153466,305.3074818061641,306.2231750488281,10097627
2025-02-03,298.89774432703854,302.7050342137615,293.0180989583333,300.0061950683594,15881217
2025-02-04,303.47616157489125,308.8738694489452,299.090511058098,307.5726318359375,12141064
2025-02-05,309.40398502652573,311.3799177131309,306.89790325231695,308.0545654296875,12226722
2025-02-06,310.94614725317695,311.0425406567778,300.15073318288887,301.5001525878906,13384442
2025-02-07,302.17489325347316,307.7171759845975,300.8254737758793,305.5002746582031,8937447
2025-02-10,305.0665467488017,305.4039090026422,297.8374816599676,299.2832946777344,6806132
2025-02-11,301.0664611235982,301.0664611235982,293.1626717587821,294.560302734375,13241830
2025-02-12,295.1386160988041,296.3916421695631,289.1625777264031,295.1867980957031,7616083
2025-02-13,295.09042587153056,297.45193219188593,292.1506178863165,295.6205749511719,9086906
2025-02-14,295.76512812759324,297.1145476026962,287.57218845322853,289.49993896484375,7446248
2025-02-17,286.7529327810865,292.24703435168885,282.2227066147903,291.427734375,6464173
2025-02-18,290.27104331165907,301.114640533775,286.7529043181783,299.9580078125,15793327
2025-02-19,299.958020274916,304.92197243758386,299.37968918268047,303.4279479980469,13079903
2025-02-20,301.259188549492,315.33177265874565,300.24713133352384,313.4040222167969,22888146
2025-02-21,311.62085073319656,317.837857745525,309.93406907723096,314.46429443359375,10809296
2025-02-24,310.4642496834838,313.64502650650394,307.9099859419506,308.5364990234375,6034113
2025-02-25,308.5364616518836,309.88588106743913,304.34359859111635,307.1870422363281,10686112
2025-02-27,303.95807843946125,307.7653681840605,303.1387785603244,304.2954406738281,7302366
2025-02-28,302.65684486370907,304.2472332291687,295.4759620969059,300.198974609375,21127180
2025-03-03,300.0543393815916,306.3195282105659,296.5844121776538,303.0423583984375,9779703
2025-03-04,300.0543568823976,303.5243137038591,296.8735802882221,302.4158630371094,8734999
2025-03-05,302.22309149917504,315.4763770035505,302.1749094997606,314.4161376953125,10493615
2025-03-06,317.11496682669656,326.5609327959042,311.5245019739229,325.6934509277344,26294903
2025-03-07,323.7175123611259,326.5127447356134,316.8258101264868,317.64508056640625,8992315
2025-03-10,317.54869969083074,322.8500133456684,314.5124692473141,317.50048828125,11383132
2025-03-11,315.1872044215842,321.2114246895809,312.0064278861372,318.36798095703125,10299324
2025-03-12,319.04268846788625,322.70540243046605,314.60885670282795,318.223388671875,6984859
2025-03-13,320.0065801747548,322.46445027449965,316.58483483351966,319.9101867675781,8965150
2025-03-17,320.9222754416158,322.41627030928066,318.56076931903516,319.6692199707031,4353561
2025-03-18,319.6692199707031,319.6692199707031,319.6692199707031,319.6692199707031,0
2025-03-19,326.7537405717848,331.4767238592632,324.19947680137574,328.97064208984375,30582397
2025-03-20,332.2478015879448,332.2478015879448,328.00672706884234,329.40435791015625,15002119
2025-03-21,329.64534663817545,341.06727461963135,329.40437781753354,338.609375,36406837
2025-03-24,344.1034306763234,354.7060573918404,340.87444302084344,353.6940002441406,24588471
2025-03-25,355.66993254779646,358.031438445943,350.9951321583824,353.6940002441406,23189083
2025-03-26,353.69403150382516,355.669963982115,340.5371109300999,341.8383483886719,18668095
2025-03-27,341.11545443316186,351.28435624821253,338.3202220146442,347.6216125488281,37930538
2025-03-28,348.92286929746507,351.1397707893761,343.57337298451324,344.68182373046875,11327077
2025-04-01,339.62146724564155,349.7903398768485,338.1756542981634,339.4286804199219,18736320
2025-04-02,339.4286961095896,340.6817517044088,334.5129259779107,339.04315185546875,13593404
2025-04-03,339.04308252628414,348.2962898087492,339.04308252628414,345.9347839355469,10317410
2025-04-04,345.886639967418,345.886639967418,335.958707225485,337.74188232421875,10872963
2025-04-07,316.1510754524026,338.7057499522599,312.29557453225135,337.1635437011719,18025165
2025-04-08,343.95890636745287,345.30832590316726,337.3563546855786,340.1997985839844,17506712
2025-04-09,341.2118728795044,341.98296139114177,335.6214076322809,336.7298583984375,7462119
2025-04-11,338.3202208316663,348.4409111984255,338.3202208316663,347.09149169921875,11246077
2025-04-15,353.7422238685345,355.13985477521504,348.48909188426774,349.40478515625,17497327
2025-04-16,349.40475538287455,349.88669297650614,344.97092363843706,346.3203430175781,11541484
2025-04-17,346.27217856606285,352.2482167958886,344.3444280938788,350.8505859375,12288196
2025-04-21,352.58558145868125,354.8989057664617,348.7300801659012,351.3807373046875,7375594
2025-04-22,353.79042439345767,353.79042439345767,346.7059643245008,347.236083984375,12077119
2025-04-23,349.8385055146482,351.0915314724489,344.9709182459761,350.65777587890625,9719205
2025-04-24,350.6096179059867,353.21209281526154,348.5372920268208,350.0794982910156,7491123
2025-04-25,350.0795225670266,352.5855748280934,338.4166254926667,343.5733642578125,9785640
2025-04-28,340.92270245913153,349.79033749417647,340.92270245913153,348.44091796875,5315840
2025-04-29,350.8506069060777,351.1879691418999,341.3082473814952,344.0552978515625,9472828
2025-04-30,344.1034801143822,347.95898129213435,339.28410364219195,341.7419738769531,16739088
2025-05-02,341.74194852398716,345.0673298091527,335.04303337370203,336.1033020019531,8221620
2025-05-05,338.320191544635,339.28406673422086,333.06705999533756,336.00689697265625,9492646
2025-05-06,336.3924586579658,336.8743962778196,327.717581500597,329.4525451660156,8904223
2025-05-07,325.7898290319651,331.2839296308078,324.82595379814273,329.6935119628906,8465490
2025-05-08,328.7296782067648,330.70564033450177,326.17541439787703,327.7176208496094,14286109
2025-05-09,322.12707649559184,326.51269652044,318.6571201845987,322.6571960449219,11322011
2025-05-12,328.10313223994723,336.5852521671801,325.8862309105771,335.9587097167969,7978210
2025-05-13,336.0069422827867,337.1635750171784,328.1995463112961,329.1634216308594,14738980
2025-05-14,330.07908320594566,331.4285026405291,325.5488578736256,326.3199462890625,22485535
2025-05-15,327.2356314376291,331.3321010506186,320.63308041366577,329.5971374511719,43307763
2025-05-16,330.6091730092262,335.04300453610864,329.6452978692576,330.70556640625,6920351
2025-05-19,330.7055861657448,335.1394179575466,330.03086176139846,332.6815185546875,6218209
2025-05-20,334.36831509882245,337.0671834217282,329.21157667831176,330.2236633300781,9986143
2025-05-21,330.17545943144233,334.85026033799323,327.5730138715538,333.6454162597656,5930972
2025-05-22,333.6454242078947,334.4647240836346,326.03081533512795,329.0670166015625,8717514
2025-05-23,329.64534660520286,332.4887904545491,327.862171449603,332.15142822265625,4045937
2025-05-26,338.32022054747205,338.5130073679706,330.17546273119956,331.0911560058594,16655082
2025-05-27,331.5730780415313,332.05501565496377,324.6331646420489,326.3199462890625,24937330
2025-05-28,326.3681760793114,328.3923200527474,324.9223631575913,327.7657775878906,10985957
2025-05-29,328.6814833620073,329.88632750922875,325.8380394085086,327.0910949707031,15884093
2025-05-30,325.3078777212993,328.44047209935627,320.825863955722,321.8379211425781,19143010
2025-06-02,321.83795015770926,322.7054320268128,318.36799326615596,320.5367126464844,29479727
2025-06-03,320.9704668868705,322.65724861975946,315.1872152312512,316.3920593261719,14081719
2025-06-04,317.1149272064232,318.0306203732254,313.11485118091946,317.35589599609375,15654279
2025-06-05,317.307767483912,319.62106237160947,315.7655610870669,316.7776184082031,16270360
2025-06-06,317.74148451257656,321.45241027433366,317.1631534536428,320.8258972167969,11402511
2025-06-09,321.8379203864691,325.3560589505327,320.72946979986494,324.9223327636719,19416373
2025-06-10,326.5609290462194,328.5850729921332,324.63317851013755,326.9465026855469,12061248
2025-06-11,328.6814628326865,330.22366912783235,325.2597174343547,325.88623046875,10807496
2025-06-12,325.9343991915783,329.3079624556952,320.6330854908232,321.6451721191406,11881618
2025-06-13,314.9944534606377,320.8740989944702,314.80169603920433,319.95843505859375,11711773
2025-06-16,320.00657248194324,322.5608359274614,318.65715305932395,321.6451721191406,8065112
2025-06-17,321.93437173212925,324.7296044060565,321.06688978713686,323.0910339355469,6796992
2025-06-18,323.0909886526616,323.76568366414176,318.8017321158864,320.3921203613281,17835507
2025-06-19,320.3921268782895,321.1150333150253,316.6812012866846,318.12701416015625,11610604
2025-06-20,318.07887027425943,323.86212246106413,317.7897194309759,323.0910339355469,16592862
2025-06-23,321.6451685136371,323.572918928666,318.4161806854362,320.58489990234375,8277787
2025-06-24,319.04269686033837,319.71742127836376,309.74130689834385,318.0306396484375,100814893
2025-06-25,319.52464535364925,321.6451826695628,317.50050144575687,318.89813232421875,17963666
2025-06-26,320.3921127882183,325.5970330207888,319.3318441779395,324.97052001953125,13754087
2025-06-27,326.70552192562155,328.9706051906053,322.3680833779949,326.0789794921875,50845169
2025-06-30,323.62108810704717,325.06690086106227,321.5969443683989,322.8017883300781,11858890
2025-07-01,323.13916331922974,323.13916331922974,320.1511442929075,320.58489990234375,8903292
2025-07-02,320.6330907344818,323.524716436729,319.33185328544306,321.693359375,11326880
2025-07-03,322.5126647949219,324.19944648379163,319.0427080090765,322.5126647949219,15786429
2025-07-04,323.5729748291448,323.8621256752981,320.247593022672,323.38018798828125,5899185
2025-07-07,323.3801361457435,326.75369941403,321.6933545116003,325.25970458984375,9454556
2025-07-08,325.9825955662361,331.47666640816885,324.82593359154714,330.8019714355469,12092302
2025-07-09,330.8501831542614,333.1152958993795,330.41642752099716,331.5730895996094,9079872
2025-07-10,331.57310463457827,332.5369799387486,328.87426554895745,329.115234375,6426072
2025-07-11,328.1995309892771,331.5730944502535,327.2356557147124,330.320068359375,17234194
2025-07-14,330.6573935770453,332.536962085322,327.6694038266501,329.7417297363281,11516965
2025-07-15,330.75380594540684,331.6694992537534,328.63329791760736,329.6453552246094,8450777
2025-07-16,329.6453459202335,331.3803096590212,328.4886838176156,330.0791015625,6001484
2025-07-17,331.7658748818231,332.0550256925682,329.6453375525641,330.2718505859375,7562006
2025-07-18,330.60921158047955,331.476693424631,328.34409885426203,329.7417297363281,6370338
2025-07-21,329.7417579700267,330.41645305540845,327.0428893830773,329.21160888671875,4463318
2025-07-22,329.211590800268,330.2236774954491,327.76577787727143,328.5368957519531,4728372
2025-07-23,329.4525351374317,331.5730723662942,328.63326474072926,330.6573791503906,5058422
2025-07-24,331.18754358088205,331.18754358088205,324.3440233857043,326.6573181152344,9098453
2025-07-25,326.6573096894179,327.62118491978805,320.5366960935399,321.1632385253906,7790739
2025-07-28,321.40423991012744,324.4404413105116,318.4162205100904,320.92230224609375,4605823
2025-07-29,320.0065832598592,323.38014663759867,316.6330198821197,322.5126647949219,7551356
2025-07-30,322.8981990124483,329.9344763592019,320.48851096011657,326.5609130859375,12537358
2025-07-31,323.91028728429717,327.81399995243777,320.97047934464405,322.1753234863281,8935384
2025-08-01,320.9704635213486,322.65724523655086,318.27162454308046,318.9463195800781,7107542
2025-08-04,318.9463231097009,321.25961789026496,315.3800022357469,320.006591796875,8193399
2025-08-05,320.4403165118763,322.27167347744904,319.3318365187726,321.54876708984375,9855535
2025-08-06,321.54880979339475,323.28377358800617,319.6210591704309,320.1029968261719,13872826
2025-08-07,320.1029728024356,320.4403350191633,316.7775914613369,317.8378601074219,8731389
2025-08-08,318.0787892302441,325.30785262184054,317.74142705560945,322.6571960449219,11247218
2025-08-11,322.8982022000437,326.8500965279076,321.8861449741285,324.00665283203125,11993280
2025-08-12,324.1030695738854,329.5007771360621,323.6211319239614,327.8139953613281,7221182
2025-08-13,328.006735881636,330.6092108232681,326.898285226918,327.6694030761719,5417151
2025-08-14,327.6694260443975,328.15136370328605,324.15125760239863,327.0910949707031,5689423
2025-08-18,329.1152284004567,329.45256121868067,323.3319766804204,323.9102783203125,6511340
2025-08-19,326.6572752260951,328.3440567012824,322.07886836487256,322.94635009765625,10316115
2025-08-20,325.5970671663213,330.9947747723254,324.34404103240075,329.6453552246094,10824544
2025-08-21,329.98268776933094,331.9104382111963,324.7295560491929,326.5609130859375,11135121
2025-08-22,326.2717404690978,326.6572846486634,323.3801149996523,324.825927734375,8534844
2025-08-25,324.8741458119554,329.0670090914061,324.8741458119554,325.645263671875,7142387
2025-08-26,324.0066528059,325.2114968438627,319.76560767529884,321.1632385253906,13113388
2025-08-28,319.28367017065307,320.8740584182869,316.82580009841325,318.84991455078125,10486948
2025-08-29,319.04272777872086,319.5246654339757,315.1872265366819,315.71734619140625,11813425
2025-09-01,316.1510955044204,319.62105243566754,316.1510955044204,318.7535705566406,6897558
2025-09-02,319.139111306881,326.0308136805144,319.139111306881,324.1512451171875,9224639
2025-09-03,324.34404294135953,325.7898559113804,321.45241700131766,322.1753234863281,10778333
2025-09-04,324.7067646668845,326.0698455924642,320.6174921772097,321.34771728515625,7934237
2025-09-05,321.34773721837695,323.051595909276,317.3558634843351,320.0333557128906,5678244
2025-09-08,320.0819655458704,322.22397081264296,317.7452514358026,318.0860290527344,5239184
2025-09-09,318.96234374910136,319.49783029431,315.1164795002645,315.55462646484375,9735495
2025-09-10,316.9176816311353,319.4004349937631,316.5769039878698,317.063720703125,6509477
2025-09-11,317.8426598818364,324.70676399720276,317.4045129327979,322.32135009765625,10309925
2025-09-12,323.2463323245451,324.70678262119213,319.74124567000473,322.9542541503906,5257048
2025-09-15,322.2727173686124,324.9988795276426,321.9319396704989,322.3700866699219,6566824
2025-09-16,322.4673861018308,326.94607586227164,322.4673861018308,326.2158508300781,8784889
2025-09-17,326.654039746334,328.55263695939334,325.729076034754,327.5303039550781,7936518
2025-09-18,328.1144962068359,328.69868226136424,325.2909649417087,328.0658264160156,6497322
2025-09-19,328.0658186662319,330.54857219815693,327.579001917781,329.7209777832031,10646331
2025-09-22,330.20780074061804,331.3761728440439,327.9684555408116,330.2565002441406,6966213
2025-09-23,330.49988150037825,335.02727103197225,329.18547042012597,333.9562683105469,10738268
2025-09-24,334.24832570139404,341.16112860542717,333.2260225429728,338.4349670410156,14653575
2025-09-25,340.09014866507107,341.5505988248918,331.03536955935664,331.5221862792969,13228081
2025-09-26,331.5222062123097,331.76561458691486,327.5790024288797,328.9907531738281,6337702
2025-09-29,330.1590993749751,334.68648884512965,329.08809666808384,331.9603271484375,16922231
2025-09-30,332.10636652454434,334.00493387161475,330.2077694645398,331.4735107421875,8308029
2025-10-01,331.3274478630151,334.00493982395403,329.1367726222469,331.2787780761719,6022078
2025-10-03,331.2788073444924,334.4431163051672,329.8183570549502,332.982666015625,8506827
2025-10-06,331.61956887075905,332.78791121772986,326.8000712648142,330.15911865234375,8436245
2025-10-07,330.15910697960675,332.39845201683084,327.9684317294348,329.0881042480469,16130172
2025-10-08,330.3051546275822,330.3051546275822,323.5383901273404,324.99884033203125,13223442
2025-10-09,324.99881520760243,327.53026797595663,322.4673921521814,326.9947814941406,6824759
2025-10-10,327.140830577588,332.9339613375731,327.09216079154476,330.7432861328125,8970962
2025-10-13,329.03945661263583,333.08002973683045,327.335597970017,332.6905822753906,6663149
2025-10-14,332.9826573309678,333.9562908319356,326.36196140956173,327.7737121582031,7545848
2025-10-15,328.06583054248426,332.7392596116203,327.8710919508797,330.30517578125,8121744
2025-10-16,331.2301379089212,333.5668524321098,330.69462164108523,332.495849609375,6788416
2025-10-17,332.49584996735246,335.1246723793556,331.1814387613509,332.009033203125,7032129
2025-10-20,332.3984437520054,335.36804351171804,331.3274410470751,332.9339599609375,6896835
2025-10-21,333.9076297508433,334.4431163051672,332.0577022804067,332.982666015625,346988
2025-10-23,334.735181602865,336.09829225769107,332.05768950835625,333.6155090332031,8710859
2025-10-24,333.4207964133735,334.1996913105691,329.23415463037406,330.64593505859375,7584711
2025-10-27,331.7169240706307,333.85889980555856,331.47351571123426,332.7392272949219,6752390
2025-10-28,333.3721338611261,333.8589506540638,328.4065966305741,330.20782470703125,13186584
2025-10-29,330.3051401920456,340.77169953490335,330.2077709067345,338.3376159667969,15423201
2025-10-30,339.7980550625007,339.7980550625007,334.39440160212416,336.049560546875,6721032
2025-10-31,335.9035643660486,335.9035643660486,326.75141522156105,328.0658264160156,18651312
2025-11-03,327.96845836548454,328.60131421323376,324.60941082390775,326.3619689941406,10242245
2025-11-04,326.55666864209536,327.14085468232963,321.00697554221045,321.88323974609375,11887651
2025-11-06,323.29496808757773,324.17126194368166,316.0414168721309,318.037353515625,11587302
2025-11-07,318.5283289460286,321.1794707235281,315.04259620636043,320.19757080078125,8578167
2025-11-10,320.19755509731823,322.3086338346486,318.1355593676349,319.559326171875,5246998
2025-11-11,320.0502674312487,321.52311720320074,317.00637190950687,320.7375793457031,6103758
2025-11-12,321.5722171004597,322.30864202511725,319.6575003102673,321.2285461425781,6850550
2025-11-13,321.22855805298707,323.9778958527718,319.6575121624255,321.0321960449219,7276001
2025-11-14,321.0812685537484,323.92877228182584,320.2957606167639,322.5050354003906,9169855
2025-11-17,323.0450662911643,325.4507330262238,322.60319935118787,324.2233581542969,6283156
2025-11-18,323.0941513705254,323.78149328929214,321.2285475462821,322.5050354003906,6776200
2025-11-19,322.99597779312717,322.99597779312717,319.16654428563004,320.6885070800781,6935056
2025-11-20,322.063160920233,324.0269606819417,320.29575312077765,320.6885070800781,5155775
2025-11-21,320.93397130137885,322.4559040796471,319.117450589597,320.7375793457031,6142545
2025-11-24,320.7867253718314,321.1794793584478,316.2208666361393,317.5955505371094,13719726
2025-11-25,317.59552844775567,319.70660719854686,316.66271157486347,317.84100341796875,8074651
2025-11-26,318.4301329607124,321.86678269032626,318.1355749699714,320.19757080078125,7101095
2025-11-27,321.2285347987564,322.7995805755875,319.11745608232985,321.4249267578125,6755179
2025-11-28,322.06316208278236,322.21044107240084,318.3810375162871,320.5412292480469,8930988
2025-12-01,321.179443359375,322.3086221812875,319.55931461791755,321.179443359375,6936186
2025-12-02,321.52313434011546,323.97788409087156,320.835792423821,322.6523132324219,5806943
2025-12-03,323.0450661313389,323.0450661313389,315.484424937927,317.1045837402344,8546132
2025-12-04,317.0554707662575,318.43012462909417,315.2880629376399,317.1045837402344,5965357
2025-12-05,316.41722880651815,318.2828325411183,315.14077097895114,317.4482116699219,6574010
2025-12-08,317.3500520266732,317.3500520266732,312.09688169508877,313.7170104980469,7906928
2025-12-09,311.70411532889455,315.58260170700606,309.83848166590883,314.0606689453125,7152584
2025-12-10,314.0606669946609,317.84098733772913,313.7169960607083,315.77899169921875,5484712
2025-12-11,315.82807794013553,317.5955156334812,313.37332833704846,316.7608947753906,6317942
2025-12-12,317.0554557382619,320.050268261456,317.0554557382619,319.1665344238281,4261023
2025-12-15,317.2027224952664,319.4119970737621,315.7298727762693,318.0864562988281,10219819
2025-12-16,316.2208633208038,317.93918821379265,313.2751635042515,315.18988037109375,5241263
2025-12-17,314.2079584143969,316.56451210946364,313.7660914867942,315.4353332519531,5043027
2025-12-18,316.1717569539835,316.3190359408899,311.26225762239994,312.735107421875,5554193
2025-12-19,313.17698480349634,314.79711364396724,311.753217963721,314.1097717285156,10833662
2025-12-22,314.1588997474406,317.7919115689627,313.71703278560295,314.89532470703125,8925871
2025-12-23,315.23894766047425,318.8719892391196,314.4534397346514,317.3991394042969,6024641
2025-12-24,318.03736281353645,320.737587463793,316.4172340164237,316.7117919921875,5678004
2025-12-26,316.71180181921807,319.85389349582005,316.46632684339625,318.2337646484375,4174183
2025-12-29,318.23377503863554,319.9029869495987,317.2027621273976,319.6084289550781,14043845
2025-12-30,319.1174830972158,319.65751608252776,317.4973541760716,319.019287109375,8035909
