Date,Open,High,Low,Close,Volume
2018-01-01,831.1461792445061,835.361482423476,824.7020352489752,826.0587158203125,472607
2018-01-02,827.657546159745,831.8729082232429,814.5754981647298,818.9846801757812,1181949
2018-01-03,837.1541725342486,842.4838956721328,826.5916066573155,829.7894287109375,2606556
2018-01-04,837.6386914417311,869.6654704157752,826.6884856963826,865.25634765625,3028931
2018-01-05,867.2914061333722,885.6547387962557,865.8378451175063,881.5363159179688,4036882
2018-01-08,882.7960375851615,901.2078100485184,878.6776147973054,897.4285278320312,2112170
2018-01-09,896.3626429651774,909.4446923489935,888.8525775781719,904.0665283203125,2419079
2018-01-10,903.6303172790558,906.4405585459688,883.6681055099818,889.1915893554688,1605433
2018-01-11,888.5134663532168,889.2886871058012,875.3344769770732,878.8230590820312,1597329
2018-01-12,877.9508099043893,888.9978967335902,864.820321210094,875.8189086914062,1874518
2018-01-15,880.8578472101101,893.3584937825292,869.9077009825909,889.8214721679688,2195562
2018-01-16,898.300585921014,898.7851061938948,855.275162030982,861.8646850585938,2383484
2018-01-17,865.159433927099,867.8242955711734,835.7975156414979,865.4501342773438,2553841
2018-01-18,869.9561669245597,875.6250305696107,847.9104940785182,858.424560546875,1285534
2018-01-19,851.883630580107,869.7624427967689,851.883630580107,863.851318359375,1483177
2018-01-22,862.4461045649132,883.7649970373043,859.6358632626083,881.5846557617188,1495629
2018-01-23,882.5052369087953,886.3813990920816,870.4891104823917,877.6600341796875,1747166
2018-01-24,877.66009026847,881.1001725968741,853.7247754279308,859.442138671875,1109233
2018-01-25,854.6937981900567,877.2724320500956,849.606335105592,856.728759765625,3104669
2018-01-29,859.9266779257997,873.5901271379586,853.2402739267583,868.4542236328125,1151570
2018-01-30,871.4097723312453,883.3774002585606,851.1567998359708,856.7772827148438,2101888
2018-01-31,855.6628808327426,857.552521900384,832.7935455015471,842.6292724609375,1431670
2018-02-01,850.333220003314,851.883661475584,787.5878342537817,805.2728271484375,6097492
2018-02-02,784.9229314245309,823.4422975036978,759.8732541230906,796.7452392578125,8088986
2018-02-05,784.9228669437377,791.4638908349356,770.5810782410348,777.4612426757812,3079541
2018-02-06,741.3160868437483,763.9916613936581,729.3968988451738,758.419677734375,3188895
2018-02-07,760.6968529958202,776.201502228856,755.8516501104965,759.388671875,2686877
2018-02-08,760.7938397760842,783.8570560515578,756.6269765411676,775.9593505859375,2219546
2018-02-09,765.6390074975167,779.1086964298339,758.8072826228573,772.131591796875,1564899
2018-02-12,778.1396352827793,787.6362217423016,771.8893113147236,784.0023193359375,2067452
2018-02-14,788.7991232300311,800.3307311222037,784.05080018136,788.5084228515625,2154852
2018-02-15,797.2297462091349,797.8111469348082,775.2325118561084,789.6227416992188,2225089
2018-02-16,794.6132432760833,801.2996466643057,773.924251392904,778.3333740234375,1698333
2018-02-19,780.0776614368281,783.9538237296819,765.5420528386263,779.0601806640625,1699508
2018-02-20,779.0602316370765,811.9591730793215,772.9552874555009,806.4840698242188,3881439
2018-02-21,812.0076341104344,815.4477166295541,793.4020415810426,797.423583984375,2067029
2018-02-22,799.4585397702838,810.117986967221,788.8475327769505,792.1907348632812,3244314
2018-02-23,796.7451835937452,798.1018049301485,785.1651367335157,788.9928588867188,2446637
2018-02-26,794.5648309444227,797.8595334106211,780.0776625255538,794.3225708007812,2438241
2018-02-27,799.4585337108323,809.8272804620095,793.8865499910295,797.1328125,2089446
2018-02-28,794.4195313259564,800.3307149143419,785.3105844936252,790.882568359375,1583674
2018-03-01,788.799102959497,796.8421286667065,782.9848589573385,785.1167602539062,975986
2018-03-05,784.9228545528271,789.6226776163155,776.2014895022402,783.85693359375,1262568
2018-03-06,787.3455143299041,797.7142609323425,774.3119059866567,782.6456909179688,1358775
2018-03-07,781.0467556950292,794.7102050582744,775.4263318131818,789.6227416992188,1826249
2018-03-08,794.6132418594726,796.8420232697264,783.0331955910709,792.3844604492188,1109489
2018-03-09,794.6133712226718,801.9780568587106,790.2526880879133,793.7412109375,1061685
2018-03-12,798.4894959310141,805.854181215848,796.9390545485903,803.4315795898438,1033715
2018-03-13,810.1179481900044,833.3749227791911,804.3037045427078,825.5741577148438,2754435
2018-03-14,824.6535848452177,840.9818959750623,823.6361040020739,838.2201538085938,1889040
2018-03-15,838.12323021098,848.6372969575461,833.3749076602794,845.4879150390625,2486538
2018-03-16,851.7867315366657,856.0505340558191,835.4099208898577,852.0289916992188,2538310
2018-03-19,852.4650601206306,864.238868371784,837.2511102920023,842.0963134765625,2536517
2018-03-20,840.1582264398346,852.7557546332807,833.4718224327869,844.7611694335938,1985478
2018-03-21,847.9105281638498,857.3102338480322,842.6776852461064,845.2456665039062,1859947
2018-03-22,845.9724917837553,864.3842642280753,845.2457112925322,860.072021484375,3186401
2018-03-23,847.0383701866723,872.1365455444471,845.8270694289718,867.3397827148438,4132765
2018-03-26,868.6964342739012,920.3947252315909,868.6964342739012,909.9775390625,5918775
2018-03-27,919.0865607017265,920.1040414935427,903.4849716935513,913.223876953125,2756923
2018-03-28,909.1538495206721,934.1550837078103,889.5792187176036,913.1268920898438,11431588
2018-04-02,913.90217521076,919.1350181605616,897.6223047993867,914.8712158203125,2764385
2018-04-03,915.6465617739359,922.2360265658302,895.9265484575717,903.0974731445312,2454365
2018-04-04,910.6074259185888,910.6074259185888,874.0745849831982,876.351806640625,2930774
2018-04-05,886.6722133773965,895.3935794106168,874.704584756697,891.5658569335938,4148653
2018-04-06,893.4554718897823,916.7124472968916,879.9373431052907,911.1889038085938,2819200
2018-04-09,920.5885684805351,941.7136416965585,917.7298868861445,930.9088745117188,5116819
2018-04-10,934.9787713774507,938.9034330068811,923.592544666906,932.4592895507812,2434826
2018-04-11,937.0622407858839,951.0164487949975,928.4377559663487,949.611328125,3452488
2018-04-12,951.840033156776,962.2572185540123,941.2774680260142,945.8319702148438,4379096
2018-04-13,955.5224598074594,964.0015649510323,950.1442963740734,956.5884399414062,3311755
2018-04-16,955.4741330455603,961.1914968508078,943.1673042897984,950.1444091796875,2247785
2018-04-17,954.5050165564595,968.0715853196986,943.9424500754336,966.7149047851562,2983704
2018-04-18,968.7498389804897,968.7498389804897,944.9114062260611,946.8494873046875,2621345
2018-04-19,948.2062130489865,952.5668956843675,919.8133357188358,923.25341796875,3347181
2018-04-20,920.58858679891,935.5118359694474,917.7299051476358,926.935791015625,2201052
2018-04-23,930.2789527496815,943.0703001790981,919.2318665275618,933.1376342773438,2295872
2018-04-24,936.0931202507724,941.229023056581,924.7068944092127,932.1685180664062,1473491
2018-04-25,931.9748213537742,938.031325261714,925.5306775375079,931.1026611328125,1385599
2018-04-26,933.6705590140396,942.3434836642953,925.4337144352961,939.4848022460938,1859223
2018-04-27,941.9074415069266,947.7216849730187,933.7674769961803,939.9693603515625,1049687
2018-04-30,940.4539660760654,954.4081753205758,938.0313644117788,951.4041137695312,1083840
2018-05-02,951.5494185509367,954.941060613696,930.6666056793424,934.6396484375,1027474
2018-05-03,934.9303307910357,947.4794180108271,921.5575827443586,929.6490478515625,1585290
2018-05-04,931.2479854448253,936.0931882827276,922.8657608770374,928.437744140625,958663
2018-05-07,932.2169996781789,950.5318895462888,927.6624973101025,938.9518432617188,1987395
2018-05-08,948.6422380235996,948.6422380235996,933.1860297515659,938.1281127929688,1979745
2018-05-09,944.7177227573166,964.7768162464512,940.9384406864544,955.183349609375,4201827
2018-05-10,960.7068790523748,963.0809812171934,935.6571439363017,942.973388671875,3434978
2018-05-11,959.3502355699782,961.1429370994406,922.5266911743629,926.4512939453125,5712581
2018-05-14,930.2788935122283,932.2169745403787,888.6585916035889,891.5172729492188,3754208
2018-05-15,896.3625144753624,915.2103651223582,881.1001257153766,902.1767578125,3154028
2018-05-16,899.2697029528521,910.4136701769446,887.4958356622229,902.3222045898438,1923381
2018-05-17,906.8765697145583,919.6194765301739,898.9789247659284,907.5064697265625,2895005
2018-05-18,907.9909889786074,916.566974127713,901.4984055100578,910.8496704101562,2574768
2018-05-21,911.4795220788386,915.2588039003282,884.4917662890678,886.9143676757812,1233987
2018-05-22,886.6722544344791,902.0315261126372,876.0612467736119,885.8970336914062,2086584
2018-05-23,885.8968929531052,894.4244380632783,879.9857100419598,891.6141967773438,1938630
2018-05-24,894.4244804707704,898.106822949125,885.6546748044725,892.777099609375,1209456
2018-05-25,894.7637099448544,909.5415806736646,886.769124140744,895.78125,1700500
2018-05-28,899.2696854964729,906.634370469476,889.0947590980753,900.141845703125,1139544
2018-05-29,900.2386486622855,901.6922094512989,883.7649597201339,886.1875610351562,999806
2018-05-30,877.950805636025,890.5483337522152,869.4232599710978,885.3154907226562,1911011
2018-05-31,890.2577132237714,895.393617164109,862.5916127476486,872.2335205078125,4903734
2018-06-01,879.4044631958009,884.1042870819321,870.1985762532553,872.1366577148438,1392273
2018-06-04,877.9507753364327,879.8404163177556,854.306161260766,857.9400634765625,1529852
2018-06-05,857.6009294835725,859.0060501801968,831.6306532786025,837.20263671875,2948255
2018-06-06,833.4717353221016,876.0126382027754,826.8822715541091,871.603515625,2854320
2018-06-07,874.1715588443989,878.6291813836201,856.8257664558861,859.6844482421875,2875636
2018-06-08,859.6843299085158,870.1983960015433,853.1433063305532,868.2603149414062,1672490
2018-06-11,869.2294888830002,885.7031804225888,868.2604482042009,875.3828735351562,2032601
2018-06-12,875.4797392926688,882.7959839717782,873.2024584021219,876.6910400390625,1426736
2018-06-13,878.6290831893517,898.1067746897772,876.9817024164776,889.724609375,2933810
2018-06-14,889.7247082677723,892.8255910725019,875.2859787328636,877.2240600585938,2004165
2018-06-15,882.6022225662897,888.5134060881069,870.6830342602836,875.4797973632812,2364375
2018-06-18,876.0127199521183,877.2240207263884,864.0935321624099,869.9077758789062,1309586
2018-06-19,868.2604576771653,868.6965378164927,858.570050783447,861.4771728515625,1833168
2018-06-20,864.3841284267392,869.229330940342,853.2401626454528,860.8471069335938,1850681
2018-06-21,866.32224579568,867.0974664012883,839.1891105806028,841.5148315429688,1274479
2018-06-22,843.7436871491986,854.4515742660949,832.4058999654953,850.381591796875,2183928
2018-06-25,850.8177293848108,857.8917146223399,835.3130782798485,837.2511596679688,1217765
2018-06-26,837.154218564535,847.4260255186641,835.3130177210845,845.1488037109375,1801638
2018-06-27,845.0033568808618,852.2711609824747,840.1581541464532,842.7261352539062,2037781
2018-06-28,841.1273146617638,841.1273146617638,804.3037686281842,810.4571533203125,9824968
2018-06-29,800.4759926872839,854.5000072769443,800.4759926872839,851.3021850585938,4960179
2018-07-02,855.7597974789876,878.8230128885823,843.210768038857,869.6171264648438,3353006
2018-07-03,862.6399363647287,874.8498240176199,856.4380529929324,865.5470581054688,2770123
2018-07-04,865.5954889198006,871.5066127369944,855.178302795101,859.1029052734375,1104449
2018-07-05,842.6778165304718,843.7922370564681,807.4532087594627,812.05615234375,6128988
2018-07-06,812.0560653854862,822.2309922190753,787.8300491150362,803.964599609375,6884175
2018-07-09,809.052011144302,810.408632481123,792.3360609896309,796.3575439453125,4098360
2018-07-10,797.5204035582944,813.9940935467404,796.9390028639785,807.0654296875,2670508
2018-07-11,807.3561880129623,807.3561880129623,780.659072547967,784.4383544921875,2909483
2018-07-12,791.0763454540429,797.7627498887371,779.1087165630665,783.4209594726562,2832418
2018-07-13,787.8300785495596,815.9322584732216,774.8934090360248,812.7344360351562,4995028
2018-07-16,813.0250575307006,817.9671408968055,790.8340042926819,805.466552734375,3256321
2018-07-17,805.6603720327101,828.7235262985171,800.4275291764865,818.9846801757812,2849218
2018-07-18,821.7463974147406,829.5956023167353,812.1528721829319,820.0021362304688,2660188
2018-07-19,825.5257506175783,847.7167459406377,820.825867993552,842.9199829101562,3924410
2018-07-20,842.0962989173283,849.460983972311,830.8554513817135,833.7625732421875,2048572
2018-07-23,836.0496560708924,842.8626334777565,822.6183696353929,835.8063354492188,1334621
2018-07-24,836.0498055077773,847.6318929314266,828.75018555282,838.6290283203125,2015425
2018-07-25,844.8093116286243,848.3131052883429,830.2100723723693,842.7654418945312,1453640
2018-07-26,846.7072109829279,846.7072109829279,827.7768525044913,831.6699829101562,1167616
2018-07-27,836.9743867451482,870.6012888145566,829.4314465681634,860.4791259765625,3210162
2018-07-30,859.2138717443146,878.8741922446316,857.2673065344704,868.2167358398438,2418684
2018-07-31,869.141310757026,889.5802441566872,862.717669736056,887.9743041992188,2165312
2018-08-01,890.5535689549246,895.9066231945443,881.1127159605223,892.8407592773438,1818993
2018-08-02,890.5535461458899,908.6565780762545,884.9571714023501,896.8798828125,2313020
2018-08-03,905.152797381544,916.8321883154995,878.0955535987715,894.641357421875,9358217
2018-08-06,903.8875858639739,914.00968952293,872.791194109324,877.560302734375,3763151
2018-08-07,880.4800355955898,907.0019836666353,874.6889928514809,902.4761962890625,4450696
2018-08-08,904.2768956535322,911.47921109939,896.3933298692347,910.019287109375,2163746
2018-08-09,909.824467704874,909.824467704874,885.0057639934523,890.845458984375,2536080
2018-08-10,890.553616278377,907.0994211709808,888.6070509968943,895.517333984375,2105317
2018-08-13,890.553592827212,899.3131363632174,886.2224733090736,889.2396850585938,1316517
2018-08-14,889.7750354845381,902.2330418733098,889.6290193211563,900.8704223632812,1404450
2018-08-16,899.3130672321372,904.1794799336097,892.5000894500755,894.8846435546875,1196749
2018-08-17,900.1891063221151,919.7520629468206,896.9285739483602,916.3942260742188,2697290
2018-08-20,916.8322098745837,918.2921337756578,889.726313206422,897.0745849609375,2529831
2018-08-21,899.9456699461095,903.1574902529755,881.5992595339876,891.8187255859375,2531200
2018-08-23,900.2862926247124,901.6489118564101,882.8645124975468,887.5363159179688,1571386
2018-08-24,888.0230820151133,891.429571168869,858.9219080541038,861.6957397460938,3218302
2018-08-27,870.1146253767854,875.9543208491128,863.3989518218272,867.0974731445312,1789147
2018-08-28,871.0878996272273,873.764426693121,848.2644114935338,864.56689453125,3563757
2018-08-29,864.2748257977938,871.6717487432934,853.0820774907278,859.2137451171875,1863018
2018-08-30,860.8197495329015,867.194738253086,852.5955002353572,854.8826904296875,1758855
2018-08-31,857.4618757822717,870.8931622961553,853.66605030023,868.0706787109375,1677232
2018-09-03,872.8883711831255,896.7337920184382,867.3407085531625,888.3635864257812,4972521
2018-09-04,892.5001003972516,903.5955452544838,853.6661028013916,857.3646240234375,3880086
2018-09-05,851.7195650680006,858.8245754511888,828.8961360082499,840.81884765625,2990706
2018-09-06,847.7291087185215,859.8951407035748,835.1737399481651,843.9819946289062,2399973
2018-09-07,847.729128098258,852.5955410035292,838.0449545358772,844.2739868164062,1297983
2018-09-10,840.9161119789974,844.8092421270484,827.2901564608192,834.638427734375,1576682
2018-09-11,837.0230594278289,837.8990375541293,794.003955422856,798.8217163085938,4918816
2018-09-12,795.1719130165768,815.951473517834,769.0392980213279,804.3694458007812,6728840
2018-09-14,815.6107537487076,829.2367090619318,807.0945316779424,820.0878295898438,3329172
2018-09-17,812.4961951783456,815.6107109674641,794.8798062092045,801.449462890625,2843632
2018-09-18,797.1184487466743,821.4018614776626,796.7778235987357,802.86083984375,3331397
2018-09-19,790.7920467839378,807.629822483801,765.097364517424,801.595458984375,5347338
2018-09-21,811.9123528147762,814.2969070539604,758.3818100775865,779.2100219726562,4259892
2018-09-24,780.3778795198884,783.4923953325348,752.6879811207248,769.9637451171875,3244812
2018-09-25,769.8665014756131,792.5439731400851,757.359844397999,775.5601806640625,3150095
2018-09-26,790.3054746968564,798.0917355313081,780.71866480622,792.933349609375,4080359
2018-09-27,811.3284004166825,821.1099386588122,793.7120080584683,799.5030517578125,7668506
2018-09-28,801.10886102072,808.9438332466269,773.1269870837781,784.076416015625,3145969
2018-10-01,778.6259744519914,792.6412657539062,761.1068900268216,788.115478515625,2445752
2018-10-03,789.8187517822727,791.2786755378776,770.0611288373091,773.27294921875,3478716
2018-10-04,764.026842109275,776.1928746269386,739.9867499734806,755.9486083984375,4579535
2018-10-05,767.1899587533015,793.9065762387312,763.0535079766424,770.9370727539062,7398167
2018-10-08,770.8397982985178,797.1184277859674,754.0020216559689,791.8140258789062,3961739
2018-10-09,797.069900005365,799.0164654565511,712.7349280709371,729.4754028320312,8683946
2018-10-10,726.0687734754698,775.0735255105925,720.2290782464446,767.48193359375,7285084
2018-10-11,743.5879091937326,776.679517718061,734.3903767082854,758.08984375,3766505
2018-10-12,763.0535979850174,788.1156262351631,756.3379239348454,783.6385498046875,4322158
2018-10-15,783.6871628238094,790.305472634935,767.6766521438485,785.6337280273438,2234430
2018-10-16,789.3320857745013,797.7510029295596,786.4122383548669,788.9427490234375,2347048
2018-10-17,795.2691306285628,801.3034941888316,771.3750564241723,778.7233276367188,2975579
2018-10-19,788.3588980117026,788.3588980117026,761.5936267829103,767.6279907226562,2892515
2018-10-22,772.2023326836489,774.6355388499014,752.5420149794398,754.0992431640625,2766247
2018-10-23,751.2768399870622,765.9733830409327,745.6804652062676,757.4085083007812,2239883
2018-10-24,764.3674235421938,773.5649554804122,751.6174459546628,770.450439453125,2060580
2018-10-25,764.0268469836099,774.7329556674566,757.0192003278371,770.10986328125,1681346
2018-10-26,768.8932962689813,798.0917758741325,765.632823141523,785.341796875,3738778
2018-10-29,791.2787542340266,812.155677896369,786.0717160829527,807.5812377929688,2473393
2018-10-30,806.8511724776349,818.9198989399239,797.5076844712775,808.3110961914062,1876874
2018-10-31,815.1242019577212,825.2463650632179,796.6318320028595,822.0344848632812,2435865
2018-11-01,822.0344685406591,839.8455878249802,812.1070334434746,831.621337890625,2485725
2018-11-02,837.0229573474276,860.381737552472,834.9790878412662,847.7290649414062,3078543
2018-11-05,846.755752176493,849.0916538753107,833.6650910234496,840.6240844726562,1903690
2018-11-06,845.782622164074,854.1528291855024,817.7520937476984,823.6404418945312,2504504
2018-11-07,832.1565536815724,833.0811839554422,824.9542392797412,827.4361572265625,331169
2018-11-09,832.1566553844218,841.889481763187,821.4505463677801,825.0030517578125,3528039
2018-11-12,834.1030695004715,877.4141390369604,820.6717834127419,870.844482421875,13985301
2018-11-13,865.4428241360694,875.6136382977362,855.6126350928399,873.5210571289062,4432001
2018-11-14,873.0831900635862,873.5211791373603,859.4085807000436,868.36279296875,2606605
2018-11-15,868.411401981137,899.3131246069718,865.2482335233744,896.1986083984375,4711756
2018-11-16,896.3933225874536,903.8876108895433,888.3150884558851,896.7339477539062,2769698
2018-11-19,897.3664717117578,902.2328842481556,890.6021464052749,895.9552001953125,2104102
2018-11-20,894.4466572609833,900.4810209101197,884.5678156850578,890.9915161132812,1540046
2018-11-21,892.9867268048453,905.0554540133617,885.2491187625396,901.794921875,1855760
2018-11-22,904.1795022783792,908.4619693232875,887.4390302907199,891.2835083007812,1617491
2018-11-26,888.7042578103582,895.9065723219294,868.7519658683706,891.9161376953125,2116814
2018-11-27,889.5802195089403,893.4733495724369,881.7939593819475,889.8721923828125,1126278
2018-11-28,891.5269332709414,906.1261734445922,890.553650592698,898.291259765625,2434110
2018-11-29,904.228070368208,908.9485260086252,888.6068985452088,906.5153198242188,1991914
2018-11-30,905.1041522417404,906.1260870755964,893.4734134644441,902.3302612304688,2738673
2018-12-03,907.6346215268043,914.6909199474849,895.9065787912529,911.2357788085938,2044427
2018-12-04,910.0191846487925,915.03161354527,896.8798702180345,899.118408203125,1424621
2018-12-05,896.3932920423289,900.9190799821754,877.4629332230843,895.663330078125,3020688
2018-12-06,888.6070191069857,895.4199973476746,877.9009104430462,881.5507202148438,1425935
2018-12-07,886.6604201850445,896.8312349099898,869.4333068362336,892.1107788085938,2750589
2018-12-10,880.820815216009,891.5269245722258,874.0078365347803,882.8646850585938,1508069
2018-12-11,874.9810053549248,911.9170897088068,870.2606087874827,908.2186279296875,2792386
2018-12-12,912.4523974027554,913.036343175312,896.3932352084669,905.1041259765625,3256275
2018-12-13,907.1967016535235,935.5679136417369,899.5564568877767,918.9248046875,4821052
2018-12-14,918.4381391553792,926.2730521183587,903.6442319171176,906.6127319335938,2558651
2018-12-17,906.856016054602,912.1604178335313,900.6756956232554,910.3111572265625,2284630
2018-12-18,907.5861125590334,913.6691293992413,905.9315200976046,908.07275390625,2222788
2018-12-19,908.1698504691481,916.3940992348853,902.7194923900814,904.3740844726562,2237859
2018-12-20,903.2062272390073,908.0726401012864,897.5612001996543,901.9896240234375,1630740
2018-12-21,903.0602979949763,903.0602979949763,873.2778721735766,876.0030517578125,2972085
2018-12-24,876.0515611059128,878.6794357566537,850.648911425801,856.3425903320312,2554749
2018-12-26,855.5153841676121,875.9543182603536,845.0039442293786,865.3942260742188,3840772
2018-12-27,872.0612121437988,873.813108948018,857.9486144026324,863.934326171875,2160188
2018-12-28,879.8473955742865,901.0162903239996,874.7863146038097,898.0477905273438,8067914
2018-12-31,901.2596249360147,914.3989391224469,895.7605548665792,906.1260375976562,4917511
2019-01-01,906.8560474823261,909.2406016935971,898.3398248738256,903.2062377929688,2064502
2019-01-02,898.6318354921317,911.9658193312277,898.6318354921317,907.2454223632812,2672587
2019-01-03,910.9925455441747,919.7034370005154,903.2062844711476,906.32080078125,3292918
2019-01-04,909.0459325290195,913.8150409475381,895.6146447644068,903.6442260742188,2340304
2019-01-07,924.618497134118,938.2444539339892,909.1432795781956,918.8274536132812,5337211
2019-01-08,918.9734249765457,924.6184520661641,913.4743546314231,920.871337890625,2039160
2019-01-09,923.6452068268425,929.8255277050497,920.0927015003411,927.4896850585938,2115974
2019-01-10,925.00781973225,943.5001893907506,923.2072112544065,940.872314453125,2450895
2019-01-11,939.4610262400275,943.5974772750134,931.2367764189881,933.6699829101562,1535995
2019-01-14,932.4047931880303,935.6652663544093,923.6452492019215,931.9181518554688,864306
2019-01-15,930.4581406168578,944.7654063335937,929.582162538596,942.4295043945312,1452136
2019-01-16,939.5096608831743,944.4734376748128,933.6699654138027,935.5192260742188,1118736
2019-01-17,935.6651948822035,939.2177001003236,926.1270373734746,935.85986328125,1303576
2019-01-18,935.8597636015814,939.2176000630074,928.5601449482419,935.2758178710938,1168989
2019-01-21,934.4485484878682,939.9962708799793,931.4313963575817,937.0277709960938,1035360
2019-01-22,936.4438857209025,960.0459889818376,933.0860488400019,956.3961791992188,2797244
2019-01-23,961.0191698900203,961.0191698900203,932.0153036965986,936.4437866210938,1574247
2019-01-24,934.5459370565057,946.3226324101428,930.360833879851,943.7434692382812,1246903
2019-01-25,946.0307265205618,957.7101182060009,943.2568947570533,951.8704223632812,1985833
2019-01-28,951.8704096298341,954.9849259185122,929.6795776052447,933.0374145507812,1499181
2019-01-29,929.6795246508913,944.0840948355324,919.7520305356475,940.2882690429688,1411027
2019-01-30,940.2883109580548,948.9018977468528,934.3999630158894,943.0135498046875,1468812
2019-01-31,942.3321288955462,973.28250053156,940.6775367637528,969.1947021484375,2306391
2019-02-01,976.2023855140683,978.1489505898691,958.7806043238711,965.0582885742188,3424938
2019-02-04,997.614581568079,1021.9466445331541,982.090713515471,998.3445434570312,9556052
2019-02-05,999.5125759514693,1045.3055724350643,992.7483090165415,1038.2005615234375,7144200
2019-02-06,1037.5191486879849,1043.3588437087428,1022.4332698843602,1030.7548828125,2449722
2019-02-07,1031.4850335919828,1038.5413330343265,1021.9468157877288,1028.565185546875,1293109
2019-02-08,1030.2197194347295,1048.0794328969673,1019.610914433608,1025.1099853515625,2576054
2019-02-11,1030.7061699238586,1035.0859411841582,1017.2748238687132,1028.1756591796875,1057548
2019-02-12,1029.7329917845107,1045.2568017457882,1022.0440354753771,1037.7625732421875,3075801
2019-02-14,1035.5239315745098,1035.5239315745098,1002.9676774853739,1014.4037475585938,2182379
2019-02-15,1007.3474702660687,1023.8932741255113,989.6337154297745,1011.2406005859375,2566210
2019-02-18,1012.3112086202459,1012.846561573875,994.0135076189314,999.90185546875,1023065
2019-02-19,1002.9189926055071,1021.752105680193,997.9066823378064,1001.3131713867188,1551617
2019-02-20,1002.481126529026,1016.4964204092735,1000.0479199112372,1005.1576538085938,1506583
2019-02-21,1012.1166446506192,1017.0803623702601,1003.6977260232829,1014.6471557617188,1220939
2019-02-22,1007.8341788269178,1016.1070813088385,1002.7731565968389,1013.7711791992188,1298608
2019-02-25,1010.2673151413067,1026.8131189538328,1007.9314131942272,1015.1337280273438,1691809
2019-02-26,1011.2405675743576,1014.0631107259034,988.9037212123974,1010.60791015625,1906268
2019-02-27,1015.0363923186305,1019.1728431445646,986.8598506940247,989.098388671875,1897310
2019-02-28,990.8016173959967,1006.179528922364,975.2777491325268,997.8092041015625,5080712
2019-03-01,1004.3302508088617,1008.3206853578607,989.9256220659034,994.0620727539062,1967656
2019-03-05,996.2519675765349,1012.1651130785114,989.0497125432544,1007.347412109375,1577329
2019-03-06,1010.2674164790247,1032.5556134945368,1000.8266220566907,1027.73779296875,2758056
2019-03-07,1040.4389713988323,1040.4389713988323,1011.2404969910073,1015.4256591796875,2584721
2019-03-08,1016.8368459264422,1031.2414737990891,1009.2939068922905,1025.06103515625,2179863
2019-03-11,1029.732829037848,1045.8892938980243,1029.3434922972272,1040.633544921875,2837644
2019-03-12,1046.2303430250386,1066.669282698066,1043.3592061659751,1057.423095703125,3418782
2019-03-13,1058.3473247548004,1064.6736604697671,1036.643079316821,1049.490478515625,2024554
2019-03-14,1050.074410985875,1059.9045395189935,1034.7452131002697,1057.3253173828125,1193296
2019-03-15,1057.9580586542706,1084.0420767131877,1053.0916462409575,1067.9342041015625,5318660
2019-03-18,1075.4772818034883,1079.273107736342,1062.9219123989321,1070.416259765625,1525276
2019-03-19,1072.5574991266149,1082.2903257974551,1069.248314296745,1079.419189453125,1376594
2019-03-20,1081.3169897051653,1085.2101201811515,1068.6643156582102,1072.8980712890625,1295061
2019-03-22,1074.1145266911058,1094.3588499027944,1064.4790063277646,1073.0926513671875,2486418
2019-03-25,1072.557390524809,1076.9371620832135,1061.2673364915927,1070.7081298828125,909855
2019-03-26,1075.4772755022198,1090.0765145361866,1059.2720964127343,1085.9400634765625,1851505
2019-03-27,1094.942823205889,1094.942823205889,1076.4504555250785,1086.669921875,1668427
2019-03-28,1090.0764030471678,1109.1041234989168,1081.7547901253463,1103.9456787109375,2292966
2019-04-01,1109.5421407081155,1117.328401344664,1086.9620323856893,1090.4171142578125,1703651
2019-04-02,1094.942848501183,1100.9285598347703,1078.7863822317463,1082.19287109375,1469173
2019-04-03,1087.1565736721234,1097.0840078418983,1068.712917461497,1071.097412109375,1553200
2019-04-04,1082.971492909786,1092.6070143351703,1065.0631882589062,1076.5478515625,2463998
2019-04-05,1092.996434320072,1099.517380661103,1072.0221453364886,1076.8399658203125,4108366
2019-04-08,1079.3703866757228,1085.2100821852398,1062.8245827320914,1074.893310546875,1672293
2019-04-09,1079.3704632415643,1080.295034239259,1062.3380167972655,1069.19970703125,1288739
2019-04-10,1070.026987144461,1075.4773463142242,1054.5517689877483,1070.8055419921875,1612236
2019-04-11,1077.3751428974977,1077.3751428974977,1060.9753546003842,1075.5260009765625,1412462
2019-04-12,1077.4238662928371,1078.34843726338,1064.7711921629302,1067.6910400390625,1499571
2019-04-15,1072.5575462719985,1072.5575462719985,1058.9315883338788,1061.024169921875,1116346
2019-04-16,1063.8952062923292,1094.6996249230283,1063.2139559830907,1090.125244140625,2144260
2019-04-18,1095.8677538018428,1099.322955368409,1083.7504301042263,1095.33251953125,1609911
2019-04-22,1094.9429272108068,1101.755905424563,1089.2005360974301,1093.6776123046875,1307412
2019-04-23,1093.969450812761,1106.3300901444736,1090.1250327395996,1099.3712158203125,1237289
2019-04-24,1097.862802595796,1121.2215856297491,1095.4783076846456,1118.44775390625,1809133
2019-04-25,1124.1414194082483,1133.8742455503111,1105.0651039315878,1110.8074951171875,3579153
2019-04-26,1116.0630385427162,1118.7882771720467,1100.7825502232142,1107.10888671875,846570
2019-04-30,1109.5418783707494,1130.710769471244,1103.2155430993373,1127.5963134765625,1469889
2019-05-02,1128.03474351721,1129.0080262985018,1105.259902673195,1107.7418212890625,1517989
2019-05-03,1114.4085637376402,1123.9467806276923,1104.7244495064535,1114.457275390625,1146869
2019-05-06,1112.267432073636,1112.267432073636,1046.3761270343148,1053.9190673828125,4064781
2019-05-07,1068.469698653016,1075.477285933725,1054.065068476221,1057.4715576171875,2605643
2019-05-08,1060.877863528367,1070.6106879644071,1039.3196336407598,1059.612548828125,3336769
2019-05-09,1070.6107130091402,1080.3435376728598,1059.6125736155793,1074.9417724609375,4362293
2019-05-10,1078.3970637565892,1107.449524068034,1065.0631403654713,1101.8531494140625,3032624
2019-05-13,1095.2347492025528,1122.0000156169956,1094.0181461837144,1114.1163330078125,2695155
2019-05-14,1109.5421530803476,1131.9276526600388,1092.9476373900993,1123.8980712890625,2894382
2019-05-15,1129.0078863929493,1136.307506348076,1121.562250276936,1131.927734375,2476357
2019-05-16,1131.635517148244,1163.0725894751918,1128.9589902686987,1154.7509765625,2948769
2019-05-17,1152.366413140487,1170.8587795675726,1148.4732833663638,1158.6927490234375,3265842
2019-05-20,1181.565068733122,1204.9238509815527,1172.8055253899604,1198.7435302734375,2881354
2019-05-21,1205.8970824862358,1218.2091305365166,1200.3980123031092,1211.15283203125,3218291
2019-05-22,1212.661314453036,1217.47913423694,1193.5850007255583,1207.94091796875,1972398
2019-05-23,1225.6060920063528,1229.0612926977722,1183.754940959084,1187.6480712890625,2494025
2019-05-24,1188.3779600599235,1197.0887911133786,1162.5372615620868,1187.307373046875,2423569
2019-05-27,1193.731157328321,1210.2769621995656,1171.3456566201667,1207.7950439453125,1380441
2019-05-28,1209.7901553377003,1211.6394158614605,1190.0324729361394,1198.6461181640625,1811869
2019-05-29,1199.0841075460542,1204.631770585002,1191.4924560948464,1201.663330078125,918488
2019-05-30,1201.0307044330928,1216.4086167297867,1192.271161207892,1207.454345703125,1081863
2019-05-31,1214.656597713939,1217.235820180801,1194.2176645793293,1202.73388671875,1213810
2019-06-03,1205.8972365112907,1235.0957168142274,1194.7044857284982,1232.419189453125,1627758
2019-06-04,1233.1491084954678,1242.7359187657921,1210.5689987048315,1214.65673828125,1378780
2019-06-06,1221.4696830585497,1239.6214276084136,1211.3962317449093,1235.5335693359375,2345134
2019-06-07,1240.8865704451644,1240.8865704451644,1220.496348039362,1235.046875,1381956
2019-06-10,1240.5947675164105,1254.755958947593,1236.0689793813015,1242.8819580078125,1516266
2019-06-11,1243.8552398703819,1253.5880664734366,1232.9545215985281,1250.6195068359375,1782094
2019-06-12,1250.61921381489,1258.1621526649408,1243.417018863244,1254.4150390625,1456438
2019-06-13,1248.721667521333,1263.5642282615518,1242.298025651285,1260.8389892578125,1734153
2019-06-14,1261.422850246074,1263.2719919762171,1242.9790753138127,1247.65087890625,874483
2019-06-17,1251.6414665658267,1258.016515338231,1215.1433678129351,1222.49169921875,2057502
2019-06-18,1222.4916198280175,1227.309321026963,1202.003974201665,1223.90283203125,1845151
2019-06-19,1245.8017011725203,1253.5879618048484,1224.048859292735,1241.0325927734375,1650715
2019-06-20,1240.4485728115421,1273.9781081309454,1232.2243830339983,1271.69091796875,1693438
2019-06-21,1271.106862224756,1281.812969027568,1253.8310989747642,1257.821533203125,2640376
2019-06-24,1267.2138935080814,1272.469643095472,1256.55649699638,1265.3160400390625,1419605
2019-06-25,1274.0269354809584,1285.5603106385413,1261.4229732150059,1282.9324951171875,1955640
2019-06-26,1277.5306432686893,1287.5555009936938,1271.739659656466,1274.0755615234375,1335984
2019-06-27,1274.1242982805047,1297.0937451475486,1271.837107805943,1293.687255859375,1841074
2019-06-28,1289.599246816907,1301.32734786812,1282.786269663912,1299.0400390625,1345592
2019-07-01,1294.5632081181275,1305.074708092113,1285.8523760647256,1287.8475341796875,1554897
2019-07-02,1289.59938118465,1296.6069680343178,1275.4867841830066,1288.6260986328125,1397406
2019-07-03,1294.0278591701976,1297.8722777110968,1281.3264743956947,1292.9571533203125,1351543
2019-07-04,1286.4850547800504,1286.4850547800504,1251.6414883733075,1255.875244140625,2901447
2019-07-05,1249.2081420642119,1265.8026569209987,1216.3111446366609,1243.952392578125,3015054
2019-07-08,1226.3360016062268,1236.9448050644426,1212.4180137469755,1218.9876708984375,2308725
2019-07-09,1143.6069260229103,1143.6069260229103,1044.3321120192193,1069.5887451171875,22143587
2019-07-10,1073.5303980809288,1094.9426091033952,1059.271788342829,1071.7784423828125,6366343
2019-07-11,1079.3704315435918,1085.8427847641349,1042.7750285911827,1067.6910400390625,5179244
2019-07-12,1074.5036804001318,1098.8357383802072,1060.8777279312894,1071.7784423828125,4845853
2019-07-15,1080.3436647873546,1080.3923764399626,1048.5659647595305,1060.2940673828125,2563929
2019-07-16,1062.8246173469388,1088.1299653790088,1053.6271441434633,1084.966796875,2457767
2019-07-17,1080.5869630250913,1088.1299028705714,1075.7692618731535,1080.246337890625,2538956
2019-07-18,1075.4772050645615,1076.9371288723416,1027.9809696612258,1051.1451416015625,3482208
2019-07-19,1060.8780301641932,1073.530703918445,1049.149927353034,1061.9000244140625,3302082
2019-07-22,1058.834187468573,1062.8246224540994,1033.7234483155974,1056.5469970703125,2341863
2019-07-23,1060.8780099857433,1080.2463570490995,1057.374216466838,1069.7835693359375,2527679
2019-07-24,1071.5839067236448,1080.3434481955003,1052.361579604851,1058.3472900390625,1732174
2019-07-25,1064.6736916230466,1071.2919409716417,1055.6221173501435,1061.3157958984375,1770220
2019-07-26,1056.7903666551208,1082.4849339998375,1054.0651276657507,1076.8399658203125,1128870
2019-07-29,1082.2171786572708,1084.2703267318363,1047.997646253651,1054.841552734375,1661014
2019-07-30,1055.916974085847,1069.2136824824622,1048.1931130909384,1055.134765625,2335907
2019-07-31,1055.0861889700611,1055.0861889700611,1017.7868673210595,1032.7945556640625,3050699
2019-08-01,1028.6391500308318,1045.5044914905632,1018.1777975603318,1033.7232666015625,2321381
2019-08-02,1038.3183851175793,1051.4196014171514,1022.7241030615667,1040.9581298828125,1789229
2019-08-05,1035.8741843435882,1035.8741843435882,1003.7077983551021,1013.680419921875,1962260
2019-08-06,1004.0989566119148,1046.1401008517516,998.4771756961227,1023.359619140625,5738839
2019-08-07,999.2103561967853,1017.6889277495283,975.7455337420663,1005.5164794921875,8983860
2019-08-08,1012.8981486138964,1036.1674781456802,989.0911551874584,1017.8843994140625,2553976
2019-08-09,1026.5859931009109,1052.9839186377915,1018.2755350615225,1043.2069091796875,2944544
2019-08-13,1046.1398368043176,1064.2273012724297,1032.5497720640342,1040.126953125,3293100
2019-08-14,1030.5944784731084,1066.5249859781804,1027.6125623843602,1059.8277587890625,1834669
2019-08-16,1051.02870445029,1060.121372609498,1046.335691332967,1051.8109130859375,1366746
2019-08-19,1080.0662715696058,1080.0662715696058,1056.063783081678,1064.66748046875,1467603
2019-08-20,1066.5739585523384,1071.315784149376,1051.5662732851495,1067.9915771484375,1584464
2019-08-21,1066.183064266069,1072.538121503785,1036.6565383778386,1041.5450439453125,1344715
2019-08-22,1042.033833697596,1046.1401303953526,1024.6796399457105,1038.0740966796875,1182766
2019-08-23,1038.6116875842333,1058.7523017460294,1016.8089103254541,1049.5618896484375,1925420
2019-08-26,1070.2892720794991,1082.1195500462927,1037.9763245781924,1077.866455078125,2601437
2019-08-27,1083.292719994351,1104.9488212537835,1074.688903359782,1098.642578125,2825727
2019-08-28,1103.824306645649,1106.2685588747138,1082.803737475692,1086.1767578125,1599333
2019-08-29,1086.7146085296765,1090.1365618628784,1072.0980270314471,1077.23095703125,1204392
2019-08-30,1082.363741530038,1088.181013675167,1070.5823988987493,1080.4571533203125,1454803
2019-09-03,1073.5156829791492,1073.8090410143511,1029.4702058061357,1036.0208740234375,1858383
2019-09-04,1036.3629165155303,1045.162224297266,1002.6322366855437,1014.0712890625,2881072
2019-09-05,1013.8757527610892,1029.42121970586,1013.1424771443382,1025.2659912109375,1587469
2019-09-06,1030.4967410983015,1047.068723493361,1019.2042480462056,1044.868896484375,1443212
2019-09-09,1041.2515171163702,1067.6005101153626,1034.798714682766,1064.080810546875,1272456
2019-09-11,1071.511431836406,1078.8931225984782,1058.899183607259,1076.497802734375,1432923
2019-09-12,1085.9325258605709,1089.745583886199,1059.5835298810396,1061.881103515625,1792647
2019-09-13,1063.8362345330079,1101.3799697551628,1063.8362345330079,1098.34912109375,3428008
2019-09-16,1098.838124217386,1126.311497108808,1090.527666122399,1122.9384765625,3645849
2019-09-17,1129.2445910705133,1149.971803357785,1128.3158229123999,1132.422119140625,3120692
2019-09-18,1137.0663872381358,1141.9548927722635,1124.8940561974691,1134.817626953125,1434623
2019-09-19,1138.043836496908,1141.612468616742,1122.840539910934,1127.484619140625,1255713
2019-09-20,1134.1331592825507,1304.644237444339,1127.28925228688,1235.3741455078125,7588909
2019-09-23,1246.764147079624,1315.007718029686,1246.5686546378063,1282.548095703125,5902008
2019-09-24,1287.632190299176,1294.7205224021895,1253.412656008765,1263.8251953125,2642955
2019-09-25,1267.2473361053842,1285.5792321856372,1234.6410274802972,1240.60498046875,3928117
2019-09-26,1244.6132717325038,1263.7273724665988,1243.635570812054,1259.5721435546875,2277616
2019-09-27,1262.2120889960565,1265.096259430672,1236.9385400535134,1255.4171142578125,1847785
2019-09-30,1261.7231888805125,1266.9538655614283,1238.2583639807588,1244.662353515625,2142791
2019-10-01,1253.4125062495978,1268.8602276228632,1239.2847765198599,1252.043701171875,1454512
2019-10-03,1250.8707314986766,1269.055946930179,1240.4581915775536,1266.6116943359375,1449986
2019-10-04,1273.9442975287423,1277.5617431899434,1212.4468858505277,1223.006103515625,2383219
2019-10-07,1227.1123577153592,1237.5738288008145,1213.6201571022782,1230.9254150390625,1100794
2019-10-09,1173.241093173687,1208.6827511966421,1150.8029050060427,1202.865478515625,8327469
2019-10-10,1203.745404951056,1214.7445410319253,1192.7952016587406,1207.1673583984375,1479753
2019-10-11,1214.353653515407,1221.148628166616,1187.90679201156,1215.8690185546875,2182903
2019-10-14,1212.153740753692,1229.9478511147743,1205.9941767488665,1221.099609375,1241231
2019-10-15,1226.0370344887745,1246.7154341793505,1225.0593335043336,1243.7333984375,1379017
2019-10-16,1246.3733315096035,1249.2085690423874,1228.0414370393391,1246.12890625,1223194
2019-10-17,1256.3456725619442,1256.8834558031213,1242.755606008549,1248.572998046875,1500556
2019-10-18,1249.5018815966753,1275.8998086726613,1245.6400103748656,1271.597900390625,1135957
2019-10-22,1271.4511166138323,1306.9906406165924,1265.6338438656876,1299.804443359375,2138284
2019-10-23,1302.2487384682574,1335.8816751691272,1297.4580992703266,1318.576416015625,3148288
2019-10-24,1333.5842538671657,1348.249769855441,1320.5319685072557,1343.8990478515625,1791699
2019-10-25,1348.1519327293063,1358.955457170023,1301.4667099807034,1305.2308349609375,3934315
2019-10-27,1309.0926610960457,1311.8792043286278,1286.3611136294326,1290.467529296875,470393
2019-10-29,1290.5653900153884,1310.1194110762276,1264.3629540545546,1302.8843994140625,2030358
2019-10-30,1316.963198326529,1316.963198326529,1282.7436645912442,1286.8011474609375,1681593
2019-10-31,1292.5207016108843,1306.2085153949633,1290.2231281667812,1301.5155029296875,1533763
2019-11-01,1302.1021788924559,1303.617543762916,1258.3500611802592,1272.868896484375,2491686
2019-11-04,1281.765916274506,1281.765916274506,1253.510335593006,1269.8380126953125,1706003
2019-11-05,1266.1226878858674,1277.1218232053393,1249.0129218333557,1255.1724853515625,2881634
2019-11-06,1139.0216308682789,1172.26346387216,1124.3561163077432,1130.320068359375,18294122
2019-11-07,1135.1107872845232,1152.7094041416476,1130.6622002841132,1141.1724853515625,6500446
2019-11-08,1141.172370353553,1146.7941501719508,1128.2667670314866,1130.9554443359375,2796511
2019-11-11,1130.9555888284692,1137.7994955687323,1112.2815243068326,1129.928955078125,2357413
2019-11-13,1129.9289520077184,1140.9770205977122,1124.4538505000382,1133.204345703125,2336007
2019-11-14,1138.0439004154316,1150.0696697828369,1136.0884985246835,1143.0301513671875,2571355
2019-11-15,1146.8432730714428,1148.6031826108592,1130.1246098400547,1132.61767578125,1506407
2019-11-18,1134.279711198799,1138.5326861998822,1127.0936335282443,1132.9598388671875,1132129
2019-11-19,1132.9599299674746,1141.7592386834338,1127.3869628384093,1137.26171875,1109428
2019-11-20,1139.9992152060238,1141.4657665120349,1130.6133107172022,1136.91943359375,920219
2019-11-21,1137.0662309450183,1143.910137752082,1118.4899124687024,1122.6451416015625,1417102
2019-11-22,1122.4006144363518,1125.0403590829203,1098.153584782398,1110.277099609375,2320184
2019-11-25,1124.2583763966793,1140.9281064318516,1117.6099620192454,1137.65283203125,2270744
2019-11-26,1140.8792543922345,1158.3311923572112,1136.2839883506315,1140.0970458984375,4025257
2019-11-27,1143.910080990092,1156.1313425391315,1135.1107726747837,1141.1236572265625,1587451
2019-11-28,1145.8655170311831,1145.8655170311831,1134.4752770579362,1143.4212646484375,1031591
2019-11-29,1146.8433152685684,1152.2696037578687,1129.244696619946,1133.83984375,1244953
2019-12-02,1134.1331093226463,1135.110810278959,1117.0233425871754,1128.0714111328125,1016807
2019-12-03,1129.2448025389021,1143.9103194549918,1124.4540431433231,1132.3245849609375,1315825
2019-12-04,1128.9512157427034,1151.7316951431574,1127.2891719015793,1148.4564208984375,1388528
2019-12-05,1153.687177983824,1177.7385986721388,1148.7986729923673,1157.8424072265625,3637705
2019-12-06,1163.2687265594004,1163.2687265594004,1142.8347512799803,1145.8656005859375,1026657
2019-12-09,1146.8432021640965,1159.553314379044,1139.8526165762237,1151.7806396484375,1092070
2019-12-10,1148.8963919130142,1165.5173084888847,1146.7454975072071,1153.0028076171875,1641867
2019-12-11,1151.8294544097917,1162.4864185334507,1149.5318810687172,1153.2471923828125,1005638
2019-12-12,1155.7402078235014,1165.4194705847538,1151.242807561701,1161.5086669921875,1065673
2019-12-13,1166.3973012700192,1176.6631618428064,1156.2291869282715,1159.7000732421875,1624478
2019-12-16,1162.0463550247164,1165.663800312179,1136.919372392056,1139.656982421875,1239589
2019-12-17,1144.8877554303017,1144.8877554303017,1126.3114383054717,1131.5421142578125,1706196
2019-12-18,1138.0439324650274,1141.3192068546168,1124.698290315179,1133.253173828125,1391631
2019-12-19,1133.1554129158085,1136.5773662766414,1127.2892071543806,1133.204345703125,1338696
2019-12-20,1134.1330626302247,1179.547222441934,1134.1330626302247,1175.0987548828125,6754831
2019-12-23,1179.205202538927,1201.5945802637812,1174.3166973303682,1182.1383056640625,3980835
2019-12-24,1179.1562221594427,1194.7505038277118,1173.8766134119933,1177.2496337890625,2236779
2019-12-26,1182.969282046054,1186.684593600547,1164.0507914883785,1165.908447265625,1800229
2019-12-27,1169.7702184691702,1172.458896000261,1158.4289116622215,1164.8817138671875,1332568
2019-12-30,1168.3527415330498,1171.285844649869,1156.7180753000118,1167.130615234375,1109808
2019-12-31,1168.3526785595013,1176.858629400503,1157.793460168779,1161.4598388671875,1753530
2020-01-01,1167.8149265960637,1172.2635139420736,1126.5070588195395,1129.000244140625,3137636
2020-01-02,1131.2001041548378,1134.035461042685,1114.5791864619837,1129.831298828125,3286436
2020-01-03,1130.2222166050335,1130.2222166050335,1106.7573954990467,1114.28564453125,2695237
2020-01-06,1136.0886117119862,1145.2790253837857,1124.4539454332332,1132.764404296875,4494752
2020-01-07,1144.8389395279999,1147.6742963009158,1126.3604860853509,1134.084228515625,2363578
2020-01-08,1119.4677081169013,1130.5157777791112,1112.623800731034,1117.8056640625,2370166
2020-01-09,1129.2445783655871,1141.9546905030354,1122.889522296863,1137.506103515625,1764131
2020-01-10,1140.9769750892165,1144.5944207585085,1125.0893351190366,1128.3157958984375,1517311
2020-01-13,1129.2445743775252,1136.5283985681895,1122.8895183312447,1133.1064453125,1135936
2020-01-14,1136.0886993387535,1142.5904356443846,1131.34687278518,1141.074951171875,1324743
2020-01-15,1147.3321939863538,1164.930813067525,1144.4968370425102,1158.4290771484375,2665214
2020-01-16,1158.4290196645954,1168.8415593072498,1147.91873379044,1166.299560546875,1644541
2020-01-17,1168.1572042275427,1170.1614196714793,1157.5979856729757,1162.2420654296875,1034774
2020-01-20,1163.464141478863,1168.3526462749928,1152.8071771536481,1161.362060546875,1139858
2020-01-21,1157.0602564194053,1157.5002934995516,1135.1109156519221,1149.971923828125,925998
2020-01-22,1155.4470091043845,1159.5043724933232,1145.8654922320825,1151.3895263671875,902471
2020-01-23,1149.7762622760958,1179.7428188317692,1148.7985613728,1177.2496337890625,2101116
2020-01-24,1181.9428276165577,1202.5722959787333,1179.1564034833348,1200.47021484375,2841654
2020-01-27,1200.6168269564387,1212.6914104262903,1181.8938289530593,1186.7335205078125,2332864
2020-01-28,1187.9065564526675,1196.2170138434885,1161.8019909760942,1168.3525390625,1703068
2020-01-29,1171.774671644018,1180.9650850951937,1155.2515005480116,1159.7489013671875,1380266
2020-01-30,1164.4417204186652,1164.9305708470524,1149.9716999990999,1152.9537353515625,1859283
2020-01-31,1159.0646988072413,1168.1573671276658,1153.6873425495949,1161.2645263671875,1809101
2020-02-03,1143.910138184126,1165.712917617026,1136.6263136760194,1159.9444580078125,3595537
2020-02-04,1168.352665597204,1259.0833638531792,1158.5756558432524,1247.3509521484375,7875930
2020-02-05,1256.101182899836,1268.762361327925,1227.0145822450236,1251.3104248046875,5459816
2020-02-06,1256.2966817690665,1265.3404147921044,1224.130418711673,1231.21875,2463971
2020-02-07,1235.862947799622,1250.9683799115348,1230.3389134989416,1246.5687255859375,2277867
2020-02-10,1242.559977921418,1246.5685273554222,1225.4012810408756,1229.1654052734375,1021943
2020-02-11,1234.8363739957083,1250.3818439037875,1230.4856522462735,1242.3646240234375,1351413
2020-02-12,1248.4751895186325,1260.2076010046699,1237.6227327637005,1240.7025146484375,1195516
2020-02-13,1241.680311377572,1278.8329506156413,1241.680311377572,1269.1536865234375,4458645
2020-02-14,1277.806139846474,1281.472518210946,1261.2341573783624,1264.607177734375,1416212
2020-02-17,1264.2163674695541,1292.1296603308742,1259.6211010090917,1286.7034912109375,2347399
2020-02-18,1284.6990941656536,1289.4898528613428,1272.2334066081103,1281.7659912109375,1761012
2020-02-19,1287.6321636550142,1303.1776327806383,1282.7925916448185,1299.951171875,1445826
2020-02-20,1300.3421475387493,1311.1457898121118,1290.5651389106383,1293.3515625,1513648
2020-02-24,1280.7882724375845,1288.4143877532358,1245.4443584544827,1251.3594970703125,1341317
2020-02-25,1256.345754745906,1258.056731454704,1228.7746349491536,1232.0009765625,1358874
2020-02-26,1227.9926257897587,1238.747338276771,1217.3356595466082,1227.1126708984375,1506693
2020-02-27,1222.1261726902762,1257.3234064637563,1222.1261726902762,1249.404052734375,4569014
2020-02-28,1227.0147293960492,1242.3645870364392,1208.0962393104721,1226.52587890625,2728105
2020-03-02,1246.5686655428526,1265.1449829117264,1200.6167225777435,1216.4066162109375,2773593
2020-03-03,1220.3661864767241,1243.635515079942,1197.6835738780887,1219.1929931640625,2660100
2020-03-04,1224.0327547393163,1237.4273304370654,1190.1555095846127,1223.0550537109375,3007393
2020-03-05,1225.5479879363531,1236.9382264525586,1214.499920840309,1231.072021484375,1555538
2020-03-06,1201.5944049239154,1219.1440883224363,1192.5017388235133,1214.89111328125,1678642
2020-03-09,1197.6835142537598,1214.1577493352747,1148.798472855647,1176.614013671875,2285787
2020-03-11,1171.2367516206473,1186.2933694300648,1151.2917486335866,1161.16650390625,2314388
2020-03-12,1124.3562271901121,1128.2180986659334,1040.9094649809183,1052.7396240234375,3608906
2020-03-13,1032.0611405011475,1109.3972648900492,924.9540090513386,1060.1700439453125,4337046
2020-03-16,1026.5370851128118,1026.5370851128118,961.0800529488366,988.7978515625,3443930
2020-03-17,982.5895149772103,1014.8536483048202,955.9960355723535,978.6787109375,2985146
2020-03-18,1005.0765975964445,1005.0765975964445,900.4625937610168,909.9951782226562,5508541
2020-03-19,860.3279978645173,903.7868187936898,821.0244061417783,883.3528442382812,4838552
2020-03-20,885.8948120598392,913.1726925925891,846.6890276072614,884.7216186523438,4407646
2020-03-23,820.9266388779987,822.2953844240966,754.0518690230299,783.089599609375,4960906
2020-03-24,787.2937018014085,838.7207486734562,704.8246493010531,797.9017333984375,5404961
2020-03-25,781.1831250818116,877.6822289385094,767.2997584834529,861.1590576171875,3564854
2020-03-26,875.0424211765103,926.6650235859512,852.8485958777651,907.599853515625,3635282
2020-03-27,938.5929118189349,943.4814165679919,876.0200510310059,916.1546630859375,2999631
2020-03-30,841.8005906177199,937.6152919888425,841.8005906177199,922.6076049804688,2901412
2020-03-31,945.4368876424304,950.0320943775876,903.1513184691779,912.8794555664062,3811918
2020-04-01,908.9686851424702,928.8160046759823,881.8863539134063,915.1770629882812,2935916
2020-04-03,909.2619450252067,909.3108181411876,836.8631967136716,843.5604248046875,4951957
2020-04-07,880.0285212891822,933.655449330033,872.4024665067103,926.3226928710938,4186574
2020-04-08,914.1503133944253,944.8501445802091,873.4779810745481,893.0808715820312,5505995
2020-04-09,910.8750966079555,1020.7197723810327,896.8939255496399,991.2420654296875,8532854
2020-04-13,991.8775722861182,991.8775722861182,922.1675094018208,945.2901000976562,4399110
2020-04-15,967.9239539319034,967.9239539319034,916.3013549903615,930.8201904296875,5502739
2020-04-16,908.2841685986465,976.7232340474143,894.5963555088929,963.2798461914062,6251879
2020-04-17,978.7764985304667,995.0063717855949,934.9755033695739,953.7473754882812,5761623
2020-04-20,953.7473754882812,960.2979844664417,935.6599060402718,953.7473754882812,2557331
2020-04-21,936.637643332758,940.743999841696,911.6573924417486,915.8126220703125,3717567
2020-04-22,915.8124767196458,933.9488171086787,901.9779846352988,930.1846923828125,2779272
2020-04-23,901.6847161236482,914.6392539264547,884.8193744558434,892.2498779296875,7009187
2020-04-24,889.7079393128454,906.2311106268809,873.1847679988098,885.8460083007812,4692972
2020-04-27,893.8142365768323,917.0835076725024,891.7121556266937,907.0620727539062,3816089
2020-04-28,909.604026510051,919.0388642520774,896.551743105484,912.0482788085938,2548149
2020-04-29,911.2172676063733,912.7815652261746,897.5294545736595,904.7644653320312,2514908
2020-04-30,914.3459679757968,957.1203858295099,908.2842099679872,948.4188232421875,4336412
2020-05-04,907.7953498374974,908.2842003220626,866.243058649459,871.9625854492188,4201101
2020-05-05,884.819303046583,888.5834275932078,857.4436782009428,867.1718139648438,5214901
2020-05-06,867.2207389024758,872.0603705188884,842.0449395487681,856.906005859375,3713850
2020-05-07,858.9102636178271,858.9102636178271,827.5260877582444,830.1658325195312,4744629
2020-05-08,837.8896996456099,843.2670547775245,811.7850727976711,814.2781982421875,4751910
2020-05-11,829.5304072596039,832.4146370814102,805.6256063970967,811.1007080078125,3704305
2020-05-12,808.5587160790517,832.0235397621198,803.9146363917778,827.5750122070312,5287477
2020-05-13,855.4394194820464,864.2387276344266,836.9119753819317,841.2627563476562,3599358
2020-05-14,835.9342566956865,836.9119575807107,822.4908695266038,827.1349487304688,2161536
2020-05-15,827.1350617966539,840.6273239195029,823.2242577219653,826.7439575195312,2130736
2020-05-18,822.7353254059569,826.157278631056,791.9377463800655,799.074951171875,4634758
2020-05-19,808.8519485981352,825.3262446890622,799.9060211016609,808.3630981445312,3072505
2020-05-20,805.6256149451917,834.9566446155263,800.3460057348784,829.7748413085938,3403474
2020-05-21,834.9565916031538,840.8227971647684,825.081836110754,830.8991088867188,2217516
2020-05-22,826.0595338959677,836.8631171626934,819.2156274334465,830.70361328125,1955658
2020-05-26,836.9120191297956,876.9488852507959,836.0809971860596,872.842529296875,5625204
2020-05-27,865.1676063358435,870.8871331017739,849.1332866672923,866.0963745117188,3925259
2020-05-28,866.09635877697,883.9394010338992,855.4883273870229,879.3931274414062,3441157
2020-05-29,875.4822904800766,877.9754158620085,855.4882949657655,870.15380859375,4140081
2020-06-01,878.4643525480666,957.1692834107481,878.4643525480666,937.5175170898438,9822341
2020-06-02,937.5174710013845,962.0577411384132,925.2472762587395,954.3828125,4518557
2020-06-03,966.9462969358719,982.5895130642582,957.8536894960743,962.3999633789062,4194237
2020-06-04,948.4676610613728,955.6537987978609,921.3364598894979,949.592041015625,5293647
2020-06-05,955.2138428065269,972.8124601765551,945.4368331565113,968.852783203125,3136137
2020-06-08,986.500278141673,1026.5860178877667,983.6160483470668,1002.1434936523438,7033675
2020-06-09,1013.875892649129,1023.6529022214446,967.190671941322,974.8656005859375,17283990
2020-06-10,974.8656541867447,986.451446971436,949.2010026483027,955.4583129882812,5971985
2020-06-11,954.2361859395533,954.2361859395533,927.9360048959509,930.0380859375,4955842
2020-06-12,889.7567596213304,962.839907441585,880.9085777397914,955.8982543945312,6968318
2020-06-15,958.0980393550815,964.5508416306144,923.9273798787096,927.2515869140625,3823415
2020-06-16,943.4814350362124,948.3699398809596,912.8305335292999,936.6864013671875,2976379
2020-06-17,933.7043934918144,951.156331322507,924.6606598375743,941.5260009765625,2372940
2020-06-18,936.7352738180656,958.635799376691,932.3845522486239,954.2361450195312,2118941
2020-06-19,958.1468378865931,972.7634776034633,951.3029319016888,954.08935546875,2817395
2020-06-22,957.1692915834171,965.9686006990971,946.952304064273,957.6581420898438,1840153
2020-06-23,959.6135198627975,985.5225960485989,959.6135198627975,976.9677124023438,2929867
2020-06-24,987.478055415746,1003.1212721352033,963.1822083179932,966.1641845703125,3451720
2020-06-25,963.0354258644472,971.8347343241225,951.8407381670346,955.8004150390625,2214883
2020-06-26,965.9685317090646,967.8261873704647,940.4505609657544,944.6546630859375,2514103
2020-06-29,943.3837380493103,949.9342871438753,914.1504536822249,936.099853515625,3422997
2020-06-30,943.4814441810879,950.276477915975,925.2962298520171,928.6692504882812,1947529
2020-07-01,928.8158188549709,946.9032848010941,923.9273145452079,927.0559692382812,3043306
2020-07-02,935.6109310800764,971.8347391508217,931.8467466380424,964.4042358398438,3845200
2020-07-03,969.8793636335325,985.5225791760089,964.3064561616991,981.1229248046875,3073808
2020-07-06,984.5448309596403,997.0593908582638,973.4479493363505,991.5842895507812,2509450
2020-07-07,992.3664968192651,1006.0543105684962,984.5448889625615,993.588623046875,3538454
2020-07-08,1003.1211947630771,1006.0542976717412,965.0397300640971,969.04833984375,4272654
2020-07-09,972.8124884974334,980.1452459484191,956.533743086592,969.48828125,3585878
2020-07-10,963.0842222273495,964.9907508431717,936.050829196147,940.4015502929688,3691688
2020-07-13,952.2318939165103,952.2318939165103,937.6152521386464,944.8013305664062,2760626
2020-07-14,938.5928832806353,956.0937536197902,933.7043786802153,952.0851440429688,3642970
2020-07-15,957.1692453565328,963.8175999880236,941.9171341622814,946.3656616210938,2366530
2020-07-16,946.9034278858198,951.254209313772,920.798798992241,939.912841796875,2914310
2020-07-17,938.5929195669352,977.7009578822241,935.1220931012793,975.598876953125,3843594
2020-07-20,977.7010554505941,989.9223186437266,964.0132406742858,979.3631591796875,3349775
2020-07-21,981.6117936886109,994.7130108206418,976.9677139873949,992.51318359375,2491480
2020-07-22,997.499522342319,1042.1804137562006,992.9531884712997,1034.1143798828125,7642553
2020-07-23,1044.1356222068312,1058.8500684036346,1027.6613860094446,1046.33544921875,6785686
2020-07-24,1041.055997795739,1042.2291911722018,1009.6717024703897,1034.0164794921875,4407065
2020-07-27,1033.4297655830587,1048.5841282760932,1016.1733222597287,1018.8619995117188,2783336
2020-07-28,1021.697579860566,1031.4256574031838,1005.6144456011123,1029.225830078125,3129955
2020-07-29,1033.2344693046837,1042.962546560244,1013.0937331331794,1017.2489624023438,2332468
2020-07-30,1018.764415832292,1034.114273398713,1016.7600810944681,1018.6177368164062,2297977
2020-07-31,1022.1863383574935,1027.6614397817698,1009.6717185177821,1019.9865112304688,1786573
2020-08-03,1027.592958298487,1074.359748700246,1023.6671017242808,1057.38037109375,7646498
2020-08-04,1068.7653964698943,1069.0107625207675,1045.5047427701834,1055.270263671875,3357481
2020-08-05,1062.9255313087258,1093.792526746398,1058.0182112195812,1084.9593505859375,5465772
2020-08-06,1084.9594901582732,1104.147162098234,1071.0227472352872,1099.3870849609375,4499103
2020-08-07,1094.2834360667757,1110.4285936607025,1065.9192172016385,1070.8265380859375,4553672
2020-08-10,1072.7402790682295,1093.9398800178412,1063.9071020219221,1087.0206298828125,5185798
2020-08-11,1054.0921847523448,1067.5381916999818,1029.1629787678178,1046.48583984375,11189277
2020-08-12,1048.20361146013,1056.938665517156,1029.114183500315,1036.76953125,6260227
2020-08-13,1044.3267895115487,1082.702006935403,1042.3147404416995,1077.303955078125,5476727
2020-08-14,1077.3041985472228,1098.258435167305,1069.8450946202151,1083.6837158203125,4149195
2020-08-17,1092.3693290417646,1105.3246046976542,1085.4990816893007,1103.0181884765625,3033448
2020-08-18,1108.023883744641,1130.4504350038367,1104.245270798492,1124.3162841796875,4134374
2020-08-19,1137.3696553052187,1137.5168988826483,1123.7764013983024,1127.1134033203125,2570066
2020-08-20,1109.1035711921036,1117.2987725916646,1098.0620998972258,1104.8341064453125,2727302
2020-08-21,1116.611662857931,1122.5986897366129,1108.1710955276255,1117.0042724609375,2181243
2020-08-24,1118.869000403813,1125.4938826430462,1103.165575836742,1105.7664794921875,2122417
2020-08-25,1110.0356644019125,1117.887375555949,1102.0858308199713,1115.4337158203125,1465877
2020-08-26,1118.574566121859,1128.6836940876078,1106.2572637796534,1113.176513671875,2009966
2020-08-27,1118.86903867096,1127.2114832575417,1106.110005773835,1116.5626220703125,1459135
2020-08-28,1126.9661095842903,1126.9661095842903,1110.6247089847698,1113.078369140625,1628956
2020-08-31,1110.035850070813,1131.62805935601,1065.8699674420009,1080.1011962890625,3373546
2020-09-01,1084.5177370047247,1108.7108489455845,1075.3410724223622,1099.288818359375,2043953
2020-09-02,1096.246403971139,1103.8037502901984,1082.1624164866032,1100.515869140625,1919880
2020-09-03,1100.5157641790524,1169.5126198364308,1100.5157641790524,1163.3294677734375,5945052
2020-09-04,1140.0686236015547,1175.84306033089,1133.590984792835,1137.76220703125,3490945
2020-09-07,1142.4242945544115,1154.6434755550697,1127.9968191699495,1146.0556640625,2166322
2020-09-08,1146.055542730074,1152.336936718301,1133.1983874181933,1141.0010986328125,1994062
2020-09-09,1135.4559014143272,1150.079741240706,1127.0153336686246,1139.5780029296875,1918422
2020-09-10,1143.405577860413,1144.2397983119204,1117.6421474579788,1133.8363037109375,1841208
2020-09-11,1134.57241197348,1171.8680448930234,1133.5909479492814,1146.1046142578125,5572098
2020-09-14,1146.8406997834793,1169.5124945339783,1146.3008466530027,1165.979248046875,2019325
2020-09-15,1172.653334202683,1197.3861811693598,1148.4602205970389,1152.7786865234375,5204233
2020-09-16,1158.127701439783,1166.9608788236458,1143.111251964162,1159.796142578125,2463561
2020-09-17,1153.171175002794,1169.4635746069866,1146.399168684388,1160.483154296875,2019300
2020-09-18,1163.0348478438004,1179.2290039530178,1135.8973440992547,1142.031494140625,2575064
2020-09-21,1142.0316589900826,1150.0797368906515,1094.3816464751274,1099.1417236328125,2666086
2020-09-22,1099.2399665150767,1106.6009484337044,1072.887675207919,1083.9781494140625,2000953
2020-09-23,1086.9714238871027,1101.1535313366667,1082.5548357087803,1096.4915771484375,2068183
2020-09-24,1092.3695554876738,1093.2528971490551,1056.055383382513,1075.8319091796875,2356296
2020-09-25,1077.2060263534656,1094.3325278574175,1061.2081127765316,1088.7872314453125,2275740
2020-09-28,1098.2582964933795,1122.7457771650654,1087.8056801657647,1117.6422119140625,2509616
2020-09-29,1123.776268959172,1152.385968239612,1118.2309734521298,1145.6629638671875,3586518
2020-09-30,1151.2575442320087,1182.6643996586279,1141.6882679692108,1179.08203125,3635996
2020-10-01,1181.290206370631,1188.5530649154562,1160.0906050619894,1176.4320068359375,2990243
2020-10-05,1178.738430404794,1193.4603924831217,1166.6663735775112,1172.211669921875,2151235
2020-10-06,1181.6827410811202,1193.411188802521,1169.9051722331355,1177.707763671875,2087249
2020-10-07,1182.6642405435418,1244.4964788458185,1178.1985309653257,1230.7559814453125,9411156
2020-10-08,1233.7003469049096,1239.1475204646524,1210.7340635021949,1230.9031982421875,3144780
2020-10-09,1230.903128410419,1245.4778451904858,1224.3763686959269,1231.93359375,1873176
2020-10-12,1236.8408367295187,1237.969544247104,1213.0894567771534,1233.454833984375,2009418
2020-10-13,1234.240235301507,1258.1388623380847,1200.9685781229084,1206.0721435546875,4735253
2020-10-14,1201.655558456916,1225.7995515881278,1195.9631385066211,1200.772216796875,4096708
2020-10-15,1200.2323998334857,1214.6108719972542,1187.5714897416576,1191.104736328125,2727327
2020-10-16,1193.5094123720116,1217.0645496992393,1193.4602912461971,1200.477783203125,2772602
2020-10-19,1202.3915824233247,1211.7154908884754,1190.614013835766,1206.0230712890625,1606979
2020-10-20,1207.200983648219,1222.46280010439,1194.5400713215993,1210.6361083984375,2841242
2020-10-21,1217.997048422697,1233.2588643578179,1206.2194782526144,1221.62841796875,2687516
2020-10-22,1217.1627486788368,1229.7745386209654,1197.3862227594395,1206.6610107421875,1973416
2020-10-23,1212.1080768139539,1224.670864318556,1208.378465577632,1218.683837890625,1527141
2020-10-26,1226.8301156850962,1226.8301156850962,1188.062284029447,1192.9696044921875,1425518
2020-10-27,1196.4046200608745,1214.0709721208384,1191.055689165766,1208.9674072265625,1778338
2020-10-28,1208.9674886111216,1217.99691012656,1163.3784107028728,1194.4417724609375,4810354
2020-10-29,1178.738391456777,1178.738391456777,1134.1308957564231,1156.3609619140625,5274120
2020-10-30,1154.5943397939423,1165.7830539972977,1137.6149636968864,1144.1417236328125,2275592
2020-11-02,1145.8591122641542,1160.0903389261073,1132.609349509922,1146.840576171875,2502801
2020-11-03,1156.1646752438203,1182.9586922960355,1153.0240381407414,1177.707763671875,2079628
2020-11-04,1177.7077634973243,1195.3251154477323,1170.592148986055,1193.1168212890625,2043263
2020-11-05,1201.459425670552,1230.6088645185268,1187.8170493145008,1219.07666015625,2215527
2020-11-06,1219.0765440016926,1242.386316555534,1216.0340292298752,1230.2652587890625,2546487
2020-11-09,1241.944555339021,1263.83113040381,1229.2345248000036,1261.2303466796875,1840061
2020-11-10,1262.1628197624482,1287.6808861029022,1250.7287391522193,1281.2032470703125,2898878
2020-11-11,1285.6198745276158,1294.256686897546,1240.2761603068634,1251.072265625,2872916
2020-11-12,1263.0952354933484,1271.9775339427777,1243.5150736925148,1254.4093017578125,3650248
2020-11-13,1272.9589488641477,1279.8291976244016,1254.7527417264234,1264.5673828125,3107920
2020-11-14,1270.996078249458,1273.8423482549415,1255.3907742538254,1262.9481201171875,288198
2020-11-17,1272.958939293844,1280.6144072064808,1253.624144422687,1277.817138671875,2185705
2020-11-18,1277.8171593806828,1278.847744626727,1243.515036409872,1256.3721923828125,2934467
2020-11-19,1254.8511511225108,1320.6582564852135,1246.5087050881787,1268.493408203125,6942825
2020-11-20,1271.9282015109989,1345.8816085148173,1271.5847130782922,1339.8455810546875,10421957
2020-11-23,1349.513236014656,1349.513236014656,1307.310276633834,1322.62109375,2995116
2020-11-24,1322.6210648469576,1339.1587118162875,1298.7224367511333,1302.5501708984375,2876893
2020-11-25,1306.3286230632623,1320.0691194741455,1276.246726602197,1282.724365234375,3417818
2020-11-26,1292.5390389001714,1308.291584900986,1283.9022271034787,1302.79541015625,2819881
2020-11-27,1308.2917521825495,1343.0356081225186,1289.202321801066,1335.968994140625,5497388
2020-12-01,1357.36482403388,1360.7018258708322,1310.2545481455024,1316.241455078125,2881906
2020-12-02,1322.9643936144998,1366.2470532588131,1318.5969265964584,1363.2535400390625,2969071
2020-12-03,1372.9701152461955,1397.6048395091648,1360.358325873667,1392.206787109375,3939085
2020-12-04,1392.206900066448,1413.8482325481666,1387.495824212256,1410.51123046875,2229459
2020-12-07,1409.382354558362,1409.382354558362,1391.716001924622,1398.8807373046875,1430365
2020-12-08,1398.880761403242,1409.0388903811127,1386.1707300437727,1401.3834228515625,1666175
2020-12-09,1403.4937008159106,1408.401021448134,1391.2745203647273,1399.715087890625,1579066
2020-12-10,1401.5307590284635,1418.2156490168977,1389.3115786952806,1397.8011474609375,2588422
2020-12-11,1401.0398587406837,1422.9755551594435,1396.6232707446534,1415.6636962890625,1398271
2020-12-14,1424.1043070815215,1442.2613916308035,1418.215522903376,1436.323486328125,2453825
2020-12-15,1433.4280690658245,1448.6407599734043,1422.4357209782295,1441.525146484375,2035503
2020-12-16,1449.6224573518632,1482.0107722419184,1441.9669895457082,1476.5635986328125,2638988
2020-12-17,1467.436101228107,1491.8254606194714,1464.6389524509718,1474.1099853515625,1951230
2020-12-18,1474.1590006519898,1496.7326737645037,1469.3498028534514,1491.1873779296875,3299825
2020-12-21,1486.1328051528717,1500.2169100081094,1424.1043255931586,1444.37158203125,2298069
2020-12-22,1438.8263623976538,1482.0107825514715,1424.3006458774091,1471.0184326171875,3305444
2020-12-23,1476.8089517750589,1491.6291552143296,1450.6530299153355,1463.2156982421875,2847742
2020-12-24,1491.8252551142189,1491.8252551142189,1458.4554796708744,1468.1719970703125,1947894
2020-12-28,1475.4350346788326,1518.9629437064764,1468.4175423774518,1514.93896484375,2497242
2020-12-29,1525.1951084052716,1527.9922569398573,1500.1186544206048,1511.552734375,2081338
2020-12-30,1519.3064560069233,1526.8636817991505,1504.8789813826234,1523.8211669921875,1151230
2020-12-31,1520.2878436073022,1541.8800531356176,1515.5767681508012,1538.1014404296875,2031709
2021-01-01,1533.1450853742679,1543.8430682960147,1527.1090570452777,1529.7099609375,1003018
2021-01-04,1536.9727940389955,1537.9542581475773,1509.491798998707,1522.1527099609375,1383979
2021-01-05,1516.3621079813527,1547.6217171196354,1512.92698346489,1541.8310546875,1351709
2021-01-06,1548.7503696224849,1591.2968149405117,1532.899700243086,1543.450439453125,3312171
2021-01-07,1540.8986143256343,1540.8986143256343,1506.5473713311137,1513.7611083984375,2820445
2021-01-08,1519.2082867328938,1526.4711449501906,1493.2976108318603,1519.895263671875,3478504
2021-01-11,1531.0840091795874,1542.8615784809688,1517.0490245057224,1534.9117431640625,1425529
2021-01-12,1531.0840165266147,1531.8692357401935,1495.7513084529237,1498.7938232421875,2550741
2021-01-13,1501.6400548854308,1507.5288394143934,1467.2888117998164,1477.888671875,3527208
2021-01-14,1480.0478725051553,1489.7152699920218,1452.6159986533273,1462.3323974609375,2814477
2021-01-15,1462.332220501576,1481.029157389681,1444.028012977677,1449.86767578125,1725346
2021-01-18,1439.8078585496144,1481.0293514324253,1432.9376097358124,1475.680419921875,2302268
2021-01-19,1489.8624891886377,1495.7512737308853,1473.1775996522695,1491.727294921875,2279346
2021-01-20,1491.7273009877072,1512.4361694172944,1491.7273009877072,1502.916015625,1838240
2021-01-21,1504.6825981115985,1521.1221218998214,1484.0228505488872,1489.175537109375,1558030
2021-01-22,1493.7882214259928,1506.2527664149757,1459.4369811172478,1463.55908203125,1364197
2021-01-25,1477.152513058112,1484.7588594285294,1451.3399606780333,1472.048828125,1604484
2021-01-27,1477.1035544686786,1477.1035544686786,1405.456671095779,1413.995361328125,2021747
2021-01-28,1393.679023848285,1427.4904142150735,1389.409678969149,1423.2210693359375,1850239
2021-01-29,1429.0117312290795,1442.0161305689046,1389.0170691084854,1393.9735107421875,2435997
2021-02-01,1411.1490734011163,1480.5876556466117,1397.2613329904923,1473.7174072265625,2215933
2021-02-02,1486.917958508008,1507.528702487327,1454.529646540507,1457.9156494140625,1974202
2021-02-03,1464.344445814877,1500.6586177285167,1464.344445814877,1496.8800048828125,1853072
2021-02-04,1501.640102904888,1511.454744100345,1460.5167323343978,1485.5440673828125,2728965
2021-02-05,1490.402366478662,1510.424138400188,1476.6127478627081,1481.470947265625,1344007
2021-02-08,1485.9365411715933,1535.843963127226,1482.0598061767896,1513.123046875,2683198
2021-02-09,1519.3062722102973,1555.2769517767997,1514.4480733326718,1530.9857177734375,2364475
2021-02-10,1546.1984715917094,1558.5648945263006,1497.7141240850974,1534.175537109375,2125469
2021-02-11,1523.232249685397,1546.6892651208148,1483.2375884903713,1496.438232421875,5970196
2021-02-12,1508.2157622906952,1508.2157622906952,1463.3629029925771,1466.5035400390625,3284441
2021-02-15,1478.0849948105215,1490.353296560277,1449.377168716094,1457.2288818359375,3156535
2021-02-16,1464.491515933877,1477.1033042377728,1433.9188886985953,1444.5677490234375,3090249
2021-02-17,1442.163254301028,1455.511141005502,1422.6320963502865,1433.330078125,2096959
2021-02-18,1437.9429604284678,1444.616963913494,1402.5121320683227,1406.43798828125,2686046
2021-02-19,1407.4194217795248,1418.1174036890245,1386.612432225777,1399.1260986328125,2543997
2021-02-22,1398.5863080760207,1406.5361431288222,1370.123849876579,1379.202392578125,1931189
2021-02-23,1388.7716330736516,1410.3147210841475,1374.1969158682903,1397.6539306640625,1871135
2021-02-24,1397.6540888637155,1446.6781758691998,1397.6540888637155,1424.938720703125,1143204
2021-02-25,1432.9376630816712,1435.832934409364,1403.984470574199,1407.8612060546875,1967386
2021-02-26,1393.678932264383,1405.4073795811648,1377.092166080839,1380.82177734375,2715597
2021-03-01,1395.15125487842,1438.826408478202,1390.3420567002886,1425.233154296875,1962042
2021-03-02,1441.770809600436,1446.678130259389,1423.122991096414,1443.8809814453125,1293306
2021-03-03,1444.7150631672073,1454.1862150903917,1438.973522509487,1447.266845703125,1227772
2021-03-04,1425.085955098712,1460.0751762360446,1423.6628799949808,1443.2430419921875,1822476
2021-03-05,1437.8449674686167,1465.3259634338872,1435.0968199490358,1446.8743896484375,1954113
2021-03-08,1447.6596458465174,1453.79379688824,1424.1045058463028,1429.7479248046875,1060584
2021-03-09,1442.7522979826015,1451.487352863887,1418.2156942754143,1429.8951416015625,941590
2021-03-10,1442.7521738264657,1453.5482785285683,1435.8819253796728,1443.97900390625,1257628
2021-03-12,1452.5669694614248,1479.8517212703096,1451.0947732085924,1455.0206298828125,2631081
2021-03-15,1469.1536024656968,1469.1536024656968,1443.733658881446,1464.5406494140625,1482287
2021-03-16,1477.1033952944188,1502.6214605951861,1469.1535604507044,1473.12841796875,3191850
2021-03-17,1466.5527278782538,1471.7545355187253,1442.8013446387465,1445.2550048828125,1195023
2021-03-18,1458.0630956209898,1465.227831732622,1435.8820301219855,1440.985595703125,1242978
2021-03-19,1423.122806012112,1443.5863065370384,1405.5055750607332,1438.286376953125,2360672
2021-03-22,1437.8448889547228,1441.427256837535,1421.1599994583198,1433.2320556640625,1331121
2021-03-23,1433.232198461015,1486.721996587646,1427.0489261673579,1467.6324462890625,2534795
2021-03-24,1458.4557460570056,1480.8331768939902,1449.0827153783353,1460.56591796875,1871092
2021-03-25,1456.5908343656454,1470.723941246052,1420.9146385979125,1423.9571533203125,1609996
2021-03-26,1432.8396333932671,1484.3665047510083,1429.9933632043585,1477.9378662109375,1922278
2021-03-30,1482.0107313665035,1534.0283265734072,1482.0107313665035,1523.428466796875,3466042
2021-03-31,1521.1713311907254,1538.3469540544656,1508.2650534773018,1529.1702880859375,1431746
2021-04-01,1531.0841426798322,1563.766948263939,1522.790818163373,1530.4461669921875,1343989
2021-04-05,1512.5341476542262,1530.1023772298709,1472.1960011833266,1506.5472412109375,1376233
2021-04-06,1501.1493672108659,1519.306453378503,1481.0293528088896,1497.2235107421875,1400544
2021-04-07,1493.8863802304513,1532.5069659561714,1480.0477613307269,1486.03466796875,2592185
2021-04-08,1500.9039479602768,1549.7317860580526,1497.2234576513993,1542.174560546875,2085919
2021-04-09,1540.800391736679,1588.008787222244,1532.3598251109897,1562.49072265625,3569146
2021-04-12,1541.880091381607,1543.4995310979255,1474.4044349319026,1482.452392578125,1889829
2021-04-13,1500.2658317847977,1524.5080642325847,1488.537385022401,1502.228759765625,1880575
2021-04-15,1516.362011637441,1525.685920446862,1487.4579422512863,1510.0316162109375,1313429
2021-04-16,1501.4438519082632,1530.8877753750933,1501.4438519082632,1520.3370361328125,1501276
2021-04-19,1496.732832630962,1504.0446926443672,1472.2943512710672,1490.549560546875,1439975
2021-04-20,1495.9475844187095,1531.084048322497,1482.0108416454939,1494.6717529296875,1789104
2021-04-22,1501.6399825473702,1501.6399825473702,1445.8437757848305,1453.4010009765625,2200432
2021-04-23,1450.6038737414801,1469.1535683482782,1424.693198719891,1434.360595703125,1726070
2021-04-26,1442.7522799560602,1462.1361966425447,1437.992202857868,1452.419677734375,1020499
2021-04-27,1457.4740781225519,1475.6802837218108,1454.5296860455367,1467.3868408203125,1145908
2021-04-28,1477.1034672629316,1486.8199857931638,1464.0499468384867,1480.882080078125,1037771
2021-04-29,1495.7512513664858,1499.186375631435,1469.2517213225915,1478.8701171875,1927546
2021-04-30,1472.1959324845166,1488.4392088626403,1443.7334777898159,1464.000732421875,3691399
2021-05-03,1449.6223790179818,1449.6223790179818,1394.6603930836507,1397.5556640625,3945733
2021-05-04,1407.4196301136467,1407.4196301136467,1374.0989692205526,1376.8961181640625,3194977
2021-05-05,1379.9383999576805,1405.3583418131614,1377.386617489695,1401.9232177734375,1819256
2021-05-06,1409.1861420491978,1421.6015665337125,1404.475066648919,1417.626708984375,1464006
2021-05-07,1422.1415265396809,1432.201533887529,1413.2102269045815,1419.6878662109375,1190019
2021-05-10,1427.4413921690864,1442.5068419437998,1418.2156057892776,1428.177490234375,1322561
2021-05-11,1412.4248527646832,1430.92542565278,1405.4564821568542,1408.646240234375,1582827
2021-05-12,1404.4751829649424,1432.9376429970762,1399.4206186873644,1427.981201171875,1358169
2021-05-14,1441.7709021464539,1450.4078349836618,1406.4381911340151,1428.8646240234375,1876873
2021-05-17,1434.9003471309445,1443.5372781283768,1411.3452114735283,1441.0836181640625,2218758
2021-05-18,1452.5667621711061,1518.4229745215287,1448.8862720642537,1510.718505859375,3075596
2021-05-19,1494.0336880834132,1525.097050016914,1488.6847567980192,1492.9541015625,1504440
2021-05-20,1494.7700076820558,1537.218335214721,1494.2792755718517,1502.9652099609375,3032029
2021-05-21,1523.4285814479522,1524.0665570968204,1505.1243711880359,1509.8353271484375,1158893
2021-05-24,1503.7501151038787,1506.5472635861468,1477.5449540090467,1492.5614013671875,1126532
2021-05-25,1507.5290129656773,1545.7079943519223,1506.5475487645278,1540.0645751953125,2530758
2021-05-26,1550.713249389282,1584.0830281736085,1547.4253686764694,1553.6085205078125,3839248
2021-05-27,1561.2149730997621,1577.1637655129266,1538.2978091937575,1564.69921875,2810155
2021-05-28,1565.4351516365628,1582.3654064113155,1541.438403661484,1547.768798828125,1028675
2021-05-31,1541.5366517390323,1578.4396788738254,1539.9172119714174,1566.662109375,1525715
2021-06-01,1578.194134135742,1582.119990190806,1559.8408050013652,1561.90185546875,1111933
2021-06-02,1551.6947837168343,1567.1528437064235,1535.2061384715532,1556.3076171875,1859258
2021-06-03,1571.3241517621593,1670.746521092777,1559.1049706474641,1659.8521728515625,7221910
2021-06-04,1682.0330372596468,1682.0330372596468,1634.6282785273122,1648.3687744140625,2952017
2021-06-07,1654.6010882467465,1682.0820807086093,1644.9336916457935,1653.864990234375,1471576
2021-06-08,1654.7485247490877,1694.007089986314,1643.1672000810527,1680.75732421875,1743285
2021-06-09,1683.1617650272149,1707.6493655470915,1664.7103123288787,1698.6689453125,2551140
2021-06-10,1709.1216337379915,1713.489101126473,1690.277450846345,1706.422607421875,1850763
2021-06-11,1704.361453720106,1710.6918489558432,1692.5838850525959,1696.4114990234375,761647
2021-06-14,1696.411528191953,1707.7474861523942,1681.2479561948571,1702.6439208984375,887780
2021-06-15,1715.599316139935,1716.531659149566,1687.7257106118325,1691.455322265625,868275
2021-06-16,1692.0440408374482,1696.9513611415011,1674.868419773263,1683.1617431640625,1116772
2021-06-17,1674.3778041167382,1690.0812301811388,1669.8630930847494,1679.677734375,546515
2021-06-18,1668.5871198585976,1693.0256003115778,1654.7484997827944,1679.57958984375,2018319
2021-06-21,1667.5073820373937,1715.1575084759895,1659.4103038138453,1710.5445556640625,925811
2021-06-22,1717.6603685851949,1737.9767481811732,1715.5993178513625,1724.4324951171875,2083172
2021-06-23,1724.4324549996063,1752.894914416219,1722.518647892921,1749.5089111328125,1608518
2021-06-24,1751.913432039254,1759.7160237715027,1734.8359326057487,1747.84033203125,1271298
2021-06-25,1751.9133273276655,1758.783575670127,1709.7103732239739,1721.3406982421875,1378327
2021-06-28,1735.719216885113,1735.719216885113,1687.8728432220373,1696.01904296875,1339433
2021-06-29,1703.6255172074884,1713.6364036010038,1689.3451659210928,1699.5032958984375,1236704
2021-06-30,1705.7845269097222,1722.8129042956564,1696.1171299333525,1700.386474609375,803926
2021-07-01,1696.9515214002165,1714.0290216326307,1693.761762901344,1708.0421142578125,567971
2021-07-02,1722.4696092052598,1735.0813997612752,1707.943891643323,1722.2242431640625,1259675
2021-07-05,1727.3767523409715,1730.2230220876038,1710.6918632558597,1717.4639892578125,632904
2021-07-06,1717.5622113312104,1741.117350229467,1713.6854759772584,1730.125,960973
2021-07-07,1730.1248592255617,1750.342994506624,1686.1552222700916,1695.2337646484375,2188364
2021-07-08,1697.9329539927107,1713.6363801568052,1689.3451428092217,1694.3505859375,1167637
2021-07-09,1692.0441553143617,1707.6984602203481,1686.1553705510867,1688.7071533203125,831213
2021-07-12,1697.9328314812162,1706.9622529510143,1680.168355876377,1687.970947265625,792602
2021-07-13,1697.9329696108814,1702.8402903323001,1685.6155466770665,1692.28955078125,797913
2021-07-14,1694.0070318096532,1696.5588145009112,1673.3962857679367,1678.6470947265625,891780
2021-07-15,1673.886866747045,1684.928336844321,1663.0907626519306,1670.0101318359375,943422
2021-07-16,1675.261006498849,1678.3035210843193,1657.3492876334753,1663.925048828125,907734
2021-07-19,1662.9436219711438,1677.5674605662434,1643.854193744998,1649.203125,831260
2021-07-20,1649.2032455932217,1660.0974735982838,1631.6841346355043,1640.419189453125,819793
2021-07-22,1667.5724814672626,1686.9045404484132,1654.9795556930924,1674.2132568359375,1146821
2021-07-23,1686.9045339177592,1698.0216116941447,1669.5401121501068,1673.4261474609375,1053239
2021-07-26,1673.3769116380079,1708.7451386954758,1672.4914509684886,1694.9716796875,1435514
2021-07-27,1704.957446137063,1714.2053639781627,1685.6253887559142,1701.0714111328125,1075244
2021-07-28,1702.006104117464,1720.8953723794805,1687.8390928734323,1695.6605224609375,1714957
2021-07-29,1710.8604598389975,1727.8805688058308,1699.841740108067,1711.008056640625,1346162
2021-07-30,1713.8119236537807,1719.6164771501462,1683.5102641068465,1686.80615234375,1199644
2021-08-02,1700.0384434480034,1747.2617335437812,1697.0869878170174,1742.8837890625,1718511
2021-08-03,1751.1969046863142,1824.9340521574252,1748.3930460208503,1810.4227294921875,5956344
2021-08-04,1827.1477834943692,1828.5743924648764,1765.9543170367385,1770.4798583984375,2040687
2021-08-05,1790.59904993532,1791.7303452233605,1734.66886773096,1770.184814453125,2301814
2021-08-06,1766.9381585071144,1767.282470988929,1749.2294241790921,1758.8216552734375,877876
2021-08-09,1758.8216755558874,1801.9620964945777,1748.9834897046449,1770.0372314453125,1770502
2021-08-10,1780.711592188531,1792.5174148991732,1764.3309891585072,1770.0863037109375,862746
2021-08-11,1775.7924917276455,1785.630677277383,1744.851446211736,1760.4449462890625,748179
2021-08-12,1768.9058209051236,1799.994464261311,1752.1809049121387,1794.091552734375,889082
2021-08-13,1800.3878440579176,1811.2098474921454,1789.3198860001844,1808.1600341796875,1194666
2021-08-16,1798.4202312479013,1817.1620218489736,1787.598227668182,1807.4713134765625,461655
2021-08-17,1810.2261509789266,1847.955568747985,1799.0598343383633,1844.11865234375,1917077
2021-08-18,1857.2527849435533,1860.0566439101262,1829.9025800637235,1849.8741455078125,1029077
2021-08-20,1829.3120766929164,1861.6797281901254,1827.8854678625444,1846.4305419921875,1070166
2021-08-23,1858.433323802318,1864.3362353654804,1817.9491646459533,1840.0850830078125,1092285
2021-08-24,1852.5302378340537,1856.7607054273965,1822.6221313773653,1839.3470458984375,1003905
2021-08-25,1829.9024582769887,1839.4454499407418,1790.5497172387738,1793.1568603515625,1280400
2021-08-26,1793.156899018293,1804.9134826189588,1776.0384322785285,1785.9749755859375,1059290
2021-08-27,1794.485204814629,1800.3881166725719,1767.9221014538862,1793.0587158203125,1020589
2021-08-30,1805.3070860114028,1856.416412969731,1802.1589146078734,1848.053955078125,1670309
2021-08-31,1848.0539420527916,1893.8507444567622,1845.2009642800317,1890.5057373046875,1816071
2021-09-01,1894.047526049012,1922.3323108791606,1884.0126243385944,1908.017822265625,1247432
2021-09-02,1926.8084722916647,1947.468660148762,1915.346963104317,1935.269287109375,1167157
2021-09-03,1938.2208133399126,1991.642206217573,1938.2208133399126,1986.624755859375,1548784
2021-09-06,1992.2325896588356,1999.9555413577646,1973.6876337691674,1987.9530029296875,679133
2021-09-07,1981.4105126911052,2006.8914365505786,1980.1315005684346,2000.988525390625,773091
2021-09-08,2001.03763315858,2033.5528833222838,1982.4435591839103,2022.681640625,796813
2021-09-09,2018.7957431227364,2026.666291828868,1988.346605853907,2001.3822021484375,653397
2021-09-13,2004.038483843034,2010.3840657612207,1988.4449830859446,1997.791259765625,786459
2021-09-14,2005.9077110582011,2028.141986772915,1999.1685778570325,2022.435791015625,888765
2021-09-15,2026.6659779571494,2098.484723777961,2026.6659779571494,2085.547607421875,2795995
2021-09-16,2098.4357247990097,2098.4357247990097,2061.1490978901957,2074.578125,725123
2021-09-17,2079.7433575441282,2115.2100674101175,2046.342762889788,2061.6904296875,1727410
2021-09-20,2054.213290059052,2062.0838390631093,2037.0457030819698,2043.7357177734375,411738
2021-09-21,2041.4233736619583,2063.559289761907,2028.7322111740123,2052.097900390625,539788
2021-09-22,2062.870875272381,2076.79181229696,2039.8493760661488,2047.375732421875,1057480
2021-09-23,2056.180787343494,2079.546478108761,2042.9977147351221,2070.9873046875,711634
2021-09-24,2070.938237166723,2080.776423566565,2051.261864367039,2059.033935546875,540771
2021-09-27,2065.0354154285897,2073.2503975069335,2043.5881201031248,2056.427001953125,507550
2021-09-28,2049.490837650215,2103.4041443939327,2049.343360937821,2094.844970703125,923489
2021-09-29,2094.54960175804,2132.8200456108007,2075.906289085243,2112.750244140625,912912
2021-09-30,2115.111340593546,2149.643466730089,2101.731552832288,2126.8681640625,1374265
2021-10-01,2122.0967731125434,2139.8055083540944,2088.302507283879,2128.737548828125,626710
2021-10-04,2125.0482158749965,2139.1168701570023,2103.4042062688623,2120.42431640625,870878
2021-10-05,2120.4241984922924,2170.9431376269004,2095.533540791356,2157.169677734375,1329784
2021-10-06,2158.497788621147,2169.0245985312863,2100.550975057343,2112.897705078125,895210
2021-10-07,2218.511143094244,2345.6697086130603,2213.592049650576,2336.913818359375,8361061
2021-10-08,2380.84105422123,2380.84105422123,2314.925206852295,2320.041015625,1845797
2021-10-11,2338.5366985001638,2367.165914444244,2319.4014756985375,2324.1728515625,1056932
2021-10-12,2326.7307753712407,2467.220106590232,2304.7423356040736,2452.26611328125,3517011
2021-10-13,2498.800793461106,2566.7335165739455,2449.7083408588855,2496.14453125,4023645
2021-10-14,2533.6277723214075,2542.1869450348677,2491.372816764509,2522.559814453125,1546459
2021-10-18,2577.604760591207,2634.567762087015,2533.824832405593,2546.90966796875,2572741
2021-10-19,2595.313393298389,2595.313393298389,2428.802099964139,2444.690673828125,3546129
2021-10-20,2446.8548851161945,2465.0062869023955,2364.1156600311792,2372.379638671875,2868983
2021-10-21,2394.5159030789487,2396.532779169994,2341.537417604888,2356.93408203125,2303014
2021-10-22,2378.2827386517038,2454.57791113463,2359.196755885287,2372.97021484375,3063724
2021-10-25,2366.083414793928,2372.9701440677563,2302.135214394092,2340.651611328125,1446182
2021-10-26,2351.3260761979327,2428.5065849288467,2332.63352580138,2415.0283203125,2567357
2021-10-27,2428.0640622751594,2442.181953851042,2412.519681909777,2420.2919921875,2082690
2021-10-28,2430.0318390677235,2430.0318390677235,2321.811797651752,2336.716552734375,3330380
2021-10-29,2361.1644797240524,2365.099753856926,2308.579427161546,2344.980712890625,1450019
2021-11-01,2401.9441690871276,2401.9441690871276,2351.6711765426157,2367.363037109375,1276469
2021-11-02,2383.595603672719,2424.915982299373,2381.8739212299415,2414.241455078125,1546219
2021-11-03,2422.16122904025,2431.6549818107846,2367.116630138865,2378.823974609375,1554405
2021-11-04,2399.5333188828454,2405.2395142146347,2382.8084044010875,2392.400634765625,181506
2021-11-08,2437.804081969582,2507.458488862127,2408.683194698131,2495.701904296875,3449086
2021-11-09,2488.0276363230923,2502.6374364710655,2450.8392506473865,2471.450439453125,1097405
2021-11-10,2464.4653088625423,2485.9618388701615,2432.1960144649724,2444.3955078125,911235
2021-11-11,2443.805158386719,2501.653734328572,2436.229803961134,2487.191650390625,1726010
2021-11-12,2506.6222075929695,2520.297189465046,2482.1742203651065,2498.4072265625,1673817
2021-11-15,2509.720984384575,2531.0697977190225,2490.7332393655265,2498.30859375,846885
2021-11-16,2508.8358820434664,2510.0656552807745,2479.370323125497,2490.78271484375,1133767
2021-11-17,2482.0757170601582,2497.915291748695,2450.7904794061496,2458.906982421875,892518
2021-11-18,2451.6758653362767,2479.2227851715156,2416.7503062594556,2438.09912109375,739912
2021-11-22,2452.0691307405446,2452.0691307405446,2314.924928061061,2352.605224609375,1361329
2021-11-23,2341.4878785000315,2371.9370110668856,2326.77984091469,2349.063232421875,1247942
2021-11-24,2361.164640699125,2366.329688350654,2326.730989688929,2337.405517578125,614145
2021-11-25,2321.8120939920004,2364.313013098239,2317.040477299067,2359.00048828125,662071
2021-11-26,2339.3235068703925,2346.505429435055,2248.074347644762,2255.20703125,1289322
2021-11-29,2252.9442769652655,2296.6257205823695,2195.2924190420104,2286.5908203125,1094276
2021-11-30,2298.5938727512435,2351.3266501871317,2298.5938727512435,2337.061279296875,2675375
2021-12-01,2370.805792883641,2402.4354605626136,2309.4153763493373,2322.00830078125,2177426
2021-12-02,2330.6662313771803,2383.300525753997,2321.861103066178,2347.883056640625,1682636
2021-12-03,2366.0833748606824,2366.5260451256604,2316.941691266971,2330.911865234375,1062389
2021-12-06,2323.140294806065,2341.340940062594,2280.885091098959,2287.673583984375,547641
2021-12-07,2298.6922813392594,2347.2438279113803,2287.7227994410077,2342.029541015625,904175
2021-12-08,2346.4072366626942,2378.8732487423035,2338.6351662105753,2366.624755859375,926476
2021-12-09,2384.7760461428525,2384.7760461428525,2317.7289113836323,2334.748779296875,1250492
2021-12-10,2346.800747257149,2346.800747257149,2259.142655796039,2301.49609375,2288164
2021-12-13,2314.5314469106197,2347.390887992581,2302.2337159383196,2312.46533203125,992852
2021-12-14,2304.791821043268,2332.8798905361336,2281.229413254891,2316.745361328125,765269
2021-12-15,2316.9910546807287,2329.9281719313776,2279.950143893739,2285.557861328125,567271
2021-12-16,2306.169083738342,2326.5340790195596,2287.6240086010826,2319.106201171875,998086
2021-12-17,2298.1999139662275,2301.446562910098,2220.5767338385094,2243.49951171875,1591893
2021-12-20,2223.1348220251225,2226.5289481260256,2169.319993135913,2203.1142578125,1063366
2021-12-21,2214.8709056619746,2272.6210105767063,2214.8709056619746,2250.632568359375,883858
2021-12-22,2268.98092521599,2270.7518467652253,2245.418517368645,2262.536865234375,643034
2021-12-23,2282.4590229554437,2299.7250864472812,2272.6208375116703,2292.19873046875,613686
2021-12-24,2302.233720328389,2304.0044014397304,2272.6206880145996,2281.917724609375,534065
2021-12-27,2268.832991894918,2306.070619085444,2249.3043383174722,2293.576171875,537545
2021-12-28,2302.2340304776785,2346.358151120649,2289.837819887963,2341.3408203125,871453
2021-12-29,2340.504238553395,2377.348193766254,2331.9943045060563,2363.279541015625,764644
2021-12-30,2355.0649755596155,2408.3878948002643,2352.015041871702,2397.861083984375,1152684
2021-12-31,2407.699350324659,2493.980195029884,2405.043088095782,2481.583984375,2225749
2022-01-03,2469.3847581036,2504.802228737755,2461.8094027004245,2483.0107421875,921729
2022-01-04,2484.141892017065,2552.9599530272044,2483.551504798375,2541.203369140625,1037293
2022-01-05,2534.316634618756,2565.7988288376228,2518.674015442289,2534.464111328125,1244568
2022-01-06,2498.8991692315276,2559.256534611636,2497.3742024091375,2553.89453125,1130508
2022-01-07,2587.442922270433,2643.766537213392,2520.8876899466222,2531.070068359375,4625230
2022-01-10,2543.1709576927033,2620.4499530137987,2529.3974979605186,2614.497802734375,1894316
2022-01-11,2607.1191508523734,2635.403934092753,2591.6732476947727,2610.4150390625,1123968
2022-01-12,2598.2648602779705,2628.7632361464357,2565.798847256701,2570.668701171875,1293999
2022-01-13,2568.7501963005275,2586.360452010703,2546.122369983058,2576.86669921875,1023670
2022-01-14,2583.5076224794498,2596.2972641748925,2546.9588578642765,2550.795654296875,1166457
2022-01-17,2550.7956890624755,2562.1588419924697,2509.1308750491935,2555.51806640625,1172956
2022-01-18,2555.9607743405077,2592.3620632745333,2545.138769522284,2558.518798828125,1221314
2022-01-19,2555.960657607684,2575.4403134288536,2529.4960340187254,2547.0078125,629040
2022-01-20,2554.976726143116,2567.766367051803,2508.737255165555,2522.805908203125,1215237
2022-01-21,2506.769862626894,2520.44484547178,2464.4656616484967,2487.240966796875,1457884
2022-01-24,2479.2225619032943,2481.7313470575173,2337.552701223106,2364.1650390625,1411443
2022-01-25,2347.391198650852,2368.7892533745135,2292.690787970882,2338.044921875,2849686
2022-01-27,2289.345842961795,2322.205287562566,2223.4299978915583,2272.670166015625,2460051
2022-01-28,2275.572346742089,2339.3238379573154,2270.6532539043415,2278.13037109375,1317407
2022-01-31,2314.925010258292,2341.488110673495,2298.544527744945,2322.10693359375,900510
2022-02-01,2340.3078078605927,2402.58357525155,2320.778911955869,2392.4501953125,1246431
2022-02-02,2411.3395079575575,2437.80413353148,2402.2391854571056,2424.129150390625,1144427
2022-02-03,2440.3618521819462,2465.990372805866,2377.8893758209088,2434.901611328125,3883564
2022-02-04,2469.3845322436755,2479.2227176311003,2390.6790491442753,2431.1630859375,2718069
2022-02-07,2439.870228087867,2457.7264403343256,2349.35891317493,2370.2158203125,1119632
2022-02-08,2379.2669770037974,2425.113023131742,2362.050150267568,2404.1083984375,1524580
2022-02-09,2425.1128727877826,2454.627431077289,2416.307744269431,2444.592529296875,826261
2022-02-10,2459.497351291514,2463.432625835932,2425.6540862855563,2451.528564453125,788689
2022-02-11,2439.8698609760468,2439.8698609760468,2382.0705245517147,2402.730712890625,1030760
2022-02-14,2341.4880442360823,2383.7922399932886,2313.2032621891126,2359.19677734375,816491
2022-02-15,2382.7593594316168,2459.349731884747,2360.180771081009,2455.5126953125,1293933
2022-02-16,2469.384564087735,2479.1242716708553,2420.4395911541233,2447.789794921875,1008929
2022-02-17,2468.8927362678974,2496.4396566167725,2446.756818130409,2452.8564453125,960885
2022-02-18,2439.1815394131286,2459.054627391638,2420.980895041556,2448.67529296875,654373
2022-02-21,2447.7406534037837,2447.7406534037837,2372.0358608954098,2414.63525390625,788568
2022-02-22,2338.5366273699356,2417.2421091493193,2338.5366273699356,2410.453857421875,874150
2022-02-23,2412.3228553174517,2484.14160264134,2412.3228553174517,2455.315673828125,2096198
2022-02-24,2363.132297309827,2426.096688245643,2356.2455670512227,2367.657958984375,1875086
2022-02-25,2384.2842404402195,2433.9670768925535,2384.2842404402195,2428.5068359375,1284338
2022-02-28,2390.678924812972,2522.1661696016613,2390.678924812972,2505.343017578125,2355891
2022-03-02,2508.7374972856524,2562.650806049653,2483.5026455948755,2550.697265625,3536974
2022-03-03,2577.60467058063,2597.0843264344853,2518.575555987181,2532.594970703125,2153478
2022-03-04,2523.494728022743,2523.494728022743,2390.679216021546,2401.501220703125,2652474
2022-03-07,2375.7249461220445,2380.7915152875025,2292.2970898359263,2351.031005859375,1545686
2022-03-08,2361.164667896679,2380.3491308233397,2287.968659267918,2332.8798828125,1467595
2022-03-09,2354.2776497933937,2420.685397959317,2336.5689169491475,2394.269775390625,1581979
2022-03-10,2457.578703395462,2464.2194785147253,2405.288844273145,2427.867431640625,1051744
2022-03-11,2437.902334746391,2457.7754211562687,2409.2241204681595,2453.25,812330
2022-03-14,2449.7081745473733,2503.8181944670946,2434.9508963874496,2497.915283203125,1004492
2022-03-15,2517.591827363897,2537.2681995980815,2502.0474452608732,2515.574951171875,1571483
2022-03-16,2536.087318217876,2551.5332202697955,2524.4782121504895,2545.43359375,757197
2022-03-17,2558.026644404491,2677.609594035184,2558.026644404491,2659.261474609375,3336088
2022-03-21,2695.662682741366,2723.20960066719,2656.3099428473315,2663.442626953125,1889261
2022-03-22,2672.2973691310854,2674.806154690056,2603.626780323494,2668.85400390625,1279904
2022-03-23,2685.8249139608506,2698.565317437773,2634.5188674496894,2646.47216796875,1281815
2022-03-24,2650.4072077286614,2650.4072077286614,2570.2752338403598,2576.12890625,1835380
2022-03-25,2588.42663428354,2591.378089966873,2477.2551368779755,2483.0595703125,2863040
2022-03-28,2495.4558657485486,2504.359472069643,2442.82157092594,2494.865478515625,1316800
2022-03-29,2508.7369800243773,2517.5913458362284,2484.4367130009737,2497.71826171875,908172
2022-03-30,2514.9355076908296,2524.2325453210515,2469.3846589713885,2482.32177734375,866666
2022-03-31,2484.387801968989,2504.211649743934,2479.173515597963,2495.111328125,910316
2022-04-01,2496.9314740481777,2508.7372966205094,2451.528344148115,2480.05908203125,1208002
2022-04-04,2499.243498987985,2520.543074088386,2468.1547373611393,2476.271240234375,1424995
2022-04-05,2491.028564319592,2536.0875018701813,2479.271980705309,2507.9501953125,1586304
2022-04-06,2505.7857327606716,2523.39598792784,2482.469282225293,2498.9482421875,1349078
2022-04-07,2461.809336166548,2503.277194170606,2412.323212441017,2418.570556640625,2785215
2022-04-08,2428.4084994423156,2491.6678370718805,2425.112611379223,2469.335205078125,1217812
2022-04-11,2462.4979092852172,2469.3354003880445,2437.3120575249245,2449.560791015625,660112
2022-04-12,2439.8697484915865,2467.9085742303,2400.7629652244327,2447.93701171875,1182427
2022-04-13,2451.872631919411,2455.561951616803,2401.599646290333,2421.52197265625,1165453
2022-04-18,2395.5981491938205,2459.5463544084396,2371.002685649736,2453.102294921875,1109814
2022-04-19,2468.794028283786,2479.812987548623,2401.5009394924273,2412.913330078125,929834
2022-04-20,2413.3562420481494,2464.465569798977,2403.1736235579756,2442.5263671875,639190
2022-04-21,2442.5262447936057,2484.092578169421,2426.0965231895825,2480.20654296875,880723
2022-04-22,2474.303602140649,2485.56827626745,2436.4265887480387,2472.040771484375,878780
2022-04-25,2431.0157770624605,2448.7245119823815,2407.453369470917,2414.1923828125,682383
2022-04-26,2420.193563030429,2510.852343715887,2419.209744508872,2506.96630859375,1232557
2022-04-27,2487.7326849504034,2496.734768813482,2447.9865115334364,2452.020263671875,801135
2022-04-28,2488.962436477916,2490.0447329515146,2436.9185316163184,2472.53271484375,933881
2022-04-29,2480.2067081168766,2491.028712793309,2410.3555870235414,2418.4228515625,1496781
2022-05-02,2395.5978389020743,2397.5654757307416,2333.9617113200975,2347.931884765625,1287401
2022-05-04,2317.8767787872343,2368.051530789844,2238.187466783089,2252.8955078125,2357806
2022-05-05,2271.6369307270943,2271.6369307270943,2215.7067525757825,2225.3974609375,2118580
2022-05-06,2203.7536078098474,2203.7536078098474,2159.924442259363,2173.00927734375,1465638
2022-05-09,2159.4816652421778,2177.5348312759247,2135.870020610828,2147.87255859375,968069
2022-05-10,2144.724413010507,2150.627324238976,2090.614393416205,2102.7646484375,1092429
2022-05-11,2092.7789340016493,2103.404223204593,2061.837886239956,2080.481201171875,1472911
2022-05-12,2067.986666684146,2069.855825920529,2002.6119697168529,2015.401611328125,1362031
2022-05-13,2022.8782330085544,2119.144965517193,2022.8782330085544,2057.85302734375,2580348
2022-05-16,2083.7276024479793,2117.1774317601753,2062.7722201643846,2075.463623046875,1370151
2022-05-17,2110.2907380588335,2149.6434790948956,2076.8409081781806,2141.133544921875,1256142
2022-05-18,2151.611291617991,2158.793215480797,2126.032007858472,2131.68896484375,1188772
2022-05-19,2090.6145154751484,2121.2113698717844,2021.8456917244948,2077.775634765625,981115
2022-05-20,2105.2732211781386,2120.670125615109,2094.7464107206074,2102.469482421875,1017542
2022-05-23,2125.0481875001774,2164.4009317131436,2103.404178183046,2116.489013671875,1346294
2022-05-24,2116.83311130382,2129.96718517295,2087.0236010490744,2105.61767578125,1150314
2022-05-25,2125.047942086431,2145.708130412271,2071.9217435342703,2079.201904296875,1125068
2022-05-26,2097.5013357950093,2116.0464131936255,2041.9155827591658,2107.290283203125,1382368
2022-05-27,2120.129047384661,2124.998901334837,2089.0402840708757,2114.4228515625,865917
2022-05-30,2128.9834087396266,2223.4299924914767,2128.9834087396266,2219.396240234375,1691435
2022-05-31,2218.4125385758894,2262.7828549822316,2141.3797317953104,2180.14208984375,7005071
2022-06-01,2218.5108850097263,2267.60333579045,2144.7244919384493,2162.039794921875,2126105
2022-06-02,2141.3795110069327,2189.340664401163,2141.3795110069327,2185.01171875,966727
2022-06-03,2195.5387945448797,2208.623630629976,2162.187438380627,2168.729736328125,1228695
2022-06-06,2168.729559755154,2173.205982286924,2130.901783774521,2162.974365234375,1285097
2022-06-07,2138.3789551275668,2144.1833887618345,2054.213226290161,2066.80615234375,3255286
2022-06-08,2071.971231406387,2098.4850949050265,2062.6249546123886,2094.40234375,1775344
2022-06-09,2071.9217802948833,2119.145068734653,2068.970324767398,2105.076416015625,1035771
2022-06-10,2073.8894210781596,2130.9508947131376,2073.8894210781596,2107.585205078125,927889
2022-06-13,2073.8891176029997,2090.072881701886,2042.6036454948912,2068.379638671875,928411
2022-06-14,2066.018935184497,2082.645372444,2039.111402024041,2067.986572265625,893733
2022-06-15,2069.95424716302,2093.0739832886525,2056.180787343494,2070.9873046875,783714
2022-06-16,2091.991707328302,2110.2908287727128,2009.0067552153205,2027.600830078125,1265289
2022-06-17,2007.9736324462137,2018.4512037810382,1879.6345524329745,1905.1153564453125,6066708
2022-06-20,1906.6402150906713,1941.51653218422,1874.616875514372,1929.9566650390625,1967950
2022-06-21,1947.8624530154557,2059.870175620643,1934.679259872475,2044.4735107421875,3289922
2022-06-22,2036.5044847859833,2037.439064410066,1974.5239135098882,1998.332275390625,1507811
2022-06-23,2006.9896955411925,2014.6635277092146,1964.8330977690514,2008.3670654296875,1632845
2022-06-24,2020.3206973630524,2042.8008078505834,2001.0377570773476,2012.499267578125,854618
2022-06-27,2048.310344212786,2049.9335488418174,1992.2326834922628,2007.28515625,1067849
2022-06-28,1987.3134260407317,1989.2810630962174,1928.2843143761554,1936.2041015625,3397585
2022-06-29,1918.4461754192264,1922.6766432286788,1891.8830745288062,1904.8203125,2375427
2022-06-30,1918.4459356638363,1933.9410759134287,1894.8342933787428,1909.8375244140625,2489709
2022-07-01,1864.336060293779,1922.7256643372718,1795.5180041536653,1914.70751953125,4064801
2022-07-04,1922.381438843551,1934.7775285038826,1896.8021566480893,1930.743896484375,1023678
2022-07-05,1935.1711281801681,1956.9134945692851,1909.1491750283697,1922.62744140625,1555345
2022-07-06,1926.3166081459099,1992.7243563838306,1909.9360062282165,1980.9677734375,1952701
2022-07-07,2095.5337654230316,2136.4607181383217,2068.527990991164,2093.07421875,5915740
2022-07-08,2112.8198989486586,2126.642085203463,2083.6945779117495,2117.11474609375,2039331
2022-07-11,2125.654894784603,2146.2401767816978,2099.5902957883986,2136.120361328125,1219508
2022-07-12,2104.921619626614,2114.794610337808,2087.5944727205056,2102.947021484375,1096542
2022-07-13,2102.946865589907,2114.5970419734344,2080.683224978637,2084.5830078125,1169721
2022-07-14,2104.9214578550577,2112.8198498169904,2086.1627769454676,2100.42919921875,767221
2022-07-15,2107.8834622903237,2165.2948053742525,2105.118976754769,2161.888671875,1742573
2022-07-18,2168.108728863632,2218.7572186884904,2166.1835439107176,2209.0322265625,2016386
2022-07-19,2204.145165471944,2224.3847963307007,2188.5457920167446,2212.734619140625,867223
2022-07-20,2251.0417953236833,2268.813177918344,2232.381940015211,2242.353515625,1620332
2022-07-21,2255.9783418280103,2268.8132295495698,2235.2450616624137,2259.53271484375,1117118
2022-07-22,2269.8004403981854,2300.3572967706186,2254.1024824416254,2295.47021484375,1185176
2022-07-25,2309.5884659826215,2318.967805942806,2283.6224555691024,2299.271240234375,1248393
2022-07-26,2305.2937070586268,2305.2937070586268,2257.5085328028354,2264.073974609375,1142159
2022-07-27,2256.077105747115,2281.6480541614765,2237.762660566115,2274.292724609375,1456382
2022-07-28,2291.521023398558,2311.760653290704,2275.7736522514097,2304.99755859375,1126799
2022-07-29,2325.0889973289386,2362.1127074774886,2309.341627487044,2322.176513671875,1239445
2022-08-01,2334.764810175346,2350.8084195215783,2309.292446820752,2346.0693359375,581266
2022-08-02,2339.898619629625,2367.34557991594,2327.113145844249,2354.65869140625,777687
2022-08-03,2364.581368121117,2395.0888141999453,2325.0894037266103,2385.70947265625,1207016
2022-08-04,2399.0872195705933,2399.5808690835006,2340.836577047523,2392.8671875,1015590
2022-08-05,2394.3973106417257,2440.99777180937,2386.647158685116,2401.90087890625,2443597
2022-08-08,2428.7556385714956,2443.2688862525597,2402.246562929702,2415.871337890625,1576547
2022-08-10,2438.5299262485405,2438.5299262485405,2386.4007271225482,2402.691162109375,1065998
2022-08-11,2415.1307175088873,2454.425265134526,2415.1307175088873,2440.94873046875,1127878
2022-08-12,2440.60312409538,2461.3364030622097,2430.6313077954155,2440.5537109375,761420
2022-08-16,2429.841738032358,2467.7539243510155,2404.0731369452783,2462.17578125,1035928
2022-08-17,2463.311116392346,2491.103488083215,2449.14327868575,2460.546630859375,863500
2022-08-18,2460.54655426595,2472.0979045207723,2435.962905235436,2447.218017578125,827663
2022-08-19,2467.210803165164,2467.210803165164,2400.025057589934,2409.60205078125,751505
2022-08-22,2409.0096894821404,2426.781072437336,2377.416119784014,2386.894287109375,947292
2022-08-23,2376.4284978126075,2470.1724819550086,2369.5174053802484,2448.69873046875,1417877
2022-08-24,2463.3111837085066,2463.3111837085066,2410.046447002211,2429.44677734375,672569
2022-08-25,2441.5903917207675,2469.8272391286832,2425.497370045341,2435.12353515625,732577
2022-08-26,2451.513021951543,2523.5364414283204,2450.0320733356816,2500.729736328125,2398253
2022-08-29,2426.040319872731,2508.627779772763,2426.040319872731,2499.544677734375,1149676
2022-08-30,2512.6763063466537,2589.7844654445785,2510.7017080705464,2571.568603515625,1794736
2022-09-01,2560.0169136668096,2613.528471673244,2533.0636025501244,2588.697998046875,1438313
2022-09-02,2597.583685770114,2611.4058718593506,2573.937922775415,2579.41748046875,800453
2022-09-05,2591.659975453523,2606.4694610275437,2577.6897904779526,2593.980224609375,733481
2022-09-06,2598.274754955307,2613.281651690951,2577.837713667701,2598.225341796875,680071
2022-09-07,2573.8886013470287,2607.851591960772,2567.3723312568104,2604.248046875,438635
2022-09-08,2615.355196035157,2626.1166593160187,2582.774327228377,2593.33837890625,754150
2022-09-09,2618.316959795779,2618.464958230528,2560.0663185333538,2570.383544921875,777186
2022-09-12,2583.564020769602,2635.792040430005,2576.8503394932327,2627.3505859375,808360
2022-09-13,2645.961472605907,2688.415332054435,2638.0630801503676,2671.18701171875,1536444
2022-09-14,2611.4056441629273,2677.554671822253,2611.4056441629273,2666.299560546875,915281
2022-09-15,2679.6776522262585,2682.491550968373,2614.367915702706,2622.414306640625,753648
2022-09-16,2614.3676151271466,2643.6409325286504,2571.1732861385467,2578.62744140625,1425731
2022-09-19,2578.5780740233095,2598.570878081497,2520.13002345375,2586.52587890625,808421
2022-09-20,2608.6414961215723,2659.339398646541,2601.631817505452,2649.91064453125,844553
2022-09-21,2653.859691622817,2665.7072795318477,2622.907771794558,2632.78076171875,1052572
2022-09-22,2626.2155725256193,2710.086581793615,2616.3425816514628,2702.830078125,1352472
2022-09-23,2702.8297524977797,2720.6997192032036,2633.1263489079242,2638.507080078125,1226889
2022-09-26,2632.139100304792,2643.9372749957993,2530.990367257602,2621.7724609375,1371409
2022-09-27,2636.038862403913,2645.5170290240926,2552.710924940677,2567.322998046875,1246270
2022-09-28,2554.6362679315866,2601.0393228466723,2531.928389994417,2544.22021484375,1419969
2022-09-29,2561.8929000153694,2572.950600579137,2485.3772277110133,2499.347412109375,1177076
2022-09-30,2505.7651303367925,2603.9025650301933,2490.560820524515,2573.83935546875,1453944
2022-10-03,2591.6602150831336,2591.6602150831336,2523.141751907914,2541.50537109375,1049142
2022-10-04,2595.6091771599,2595.6091771599,2538.9874807781657,2552.266845703125,1291070
2022-10-06,2565.0521192907895,2586.723283322885,2548.8110995557463,2559.918212890625,1409852
2022-10-07,2655.834456651426,2710.135904649875,2641.0249708336673,2695.820068359375,5284814
2022-10-10,2675.5804481635028,2693.253004892275,2624.240897128631,2646.060302734375,1290447
2022-10-11,2658.7964926727113,2659.783791778791,2583.169284731076,2591.16650390625,1067626
2022-10-12,2596.596436637624,2611.3070956992324,2572.901260029524,2588.056396484375,1131702
2022-10-13,2576.850471671081,2594.6218542343295,2558.0917900765403,2565.64453125,1038687
2022-10-14,2606.469504478849,2629.769858586326,2574.6291099639084,2584.551513671875,1326916
2022-10-17,2580.701039744786,2601.434320994786,2569.4953395026073,2591.66015625,1111199
2022-10-18,2604.642695113086,2630.855531113662,2589.8332104844885,2607.555419921875,771852
2022-10-19,2620.6372485198053,2642.99947489295,2606.4694111757144,2610.961669921875,1001916
2022-10-20,2606.4694343174046,2610.418630430007,2548.564442732297,2598.077392578125,1022636
2022-10-21,2616.342566956529,2645.61588831806,2606.518989299882,2631.793701171875,986521
2022-10-24,2662.7454812742435,2665.6085520424886,2645.122097190267,2649.811767578125,184595
2022-10-25,2663.0912537858258,2663.0912537858258,2628.1901351024803,2636.384765625,505759
2022-10-27,2665.7074439051303,2729.8818823695133,2645.9614628391664,2669.459228515625,2117791
2022-10-28,2674.5437088615804,2704.1132671521636,2659.0431620102045,2701.64501953125,1003160
2022-10-31,2715.072330693803,2755.551590896874,2703.4715670990204,2726.42626953125,1144647
2022-11-01,2734.9663700252086,2748.6405582990487,2706.1866991011825,2719.95947265625,890107
2022-11-02,2710.135990656898,2712.45623992457,2668.6694290512182,2693.796142578125,1704942
2022-11-03,2670.6438372743246,2743.7039644308124,2670.6438372743246,2728.548828125,1227960
2022-11-04,2739.6558792118017,2746.122735823797,2711.7155105422253,2734.52197265625,1172058
2022-11-07,2736.792943943789,2736.792943943789,2671.9274451037313,2706.729736328125,1825529
2022-11-09,2733.830813094869,2733.830813094869,2675.5801746071124,2683.577392578125,1184702
2022-11-10,2675.5804214564205,2676.6665468257015,2594.6218994787723,2607.456787109375,1198585
2022-11-11,2637.0757221680105,2660.1784231683123,2607.9998137987163,2618.11962890625,833729
2022-11-14,2624.2409557820283,2631.152049345036,2589.8828995751137,2596.399169921875,565428
2022-11-15,2609.3817671492525,2635.2489519810265,2587.760016100659,2622.90771484375,1033296
2022-11-16,2625.2280911191183,2644.1841840730567,2596.5964195725014,2610.71484375,835064
2022-11-17,2604.494550047504,2611.405642485083,2543.2820170289506,2549.205810546875,1265647
2022-11-18,2547.231757653563,2550.588478282602,2512.676288072991,2533.212158203125,1038751
2022-11-21,2519.5870852474686,2546.194745482855,2507.3938460012964,2540.666015625,629040
2022-11-22,2547.231446946814,2575.8631182497043,2528.472765748368,2573.0986328125,912070
2022-11-23,2581.737621613695,2599.064768276836,2557.894445796424,2568.705322265625,992873
2022-11-24,2577.8379832012315,2585.0453149317423,2559.572949616696,2577.048095703125,752066
2022-11-25,2586.723443427082,2586.723443427082,2553.1552766039827,2562.435791015625,633047
2022-11-28,2551.5755338808162,2575.3695370798023,2546.244215498873,2559.325927734375,665149
2022-11-29,2564.163232139695,2606.469086262554,2562.0900490813024,2580.552490234375,866621
2022-11-30,2580.552954704322,2631.152032247544,2571.124200339525,2619.304443359375,1569918
2022-12-01,2628.1901519367625,2631.1520491778633,2596.596581365021,2605.18603515625,539844
2022-12-02,2614.367698046371,2617.7244181611795,2571.9138419225064,2584.64990234375,731396
2022-12-05,2595.609249911935,2596.5471358186232,2556.364111956819,2582.4287109375,747114
2022-12-06,2586.5262044101987,2590.6728123805883,2558.388180342803,2583.76171875,706596
2022-12-07,2583.0703484364685,2590.4256775692984,2553.8462024517867,2563.867431640625,712914
2022-12-08,2563.8675500183335,2580.7008054349185,2545.9973413856114,2550.68701171875,648288
2022-12-09,2564.015582266697,2596.4976239549633,2535.3344972220607,2582.231201171875,935047
2022-12-12,2580.306185075537,2580.306185075537,2538.3459735332717,2551.822509765625,726330
2022-12-13,2564.410277708115,2566.9773514755066,2532.4218871287208,2543.183349609375,832740
2022-12-14,2542.1470642094505,2563.0283427741406,2538.4938648798134,2558.190673828125,767737
2022-12-15,2552.1682067678644,2555.7717521139093,2482.613032474167,2490.659423828125,1225728
2022-12-16,2468.2475111984027,2487.99349128799,2448.5015311088155,2451.3154296875,1177053
2022-12-19,2451.6611532314746,2493.177129886818,2437.3453158358275,2489.77099609375,572224
2022-12-20,2484.8342264756425,2485.6241139011067,2450.5749986243654,2476.2939453125,597902
2022-12-21,2483.0570350173502,2495.8919222758896,2449.4888683411714,2457.979736328125,519326
2022-12-22,2460.1519031850885,2477.3308108130673,2433.69223955318,2451.463623046875,557608
2022-12-23,2436.308146924949,2473.1838589625186,2423.8189116778376,2451.5126953125,1310439
2022-12-26,2456.1528436266126,2480.489665146749,2438.8751128403737,2449.58740234375,1076808
2022-12-27,2466.2728837887526,2487.8946353131773,2454.03047269507,2471.75244140625,791283
2022-12-28,2471.0121990432826,2563.028425590734,2465.779465682919,2547.379638671875,2443430
2022-12-29,2522.548818084947,2555.968983969422,2509.9113433128073,2520.821044921875,1583143
2022-12-30,2531.4345182416987,2576.8502701290304,2520.6236429025626,2564.509033203125,1057182
2023-01-02,2573.8881883038584,2582.773878251973,2524.325832578995,2533.162109375,697408
2023-01-03,2535.3836140695093,2585.73585874145,2522.5981413264512,2580.404541015625,852511
2023-01-04,2585.538943867702,2592.894273990525,2552.7606617961856,2564.558837890625,832054
2023-01-05,2558.0916822766358,2586.723352977532,2511.342978699083,2529.558837890625,1544601
2023-01-06,2527.485768163279,2551.5757704751545,2485.031905651161,2505.864013671875,879019
2023-01-09,2497.817225219723,2497.817225219723,2436.456684649331,2453.092529296875,2324487
2023-01-10,2463.3109794933544,2466.9639375475704,2424.806318892055,2436.851318359375,948787
2023-01-11,2441.590569825083,2456.9925315419655,2400.1240093994243,2406.442626953125,1000412
2023-01-12,2418.8825991585504,2443.565074660168,2401.111216797385,2415.52587890625,874520
2023-01-13,2425.6949925112795,2425.6949925112795,2369.5177717551755,2386.499267578125,1416869
2023-01-16,2397.1620340312243,2403.8757156129127,2361.619269111486,2375.29345703125,737012
2023-01-17,2374.4539713877057,2387.190031408758,2355.6952913642685,2377.366455078125,926137
2023-01-18,2387.2889033200745,2398.9884925003994,2382.1549968972363,2393.3115234375,601233
2023-01-19,2362.1128978269894,2381.167817060262,2337.1341844925832,2354.757568359375,1116874
2023-01-20,2359.5951585414546,2366.506251429275,2323.114509291562,2341.18212890625,1229902
2023-01-23,2353.6712762118573,2354.016927259179,2325.6814956916164,2334.665771484375,932554
2023-01-24,2342.3666891266776,2360.236896005472,2333.974648301566,2340.638916015625,714000
2023-01-25,2339.8986556415584,2339.8986556415584,2303.9116549051573,2326.6689453125,650664
2023-01-27,2338.318931776103,2338.318931776103,2273.3548482800297,2301.640869140625,1238620
2023-01-30,2302.3812708065184,2313.0935613854945,2258.0022289103813,2305.88623046875,1401847
2023-01-31,2317.190794702082,2356.1396927450796,2305.9848544344927,2346.957763671875,1252600
2023-02-01,2377.958915542774,2379.193039220575,2270.8369803096134,2316.1044921875,1521514
2023-02-02,2311.3161182368876,2354.7078563119144,2240.7736606446374,2278.78466796875,1788381
2023-02-03,2290.632640951688,2438.6286733344846,2290.632640951688,2431.81640625,3693638
2023-02-06,2443.417090863062,2448.4521712716805,2416.513192405101,2426.781005859375,1049075
2023-02-07,2425.1025323780786,2428.508665650553,2401.2099452740154,2415.82177734375,563195
2023-02-08,2415.9205235293466,2448.501388783318,2415.9205235293466,2435.419677734375,539085
2023-02-09,2435.6663811064277,2444.2064201573094,2420.462074494756,2431.27294921875,464715
2023-02-10,2420.857270752101,2440.603251753342,2411.0336934119455,2437.147705078125,597337
2023-02-13,2448.5013484649057,2491.893088267044,2444.700151165289,2487.055419921875,1856317
2023-02-14,2496.829806031248,2496.829806031248,2448.5015672564646,2475.059814453125,843477
2023-02-15,2471.653490157848,2496.1385521473744,2451.7595128762346,2492.23876953125,707224
2023-02-16,2497.866606334842,2513.317740112255,2486.1178440095064,2490.363037109375,704946
2023-02-17,2483.0571936239294,2513.51546674892,2464.298511047844,2468.5439453125,607239
2023-02-20,2468.247360056396,2475.405277400559,2434.9754338507914,2442.7255859375,460090
2023-02-21,2454.376047942374,2454.376047942374,2419.376344502664,2432.31005859375,750272
2023-02-22,2420.807795879405,2431.5200867154185,2383.7346692866977,2400.6669921875,1098118
2023-02-23,2401.6047635001764,2401.6047635001764,2349.77156716564,2364.08740234375,1602078
2023-02-24,2369.517867315564,2383.09323009706,2347.747873701638,2368.62939453125,1145691
2023-02-27,2368.629111141227,2381.365171738338,2343.4529868131476,2370.5048828125,862629
2023-02-28,2370.603695493969,2394.2000448812114,2333.5799834597233,2342.6630859375,1430349
2023-03-01,2339.898701721917,2365.6178896682136,2336.2951566773804,2352.14111328125,479935
2023-03-02,2352.092202309595,2363.890378823198,2321.8807522133284,2328.9892578125,529609
2023-03-03,2339.8986359467176,2371.4922040270108,2328.3472858253194,2365.667236328125,710845
2023-03-06,2381.9083457997913,2395.5822928721,2362.211778171,2372.923828125,682556
2023-03-08,2365.9632388803716,2370.7023223117585,2342.120064328419,2366.654541015625,858496
2023-03-09,2370.307777164605,2377.366869461621,2334.962420435877,2338.171142578125,601071
2023-03-10,2324.9412287669643,2349.722289919251,2308.3051436128576,2345.328857421875,543004
2023-03-13,2342.613783298185,2346.7603910336875,2291.521058280513,2302.38134765625,631722
2023-03-14,2307.2686117019616,2361.47147757751,2299.271633518234,2325.681884765625,1470817
2023-03-15,2349.7718850879346,2383.192056424127,2349.7224719244014,2368.62939453125,1656307
2023-03-16,2382.8462058594546,2450.476189328016,2382.3525563450853,2419.228271484375,2317115
2023-03-17,2435.8146318613667,2442.577726428471,2416.3154766079465,2424.460693359375,1625905
2023-03-20,2430.730310129412,2443.515784876842,2410.5400923576235,2428.706298828125,918922
2023-03-21,2443.5653061714006,2489.5241281176595,2436.703625539813,2482.119384765625,1652107
2023-03-22,2485.9695239348844,2491.9427312252187,2463.311059590698,2476.2939453125,754732
2023-03-23,2478.1203163898845,2495.8916971448716,2462.3729466510595,2487.055419921875,610778
2023-03-24,2484.834242914544,2487.6973136810175,2443.5156821595933,2461.68212890625,838919
2023-03-27,2448.501496809944,2478.120466529419,2435.4691983413336,2462.718505859375,728727
2023-03-28,2471.1107783042858,2475.306799406831,2462.225086557719,2468.5439453125,599191
2023-03-29,2468.543784785953,2492.9300223410924,2462.323752759875,2483.1064453125,710603
2023-03-31,2494.8552535579793,2504.5308323293884,2468.2475927164564,2482.958251953125,848456
2023-04-03,2493.8186679191813,2512.3305258040077,2481.3788440444678,2505.172607421875,701713
2023-04-05,2527.4855204308233,2548.7124496063166,2517.7113564357032,2540.024169921875,1438377
2023-04-06,2550.193506584454,2551.180805657851,2512.676141795368,2516.082275390625,1192271
2023-04-10,2535.383974521005,2568.9521424079653,2528.5222942932496,2550.884521484375,1497452
2023-04-11,2550.8843065517694,2570.432874411483,2543.282152672933,2547.28076171875,820568
2023-04-12,2547.28109667213,2560.510808224815,2531.582896324287,2555.03125,553807
2023-04-13,2555.1303081101732,2566.9284852429764,2544.5662549669905,2552.81005859375,481459
2023-04-17,2566.977376890108,2579.071789531225,2549.5022329553917,2572.50634765625,1044487
2023-04-18,2569.98882049987,2574.530251470979,2527.5843748372035,2544.960693359375,674756
2023-04-19,2547.280945185523,2562.9789035599892,2529.460149243818,2536.66748046875,687292
2023-04-20,2544.9111919679003,2585.7361023712383,2537.8521004754743,2546.490966796875,995472
2023-04-21,2560.6588897321553,2561.5967756133564,2526.74507125022,2535.68017578125,409932
2023-04-24,2538.44452202417,2602.914953046803,2537.3583967224963,2596.152099609375,1026391
2023-04-25,2601.385047462168,2603.5076440438525,2581.737651372042,2599.755859375,630987
2023-04-26,2599.5583947213117,2614.02222936603,2592.3016502988557,2607.456787109375,631279
2023-04-27,2607.4567667730785,2640.037635119732,2598.077425885406,2629.62158203125,620037
2023-04-28,2638.5071025055886,2645.2701969130057,2586.2296698887294,2608.2958984375,1567472
2023-05-02,2623.2537503448316,2640.0378353112833,2599.9533947990044,2630.016845703125,726439
2023-05-03,2641.0249311263215,2645.467776804852,2609.5301881766623,2620.341064453125,808211
2023-05-04,2645.66483821783,2660.0300855516175,2622.8089648905748,2636.48291015625,1936641
2023-05-05,2636.680677118467,2730.868900705184,2632.4352434177295,2698.189208984375,2190777
2023-05-08,2698.2387764251976,2734.8182528893117,2698.189363266825,2716.306396484375,848638
2023-05-09,2718.3303412868677,2754.5641657974643,2703.668854956223,2713.492431640625,893686
2023-05-10,2724.9453272428823,2732.547481578317,2701.44756208261,2710.580078125,522149
2023-05-11,2722.9705081924344,2729.881600852821,2709.1977360271912,2722.822509765625,621067
2023-05-12,2725.7351278763144,2749.134065972376,2721.835345033603,2737.9775390625,705516
2023-05-15,2738.767268828375,2766.510465552174,2729.141104130799,2744.246826171875,772914
2023-05-16,2749.6277154054856,2765.227087815745,2739.310489061923,2754.81103515625,548885
2023-05-17,2749.627751376738,2754.564246442046,2715.1216990781923,2727.314697265625,539547
2023-05-18,2746.665721503982,2746.665721503982,2681.6028161056934,2687.27978515625,612441
2023-05-19,2685.404046900658,2685.404046900658,2648.972807773831,2667.33642578125,846419
2023-05-22,2667.2870247515016,2699.2754153351684,2666.7933752607673,2678.097900390625,559506
2023-05-23,2685.404092306844,2691.772123183541,2643.295882837384,2649.36767578125,713749
2023-05-24,2641.0248414269554,2687.4278947155785,2636.088346396251,2672.865234375,814553
2023-05-25,2679.973595540111,2685.453152938807,2647.9357927139267,2673.55615234375,651488
2023-05-26,2673.5562007381195,2724.6489224955226,2664.8679215839757,2707.32177734375,811400
2023-05-29,2710.1358775293916,2785.9604923654974,2710.1358775293916,2776.53173828125,1107678
2023-05-30,2793.5625912532755,2805.805002747424,2762.1664340501384,2766.905517578125,1263691
2023-05-31,2766.9058765575883,2796.1300279052266,2754.663463475104,2787.392333984375,1394580
2023-06-01,2787.391868500233,2801.608877514726,2778.9504139429696,2791.341064453125,538550
2023-06-02,2794.0562810427978,2834.535541651545,2790.5513212455426,2825.30419921875,1116501
2023-06-05,2838.484606282306,2838.484606282306,2803.9291415101734,2819.4296875,724102
2023-06-06,2824.613152793461,2856.2561353736046,2821.9969067417924,2844.852783203125,1148132
2023-06-07,2858.230633633516,2873.040118781876,2833.548158386249,2870.02880859375,862821
2023-06-08,2869.9793722570294,2884.739685167527,2834.5848476621773,2840.459228515625,560514
2023-06-09,2853.294356563722,2882.8639159609784,2826.884106031515,2839.718994140625,727880
2023-06-12,2848.3081177076983,2848.8017671931166,2797.2648091233928,2816.369140625,1112274
2023-06-13,2823.576277628477,2880.9384452119098,2818.8374353208255,2875.50830078125,776313
2023-06-14,2882.9131597425676,2891.008963558542,2860.2052821144584,2870.127685546875,617700
2023-06-15,2874.076739780103,2887.5038612648086,2863.167037858924,2871.0654296875,564711
2023-06-16,2874.81737889475,2922.4051441832876,2874.81737889475,2916.777587890625,1022389
2023-06-19,2929.316465239281,2985.9873378509,2925.7129198964894,2930.896240234375,1382633
2023-06-20,2934.9437579837877,2948.4205342740042,2910.853758234243,2936.227294921875,672298
2023-06-21,2936.227084217707,2947.0873726932937,2920.5782994074257,2933.364013671875,509602
2023-06-22,2937.2148172009142,2946.8409834085473,2918.258722723077,2932.525146484375,496441
2023-06-23,2934.74634301977,2943.1383847071265,2894.76073262707,2901.81982421875,869340
2023-06-26,2902.659169810205,2943.138430341572,2902.659169810205,2934.84521484375,839713
2023-06-27,2935.240102467357,2951.234299015524,2903.3502946530393,2937.90576171875,913730
2023-06-28,2956.9606855480783,3005.733162710143,2947.137108106223,2989.640380859375,1525117
2023-06-30,3007.312703483906,3028.9838679619197,2990.6766191974366,3008.941650390625,946112
2023-07-03,3011.3611152190874,3015.211485336496,2987.8633481666543,2999.7109375,429100
2023-07-04,3002.870010408324,3050.7540135333625,3000.4017628245592,3035.598876953125,1291238
2023-07-05,3035.944284336456,3074.350117241091,3024.096696885387,3060.478759765625,643663
2023-07-06,3060.626939375253,3072.3265290916875,3042.2630813230826,3066.945556640625,976956
2023-07-07,3100.119162989027,3169.230099743559,3086.69179886079,3104.068359375,3630808
2023-07-10,3114.9284845260836,3114.9284845260836,2991.762928759165,3006.86865234375,1777220
2023-07-11,3023.9488709725065,3058.6523347784932,3006.1280756235687,3048.384521484375,1141925
2023-07-12,3074.449119406487,3084.3221095137656,3048.4336940578896,3057.17138671875,1300168
2023-07-13,3084.360474727965,3085.0044433692838,3050.0398238125495,3055.43798828125,932018
2023-07-14,3064.2531992000536,3067.918234249884,3013.6884836471727,3026.515380859375,721349
2023-07-17,3040.8279839752254,3043.7499038692963,2991.30309824273,3004.625244140625,866575
2023-07-18,3004.625468965561,3011.063704592535,2935.241050498411,2967.97705078125,1359863
2023-07-19,2981.4972113350664,2988.7276510589872,2956.6851956871433,2967.184326171875,568891
2023-07-20,2973.72191723361,2987.935656900471,2937.816373225043,2960.89501953125,1021556
2023-07-21,2962.331199068159,2976.445792259406,2941.7783703861683,2948.0185546875,599594
2023-07-24,2949.702320196434,2964.4606400466887,2923.206505198027,2950.890869140625,523141
2023-07-25,2951.683382252806,3004.080618048391,2944.50227335303,3000.2177734375,874788
2023-07-26,3015.9666613722397,3015.9666613722397,2966.540917767782,2979.76416015625,588487
2023-07-27,2985.310739945499,2995.3644375193567,2955.2986088043353,2973.573486328125,595544
2023-07-28,2979.56587520558,2981.3983928730227,2923.6523224807997,2958.616943359375,837051
2023-07-31,2921.968429827278,2989.2727051264387,2921.968429827278,2975.5048828125,656048
2023-08-01,2996.1073620693746,2998.732084506703,2959.3102237681956,2973.375244140625,602288
2023-08-02,2977.089784603347,2977.1393578603074,2931.873654198491,2948.860595703125,1152335
2023-08-03,2910.0328816841507,2958.567272525508,2855.6050774619202,2874.523681640625,3319847
2023-08-04,2892.203801755662,2907.903287522946,2870.4624249207027,2876.801513671875,709334
2023-08-07,2892.203996102626,2892.203996102626,2855.0603286879427,2877.0,580359
2023-08-08,2890.272581367672,2904.139550572315,2877.0000075715293,2893.49169921875,474417
2023-08-09,2896.215473786784,2933.8543889727953,2890.4209651153765,2927.812255859375,600081
2023-08-10,2929.8923449777926,2967.0360106088497,2889.2819372211698,2960.152099609375,970990
2023-08-11,2960.1027771142753,3038.3025327498463,2951.6835455246915,2988.57958984375,1823274
2023-08-14,2991.650013941134,2991.650013941134,2959.9540855385285,2982.0419921875,542561
2023-08-16,2976.445903771089,2987.242233116367,2949.752036292767,2982.488037109375,544441
2023-08-17,2989.322268327297,3050.1883078984406,2983.3792817103445,3042.5615234375,1699758
2023-08-18,3041.422542299572,3050.237875704012,3006.1607250403235,3021.4638671875,860782
2023-08-21,3022.0086790749606,3053.2093586524306,3021.0181813105964,3049.04931640625,706621
2023-08-22,3055.6360089411064,3061.628568738729,3011.212329605233,3046.375,714220
2023-08-23,3046.3750091875804,3055.6855914087946,3027.258354044116,3040.828125,602197
2023-08-24,3046.4740345034575,3070.4440328946457,3027.2089006613537,3032.11181640625,618626
2023-08-25,3025.9709063362657,3045.533238709471,3008.6867673630804,3038.054931640625,648003
2023-08-28,3044.790151183712,3050.6835645630713,3011.80652701136,3019.58203125,471698
2023-08-29,3022.949798990473,3060.6382897248614,3015.0753896189253,3050.138916015625,482639
2023-08-30,3050.7330626943663,3081.4384928708355,3037.856591975202,3052.912109375,582766
2023-08-31,3061.4800593213695,3089.312900931246,3052.912108713799,3074.95068359375,1420498
2023-09-01,3082.3795826880487,3095.2064808436453,3070.543182333205,3087.18359375,423739
2023-09-04,3087.331777975905,3095.2557596280712,3056.9731199993334,3070.840087890625,539813
2023-09-05,3090.3531664755515,3127.496834341844,3085.4006774267127,3106.349609375,721199
2023-09-06,3106.349597912397,3150.3278455962577,3091.1951749354735,3145.87060546875,1163154
2023-09-07,3142.8494183769835,3152.7048228060435,3122.0489652455885,3142.6513671875,805295
2023-09-08,3151.764050772945,3174.5455005428316,3142.651519229142,3168.70166015625,700158
2023-09-11,3179.448337232913,3190.938208341788,3156.3203588954993,3182.7666015625,544452
2023-09-12,3185.4903894598174,3190.5417829751623,3147.405798712283,3155.52783203125,591509
2023-09-13,3147.851591604208,3238.9278162379405,3147.851591604208,3232.1923828125,1370306
2023-09-14,3246.40587811736,3271.069174826498,3209.212640051383,3230.35986328125,1264935
2023-09-15,3230.6076723772453,3232.9847703330142,3208.222325707302,3217.731201171875,1397407
2023-09-18,3226.0512671918277,3320.14855622567,3215.9482382070805,3307.767333984375,1423507
2023-09-20,3282.5095031481746,3317.176923972009,3268.6921080696798,3275.229248046875,1201025
2023-09-21,3268.6428573961643,3290.9290586965926,3254.577836495157,3273.10009765625,1091384
2023-09-22,3267.453908447747,3267.453908447747,3230.706346517229,3243.384765625,1019051
2023-09-25,3243.3849615855524,3283.400974934535,3230.360012583251,3252.7451171875,623515
2023-09-26,3262.6996780061672,3276.566646886582,3224.0702646964405,3231.59814453125,1054827
2023-09-27,3215.948191591389,3235.9066248267573,3155.725879118513,3184.004638671875,1464192
2023-09-28,3186.926761717513,3194.256348916703,3111.8965512435107,3127.249267578125,1214383
2023-09-29,3130.022739342277,3146.2668071468256,3113.184276107003,3118.879638671875,697564
2023-10-03,3118.879588841273,3181.9742517094614,3084.8063186877116,3165.878662109375,1007308
2023-10-04,3155.7257983016666,3174.545255353685,3121.058377416369,3136.5595703125,486969
2023-10-05,3143.7407339828555,3200.2982526316937,3134.9254006745005,3185.93603515625,1109881
2023-10-06,3199.30785035572,3288.2545999464774,3190.4925167842775,3278.300048828125,1102120
2023-10-09,3263.3929066004057,3264.6806020466715,3218.1767807912533,3236.451416015625,822467
2023-10-10,3263.690144677892,3267.850186938219,3228.329422733998,3238.13525390625,633934
2023-10-11,3258.4404118288367,3264.680596041,3232.9846679240973,3249.327880859375,546575
2023-10-12,3260.718640601218,3263.7397071469686,3231.598103054401,3253.78515625,429096
2023-10-13,3253.7852413785927,3275.5761927668204,3235.510605510342,3252.547119140625,920545
2023-10-16,3252.7947321116,3297.367132521168,3243.8802520296863,3270.029296875,778014
2023-10-17,3286.421935582764,3296.8221618765424,3272.7036869448416,3277.01220703125,584625
2023-10-18,3277.755012863816,3292.5629054416972,3246.3562834445324,3251.556396484375,324535
2023-10-19,3238.927780634441,3269.58363894021,3208.2223490749097,3253.4384765625,698767
2023-10-20,3241.552480711154,3260.223460694532,3213.1748158873042,3235.163818359375,657550
2023-10-23,3215.353891734557,3243.8307033228257,3179.200722239885,3189.1552734375,566920
2023-10-25,3185.4410108448565,3205.5481650921397,3148.7925912549126,3157.55859375,762466
2023-10-26,3130.3198869955418,3159.5889041651,3062.6688374210016,3071.335693359375,1124281
2023-10-27,3065.689788536253,3108.9249200873046,3057.91428420216,3091.04638671875,1050608
2023-10-30,3075.495519029056,3092.284407556226,3045.7805864780507,3086.836669921875,802316
2023-10-31,3089.957129017953,3175.337993650136,3058.5088228969125,3159.34130859375,1235478
2023-11-01,3163.5014788301623,3182.3702683655747,3138.243785061326,3143.24560546875,756820
2023-11-02,3169.593110651257,3197.822299292995,3149.7831537096868,3171.078857421875,774180
2023-11-03,3174.6936524068333,3256.756484768667,3174.5947477278373,3243.384765625,1355614
2023-11-06,3278.5476911727437,3278.5476911727437,3214.462532401282,3236.005859375,1137606
2023-11-07,3242.8899167053573,3255.2215664056466,3219.316019832473,3239.1259765625,433992
2023-11-08,3257.7471562448354,3292.2165269067405,3241.1067453921146,3280.380126953125,632305
2023-11-09,3289.393588578388,3289.393588578388,3243.5334925199218,3252.547119140625,1317398
2023-11-10,3232.044001959928,3243.830829442957,3192.374515388727,3225.40771484375,1170763
2023-11-13,3243.880385937739,3247.198650389063,3219.712335668522,3233.727783203125,275538
2023-11-15,3244.128090479475,3269.5342636605797,3229.7658716223027,3264.63134765625,747863
2023-11-16,3264.0862437574046,3326.0915006830696,3228.2798462183723,3304.2509765625,1055389
2023-11-17,3307.2722572432003,3334.0156986764337,3295.0890855594644,3307.123779296875,633405
2023-11-20,3306.2813809550985,3322.079771184791,3280.7760647299356,3314.056884765625,497379
2023-11-21,3333.024957732374,3369.4257503613976,3323.219126650403,3362.195068359375,1038863
2023-11-22,3367.69233463163,3402.359755723426,3363.779916901132,3397.2587890625,980779
2023-11-23,3401.270389889733,3409.2439457576775,3364.0278167036013,3376.0126953125,517362
2023-11-24,3373.6354399953943,3386.6110576467527,3350.4083154094874,3364.67138671875,589530
2023-11-28,3385.471830825103,3413.20576859988,3365.0677216975364,3409.689453125,733524
2023-11-29,3440.840588816913,3440.840588816913,3391.464180926476,3396.7138671875,819200
2023-11-30,3398.4967828547733,3466.7419782118523,3389.730781410146,3457.431396484375,1480088
2023-12-01,3465.751770028277,3466.7422678190824,3437.027334094919,3456.342041015625,655263
2023-12-04,3516.2672028373054,3516.2672028373054,3445.0009342312746,3455.25244140625,808838
2023-12-05,3455.2523478146354,3516.2671075929984,3445.941765441138,3511.61181640625,713651
2023-12-06,3516.2669287426534,3539.9893009259395,3488.632138904209,3513.1962890625,474140
2023-12-07,3513.196402706055,3560.8394416156343,3485.6111852257613,3551.33056640625,820214
2023-12-08,3541.029694927149,3612.295964479084,3541.029694927149,3600.11279296875,1562141
2023-12-11,3600.0137616465563,3609.9683127190156,3564.1082170519057,3596.002197265625,620604
2023-12-12,3602.4403731932302,3609.869106434624,3529.3911629861914,3537.463623046875,1075941
2023-12-13,3550.9346393609962,3575.4494600929866,3518.991085073858,3568.119873046875,717618
2023-12-14,3612.345455730765,3612.345455730765,3550.2908656475674,3557.273681640625,992762
2023-12-15,3580.649558956141,3580.649558956141,3550.7365736604092,3566.3369140625,906271
2023-12-18,3566.4852576770027,3632.3533591160945,3559.7498245040447,3585.205810546875,699850
2023-12-19,3576.3406293122366,3593.476288871184,3565.8910714332733,3576.142578125,577926
2023-12-20,3576.1425277236317,3616.80250843649,3507.352507838864,3520.328125,849001
2023-12-21,3490.613206275149,3564.7518175317255,3485.3635198528873,3545.98193359375,816722
2023-12-22,3545.9821562341117,3603.8767048062414,3526.717022213136,3592.88232421875,777099
2023-12-26,3600.45937188686,3630.1743048047706,3589.019074349316,3621.953125,526101
2023-12-27,3633.146013067951,3659.8894542764665,3610.364563149586,3654.194091796875,666625
2023-12-28,3664.742580374032,3701.4901441475185,3645.7250716689723,3679.79833984375,1033648
2023-12-29,3679.798529949203,3679.798529949203,3625.469628057603,3640.525146484375,709614
2024-01-01,3653.946235414736,3662.8607152517466,3632.650533581877,3642.208740234375,286683
2024-01-02,3653.946294013638,3672.6172738111036,3607.888147450441,3663.1083984375,453685
2024-01-03,3672.7656566688925,3674.69707891707,3630.174253422732,3657.957763671875,356757
2024-01-04,3660.8799860802364,3691.585418863918,3651.6187346252414,3684.354736328125,545228
2024-01-05,3684.354423104007,3714.3665532181576,3652.2128195609735,3677.2724609375,963628
2024-01-08,3734.1765111563714,3740.9615174606406,3660.6816265953726,3670.834228515625,1202148
2024-01-09,3701.4407585384592,3718.2792213804414,3650.132923396975,3658.89892578125,572612
2024-01-10,3672.7656347902807,3694.556585158508,3654.936675398095,3679.154296875,556311
2024-01-11,3691.4859710182504,3707.135883846268,3657.5120916197334,3663.455078125,392818
2024-01-12,3664.842026731498,3698.816151181297,3613.286565531839,3690.594970703125,990582
2024-01-15,3704.4615890233013,3739.1290103109523,3700.4995980189983,3723.132568359375,661292
2024-01-16,3723.1324978691723,3821.340251300666,3720.3094826037586,3783.99853515625,1170685
2024-01-17,3782.6616273939253,3818.369122415163,3763.8917419397194,3793.65625,723356
2024-01-18,3755.324004771477,3788.3073887049404,3683.512912856162,3699.212158203125,1293580
2024-01-19,3706.640677117774,3824.8071085052757,3705.154930474563,3774.390869140625,2566367
2024-01-23,3750.024412692166,3821.340249383618,3670.5369697131523,3704.11474609375,1053510
2024-01-24,3728.2338498892705,3744.081815244804,3676.480338025106,3732.04736328125,636988
2024-01-25,3734.572562901581,3760.870326127062,3694.655697642096,3734.37451171875,646135
2024-01-29,3724.8661053994556,3838.178956443314,3724.8165321455444,3829.908203125,699215
2024-01-30,3845.1125021174216,3850.015417917485,3679.6993676883617,3700.252197265625,852445
2024-01-31,3713.3761004254493,3739.129042172865,3618.5359399517934,3662.4150390625,1386754
2024-02-01,3702.480781476151,3702.480781476151,3566.782582690107,3592.981201171875,1408462
2024-02-02,3600.4593204829016,3678.163820589698,3568.2185703631226,3578.073974609375,2320153
2024-02-05,3578.6188241172676,3590.207599514321,3501.310425790575,3518.297607421875,1771614
2024-02-06,3518.2976889771217,3543.95148475931,3498.04205773357,3525.330078125,1069901
2024-02-07,3544.0011275590223,3585.6020351491507,3522.012124768391,3542.515380859375,900220
2024-02-08,3570.546657821848,3575.697198219674,3469.7139294635786,3515.3759765625,1011857
2024-02-09,3515.3757681727784,3563.71186638632,3499.2801792457344,3557.471923828125,838509
2024-02-12,3564.8014732399674,3584.2153262548736,3536.12661117058,3551.18212890625,487283
2024-02-13,3572.7255279700967,3574.4588991023247,3517.4061296789664,3526.12255859375,796060
2024-02-14,3512.3050137565924,3559.700427717898,3470.0108082889847,3551.479248046875,1046318
2024-02-15,3560.889128031419,3597.4879730049715,3537.0676078195906,3587.632568359375,759063
2024-02-16,3613.335940420977,3654.936847629771,3590.0592423398657,3620.66552734375,915502
2024-02-19,3637.058368806731,3674.251609770118,3615.3169903385715,3659.93896484375,528874
2024-02-20,3664.841882074123,3684.602264938994,3630.669707768297,3651.668212890625,744107
2024-02-21,3617.347500594023,3672.2705546589605,3605.4119538661134,3621.606689453125,660426
2024-02-22,3641.069785224039,3641.069785224039,3521.5663265695075,3617.347412109375,1017437
2024-02-23,3637.1080248960684,3701.4903837245665,3620.269561817846,3656.868408203125,897831
2024-02-26,3654.9367236024846,3654.9367236024846,3576.5389228583863,3588.078125,546842
2024-02-27,3595.506902567591,3640.0793021861973,3586.641995896484,3619.13037109375,673959
2024-02-28,3620.2695476352005,3634.136517174706,3548.111684410256,3560.54248046875,538608
2024-02-29,3561.037474900412,3619.2787911684195,3551.2316438693847,3589.9599609375,1692242
2024-03-01,3595.5071627940024,3738.1388518965746,3591.545171430042,3730.11572265625,1533727
2024-03-04,3725.8563206333265,3728.332564933561,3679.69903014866,3696.93359375,787542
2024-03-05,3712.3855062320868,3723.4294592355127,3672.765596880624,3715.109375,733660
2024-03-06,3712.4351459838804,3778.748922084625,3667.5159762237263,3774.539306640625,765602
2024-03-07,3775.8271803445036,3787.9112051195198,3732.294850473705,3750.916015625,838514
2024-03-11,3766.763894385598,3771.8155297698386,3706.4922498282313,3714.51513671875,597848
2024-03-12,3726.252500328067,3730.21449129067,3678.2133599065064,3713.177978515625,564569
2024-03-13,3723.2812070163986,3726.252700397896,3555.8870798587045,3591.247802734375,1027729
2024-03-14,3595.457517463578,3613.3360514992096,3546.130677606921,3605.560546875,1293906
2024-03-15,3600.162016111907,3621.2100926712146,3575.6967707812346,3598.67626953125,1207241
2024-03-18,3584.6114251294002,3585.6019228981563,3531.223692121728,3545.684814453125,785257
2024-03-19,3544.9915159188763,3572.3786825085886,3513.3451605575133,3549.349609375,554444
2024-03-20,3549.3496931632103,3562.721413362891,3516.2671636197083,3556.38232421875,526882
2024-03-21,3572.6759709736743,3602.440478058101,3555.9366549774263,3593.080322265625,767905
2024-03-22,3593.080464682312,3691.486279359179,3586.8402799664063,3671.478271484375,1281102
2024-03-26,3630.1743599923607,3694.5071423735058,3630.1743599923607,3663.058837890625,1158224
2024-03-27,3663.8512770917587,3748.934939407035,3657.7102392385605,3723.67724609375,1315714
2024-03-28,3724.271704405031,3801.8277300178283,3697.0825883314365,3765.674560546875,1590738
2024-04-01,3786.6235921603197,3796.1324679595064,3695.0521170762213,3702.876953125,964052
2024-04-02,3718.3288315134887,3745.5179484197274,3698.618021543039,3720.26025390625,677963
2024-04-03,3709.5132237997923,3716.34756155303,3669.7941672585225,3677.222900390625,801601
2024-04-04,3704.461640475266,3756.2647219401783,3644.0412768204556,3746.805419921875,1177617
2024-04-05,3742.4967879905944,3765.7734862731727,3705.4522670266215,3718.7744140625,623873
2024-04-08,3762.554365078659,3772.112813925454,3684.9985809222967,3713.277099609375,849267
2024-04-09,3719.3192455677668,3725.262232378261,3629.530716567514,3644.38818359375,745285
2024-04-10,3654.9370409658527,3684.998747231641,3646.4682360433644,3675.935546875,567546
2024-04-12,3654.4911609925534,3659.6912743780067,3575.1521914690525,3584.90869140625,1910561
2024-04-15,3572.725563799654,3604.619544588359,3555.887101203426,3566.386474609375,854076
2024-04-16,3554.896630860624,3618.486541733378,3548.953644016053,3611.255859375,1116890
2024-04-18,3611.255948541355,3625.2220646992378,3467.7329094295164,3491.60400390625,1677946
2024-04-19,3491.604014900752,3537.265820001978,3445.1990946025126,3529.193359375,1507940
2024-04-22,3533.105446078708,3580.649337699616,3518.2479799471744,3562.57275390625,668659
2024-04-23,3585.552470941305,3613.33598265896,3570.893055103648,3598.478515625,769991
2024-04-24,3607.393017202758,3610.216032684225,3546.0317263533693,3575.449462890625,652811
2024-04-25,3560.839548455736,3568.2682818669787,3507.3526678947874,3537.166748046875,1889163
2024-04-26,3553.9058725122572,3559.1059856200304,3522.507142682804,3550.736328125,798783
2024-04-29,3550.9344699991184,3579.1140829101373,3539.196974813502,3570.595947265625,703524
2024-04-30,3568.416861119323,3585.1068460520673,3545.982182308717,3555.144287109375,963220
2024-05-02,3550.9345346392756,3563.811005755122,3512.602318989327,3534.541748046875,1435891
2024-05-03,3560.839580489033,3564.8015716773375,3458.8183073901814,3500.320068359375,1681592
2024-05-06,3442.970288401751,3455.648708368761,3226.051274259063,3248.981201171875,6891728
2024-05-07,3298.3573587699175,3300.33835418059,3196.336095120277,3239.81884765625,3111444
2024-05-08,3244.2763145180847,3249.823198784693,3207.6774701071367,3228.874267578125,2054981
2024-05-09,3228.8743314598455,3290.9289215441077,3202.2793689547325,3214.858642578125,1860654
2024-05-10,3227.140807845126,3274.783604407242,3211.936570692766,3258.589111328125,1307103
2024-05-13,3276.0715589463452,3276.5668078592626,3199.8032263571185,3222.733154296875,1294603
2024-05-14,3219.1179247727064,3276.5667985071113,3219.1179247727064,3257.648193359375,620163
2024-05-15,3272.60455179911,3275.031222911932,3229.022650988226,3237.491455078125,657036
2024-05-16,3245.168171750993,3316.1868196133264,3220.4057253679784,3302.220703125,1404971
2024-05-17,3316.1371469875776,3335.9966767558126,3276.5668072174076,3329.211669921875,1194228
2024-05-21,3323.120180807207,3348.1798239774453,3319.158189533517,3344.9111328125,827674
2024-05-22,3352.5876404105265,3370.7633729174086,3328.072818311358,3351.6962890625,626567
2024-05-23,3350.8538848030817,3427.5183138459233,3345.653771620931,3419.247802734375,977789
2024-05-24,3419.297318666323,3422.2192386126876,3371.852332193032,3379.974365234375,878625
2024-05-27,3391.4145907877646,3403.647334252582,3358.084439525443,3371.059814453125,804488
2024-05-28,3371.6543385696514,3390.473795806086,3359.916843512316,3377.0029296875,548576
2024-05-29,3372.991677267334,3385.5213773275655,3339.0671286501693,3348.278564453125,519533
2024-05-30,3333.0252763534345,3333.0252763534345,3223.0800146371694,3240.760498046875,2365535
2024-05-31,3266.6617499654712,3297.1691306215976,3186.1838035783594,3211.0947265625,2524214
2024-06-03,3278.547519721513,3301.2793944925943,3219.1176553156847,3230.211181640625,1378542
2024-06-04,3230.2114279602115,3263.888353691546,3026.6145535938304,3208.1728515625,2934800
2024-06-05,3234.9658842598337,3302.3197361060274,3170.633099132657,3286.125,1396386
2024-06-06,3297.3671696062424,3328.0726013448407,3259.480628832004,3290.0869140625,1825503
2024-06-07,3263.0956011638414,3423.754525253655,3263.0956011638414,3411.32373046875,2084099
2024-06-10,3410.2837983208074,3419.198278188622,3357.7874168770077,3389.681396484375,1655552
2024-06-11,3385.719504925857,3405.62860727733,3369.5743425488854,3378.290771484375,1086157
2024-06-12,3378.9346530168114,3386.412717698484,3338.8194934671656,3350.16064453125,2054168
2024-06-13,3392.405279329008,3444.059882979739,3357.7874307303177,3439.206298828125,1753028
2024-06-14,3456.8371089871866,3501.409507240603,3445.941633858574,3496.506591796875,2346892
2024-06-18,3521.021509120975,3590.5544039730776,3504.3810982777236,3554.896484375,1585048
2024-06-19,3560.8396333155783,3560.8396333155783,3423.1604374794542,3429.4501953125,1862394
2024-06-20,3440.9895167927643,3456.8374823277913,3385.620783933068,3403.301025390625,2377432
2024-06-21,3398.1006821152287,3440.6425133599314,3351.250088803496,3367.44482421875,2707405
2024-06-24,3348.2293631023254,3396.4169847490725,3340.255807381152,3379.92529296875,645002
2024-06-25,3380.1232649830336,3390.870020859161,3352.7358561319547,3370.119140625,1299560
2024-06-26,3369.17822743374,3369.17822743374,3337.9775470973705,3340.701416015625,1485709
2024-06-27,3348.8998650820854,3371.258988810378,3340.0059510547903,3359.43359375,1462935
2024-06-28,3359.433408463666,3398.4871483321635,3345.272630883438,3382.885498046875,1005498
2024-07-01,3360.824510240644,3413.4926648955093,3360.327640857108,3409.96484375,1001832
2024-07-02,3424.4239040870907,3428.398859286263,3364.1040074620505,3378.364013671875,878947
2024-07-03,3399.381624251513,3405.4930206265944,3320.975489931672,3339.210693359375,980605
2024-07-04,3343.9309732633815,3348.800196209364,3309.150116186348,3315.112548828125,741143
2024-07-05,3311.1375185214115,3311.1375185214115,3236.607112192148,3248.8798828125,2001382
2024-07-08,3183.9392416108085,3183.9392416108085,3106.5270830621457,3136.4384765625,5323920
2024-07-09,3150.151835479823,3201.8759859065526,3145.1831417330095,3195.01904296875,2044328
2024-07-10,3197.6030109163034,3232.3341333150493,3170.523628724564,3204.8076171875,1437517
2024-07-11,3226.6201951545236,3238.3463616877943,3209.776370771485,3228.260009765625,1105185
2024-07-12,3245.5510028900635,3248.532219365468,3199.888752397526,3209.62744140625,1496692
2024-07-15,3221.4526148762225,3232.0358355914072,3185.33011402152,3204.012451171875,1243810
2024-07-16,3207.739121645585,3230.64484958445,3203.913372820021,3213.801025390625,501336
2024-07-18,3212.7076626643607,3248.6314642606994,3185.9264517127563,3241.67529296875,1086374
2024-07-19,3241.6259227728287,3258.469748062457,3214.7452378719267,3238.594970703125,1111191
2024-07-22,3229.650909170564,3252.904298671793,3203.0186623817735,3234.072998046875,696255
2024-07-23,3234.719357749115,3468.148511522851,3211.9128575450445,3445.1435546875,7159507
2024-07-24,3448.2735409642346,3530.2569897047388,3440.472594554427,3456.620849609375,3862140
2024-07-25,3393.6179341924253,3432.771145085304,3363.259165936619,3384.4755859375,1476422
2024-07-26,3384.4757802386,3479.7752376807207,3371.755874600109,3472.2724609375,1830745
2024-07-29,3473.117113795065,3477.638673867616,3366.7870619564183,3390.338623046875,2213293
2024-07-30,3403.505728471634,3457.217360300809,3389.2457219490725,3446.53466796875,1316880
2024-07-31,3457.2669712486936,3477.9862793653515,3424.9704607102985,3437.292724609375,1361595
2024-08-01,3453.242543727944,3470.136104373519,3420.946030729049,3446.63427734375,879399
2024-08-02,3393.618001639568,3456.124075108124,3388.6493076400952,3440.671630859375,1168195
2024-08-05,3299.262597352156,3437.342557010321,3295.7347760406847,3354.8125,1932064
2024-08-06,3359.78103865771,3394.959536606987,3300.305918968777,3314.21826171875,976535
2024-08-07,3338.9622674746333,3347.756952634659,3296.281235822024,3305.423583984375,1277139
2024-08-08,3316.106530704322,3338.9127887086374,3263.3389009114157,3275.860107421875,1280733
2024-08-09,3329.025068656079,3329.025068656079,3264.5315158633402,3310.839599609375,1019809
2024-08-12,3310.7898022229747,3324.0563123529555,3274.717277586603,3300.0576171875,874598
2024-08-13,3309.1502285767515,3383.4322044284368,3284.704156870388,3362.364990234375,1314371
2024-08-14,3368.7745591991966,3394.810467447006,3335.8322147580275,3380.848388671875,997803
2024-08-16,3388.649459917492,3428.49848462878,3349.0986053819747,3423.181884765625,1161982
2024-08-19,3414.6852434436632,3482.2594823860104,3414.6852434436632,3443.156005859375,1135205
2024-08-20,3458.2109871364046,3461.29167442837,3432.7711770827814,3453.142822265625,526591
2024-08-21,3453.1427569868856,3559.57227636522,3432.920318571946,3538.107421875,1990034
2024-08-22,3552.5664721322178,3602.303147560944,3531.4495226465156,3581.83203125,1531544
2024-08-23,3588.8378850357876,3600.1666527471625,3521.8102525385157,3547.6474609375,1173387
2024-08-26,3569.5099278049356,3617.2093923190328,3551.672364076756,3607.470703125,1156681
2024-08-27,3607.470521850596,3635.8915484069057,3508.394812600372,3529.014892578125,1169007
2024-08-28,3537.362425569775,3557.53537289096,3497.861306000736,3505.413818359375,727481
2024-08-29,3514.8541368230913,3531.4992617288835,3488.023189213755,3511.077880859375,927472
2024-08-30,3527.7728346801246,3575.4722983603065,3520.3197934800965,3542.827880859375,2116894
2024-09-02,3542.827994625568,3579.397633143757,3529.760425680037,3565.087890625,718800
2024-09-03,3565.087815543951,3612.141203939602,3537.85922582505,3598.477294921875,1112614
2024-09-04,3563.6467161636992,3594.8500166371855,3545.858646533523,3585.111328125,529856
2024-09-05,3593.955781592709,3730.445657944615,3577.8570192097677,3699.54052734375,3437885
2024-09-06,3691.6899879701955,3718.5706716255413,3642.052782337683,3672.36181640625,1408795
2024-09-09,3666.9957678002197,3701.130551175434,3630.873264145304,3661.48046875,923357
2024-09-10,3680.808620180345,3726.520606284096,3643.0465447033325,3704.06201171875,1109078
2024-09-11,3708.533585814884,3720.061052489411,3676.9328872988594,3687.864013671875,831810
2024-09-12,3712.608274494421,3750.370350091527,3687.8642746348096,3740.681396484375,1337327
2024-09-13,3753.3514505076982,3776.058479150094,3716.583114879214,3743.4140625,1003355
2024-09-16,3744.407857560472,3765.276372690188,3712.011875123821,3717.22900390625,386602
2024-09-17,3736.3582386527805,3753.3512683661165,3703.962500886982,3743.811279296875,392339
2024-09-18,3745.4015035289917,3762.295062977119,3684.7834372739453,3702.02490234375,420638
2024-09-19,3726.5204444490078,3771.238689782396,3717.676266305652,3757.276611328125,945257
2024-09-20,3769.251150380584,3795.0883583715927,3716.582995629682,3773.4248046875,1951755
2024-09-23,3773.4251194924323,3805.026063501741,3757.326598615848,3796.181884765625,530107
2024-09-24,3794.0947557722884,3815.857538547131,3757.87302486884,3761.201904296875,1281513
2024-09-25,3776.2074516899124,3779.7352729632357,3686.8206948756024,3713.850341796875,942343
2024-09-26,3714.595551729347,3753.500327838692,3678.2246154140003,3734.023193359375,1863893
2024-09-27,3750.370378610193,3842.788090642717,3727.713084557234,3792.802978515625,2164755
2024-09-30,3762.2949863878966,3839.359476588687,3762.2949863878966,3800.00732421875,1068609
2024-10-01,3800.0073223042573,3813.919665088962,3733.4765601526574,3752.307861328125,774221
2024-10-03,3666.001979564067,3758.3202189389935,3627.196430103121,3651.9404296875,1597560
2024-10-04,3602.303132897351,3730.2967382520783,3602.303132897351,3647.120849609375,1542987
2024-10-07,3716.5334929372552,3724.533139050202,3530.0584983217723,3566.777099609375,2523321
2024-10-08,3566.776993075991,3572.490991184283,3458.2110290184437,3471.4775390625,1360120
2024-10-09,3495.9729955005782,3536.517585869603,3464.7696951438115,3471.57666015625,1063802
2024-10-10,3488.0231241841325,3509.4382434547297,3393.7174108343274,3425.666015625,1488328
2024-10-11,3442.3112095993424,3469.142157249222,3422.734603725351,3452.64599609375,858463
2024-10-14,3452.6460244814966,3502.9293053132096,3430.9329770498134,3475.899658203125,593206
2024-10-15,3501.8856861603062,3507.3512493892836,3455.2296994826183,3486.532470703125,578719
2024-10-16,3486.0356691492907,3488.0231467257727,3418.4614315489052,3449.267333984375,591644
2024-10-17,3465.1674186926057,3465.1674186926057,3358.9368311781277,3382.041259765625,560796
2024-10-18,3373.7432856724404,3400.922139377966,3275.4626136589245,3360.278076171875,1249585
2024-10-21,3396.5493563428595,3398.4376055596886,3314.61564385906,3342.19189453125,714746
2024-10-22,3353.768889126404,3400.0772130092096,3298.4674234344056,3308.951416015625,882086
2024-10-23,3309.150210844666,3314.1189048549436,3261.947617747032,3268.009521484375,877837
2024-10-24,3280.381476324016,3321.969299055836,3258.6681867503307,3310.04443359375,764369
2024-10-25,3311.137814804105,3321.4231088426777,3212.111836445183,3246.09765625,805013
2024-10-28,3249.525801061665,3294.2440460304033,3233.675716089591,3262.494140625,736462
2024-10-29,3265.2271598213556,3277.3507252614095,3206.795266955297,3262.842041015625,702769
2024-10-30,3240.5822495532016,3301.001617539828,3214.844511497293,3287.735107421875,895278
2024-10-31,3270.394478799884,3279.2386573130584,3233.2287437246314,3246.594482421875,1170306
2024-11-01,3283.312950601494,3296.82789514272,3261.7986029185363,3273.077392578125,176636
2024-11-04,3297.225340887599,3297.225340887599,3170.1262453165136,3201.826416015625,1122152
2024-11-05,3185.9267353653936,3238.495423192958,3165.058219631559,3210.02490234375,872402
2024-11-06,3125.3085813578323,3188.8581302210678,3094.502678012175,3157.157958984375,4522923
2024-11-07,3160.089367114235,3166.101535344512,3088.6396448208275,3101.309814453125,1608603
2024-11-08,3101.4588354195275,3172.9085590304935,3086.5527532243036,3166.30029296875,1719882
2024-11-11,3171.6171101420364,3209.826321600075,3138.4758214106737,3186.523193359375,1054929
2024-11-12,3181.6037437743908,3218.7199851368437,3165.0580897378345,3178.423828125,992983
2024-11-13,3155.120740032077,3201.429065891212,3142.4008346679693,3167.890380859375,911537
2024-11-14,3125.358206382933,3175.144373818324,3116.364821879025,3163.76611328125,1161637
2024-11-18,3163.7662697765372,3187.1191323201265,3137.730360909918,3152.437744140625,943251
2024-11-19,3172.0143106216506,3262.4445431613026,3152.4377044074477,3204.509521484375,1174506
2024-11-21,3204.80766239563,3213.7015762231313,3128.637679650474,3158.549072265625,1582159
2024-11-22,3154.9718447676346,3296.2317234504353,3132.413779070443,3287.983642578125,2207527
2024-11-25,3338.962558416016,3348.7509831990396,3277.4004847676256,3288.38134765625,1892510
2024-11-26,3289.2755857907587,3322.8142718996523,3275.06507174666,3306.666015625,721345
2024-11-27,3304.1815698280107,3309.050792991372,3259.612286796201,3271.040283203125,732835
2024-11-28,3271.3882621285984,3284.306867051949,3180.312194463782,3192.237060546875,1701387
2024-11-29,3192.2367981060647,3239.5883529066637,3192.2367981060647,3228.6572265625,1139585
2024-12-02,3228.657376769841,3289.175972936881,3201.876164503094,3286.145263671875,915980
2024-12-03,3269.400722030652,3317.7957541048727,3256.084718870228,3311.883056640625,1162310
2024-12-04,3321.075133517411,3361.8184251015564,3317.100178240909,3343.384521484375,1630076
2024-12-05,3353.8186523065224,3443.7022765763036,3332.602474887402,3419.5048828125,2383630
2024-12-06,3432.32401996727,3477.737833814034,3408.5240246441244,3448.373046875,1278516
2024-12-09,3445.7895387338663,3466.409620328308,3425.3184209254155,3446.485107421875,926422
2024-12-10,3448.2737946059306,3494.9297848895053,3414.5364093165567,3453.98779296875,1063355
2024-12-11,3462.931207769564,3468.8936404395163,3438.6343431619084,3451.354248046875,554702
2024-12-12,3448.7703269964586,3451.354144787603,3390.6366102036927,3424.17529296875,926472
2024-12-13,3398.5868225225695,3495.97322854807,3359.0857037520223,3486.880615234375,1242351
2024-12-16,3483.0544061092105,3489.0168387587555,3407.5302592149737,3416.672607421875,1295227
2024-12-17,3400.6240115967535,3427.8026230290257,3376.3271457265655,3384.77392578125,1005604
2024-12-18,3379.90428489308,3402.561577565156,3368.774459096343,3380.599853515625,646145
2024-12-19,3328.6276689015035,3378.6622732277083,3311.137768517588,3335.832275390625,732634
2024-12-20,3329.0249723580077,3397.5929494006054,3312.280376571641,3335.23583984375,1235769
2024-12-23,3356.9490777229116,3384.97246286296,3315.7584111046335,3375.680908203125,691202
2024-12-24,3364.153712912882,3397.592926182805,3317.298783353421,3332.403564453125,485245
2024-12-26,3343.930945023048,3350.7381526097242,3291.9086236180815,3302.24365234375,637094
2024-12-27,3299.06393279568,3324.0563671812492,3280.431329840628,3288.48046875,568989
2024-12-30,3289.2258399205443,3297.175750676762,3227.1171621375915,3236.955322265625,941859
2024-12-31,3229.651069854022,3255.140372791297,3210.571333594517,3232.78125,616440
2025-01-01,3227.6635818295185,3249.426364231164,3223.738362141259,3233.47705078125,357376
2025-01-02,3243.5635813458825,3379.6560672797646,3230.644976395669,3367.731201171875,1152493
2025-01-03,3373.7433659089947,3460.148909629827,3356.8000701439546,3430.03857421875,1630862
2025-01-06,3468.148275193992,3506.407217484814,3419.653775144524,3448.6708984375,2145936
2025-01-07,3468.148499431283,3554.3056070408834,3463.179805306024,3483.154052734375,2389563
2025-01-08,3465.8131540858853,3492.4951388754093,3370.066562811258,3462.23583984375,1317377
2025-01-09,3464.1238312561322,3484.4954773025356,3439.876700811562,3465.217041015625,826237
2025-01-10,3440.323780180401,3466.160989390306,3407.281964556196,3418.7099609375,570060
2025-01-13,3358.8372865434003,3445.292565812417,3331.5094683836537,3361.570068359375,1282557
2025-01-14,3378.712025018811,3407.5304511145596,3289.2755302389014,3301.697265625,1133561
2025-01-15,3301.2003097614524,3319.5844776514546,3262.4444963717183,3302.69091796875,1169593
2025-01-16,3306.16893885495,3317.9448405061344,3261.4506935142604,3296.132080078125,1170734
2025-01-17,3299.113214444294,3346.912145876464,3264.481564202768,3336.37841796875,559153
2025-01-20,3352.974367564388,3386.3638475238195,3326.5408169776497,3361.0732421875,722342
2025-01-21,3379.65607143241,3391.332502844065,3314.268007004736,3332.354248046875,1016047
2025-01-22,3333.7949983257163,3363.8058617754314,3313.7710157969796,3335.4345703125,598329
2025-01-23,3335.434737319098,3411.505495328064,3304.678568224141,3377.271240234375,713603
2025-01-24,3385.6681189355936,3426.063504436938,3359.2843050601705,3380.848388671875,564244
2025-01-27,3366.7872134702575,3380.6498218628203,3286.5428015789576,3298.567138671875,618309
2025-01-28,3298.5668887290312,3349.744435469127,3278.8908125279136,3305.07568359375,579957
2025-01-29,3318.292512248569,3353.868409380099,3288.3313848362436,3349.64501953125,570137
2025-01-30,3349.545482541319,3368.774424753964,3324.254879408856,3347.3095703125,688608
2025-01-31,3378.712042699305,3505.3640088363204,3371.159530500228,3468.39697265625,1212261
2025-02-01,3504.916783650716,3612.3895389313498,3386.661865234375,3529.76025390625,2186692
2025-02-03,3542.6788045531002,3619.7432966359775,3529.511765517945,3557.883056640625,1543897
2025-02-04,3567.5223319423576,3591.372063409382,3497.9606151635376,3575.174072265625,1279779
2025-02-05,3573.484770880986,3629.134144398599,3450.4598573321464,3469.042724609375,2165947
2025-02-06,3469.0428470030197,3482.309357666964,3376.575641297843,3389.394775390625,1059617
2025-02-07,3393.5185297697026,3432.274342954793,3366.9857523423125,3403.356689453125,740155
2025-02-10,3393.617843187824,3403.555230722781,3290.2690128242707,3306.615966796875,904436
2025-02-11,3313.820637161762,3327.037411362515,3251.1158661647555,3261.251953125,903965
2025-02-12,3262.196012013508,3296.6289640331374,3192.485332958168,3235.06689453125,774619
2025-02-13,3229.8996932584396,3257.4262108473367,3195.0690980861746,3211.26708984375,727243
2025-02-14,3216.0370765843113,3232.6324667939875,3166.499098054817,3193.13134765625,587411
2025-02-17,3175.2439591957736,3218.223163087556,3156.114486943362,3212.956298828125,712614
2025-02-18,3214.5463593343957,3223.6887078873824,3172.3124598013455,3201.677490234375,592636
2025-02-19,3199.8389248352146,3233.278138293735,3171.8155392953954,3190.19970703125,521953
2025-02-20,3189.9016774479605,3198.4974213719756,3168.1883867420183,3171.4677734375,653151
2025-02-21,3171.4677221770353,3185.876935128873,3142.450597030911,3159.989990234375,407794
2025-02-24,3111.3960291023627,3167.9894024443447,3111.3960291023627,3153.133056640625,431232
2025-02-25,3120.339838432762,3191.3921627792406,3116.9114880880966,3178.771728515625,642281
2025-02-27,3178.7717759617603,3207.788900892286,3157.0584857681015,3202.919677734375,604023
2025-02-28,3181.951579033888,3197.801664079753,3040.8406720311355,3057.982666015625,1322618
2025-03-03,3070.653035772226,3082.6773728600265,3038.6049579716905,3062.703125,516171
2025-03-04,3030.9034500509983,3050.7782267726443,2998.1100684602825,3029.412841796875,1186136
2025-03-05,3029.412798677857,3087.9936537086965,3016.692893234648,3067.224609375,579883
2025-03-06,3071.8451713167965,3112.04185517745,3027.92196714869,3101.55810546875,1399483
2025-03-07,3101.5581737477764,3105.0362594446333,3055.3988137670276,3060.069580078125,1020056
2025-03-10,3060.715488176788,3063.6967045613756,3002.184370204185,3007.8486328125,855408
2025-03-11,2996.122383345993,3036.7662018829,2991.1536895095983,3027.32568359375,576260
2025-03-12,3018.3822848157347,3034.6797475168505,2977.2913289508247,3000.0478515625,489535
2025-03-13,3000.4948182215303,3030.406452972341,2981.5145528191442,2991.302734375,785215
2025-03-17,2966.3599529965736,3017.388293081119,2966.3599529965736,2998.457763671875,632348
2025-03-18,2998.457763671875,2998.457763671875,2998.457763671875,2998.457763671875,0
2025-03-19,3068.715249639024,3075.6216860011787,3039.052048449746,3057.038818359375,730983
2025-03-20,3080.590243642106,3184.9328164106287,3060.715467876673,3173.107421875,1542807
2025-03-21,3166.995871367945,3170.026823279377,3135.1962292535436,3142.897705078125,1181974
2025-03-24,3148.363020901833,3156.064496120581,3055.7466190516743,3059.821044921875,1481216
2025-03-25,3065.6843972495903,3080.540744752754,3026.928581530714,3034.580322265625,1174346
2025-03-26,3049.73470629094,3058.479656438445,3015.550187892165,3038.3564453125,1010449
2025-03-27,3028.4686041356067,3078.304505864904,3028.4686041356067,3068.3173828125,1635143
2025-03-28,3074.627919769082,3092.3165193489804,3031.9468858241025,3044.169921875,778417
2025-04-01,3034.5801114786177,3056.442364980934,2963.329088359381,2968.248046875,1068622
2025-04-02,2992.14763611562,3085.5590867283295,2952.547046444041,3079.050048828125,1674921
2025-04-03,3051.771796842342,3131.270899332537,3048.79058049896,3107.9677734375,1115568
2025-04-04,3079.5965018573243,3095.396851530666,3030.9033012793934,3056.939208984375,901801
2025-04-07,2906.6859812046773,3028.915853234823,2906.6859812046773,3003.27734375,1378989
2025-04-08,3129.979078748573,3207.0435719228044,3081.58404726396,3102.750732421875,2830156
2025-04-09,3118.2033549683465,3168.2876928708306,3071.3484255169224,3154.27587890625,1215988
2025-04-11,3201.8266176609322,3222.247999824843,3181.2065362467592,3214.645751953125,814920
2025-04-15,3249.5259260883518,3264.4320083181146,3224.781926631751,3252.904541015625,1121769
2025-04-16,3229.6513111487525,3265.425910287631,3224.7820877552163,3251.613037109375,889943
2025-04-17,3229.6512549305035,3313.9203577354024,3191.094139118467,3306.666015625,1083612
2025-04-21,3293.250433343925,3332.503116541597,3269.4007017807826,3315.212158203125,672129
2025-04-22,3315.212239848132,3337.7700629847413,3299.312418414466,3316.50390625,609213
2025-04-23,3335.981126714822,3352.576516028624,3294.740966822458,3336.279296875,628656
2025-04-24,3335.7826316378287,3373.7434073155578,3323.0627257918186,3361.421142578125,901747
2025-04-25,3361.420838725342,3398.0897020565867,3295.237740026215,3344.129638671875,704325
2025-04-28,3334.987296223998,3376.127984061102,3330.0186023976808,3348.00537109375,384147
2025-04-29,3354.762756041738,3376.7244808163978,3332.999973118952,3357.446044921875,575435
2025-04-30,3352.8747997128708,3387.6556586310544,3333.298193358469,3358.5390625,708818
2025-05-02,3341.0494429933888,3360.32787939833,3303.1878962354126,3321.0751953125,514587
2025-05-05,3336.676836098332,3387.1588174136396,3286.2943257112825,3301.001708984375,565178
2025-05-06,3301.001456047508,3304.479541701773,3225.179140262128,3278.642333984375,650789
2025-05-07,3259.463266446497,3359.8308853218314,3239.7871896693264,3317.994384765625,1047443
2025-05-08,3328.9254237693217,3391.1335681000023,3304.1814253282073,3348.2041015625,1597339
2025-05-09,3345.9184733209445,3507.8978945123063,3333.19856841051,3488.3212890625,2863992
2025-05-12,3515.0530011695228,3562.5537665796564,3508.196300169869,3540.592041015625,956930
2025-05-13,3540.5919665485094,3565.932306614644,3517.9349154025217,3540.89013671875,996541
2025-05-14,3532.7414689267844,3587.3971034671426,3527.772774877661,3565.137451171875,588159
2025-05-15,3574.478444325862,3642.052682361491,3531.6482052320043,3614.029296875,1227751
2025-05-16,3631.121677197808,3633.0096839260373,3590.7757837396916,3610.94873046875,525064
2025-05-19,3594.3532594835547,3626.6497706622154,3588.788225127965,3595.048828125,376760
2025-05-20,3595.0487153034946,3597.334363006812,3552.7155890850377,3558.18115234375,811416
2025-05-21,3547.6475296691715,3600.415157197291,3544.964483421236,3558.081787109375,415016
2025-05-22,3542.6788328354455,3552.6162208658393,3494.085102411624,3518.8291015625,709846
2025-05-23,3508.891591589974,3583.720169380776,3500.9416814419365,3557.28662109375,416717
2025-05-26,3553.6100224313454,3617.2093069491325,3548.044987991232,3587.6953125,525514
2025-05-27,3592.3658362411784,3616.215567934066,3539.8963779944224,3566.926025390625,1019733
2025-05-28,3572.4910618249414,3579.0498350889543,3522.8041207703527,3552.318115234375,449324
2025-05-29,3557.584927196318,3577.4597033259065,3537.809621992183,3565.8330078125,513095
2025-05-30,3557.584925226354,3582.4283953745826,3519.922321526444,3532.741455078125,962944
2025-06-02,3503.028626928362,3519.8227150570397,3454.136485469813,3503.426025390625,726392
2025-06-03,3503.4259811317133,3557.584743285075,3481.5637285193466,3497.76171875,676943
2025-06-04,3484.147810184949,3497.761983638535,3464.1735626498194,3477.88720703125,410354
2025-06-05,3476.7939267990487,3512.866694132487,3452.447325948626,3482.060791015625,608651
2025-06-06,3501.9357121254207,3548.5419672085,3464.3723350223286,3537.61083984375,602422
2025-06-09,3542.48011189299,3557.5848930842412,3499.153003301126,3511.7734375,540262
2025-06-10,3522.804093182995,3522.804093182995,3484.147750390053,3502.13427734375,561695
2025-06-11,3502.929132491507,3526.7788627552786,3483.054357271697,3519.42529296875,505077
2025-06-12,3525.785390862945,3537.511557652593,3423.9271601517125,3431.08203125,811822
2025-06-13,3388.3512881402426,3419.2566632359676,3361.8185095256867,3400.474853515625,821750
2025-06-16,3389.643067637766,3432.0756661362175,3374.9356847849504,3416.573486328125,534665
2025-06-17,3406.5366447147753,3416.07663434688,3374.1406624255987,3384.376220703125,1000345
2025-06-18,3384.674296993919,3458.210966981456,3368.7744764560734,3446.08740234375,972739
2025-06-19,3457.0185976943762,3499.550667001118,3446.0874708572796,3483.451904296875,1022566
2025-06-20,3478.0857598927255,3522.8040053770605,3467.154633218777,3496.966796875,2941214
2025-06-23,3458.409903420396,3506.40753848347,3451.25503221003,3483.750244140625,643325
2025-06-24,3501.0413501564576,3544.6663875136264,3484.147790137469,3503.923095703125,968797
2025-06-25,3527.7727077623576,3642.0526687180395,3527.7727077623576,3629.332763671875,2697912
2025-06-26,3632.11526904136,3677.3303838816832,3621.1841423766664,3671.566650390625,1620497
2025-06-27,3676.833536939239,3685.876657007326,3636.587115791661,3643.2451171875,601285
2025-06-30,3643.2452388562297,3675.3430514892466,3629.134196035887,3667.094970703125,921775
2025-07-01,3675.8399581507147,3703.1677761688666,3644.040315365956,3677.33056640625,947173
2025-07-02,3681.8022308843424,3698.596319454098,3665.902410184167,3684.783447265625,583514
2025-07-03,3678.821155491903,3689.6528117142107,3649.2076897805046,3655.6669921875,528710
2025-07-04,3643.04662888068,3666.9958322419175,3622.277583933235,3663.815673828125,629926
2025-07-07,3652.486799218665,3672.858443725258,3625.0595124966953,3643.145751953125,829472
2025-07-08,3570.0856562336476,3570.0856562336476,3423.765721700407,3430.045166015625,3952270
2025-07-09,3430.045106416105,3450.1789926462607,3409.4128554607373,3420.875244140625,1868271
2025-07-10,3420.8752996231224,3433.733012405282,3402.8343989409673,3408.615478515625,496586
2025-07-11,3396.853860604248,3411.0073696883373,3346.0206602254875,3350.605712890625,856956
2025-07-14,3360.971693038927,3398.8474119996263,3333.063268541569,3393.564697265625,755781
2025-07-15,3406.821243022511,3410.808160802526,3376.6202921704703,3403.8310546875,686088
2025-07-16,3405.824467658351,3411.007412034061,3377.4176788587424,3406.12353515625,669532
2025-07-17,3407.219874166674,3436.7231633934557,3405.326185537628,3422.0712890625,559482
2025-07-18,3432.736185058154,3432.736185058154,3380.906254273304,3391.7705078125,293360
2025-07-21,3379.909579714012,3427.8523638052948,3354.193911123252,3421.772216796875,561799
2025-07-22,3438.716570753606,3478.5857483855316,3419.081049438312,3461.043212890625,1752275
2025-07-23,3461.0431161316833,3470.5120455545466,3432.736098141243,3460.04638671875,584590
2025-07-24,3456.059506048824,3478.386391142719,3446.6903468038554,3473.00390625,630718
2025-07-25,3465.0299831876705,3468.61830635869,3435.726236212185,3451.474609375,624410
2025-07-28,3441.7068440971075,3451.2755443020064,3370.9390520522493,3381.903076171875,603916
2025-07-29,3378.9126754372433,3385.88978125673,3344.6252813183346,3368.14794921875,511042
2025-07-30,3368.9455843699097,3382.4014321181326,3334.3591206780934,3365.45703125,443735
2025-07-31,3329.076365403816,3353.496236946449,3304.656493861183,3336.3525390625,553157
2025-08-01,3329.076291442061,3336.352464939091,3296.1842202990706,3305.15478515625,422977
2025-08-04,3304.1580243689627,3353.994495324754,3297.280688713921,3345.322998046875,450434
2025-08-05,3345.323053090916,3431.739446481727,3337.0501501077033,3407.0205078125,837335
2025-08-06,3425.759143986966,3451.0759748599594,3388.8801540749737,3406.522216796875,635456
2025-08-07,3368.945373525441,3425.758949351166,3366.652847235975,3404.528564453125,509599
2025-08-08,3438.816235602496,3478.3863445205566,3391.969953321262,3448.883056640625,2184271
2025-08-11,3461.6412787114637,3475.894558098457,3391.6709220342127,3456.557861328125,563586
2025-08-12,3456.5579079205527,3522.4418208655648,3448.783613006621,3475.396240234375,929276
2025-08-13,3475.3962587141527,3483.4696211697365,3451.8733466024055,3455.461669921875,360474
2025-08-14,3465.1298366173446,3494.334057359091,3452.770489117713,3477.987548828125,597987
2025-08-18,3484.566088944574,3563.108416734523,3482.0742653683837,3543.173828125,1253006
2025-08-19,3543.373166892668,3565.600282121353,3533.405872471029,3556.430419921875,537433
2025-08-20,3548.356900317281,3591.116497088175,3540.383064586231,3583.242431640625,517031
2025-08-21,3583.2422709000216,3613.1441535500912,3576.4644621642437,3604.47265625,673486
2025-08-22,3604.472646961157,3629.4904093752903,3595.900676620036,3609.1572265625,691835
2025-08-25,3617.828783588623,3657.5984340728096,3603.6752742720814,3639.457763671875,700503
2025-08-26,3650.820639572976,3660.7879339677133,3577.361728552188,3582.24560546875,960778
2025-08-28,3540.4825995873557,3638.9592696478444,3540.4825995873557,3625.802490234375,989246
2025-08-29,3625.802679553231,3630.0886648660667,3591.8143512389356,3616.931884765625,660956
2025-09-01,3619.1244840534064,3641.4511254779923,3598.5917608912955,3606.76513671875,297533
2025-09-02,3602.180277273507,3643.843617472107,3594.3062118570588,3608.7587890625,536300
2025-09-03,3593.2096473714037,3685.805715427277,3578.258705704116,3678.52978515625,791874
2025-09-04,3727.7680476939026,3727.7680476939026,3664.7747967328514,3679.028076171875,635811
2025-09-05,3682.915315982362,3687.89896322997,3648.0297852491053,3653.3125,454120
2025-09-08,3641.0527296363493,3671.5527485518783,3628.0952466127324,3646.036376953125,548987
2025-09-09,3655.8041892599585,3655.8041892599585,3607.3630424567327,3618.2275390625,428367
2025-09-10,3620.121407597503,3636.7667409518913,3596.3991977228993,3608.7587890625,408800
2025-09-11,3608.1605009725913,3632.0820070563877,3568.2913241662645,3572.4775390625,495417
2025-09-12,3578.158903277064,3586.431806260404,3552.2439379532498,3560.2177734375,275049
2025-09-15,3544.3697806402656,3564.802733537658,3503.503874845482,3522.54150390625,362285
2025-09-16,3513.471192223468,3558.623083447279,3490.546415650095,3545.167236328125,724742
2025-09-17,3550.250460707766,3561.0151872242204,3501.709786117043,3511.477783203125,659866
2025-09-18,3518.4549541328097,3534.402625313015,3491.941853458858,3499.816162109375,829442
2025-09-19,3492.5400445342584,3499.8162182954693,3448.6839480846274,3455.8603515625,2337255
2025-09-22,3446.889556441614,3465.628117797587,3428.7491300614606,3446.19189453125,817833
2025-09-23,3453.8668702125237,3453.966640495214,3393.863805491645,3427.951904296875,1144975
2025-09-24,3418.7820473401257,3426.1577480062724,3399.844187602673,3407.120361328125,690454
2025-09-25,3396.853958163756,3408.71494125593,3358.978239146672,3367.450439453125,1139904
2025-09-26,3376.620330576102,3390.873610470201,3292.2971645749917,3316.41796875,7524068
2025-09-29,3316.1188950217547,3406.8212753785265,3316.1188950217547,3390.076171875,1452636
2025-09-30,3440.7100398282037,3463.1364523125994,3344.0272837843636,3355.988037109375,1733728
2025-10-01,3358.978289084472,3403.7313446199823,3340.0404292943817,3397.153076171875,798754
2025-10-03,3368.8457717179963,3447.6871685732563,3366.952083099294,3442.005859375,1655328
2025-10-06,3442.0059196398147,3447.9862964462977,3389.8769198082055,3414.197021484375,1184781
2025-10-07,3413.7983166424383,3434.6298645078646,3399.844104545214,3407.0205078125,996165
2025-10-08,3462.637965399901,3568.291282709167,3448.6837536798093,3553.9384765625,4531362
2025-10-09,3548.15741075332,3550.0510992999293,3514.8665023755325,3538.987548828125,597739
2025-10-10,3537.2930333936433,3560.018513429724,3511.7769055826234,3520.3486328125,825274
2025-10-13,3506.4941364382357,3533.4058310612695,3498.0219362791327,3522.043212890625,606122
2025-10-14,3521.4450542783966,3537.791319491826,3495.031724547749,3525.83056640625,925998
2025-10-15,3521.3453807646406,3550.2505348490877,3499.5171031204873,3537.392822265625,1005045
2025-10-16,3537.39283911406,3640.0559730753866,3528.422274010643,3628.394287109375,1528118
2025-10-17,3623.1113711876196,3702.8497232357654,3621.1179123864163,3662.78125,1123500
2025-10-20,3667.964418391396,3737.635710414741,3664.1767977691916,3724.977294921875,707974
2025-10-21,3724.977087539126,3733.7483549805997,3706.836661017846,3716.803955078125,156306
2025-10-23,3752.6862289816786,3787.571758334762,3726.0736024007547,3759.96240234375,1622402
2025-10-24,3762.6535350740623,3768.6339115536503,3693.9789758369843,3702.75,563296
2025-10-27,3701.853179164865,3741.622586903039,3697.8662613628567,3727.56884765625,856124
2025-10-28,3737.7353326460347,3757.6699210868137,3676.037878758682,3704.84326171875,1482961
2025-10-29,3721.9870331577913,3741.2239600542875,3702.0524443204167,3736.041015625,789557
2025-10-30,3732.751796263028,3761.5571800775697,3707.933330254909,3738.43310546875,544151
2025-10-31,3746.606095098244,3770.6273713006426,3727.2696418130463,3734.446044921875,900994
2025-11-03,3717.800859647688,3749.6962021433246,3655.3059716137295,3712.31884765625,1119367
2025-11-04,3712.318670800743,3814.4834348649333,3702.8497414484523,3801.027587890625,2524600
2025-11-06,3767.6372020024396,3825.148440782567,3749.2974780385443,3762.055419921875,927231
2025-11-07,3753.6831562143093,3779.598122242342,3723.7812723358097,3756.972412109375,728998
2025-11-10,3775.6110703104455,3802.5227648453933,3756.972278689855,3790.56201171875,599567
2025-11-11,3798.037463778186,3807.5063932902954,3739.828562851129,3799.93115234375,668789
2025-11-12,3825.4476296786647,3864.320078234545,3791.758125595138,3838.5048828125,805025
2025-11-13,3847.3755753682763,3855.2496404784156,3804.516210150443,3826.6435546875,668623
2025-11-14,3826.6435637916693,3842.092869895319,3787.5718189592553,3816.67626953125,575050
2025-11-17,3835.4147864927622,3861.628818759101,3809.001457011978,3855.947509765625,504928
2025-11-18,3852.3591862977646,3887.2447157985207,3829.0358153398306,3866.5126953125,849966
2025-11-19,3870.2005607956366,3927.612272623836,3849.7676077214614,3920.236572265625,1578123
2025-11-20,3937.0813827128363,3943.061759496704,3882.2612621940502,3889.636962890625,762391
2025-11-21,3888.2414227641843,3912.16292856945,3869.403334279394,3891.430908203125,383311
2025-11-24,3902.6941103839763,3924.3230904973966,3852.3592738179204,3861.62890625,1258036
2025-11-25,3861.728382425328,3895.6171828362085,3832.424634701013,3842.49169921875,680366
2025-11-26,3832.4245575268214,3901.6972510894,3830.929463421154,3884.9521484375,364592
2025-11-27,3887.842814821566,3914.156373779023,3862.4262149918322,3890.533935546875,542241
2025-11-28,3893.4245835384017,3922.030670486257,3883.7563564062066,3894.919677734375,574817
2025-12-01,3894.919562382681,3897.90975068607,3848.671413960456,3882.161376953125,603073
2025-12-02,3862.3265819678354,3886.8462235411876,3854.851111164027,3873.09130859375,661018
2025-12-03,3857.3429490214967,3867.310243463413,3773.5179054281234,3805.313720703125,770638
2025-12-04,3792.555511736211,3817.4737476871715,3765.6438169091734,3787.970458984375,776693
2025-12-05,3764.6470423054793,3815.480243035577,3764.6470423054793,3800.828369140625,508448
2025-12-08,3783.8839078816613,3812.489993280462,3745.8088930877857,3754.6796875,545864
2025-12-09,3762.6536424081337,3861.329857136188,3738.732135807393,3836.41162109375,1121068
2025-12-10,3818.470440522837,3845.581432309177,3813.088198945881,3833.122314453125,616248
2025-12-11,3817.8722920720056,3843.1893654715554,3764.647038115413,3832.225341796875,669180
2025-12-12,3832.225396672013,3882.0618686341904,3819.3674409004825,3867.509521484375,547866
2025-12-15,3848.6712990350775,3863.721767040758,3837.408208093544,3853.55517578125,332337
2025-12-16,3837.4082057344685,3924.62202859207,3815.480158844557,3916.648193359375,1560827
2025-12-17,3917.14671453145,3922.8280236932565,3877.2775367754043,3895.118896484375,601010
2025-12-18,3887.2447628556924,3911.1662690886506,3877.377238871455,3906.481689453125,516547
2025-12-19,3906.1825441414267,3948.942138344164,3900.2021677023226,3917.246337890625,730780
2025-12-22,3927.1140000415817,3937.8787266796685,3904.2889931650016,3920.934326171875,569521
2025-12-23,3920.9342846674235,3943.360696866818,3903.591046561271,3912.96044921875,445656
2025-12-24,3912.9604398704737,3922.1303019461116,3887.2447719415086,3896.514404296875,399227
2025-12-26,3896.1155354546045,3993.7950186886505,3887.2447409467372,3978.94384765625,1113050
2025-12-29,3996.8849305657486,4018.513910075195,3964.989589473952,3970.6708984375,1242846
2025-12-30,3968.976604250397,3980.438992735801,3941.1679503922314,3961.1025390625,1169570
